candidate_identity_key,apple_collection_id,status,old_track_count,old_tracks_with_apple_id,old_tracks_missing_apple_id,apple_track_count,track_count_delta,old_track_sources,error_message
album||myth takes,214222721,rebuilt_from_apple_song_tracklist,10,10,0,10,0,"{""apple_music_catalog_album_tracks"":10}",
album|100 gecs|10 000 gecs,1655225317,rebuilt_from_apple_song_tracklist,10,10,0,10,0,"{""apple_music_catalog_album_tracks"":10}",
album|100 gecs|1000 gecs,1497364061,rebuilt_from_apple_song_tracklist,10,10,0,10,0,"{""apple_music_catalog_album_tracks"":10}",
album|13th floor elevators|easter everywhere,558701367,rebuilt_from_apple_song_tracklist,21,21,0,21,0,"{""apple_music_catalog_album_tracks"":21}",
album|13th floor elevators|psychedelic sounds of the 13th floor elevators,558685692,rebuilt_from_apple_song_tracklist,27,27,0,27,0,"{""apple_music_catalog_album_tracks"":27}",
album|20 20|20 20,848221451,rebuilt_from_apple_song_tracklist,12,12,0,12,0,"{""apple_music_catalog_album_tracks"":12}",
album|21 savage and metro boomin|savage mode ii,1534263780,rebuilt_from_apple_song_tracklist,15,15,0,15,0,"{""apple_music_catalog_album_tracks"":15}",
album|2pac|all eyez on me,1588492978,rebuilt_from_apple_song_tracklist,27,27,0,27,0,"{""apple_music_catalog_album_tracks"":27}",
album|2pac|me against the world,1440509542,rebuilt_from_apple_song_tracklist,15,15,0,15,0,"{""apple_music_catalog_album_tracks"":15}",
album|3 doors down|better life,1440664882,rebuilt_from_apple_song_tracklist,11,11,0,11,0,"{""apple_music_catalog_album_tracks"":11}",
album|4 non blondes|bigger better faster more,1440902342,rebuilt_from_apple_song_tracklist,11,11,0,11,0,"{""apple_music_catalog_album_tracks"":11}",
album|50 cent|get rich or die tryin,1440841450,rebuilt_from_apple_song_tracklist,19,19,0,19,0,"{""apple_music_catalog_album_tracks"":19}",
album|6lack|free 6lack,1440897757,rebuilt_from_apple_song_tracklist,14,14,0,14,0,"{""apple_music_catalog_album_tracks"":14}",
album|7 seconds|crew,1565631542,rebuilt_from_apple_song_tracklist,18,18,0,18,0,"{""apple_music_catalog_album_tracks"":18}",
album|8ball and mjg|comin out hard,962220541,rebuilt_from_apple_song_tracklist,11,11,0,11,0,"{""apple_music_catalog_album_tracks"":11}",
album|a ap rocky|long live a ap,1450690198,rebuilt_from_apple_song_tracklist,17,17,0,17,0,"{""apple_music_catalog_album_tracks"":17}",
album|a day to remember|homesick,1558595736,rebuilt_from_apple_song_tracklist,12,12,0,12,0,"{""apple_music_catalog_album_tracks"":12}",
album|a g cook|britpop,1743823674,rebuilt_from_apple_song_tracklist,24,24,0,24,0,"{""apple_music_catalog_album_tracks"":24}",
album|a ha|hunting high and low,1037562339,rebuilt_from_apple_song_tracklist,10,10,0,10,0,"{""apple_music_catalog_album_tracks"":10}",
album|a r kane|69,1698316344,rebuilt_from_apple_song_tracklist,10,10,0,10,0,"{""apple_music_catalog_album_tracks"":10}",
album|a taste of honey|a taste of honey,716553965,rebuilt_from_apple_song_tracklist,9,9,0,9,0,"{""apple_music_catalog_album_tracks"":9}",
album|a tribe called quest|low end theory,278911460,rebuilt_from_apple_song_tracklist,14,14,0,14,0,"{""apple_music_catalog_album_tracks"":14}",
album|a tribe called quest|midnight marauders,265670545,rebuilt_from_apple_song_tracklist,14,14,0,14,0,"{""apple_music_catalog_album_tracks"":14}",
album|a tribe called quest|people s instinctive travels and the paths of rhythm,1806751228,rebuilt_from_apple_song_tracklist,20,20,0,20,0,"{""apple_music_catalog_album_tracks"":20}",
album|aaliyah|one in a million,1769721510,rebuilt_from_apple_song_tracklist,18,18,0,18,0,"{""apple_music_catalog_album_tracks"":18}",
album|abba|arrival,1440820126,rebuilt_from_apple_song_tracklist,12,12,0,12,0,"{""apple_music_catalog_album_tracks"":12}",
album|abba|gold greatest hits,1422648512,rebuilt_from_apple_song_tracklist,19,19,0,19,0,"{""apple_music_catalog_album_tracks"":19}",
album|above the law|livin like hustlers,193866697,rebuilt_from_apple_song_tracklist,10,10,0,10,0,"{""apple_music_catalog_album_tracks"":10}",
album|ac dc|back in black,574050396,rebuilt_from_apple_song_tracklist,10,10,0,10,0,"{""apple_music_catalog_album_tracks"":10}",
album|ac dc|highway to hell,574043989,rebuilt_from_apple_song_tracklist,10,10,0,10,0,"{""apple_music_catalog_album_tracks"":10}",
album|accept|restless and wild,192486525,rebuilt_from_apple_song_tracklist,10,10,0,10,0,"{""apple_music_catalog_album_tracks"":10}",
album|adam and the ants|kings of the wild frontier,1108061200,rebuilt_from_apple_song_tracklist,39,39,0,39,0,"{""apple_music_catalog_album_tracks"":39}",
album|adele|21,1544491232,rebuilt_from_apple_song_tracklist,12,12,0,12,0,"{""apple_music_catalog_album_tracks"":12}",
album|adele|25,1544494115,rebuilt_from_apple_song_tracklist,11,11,0,11,0,"{""apple_music_catalog_album_tracks"":11}",
album|adrianne lenker|songs,1526437437,rebuilt_from_apple_song_tracklist,11,11,0,11,0,"{""apple_music_catalog_album_tracks"":11}",
album|adverts|crossing the red sea with the adverts,1668347179,rebuilt_from_apple_song_tracklist,25,25,0,25,0,"{""apple_music_catalog_album_tracks"":25}",
album|aerosmith|rocks,1658654048,rebuilt_from_apple_song_tracklist,9,9,0,9,0,"{""apple_music_catalog_album_tracks"":9}",
album|aerosmith|toys in the attic,1883816624,rebuilt_from_apple_song_tracklist,9,9,0,9,0,"{""apple_music_catalog_album_tracks"":9}",
album|aesop rock|labor days,1623688022,rebuilt_from_apple_song_tracklist,14,14,0,14,0,"{""apple_music_catalog_album_tracks"":14}",
album|agnostic front|victim in pain,1609512833,rebuilt_from_apple_song_tracklist,11,11,0,11,0,"{""apple_music_catalog_album_tracks"":11}",
album|aimee mann|bachelor no 2,551473502,rebuilt_from_apple_song_tracklist,13,13,0,13,0,"{""apple_music_catalog_album_tracks"":13}",
album|aimee mann|lost in space,551715559,rebuilt_from_apple_song_tracklist,11,11,0,11,0,"{""apple_music_catalog_album_tracks"":11}",
album|air supply|lost in love,913765043,rebuilt_from_apple_song_tracklist,10,10,0,10,0,"{""apple_music_catalog_album_tracks"":10}",
album|air|moon safari,693063670,rebuilt_from_apple_song_tracklist,10,10,0,10,0,"{""apple_music_catalog_album_tracks"":10}",
album|airplay|airplay,399222307,rebuilt_from_apple_song_tracklist,10,10,0,10,0,"{""apple_music_catalog_album_tracks"":10}",
album|al green|call me,1196508713,rebuilt_from_apple_song_tracklist,9,9,0,9,0,"{""apple_music_catalog_album_tracks"":9}",
album|al green|i m still in love with you,1133378411,rebuilt_from_apple_song_tracklist,9,9,0,9,0,"{""apple_music_catalog_album_tracks"":9}",
album|alabama|mountain music,286004566,rebuilt_from_apple_song_tracklist,10,10,0,10,0,"{""apple_music_catalog_album_tracks"":10}",
album|alan jackson|a lot about livin and a little bout love,258626620,rebuilt_from_apple_song_tracklist,10,10,0,10,0,"{""apple_music_catalog_album_tracks"":10}",
album|alan jackson|don t rock the jukebox,250107577,rebuilt_from_apple_song_tracklist,10,10,0,10,0,"{""apple_music_catalog_album_tracks"":10}",
album|alan silvestri|back to the future,1440871200,rebuilt_from_apple_song_tracklist,24,24,0,24,0,"{""apple_music_catalog_album_tracks"":24}",
album|alanis morissette|jagged little pill,1715762264,rebuilt_from_apple_song_tracklist,12,12,0,12,0,"{""apple_music_catalog_album_tracks"":12}",
album|ali farka toure and ry cooder|talking timbuktu,1528519970,rebuilt_from_apple_song_tracklist,10,10,0,10,0,"{""apple_music_catalog_album_tracks"":10}",
album|alice cooper|billion dollar babies,40458482,rebuilt_from_apple_song_tracklist,10,10,0,10,0,"{""apple_music_catalog_album_tracks"":10}",
album|alice in chains|dirt,157316517,rebuilt_from_apple_song_tracklist,13,13,0,13,0,"{""apple_music_catalog_album_tracks"":13}",
album|alice in chains|facelift,274953009,rebuilt_from_apple_song_tracklist,12,12,0,12,0,"{""apple_music_catalog_album_tracks"":12}",
album|alice in chains|jar of flies,268435274,rebuilt_from_apple_song_tracklist,7,7,0,7,0,"{""apple_music_catalog_album_tracks"":7}",
album|alicia keys|songs in a minor,256936779,rebuilt_from_apple_song_tracklist,16,16,0,16,0,"{""apple_music_catalog_album_tracks"":16}",
album|alkaline trio|from here to infirmary,1435174439,rebuilt_from_apple_song_tracklist,12,12,0,12,0,"{""apple_music_catalog_album_tracks"":12}",
album|all american rejects|all american rejects,1459936723,rebuilt_from_apple_song_tracklist,11,11,0,11,0,"{""apple_music_catalog_album_tracks"":11}",
album|allman brothers band|at fillmore east,1440833569,rebuilt_from_apple_song_tracklist,7,7,0,7,0,"{""apple_music_catalog_album_tracks"":7}",
album|allman brothers band|brothers and sisters,1469578954,rebuilt_from_apple_song_tracklist,7,7,0,7,0,"{""apple_music_catalog_album_tracks"":7}",
album|allman brothers band|eat a peach,1469584912,rebuilt_from_apple_song_tracklist,9,9,0,9,0,"{""apple_music_catalog_album_tracks"":9}",
album|alt j|an awesome wave,558262493,rebuilt_from_apple_song_tracklist,14,14,0,14,0,"{""apple_music_catalog_album_tracks"":14}",
album|amadou and mariam|dimanche a bamako,56371957,rebuilt_from_apple_song_tracklist,15,15,0,15,0,"{""apple_music_catalog_album_tracks"":15}",
album|amboy dukes|journey to the center of the mind,422781364,rebuilt_from_apple_song_tracklist,18,18,0,18,0,"{""apple_music_catalog_album_tracks"":18}",
album|america|hearts,150058873,rebuilt_from_apple_song_tracklist,12,12,0,12,0,"{""apple_music_catalog_album_tracks"":12}",
album|american aquarium|burn flicker die,1503740063,rebuilt_from_apple_song_tracklist,11,11,0,11,0,"{""apple_music_catalog_album_tracks"":11}",
album|american football|american football,1651333864,rebuilt_from_apple_song_tracklist,9,9,0,9,0,"{""apple_music_catalog_album_tracks"":9}",
album|amy grant|heart in motion,1440832797,rebuilt_from_apple_song_tracklist,11,11,0,11,0,"{""apple_music_catalog_album_tracks"":11}",
album|amyl and the sniffers|comfort to me,1574728155,rebuilt_from_apple_song_tracklist,13,13,0,13,0,"{""apple_music_catalog_album_tracks"":13}",
album|andrae crouch|live in london,305503778,rebuilt_from_apple_song_tracklist,25,25,0,25,0,"{""apple_music_catalog_album_tracks"":25}",
album|andrea bocelli|romanza,1440840332,rebuilt_from_apple_song_tracklist,15,15,0,15,0,"{""apple_music_catalog_album_tracks"":15}",
album|andrea bocelli|sogno,1740784216,rebuilt_from_apple_song_tracklist,14,14,0,14,0,"{""apple_music_catalog_album_tracks"":14}",
album|angel olsen|all mirrors,1472009368,rebuilt_from_apple_song_tracklist,11,11,0,11,0,"{""apple_music_catalog_album_tracks"":11}",
album|angel olsen|big time,1612533349,rebuilt_from_apple_song_tracklist,10,10,0,10,0,"{""apple_music_catalog_album_tracks"":10}",
album|angel witch|angel witch,1444755676,rebuilt_from_apple_song_tracklist,30,30,0,30,0,"{""apple_music_catalog_album_tracks"":30}",
album|angie stone|black diamond,1534248450,rebuilt_from_apple_song_tracklist,15,15,0,15,0,"{""apple_music_catalog_album_tracks"":15}",
album|animal collective|merriweather post pavilion,300683110,rebuilt_from_apple_song_tracklist,12,12,0,12,0,"{""apple_music_catalog_album_tracks"":12}",
album|animals|animals,1440781967,rebuilt_from_apple_song_tracklist,13,13,0,13,0,"{""apple_music_catalog_album_tracks"":13}",
album|anita baker|giving you the best that i got,300205037,rebuilt_from_apple_song_tracklist,8,8,0,8,0,"{""apple_music_catalog_album_tracks"":8}",
album|anita baker|rapture,1018520424,rebuilt_from_apple_song_tracklist,8,8,0,8,0,"{""apple_music_catalog_album_tracks"":8}",
album|ann peebles|i can t stand the rain,1074125635,rebuilt_from_apple_song_tracklist,10,10,0,10,0,"{""apple_music_catalog_album_tracks"":10}",
album|annette funicello|annette s beach party,1444177635,rebuilt_from_apple_song_tracklist,12,12,0,12,0,"{""apple_music_catalog_album_tracks"":12}",
album|anoushka shankar|rise,716185449,rebuilt_from_apple_song_tracklist,9,9,0,9,0,"{""apple_music_catalog_album_tracks"":9}",
album|anthony hamilton|comin from where i m from,298423959,rebuilt_from_apple_song_tracklist,12,12,0,12,0,"{""apple_music_catalog_album_tracks"":12}",
album|anthrax|among the living,1440824574,rebuilt_from_apple_song_tracklist,9,9,0,9,0,"{""apple_music_catalog_album_tracks"":9}",
album|aphex twin|richard d james album,281111401,rebuilt_from_apple_song_tracklist,10,10,0,10,0,"{""apple_music_catalog_album_tracks"":10}",
album|aphex twin|selected ambient works 85 92,1668862636,rebuilt_from_apple_song_tracklist,13,13,0,13,0,"{""apple_music_catalog_album_tracks"":13}",
album|apples in stereo|fun trick noisemaker,303379240,rebuilt_from_apple_song_tracklist,13,13,0,13,0,"{""apple_music_catalog_album_tracks"":13}",
album|arcade fire|funeral,1249417623,rebuilt_from_apple_song_tracklist,10,10,0,10,0,"{""apple_music_catalog_album_tracks"":10}",
album|arcade fire|neon bible,1252615522,rebuilt_from_apple_song_tracklist,11,11,0,11,0,"{""apple_music_catalog_album_tracks"":11}",
album|archers of loaf|icky mettle,1839155231,rebuilt_from_apple_song_tracklist,27,27,0,27,0,"{""apple_music_catalog_album_tracks"":27}",
album|architects|classic symptoms of a broken spirit,1630014304,rebuilt_from_apple_song_tracklist,11,11,0,11,0,"{""apple_music_catalog_album_tracks"":11}",
album|architects|for those that wish to exist,1533388849,rebuilt_from_apple_song_tracklist,15,15,0,15,0,"{""apple_music_catalog_album_tracks"":15}",
album|architects|lost forever lost together,1485067251,rebuilt_from_apple_song_tracklist,11,11,0,11,0,"{""apple_music_catalog_album_tracks"":11}",
album|arctic monkeys|am,663097964,rebuilt_from_apple_song_tracklist,12,12,0,12,0,"{""apple_music_catalog_album_tracks"":12}",
album|arctic monkeys|favourite worst nightmare,251499221,rebuilt_from_apple_song_tracklist,12,12,0,12,0,"{""apple_music_catalog_album_tracks"":12}",
album|arctic monkeys|whatever people say i am that s what i m not,111153953,rebuilt_from_apple_song_tracklist,13,13,0,13,0,"{""apple_music_catalog_album_tracks"":13}",
album|aretha franklin|amazing grace,1628093959,rebuilt_from_apple_song_tracklist,14,14,0,14,0,"{""apple_music_catalog_album_tracks"":14}",
album|aretha franklin|i never loved a man the way i love you,937107826,rebuilt_from_apple_song_tracklist,11,11,0,11,0,"{""apple_music_catalog_album_tracks"":11}",
album|aretha franklin|lady soul,933585548,rebuilt_from_apple_song_tracklist,10,10,0,10,0,"{""apple_music_catalog_album_tracks"":10}",
album|ariana grande|eternal sunshine,1725913366,rebuilt_from_apple_song_tracklist,13,13,0,13,0,"{""apple_music_catalog_album_tracks"":13}",
album|ariana grande|sweetener,1399202900,rebuilt_from_apple_song_tracklist,15,15,0,15,0,"{""apple_music_catalog_album_tracks"":15}",
album|ariana grande|thank u next,1450333975,rebuilt_from_apple_song_tracklist,12,12,0,12,0,"{""apple_music_catalog_album_tracks"":12}",
album|arlo guthrie|alice s restaurant,41229184,rebuilt_from_apple_song_tracklist,7,7,0,7,0,"{""apple_music_catalog_album_tracks"":7}",
album|art blakey and the jazz messengers|moanin,1459438950,rebuilt_from_apple_song_tracklist,6,6,0,6,0,"{""apple_music_catalog_album_tracks"":6}",
album|as i lay dying|an ocean between us,259908993,rebuilt_from_apple_song_tracklist,12,12,0,12,0,"{""apple_music_catalog_album_tracks"":12}",
album|asake|mr money with the vibe,1636748658,rebuilt_from_apple_song_tracklist,12,12,0,12,0,"{""apple_music_catalog_album_tracks"":12}",
album|asking alexandria|stand up and scream,1817143440,rebuilt_from_apple_song_tracklist,13,13,0,13,0,"{""apple_music_catalog_album_tracks"":13}",
album|aso|two seven,1513588851,rebuilt_from_apple_song_tracklist,7,7,0,7,0,"{""apple_music_catalog_album_tracks"":7}",
album|association|birthday,140777219,rebuilt_from_apple_song_tracklist,11,11,0,11,0,"{""apple_music_catalog_album_tracks"":11}",
album|association|insight out,943108295,rebuilt_from_apple_song_tracklist,11,11,0,11,0,"{""apple_music_catalog_album_tracks"":11}",
album|at the drive in|relationship of command,516380108,rebuilt_from_apple_song_tracklist,13,13,0,13,0,"{""apple_music_catalog_album_tracks"":13}",
album|at the gates|slaughter of the soul,913728923,rebuilt_from_apple_song_tracklist,11,11,0,11,0,"{""apple_music_catalog_album_tracks"":11}",
album|ataris|so long astoria,197887813,rebuilt_from_apple_song_tracklist,15,15,0,15,0,"{""apple_music_catalog_album_tracks"":15}",
album|atlanta rhythm section|champagne jam,1443498683,rebuilt_from_apple_song_tracklist,8,8,0,8,0,"{""apple_music_catalog_album_tracks"":8}",
album|atreyu|curse,1440946545,rebuilt_from_apple_song_tracklist,13,13,0,13,0,"{""apple_music_catalog_album_tracks"":13}",
album|autechre|amber,281074742,rebuilt_from_apple_song_tracklist,11,11,0,11,0,"{""apple_music_catalog_album_tracks"":11}",
album|autechre|tri repetae,281109010,rebuilt_from_apple_song_tracklist,10,10,0,10,0,"{""apple_music_catalog_album_tracks"":10}",
album|avenged sevenfold|city of evil,156740116,rebuilt_from_apple_song_tracklist,11,11,0,11,0,"{""apple_music_catalog_album_tracks"":11}",
album|avenged sevenfold|waking the fallen,898356710,rebuilt_from_apple_song_tracklist,27,23,4,23,-4,"{""apple_music_catalog_album_tracks"":27}",
album|aventura|we broke the rules,211280098,rebuilt_from_apple_song_tracklist,10,10,0,10,0,"{""apple_music_catalog_album_tracks"":10}",
album|avett brothers|i and love and you,1440812083,rebuilt_from_apple_song_tracklist,13,13,0,13,0,"{""apple_music_catalog_album_tracks"":13}",
album|avicii|true,1440824514,rebuilt_from_apple_song_tracklist,9,9,0,9,0,"{""apple_music_catalog_album_tracks"":9}",
album|ayra starr|19 and dangerous,1576666385,rebuilt_from_apple_song_tracklist,11,11,0,11,0,"{""apple_music_catalog_album_tracks"":11}",
album|b 52 s|b 52 s,983126000,rebuilt_from_apple_song_tracklist,9,9,0,9,0,"{""apple_music_catalog_album_tracks"":9}",
album|baaba maal|nomad soul,3097806,rebuilt_from_apple_song_tracklist,11,11,0,11,0,"{""apple_music_catalog_album_tracks"":11}",
album|babes in toyland|fontanelle,300957229,rebuilt_from_apple_song_tracklist,15,15,0,15,0,"{""apple_music_catalog_album_tracks"":15}",
album|babymetal|metal resistance,1830273195,rebuilt_from_apple_song_tracklist,12,12,0,12,0,"{""apple_music_catalog_album_tracks"":12}",
album|backstreet boys|black and blue,303171231,rebuilt_from_apple_song_tracklist,13,13,0,13,0,"{""apple_music_catalog_album_tracks"":13}",
album|backstreet boys|millennium,283567119,rebuilt_from_apple_song_tracklist,12,12,0,12,0,"{""apple_music_catalog_album_tracks"":12}",
album|bad brains|rock for light,1302287380,rebuilt_from_apple_song_tracklist,20,20,0,20,0,"{""apple_music_catalog_album_tracks"":20}",
album|bad bunny|un verano sin ti,1622045624,rebuilt_from_apple_song_tracklist,23,23,0,23,0,"{""apple_music_catalog_album_tracks"":23}",
album|bad bunny|yhlqmdlg,1500776322,rebuilt_from_apple_song_tracklist,20,20,0,20,0,"{""apple_music_catalog_album_tracks"":20}",
album|bad company|bad company,978942690,rebuilt_from_apple_song_tracklist,8,8,0,8,0,"{""apple_music_catalog_album_tracks"":8}",
album|bad omens|death of peace of mind,1817382334,rebuilt_from_apple_song_tracklist,15,15,0,15,0,"{""apple_music_catalog_album_tracks"":15}",
album|bad religion|recipe for hate,1485011076,rebuilt_from_apple_song_tracklist,14,14,0,14,0,"{""apple_music_catalog_album_tracks"":14}",
album|bad religion|stranger than fiction,1485011728,rebuilt_from_apple_song_tracklist,17,17,0,17,0,"{""apple_music_catalog_album_tracks"":17}",
album|badfinger|no dice,771772437,rebuilt_from_apple_song_tracklist,19,19,0,19,0,"{""apple_music_catalog_album_tracks"":19}",
album|badfinger|straight up,771784195,rebuilt_from_apple_song_tracklist,18,18,0,18,0,"{""apple_music_catalog_album_tracks"":18}",
album|band|music from big pink,1440814725,rebuilt_from_apple_song_tracklist,11,11,0,11,0,"{""apple_music_catalog_album_tracks"":11}",
album|barry manilow|barry manilow ii,177409903,rebuilt_from_apple_song_tracklist,12,12,0,12,0,"{""apple_music_catalog_album_tracks"":12}",
album|barry white|can t get enough,1431053185,rebuilt_from_apple_song_tracklist,7,7,0,7,0,"{""apple_music_catalog_album_tracks"":7}",
album|basement jaxx|remedy,1540691197,rebuilt_from_apple_song_tracklist,15,15,0,15,0,"{""apple_music_catalog_album_tracks"":15}",
album|basement jaxx|rooty,298596947,rebuilt_from_apple_song_tracklist,13,13,0,13,0,"{""apple_music_catalog_album_tracks"":13}",
album|basic channel|bcd,47297384,rebuilt_from_apple_song_tracklist,11,11,0,11,0,"{""apple_music_catalog_album_tracks"":11}",
album|bathory|under the sign of the black mark,1438969117,rebuilt_from_apple_song_tracklist,10,10,0,10,0,"{""apple_music_catalog_album_tracks"":10}",
album|bauhaus|in the flat field,1025316248,rebuilt_from_apple_song_tracklist,18,18,0,18,0,"{""apple_music_catalog_album_tracks"":18}",
album|be bop deluxe|axe victim,1772323082,rebuilt_from_apple_song_tracklist,10,10,0,10,0,"{""apple_music_catalog_album_tracks"":10}",
album|be bop deluxe|futurama,1769042441,rebuilt_from_apple_song_tracklist,9,9,0,9,0,"{""apple_music_catalog_album_tracks"":9}",
album|beach boys|all summer long,1443160899,rebuilt_from_apple_song_tracklist,12,12,0,12,0,"{""apple_music_catalog_album_tracks"":12}",
album|beach boys|friends,1443088446,rebuilt_from_apple_song_tracklist,12,12,0,12,0,"{""apple_music_catalog_album_tracks"":12}",
album|beach boys|little deuce coupe,1443137734,rebuilt_from_apple_song_tracklist,12,12,0,12,0,"{""apple_music_catalog_album_tracks"":12}",
album|beach boys|pet sounds,1440841241,rebuilt_from_apple_song_tracklist,13,13,0,13,0,"{""apple_music_catalog_album_tracks"":13}",
album|beach boys|surfer girl,1442921264,rebuilt_from_apple_song_tracklist,12,12,0,12,0,"{""apple_music_catalog_album_tracks"":12}",
album|beach boys|surfin safari,1442871699,rebuilt_from_apple_song_tracklist,12,12,0,12,0,"{""apple_music_catalog_album_tracks"":12}",
album|beach boys|surfin u s a,1443101236,rebuilt_from_apple_song_tracklist,12,12,0,12,0,"{""apple_music_catalog_album_tracks"":12}",
album|beach house|teen dream,349535407,rebuilt_from_apple_song_tracklist,12,12,0,12,0,"{""apple_music_catalog_album_tracks"":12}",
album|beartooth|disgusting,872815920,rebuilt_from_apple_song_tracklist,12,12,0,12,0,"{""apple_music_catalog_album_tracks"":12}",
album|beartooth|surface,1692844946,rebuilt_from_apple_song_tracklist,11,11,0,11,0,"{""apple_music_catalog_album_tracks"":11}",
album|beastie boys|licensed to ill,1440912031,rebuilt_from_apple_song_tracklist,13,13,0,13,0,"{""apple_music_catalog_album_tracks"":13}",
album|beat happening|you turn me on,1649380863,rebuilt_from_apple_song_tracklist,9,9,0,9,0,"{""apple_music_catalog_album_tracks"":9}",
album|beat|beat,855019687,rebuilt_from_apple_song_tracklist,13,13,0,13,0,"{""apple_music_catalog_album_tracks"":13}",
album|beatles|a hard day s night,1441164416,rebuilt_from_apple_song_tracklist,14,13,1,13,-1,"{""apple_music_catalog_album_tracks"":14}",
album|beatles|magical mystery tour,1441163490,rebuilt_from_apple_song_tracklist,12,11,1,11,-1,"{""apple_music_catalog_album_tracks"":12}",
album|beatles|revolver,1441164670,rebuilt_from_apple_song_tracklist,15,14,1,14,-1,"{""apple_music_catalog_album_tracks"":15}",
album|beatles|rubber soul,1441164359,rebuilt_from_apple_song_tracklist,15,14,1,14,-1,"{""apple_music_catalog_album_tracks"":15}",
album|beatles|sgt pepper s lonely hearts club band,1441164604,rebuilt_from_apple_song_tracklist,14,13,1,13,-1,"{""apple_music_catalog_album_tracks"":14}",
album|beatles|with the beatles,1441164362,rebuilt_from_apple_song_tracklist,15,14,1,14,-1,"{""apple_music_catalog_album_tracks"":15}",
album|beau brummels|bradley s barn,63606568,rebuilt_from_apple_song_tracklist,11,11,0,11,0,"{""apple_music_catalog_album_tracks"":11}",
album|beau brummels|introducing the beau brummels,40286494,rebuilt_from_apple_song_tracklist,12,12,0,12,0,"{""apple_music_catalog_album_tracks"":12}",
album|beau brummels|triangle,68091978,rebuilt_from_apple_song_tracklist,11,11,0,11,0,"{""apple_music_catalog_album_tracks"":11}",
album|bebel gilberto|tanto tempo,275982175,rebuilt_from_apple_song_tracklist,11,11,0,11,0,"{""apple_music_catalog_album_tracks"":11}",
album|bee gees|horizontal,1444171490,rebuilt_from_apple_song_tracklist,12,12,0,12,0,"{""apple_music_catalog_album_tracks"":12}",
album|bee gees|idea,1443382585,rebuilt_from_apple_song_tracklist,13,13,0,13,0,"{""apple_music_catalog_album_tracks"":13}",
album|bee gees|spirits having flown,1423191432,rebuilt_from_apple_song_tracklist,10,10,0,10,0,"{""apple_music_catalog_album_tracks"":10}",
album|behemoth|satanist,765742794,rebuilt_from_apple_song_tracklist,9,9,0,9,0,"{""apple_music_catalog_album_tracks"":9}",
album|beirut|gulag orkestar,1309594825,rebuilt_from_apple_song_tracklist,11,11,0,11,0,"{""apple_music_catalog_album_tracks"":11}",
album|belly|star,358058146,rebuilt_from_apple_song_tracklist,15,15,0,15,0,"{""apple_music_catalog_album_tracks"":15}",
album|ben e king|don t play that song,68211636,rebuilt_from_apple_song_tracklist,12,12,0,12,0,"{""apple_music_catalog_album_tracks"":12}",
album|ben folds five|whatever and ever amen,158714886,rebuilt_from_apple_song_tracklist,12,12,0,12,0,"{""apple_music_catalog_album_tracks"":12}",
album|ben folds|rockin the suburbs,190084442,rebuilt_from_apple_song_tracklist,12,12,0,12,0,"{""apple_music_catalog_album_tracks"":12}",
album|ben howard|every kingdom,1440804636,rebuilt_from_apple_song_tracklist,11,11,0,11,0,"{""apple_music_catalog_album_tracks"":11}",
album|benson boone|fireworks and rollerblades,1736051351,rebuilt_from_apple_song_tracklist,15,15,0,15,0,"{""apple_music_catalog_album_tracks"":15}",
album|bethel music|we will not be shaken,1748138640,rebuilt_from_apple_song_tracklist,11,11,0,11,0,"{""apple_music_catalog_album_tracks"":11}",
album|beths|future me hates me,1583598359,rebuilt_from_apple_song_tracklist,10,10,0,10,0,"{""apple_music_catalog_album_tracks"":10}",
album|beyonce|b day,296790269,rebuilt_from_apple_song_tracklist,15,13,2,13,-2,"{""apple_music_catalog_album_tracks"":15}",
album|beyonce|i am sasha fierce,296016891,rebuilt_from_apple_song_tracklist,12,12,0,12,0,"{""apple_music_catalog_album_tracks"":12}",
album|beyonce|lemonade,1460430561,rebuilt_from_apple_song_tracklist,13,13,0,13,0,"{""apple_music_catalog_album_tracks"":13}",
album|big black|atomizer,1120138003,rebuilt_from_apple_song_tracklist,10,10,0,10,0,"{""apple_music_catalog_album_tracks"":10}",
album|big black|songs about fucking,443085887,rebuilt_from_apple_song_tracklist,13,13,0,13,0,"{""apple_music_catalog_album_tracks"":13}",
album|big brother and the holding company|cheap thrills,203773381,rebuilt_from_apple_song_tracklist,11,11,0,11,0,"{""apple_music_catalog_album_tracks"":11}",
album|big daddy kane|long live the kane,442164816,rebuilt_from_apple_song_tracklist,10,10,0,10,0,"{""apple_music_catalog_album_tracks"":10}",
album|big joe turner|boss of the blues,1834652998,rebuilt_from_apple_song_tracklist,10,10,0,10,0,"{""apple_music_catalog_album_tracks"":10}",
album|big l|lifestylez ov da poor and dangerous,171028409,rebuilt_from_apple_song_tracklist,12,12,0,12,0,"{""apple_music_catalog_album_tracks"":12}",
album|big pun|capital punishment,253530902,rebuilt_from_apple_song_tracklist,24,24,0,24,0,"{""apple_music_catalog_album_tracks"":24}",
album|big star|1 record,1422691834,rebuilt_from_apple_song_tracklist,12,12,0,12,0,"{""apple_music_catalog_album_tracks"":12}",
album|big star|radio city,1442997142,rebuilt_from_apple_song_tracklist,12,12,0,12,0,"{""apple_music_catalog_album_tracks"":12}",
album|big thief|dragon new warm mountain i believe in you,1591284600,rebuilt_from_apple_song_tracklist,20,20,0,20,0,"{""apple_music_catalog_album_tracks"":20}",
album|bigbang|made,1313175579,rebuilt_from_apple_song_tracklist,11,11,0,11,0,"{""apple_music_catalog_album_tracks"":11}",
album|bikini kill|pussy whipped,540503667,rebuilt_from_apple_song_tracklist,12,12,0,12,0,"{""apple_music_catalog_album_tracks"":12}",
album|bilal|1st born second,1443567239,rebuilt_from_apple_song_tracklist,17,17,0,17,0,"{""apple_music_catalog_album_tracks"":17}",
album|bill evans trio|waltz for debby,1440747830,rebuilt_from_apple_song_tracklist,10,10,0,10,0,"{""apple_music_catalog_album_tracks"":10}",
album|bill haley and his comets|rock around the clock,1445775117,rebuilt_from_apple_song_tracklist,12,12,0,12,0,"{""apple_music_catalog_album_tracks"":12}",
album|bill labounty|bill labounty,390695258,rebuilt_from_apple_song_tracklist,10,10,0,10,0,"{""apple_music_catalog_album_tracks"":10}",
album|bill labounty|this night won t last forever,82347322,rebuilt_from_apple_song_tracklist,10,10,0,10,0,"{""apple_music_catalog_album_tracks"":10}",
album|billie eilish|when we all fall asleep where do we go,1450695723,rebuilt_from_apple_song_tracklist,14,14,0,14,0,"{""apple_music_catalog_album_tracks"":14}",
album|billie holiday|lady in satin,1689286255,rebuilt_from_apple_song_tracklist,11,11,0,11,0,"{""apple_music_catalog_album_tracks"":11}",
album|billy bragg and wilco|mermaid avenue,1679829563,rebuilt_from_apple_song_tracklist,15,15,0,15,0,"{""apple_music_catalog_album_tracks"":15}",
album|billy idol|rebel yell,1440901660,rebuilt_from_apple_song_tracklist,9,9,0,9,0,"{""apple_music_catalog_album_tracks"":9}",
album|billy joe shaver|old five and dimers like me,922126529,rebuilt_from_apple_song_tracklist,13,13,0,13,0,"{""apple_music_catalog_album_tracks"":13}",
album|billy joel|52nd street,259573387,rebuilt_from_apple_song_tracklist,9,9,0,9,0,"{""apple_music_catalog_album_tracks"":9}",
album|billy joel|an innocent man,259814641,rebuilt_from_apple_song_tracklist,10,10,0,10,0,"{""apple_music_catalog_album_tracks"":10}",
album|billy joel|piano man,158617297,rebuilt_from_apple_song_tracklist,10,10,0,10,0,"{""apple_music_catalog_album_tracks"":10}",
album|billy joel|stranger,158617952,rebuilt_from_apple_song_tracklist,9,9,0,9,0,"{""apple_music_catalog_album_tracks"":9}",
album|billy ray cyrus|some gave all,1440756021,rebuilt_from_apple_song_tracklist,10,10,0,10,0,"{""apple_music_catalog_album_tracks"":10}",
album|bing crosby|bing his legendary years 1931 1957,1445743386,rebuilt_from_apple_song_tracklist,101,101,0,101,0,"{""apple_music_catalog_album_tracks"":101}",
album|bing crosby|merry christmas,1425234668,rebuilt_from_apple_song_tracklist,12,12,0,12,0,"{""apple_music_catalog_album_tracks"":12}",
album|bjork|homogenic,20833577,rebuilt_from_apple_song_tracklist,10,10,0,10,0,"{""apple_music_catalog_album_tracks"":10}",
album|black box|dreamland,690357437,rebuilt_from_apple_song_tracklist,9,9,0,9,0,"{""apple_music_catalog_album_tracks"":9}",
album|black country new road|ants from up there,1586070259,rebuilt_from_apple_song_tracklist,10,10,0,10,0,"{""apple_music_catalog_album_tracks"":10}",
album|black crowes|shake your money maker,1440810644,rebuilt_from_apple_song_tracklist,10,10,0,10,0,"{""apple_music_catalog_album_tracks"":10}",
album|black crowes|southern harmony and musical companion,1444056030,rebuilt_from_apple_song_tracklist,10,10,0,10,0,"{""apple_music_catalog_album_tracks"":10}",
album|black eyed peas|e n d,1440768902,rebuilt_from_apple_song_tracklist,15,15,0,15,0,"{""apple_music_catalog_album_tracks"":15}",
album|black flag|damaged,117018235,rebuilt_from_apple_song_tracklist,15,15,0,15,0,"{""apple_music_catalog_album_tracks"":15}",
album|black flag|my war,117618702,rebuilt_from_apple_song_tracklist,9,9,0,9,0,"{""apple_music_catalog_album_tracks"":9}",
album|black keys|brothers,1052966893,rebuilt_from_apple_song_tracklist,15,15,0,15,0,"{""apple_music_catalog_album_tracks"":15}",
album|black midi|schlagenheim,1463962813,rebuilt_from_apple_song_tracklist,9,9,0,9,0,"{""apple_music_catalog_album_tracks"":9}",
album|black moon|enta da stage,1500489652,rebuilt_from_apple_song_tracklist,13,13,0,13,0,"{""apple_music_catalog_album_tracks"":13}",
album|black sabbath|black sabbath,787645011,rebuilt_from_apple_song_tracklist,5,5,0,5,0,"{""apple_music_catalog_album_tracks"":5}",
album|black sabbath|heaven and hell,298099519,rebuilt_from_apple_song_tracklist,8,8,0,8,0,"{""apple_music_catalog_album_tracks"":8}",
album|black sabbath|master of reality,785239139,rebuilt_from_apple_song_tracklist,8,8,0,8,0,"{""apple_music_catalog_album_tracks"":8}",
album|black sabbath|paranoid,785232473,rebuilt_from_apple_song_tracklist,8,8,0,8,0,"{""apple_music_catalog_album_tracks"":8}",
album|black sabbath|vol 4,785242007,rebuilt_from_apple_song_tracklist,10,10,0,10,0,"{""apple_music_catalog_album_tracks"":10}",
album|black sheep|a wolf in sheep s clothing,1440723017,rebuilt_from_apple_song_tracklist,22,22,0,22,0,"{""apple_music_catalog_album_tracks"":22}",
album|black star|mos def and talib kweli are black star,1440799801,rebuilt_from_apple_song_tracklist,13,13,0,13,0,"{""apple_music_catalog_album_tracks"":13}",
album|blackberry smoke|whippoorwill,926373999,rebuilt_from_apple_song_tracklist,13,13,0,13,0,"{""apple_music_catalog_album_tracks"":13}",
album|blackfoot|strikes,78982159,rebuilt_from_apple_song_tracklist,10,10,0,10,0,"{""apple_music_catalog_album_tracks"":10}",
album|blackpink|album,1533894050,rebuilt_from_apple_song_tracklist,8,8,0,8,0,"{""apple_music_catalog_album_tracks"":8}",
album|blink 182|enema of the state,1444118632,rebuilt_from_apple_song_tracklist,12,12,0,12,0,"{""apple_music_catalog_album_tracks"":12}",
album|blink 182|take off your pants and jacket,1443271610,rebuilt_from_apple_song_tracklist,13,13,0,13,0,"{""apple_music_catalog_album_tracks"":13}",
album|bloc party|a weekend in the city,268052107,rebuilt_from_apple_song_tracklist,14,13,1,13,-1,"{""apple_music_catalog_album_tracks"":14}",
album|bloc party|silent alarm,50232347,rebuilt_from_apple_song_tracklist,14,14,0,14,0,"{""apple_music_catalog_album_tracks"":14}",
album|blondie|blondie,724506061,rebuilt_from_apple_song_tracklist,16,16,0,16,0,"{""apple_music_catalog_album_tracks"":16}",
album|blondie|eat to the beat,1444083914,rebuilt_from_apple_song_tracklist,12,12,0,12,0,"{""apple_music_catalog_album_tracks"":12}",
album|blondie|parallel lines,1440929735,rebuilt_from_apple_song_tracklist,12,12,0,12,0,"{""apple_music_catalog_album_tracks"":12}",
album|blondshell|blondshell,1783172294,rebuilt_from_apple_song_tracklist,9,9,0,9,0,"{""apple_music_catalog_album_tracks"":9}",
album|blue cheer|vincebus eruptum,1443920355,rebuilt_from_apple_song_tracklist,6,6,0,6,0,"{""apple_music_catalog_album_tracks"":6}",
album|bo diddley|bo diddley,1469574409,rebuilt_from_apple_song_tracklist,12,12,0,12,0,"{""apple_music_catalog_album_tracks"":12}",
album|bo diddley|go bo diddley,1449758009,rebuilt_from_apple_song_tracklist,12,12,0,12,0,"{""apple_music_catalog_album_tracks"":12}",
album|boards of canada|music has the right to children,281116024,rebuilt_from_apple_song_tracklist,18,18,0,18,0,"{""apple_music_catalog_album_tracks"":18}",
album|bob dylan|blonde on blonde,178049863,rebuilt_from_apple_song_tracklist,14,14,0,14,0,"{""apple_music_catalog_album_tracks"":14}",
album|bob dylan|bringing it all back home,177964575,rebuilt_from_apple_song_tracklist,11,11,0,11,0,"{""apple_music_catalog_album_tracks"":11}",
album|bob dylan|freewheelin bob dylan,190758914,rebuilt_from_apple_song_tracklist,13,13,0,13,0,"{""apple_music_catalog_album_tracks"":13}",
album|bob dylan|highway 61 revisited,201281514,rebuilt_from_apple_song_tracklist,9,9,0,9,0,"{""apple_music_catalog_album_tracks"":9}",
album|bob dylan|john wesley harding,181457097,rebuilt_from_apple_song_tracklist,12,12,0,12,0,"{""apple_music_catalog_album_tracks"":12}",
album|bob james|touchdown,1415654981,rebuilt_from_apple_song_tracklist,5,5,0,5,0,"{""apple_music_catalog_album_tracks"":5}",
album|bob marley and the wailers|legend,1469575763,rebuilt_from_apple_song_tracklist,16,16,0,16,0,"{""apple_music_catalog_album_tracks"":16}",
album|bob seger|night moves,1440877183,rebuilt_from_apple_song_tracklist,9,9,0,9,0,"{""apple_music_catalog_album_tracks"":9}",
album|bobby blue bland|two steps from the blues,1469576135,rebuilt_from_apple_song_tracklist,14,14,0,14,0,"{""apple_music_catalog_album_tracks"":14}",
album|bobby brown|bobby,1423319055,rebuilt_from_apple_song_tracklist,14,14,0,14,0,"{""apple_music_catalog_album_tracks"":14}",
album|bobby brown|don t be cruel,1440773569,rebuilt_from_apple_song_tracklist,11,11,0,11,0,"{""apple_music_catalog_album_tracks"":11}",
album|bobby vee|bobby vee meets the crickets,1443502474,rebuilt_from_apple_song_tracklist,14,14,0,14,0,"{""apple_music_catalog_album_tracks"":14}",
album|bobby vee|take good care of my baby,1371782056,rebuilt_from_apple_song_tracklist,12,12,0,12,0,"{""apple_music_catalog_album_tracks"":12}",
album|bon iver|bon iver bon iver,438685974,rebuilt_from_apple_song_tracklist,10,10,0,10,0,"{""apple_music_catalog_album_tracks"":10}",
album|bon iver|for emma forever ago,947059824,rebuilt_from_apple_song_tracklist,9,9,0,9,0,"{""apple_music_catalog_album_tracks"":9}",
album|bon jovi|new jersey,1440826305,rebuilt_from_apple_song_tracklist,12,12,0,12,0,"{""apple_music_catalog_album_tracks"":12}",
album|bon jovi|slippery when wet,1422954626,rebuilt_from_apple_song_tracklist,10,10,0,10,0,"{""apple_music_catalog_album_tracks"":10}",
album|bone thugs n harmony|e 1999 eternal,1168167172,rebuilt_from_apple_song_tracklist,15,15,0,15,0,"{""apple_music_catalog_album_tracks"":15}",
album|bonobo|black sands,416292276,rebuilt_from_apple_song_tracklist,12,12,0,12,0,"{""apple_music_catalog_album_tracks"":12}",
album|boogie down productions|by all means necessary,1472441105,rebuilt_from_apple_song_tracklist,14,14,0,14,0,"{""apple_music_catalog_album_tracks"":14}",
album|boogie down productions|criminal minded,1094407338,rebuilt_from_apple_song_tracklist,10,10,0,10,0,"{""apple_music_catalog_album_tracks"":10}",
album|boris|pink,1580076290,rebuilt_from_apple_song_tracklist,11,11,0,11,0,"{""apple_music_catalog_album_tracks"":11}",
album|boston|boston,913902091,rebuilt_from_apple_song_tracklist,8,8,0,8,0,"{""apple_music_catalog_album_tracks"":8}",
album|bottle rockets|brooklyn side,1843592620,rebuilt_from_apple_song_tracklist,20,20,0,20,0,"{""apple_music_catalog_album_tracks"":20}",
album|bowling for soup|a hangover you don t deserve,271371083,rebuilt_from_apple_song_tracklist,19,19,0,19,0,"{""apple_music_catalog_album_tracks"":19}",
album|boygenius|record,1666138312,rebuilt_from_apple_song_tracklist,12,12,0,12,0,"{""apple_music_catalog_album_tracks"":12}",
album|boyz ii men|cooleyhighharmony,1440776595,rebuilt_from_apple_song_tracklist,17,17,0,17,0,"{""apple_music_catalog_album_tracks"":17}",
album|boyz ii men|ii,1440925670,rebuilt_from_apple_song_tracklist,13,13,0,13,0,"{""apple_music_catalog_album_tracks"":13}",
album|boz scaggs|silk degrees,1696326925,rebuilt_from_apple_song_tracklist,10,10,0,10,0,"{""apple_music_catalog_album_tracks"":10}",
album|brand new|deja entendu,1440928946,rebuilt_from_apple_song_tracklist,11,11,0,11,0,"{""apple_music_catalog_album_tracks"":11}",
album|brand nubian|one for all,1604628301,rebuilt_from_apple_song_tracklist,16,16,0,16,0,"{""apple_music_catalog_album_tracks"":16}",
album|brandi carlile|story,250112717,rebuilt_from_apple_song_tracklist,13,13,0,13,0,"{""apple_music_catalog_album_tracks"":13}",
album|bravery|bravery,1443794045,rebuilt_from_apple_song_tracklist,11,11,0,11,0,"{""apple_music_catalog_album_tracks"":11}",
album|breaking benjamin|phobia,1440871686,rebuilt_from_apple_song_tracklist,13,13,0,13,0,"{""apple_music_catalog_album_tracks"":13}",
album|breeders|last splash,1251495447,rebuilt_from_apple_song_tracklist,15,15,0,15,0,"{""apple_music_catalog_album_tracks"":15}",
album|brenda lee|all the way,1391385661,rebuilt_from_apple_song_tracklist,12,12,0,12,0,"{""apple_music_catalog_album_tracks"":12}",
album|brenda lee|brenda lee,1391378779,rebuilt_from_apple_song_tracklist,12,12,0,12,0,"{""apple_music_catalog_album_tracks"":12}",
album|brent faiyaz|fuck the world,1488013862,rebuilt_from_apple_song_tracklist,10,10,0,10,0,"{""apple_music_catalog_album_tracks"":10}",
album|brian eno|music for airports,724435863,rebuilt_from_apple_song_tracklist,4,4,0,4,0,"{""apple_music_catalog_album_tracks"":4}",
album|bring me the horizon|sempiternal,598282638,rebuilt_from_apple_song_tracklist,11,11,0,11,0,"{""apple_music_catalog_album_tracks"":11}",
album|bring me the horizon|that s the spirit,1022197503,rebuilt_from_apple_song_tracklist,11,11,0,11,0,"{""apple_music_catalog_album_tracks"":11}",
album|britney spears|baby one more time,268284599,rebuilt_from_apple_song_tracklist,11,11,0,11,0,"{""apple_music_catalog_album_tracks"":11}",
album|britney spears|oops i did it again,267954486,rebuilt_from_apple_song_tracklist,12,12,0,12,0,"{""apple_music_catalog_album_tracks"":12}",
album|broken social scene|you forgot it in people,1442853882,rebuilt_from_apple_song_tracklist,13,13,0,13,0,"{""apple_music_catalog_album_tracks"":13}",
album|bronski beat|age of consent,1760177641,rebuilt_from_apple_song_tracklist,10,10,0,10,0,"{""apple_music_catalog_album_tracks"":10}",
album|brooks and dunn|brand new man,291896481,rebuilt_from_apple_song_tracklist,10,10,0,10,0,"{""apple_music_catalog_album_tracks"":10}",
album|brooks and dunn|hard workin man,258626076,rebuilt_from_apple_song_tracklist,11,11,0,11,0,"{""apple_music_catalog_album_tracks"":11}",
album|bruce springsteen|born to run,310730204,rebuilt_from_apple_song_tracklist,8,8,0,8,0,"{""apple_music_catalog_album_tracks"":8}",
album|bryson tiller|trapsoul,1031334412,rebuilt_from_apple_song_tracklist,14,14,0,14,0,"{""apple_music_catalog_album_tracks"":14}",
album|bsd u|late night bumps,1828927475,rebuilt_from_apple_song_tracklist,5,5,0,5,0,"{""apple_music_catalog_album_tracks"":5}",
album|bts|be,1596532185,rebuilt_from_apple_song_tracklist,8,8,0,8,0,"{""apple_music_catalog_album_tracks"":8}",
album|bts|love yourself tear,1598660934,rebuilt_from_apple_song_tracklist,11,11,0,11,0,"{""apple_music_catalog_album_tracks"":11}",
album|bts|map of the soul 7,1599362484,rebuilt_from_apple_song_tracklist,20,20,0,20,0,"{""apple_music_catalog_album_tracks"":20}",
album|buck owens|carnegie hall concert,1468587509,rebuilt_from_apple_song_tracklist,16,16,0,16,0,"{""apple_music_catalog_album_tracks"":16}",
album|buddy holly and the crickets|chirping crickets,1469585360,rebuilt_from_apple_song_tracklist,12,12,0,12,0,"{""apple_music_catalog_album_tracks"":12}",
album|buddy holly|buddy holly,1434877624,rebuilt_from_apple_song_tracklist,17,17,0,17,0,"{""apple_music_catalog_album_tracks"":17}",
album|buena vista social club|buena vista social club presents ibrahim ferrer,1743961194,rebuilt_from_apple_song_tracklist,11,11,0,11,0,"{""apple_music_catalog_album_tracks"":11}",
album|buena vista social club|buena vista social club,1716598034,rebuilt_from_apple_song_tracklist,14,14,0,14,0,"{""apple_music_catalog_album_tracks"":14}",
album|buffalo springfield|buffalo springfield again,384584309,rebuilt_from_apple_song_tracklist,10,10,0,10,0,"{""apple_music_catalog_album_tracks"":10}",
album|buffalo springfield|buffalo springfield,265611980,rebuilt_from_apple_song_tracklist,12,12,0,12,0,"{""apple_music_catalog_album_tracks"":12}",
album|buffy sainte marie|it s my way,714339518,rebuilt_from_apple_song_tracklist,13,13,0,13,0,"{""apple_music_catalog_album_tracks"":13}",
album|built to spill|perfect from now on,77815682,rebuilt_from_apple_song_tracklist,8,8,0,8,0,"{""apple_music_catalog_album_tracks"":8}",
album|built to spill|there s nothing wrong with love,41757310,rebuilt_from_apple_song_tracklist,13,13,0,13,0,"{""apple_music_catalog_album_tracks"":13}",
album|bullet for my valentine|poison,362420407,rebuilt_from_apple_song_tracklist,13,13,0,13,0,"{""apple_music_catalog_album_tracks"":13}",
album|bullet for my valentine|scream aim fire,272198989,rebuilt_from_apple_song_tracklist,11,11,0,11,0,"{""apple_music_catalog_album_tracks"":11}",
album|burial|untrue,893175779,rebuilt_from_apple_song_tracklist,13,13,0,13,0,"{""apple_music_catalog_album_tracks"":13}",
album|burna boy|african giant,1471446047,rebuilt_from_apple_song_tracklist,19,19,0,19,0,"{""apple_music_catalog_album_tracks"":19}",
album|burna boy|love damini,1749165462,rebuilt_from_apple_song_tracklist,19,19,0,19,0,"{""apple_music_catalog_album_tracks"":19}",
album|burna boy|twice as tall,1527514852,rebuilt_from_apple_song_tracklist,15,15,0,15,0,"{""apple_music_catalog_album_tracks"":15}",
album|bush|sixteen stone,1440946044,rebuilt_from_apple_song_tracklist,12,12,0,12,0,"{""apple_music_catalog_album_tracks"":12}",
album|butthole surfers|locust abortion technician,1687089932,rebuilt_from_apple_song_tracklist,11,11,0,11,0,"{""apple_music_catalog_album_tracks"":11}",
album|butthole surfers|psychic powerless another mans sac,1685695367,rebuilt_from_apple_song_tracklist,10,10,0,10,0,"{""apple_music_catalog_album_tracks"":10}",
album|buzzcocks|another music in a different kitchen,1251622089,rebuilt_from_apple_song_tracklist,15,15,0,15,0,"{""apple_music_catalog_album_tracks"":15}",
album|buzzcocks|singles going steady,1458533505,rebuilt_from_apple_song_tracklist,16,16,0,16,0,"{""apple_music_catalog_album_tracks"":16}",
album|byrds|fifth dimension,275689785,rebuilt_from_apple_song_tracklist,17,17,0,17,0,"{""apple_music_catalog_album_tracks"":17}",
album|byrds|notorious byrd brothers,257558067,rebuilt_from_apple_song_tracklist,17,17,0,17,0,"{""apple_music_catalog_album_tracks"":17}",
album|byrds|sweetheart of the rodeo,170506766,rebuilt_from_apple_song_tracklist,19,19,0,19,0,"{""apple_music_catalog_album_tracks"":19}",
album|byrds|turn turn turn,155655951,rebuilt_from_apple_song_tracklist,18,18,0,18,0,"{""apple_music_catalog_album_tracks"":18}",
album|byrds|younger than yesterday,648526404,rebuilt_from_apple_song_tracklist,17,17,0,17,0,"{""apple_music_catalog_album_tracks"":17}",
album|calvin harris|18 months,1713469222,rebuilt_from_apple_song_tracklist,15,15,0,15,0,"{""apple_music_catalog_album_tracks"":15}",
album|calvin harris|motion,922876176,rebuilt_from_apple_song_tracklist,15,15,0,15,0,"{""apple_music_catalog_album_tracks"":15}",
album|cam ron|come home with me,1443849805,rebuilt_from_apple_song_tracklist,15,15,0,15,0,"{""apple_music_catalog_album_tracks"":15}",
album|camel|mirage,1443266362,rebuilt_from_apple_song_tracklist,9,9,0,9,0,"{""apple_music_catalog_album_tracks"":9}",
album|camila cabello|camila,1321216767,rebuilt_from_apple_song_tracklist,11,11,0,11,0,"{""apple_music_catalog_album_tracks"":11}",
album|camper van beethoven|our beloved revolutionary sweetheart,712300527,rebuilt_from_apple_song_tracklist,14,14,0,14,0,"{""apple_music_catalog_album_tracks"":14}",
album|camper van beethoven|telephone free landslide victory,1852630617,rebuilt_from_apple_song_tracklist,24,24,0,24,0,"{""apple_music_catalog_album_tracks"":24}",
album|candlebox|candlebox,300983126,rebuilt_from_apple_song_tracklist,11,11,0,11,0,"{""apple_music_catalog_album_tracks"":11}",
album|candlemass|epicus doomicus metallicus,1189441000,rebuilt_from_apple_song_tracklist,13,13,0,13,0,"{""apple_music_catalog_album_tracks"":13}",
album|cannibal corpse|tomb of the mutilated,56585354,rebuilt_from_apple_song_tracklist,10,10,0,10,0,"{""apple_music_catalog_album_tracks"":10}",
album|cannibal ox|cold vein,1660711417,rebuilt_from_apple_song_tracklist,30,30,0,30,0,"{""apple_music_catalog_album_tracks"":30}",
album|capone n noreaga|war report,1604624690,rebuilt_from_apple_song_tracklist,20,20,0,20,0,"{""apple_music_catalog_album_tracks"":20}",
album|captain beefheart and his magic band|safe as milk,290334563,rebuilt_from_apple_song_tracklist,19,19,0,19,0,"{""apple_music_catalog_album_tracks"":19}",
album|carcass|heartwork,57664464,rebuilt_from_apple_song_tracklist,10,10,0,10,0,"{""apple_music_catalog_album_tracks"":10}",
album|cardi b|invasion of privacy,1368105671,rebuilt_from_apple_song_tracklist,13,13,0,13,0,"{""apple_music_catalog_album_tracks"":13}",
album|caribou|swim,1246357659,rebuilt_from_apple_song_tracklist,9,9,0,9,0,"{""apple_music_catalog_album_tracks"":9}",
album|carin leon|colmillo de leche,1738490788,rebuilt_from_apple_song_tracklist,18,18,0,18,0,"{""apple_music_catalog_album_tracks"":18}",
album|carl craig|more songs about food and revolutionary art,1216983837,rebuilt_from_apple_song_tracklist,16,16,0,16,0,"{""apple_music_catalog_album_tracks"":16}",
album|carl perkins|dance album of carl perkins,1890333382,rebuilt_from_apple_song_tracklist,12,12,0,12,0,"{""apple_music_catalog_album_tracks"":12}",
album|carla thomas|carla,63607628,rebuilt_from_apple_song_tracklist,11,11,0,11,0,"{""apple_music_catalog_album_tracks"":11}",
album|carly simon|no secrets,1057307808,rebuilt_from_apple_song_tracklist,10,10,0,10,0,"{""apple_music_catalog_album_tracks"":10}",
album|carole king|tapestry,747087657,rebuilt_from_apple_song_tracklist,12,12,0,12,0,"{""apple_music_catalog_album_tracks"":12}",
album|caroline polachek|desire i want to turn into you,1669095245,rebuilt_from_apple_song_tracklist,12,12,0,12,0,"{""apple_music_catalog_album_tracks"":12}",
album|caroline polachek|pang,1482421639,rebuilt_from_apple_song_tracklist,14,14,0,14,0,"{""apple_music_catalog_album_tracks"":14}",
album|carrie underwood|some hearts,214695525,rebuilt_from_apple_song_tracklist,14,14,0,14,0,"{""apple_music_catalog_album_tracks"":14}",
album|cars|candy o,1088527319,rebuilt_from_apple_song_tracklist,11,11,0,11,0,"{""apple_music_catalog_album_tracks"":11}",
album|cars|cars,1088527349,rebuilt_from_apple_song_tracklist,9,9,0,9,0,"{""apple_music_catalog_album_tracks"":9}",
album|cars|heartbeat city,1088528654,rebuilt_from_apple_song_tracklist,10,10,0,10,0,"{""apple_music_catalog_album_tracks"":10}",
album|casting crowns|casting crowns,269440887,rebuilt_from_apple_song_tracklist,10,10,0,10,0,"{""apple_music_catalog_album_tracks"":10}",
album|casting crowns|lifesong,269440851,rebuilt_from_apple_song_tracklist,11,11,0,11,0,"{""apple_music_catalog_album_tracks"":11}",
album|cat power|moon pix,1589270190,rebuilt_from_apple_song_tracklist,11,11,0,11,0,"{""apple_music_catalog_album_tracks"":11}",
album|cat stevens|tea for the tillerman,1535560790,rebuilt_from_apple_song_tracklist,11,11,0,11,0,"{""apple_music_catalog_album_tracks"":11}",
album|cat stevens|teaser and the firecat,1586832328,rebuilt_from_apple_song_tracklist,10,10,0,10,0,"{""apple_music_catalog_album_tracks"":10}",
album|cathedral|forest of equilibrium,65013942,rebuilt_from_apple_song_tracklist,7,7,0,7,0,"{""apple_music_catalog_album_tracks"":7}",
album|catherine wheel|ferment,1443757761,rebuilt_from_apple_song_tracklist,12,12,0,12,0,"{""apple_music_catalog_album_tracks"":12}",
album|cece winans|believe for it,1550189726,rebuilt_from_apple_song_tracklist,15,15,0,15,0,"{""apple_music_catalog_album_tracks"":15}",
album|celia cruz and johnny pacheco|celia and johnny,1769530314,rebuilt_from_apple_song_tracklist,10,10,0,10,0,"{""apple_music_catalog_album_tracks"":10}",
album|cesaria evora|miss perfumado,1857941789,rebuilt_from_apple_song_tracklist,14,14,0,14,0,"{""apple_music_catalog_album_tracks"":14}",
album|chameleons|script of the bridge,506784553,rebuilt_from_apple_song_tracklist,12,12,0,12,0,"{""apple_music_catalog_album_tracks"":12}",
album|chantels|we are the chantels,1873227807,rebuilt_from_apple_song_tracklist,12,12,0,12,0,"{""apple_music_catalog_album_tracks"":12}",
album|chappell roan|rise and fall of a midwest princess,1707412988,rebuilt_from_apple_song_tracklist,14,14,0,14,0,"{""apple_music_catalog_album_tracks"":14}",
album|chapterhouse|whirlpool,400359123,rebuilt_from_apple_song_tracklist,16,16,0,16,0,"{""apple_music_catalog_album_tracks"":16}",
album|charles mingus|mingus ah um,636353127,rebuilt_from_apple_song_tracklist,9,9,0,9,0,"{""apple_music_catalog_album_tracks"":9}",
album|charley pride|essential charley pride,271389624,rebuilt_from_apple_song_tracklist,40,40,0,40,0,"{""apple_music_catalog_album_tracks"":40}",
album|charli xcx|brat,1739079974,rebuilt_from_apple_song_tracklist,15,15,0,15,0,"{""apple_music_catalog_album_tracks"":15}",
album|charli xcx|how i m feeling now,1513162098,rebuilt_from_apple_song_tracklist,11,11,0,11,0,"{""apple_music_catalog_album_tracks"":11}",
album|charli xcx|number 1 angel,1210513679,rebuilt_from_apple_song_tracklist,10,10,0,10,0,"{""apple_music_catalog_album_tracks"":10}",
album|cheap trick|cheap trick at budokan,193204065,rebuilt_from_apple_song_tracklist,10,10,0,10,0,"{""apple_music_catalog_album_tracks"":10}",
album|cheap trick|in color,1022580487,rebuilt_from_apple_song_tracklist,10,10,0,10,0,"{""apple_music_catalog_album_tracks"":10}",
album|chemical brothers|dig your own hole,714366008,rebuilt_from_apple_song_tracklist,11,11,0,11,0,"{""apple_music_catalog_album_tracks"":11}",
album|cher|heart of stone,1440904830,rebuilt_from_apple_song_tracklist,12,12,0,12,0,"{""apple_music_catalog_album_tracks"":12}",
album|chet baker|chet baker sings,1440864756,rebuilt_from_apple_song_tracklist,14,14,0,14,0,"{""apple_music_catalog_album_tracks"":14}",
album|chic|c est chic,1442990558,rebuilt_from_apple_song_tracklist,8,8,0,8,0,"{""apple_music_catalog_album_tracks"":8}",
album|chic|risque,1442986865,rebuilt_from_apple_song_tracklist,7,7,0,7,0,"{""apple_music_catalog_album_tracks"":7}",
album|chicago|chicago 17,193388821,rebuilt_from_apple_song_tracklist,11,11,0,11,0,"{""apple_music_catalog_album_tracks"":11}",
album|chicks|wide open spaces,155681921,rebuilt_from_apple_song_tracklist,12,12,0,12,0,"{""apple_music_catalog_album_tracks"":12}",
album|chief keef|finally rich,1444005836,rebuilt_from_apple_song_tracklist,12,12,0,12,0,"{""apple_music_catalog_album_tracks"":12}",
album|chieftains|long black veil,254976921,rebuilt_from_apple_song_tracklist,13,13,0,13,0,"{""apple_music_catalog_album_tracks"":13}",
album|chiffons|chiffons,1466690187,rebuilt_from_apple_song_tracklist,44,44,0,44,0,"{""apple_music_catalog_album_tracks"":44}",
album|childish gambino|because the internet,1771703948,rebuilt_from_apple_song_tracklist,19,19,0,19,0,"{""apple_music_catalog_album_tracks"":19}",
album|chingy|jackpot,1648825757,rebuilt_from_apple_song_tracklist,14,14,0,14,0,"{""apple_music_catalog_album_tracks"":14}",
album|chocolate watchband|no way out,1444161778,rebuilt_from_apple_song_tracklist,10,10,0,10,0,"{""apple_music_catalog_album_tracks"":10}",
album|chris stapleton|traveller,1440827477,rebuilt_from_apple_song_tracklist,14,14,0,14,0,"{""apple_music_catalog_album_tracks"":14}",
album|chris tomlin|arriving,1440844200,rebuilt_from_apple_song_tracklist,11,11,0,11,0,"{""apple_music_catalog_album_tracks"":11}",
album|christian nodal|me deje llevar,1440902522,rebuilt_from_apple_song_tracklist,13,13,0,13,0,"{""apple_music_catalog_album_tracks"":13}",
album|christina aguilera|christina aguilera,1308542675,rebuilt_from_apple_song_tracklist,18,18,0,18,0,"{""apple_music_catalog_album_tracks"":18}",
album|christina perri|lovestrong,511504015,rebuilt_from_apple_song_tracklist,13,13,0,13,0,"{""apple_music_catalog_album_tracks"":13}",
album|christopher cross|christopher cross,1862733668,rebuilt_from_apple_song_tracklist,9,9,0,9,0,"{""apple_music_catalog_album_tracks"":9}",
album|chuck berry|after school session,1499703936,rebuilt_from_apple_song_tracklist,12,12,0,12,0,"{""apple_music_catalog_album_tracks"":12}",
album|chuck mangione|feels so good,1434888809,rebuilt_from_apple_song_tracklist,6,6,0,6,0,"{""apple_music_catalog_album_tracks"":6}",
album|church|starfish,303081979,rebuilt_from_apple_song_tracklist,10,10,0,10,0,"{""apple_music_catalog_album_tracks"":10}",
album|chvrches|every open eye,1771710587,rebuilt_from_apple_song_tracklist,11,11,0,11,0,"{""apple_music_catalog_album_tracks"":11}",
album|cinderella|night songs,1440494441,rebuilt_from_apple_song_tracklist,10,10,0,10,0,"{""apple_music_catalog_album_tracks"":10}",
album|circle jerks|group sex,1711342117,rebuilt_from_apple_song_tracklist,14,14,0,14,0,"{""apple_music_catalog_album_tracks"":14}",
album|city girl|chroma velocity,1464062722,rebuilt_from_apple_song_tracklist,12,12,0,12,0,"{""apple_music_catalog_album_tracks"":12}",
album|clairo|immunity,1893175128,rebuilt_from_apple_song_tracklist,11,11,0,11,0,"{""apple_music_catalog_album_tracks"":11}",
album|clap your hands say yeah|clap your hands say yeah,1526628766,rebuilt_from_apple_song_tracklist,12,12,0,12,0,"{""apple_music_catalog_album_tracks"":12}",
album|clark sisters|is my living in vain,331251837,rebuilt_from_apple_song_tracklist,8,8,0,8,0,"{""apple_music_catalog_album_tracks"":8}",
album|clash|give em enough rope,684738276,rebuilt_from_apple_song_tracklist,10,10,0,10,0,"{""apple_music_catalog_album_tracks"":10}",
album|clash|london calling,684811762,rebuilt_from_apple_song_tracklist,19,19,0,19,0,"{""apple_music_catalog_album_tracks"":19}",
album|clint black|killin time,305343235,rebuilt_from_apple_song_tracklist,10,10,0,10,0,"{""apple_music_catalog_album_tracks"":10}",
album|clipping|clppng,829302710,rebuilt_from_apple_song_tracklist,14,14,0,14,0,"{""apple_music_catalog_album_tracks"":14}",
album|clipse|lord willin,389140434,rebuilt_from_apple_song_tracklist,15,15,0,15,0,"{""apple_music_catalog_album_tracks"":15}",
album|cockney rebel|psychomodo,1629177704,rebuilt_from_apple_song_tracklist,11,11,0,11,0,"{""apple_music_catalog_album_tracks"":11}",
album|cocteau twins|heaven or las vegas,258198881,rebuilt_from_apple_song_tracklist,10,10,0,10,0,"{""apple_music_catalog_album_tracks"":10}",
album|cody jinks|adobe sessions,1659558261,rebuilt_from_apple_song_tracklist,12,12,0,12,0,"{""apple_music_catalog_album_tracks"":12}",
album|coldplay|xandy,1123076757,rebuilt_from_apple_song_tracklist,13,13,0,13,0,"{""apple_music_catalog_album_tracks"":13}",
album|com truise|galactic melt,679488051,rebuilt_from_apple_song_tracklist,11,11,0,11,0,"{""apple_music_catalog_album_tracks"":11}",
album|commissioned|ordinary just won t do,259920392,rebuilt_from_apple_song_tracklist,10,10,0,10,0,"{""apple_music_catalog_album_tracks"":10}",
album|company flow|funcrusher plus,1675275204,rebuilt_from_apple_song_tracklist,19,19,0,19,0,"{""apple_music_catalog_album_tracks"":19}",
album|compton s most wanted|music to driveby,277666953,rebuilt_from_apple_song_tracklist,18,18,0,18,0,"{""apple_music_catalog_album_tracks"":18}",
album|concrete blonde|bloodletting,1440898848,rebuilt_from_apple_song_tracklist,10,10,0,10,0,"{""apple_music_catalog_album_tracks"":10}",
album|connells|boylan heights,1440933948,rebuilt_from_apple_song_tracklist,11,11,0,11,0,"{""apple_music_catalog_album_tracks"":11}",
album|converge|jane doe,493658129,rebuilt_from_apple_song_tracklist,12,12,0,12,0,"{""apple_music_catalog_album_tracks"":12}",
album|conway twitty|hello darlin,1455569078,rebuilt_from_apple_song_tracklist,11,11,0,11,0,"{""apple_music_catalog_album_tracks"":11}",
album|cory asbury|reckless love,1747742610,rebuilt_from_apple_song_tracklist,10,10,0,10,0,"{""apple_music_catalog_album_tracks"":10}",
album|count five|psychotic reaction,1443187830,rebuilt_from_apple_song_tracklist,11,11,0,11,0,"{""apple_music_catalog_album_tracks"":11}",
album|country joe and the fish|electric music for the mind and body,711998653,rebuilt_from_apple_song_tracklist,11,11,0,11,0,"{""apple_music_catalog_album_tracks"":11}",
album|coup|steal this album,265917402,rebuilt_from_apple_song_tracklist,17,17,0,17,0,"{""apple_music_catalog_album_tracks"":17}",
album|cranberries|no need to argue,1828830621,rebuilt_from_apple_song_tracklist,13,13,0,13,0,"{""apple_music_catalog_album_tracks"":13}",
album|cream|disraeli gears,1440817229,rebuilt_from_apple_song_tracklist,11,11,0,11,0,"{""apple_music_catalog_album_tracks"":11}",
album|cream|wheels of fire,1440830708,rebuilt_from_apple_song_tracklist,14,14,0,14,0,"{""apple_music_catalog_album_tracks"":14}",
album|creed|human clay,1440631060,rebuilt_from_apple_song_tracklist,12,12,0,12,0,"{""apple_music_catalog_album_tracks"":12}",
album|creedence clearwater revival|cosmo s factory,1440948745,rebuilt_from_apple_song_tracklist,11,11,0,11,0,"{""apple_music_catalog_album_tracks"":11}",
album|cro mags|age of quarrel,1474115345,rebuilt_from_apple_song_tracklist,15,15,0,15,0,"{""apple_music_catalog_album_tracks"":15}",
album|crosby stills and nash|crosby stills and nash,908303090,rebuilt_from_apple_song_tracklist,10,10,0,10,0,"{""apple_music_catalog_album_tracks"":10}",
album|crumb|amama,1732581971,rebuilt_from_apple_song_tracklist,12,12,0,12,0,"{""apple_music_catalog_album_tracks"":12}",
album|crumb|jinx,1456789832,rebuilt_from_apple_song_tracklist,10,10,0,10,0,"{""apple_music_catalog_album_tracks"":10}",
album|crystals|he s a rebel,518081032,rebuilt_from_apple_song_tracklist,12,12,0,12,0,"{""apple_music_catalog_album_tracks"":12}",
album|cure|disintegration,372100016,rebuilt_from_apple_song_tracklist,12,12,0,12,0,"{""apple_music_catalog_album_tracks"":12}",
album|cure|seventeen seconds,286646354,rebuilt_from_apple_song_tracklist,10,10,0,10,0,"{""apple_music_catalog_album_tracks"":10}",
album|curtis mayfield|super fly,1048472205,rebuilt_from_apple_song_tracklist,9,9,0,9,0,"{""apple_music_catalog_album_tracks"":9}",
album|cut copy|in ghost colours,1820829054,rebuilt_from_apple_song_tracklist,15,15,0,15,0,"{""apple_music_catalog_album_tracks"":15}",
album|cyndi lauper|she s so unusual,400603643,rebuilt_from_apple_song_tracklist,10,10,0,10,0,"{""apple_music_catalog_album_tracks"":10}",
album|d angelo|brown sugar,1444063061,rebuilt_from_apple_song_tracklist,10,10,0,10,0,"{""apple_music_catalog_album_tracks"":10}",
album|d angelo|voodoo,1443829916,rebuilt_from_apple_song_tracklist,13,13,0,13,0,"{""apple_music_catalog_album_tracks"":13}",
album|d banj|entertainer,1636949442,rebuilt_from_apple_song_tracklist,10,10,0,10,0,"{""apple_music_catalog_album_tracks"":10}",
album|d o c|no one can do it better,79023568,rebuilt_from_apple_song_tracklist,13,13,0,13,0,"{""apple_music_catalog_album_tracks"":13}",
album|daddy yankee|barrio fino,1785999696,rebuilt_from_apple_song_tracklist,23,23,0,23,0,"{""apple_music_catalog_album_tracks"":23}",
album|daft punk|discovery,697194953,rebuilt_from_apple_song_tracklist,14,14,0,14,0,"{""apple_music_catalog_album_tracks"":14}",
album|daft punk|homework,696884422,rebuilt_from_apple_song_tracklist,16,16,0,16,0,"{""apple_music_catalog_album_tracks"":16}",
album|damien rice|o,2249511,rebuilt_from_apple_song_tracklist,10,10,0,10,0,"{""apple_music_catalog_album_tracks"":10}",
album|damned|damned damned damned,1439808377,rebuilt_from_apple_song_tracklist,12,12,0,12,0,"{""apple_music_catalog_album_tracks"":12}",
album|damned|machine gun etiquette,1621373741,rebuilt_from_apple_song_tracklist,11,11,0,11,0,"{""apple_music_catalog_album_tracks"":11}",
album|dan fogelberg|souvenirs,193862905,rebuilt_from_apple_song_tracklist,11,11,0,11,0,"{""apple_music_catalog_album_tracks"":11}",
album|daniel caesar|freudian,1799080774,rebuilt_from_apple_song_tracklist,10,10,0,10,0,"{""apple_music_catalog_album_tracks"":10}",
album|danny brown|atrocity exhibition,1142690534,rebuilt_from_apple_song_tracklist,15,15,0,15,0,"{""apple_music_catalog_album_tracks"":15}",
album|danny elfman|batman,41229136,rebuilt_from_apple_song_tracklist,21,21,0,21,0,"{""apple_music_catalog_album_tracks"":21}",
album|danny elfman|nightmare before christmas,1440662430,rebuilt_from_apple_song_tracklist,29,29,0,29,0,"{""apple_music_catalog_album_tracks"":29}",
album|danny l harle|harlecore,1547705208,rebuilt_from_apple_song_tracklist,13,13,0,13,0,"{""apple_music_catalog_album_tracks"":13}",
album|darius rucker|true believers,1469411292,rebuilt_from_apple_song_tracklist,12,12,0,12,0,"{""apple_music_catalog_album_tracks"":12}",
album|darkthrone|transilvanian hunger,128282603,rebuilt_from_apple_song_tracklist,8,8,0,8,0,"{""apple_music_catalog_album_tracks"":8}",
album|dashboard confessional|a mark a mission a brand a scar,1458656659,rebuilt_from_apple_song_tracklist,13,13,0,13,0,"{""apple_music_catalog_album_tracks"":13}",
album|dashboard confessional|places you have come to fear the most,1454007864,rebuilt_from_apple_song_tracklist,10,10,0,10,0,"{""apple_music_catalog_album_tracks"":10}",
album|datsuns|datsuns,282868443,rebuilt_from_apple_song_tracklist,10,10,0,10,0,"{""apple_music_catalog_album_tracks"":10}",
album|daughtry|daughtry,214412700,rebuilt_from_apple_song_tracklist,13,13,0,13,0,"{""apple_music_catalog_album_tracks"":13}",
album|dave brubeck quartet|time out,193085545,rebuilt_from_apple_song_tracklist,7,7,0,7,0,"{""apple_music_catalog_album_tracks"":7}",
album|dave van ronk|folksinger,1440947180,rebuilt_from_apple_song_tracklist,13,13,0,13,0,"{""apple_music_catalog_album_tracks"":13}",
album|dave van ronk|inside dave van ronk,6771126039,rebuilt_from_apple_song_tracklist,12,12,0,12,0,"{""apple_music_catalog_album_tracks"":12}",
album|david bowie|aladdin sane,1039655668,rebuilt_from_apple_song_tracklist,10,10,0,10,0,"{""apple_music_catalog_album_tracks"":10}",
album|david bowie|diamond dogs,1195107058,rebuilt_from_apple_song_tracklist,11,11,0,11,0,"{""apple_music_catalog_album_tracks"":11}",
album|david bowie|rise and fall of ziggy stardust and the spiders from mars,1039796877,rebuilt_from_apple_song_tracklist,11,11,0,11,0,"{""apple_music_catalog_album_tracks"":11}",
album|david gray|white ladder,1738297829,rebuilt_from_apple_song_tracklist,10,10,0,10,0,"{""apple_music_catalog_album_tracks"":10}",
album|david roberts|all dressed up,1210861566,rebuilt_from_apple_song_tracklist,10,10,0,10,0,"{""apple_music_catalog_album_tracks"":10}",
album|david sanborn and bob james|double vision,1306540022,rebuilt_from_apple_song_tracklist,7,7,0,7,0,"{""apple_music_catalog_album_tracks"":7}",
album|davido|a good time,1484518867,rebuilt_from_apple_song_tracklist,17,17,0,17,0,"{""apple_music_catalog_album_tracks"":17}",
album|davido|timeless,1675379314,rebuilt_from_apple_song_tracklist,17,17,0,17,0,"{""apple_music_catalog_album_tracks"":17}",
album|db s|stands for decibels,1740185463,rebuilt_from_apple_song_tracklist,12,12,0,12,0,"{""apple_music_catalog_album_tracks"":12}",
album|dc talk|jesus freak,1440837022,rebuilt_from_apple_song_tracklist,14,14,0,14,0,"{""apple_music_catalog_album_tracks"":14}",
album|de la soul|3 feet high and rising,1657705063,rebuilt_from_apple_song_tracklist,23,23,0,23,0,"{""apple_music_catalog_album_tracks"":23}",
album|de la soul|de la soul is dead,1673848395,rebuilt_from_apple_song_tracklist,27,27,0,27,0,"{""apple_music_catalog_album_tracks"":27}",
album|de la soul|stakes is high,1664600863,rebuilt_from_apple_song_tracklist,18,18,0,18,0,"{""apple_music_catalog_album_tracks"":18}",
album|dead boys|young loud and snotty,268497356,rebuilt_from_apple_song_tracklist,11,11,0,11,0,"{""apple_music_catalog_album_tracks"":11}",
album|dead kennedys|fresh fruit for rotting vegetables,1760838617,rebuilt_from_apple_song_tracklist,14,14,0,14,0,"{""apple_music_catalog_album_tracks"":14}",
album|deadmau5|random album title,1821960341,rebuilt_from_apple_song_tracklist,10,10,0,10,0,"{""apple_music_catalog_album_tracks"":10}",
album|deafheaven|sunbather,652038965,rebuilt_from_apple_song_tracklist,7,7,0,7,0,"{""apple_music_catalog_album_tracks"":7}",
album|death angel|ultra violence,528973961,rebuilt_from_apple_song_tracklist,8,8,0,8,0,"{""apple_music_catalog_album_tracks"":8}",
album|death cab for cutie|plans,966379289,rebuilt_from_apple_song_tracklist,11,11,0,11,0,"{""apple_music_catalog_album_tracks"":11}",
album|death cab for cutie|transatlanticism,718938040,rebuilt_from_apple_song_tracklist,11,11,0,11,0,"{""apple_music_catalog_album_tracks"":11}",
album|death grips|money store,515449028,rebuilt_from_apple_song_tracklist,13,13,0,13,0,"{""apple_music_catalog_album_tracks"":13}",
album|death|leprosy,847924394,rebuilt_from_apple_song_tracklist,36,36,0,36,0,"{""apple_music_catalog_album_tracks"":36}",
album|death|scream bloody gore,369043988,rebuilt_from_apple_song_tracklist,10,10,0,10,0,"{""apple_music_catalog_album_tracks"":10}",
album|death|symbolic,214477696,rebuilt_from_apple_song_tracklist,9,9,0,9,0,"{""apple_music_catalog_album_tracks"":9}",
album|decemberists|crane wife,1044305402,rebuilt_from_apple_song_tracklist,12,12,0,12,0,"{""apple_music_catalog_album_tracks"":12}",
album|decemberists|picaresque,313249629,rebuilt_from_apple_song_tracklist,11,11,0,11,0,"{""apple_music_catalog_album_tracks"":11}",
album|dee dee sharp|it s mashed potato time,1443062668,rebuilt_from_apple_song_tracklist,24,24,0,24,0,"{""apple_music_catalog_album_tracks"":24}",
album|deep purple|in rock,1442271923,rebuilt_from_apple_song_tracklist,7,7,0,7,0,"{""apple_music_catalog_album_tracks"":7}",
album|deep purple|machine head,1099334597,rebuilt_from_apple_song_tracklist,7,7,0,7,0,"{""apple_music_catalog_album_tracks"":7}",
album|def leppard|hysteria,1440903625,rebuilt_from_apple_song_tracklist,12,12,0,12,0,"{""apple_music_catalog_album_tracks"":12}",
album|def leppard|pyromania,1440902935,rebuilt_from_apple_song_tracklist,10,10,0,10,0,"{""apple_music_catalog_album_tracks"":10}",
album|def leppard|vault def leppard greatest hits 1980 1995,1671883291,rebuilt_from_apple_song_tracklist,24,24,0,24,0,"{""apple_music_catalog_album_tracks"":24}",
album|default|fallout,311284334,rebuilt_from_apple_song_tracklist,11,11,0,11,0,"{""apple_music_catalog_album_tracks"":11}",
album|deftones|around the fur,1099843198,rebuilt_from_apple_song_tracklist,10,10,0,10,0,"{""apple_music_catalog_album_tracks"":10}",
album|deftones|white pony,1099848709,rebuilt_from_apple_song_tracklist,12,12,0,12,0,"{""apple_music_catalog_album_tracks"":12}",
album|deltron 3030|deltron 3030,288544306,rebuilt_from_apple_song_tracklist,24,24,0,24,0,"{""apple_music_catalog_album_tracks"":24}",
album|depeche mode|music for the masses,665403347,rebuilt_from_apple_song_tracklist,10,10,0,10,0,"{""apple_music_catalog_album_tracks"":10}",
album|depeche mode|some great reward,665403327,rebuilt_from_apple_song_tracklist,9,9,0,9,0,"{""apple_music_catalog_album_tracks"":9}",
album|depeche mode|violator,665404621,rebuilt_from_apple_song_tracklist,9,9,0,9,0,"{""apple_music_catalog_album_tracks"":9}",
album|derrick may|innovator,1804523507,rebuilt_from_apple_song_tracklist,29,29,0,29,0,"{""apple_music_catalog_album_tracks"":29}",
album|descendents|milo goes to college,1614602121,rebuilt_from_apple_song_tracklist,15,15,0,15,0,"{""apple_music_catalog_album_tracks"":15}",
album|destiny s child|writing s on the wall,266809606,rebuilt_from_apple_song_tracklist,16,16,0,16,0,"{""apple_music_catalog_album_tracks"":16}",
album|devo|freedom of choice,335254356,rebuilt_from_apple_song_tracklist,12,12,0,12,0,"{""apple_music_catalog_album_tracks"":12}",
album|devo|q are we not men a we are devo,335252211,rebuilt_from_apple_song_tracklist,11,11,0,11,0,"{""apple_music_catalog_album_tracks"":11}",
album|diamond head|lightning to the nations,1635259055,rebuilt_from_apple_song_tracklist,19,19,0,19,0,"{""apple_music_catalog_album_tracks"":19}",
album|diana krall|when i look in your eyes,1440852057,rebuilt_from_apple_song_tracklist,13,13,0,13,0,"{""apple_music_catalog_album_tracks"":13}",
album|diana ross|diana,1443159760,rebuilt_from_apple_song_tracklist,8,8,0,8,0,"{""apple_music_catalog_album_tracks"":8}",
album|dick dale and his del tones|checkered flag,1470561755,rebuilt_from_apple_song_tracklist,14,14,0,14,0,"{""apple_music_catalog_album_tracks"":14}",
album|dick dale and his del tones|king of the surf guitar,1470557221,rebuilt_from_apple_song_tracklist,14,14,0,14,0,"{""apple_music_catalog_album_tracks"":14}",
album|dictators|go girl crazy,607581053,rebuilt_from_apple_song_tracklist,9,9,0,9,0,"{""apple_music_catalog_album_tracks"":9}",
album|dido|no angel,254578536,rebuilt_from_apple_song_tracklist,12,12,0,12,0,"{""apple_music_catalog_album_tracks"":12}",
album|digable planets|reachin a new refutation of time and space,725211790,rebuilt_from_apple_song_tracklist,14,14,0,14,0,"{""apple_music_catalog_album_tracks"":14}",
album|diiv|oshin,594580092,rebuilt_from_apple_song_tracklist,13,13,0,13,0,"{""apple_music_catalog_album_tracks"":13}",
album|dinosaur jr|you re living all over me,1497701141,rebuilt_from_apple_song_tracklist,10,10,0,10,0,"{""apple_music_catalog_album_tracks"":10}",
album|dinosaur jr|youre living all over me,1497701141,rebuilt_from_apple_song_tracklist,10,10,0,10,0,"{""apple_music_catalog_album_tracks"":10}",
album|dio|holy diver,1048475969,rebuilt_from_apple_song_tracklist,9,9,0,9,0,"{""apple_music_catalog_album_tracks"":9}",
album|dion and the belmonts|presenting dion and the belmonts,1368844993,rebuilt_from_apple_song_tracklist,12,12,0,12,0,"{""apple_music_catalog_album_tracks"":12}",
album|dionne warwick|presenting dionne warwick,342339548,rebuilt_from_apple_song_tracklist,12,12,0,12,0,"{""apple_music_catalog_album_tracks"":12}",
album|dire straits|brothers in arms,299545299,rebuilt_from_apple_song_tracklist,9,9,0,9,0,"{""apple_music_catalog_album_tracks"":9}",
album|disclosure|caracal,1440828453,rebuilt_from_apple_song_tracklist,15,15,0,15,0,"{""apple_music_catalog_album_tracks"":15}",
album|disclosure|settle,1440862011,rebuilt_from_apple_song_tracklist,16,16,0,16,0,"{""apple_music_catalog_album_tracks"":16}",
album|disturbed|divisive,1646032515,rebuilt_from_apple_song_tracklist,10,10,0,10,0,"{""apple_music_catalog_album_tracks"":10}",
album|disturbed|sickness,1030601019,rebuilt_from_apple_song_tracklist,12,12,0,12,0,"{""apple_music_catalog_album_tracks"":12}",
album|dixie cups|very best of the dixie cups chapel of love,1881889298,rebuilt_from_apple_song_tracklist,17,17,0,17,0,"{""apple_music_catalog_album_tracks"":17}",
album|dj quik|quik is the name,283661311,rebuilt_from_apple_song_tracklist,13,13,0,13,0,"{""apple_music_catalog_album_tracks"":13}",
album|dj quik|safe sound,304718797,rebuilt_from_apple_song_tracklist,17,17,0,17,0,"{""apple_music_catalog_album_tracks"":17}",
album|dj shadow|endtroducing,1660485817,rebuilt_from_apple_song_tracklist,16,16,0,16,0,"{""apple_music_catalog_album_tracks"":16}",
album|dmx|it s dark and hell is hot,1485050192,rebuilt_from_apple_song_tracklist,19,19,0,19,0,"{""apple_music_catalog_album_tracks"":19}",
album|doja cat|planet her,1573475827,rebuilt_from_apple_song_tracklist,13,13,0,13,0,"{""apple_music_catalog_album_tracks"":13}",
album|dokken|tooth and nail,1727790306,rebuilt_from_apple_song_tracklist,10,10,0,10,0,"{""apple_music_catalog_album_tracks"":10}",
album|dolly parton|coat of many colors,217532812,rebuilt_from_apple_song_tracklist,10,10,0,10,0,"{""apple_music_catalog_album_tracks"":10}",
album|dolly parton|here you come again,1062400365,rebuilt_from_apple_song_tracklist,10,10,0,10,0,"{""apple_music_catalog_album_tracks"":10}",
album|don gibson|oh lonesome me,1462450303,rebuilt_from_apple_song_tracklist,12,12,0,12,0,"{""apple_music_catalog_album_tracks"":12}",
album|don mclean|american pie,1440834532,rebuilt_from_apple_song_tracklist,10,10,0,10,0,"{""apple_music_catalog_album_tracks"":10}",
album|don omar|king of kings,1443507107,rebuilt_from_apple_song_tracklist,18,18,0,18,0,"{""apple_music_catalog_album_tracks"":18}",
album|donna summer|bad girls,1425179100,rebuilt_from_apple_song_tracklist,15,15,0,15,0,"{""apple_music_catalog_album_tracks"":15}",
album|donna summer|i remember yesterday,1442959303,rebuilt_from_apple_song_tracklist,8,8,0,8,0,"{""apple_music_catalog_album_tracks"":8}",
album|donna summer|love to love you baby,1423290574,rebuilt_from_apple_song_tracklist,6,6,0,6,0,"{""apple_music_catalog_album_tracks"":6}",
album|donnas|spend the night,319397457,rebuilt_from_apple_song_tracklist,13,13,0,13,0,"{""apple_music_catalog_album_tracks"":13}",
album|donnie mcclurkin|live in london and more,307496311,rebuilt_from_apple_song_tracklist,14,14,0,14,0,"{""apple_music_catalog_album_tracks"":14}",
album|donovan|sunshine superman,197973066,rebuilt_from_apple_song_tracklist,10,10,0,10,0,"{""apple_music_catalog_album_tracks"":10}",
album|donovan|wear your love like heaven,327440814,rebuilt_from_apple_song_tracklist,22,22,0,22,0,"{""apple_music_catalog_album_tracks"":22}",
album|doobie brothers|minute by minute,1110557228,rebuilt_from_apple_song_tracklist,10,10,0,10,0,"{""apple_music_catalog_album_tracks"":10}",
album|doors|doors,1622368510,rebuilt_from_apple_song_tracklist,11,11,0,11,0,"{""apple_music_catalog_album_tracks"":11}",
album|doors|strange days,1622362830,rebuilt_from_apple_song_tracklist,10,10,0,10,0,"{""apple_music_catalog_album_tracks"":10}",
album|dorian electra|flamboyant,1464724121,rebuilt_from_apple_song_tracklist,11,11,0,11,0,"{""apple_music_catalog_album_tracks"":11}",
album|dorian electra|my agenda,1719297653,rebuilt_from_apple_song_tracklist,11,11,0,11,0,"{""apple_music_catalog_album_tracks"":11}",
album|dr dre|chronic,1668460963,rebuilt_from_apple_song_tracklist,16,16,0,16,0,"{""apple_music_catalog_album_tracks"":16}",
album|drake and future|what a time to be alive,1440842320,rebuilt_from_apple_song_tracklist,11,11,0,11,0,"{""apple_music_catalog_album_tracks"":11}",
album|drake|take care,1440642493,rebuilt_from_apple_song_tracklist,20,20,0,20,0,"{""apple_music_catalog_album_tracks"":20}",
album|drake|views,1440841363,rebuilt_from_apple_song_tracklist,20,20,0,20,0,"{""apple_music_catalog_album_tracks"":20}",
album|dream syndicate|days of wine and roses,1667678036,rebuilt_from_apple_song_tracklist,15,15,0,15,0,"{""apple_music_catalog_album_tracks"":15}",
album|drexciya|harnessed the storm,1621819671,rebuilt_from_apple_song_tracklist,10,10,0,10,0,"{""apple_music_catalog_album_tracks"":10}",
album|drifters|drifters golden hits,1566599254,rebuilt_from_apple_song_tracklist,12,12,0,12,0,"{""apple_music_catalog_album_tracks"":12}",
album|drifters|save the last dance for me,159362635,rebuilt_from_apple_song_tracklist,12,12,0,12,0,"{""apple_music_catalog_album_tracks"":12}",
album|drive by truckers|decoration day,1436925743,rebuilt_from_apple_song_tracklist,15,15,0,15,0,"{""apple_music_catalog_album_tracks"":15}",
album|drive by truckers|dirty south,1436923752,rebuilt_from_apple_song_tracklist,14,14,0,14,0,"{""apple_music_catalog_album_tracks"":14}",
album|drive by truckers|southern rock opera,1452800570,rebuilt_from_apple_song_tracklist,20,20,0,20,0,"{""apple_music_catalog_album_tracks"":20}",
album|drive like jehu|yank crime,321075318,rebuilt_from_apple_song_tracklist,12,12,0,12,0,"{""apple_music_catalog_album_tracks"":12}",
album|drop nineteens|delaware,714831767,rebuilt_from_apple_song_tracklist,10,10,0,10,0,"{""apple_music_catalog_album_tracks"":10}",
album|dry cleaning|new long leg,1549505079,rebuilt_from_apple_song_tracklist,10,10,0,10,0,"{""apple_music_catalog_album_tracks"":10}",
album|dry cleaning|stumpwork,1625455425,rebuilt_from_apple_song_tracklist,11,11,0,11,0,"{""apple_music_catalog_album_tracks"":11}",
album|dua lipa|future nostalgia,1538003494,rebuilt_from_apple_song_tracklist,13,13,0,13,0,"{""apple_music_catalog_album_tracks"":13}",
album|duane eddy|have twangy guitar will travel,217699746,rebuilt_from_apple_song_tracklist,12,12,0,12,0,"{""apple_music_catalog_album_tracks"":12}",
album|duke ellington|ellington at newport,902277483,rebuilt_from_apple_song_tracklist,10,10,0,10,0,"{""apple_music_catalog_album_tracks"":10}",
album|duran duran|rio,1752170129,rebuilt_from_apple_song_tracklist,8,8,0,8,0,"{""apple_music_catalog_album_tracks"":8}",
album|duran duran|seven and the ragged tiger,696450569,rebuilt_from_apple_song_tracklist,9,9,0,9,0,"{""apple_music_catalog_album_tracks"":9}",
album|dwight twilley band|twilley don t mind,1444056637,rebuilt_from_apple_song_tracklist,9,9,0,9,0,"{""apple_music_catalog_album_tracks"":9}",
album|dwight yoakam|guitars cadillacs etc etc,1618324660,rebuilt_from_apple_song_tracklist,10,10,0,10,0,"{""apple_music_catalog_album_tracks"":10}",
album|eagles|hotel california,635770200,rebuilt_from_apple_song_tracklist,9,9,0,9,0,"{""apple_music_catalog_album_tracks"":9}",
album|eagles|their greatest hits 1971 1975,635829435,rebuilt_from_apple_song_tracklist,10,10,0,10,0,"{""apple_music_catalog_album_tracks"":10}",
album|earl sweatshirt|some rap songs,1442399872,rebuilt_from_apple_song_tracklist,15,15,0,15,0,"{""apple_music_catalog_album_tracks"":15}",
album|earth wind and fire|that s the way of the world,532975789,rebuilt_from_apple_song_tracklist,8,8,0,8,0,"{""apple_music_catalog_album_tracks"":8}",
album|earth|earth 2 special low frequency version,830789832,rebuilt_from_apple_song_tracklist,3,3,0,3,0,"{""apple_music_catalog_album_tracks"":3}",
album|eazy e|eazy duz it,1440816169,rebuilt_from_apple_song_tracklist,14,14,0,14,0,"{""apple_music_catalog_album_tracks"":14}",
album|echo and the bunnymen|crocodiles,299807766,rebuilt_from_apple_song_tracklist,12,12,0,12,0,"{""apple_music_catalog_album_tracks"":12}",
album|echo and the bunnymen|ocean rain,251006541,rebuilt_from_apple_song_tracklist,9,9,0,9,0,"{""apple_music_catalog_album_tracks"":9}",
album|ed sheeran|x,858518077,rebuilt_from_apple_song_tracklist,12,12,0,12,0,"{""apple_music_catalog_album_tracks"":12}",
album|eddie cochran|eddie cochran sings to you,1443405815,rebuilt_from_apple_song_tracklist,12,12,0,12,0,"{""apple_music_catalog_album_tracks"":12}",
album|eddie palmieri|azucar pa ti,1464263018,rebuilt_from_apple_song_tracklist,7,7,0,7,0,"{""apple_music_catalog_album_tracks"":7}",
album|editors|back room,1378459935,rebuilt_from_apple_song_tracklist,17,17,0,17,0,"{""apple_music_catalog_album_tracks"":17}",
album|el gran combo de puerto rico|aqui no se sienta nadie,280795281,rebuilt_from_apple_song_tracklist,8,8,0,8,0,"{""apple_music_catalog_album_tracks"":8}",
album|el p|fantastic damage,1510478926,rebuilt_from_apple_song_tracklist,16,16,0,16,0,"{""apple_music_catalog_album_tracks"":16}",
album|elastica|elastica,1443993070,rebuilt_from_apple_song_tracklist,16,16,0,16,0,"{""apple_music_catalog_album_tracks"":16}",
album|electric light orchestra|out of the blue,1054525002,rebuilt_from_apple_song_tracklist,17,17,0,17,0,"{""apple_music_catalog_album_tracks"":17}",
album|electric prunes|electric prunes,655574615,rebuilt_from_apple_song_tracklist,12,12,0,12,0,"{""apple_music_catalog_album_tracks"":12}",
album|electric wizard|come my fanatics,965386233,rebuilt_from_apple_song_tracklist,8,8,0,8,0,"{""apple_music_catalog_album_tracks"":8}",
album|electric wizard|dopethrone,965381927,rebuilt_from_apple_song_tracklist,9,9,0,9,0,"{""apple_music_catalog_album_tracks"":9}",
album|elevation worship and maverick city music|old church basement,1557087895,rebuilt_from_apple_song_tracklist,25,13,12,13,-12,"{""apple_music_catalog_album_tracks"":25}",
album|ella fitzgerald and louis armstrong|ella and louis,1469584174,rebuilt_from_apple_song_tracklist,11,11,0,11,0,"{""apple_music_catalog_album_tracks"":11}",
album|ella fitzgerald|ella fitzgerald sings the cole porter song book,1443089499,rebuilt_from_apple_song_tracklist,32,32,0,32,0,"{""apple_music_catalog_album_tracks"":32}",
album|elton john|captain fantastic and the brown dirt cowboy,1440810893,rebuilt_from_apple_song_tracklist,13,13,0,13,0,"{""apple_music_catalog_album_tracks"":13}",
album|elton john|goodbye yellow brick road,1440863013,rebuilt_from_apple_song_tracklist,17,17,0,17,0,"{""apple_music_catalog_album_tracks"":17}",
album|elton john|honky chateau,1440910513,rebuilt_from_apple_song_tracklist,11,11,0,11,0,"{""apple_music_catalog_album_tracks"":11}",
album|elton john|madman across the water,1440643462,rebuilt_from_apple_song_tracklist,9,9,0,9,0,"{""apple_music_catalog_album_tracks"":9}",
album|elvis costello|my aim is true,1440840988,rebuilt_from_apple_song_tracklist,13,13,0,13,0,"{""apple_music_catalog_album_tracks"":13}",
album|elvis presley|elvis christmas album,676288305,rebuilt_from_apple_song_tracklist,12,12,0,12,0,"{""apple_music_catalog_album_tracks"":12}",
album|elvis presley|elvis presley,671019373,rebuilt_from_apple_song_tracklist,12,12,0,12,0,"{""apple_music_catalog_album_tracks"":12}",
album|elvis presley|elvis,671019853,rebuilt_from_apple_song_tracklist,12,12,0,12,0,"{""apple_music_catalog_album_tracks"":12}",
album|emerson lake and palmer|brain salad surgery,1528518952,rebuilt_from_apple_song_tracklist,8,8,0,8,0,"{""apple_music_catalog_album_tracks"":8}",
album|eminem|eminem show,1440903530,rebuilt_from_apple_song_tracklist,20,20,0,20,0,"{""apple_music_catalog_album_tracks"":20}",
album|eminem|marshall mathers lp,1440866782,rebuilt_from_apple_song_tracklist,18,18,0,18,0,"{""apple_music_catalog_album_tracks"":18}",
album|emmylou harris|pieces of the sky,5559908,rebuilt_from_apple_song_tracklist,12,12,0,12,0,"{""apple_music_catalog_album_tracks"":12}",
album|emmylou harris|wrecking ball,849478125,rebuilt_from_apple_song_tracklist,12,12,0,12,0,"{""apple_music_catalog_album_tracks"":12}",
album|emperor|in the nightside eclipse,1670679463,rebuilt_from_apple_song_tracklist,10,10,0,10,0,"{""apple_music_catalog_album_tracks"":10}",
album|english teacher|this could be texas,1731134627,rebuilt_from_apple_song_tracklist,13,13,0,13,0,"{""apple_music_catalog_album_tracks"":13}",
album|enrique iglesias|escape,1440913930,rebuilt_from_apple_song_tracklist,13,13,0,13,0,"{""apple_music_catalog_album_tracks"":13}",
album|entombed|left hand path,362543320,rebuilt_from_apple_song_tracklist,12,12,0,12,0,"{""apple_music_catalog_album_tracks"":12}",
album|enya|watermark,62446480,rebuilt_from_apple_song_tracklist,12,12,0,12,0,"{""apple_music_catalog_album_tracks"":12}",
album|erasure|innocents,332852548,rebuilt_from_apple_song_tracklist,13,13,0,13,0,"{""apple_music_catalog_album_tracks"":13}",
album|eric b and rakim|follow the leader,1442940211,rebuilt_from_apple_song_tracklist,11,11,0,11,0,"{""apple_music_catalog_album_tracks"":11}",
album|eric b and rakim|paid in full,1440841577,rebuilt_from_apple_song_tracklist,12,12,0,12,0,"{""apple_music_catalog_album_tracks"":12}",
album|eric church|chief,721280109,rebuilt_from_apple_song_tracklist,11,11,0,11,0,"{""apple_music_catalog_album_tracks"":11}",
album|ericdoa|things with wings,1620071102,rebuilt_from_apple_song_tracklist,15,15,0,15,0,"{""apple_music_catalog_album_tracks"":15}",
album|erykah badu|baduizm,1440837269,rebuilt_from_apple_song_tracklist,14,14,0,14,0,"{""apple_music_catalog_album_tracks"":14}",
album|erykah badu|mama s gun,1440755899,rebuilt_from_apple_song_tracklist,14,14,0,14,0,"{""apple_music_catalog_album_tracks"":14}",
album|esg|come away with esg,1668437008,rebuilt_from_apple_song_tracklist,11,11,0,11,0,"{""apple_music_catalog_album_tracks"":11}",
album|eslabon armado|nostalgia,1622074671,rebuilt_from_apple_song_tracklist,14,14,0,14,0,"{""apple_music_catalog_album_tracks"":14}",
album|ethel cain|perverts,1781666357,rebuilt_from_apple_song_tracklist,9,9,0,9,0,"{""apple_music_catalog_album_tracks"":9}",
album|ethel cain|preacher s daughter,1619405400,rebuilt_from_apple_song_tracklist,13,13,0,13,0,"{""apple_music_catalog_album_tracks"":13}",
album|etta james|at last,1440838775,rebuilt_from_apple_song_tracklist,14,14,0,14,0,"{""apple_music_catalog_album_tracks"":14}",
album|etta james|tell mama,1371791759,rebuilt_from_apple_song_tracklist,12,12,0,12,0,"{""apple_music_catalog_album_tracks"":12}",
album|eurythmics|sweet dreams are made of this,255965840,rebuilt_from_apple_song_tracklist,10,10,0,10,0,"{""apple_music_catalog_album_tracks"":10}",
album|evanescence|fallen,1440665838,rebuilt_from_apple_song_tracklist,12,12,0,12,0,"{""apple_music_catalog_album_tracks"":12}",
album|exo|war,1260294767,rebuilt_from_apple_song_tracklist,9,9,0,9,0,"{""apple_music_catalog_album_tracks"":9}",
album|exodus|bonded by blood,1004701980,rebuilt_from_apple_song_tracklist,9,9,0,9,0,"{""apple_music_catalog_album_tracks"":9}",
album|faint|danse macabre,6939355,rebuilt_from_apple_song_tracklist,9,9,0,9,0,"{""apple_music_catalog_album_tracks"":9}",
album|faith hill|breathe,321981503,rebuilt_from_apple_song_tracklist,13,13,0,13,0,"{""apple_music_catalog_album_tracks"":13}",
album|faith no more|angel dust,184672979,rebuilt_from_apple_song_tracklist,14,14,0,14,0,"{""apple_music_catalog_album_tracks"":14}",
album|faith no more|real thing,83386606,rebuilt_from_apple_song_tracklist,11,11,0,11,0,"{""apple_music_catalog_album_tracks"":11}",
album|fall out boy|from under the cork tree,1440748840,rebuilt_from_apple_song_tracklist,13,13,0,13,0,"{""apple_music_catalog_album_tracks"":13}",
album|fall out boy|take this to your grave,76160059,rebuilt_from_apple_song_tracklist,12,12,0,12,0,"{""apple_music_catalog_album_tracks"":12}",
album|fall|hex enduction hour,1564714288,rebuilt_from_apple_song_tracklist,20,20,0,20,0,"{""apple_music_catalog_album_tracks"":20}",
album|falling in reverse|coming home,1485065540,rebuilt_from_apple_song_tracklist,13,13,0,13,0,"{""apple_music_catalog_album_tracks"":13}",
album|falling in reverse|popular monster,1741617063,rebuilt_from_apple_song_tracklist,11,11,0,11,0,"{""apple_music_catalog_album_tracks"":11}",
album|fania all stars|live at the cheetah vol 1,1481517285,rebuilt_from_apple_song_tracklist,4,4,0,4,0,"{""apple_music_catalog_album_tracks"":4}",
album|fat boys|crushin,1559095530,rebuilt_from_apple_song_tracklist,10,10,0,10,0,"{""apple_music_catalog_album_tracks"":10}",
album|fat boys|fat boys,400323441,rebuilt_from_apple_song_tracklist,7,7,0,7,0,"{""apple_music_catalog_album_tracks"":7}",
album|fatboy slim|you ve come a long way baby,714916269,rebuilt_from_apple_song_tracklist,10,10,0,10,0,"{""apple_music_catalog_album_tracks"":10}",
album|father john misty|i love you honeybear,931563362,rebuilt_from_apple_song_tracklist,11,11,0,11,0,"{""apple_music_catalog_album_tracks"":11}",
album|faye webster|i know i m funny haha,1561398236,rebuilt_from_apple_song_tracklist,11,11,0,11,0,"{""apple_music_catalog_album_tracks"":11}",
album|faye webster|underdressed at the symphony,1716952641,rebuilt_from_apple_song_tracklist,10,10,0,10,0,"{""apple_music_catalog_album_tracks"":10}",
album|fear factory|demanufacture,214477830,rebuilt_from_apple_song_tracklist,11,11,0,11,0,"{""apple_music_catalog_album_tracks"":11}",
album|feelies|crazy rhythms,1518271845,rebuilt_from_apple_song_tracklist,11,11,0,11,0,"{""apple_music_catalog_album_tracks"":11}",
album|feelies|good earth,1517986959,rebuilt_from_apple_song_tracklist,11,11,0,11,0,"{""apple_music_catalog_album_tracks"":11}",
album|fela kuti|zombie,559710299,rebuilt_from_apple_song_tracklist,4,4,0,4,0,"{""apple_music_catalog_album_tracks"":4}",
album|femi kuti|shoki shoki,1817151873,rebuilt_from_apple_song_tracklist,9,9,0,9,0,"{""apple_music_catalog_album_tracks"":9}",
album|fergie|dutchess,1440659902,rebuilt_from_apple_song_tracklist,15,15,0,15,0,"{""apple_music_catalog_album_tracks"":15}",
album|fever 333|strength in numb333rs,1441326645,rebuilt_from_apple_song_tracklist,10,10,0,10,0,"{""apple_music_catalog_album_tracks"":10}",
album|fifty foot hose|cauldron,1621378191,rebuilt_from_apple_song_tracklist,18,18,0,18,0,"{""apple_music_catalog_album_tracks"":18}",
album|filter|short bus,1576788603,rebuilt_from_apple_song_tracklist,11,11,0,11,0,"{""apple_music_catalog_album_tracks"":11}",
album|fiona apple|extraordinary machine,153432152,rebuilt_from_apple_song_tracklist,12,12,0,12,0,"{""apple_music_catalog_album_tracks"":12}",
album|fiona apple|tidal,309677190,rebuilt_from_apple_song_tracklist,10,10,0,10,0,"{""apple_music_catalog_album_tracks"":10}",
album|fiona apple|when the pawn,153019510,rebuilt_from_apple_song_tracklist,10,10,0,10,0,"{""apple_music_catalog_album_tracks"":10}",
album|first aid kit|lion s roar,1583271287,rebuilt_from_apple_song_tracklist,10,10,0,10,0,"{""apple_music_catalog_album_tracks"":10}",
album|fischerspooner|1,715785591,rebuilt_from_apple_song_tracklist,13,13,0,13,0,"{""apple_music_catalog_album_tracks"":13}",
album|five satins|50 best hits 2023 remastered,1715543363,rebuilt_from_apple_song_tracklist,50,50,0,50,0,"{""apple_music_catalog_album_tracks"":50}",
album|flamin groovies|shake some action,276981907,rebuilt_from_apple_song_tracklist,14,14,0,14,0,"{""apple_music_catalog_album_tracks"":14}",
album|flamingos|flamingo serenade,1195540531,rebuilt_from_apple_song_tracklist,12,12,0,12,0,"{""apple_music_catalog_album_tracks"":12}",
album|flatland cavalry|humble folks,1724062817,rebuilt_from_apple_song_tracklist,11,11,0,11,0,"{""apple_music_catalog_album_tracks"":11}",
album|fleet foxes|fleet foxes,281086394,rebuilt_from_apple_song_tracklist,11,11,0,11,0,"{""apple_music_catalog_album_tracks"":11}",
album|fleet foxes|helplessness blues,425059566,rebuilt_from_apple_song_tracklist,12,12,0,12,0,"{""apple_music_catalog_album_tracks"":12}",
album|fleetwood mac|fleetwood mac,912323292,rebuilt_from_apple_song_tracklist,11,11,0,11,0,"{""apple_music_catalog_album_tracks"":11}",
album|fleetwood mac|rumours,594061854,rebuilt_from_apple_song_tracklist,11,11,0,11,0,"{""apple_music_catalog_album_tracks"":11}",
album|floetry|floetic,1440756123,rebuilt_from_apple_song_tracklist,16,16,0,16,0,"{""apple_music_catalog_album_tracks"":16}",
album|florida georgia line|here s to the good times,1440811897,rebuilt_from_apple_song_tracklist,11,11,0,11,0,"{""apple_music_catalog_album_tracks"":11}",
album|flume|skin,1885929732,rebuilt_from_apple_song_tracklist,16,16,0,16,0,"{""apple_music_catalog_album_tracks"":16}",
album|flying burrito brothers|gilded palace of sin,1440876015,rebuilt_from_apple_song_tracklist,11,11,0,11,0,"{""apple_music_catalog_album_tracks"":11}",
album|flying lotus|cosmogramma,367788829,rebuilt_from_apple_song_tracklist,17,17,0,17,0,"{""apple_music_catalog_album_tracks"":17}",
album|foals|antidotes,1551822348,rebuilt_from_apple_song_tracklist,20,20,0,20,0,"{""apple_music_catalog_album_tracks"":20}",
album|foals|total life forever,369960478,rebuilt_from_apple_song_tracklist,11,11,0,11,0,"{""apple_music_catalog_album_tracks"":11}",
album|focus|moving waves,151178566,rebuilt_from_apple_song_tracklist,6,6,0,6,0,"{""apple_music_catalog_album_tracks"":6}",
album|foghat|fool for the city,1098935593,rebuilt_from_apple_song_tracklist,7,7,0,7,0,"{""apple_music_catalog_album_tracks"":7}",
album|fontaines d c|skinty fia,1783171798,rebuilt_from_apple_song_tracklist,10,10,0,10,0,"{""apple_music_catalog_album_tracks"":10}",
album|foo fighters|colour and the shape,362133451,rebuilt_from_apple_song_tracklist,14,14,0,14,0,"{""apple_music_catalog_album_tracks"":14}",
album|food house|food house,1535282231,rebuilt_from_apple_song_tracklist,11,11,0,11,0,"{""apple_music_catalog_album_tracks"":11}",
album|foreigner|4,285143156,rebuilt_from_apple_song_tracklist,12,12,0,12,0,"{""apple_music_catalog_album_tracks"":12}",
album|foster the people|torches,435761204,rebuilt_from_apple_song_tracklist,11,11,0,11,0,"{""apple_music_catalog_album_tracks"":11}",
album|fountains of wayne|utopia parkway,281709694,rebuilt_from_apple_song_tracklist,14,14,0,14,0,"{""apple_music_catalog_album_tracks"":14}",
album|fountains of wayne|welcome interstate managers,712721721,rebuilt_from_apple_song_tracklist,17,17,0,17,0,"{""apple_music_catalog_album_tracks"":17}",
album|four tet|rounds,308893811,rebuilt_from_apple_song_tracklist,10,10,0,10,0,"{""apple_music_catalog_album_tracks"":10}",
album|four tops|reach out,1443092485,rebuilt_from_apple_song_tracklist,12,12,0,12,0,"{""apple_music_catalog_album_tracks"":12}",
album|fourplay|fourplay,1306463758,rebuilt_from_apple_song_tracklist,11,11,0,11,0,"{""apple_music_catalog_album_tracks"":11}",
album|frank ocean|blonde,1146195596,rebuilt_from_apple_song_tracklist,17,17,0,17,0,"{""apple_music_catalog_album_tracks"":17}",
album|frank ocean|channel orange,1440765580,rebuilt_from_apple_song_tracklist,17,17,0,17,0,"{""apple_music_catalog_album_tracks"":17}",
album|frank sinatra|come fly with me,1442910348,rebuilt_from_apple_song_tracklist,12,12,0,12,0,"{""apple_music_catalog_album_tracks"":12}",
album|frank sinatra|in the wee small hours,1440815019,rebuilt_from_apple_song_tracklist,16,16,0,16,0,"{""apple_music_catalog_album_tracks"":16}",
album|frank sinatra|songs for swingin lovers,1440841946,rebuilt_from_apple_song_tracklist,15,15,0,15,0,"{""apple_music_catalog_album_tracks"":15}",
album|frank zappa|lumpy gravy,1443184225,rebuilt_from_apple_song_tracklist,2,2,0,2,0,"{""apple_music_catalog_album_tracks"":2}",
album|frankie knuckles|beyond the mix,713019783,rebuilt_from_apple_song_tracklist,10,10,0,10,0,"{""apple_music_catalog_album_tracks"":10}",
album|frankie lymon and the teenagers|why do fools fall in love,1544753342,rebuilt_from_apple_song_tracklist,25,25,0,25,0,"{""apple_music_catalog_album_tracks"":25}",
album|franz ferdinand|franz ferdinand,315843479,rebuilt_from_apple_song_tracklist,11,11,0,11,0,"{""apple_music_catalog_album_tracks"":11}",
album|fray|how to save a life,385629502,rebuilt_from_apple_song_tracklist,12,12,0,12,0,"{""apple_music_catalog_album_tracks"":12}",
album|fred again|actual life 3,1640463893,rebuilt_from_apple_song_tracklist,13,13,0,13,0,"{""apple_music_catalog_album_tracks"":13}",
album|fred hammond|pages of life chapters i and ii,303172920,rebuilt_from_apple_song_tracklist,29,29,0,29,0,"{""apple_music_catalog_album_tracks"":29}",
album|fred neil|bleecker and macdougal,59389440,rebuilt_from_apple_song_tracklist,13,13,0,13,0,"{""apple_music_catalog_album_tracks"":13}",
album|free design|you could be born again,1790495797,rebuilt_from_apple_song_tracklist,14,14,0,14,0,"{""apple_music_catalog_album_tracks"":14}",
album|free|fire and water,1440833369,rebuilt_from_apple_song_tracklist,7,7,0,7,0,"{""apple_music_catalog_album_tracks"":7}",
album|front line assembly|tactical neural implant,216663097,rebuilt_from_apple_song_tracklist,8,8,0,8,0,"{""apple_music_catalog_album_tracks"":8}",
album|frost children|speed run,1831252327,rebuilt_from_apple_song_tracklist,11,11,0,11,0,"{""apple_music_catalog_album_tracks"":11}",
album|fuel|sunburn,203911729,rebuilt_from_apple_song_tracklist,13,13,0,13,0,"{""apple_music_catalog_album_tracks"":13}",
album|fuerza regida|pa las baby s y belikeada,1712362875,rebuilt_from_apple_song_tracklist,30,30,0,30,0,"{""apple_music_catalog_album_tracks"":30}",
album|fugazi|repeater,49249888,rebuilt_from_apple_song_tracklist,14,14,0,14,0,"{""apple_music_catalog_album_tracks"":14}",
album|fugees|score,1054461239,rebuilt_from_apple_song_tracklist,15,15,0,15,0,"{""apple_music_catalog_album_tracks"":15}",
album|fugs|fugs first album,1439276930,rebuilt_from_apple_song_tracklist,10,10,0,10,0,"{""apple_music_catalog_album_tracks"":10}",
album|funkadelic|maggot brain,1595227414,rebuilt_from_apple_song_tracklist,7,7,0,7,0,"{""apple_music_catalog_album_tracks"":7}",
album|future|ds2,1017125737,rebuilt_from_apple_song_tracklist,18,18,0,18,0,"{""apple_music_catalog_album_tracks"":18}",
album|future|monster,1484889814,rebuilt_from_apple_song_tracklist,13,13,0,13,0,"{""apple_music_catalog_album_tracks"":13}",
album|galaxie 500|on fire,310810412,rebuilt_from_apple_song_tracklist,13,13,0,13,0,"{""apple_music_catalog_album_tracks"":13}",
album|galaxie 500|today,310812530,rebuilt_from_apple_song_tracklist,10,10,0,10,0,"{""apple_music_catalog_album_tracks"":10}",
album|gang of four|entertainment,1589225331,rebuilt_from_apple_song_tracklist,12,12,0,12,0,"{""apple_music_catalog_album_tracks"":12}",
album|gang of four|solid gold,1589239449,rebuilt_from_apple_song_tracklist,10,10,0,10,0,"{""apple_music_catalog_album_tracks"":10}",
album|gang starr|daily operation,1442868254,rebuilt_from_apple_song_tracklist,18,18,0,18,0,"{""apple_music_catalog_album_tracks"":18}",
album|gang starr|hard to earn,1440845652,rebuilt_from_apple_song_tracklist,17,17,0,17,0,"{""apple_music_catalog_album_tracks"":17}",
album|gang starr|step in the arena,723665537,rebuilt_from_apple_song_tracklist,18,18,0,18,0,"{""apple_music_catalog_album_tracks"":18}",
album|garbage|garbage,1440827138,rebuilt_from_apple_song_tracklist,12,12,0,12,0,"{""apple_music_catalog_album_tracks"":12}",
album|gary numan|pleasure principle,251652523,rebuilt_from_apple_song_tracklist,17,17,0,17,0,"{""apple_music_catalog_album_tracks"":17}",
album|geese|3d country,1822502596,rebuilt_from_apple_song_tracklist,11,11,0,11,0,"{""apple_music_catalog_album_tracks"":11}",
album|gene pitney|only love can break a heart,285982849,rebuilt_from_apple_song_tracklist,12,12,0,12,0,"{""apple_music_catalog_album_tracks"":12}",
album|gene vincent|bluejean bop,1443088443,rebuilt_from_apple_song_tracklist,12,12,0,12,0,"{""apple_music_catalog_album_tracks"":12}",
album|gene vincent|gene vincent and his blue caps,1444084564,rebuilt_from_apple_song_tracklist,12,12,0,12,0,"{""apple_music_catalog_album_tracks"":12}",
album|generation x|generation x,1629183195,rebuilt_from_apple_song_tracklist,16,16,0,16,0,"{""apple_music_catalog_album_tracks"":16}",
album|genesis|foxtrot,294841954,rebuilt_from_apple_song_tracklist,6,6,0,6,0,"{""apple_music_catalog_album_tracks"":6}",
album|genesis|lamb lies down on broadway,1842928175,rebuilt_from_apple_song_tracklist,23,23,0,23,0,"{""apple_music_catalog_album_tracks"":23}",
album|genesis|selling england by the pound,294810249,rebuilt_from_apple_song_tracklist,8,8,0,8,0,"{""apple_music_catalog_album_tracks"":8}",
album|gentle giant|octopus,1698666885,rebuilt_from_apple_song_tracklist,9,9,0,9,0,"{""apple_music_catalog_album_tracks"":9}",
album|george benson|breezin,1018562855,rebuilt_from_apple_song_tracklist,6,6,0,6,0,"{""apple_music_catalog_album_tracks"":6}",
album|george jones|i am what i am,169742834,rebuilt_from_apple_song_tracklist,14,14,0,14,0,"{""apple_music_catalog_album_tracks"":14}",
album|george michael|faith,395918916,rebuilt_from_apple_song_tracklist,10,10,0,10,0,"{""apple_music_catalog_album_tracks"":10}",
album|george strait|blue clear sky,1440734787,rebuilt_from_apple_song_tracklist,10,10,0,10,0,"{""apple_music_catalog_album_tracks"":10}",
album|george strait|pure country,1440782254,rebuilt_from_apple_song_tracklist,11,11,0,11,0,"{""apple_music_catalog_album_tracks"":11}",
album|germs|gi,286128938,rebuilt_from_apple_song_tracklist,16,16,0,16,0,"{""apple_music_catalog_album_tracks"":16}",
album|gerry rafferty|city to city,693606397,rebuilt_from_apple_song_tracklist,10,10,0,10,0,"{""apple_music_catalog_album_tracks"":10}",
album|get up kids|something to write home about,1450931751,rebuilt_from_apple_song_tracklist,12,12,0,12,0,"{""apple_music_catalog_album_tracks"":12}",
album|geto boys|grip it on that other level,1812969997,rebuilt_from_apple_song_tracklist,12,12,0,12,0,"{""apple_music_catalog_album_tracks"":12}",
album|ghost|meliora,1440952111,rebuilt_from_apple_song_tracklist,10,10,0,10,0,"{""apple_music_catalog_album_tracks"":10}",
album|ghostface killah|ironman,157485357,rebuilt_from_apple_song_tracklist,16,16,0,16,0,"{""apple_music_catalog_album_tracks"":16}",
album|gilbert o sullivan|himself,1716371365,rebuilt_from_apple_song_tracklist,14,14,0,14,0,"{""apple_music_catalog_album_tracks"":14}",
album|gilberto santa rosa|perspectiva,170115057,rebuilt_from_apple_song_tracklist,10,10,0,10,0,"{""apple_music_catalog_album_tracks"":10}",
album|gilla band|most normal,1630898850,rebuilt_from_apple_song_tracklist,12,12,0,12,0,"{""apple_music_catalog_album_tracks"":12}",
album|gillian welch|harrow and the harvest,442562856,rebuilt_from_apple_song_tracklist,10,10,0,10,0,"{""apple_music_catalog_album_tracks"":10}",
album|gillian welch|revival,79773890,rebuilt_from_apple_song_tracklist,10,10,0,10,0,"{""apple_music_catalog_album_tracks"":10}",
album|gillian welch|time the revelator,79765126,rebuilt_from_apple_song_tracklist,10,10,0,10,0,"{""apple_music_catalog_album_tracks"":10}",
album|gino vannelli|brother to brother,1443919162,rebuilt_from_apple_song_tracklist,9,9,0,9,0,"{""apple_music_catalog_album_tracks"":9}",
album|gipsy kings|gipsy kings,316136217,rebuilt_from_apple_song_tracklist,12,12,0,12,0,"{""apple_music_catalog_album_tracks"":12}",
album|glass animals|dreamland,1508562310,rebuilt_from_apple_song_tracklist,16,16,0,16,0,"{""apple_music_catalog_album_tracks"":16}",
album|glen campbell|rhinestone cowboy,1442453148,rebuilt_from_apple_song_tracklist,15,15,0,15,0,"{""apple_music_catalog_album_tracks"":15}",
album|glen campbell|wichita lineman,1443109329,rebuilt_from_apple_song_tracklist,11,11,0,11,0,"{""apple_music_catalog_album_tracks"":11}",
album|gloria estefan|mi tierra,196407720,rebuilt_from_apple_song_tracklist,12,12,0,12,0,"{""apple_music_catalog_album_tracks"":12}",
album|gloria gaynor|love tracks,1475006468,rebuilt_from_apple_song_tracklist,8,8,0,8,0,"{""apple_music_catalog_album_tracks"":8}",
album|go go s|beauty and the beat,1440843867,rebuilt_from_apple_song_tracklist,11,11,0,11,0,"{""apple_music_catalog_album_tracks"":11}",
album|godflesh|streetcleaner,61616986,rebuilt_from_apple_song_tracklist,14,14,0,14,0,"{""apple_music_catalog_album_tracks"":14}",
album|godz|contact high with the godz,1235489548,rebuilt_from_apple_song_tracklist,9,9,0,9,0,"{""apple_music_catalog_album_tracks"":9}",
album|gojira|from mars to sirius,213374112,rebuilt_from_apple_song_tracklist,12,12,0,12,0,"{""apple_music_catalog_album_tracks"":12}",
album|gojira|magma,1104432592,rebuilt_from_apple_song_tracklist,10,10,0,10,0,"{""apple_music_catalog_album_tracks"":10}",
album|goo goo dolls|dizzy up the girl,1109658139,rebuilt_from_apple_song_tracklist,13,13,0,13,0,"{""apple_music_catalog_album_tracks"":13}",
album|good charlotte|young and the hopeless,288051938,rebuilt_from_apple_song_tracklist,14,14,0,14,0,"{""apple_music_catalog_album_tracks"":14}",
album|goodie mob|soul food,298575031,rebuilt_from_apple_song_tracklist,19,19,0,19,0,"{""apple_music_catalog_album_tracks"":19}",
album|goodie mob|still standing,298577664,rebuilt_from_apple_song_tracklist,15,15,0,15,0,"{""apple_music_catalog_album_tracks"":15}",
album|gorillaz|cracker island,1641561652,rebuilt_from_apple_song_tracklist,11,11,0,11,0,"{""apple_music_catalog_album_tracks"":11}",
album|gram parsons|grievous angel,304907551,rebuilt_from_apple_song_tracklist,9,9,0,9,0,"{""apple_music_catalog_album_tracks"":9}",
album|grandmaster flash and the furious five|message,59389719,rebuilt_from_apple_song_tracklist,8,8,0,8,0,"{""apple_music_catalog_album_tracks"":8}",
album|grateful dead|live dead,20885553,rebuilt_from_apple_song_tracklist,7,7,0,7,0,"{""apple_music_catalog_album_tracks"":7}",
album|green day|american idiot,1161539183,rebuilt_from_apple_song_tracklist,13,13,0,13,0,"{""apple_music_catalog_album_tracks"":13}",
album|green day|dookie,1160081985,rebuilt_from_apple_song_tracklist,15,15,0,15,0,"{""apple_music_catalog_album_tracks"":15}",
album|green day|insomniac,1160079960,rebuilt_from_apple_song_tracklist,14,14,0,14,0,"{""apple_music_catalog_album_tracks"":14}",
album|green river|rehab doll,283554815,rebuilt_from_apple_song_tracklist,16,16,0,16,0,"{""apple_music_catalog_album_tracks"":16}",
album|greenhornes|gun for you,371727050,rebuilt_from_apple_song_tracklist,12,12,0,12,0,"{""apple_music_catalog_album_tracks"":12}",
album|gregory alan isakov|this empty northern hemisphere,316335828,rebuilt_from_apple_song_tracklist,13,13,0,13,0,"{""apple_music_catalog_album_tracks"":13}",
album|grimes|art angels,1051022913,rebuilt_from_apple_song_tracklist,14,14,0,14,0,"{""apple_music_catalog_album_tracks"":14}",
album|grimes|visions,499874506,rebuilt_from_apple_song_tracklist,14,14,0,14,0,"{""apple_music_catalog_album_tracks"":14}",
album|grizzly bear|veckatimest,314837656,rebuilt_from_apple_song_tracklist,12,12,0,12,0,"{""apple_music_catalog_album_tracks"":12}",
album|grizzly bear|yellow house,167622312,rebuilt_from_apple_song_tracklist,10,10,0,10,0,"{""apple_music_catalog_album_tracks"":10}",
album|grover washington jr|winelight,321974938,rebuilt_from_apple_song_tracklist,6,6,0,6,0,"{""apple_music_catalog_album_tracks"":6}",
album|grupo frontera|el comienzo,1840983079,rebuilt_from_apple_song_tracklist,12,12,0,12,0,"{""apple_music_catalog_album_tracks"":12}",
album|gucci mane|trap house,577629542,rebuilt_from_apple_song_tracklist,18,18,0,18,0,"{""apple_music_catalog_album_tracks"":18}",
album|guided by voices|alien lanes,1589230315,rebuilt_from_apple_song_tracklist,28,28,0,28,0,"{""apple_music_catalog_album_tracks"":28}",
album|guided by voices|bee thousand,280175064,rebuilt_from_apple_song_tracklist,20,20,0,20,0,"{""apple_music_catalog_album_tracks"":20}",
album|guns n roses|appetite for destruction,1377813284,rebuilt_from_apple_song_tracklist,12,12,0,12,0,"{""apple_music_catalog_album_tracks"":12}",
album|guy clark|old no 1,284045110,rebuilt_from_apple_song_tracklist,10,10,0,10,0,"{""apple_music_catalog_album_tracks"":10}",
album|guy clark|texas cookin,284045330,rebuilt_from_apple_song_tracklist,10,10,0,10,0,"{""apple_music_catalog_album_tracks"":10}",
album|gwen stefani|love angel music baby,1452869898,rebuilt_from_apple_song_tracklist,20,20,0,20,0,"{""apple_music_catalog_album_tracks"":20}",
album|gza|liquid swords,1440835438,rebuilt_from_apple_song_tracklist,13,13,0,13,0,"{""apple_music_catalog_album_tracks"":13}",
album|hall and oates|private eyes,217749693,rebuilt_from_apple_song_tracklist,13,13,0,13,0,"{""apple_music_catalog_album_tracks"":13}",
album|halsey|badlands,1440872587,rebuilt_from_apple_song_tracklist,11,11,0,11,0,"{""apple_music_catalog_album_tracks"":11}",
album|halsey|manic,1479627997,rebuilt_from_apple_song_tracklist,16,16,0,16,0,"{""apple_music_catalog_album_tracks"":16}",
album|hank williams|40 greatest hits,1434905254,rebuilt_from_apple_song_tracklist,40,40,0,40,0,"{""apple_music_catalog_album_tracks"":40}",
album|hannah diamond|reflections,1543477278,rebuilt_from_apple_song_tracklist,10,10,0,10,0,"{""apple_music_catalog_album_tracks"":10}",
album|hans zimmer and james newton howard|dark knight,302505039,rebuilt_from_apple_song_tracklist,28,28,0,28,0,"{""apple_music_catalog_album_tracks"":28}",
album|hans zimmer and lisa gerrard|gladiator,1440563157,rebuilt_from_apple_song_tracklist,17,17,0,17,0,"{""apple_music_catalog_album_tracks"":17}",
album|hans zimmer|interstellar,1533983552,rebuilt_from_apple_song_tracklist,30,30,0,30,0,"{""apple_music_catalog_album_tracks"":30}",
album|harptones|life is but a dream,1491664837,rebuilt_from_apple_song_tracklist,10,10,0,10,0,"{""apple_music_catalog_album_tracks"":10}",
album|harry nilsson|nilsson schmilsson,304815001,rebuilt_from_apple_song_tracklist,10,10,0,10,0,"{""apple_music_catalog_album_tracks"":10}",
album|harry styles|fine line,1485802965,rebuilt_from_apple_song_tracklist,12,12,0,12,0,"{""apple_music_catalog_album_tracks"":12}",
album|hawthorne heights|silence in black and white,1293039797,rebuilt_from_apple_song_tracklist,11,11,0,11,0,"{""apple_music_catalog_album_tracks"":11}",
album|hayes carll|trouble in mind,1440720129,rebuilt_from_apple_song_tracklist,14,14,0,14,0,"{""apple_music_catalog_album_tracks"":14}",
album|head and the heart|head and the heart,1771697400,rebuilt_from_apple_song_tracklist,10,10,0,10,0,"{""apple_music_catalog_album_tracks"":10}",
album|heatwave|too hot to handle,192659318,rebuilt_from_apple_song_tracklist,9,9,0,9,0,"{""apple_music_catalog_album_tracks"":9}",
album|hector lavoe|la voz,1691096142,rebuilt_from_apple_song_tracklist,8,8,0,8,0,"{""apple_music_catalog_album_tracks"":8}",
album|herb alpert|rise,1529660252,rebuilt_from_apple_song_tracklist,8,8,0,8,0,"{""apple_music_catalog_album_tracks"":8}",
album|herbie hancock|head hunters,158571524,rebuilt_from_apple_song_tracklist,4,4,0,4,0,"{""apple_music_catalog_album_tracks"":4}",
album|high on fire|blessed black wings,67965407,rebuilt_from_apple_song_tracklist,9,9,0,9,0,"{""apple_music_catalog_album_tracks"":9}",
album|highly suspect|mister asylum,975018114,rebuilt_from_apple_song_tracklist,10,10,0,10,0,"{""apple_music_catalog_album_tracks"":10}",
album|hikaru utada|first love,1440763349,rebuilt_from_apple_song_tracklist,11,11,0,11,0,"{""apple_music_catalog_album_tracks"":11}",
album|hillsong united|zion,1827110207,rebuilt_from_apple_song_tracklist,13,13,0,13,0,"{""apple_music_catalog_album_tracks"":13}",
album|hillsong worship|shout to the lord,1803646271,rebuilt_from_apple_song_tracklist,12,12,0,12,0,"{""apple_music_catalog_album_tracks"":12}",
album|hinder|extreme behavior,1440762422,rebuilt_from_apple_song_tracklist,11,11,0,11,0,"{""apple_music_catalog_album_tracks"":11}",
album|hives|tyrannosaurus hives,1442588576,rebuilt_from_apple_song_tracklist,12,12,0,12,0,"{""apple_music_catalog_album_tracks"":12}",
album|hives|veni vidi vicious,279691845,rebuilt_from_apple_song_tracklist,12,12,0,12,0,"{""apple_music_catalog_album_tracks"":12}",
album|hole|live through this,1445732603,rebuilt_from_apple_song_tracklist,12,12,0,12,0,"{""apple_music_catalog_album_tracks"":12}",
album|hollies|butterfly,1750080262,rebuilt_from_apple_song_tracklist,24,24,0,24,0,"{""apple_music_catalog_album_tracks"":24}",
album|hollies|evolution,1750074861,rebuilt_from_apple_song_tracklist,24,24,0,24,0,"{""apple_music_catalog_album_tracks"":24}",
album|hollies|for certain because,696623142,rebuilt_from_apple_song_tracklist,24,24,0,24,0,"{""apple_music_catalog_album_tracks"":24}",
album|home|odyssey,1790486926,rebuilt_from_apple_song_tracklist,12,12,0,12,0,"{""apple_music_catalog_album_tracks"":12}",
album|hoobastank|reason,1722839954,rebuilt_from_apple_song_tracklist,17,17,0,17,0,"{""apple_music_catalog_album_tracks"":17}",
album|horace silver|song for my father,1471085186,rebuilt_from_apple_song_tracklist,6,6,0,6,0,"{""apple_music_catalog_album_tracks"":6}",
album|horsegirl|versions of modern performance,1610089396,rebuilt_from_apple_song_tracklist,12,12,0,12,0,"{""apple_music_catalog_album_tracks"":12}",
album|hot chip|warning,1250994586,rebuilt_from_apple_song_tracklist,12,12,0,12,0,"{""apple_music_catalog_album_tracks"":12}",
album|howard shore|lord of the rings the fellowship of the ring,323714092,rebuilt_from_apple_song_tracklist,18,18,0,18,0,"{""apple_music_catalog_album_tracks"":18}",
album|human league|dare,724437555,rebuilt_from_apple_song_tracklist,10,10,0,10,0,"{""apple_music_catalog_album_tracks"":10}",
album|husker du|flip your wig,515394844,rebuilt_from_apple_song_tracklist,14,14,0,14,0,"{""apple_music_catalog_album_tracks"":14}",
album|husker du|metal circus,515536188,rebuilt_from_apple_song_tracklist,7,7,0,7,0,"{""apple_music_catalog_album_tracks"":7}",
album|husker du|new day rising,515394889,rebuilt_from_apple_song_tracklist,15,15,0,15,0,"{""apple_music_catalog_album_tracks"":15}",
album|husker du|zen arcade,515427828,rebuilt_from_apple_song_tracklist,23,23,0,23,0,"{""apple_music_catalog_album_tracks"":23}",
album|i prevail|trauma,1452693515,rebuilt_from_apple_song_tracklist,13,13,0,13,0,"{""apple_music_catalog_album_tracks"":13}",
album|ice cube|amerikkka s most wanted,1422704616,rebuilt_from_apple_song_tracklist,16,16,0,16,0,"{""apple_music_catalog_album_tracks"":16}",
album|ice cube|death certificate,1590072758,rebuilt_from_apple_song_tracklist,20,20,0,20,0,"{""apple_music_catalog_album_tracks"":20}",
album|ice cube|predator,1440858596,rebuilt_from_apple_song_tracklist,16,16,0,16,0,"{""apple_music_catalog_album_tracks"":16}",
album|ice nine kills|silver scream,1435519854,rebuilt_from_apple_song_tracklist,13,13,0,13,0,"{""apple_music_catalog_album_tracks"":13}",
album|ice t|o g original gangster,345100584,rebuilt_from_apple_song_tracklist,24,24,0,24,0,"{""apple_music_catalog_album_tracks"":24}",
album|idealism|rainy evening,1892684529,rebuilt_from_apple_song_tracklist,5,5,0,5,0,"{""apple_music_catalog_album_tracks"":5}",
album|idles|joy as an act of resistance,1393364154,rebuilt_from_apple_song_tracklist,12,12,0,12,0,"{""apple_music_catalog_album_tracks"":12}",
album|ike and tina turner|soul of ike and tina turner,1433974045,rebuilt_from_apple_song_tracklist,12,12,0,12,0,"{""apple_music_catalog_album_tracks"":12}",
album|il divo|ancora,159707441,rebuilt_from_apple_song_tracklist,10,10,0,10,0,"{""apple_music_catalog_album_tracks"":10}",
album|india arie|acoustic soul,1440785961,rebuilt_from_apple_song_tracklist,16,16,0,16,0,"{""apple_music_catalog_album_tracks"":16}",
album|indigo girls|rites of passage,262057602,rebuilt_from_apple_song_tracklist,15,15,0,15,0,"{""apple_music_catalog_album_tracks"":15}",
album|indigo girls|swamp ophelia,192798180,rebuilt_from_apple_song_tracklist,11,11,0,11,0,"{""apple_music_catalog_album_tracks"":11}",
album|inner city|paradise,724913797,rebuilt_from_apple_song_tracklist,10,10,0,10,0,"{""apple_music_catalog_album_tracks"":10}",
album|interpol|antics,1589250507,rebuilt_from_apple_song_tracklist,10,10,0,10,0,"{""apple_music_catalog_album_tracks"":10}",
album|interpol|turn on the bright lights,1589272584,rebuilt_from_apple_song_tracklist,11,11,0,11,0,"{""apple_music_catalog_album_tracks"":11}",
album|inxs|kick,1614037635,rebuilt_from_apple_song_tracklist,12,12,0,12,0,"{""apple_music_catalog_album_tracks"":12}",
album|inxs|listen like thieves,828783216,rebuilt_from_apple_song_tracklist,11,11,0,11,0,"{""apple_music_catalog_album_tracks"":11}",
album|iris dement|infamous angel,1250228683,rebuilt_from_apple_song_tracklist,11,11,0,11,0,"{""apple_music_catalog_album_tracks"":11}",
album|iron and wine|creek drank the cradle,3274325,rebuilt_from_apple_song_tracklist,11,11,0,11,0,"{""apple_music_catalog_album_tracks"":11}",
album|iron and wine|our endless numbered days,5644896,rebuilt_from_apple_song_tracklist,12,12,0,12,0,"{""apple_music_catalog_album_tracks"":12}",
album|iron and wine|shepherd s dog,669617227,rebuilt_from_apple_song_tracklist,12,12,0,12,0,"{""apple_music_catalog_album_tracks"":12}",
album|iron maiden|live after death,1713861150,rebuilt_from_apple_song_tracklist,18,18,0,18,0,"{""apple_music_catalog_album_tracks"":18}",
album|iron maiden|number of the beast,1713862422,rebuilt_from_apple_song_tracklist,8,8,0,8,0,"{""apple_music_catalog_album_tracks"":8}",
album|iron maiden|powerslave,1713861278,rebuilt_from_apple_song_tracklist,8,8,0,8,0,"{""apple_music_catalog_album_tracks"":8}",
album|isaac hayes|black moses,1886473322,rebuilt_from_apple_song_tracklist,14,14,0,14,0,"{""apple_music_catalog_album_tracks"":14}",
album|isaac hayes|hot buttered soul,1440941776,rebuilt_from_apple_song_tracklist,4,4,0,4,0,"{""apple_music_catalog_album_tracks"":4}",
album|ivy queen|diva,1451154288,rebuilt_from_apple_song_tracklist,17,17,0,17,0,"{""apple_music_catalog_album_tracks"":17}",
album|j balvin|colores,1500490683,rebuilt_from_apple_song_tracklist,10,10,0,10,0,"{""apple_music_catalog_album_tracks"":10}",
album|j balvin|energia,1440834941,rebuilt_from_apple_song_tracklist,15,15,0,15,0,"{""apple_music_catalog_album_tracks"":15}",
album|j balvin|vibras,1368816332,rebuilt_from_apple_song_tracklist,14,14,0,14,0,"{""apple_music_catalog_album_tracks"":14}",
album|j cole|2014 forest hills drive,1600772499,rebuilt_from_apple_song_tracklist,13,13,0,13,0,"{""apple_music_catalog_album_tracks"":13}",
album|j dilla|donuts,108233171,rebuilt_from_apple_song_tracklist,31,31,0,31,0,"{""apple_music_catalog_album_tracks"":31}",
album|j san|her,1725573618,rebuilt_from_apple_song_tracklist,10,10,0,10,0,"{""apple_music_catalog_album_tracks"":10}",
album|ja rule|pain is love,1450652951,rebuilt_from_apple_song_tracklist,17,17,0,17,0,"{""apple_music_catalog_album_tracks"":17}",
album|jack johnson|brushfire fairytales,906900960,rebuilt_from_apple_song_tracklist,15,15,0,15,0,"{""apple_music_catalog_album_tracks"":15}",
album|jackson 5|diana ross presents the jackson 5,1443221837,rebuilt_from_apple_song_tracklist,12,12,0,12,0,"{""apple_music_catalog_album_tracks"":12}",
album|jackson browne|for everyman,1739866548,rebuilt_from_apple_song_tracklist,10,10,0,10,0,"{""apple_music_catalog_album_tracks"":10}",
album|jackson browne|late for the sky,875641469,rebuilt_from_apple_song_tracklist,8,8,0,8,0,"{""apple_music_catalog_album_tracks"":8}",
album|james blunt|back to bedlam,714602877,rebuilt_from_apple_song_tracklist,11,11,0,11,0,"{""apple_music_catalog_album_tracks"":11}",
album|james brown and the famous flames|please please please,1443828151,rebuilt_from_apple_song_tracklist,16,16,0,16,0,"{""apple_music_catalog_album_tracks"":16}",
album|james brown|live at the apollo,1445669062,rebuilt_from_apple_song_tracklist,11,11,0,11,0,"{""apple_music_catalog_album_tracks"":11}",
album|james brown|payback,1440814785,rebuilt_from_apple_song_tracklist,8,8,0,8,0,"{""apple_music_catalog_album_tracks"":8}",
album|james brown|sex machine,1442983352,rebuilt_from_apple_song_tracklist,15,15,0,15,0,"{""apple_music_catalog_album_tracks"":15}",
album|james taylor|sweet baby james,1480026454,rebuilt_from_apple_song_tracklist,11,11,0,11,0,"{""apple_music_catalog_album_tracks"":11}",
album|james white and the blacks|off white,258293474,rebuilt_from_apple_song_tracklist,14,14,0,14,0,"{""apple_music_catalog_album_tracks"":14}",
album|jan and dean|dead man s curve the new girl in school,721245380,rebuilt_from_apple_song_tracklist,12,12,0,12,0,"{""apple_music_catalog_album_tracks"":12}",
album|jan and dean|ride the wild surf,715562999,rebuilt_from_apple_song_tracklist,12,12,0,12,0,"{""apple_music_catalog_album_tracks"":12}",
album|jane remover|census designated,1703895203,rebuilt_from_apple_song_tracklist,10,10,0,10,0,"{""apple_music_catalog_album_tracks"":10}",
album|jane s addiction|nothing s shocking,1018518208,rebuilt_from_apple_song_tracklist,11,11,0,11,0,"{""apple_music_catalog_album_tracks"":11}",
album|janet jackson|control,1440831636,rebuilt_from_apple_song_tracklist,9,9,0,9,0,"{""apple_music_catalog_album_tracks"":9}",
album|janet jackson|janet jackson s rhythm nation 1814,1440838561,rebuilt_from_apple_song_tracklist,20,20,0,20,0,"{""apple_music_catalog_album_tracks"":20}",
album|janet jackson|janet,1388413681,rebuilt_from_apple_song_tracklist,28,28,0,28,0,"{""apple_music_catalog_album_tracks"":28}",
album|janet jackson|rhythm nation 1814,1440838561,rebuilt_from_apple_song_tracklist,20,20,0,20,0,"{""apple_music_catalog_album_tracks"":20}",
album|japanese breakfast|jubilee,1553364590,rebuilt_from_apple_song_tracklist,10,10,0,10,0,"{""apple_music_catalog_album_tracks"":10}",
album|jars of clay|jars of clay,309887579,rebuilt_from_apple_song_tracklist,10,10,0,10,0,"{""apple_music_catalog_album_tracks"":10}",
album|jason aldean|my kinda party,1686124260,rebuilt_from_apple_song_tracklist,15,15,0,15,0,"{""apple_music_catalog_album_tracks"":15}",
album|jason isbell and the 400 unit|nashville sound,1216344634,rebuilt_from_apple_song_tracklist,10,10,0,10,0,"{""apple_music_catalog_album_tracks"":10}",
album|jason isbell|southeastern,1760726182,rebuilt_from_apple_song_tracklist,12,12,0,12,0,"{""apple_music_catalog_album_tracks"":12}",
album|jawbox|for your own special sweetheart,207081205,rebuilt_from_apple_song_tracklist,13,13,0,13,0,"{""apple_music_catalog_album_tracks"":13}",
album|jawbox|novelty,54546108,rebuilt_from_apple_song_tracklist,12,12,0,12,0,"{""apple_music_catalog_album_tracks"":12}",
album|jay z|blueprint,1440935272,rebuilt_from_apple_song_tracklist,15,15,0,15,0,"{""apple_music_catalog_album_tracks"":15}",
album|jay z|reasonable doubt,1636373860,rebuilt_from_apple_song_tracklist,16,16,0,16,0,"{""apple_music_catalog_album_tracks"":16}",
album|jay z|vol 2 hard knock life,1440914180,rebuilt_from_apple_song_tracklist,14,14,0,14,0,"{""apple_music_catalog_album_tracks"":14}",
album|jayhawks|hollywood town hall,1443894392,rebuilt_from_apple_song_tracklist,10,10,0,10,0,"{""apple_music_catalog_album_tracks"":10}",
album|jayhawks|tomorrow the green grass,1440928275,rebuilt_from_apple_song_tracklist,13,13,0,13,0,"{""apple_music_catalog_album_tracks"":13}",
album|jean michel jarre|oxygene,1719812323,rebuilt_from_apple_song_tracklist,6,6,0,6,0,"{""apple_music_catalog_album_tracks"":6}",
album|jefferson airplane|surrealistic pillow,281811707,rebuilt_from_apple_song_tracklist,17,17,0,17,0,"{""apple_music_catalog_album_tracks"":17}",
album|jellyfish|bellybutton,723693536,rebuilt_from_apple_song_tracklist,10,10,0,10,0,"{""apple_music_catalog_album_tracks"":10}",
album|jellyfish|spilt milk,1713115869,rebuilt_from_apple_song_tracklist,12,12,0,12,0,"{""apple_music_catalog_album_tracks"":12}",
album|jennifer lopez|on the 6,265143164,rebuilt_from_apple_song_tracklist,16,16,0,16,0,"{""apple_music_catalog_album_tracks"":16}",
album|jerry jeff walker|viva terlingua,1444063123,rebuilt_from_apple_song_tracklist,9,9,0,9,0,"{""apple_music_catalog_album_tracks"":9}",
album|jerry lee lewis|jerry lee s greatest,1890334969,rebuilt_from_apple_song_tracklist,12,12,0,12,0,"{""apple_music_catalog_album_tracks"":12}",
album|jeru the damaja|sun rises in the east,1434911347,rebuilt_from_apple_song_tracklist,13,13,0,13,0,"{""apple_music_catalog_album_tracks"":13}",
album|jesus and mary chain|psychocandy,1676759774,rebuilt_from_apple_song_tracklist,14,14,0,14,0,"{""apple_music_catalog_album_tracks"":14}",
album|jesus culture|your love never fails,1440830801,rebuilt_from_apple_song_tracklist,10,10,0,10,0,"{""apple_music_catalog_album_tracks"":10}",
album|jesus lizard|goat,1120152897,rebuilt_from_apple_song_tracklist,14,14,0,14,0,"{""apple_music_catalog_album_tracks"":14}",
album|jesus lizard|liar,1120149482,rebuilt_from_apple_song_tracklist,14,14,0,14,0,"{""apple_music_catalog_album_tracks"":14}",
album|jet|get born,1778047969,rebuilt_from_apple_song_tracklist,13,13,0,13,0,"{""apple_music_catalog_album_tracks"":13}",
album|jethro tull|aqualung,726371044,rebuilt_from_apple_song_tracklist,14,14,0,14,0,"{""apple_music_catalog_album_tracks"":14}",
album|jethro tull|thick as a brick,1006839794,rebuilt_from_apple_song_tracklist,8,8,0,8,0,"{""apple_music_catalog_album_tracks"":8}",
album|jewel|pieces of you,1576787215,rebuilt_from_apple_song_tracklist,14,14,0,14,0,"{""apple_music_catalog_album_tracks"":14}",
album|jhene aiko|souled out,1443227822,rebuilt_from_apple_song_tracklist,14,14,0,14,0,"{""apple_music_catalog_album_tracks"":14}",
album|jill scott|who is jill scott words and sounds vol 1,1416153023,rebuilt_from_apple_song_tracklist,19,19,0,19,0,"{""apple_music_catalog_album_tracks"":19}",
album|jimi hendrix experience|are you experienced,357225315,rebuilt_from_apple_song_tracklist,18,17,1,17,-1,"{""apple_music_catalog_album_tracks"":18}",
album|jimi hendrix experience|electric ladyland,357652252,rebuilt_from_apple_song_tracklist,17,16,1,16,-1,"{""apple_music_catalog_album_tracks"":17}",
album|jimmy eat world|bleed american,1450030107,rebuilt_from_apple_song_tracklist,11,11,0,11,0,"{""apple_music_catalog_album_tracks"":11}",
album|jimmy eat world|clarity,718997679,rebuilt_from_apple_song_tracklist,15,15,0,15,0,"{""apple_music_catalog_album_tracks"":15}",
album|jive five|best of the jive five,350891841,rebuilt_from_apple_song_tracklist,14,14,0,14,0,"{""apple_music_catalog_album_tracks"":14}",
album|joan baez|farewell angelina,712077351,rebuilt_from_apple_song_tracklist,14,14,0,14,0,"{""apple_music_catalog_album_tracks"":14}",
album|joan baez|in concert,711947051,rebuilt_from_apple_song_tracklist,16,16,0,16,0,"{""apple_music_catalog_album_tracks"":16}",
album|joan baez|joan baez,1439839396,rebuilt_from_apple_song_tracklist,13,13,0,13,0,"{""apple_music_catalog_album_tracks"":13}",
album|joan sebastian|secreto de amor,1495513038,rebuilt_from_apple_song_tracklist,10,10,0,10,0,"{""apple_music_catalog_album_tracks"":10}",
album|jodeci|diary of a mad band,1440637554,rebuilt_from_apple_song_tracklist,13,13,0,13,0,"{""apple_music_catalog_album_tracks"":13}",
album|joe jackson|look sharp,1440917022,rebuilt_from_apple_song_tracklist,13,13,0,13,0,"{""apple_music_catalog_album_tracks"":13}",
album|joff bush|bluey the album,1539376375,rebuilt_from_apple_song_tracklist,17,17,0,17,0,"{""apple_music_catalog_album_tracks"":17}",
album|john coltrane|a love supreme,1440713018,rebuilt_from_apple_song_tracklist,4,4,0,4,0,"{""apple_music_catalog_album_tracks"":4}",
album|john coltrane|blue train,1468202477,rebuilt_from_apple_song_tracklist,5,5,0,5,0,"{""apple_music_catalog_album_tracks"":5}",
album|john legend|get lifted,1451363316,rebuilt_from_apple_song_tracklist,15,15,0,15,0,"{""apple_music_catalog_album_tracks"":15}",
album|john martyn|solid air,1443804309,rebuilt_from_apple_song_tracklist,10,10,0,10,0,"{""apple_music_catalog_album_tracks"":10}",
album|john mayer|heavier things,199049977,rebuilt_from_apple_song_tracklist,10,10,0,10,0,"{""apple_music_catalog_album_tracks"":10}",
album|john mayer|room for squares,283699720,rebuilt_from_apple_song_tracklist,13,13,0,13,0,"{""apple_music_catalog_album_tracks"":13}",
album|john prine|bruised orange,285601729,rebuilt_from_apple_song_tracklist,10,10,0,10,0,"{""apple_music_catalog_album_tracks"":10}",
album|john prine|john prine,1018524551,rebuilt_from_apple_song_tracklist,13,13,0,13,0,"{""apple_music_catalog_album_tracks"":13}",
album|john williams|jurassic park,1440800206,rebuilt_from_apple_song_tracklist,16,16,0,16,0,"{""apple_music_catalog_album_tracks"":16}",
album|john williams|star wars,1375814280,rebuilt_from_apple_song_tracklist,16,16,0,16,0,"{""apple_music_catalog_album_tracks"":16}",
album|johnnie taylor|who s making love,1444163315,rebuilt_from_apple_song_tracklist,12,12,0,12,0,"{""apple_music_catalog_album_tracks"":12}",
album|johnny and the hurricanes|red river rock,1563530680,rebuilt_from_apple_song_tracklist,12,12,0,12,0,"{""apple_music_catalog_album_tracks"":12}",
album|johnny burnette and the rock n roll trio|johnny burnette and the rock n roll trio,1443810302,rebuilt_from_apple_song_tracklist,12,12,0,12,0,"{""apple_music_catalog_album_tracks"":12}",
album|johnny cash|at folsom prison,825516828,rebuilt_from_apple_song_tracklist,16,16,0,16,0,"{""apple_music_catalog_album_tracks"":16}",
album|johnny cash|fabulous johnny cash,824805241,rebuilt_from_apple_song_tracklist,12,12,0,12,0,"{""apple_music_catalog_album_tracks"":12}",
album|johnny cash|johnny cash with his hot and blue guitar,1890333832,rebuilt_from_apple_song_tracklist,12,12,0,12,0,"{""apple_music_catalog_album_tracks"":12}",
album|johnny mathis|johnny s greatest hits,181452509,rebuilt_from_apple_song_tracklist,12,12,0,12,0,"{""apple_music_catalog_album_tracks"":12}",
album|joni mitchell|blue,1492263092,rebuilt_from_apple_song_tracklist,10,10,0,10,0,"{""apple_music_catalog_album_tracks"":10}",
album|joni mitchell|court and spark,1492263239,rebuilt_from_apple_song_tracklist,11,11,0,11,0,"{""apple_music_catalog_album_tracks"":11}",
album|joni mitchell|hejira,1492262288,rebuilt_from_apple_song_tracklist,9,9,0,9,0,"{""apple_music_catalog_album_tracks"":9}",
album|joni mitchell|ladies of the canyon,1492312524,rebuilt_from_apple_song_tracklist,12,12,0,12,0,"{""apple_music_catalog_album_tracks"":12}",
album|jose gonzalez|veneer,828118023,rebuilt_from_apple_song_tracklist,11,11,0,11,0,"{""apple_music_catalog_album_tracks"":11}",
album|josh groban|closer,986497062,rebuilt_from_apple_song_tracklist,13,13,0,13,0,"{""apple_music_catalog_album_tracks"":13}",
album|journey|escape,1640102583,rebuilt_from_apple_song_tracklist,10,10,0,10,0,"{""apple_music_catalog_album_tracks"":10}",
album|journey|journey greatest hits,169003304,rebuilt_from_apple_song_tracklist,16,16,0,16,0,"{""apple_music_catalog_album_tracks"":16}",
album|joy division|closer,266610001,rebuilt_from_apple_song_tracklist,21,21,0,21,0,"{""apple_music_catalog_album_tracks"":21}",
album|joy division|unknown pleasures,266603040,rebuilt_from_apple_song_tracklist,22,22,0,22,0,"{""apple_music_catalog_album_tracks"":22}",
album|juan gabriel|recuerdos ii,404411092,rebuilt_from_apple_song_tracklist,10,10,0,10,0,"{""apple_music_catalog_album_tracks"":10}",
album|juan luis guerra 4 40|ojala que llueva cafe,19468947,rebuilt_from_apple_song_tracklist,7,7,0,7,0,"{""apple_music_catalog_album_tracks"":7}",
album|juan luis guerra|bachata rosa,19468976,rebuilt_from_apple_song_tracklist,10,10,0,10,0,"{""apple_music_catalog_album_tracks"":10}",
album|judas priest|british steel,207346194,rebuilt_from_apple_song_tracklist,11,11,0,11,0,"{""apple_music_catalog_album_tracks"":11}",
album|judas priest|screaming for vengeance,207178130,rebuilt_from_apple_song_tracklist,12,12,0,12,0,"{""apple_music_catalog_album_tracks"":12}",
album|judas priest|stained class,207346308,rebuilt_from_apple_song_tracklist,11,11,0,11,0,"{""apple_music_catalog_album_tracks"":11}",
album|judds|why not me,68889539,rebuilt_from_apple_song_tracklist,10,10,0,10,0,"{""apple_music_catalog_album_tracks"":10}",
album|judee sill|judee sill,121050588,rebuilt_from_apple_song_tracklist,11,11,0,11,0,"{""apple_music_catalog_album_tracks"":11}",
album|judy collins|wildflowers,256609835,rebuilt_from_apple_song_tracklist,10,10,0,10,0,"{""apple_music_catalog_album_tracks"":10}",
album|juice wrld|goodbye and good riddance,1407165109,rebuilt_from_apple_song_tracklist,16,16,0,16,0,"{""apple_music_catalog_album_tracks"":16}",
album|julien baker|sprained ankle,1874477871,rebuilt_from_apple_song_tracklist,9,9,0,9,0,"{""apple_music_catalog_album_tracks"":9}",
album|jung kook|golden,1709554767,rebuilt_from_apple_song_tracklist,11,11,0,11,0,"{""apple_music_catalog_album_tracks"":11}",
album|jungle|volcano,1676151993,rebuilt_from_apple_song_tracklist,14,14,0,14,0,"{""apple_music_catalog_album_tracks"":14}",
album|junior h|atrapado en un sueno,1503282684,rebuilt_from_apple_song_tracklist,7,7,0,7,0,"{""apple_music_catalog_album_tracks"":7}",
album|justice|cross,1331418560,rebuilt_from_apple_song_tracklist,18,18,0,18,0,"{""apple_music_catalog_album_tracks"":18}",
album|justin timberlake|futuresex lovesounds,187665948,rebuilt_from_apple_song_tracklist,12,12,0,12,0,"{""apple_music_catalog_album_tracks"":12}",
album|juvenile|400 degreez,1440644146,rebuilt_from_apple_song_tracklist,18,18,0,18,0,"{""apple_music_catalog_album_tracks"":18}",
album|kacey musgraves|golden hour,1440918116,rebuilt_from_apple_song_tracklist,13,13,0,13,0,"{""apple_music_catalog_album_tracks"":13}",
album|kaleidoscope|tangerine dream,1443997135,rebuilt_from_apple_song_tracklist,11,11,0,11,0,"{""apple_music_catalog_album_tracks"":11}",
album|kanye west|college dropout,1412872568,rebuilt_from_apple_song_tracklist,21,21,0,21,0,"{""apple_music_catalog_album_tracks"":21}",
album|kanye west|graduation,1451901307,rebuilt_from_apple_song_tracklist,14,14,0,14,0,"{""apple_music_catalog_album_tracks"":14}",
album|kanye west|late registration,1440668749,rebuilt_from_apple_song_tracklist,21,21,0,21,0,"{""apple_music_catalog_album_tracks"":21}",
album|kanye west|my beautiful dark twisted fantasy,1443160553,rebuilt_from_apple_song_tracklist,14,14,0,14,0,"{""apple_music_catalog_album_tracks"":14}",
album|karol g|manana sera bonito,1670245862,rebuilt_from_apple_song_tracklist,17,17,0,17,0,"{""apple_music_catalog_album_tracks"":17}",
album|kathleen edwards|failer,1466258211,rebuilt_from_apple_song_tracklist,10,10,0,10,0,"{""apple_music_catalog_album_tracks"":10}",
album|katy perry|prism,1440871208,rebuilt_from_apple_song_tracklist,13,13,0,13,0,"{""apple_music_catalog_album_tracks"":13}",
album|katy perry|teenage dream,716192216,rebuilt_from_apple_song_tracklist,12,12,0,12,0,"{""apple_music_catalog_album_tracks"":12}",
album|kavinsky|outrun,1440873249,rebuilt_from_apple_song_tracklist,14,14,0,14,0,"{""apple_music_catalog_album_tracks"":14}",
album|kc and the sunshine band|kc and the sunshine band,814050390,rebuilt_from_apple_song_tracklist,9,9,0,9,0,"{""apple_music_catalog_album_tracks"":9}",
album|keith and kristyn getty|in christ alone,715484570,rebuilt_from_apple_song_tracklist,11,11,0,11,0,"{""apple_music_catalog_album_tracks"":11}",
album|kelela|take me apart,1263130527,rebuilt_from_apple_song_tracklist,14,14,0,14,0,"{""apple_music_catalog_album_tracks"":14}",
album|kendrick lamar and various artists|black panther the album,1440903005,rebuilt_from_apple_song_tracklist,14,14,0,14,0,"{""apple_music_catalog_album_tracks"":14}",
album|kendrick lamar|damn,1440881047,rebuilt_from_apple_song_tracklist,14,14,0,14,0,"{""apple_music_catalog_album_tracks"":14}",
album|kendrick lamar|good kid m a a d city,1471263898,rebuilt_from_apple_song_tracklist,12,12,0,12,0,"{""apple_music_catalog_album_tracks"":12}",
album|kendrick lamar|to pimp a butterfly,1440828886,rebuilt_from_apple_song_tracklist,16,16,0,16,0,"{""apple_music_catalog_album_tracks"":16}",
album|kenny g|breathless,258622449,rebuilt_from_apple_song_tracklist,14,14,0,14,0,"{""apple_music_catalog_album_tracks"":14}",
album|kenny g|classics in the key of g,271367813,rebuilt_from_apple_song_tracklist,11,11,0,11,0,"{""apple_music_catalog_album_tracks"":11}",
album|kenny g|duotones,299723498,rebuilt_from_apple_song_tracklist,10,10,0,10,0,"{""apple_music_catalog_album_tracks"":10}",
album|kenny larkin|azimuth,288651574,rebuilt_from_apple_song_tracklist,11,11,0,11,0,"{""apple_music_catalog_album_tracks"":11}",
album|kenny loggins|nightwatch,192660327,rebuilt_from_apple_song_tracklist,9,9,0,9,0,"{""apple_music_catalog_album_tracks"":9}",
album|kenny rogers|gambler,1440840359,rebuilt_from_apple_song_tracklist,11,11,0,11,0,"{""apple_music_catalog_album_tracks"":11}",
album|kenny rogers|kenny,1443292623,rebuilt_from_apple_song_tracklist,11,11,0,11,0,"{""apple_music_catalog_album_tracks"":11}",
album|kesha|animal,381237317,rebuilt_from_apple_song_tracklist,18,18,0,18,0,"{""apple_music_catalog_album_tracks"":18}",
album|khruangbin|con todo el mundo,1299241642,rebuilt_from_apple_song_tracklist,10,10,0,10,0,"{""apple_music_catalog_album_tracks"":10}",
album|khruangbin|mordechai,1501585499,rebuilt_from_apple_song_tracklist,10,10,0,10,0,"{""apple_music_catalog_album_tracks"":10}",
album|kid cudi|man on the moon the end of day,1443864602,rebuilt_from_apple_song_tracklist,15,15,0,15,0,"{""apple_music_catalog_album_tracks"":15}",
album|kid laroi|first time,1895174191,rebuilt_from_apple_song_tracklist,19,19,0,19,0,"{""apple_music_catalog_album_tracks"":19}",
album|kidz bop|kidz bop,1440930066,rebuilt_from_apple_song_tracklist,18,18,0,18,0,"{""apple_music_catalog_album_tracks"":18}",
album|killers|direct hits,1440891166,rebuilt_from_apple_song_tracklist,15,15,0,15,0,"{""apple_music_catalog_album_tracks"":15}",
album|killers|hot fuss,1526194184,rebuilt_from_apple_song_tracklist,12,12,0,12,0,"{""apple_music_catalog_album_tracks"":12}",
album|killing joke|killing joke,1698411208,rebuilt_from_apple_song_tracklist,13,13,0,13,0,"{""apple_music_catalog_album_tracks"":13}",
album|killing joke|night time,1698417124,rebuilt_from_apple_song_tracklist,17,17,0,17,0,"{""apple_music_catalog_album_tracks"":17}",
album|kills|keep on your mean side,1801960090,rebuilt_from_apple_song_tracklist,17,17,0,17,0,"{""apple_music_catalog_album_tracks"":17}",
album|kills|midnight boom,274631770,rebuilt_from_apple_song_tracklist,13,13,0,13,0,"{""apple_music_catalog_album_tracks"":13}",
album|killswitch engage|alive or just breathing,214476864,rebuilt_from_apple_song_tracklist,12,12,0,12,0,"{""apple_music_catalog_album_tracks"":12}",
album|killswitch engage|end of heartache,214628864,rebuilt_from_apple_song_tracklist,12,12,0,12,0,"{""apple_music_catalog_album_tracks"":12}",
album|king crimson|in the court of the crimson king,918534711,rebuilt_from_apple_song_tracklist,8,8,0,8,0,"{""apple_music_catalog_album_tracks"":8}",
album|king gizzard and the lizard wizard|butterfly 3000,1569279719,rebuilt_from_apple_song_tracklist,10,10,0,10,0,"{""apple_music_catalog_album_tracks"":10}",
album|kinks|kinks are the village green preservation society,1415003287,rebuilt_from_apple_song_tracklist,15,15,0,15,0,"{""apple_music_catalog_album_tracks"":15}",
album|kinks|kinks,1439224904,rebuilt_from_apple_song_tracklist,14,14,0,14,0,"{""apple_music_catalog_album_tracks"":14}",
album|kirk franklin|god s property,423931465,rebuilt_from_apple_song_tracklist,13,13,0,13,0,"{""apple_music_catalog_album_tracks"":13}",
album|kiss|alive,1853653621,rebuilt_from_apple_song_tracklist,16,16,0,16,0,"{""apple_music_catalog_album_tracks"":16}",
album|kitchens of distinction|strange free world,1299907534,rebuilt_from_apple_song_tracklist,10,10,0,10,0,"{""apple_music_catalog_album_tracks"":10}",
album|kmfdm|nihil,413176758,rebuilt_from_apple_song_tracklist,11,11,0,11,0,"{""apple_music_catalog_album_tracks"":11}",
album|knack|get the knack,716268020,rebuilt_from_apple_song_tracklist,12,12,0,12,0,"{""apple_music_catalog_album_tracks"":12}",
album|knife|silent shout,1489763587,rebuilt_from_apple_song_tracklist,11,11,0,11,0,"{""apple_music_catalog_album_tracks"":11}",
album|koe wetzel|harold saul high,1707394391,rebuilt_from_apple_song_tracklist,15,15,0,15,0,"{""apple_music_catalog_album_tracks"":15}",
album|korn|follow the leader,1165630592,rebuilt_from_apple_song_tracklist,14,14,0,14,0,"{""apple_music_catalog_album_tracks"":14}",
album|korn|issues,193152832,rebuilt_from_apple_song_tracklist,16,16,0,16,0,"{""apple_music_catalog_album_tracks"":16}",
album|korn|korn,423045626,rebuilt_from_apple_song_tracklist,12,12,0,12,0,"{""apple_music_catalog_album_tracks"":12}",
album|kraftwerk|trans europe express,726144557,rebuilt_from_apple_song_tracklist,8,8,0,8,0,"{""apple_music_catalog_album_tracks"":8}",
album|kreator|extreme aggression,1438886922,rebuilt_from_apple_song_tracklist,23,23,0,23,0,"{""apple_music_catalog_album_tracks"":23}",
album|kreator|pleasure to kill,1440510376,rebuilt_from_apple_song_tracklist,12,12,0,12,0,"{""apple_music_catalog_album_tracks"":12}",
album|kris kristofferson|kristofferson,1011273584,rebuilt_from_apple_song_tracklist,12,12,0,12,0,"{""apple_music_catalog_album_tracks"":12}",
album|kris kristofferson|silver tongued devil and i,267712610,rebuilt_from_apple_song_tracklist,10,10,0,10,0,"{""apple_music_catalog_album_tracks"":10}",
album|krs one|edutainment,306669485,rebuilt_from_apple_song_tracklist,21,21,0,21,0,"{""apple_music_catalog_album_tracks"":21}",
album|krs one|return of the boom bap,267251596,rebuilt_from_apple_song_tracklist,14,14,0,14,0,"{""apple_music_catalog_album_tracks"":14}",
album|kruder and dorfmeister|kandd sessions,1613602443,rebuilt_from_apple_song_tracklist,21,21,0,21,0,"{""apple_music_catalog_album_tracks"":21}",
album|kt tunstall|eye to the telescope,724692632,rebuilt_from_apple_song_tracklist,13,13,0,13,0,"{""apple_music_catalog_album_tracks"":13}",
album|kudasai|falling,1326572909,rebuilt_from_apple_song_tracklist,8,8,0,8,0,"{""apple_music_catalog_album_tracks"":8}",
album|kupla|imaginary,1451389787,rebuilt_from_apple_song_tracklist,14,14,0,14,0,"{""apple_music_catalog_album_tracks"":14}",
album|kupla|kingdom in blue,1710114231,rebuilt_from_apple_song_tracklist,8,8,0,8,0,"{""apple_music_catalog_album_tracks"":8}",
album|kurtis blow|kurtis blow,1442217354,rebuilt_from_apple_song_tracklist,9,9,0,9,0,"{""apple_music_catalog_album_tracks"":9}",
album|kyuss|and the circus leaves town,207914986,rebuilt_from_apple_song_tracklist,11,11,0,11,0,"{""apple_music_catalog_album_tracks"":11}",
album|kyuss|blues for the red sun,213508542,rebuilt_from_apple_song_tracklist,14,14,0,14,0,"{""apple_music_catalog_album_tracks"":14}",
album|kyuss|welcome to sky valley,207973376,rebuilt_from_apple_song_tracklist,10,10,0,10,0,"{""apple_music_catalog_album_tracks"":10}",
album|l7|bricks are heavy,309736061,rebuilt_from_apple_song_tracklist,11,11,0,11,0,"{""apple_music_catalog_album_tracks"":11}",
album|l7|hungry for stink,309582523,rebuilt_from_apple_song_tracklist,12,12,0,12,0,"{""apple_music_catalog_album_tracks"":12}",
album|lady gaga|artpop,1451767863,rebuilt_from_apple_song_tracklist,14,14,0,14,0,"{""apple_music_catalog_album_tracks"":14}",
album|lady gaga|fame monster,1440860294,rebuilt_from_apple_song_tracklist,9,9,0,9,0,"{""apple_music_catalog_album_tracks"":9}",
album|lady gaga|fame,1440818588,rebuilt_from_apple_song_tracklist,15,15,0,15,0,"{""apple_music_catalog_album_tracks"":15}",
album|lady gaga|joanne,1440895544,rebuilt_from_apple_song_tracklist,11,11,0,11,0,"{""apple_music_catalog_album_tracks"":11}",
album|lainey wilson|bell bottom country,1653428056,rebuilt_from_apple_song_tracklist,16,16,0,16,0,"{""apple_music_catalog_album_tracks"":16}",
album|lana del rey|born to die,1440811595,rebuilt_from_apple_song_tracklist,13,13,0,13,0,"{""apple_music_catalog_album_tracks"":13}",
album|lana del rey|norman fucking rockwell,1474669063,rebuilt_from_apple_song_tracklist,14,14,0,14,0,"{""apple_music_catalog_album_tracks"":14}",
album|lang lang|chopin album,1071950074,rebuilt_from_apple_song_tracklist,19,19,0,19,0,"{""apple_music_catalog_album_tracks"":19}",
album|larry heard|sceneries not songs volume one,1706159425,rebuilt_from_apple_song_tracklist,9,9,0,9,0,"{""apple_music_catalog_album_tracks"":9}",
album|larsen feiten band|larsen feiten band,375620554,rebuilt_from_apple_song_tracklist,8,8,0,8,0,"{""apple_music_catalog_album_tracks"":8}",
album|last dinner party|prelude to ecstasy,1716063932,rebuilt_from_apple_song_tracklist,12,12,0,12,0,"{""apple_music_catalog_album_tracks"":12}",
album|laura nyro|eli and the thirteenth confession,251016022,rebuilt_from_apple_song_tracklist,13,13,0,13,0,"{""apple_music_catalog_album_tracks"":13}",
album|laura nyro|new york tendaberry,192480377,rebuilt_from_apple_song_tracklist,11,11,0,11,0,"{""apple_music_catalog_album_tracks"":11}",
album|lauren daigle|look up child,1447184494,rebuilt_from_apple_song_tracklist,13,13,0,13,0,"{""apple_music_catalog_album_tracks"":13}",
album|laurie berkner band|whaddaya think of that,1442224467,rebuilt_from_apple_song_tracklist,21,21,0,21,0,"{""apple_music_catalog_album_tracks"":21}",
album|lauryn hill|miseducation of lauryn hill,1276760743,rebuilt_from_apple_song_tracklist,16,16,0,16,0,"{""apple_music_catalog_album_tracks"":16}",
album|lcd soundsystem|sound of silver,742432549,rebuilt_from_apple_song_tracklist,9,9,0,9,0,"{""apple_music_catalog_album_tracks"":9}",
album|lcd soundsystem|this is happening,693387639,rebuilt_from_apple_song_tracklist,11,11,0,11,0,"{""apple_music_catalog_album_tracks"":11}",
album|leann rimes|blue,68870764,rebuilt_from_apple_song_tracklist,11,11,0,11,0,"{""apple_music_catalog_album_tracks"":11}",
album|led zeppelin|led zeppelin ii,580708374,rebuilt_from_apple_song_tracklist,9,9,0,9,0,"{""apple_music_catalog_album_tracks"":9}",
album|led zeppelin|led zeppelin iv,580708175,rebuilt_from_apple_song_tracklist,8,8,0,8,0,"{""apple_music_catalog_album_tracks"":8}",
album|led zeppelin|physical graffiti,580707980,rebuilt_from_apple_song_tracklist,15,15,0,15,0,"{""apple_music_catalog_album_tracks"":15}",
album|left banke|walk away renee pretty ballerina,1479740109,rebuilt_from_apple_song_tracklist,11,11,0,11,0,"{""apple_music_catalog_album_tracks"":11}",
album|lemon pipers|jungle marmalade,1065977970,rebuilt_from_apple_song_tracklist,10,10,0,10,0,"{""apple_music_catalog_album_tracks"":10}",
album|lemonheads|it s a shame about ray,1716979934,rebuilt_from_apple_song_tracklist,4,4,0,4,0,"{""apple_music_catalog_album_tracks"":4}",
album|leonard cohen|songs from a room,185985535,rebuilt_from_apple_song_tracklist,10,10,0,10,0,"{""apple_music_catalog_album_tracks"":10}",
album|leonard cohen|songs of leonard cohen,1826864082,rebuilt_from_apple_song_tracklist,10,10,0,10,0,"{""apple_music_catalog_album_tracks"":10}",
album|lesley gore|i ll cry if i want to,1444105522,rebuilt_from_apple_song_tracklist,12,12,0,12,0,"{""apple_music_catalog_album_tracks"":12}",
album|less than jake|losing streak,723527271,rebuilt_from_apple_song_tracklist,16,16,0,16,0,"{""apple_music_catalog_album_tracks"":16}",
album|let s active|cypress,1851339213,rebuilt_from_apple_song_tracklist,13,13,0,13,0,"{""apple_music_catalog_album_tracks"":13}",
album|letters to cleo|aurora gory alice,298888785,rebuilt_from_apple_song_tracklist,10,10,0,10,0,"{""apple_music_catalog_album_tracks"":10}",
album|lewis capaldi|divinely uninspired to a hellish extent,1452618876,rebuilt_from_apple_song_tracklist,12,12,0,12,0,"{""apple_music_catalog_album_tracks"":12}",
album|libertines|up the bracket,260021836,rebuilt_from_apple_song_tracklist,12,12,0,12,0,"{""apple_music_catalog_album_tracks"":12}",
album|lifehouse|no name face,1440768163,rebuilt_from_apple_song_tracklist,12,12,0,12,0,"{""apple_music_catalog_album_tracks"":12}",
album|lil baby and gunna|drip harder,1437955279,rebuilt_from_apple_song_tracklist,13,13,0,13,0,"{""apple_music_catalog_album_tracks"":13}",
album|lil baby|my turn,1498988850,rebuilt_from_apple_song_tracklist,20,20,0,20,0,"{""apple_music_catalog_album_tracks"":20}",
album|lil jon and the east side boyz|kings of crunk,311288074,rebuilt_from_apple_song_tracklist,19,19,0,19,0,"{""apple_music_catalog_album_tracks"":19}",
album|lil uzi vert|luv is rage 2,1274150514,rebuilt_from_apple_song_tracklist,16,16,0,16,0,"{""apple_music_catalog_album_tracks"":16}",
album|lil wayne|tha carter iii,1440737099,rebuilt_from_apple_song_tracklist,18,18,0,18,0,"{""apple_music_catalog_album_tracks"":18}",
album|limp bizkit|chocolate starfish and the hot dog flavored water,1440842682,rebuilt_from_apple_song_tracklist,15,15,0,15,0,"{""apple_music_catalog_album_tracks"":15}",
album|limp bizkit|significant other,1440754472,rebuilt_from_apple_song_tracklist,16,16,0,16,0,"{""apple_music_catalog_album_tracks"":16}",
album|linda ronstadt|what s new,872636535,rebuilt_from_apple_song_tracklist,9,9,0,9,0,"{""apple_music_catalog_album_tracks"":9}",
album|lindsey stirling|lindsey stirling,719708098,rebuilt_from_apple_song_tracklist,14,14,0,14,0,"{""apple_music_catalog_album_tracks"":14}",
album|linkin park|hybrid theory,528436018,rebuilt_from_apple_song_tracklist,12,12,0,12,0,"{""apple_music_catalog_album_tracks"":12}",
album|linkin park|meteora,528435845,rebuilt_from_apple_song_tracklist,13,13,0,13,0,"{""apple_music_catalog_album_tracks"":13}",
album|lionel richie|can t slow down,1440808868,rebuilt_from_apple_song_tracklist,8,8,0,8,0,"{""apple_music_catalog_album_tracks"":8}",
album|liquid liquid|optimo,1403570064,rebuilt_from_apple_song_tracklist,4,4,0,4,0,"{""apple_music_catalog_album_tracks"":4}",
album|litter|distortions,1470158161,rebuilt_from_apple_song_tracklist,10,10,0,10,0,"{""apple_music_catalog_album_tracks"":10}",
album|little anthony and the imperials|greatest hits of little anthony and the imperials,80004926,rebuilt_from_apple_song_tracklist,12,12,0,12,0,"{""apple_music_catalog_album_tracks"":12}",
album|little feat|waiting for columbus,286757362,rebuilt_from_apple_song_tracklist,17,17,0,17,0,"{""apple_music_catalog_album_tracks"":17}",
album|little peggy march|i will follow him,775437904,rebuilt_from_apple_song_tracklist,18,18,0,18,0,"{""apple_music_catalog_album_tracks"":18}",
album|little richard|here s little richard,1440936634,rebuilt_from_apple_song_tracklist,34,34,0,34,0,"{""apple_music_catalog_album_tracks"":34}",
album|little river band|greatest hits,1645806082,rebuilt_from_apple_song_tracklist,25,25,0,25,0,"{""apple_music_catalog_album_tracks"":25}",
album|live|throwing copper,1440486977,rebuilt_from_apple_song_tracklist,14,14,0,14,0,"{""apple_music_catalog_album_tracks"":14}",
album|liz phair|exile in guyville,1589236833,rebuilt_from_apple_song_tracklist,18,18,0,18,0,"{""apple_music_catalog_album_tracks"":18}",
album|lmfao|sorry for party rocking,1443124632,rebuilt_from_apple_song_tracklist,11,11,0,11,0,"{""apple_music_catalog_album_tracks"":11}",
album|lord huron|lonesome dreams,1758066410,rebuilt_from_apple_song_tracklist,11,11,0,11,0,"{""apple_music_catalog_album_tracks"":11}",
album|lorde|melodrama,1429662346,rebuilt_from_apple_song_tracklist,11,11,0,11,0,"{""apple_music_catalog_album_tracks"":11}",
album|lorde|pure heroine,1440818584,rebuilt_from_apple_song_tracklist,10,10,0,10,0,"{""apple_music_catalog_album_tracks"":10}",
album|loretta lynn|coal miner s daughter,1442878759,rebuilt_from_apple_song_tracklist,11,11,0,11,0,"{""apple_music_catalog_album_tracks"":11}",
album|loretta lynn|don t come home a drinkin with lovin on your mind,1444207380,rebuilt_from_apple_song_tracklist,12,12,0,12,0,"{""apple_music_catalog_album_tracks"":12}",
album|los tigres del norte|jefe de jefes,1442962139,rebuilt_from_apple_song_tracklist,19,19,0,19,0,"{""apple_music_catalog_album_tracks"":19}",
album|lou reed|transformer,976826793,rebuilt_from_apple_song_tracklist,11,11,0,11,0,"{""apple_music_catalog_album_tracks"":11}",
album|love|forever changes,1125521386,rebuilt_from_apple_song_tracklist,11,11,0,11,0,"{""apple_music_catalog_album_tracks"":11}",
album|lovin spoonful|daydream,253838626,rebuilt_from_apple_song_tracklist,17,17,0,17,0,"{""apple_music_catalog_album_tracks"":17}",
album|lovin spoonful|hums of the lovin spoonful,253681108,rebuilt_from_apple_song_tracklist,17,17,0,17,0,"{""apple_music_catalog_album_tracks"":17}",
album|luciano pavarotti|essential pavarotti,1440713233,rebuilt_from_apple_song_tracklist,18,18,0,18,0,"{""apple_music_catalog_album_tracks"":18}",
album|lucinda williams|car wheels on a gravel road,1440915686,rebuilt_from_apple_song_tracklist,13,13,0,13,0,"{""apple_music_catalog_album_tracks"":13}",
album|lucinda williams|lucinda williams,1840270927,rebuilt_from_apple_song_tracklist,32,32,0,32,0,"{""apple_music_catalog_album_tracks"":32}",
album|lucy dacus|home video,1586471742,rebuilt_from_apple_song_tracklist,11,11,0,11,0,"{""apple_music_catalog_album_tracks"":11}",
album|ludacris|word of mouf,1440920531,rebuilt_from_apple_song_tracklist,18,18,0,18,0,"{""apple_music_catalog_album_tracks"":18}",
album|ludovico einaudi|divenire,1452504769,rebuilt_from_apple_song_tracklist,12,12,0,12,0,"{""apple_music_catalog_album_tracks"":12}",
album|ludwig goransson|black panther,1440628690,rebuilt_from_apple_song_tracklist,28,28,0,28,0,"{""apple_music_catalog_album_tracks"":28}",
album|luke bryan|crash my party,1440861846,rebuilt_from_apple_song_tracklist,13,13,0,13,0,"{""apple_music_catalog_album_tracks"":13}",
album|luke bryan|tailgates and tanlines,1617201744,rebuilt_from_apple_song_tracklist,13,13,0,13,0,"{""apple_music_catalog_album_tracks"":13}",
album|luke combs|this one s for you,1228887671,rebuilt_from_apple_song_tracklist,12,12,0,12,0,"{""apple_music_catalog_album_tracks"":12}",
album|lumineers|cleopatra,1754016727,rebuilt_from_apple_song_tracklist,11,11,0,11,0,"{""apple_music_catalog_album_tracks"":11}",
album|lumineers|lumineers,1754219081,rebuilt_from_apple_song_tracklist,11,11,0,11,0,"{""apple_music_catalog_album_tracks"":11}",
album|luscious jackson|fever in fever out,724058279,rebuilt_from_apple_song_tracklist,14,14,0,14,0,"{""apple_music_catalog_album_tracks"":14}",
album|lush|spooky,311187779,rebuilt_from_apple_song_tracklist,12,12,0,12,0,"{""apple_music_catalog_album_tracks"":12}",
album|luther vandross|never too much,190652453,rebuilt_from_apple_song_tracklist,7,7,0,7,0,"{""apple_music_catalog_album_tracks"":7}",
album|luther vandross|night i fell in love,197979799,rebuilt_from_apple_song_tracklist,8,8,0,8,0,"{""apple_music_catalog_album_tracks"":8}",
album|lyle lovett|pontiac,259360529,rebuilt_from_apple_song_tracklist,11,11,0,11,0,"{""apple_music_catalog_album_tracks"":11}",
album|lynyrd skynyrd|nuthin fancy,1440843794,rebuilt_from_apple_song_tracklist,8,8,0,8,0,"{""apple_music_catalog_album_tracks"":8}",
album|lynyrd skynyrd|pronounced leh nerd skin nerd,1440838012,rebuilt_from_apple_song_tracklist,8,8,0,8,0,"{""apple_music_catalog_album_tracks"":8}",
album|lynyrd skynyrd|second helping,1440846806,rebuilt_from_apple_song_tracklist,8,8,0,8,0,"{""apple_music_catalog_album_tracks"":8}",
album|m i a|kala,296393419,rebuilt_from_apple_song_tracklist,18,18,0,18,0,"{""apple_music_catalog_album_tracks"":18}",
album|m83|hurry up we re dreaming,828259375,rebuilt_from_apple_song_tracklist,22,22,0,22,0,"{""apple_music_catalog_album_tracks"":22}",
album|mac demarco|salad days,799685692,rebuilt_from_apple_song_tracklist,11,11,0,11,0,"{""apple_music_catalog_album_tracks"":11}",
album|mad season|above,158602381,rebuilt_from_apple_song_tracklist,10,10,0,10,0,"{""apple_music_catalog_album_tracks"":10}",
album|madison beer|silence between songs,1689299938,rebuilt_from_apple_song_tracklist,14,14,0,14,0,"{""apple_music_catalog_album_tracks"":14}",
album|madonna|like a prayer,83448003,rebuilt_from_apple_song_tracklist,11,11,0,11,0,"{""apple_music_catalog_album_tracks"":11}",
album|madonna|like a virgin,80815235,rebuilt_from_apple_song_tracklist,11,11,0,11,0,"{""apple_music_catalog_album_tracks"":11}",
album|madonna|true blue,80815611,rebuilt_from_apple_song_tracklist,11,11,0,11,0,"{""apple_music_catalog_album_tracks"":11}",
album|magazine|real life,714604344,rebuilt_from_apple_song_tracklist,13,13,0,13,0,"{""apple_music_catalog_album_tracks"":13}",
album|magnapop|hot boxing,285956517,rebuilt_from_apple_song_tracklist,14,14,0,14,0,"{""apple_music_catalog_album_tracks"":14}",
album|magnetic fields|holiday,1839140677,rebuilt_from_apple_song_tracklist,14,14,0,14,0,"{""apple_music_catalog_album_tracks"":14}",
album|mamas and the papas|deliver,1444150560,rebuilt_from_apple_song_tracklist,12,12,0,12,0,"{""apple_music_catalog_album_tracks"":12}",
album|mamas and the papas|if you can believe your eyes and ears,1440795791,rebuilt_from_apple_song_tracklist,12,12,0,12,0,"{""apple_music_catalog_album_tracks"":12}",
album|mamas and the papas|mamas and the papas,1423333392,rebuilt_from_apple_song_tracklist,12,12,0,12,0,"{""apple_music_catalog_album_tracks"":12}",
album|mammoth wvh|mammoth wvh,1685905635,rebuilt_from_apple_song_tracklist,14,14,0,14,0,"{""apple_music_catalog_album_tracks"":14}",
album|mandy moore|so real,193018462,rebuilt_from_apple_song_tracklist,13,13,0,13,0,"{""apple_music_catalog_album_tracks"":13}",
album|maneskin|rush,1659658389,rebuilt_from_apple_song_tracklist,17,17,0,17,0,"{""apple_music_catalog_album_tracks"":17}",
album|mannheim steamroller|mannheim steamroller christmas,577633220,rebuilt_from_apple_song_tracklist,11,11,0,11,0,"{""apple_music_catalog_album_tracks"":11}",
album|mantronix|album,341928107,rebuilt_from_apple_song_tracklist,7,7,0,7,0,"{""apple_music_catalog_album_tracks"":7}",
album|manu chao|clandestino,725493481,rebuilt_from_apple_song_tracklist,16,16,0,16,0,"{""apple_music_catalog_album_tracks"":16}",
album|marc anthony|contra la corriente,1440647234,rebuilt_from_apple_song_tracklist,9,9,0,9,0,"{""apple_music_catalog_album_tracks"":9}",
album|marc jordan|mannequin,358261508,rebuilt_from_apple_song_tracklist,10,10,0,10,0,"{""apple_music_catalog_album_tracks"":10}",
album|marcels|blue moon,1439881921,rebuilt_from_apple_song_tracklist,33,33,0,33,0,"{""apple_music_catalog_album_tracks"":33}",
album|margo price|midwest farmer s daughter,1854904718,rebuilt_from_apple_song_tracklist,11,11,0,11,0,"{""apple_music_catalog_album_tracks"":11}",
album|mariah carey|daydream,169962059,rebuilt_from_apple_song_tracklist,12,12,0,12,0,"{""apple_music_catalog_album_tracks"":12}",
album|marias|submarine,1733730985,rebuilt_from_apple_song_tracklist,14,14,0,14,0,"{""apple_music_catalog_album_tracks"":14}",
album|marilyn manson|antichrist superstar,1440804350,rebuilt_from_apple_song_tracklist,17,17,0,17,0,"{""apple_music_catalog_album_tracks"":17}",
album|marilyn manson|mechanical animals,1440738173,rebuilt_from_apple_song_tracklist,14,14,0,14,0,"{""apple_music_catalog_album_tracks"":14}",
album|marshall tucker band|marshall tucker band,1794391879,rebuilt_from_apple_song_tracklist,9,9,0,9,0,"{""apple_music_catalog_album_tracks"":9}",
album|marshall tucker band|searchin for a rainbow,1795512840,rebuilt_from_apple_song_tracklist,9,9,0,9,0,"{""apple_music_catalog_album_tracks"":9}",
album|martha and the vandellas|dance party,1444115684,rebuilt_from_apple_song_tracklist,12,12,0,12,0,"{""apple_music_catalog_album_tracks"":12}",
album|martina mcbride|evolution,258627192,rebuilt_from_apple_song_tracklist,14,14,0,14,0,"{""apple_music_catalog_album_tracks"":14}",
album|marty robbins|gunfighter ballads and trail songs,158516933,rebuilt_from_apple_song_tracklist,15,15,0,15,0,"{""apple_music_catalog_album_tracks"":15}",
album|marvelettes|playboy,1443907640,rebuilt_from_apple_song_tracklist,10,10,0,10,0,"{""apple_music_catalog_album_tracks"":10}",
album|marvelettes|please mr postman,1444133030,rebuilt_from_apple_song_tracklist,11,11,0,11,0,"{""apple_music_catalog_album_tracks"":11}",
album|marvin gaye|i want you,1440815358,rebuilt_from_apple_song_tracklist,11,11,0,11,0,"{""apple_music_catalog_album_tracks"":11}",
album|marvin gaye|let s get it on,1442835298,rebuilt_from_apple_song_tracklist,8,8,0,8,0,"{""apple_music_catalog_album_tracks"":8}",
album|marvin gaye|what s going on,1538081586,rebuilt_from_apple_song_tracklist,9,9,0,9,0,"{""apple_music_catalog_album_tracks"":9}",
album|marvin sapp|thirsty,258502925,rebuilt_from_apple_song_tracklist,13,13,0,13,0,"{""apple_music_catalog_album_tracks"":13}",
album|mary j blige|my life,1488020290,rebuilt_from_apple_song_tracklist,17,17,0,17,0,"{""apple_music_catalog_album_tracks"":17}",
album|mary mary|thankful,203303448,rebuilt_from_apple_song_tracklist,14,14,0,14,0,"{""apple_music_catalog_album_tracks"":14}",
album|mary wells|mary wells sings my guy,1442911976,rebuilt_from_apple_song_tracklist,12,12,0,12,0,"{""apple_music_catalog_album_tracks"":12}",
album|massive attack|blue lines,715864097,rebuilt_from_apple_song_tracklist,9,9,0,9,0,"{""apple_music_catalog_album_tracks"":9}",
album|massive attack|mezzanine,724466069,rebuilt_from_apple_song_tracklist,11,11,0,11,0,"{""apple_music_catalog_album_tracks"":11}",
album|master p|ghetto d,721278963,rebuilt_from_apple_song_tracklist,19,19,0,19,0,"{""apple_music_catalog_album_tracks"":19}",
album|masters at work|album,115691982,rebuilt_from_apple_song_tracklist,7,7,0,7,0,"{""apple_music_catalog_album_tracks"":7}",
album|mastodon|crack the skye,1218344932,rebuilt_from_apple_song_tracklist,7,7,0,7,0,"{""apple_music_catalog_album_tracks"":7}",
album|mastodon|leviathan,65923490,rebuilt_from_apple_song_tracklist,10,10,0,10,0,"{""apple_music_catalog_album_tracks"":10}",
album|matchbox twenty|yourself or someone like you,580695794,rebuilt_from_apple_song_tracklist,12,12,0,12,0,"{""apple_music_catalog_album_tracks"":12}",
album|material issue|international pop overthrow,1444135495,rebuilt_from_apple_song_tracklist,14,14,0,14,0,"{""apple_music_catalog_album_tracks"":14}",
album|matt redman|blessed be your name,1791537585,rebuilt_from_apple_song_tracklist,12,12,0,12,0,"{""apple_music_catalog_album_tracks"":12}",
album|matthew sweet|100 fun,308110433,rebuilt_from_apple_song_tracklist,12,12,0,12,0,"{""apple_music_catalog_album_tracks"":12}",
album|matthew sweet|girlfriend,211773137,rebuilt_from_apple_song_tracklist,31,31,0,31,0,"{""apple_music_catalog_album_tracks"":31}",
album|maverick city music|maverick city vol 3 part 1,1571839845,rebuilt_from_apple_song_tracklist,11,11,0,11,0,"{""apple_music_catalog_album_tracks"":11}",
album|max richter|blue notebooks,1368089903,rebuilt_from_apple_song_tracklist,18,18,0,18,0,"{""apple_music_catalog_album_tracks"":18}",
album|max richter|sleep,1452629309,rebuilt_from_apple_song_tracklist,204,204,0,204,0,"{""apple_music_catalog_album_tracks"":204}",
album|maximo park|a certain trigger,1847978133,rebuilt_from_apple_song_tracklist,13,13,0,13,0,"{""apple_music_catalog_album_tracks"":13}",
album|maxus|maxus,305118304,rebuilt_from_apple_song_tracklist,9,9,0,9,0,"{""apple_music_catalog_album_tracks"":9}",
album|maxwell|maxwell s urban hang suite,308873887,rebuilt_from_apple_song_tracklist,12,12,0,12,0,"{""apple_music_catalog_album_tracks"":12}",
album|mayhem|de mysteriis dom sathanas,1451406150,rebuilt_from_apple_song_tracklist,8,8,0,8,0,"{""apple_music_catalog_album_tracks"":8}",
album|mazzy star|so tonight that i might see,1440848808,rebuilt_from_apple_song_tracklist,10,10,0,10,0,"{""apple_music_catalog_album_tracks"":10}",
album|mc5|kick out the jams,1018383064,rebuilt_from_apple_song_tracklist,8,8,0,8,0,"{""apple_music_catalog_album_tracks"":8}",
album|mccoy tyner|real mccoy,721273864,rebuilt_from_apple_song_tracklist,5,5,0,5,0,"{""apple_music_catalog_album_tracks"":5}",
album|mdc|millions of dead cops,924763313,rebuilt_from_apple_song_tracklist,45,45,0,45,0,"{""apple_music_catalog_album_tracks"":45}",
album|meat loaf|bat out of hell,991385383,rebuilt_from_apple_song_tracklist,7,7,0,7,0,"{""apple_music_catalog_album_tracks"":7}",
album|meat puppets|meat puppets ii,444828555,rebuilt_from_apple_song_tracklist,19,19,0,19,0,"{""apple_music_catalog_album_tracks"":19}",
album|meat puppets|up on the sun,444775710,rebuilt_from_apple_song_tracklist,17,17,0,17,0,"{""apple_music_catalog_album_tracks"":17}",
album|medicine|shot forth self living,1443655667,rebuilt_from_apple_song_tracklist,9,9,0,9,0,"{""apple_music_catalog_album_tracks"":9}",
album|megadeth|peace sells but who is buying,1440837699,rebuilt_from_apple_song_tracklist,12,12,0,12,0,"{""apple_music_catalog_album_tracks"":12}",
album|megadeth|rust in peace,724648893,rebuilt_from_apple_song_tracklist,9,9,0,9,0,"{""apple_music_catalog_album_tracks"":9}",
album|melanie martinez|portals,1673604325,rebuilt_from_apple_song_tracklist,14,13,1,13,-1,"{""apple_music_catalog_album_tracks"":14}",
album|melvins|houdini,300975382,rebuilt_from_apple_song_tracklist,13,13,0,13,0,"{""apple_music_catalog_album_tracks"":13}",
album|melvins|stoner witch,302097614,rebuilt_from_apple_song_tracklist,11,11,0,11,0,"{""apple_music_catalog_album_tracks"":11}",
album|men at work|business as usual,282960957,rebuilt_from_apple_song_tracklist,10,10,0,10,0,"{""apple_music_catalog_album_tracks"":10}",
album|men i trust|oncle jazz,1473993015,rebuilt_from_apple_song_tracklist,24,24,0,24,0,"{""apple_music_catalog_album_tracks"":24}",
album|men i trust|untourable album,1720804300,rebuilt_from_apple_song_tracklist,15,15,0,15,0,"{""apple_music_catalog_album_tracks"":15}",
album|mercyful fate|don t break the oath,1296860777,rebuilt_from_apple_song_tracklist,9,9,0,9,0,"{""apple_music_catalog_album_tracks"":9}",
album|mercyful fate|melissa,1296844681,rebuilt_from_apple_song_tracklist,7,7,0,7,0,"{""apple_music_catalog_album_tracks"":7}",
album|mercyme|almost there,1555203606,rebuilt_from_apple_song_tracklist,11,11,0,11,0,"{""apple_music_catalog_album_tracks"":11}",
album|merle haggard|mama tried,1442907937,rebuilt_from_apple_song_tracklist,12,12,0,12,0,"{""apple_music_catalog_album_tracks"":12}",
album|merry go round|merry go round,1424533234,rebuilt_from_apple_song_tracklist,12,12,0,12,0,"{""apple_music_catalog_album_tracks"":12}",
album|meshuggah|destroy erase improve,1776755426,rebuilt_from_apple_song_tracklist,15,15,0,15,0,"{""apple_music_catalog_album_tracks"":15}",
album|meshuggah|obzen,1882049235,rebuilt_from_apple_song_tracklist,9,9,0,9,0,"{""apple_music_catalog_album_tracks"":9}",
album|metallica|kill em all,579146130,rebuilt_from_apple_song_tracklist,10,10,0,10,0,"{""apple_music_catalog_album_tracks"":10}",
album|metallica|master of puppets,1275600311,rebuilt_from_apple_song_tracklist,8,8,0,8,0,"{""apple_music_catalog_album_tracks"":8}",
album|metallica|metallica,1572046434,rebuilt_from_apple_song_tracklist,12,12,0,12,0,"{""apple_music_catalog_album_tracks"":12}",
album|metallica|ride the lightning,579148345,rebuilt_from_apple_song_tracklist,8,8,0,8,0,"{""apple_music_catalog_album_tracks"":8}",
album|meters|rejuvenation,59401178,rebuilt_from_apple_song_tracklist,9,9,0,9,0,"{""apple_music_catalog_album_tracks"":9}",
album|method man|tical,1440885568,rebuilt_from_apple_song_tracklist,13,13,0,13,0,"{""apple_music_catalog_album_tracks"":13}",
album|metro boomin|heroes and villains,1657271960,rebuilt_from_apple_song_tracklist,15,15,0,15,0,"{""apple_music_catalog_album_tracks"":15}",
album|mf doom|mm food,1516750770,rebuilt_from_apple_song_tracklist,15,15,0,15,0,"{""apple_music_catalog_album_tracks"":15}",
album|mgmt|oracular spectacular,264720008,rebuilt_from_apple_song_tracklist,10,10,0,10,0,"{""apple_music_catalog_album_tracks"":10}",
album|michael buble|call me irresponsible,668403779,rebuilt_from_apple_song_tracklist,13,13,0,13,0,"{""apple_music_catalog_album_tracks"":13}",
album|michael buble|christmas,669854820,rebuilt_from_apple_song_tracklist,16,16,0,16,0,"{""apple_music_catalog_album_tracks"":16}",
album|michael jackson|thriller,269572838,rebuilt_from_apple_song_tracklist,9,9,0,9,0,"{""apple_music_catalog_album_tracks"":9}",
album|michael nesmith and the first national band|magnetic south,1389653568,rebuilt_from_apple_song_tracklist,16,16,0,16,0,"{""apple_music_catalog_album_tracks"":16}",
album|michael w smith|go west young man,309274854,rebuilt_from_apple_song_tracklist,10,10,0,10,0,"{""apple_music_catalog_album_tracks"":10}",
album|migos|culture,1615495955,rebuilt_from_apple_song_tracklist,13,13,0,13,0,"{""apple_music_catalog_album_tracks"":13}",
album|miguel|kaleidoscope dream,561709112,rebuilt_from_apple_song_tracklist,12,12,0,12,0,"{""apple_music_catalog_album_tracks"":12}",
album|miguel|wildheart,1005194169,rebuilt_from_apple_song_tracklist,13,13,0,13,0,"{""apple_music_catalog_album_tracks"":13}",
album|mike oldfield|tubular bells,1440852773,rebuilt_from_apple_song_tracklist,4,4,0,4,0,"{""apple_music_catalog_album_tracks"":4}",
album|mild high club|skiptracing,1110226847,rebuilt_from_apple_song_tracklist,11,11,0,11,0,"{""apple_music_catalog_album_tracks"":11}",
album|miles davis|birth of the cool,1440951879,rebuilt_from_apple_song_tracklist,11,11,0,11,0,"{""apple_music_catalog_album_tracks"":11}",
album|miles davis|kind of blue,268443092,rebuilt_from_apple_song_tracklist,5,5,0,5,0,"{""apple_music_catalog_album_tracks"":5}",
album|miley cyrus|bangerz,1460315055,rebuilt_from_apple_song_tracklist,16,16,0,16,0,"{""apple_music_catalog_album_tracks"":16}",
album|millennium|begin,399223747,rebuilt_from_apple_song_tracklist,16,16,0,16,0,"{""apple_music_catalog_album_tracks"":16}",
album|ministry|mind is a terrible thing to taste,302068445,rebuilt_from_apple_song_tracklist,9,9,0,9,0,"{""apple_music_catalog_album_tracks"":9}",
album|ministry|psalm 69,297744447,rebuilt_from_apple_song_tracklist,9,9,0,9,0,"{""apple_music_catalog_album_tracks"":9}",
album|minor threat|out of step,49249592,rebuilt_from_apple_song_tracklist,9,9,0,9,0,"{""apple_music_catalog_album_tracks"":9}",
album|minutemen|double nickels on the dime,117012391,rebuilt_from_apple_song_tracklist,43,43,0,43,0,"{""apple_music_catalog_album_tracks"":43}",
album|minutemen|what makes a man start fires,117014444,rebuilt_from_apple_song_tracklist,18,18,0,18,0,"{""apple_music_catalog_album_tracks"":18}",
album|miracles|going to a go go,1469577666,rebuilt_from_apple_song_tracklist,12,12,0,12,0,"{""apple_music_catalog_album_tracks"":12}",
album|miranda lambert|revolution,330307020,rebuilt_from_apple_song_tracklist,15,15,0,15,0,"{""apple_music_catalog_album_tracks"":15}",
album|miriam makeba|pata pata,1472549617,rebuilt_from_apple_song_tracklist,22,22,0,22,0,"{""apple_music_catalog_album_tracks"":22}",
album|mission of burma|vs,1589146509,rebuilt_from_apple_song_tracklist,16,16,0,16,0,"{""apple_music_catalog_album_tracks"":16}",
album|mississippi john hurt|today,1794908071,rebuilt_from_apple_song_tracklist,12,12,0,12,0,"{""apple_music_catalog_album_tracks"":12}",
album|missy elliott|supa dupa fly,302943316,rebuilt_from_apple_song_tracklist,17,17,0,17,0,"{""apple_music_catalog_album_tracks"":17}",
album|missy elliott|under construction,254167732,rebuilt_from_apple_song_tracklist,14,14,0,14,0,"{""apple_music_catalog_album_tracks"":14}",
album|mitski|be the cowboy,1373892692,rebuilt_from_apple_song_tracklist,14,14,0,14,0,"{""apple_music_catalog_album_tracks"":14}",
album|mj lenderman|manning fireworks,1749088991,rebuilt_from_apple_song_tracklist,9,9,0,9,0,"{""apple_music_catalog_album_tracks"":9}",
album|mobb deep|infamous,255342338,rebuilt_from_apple_song_tracklist,16,16,0,16,0,"{""apple_music_catalog_album_tracks"":16}",
album|moby grape|moby grape,266203734,rebuilt_from_apple_song_tracklist,6,6,0,6,0,"{""apple_music_catalog_album_tracks"":6}",
album|moby|play,1747966523,rebuilt_from_apple_song_tracklist,34,34,0,34,0,"{""apple_music_catalog_album_tracks"":34}",
album|model actriz|dogsbody,1831354518,rebuilt_from_apple_song_tracklist,10,10,0,10,0,"{""apple_music_catalog_album_tracks"":10}",
album|modest mouse|good news for people who love bad news,201257412,rebuilt_from_apple_song_tracklist,16,16,0,16,0,"{""apple_music_catalog_album_tracks"":16}",
album|modest mouse|lonesome crowded west,1566174024,rebuilt_from_apple_song_tracklist,15,15,0,15,0,"{""apple_music_catalog_album_tracks"":15}",
album|modest mouse|moon and antarctica,215598214,rebuilt_from_apple_song_tracklist,15,15,0,15,0,"{""apple_music_catalog_album_tracks"":15}",
album|molly hatchet|flirtin with disaster,192959920,rebuilt_from_apple_song_tracklist,14,14,0,14,0,"{""apple_music_catalog_album_tracks"":14}",
album|monkees|head,1115018499,rebuilt_from_apple_song_tracklist,14,14,0,14,0,"{""apple_music_catalog_album_tracks"":14}",
album|monkees|pisces aquarius capricorn and jones ltd,1114230648,rebuilt_from_apple_song_tracklist,13,13,0,13,0,"{""apple_music_catalog_album_tracks"":13}",
album|monster magnet|spine of god,1246231213,rebuilt_from_apple_song_tracklist,10,10,0,10,0,"{""apple_music_catalog_album_tracks"":10}",
album|moody blues|days of future passed,1440798214,rebuilt_from_apple_song_tracklist,7,7,0,7,0,"{""apple_music_catalog_album_tracks"":7}",
album|moodymann|silentintroduction,1117140118,rebuilt_from_apple_song_tracklist,10,10,0,10,0,"{""apple_music_catalog_album_tracks"":10}",
album|mooney suzuki|electric sweat,315022465,rebuilt_from_apple_song_tracklist,10,10,0,10,0,"{""apple_music_catalog_album_tracks"":10}",
album|morbid angel|altars of madness,63616899,rebuilt_from_apple_song_tracklist,13,13,0,13,0,"{""apple_music_catalog_album_tracks"":13}",
album|morbid angel|blessed are the sick,63617424,rebuilt_from_apple_song_tracklist,13,13,0,13,0,"{""apple_music_catalog_album_tracks"":13}",
album|morcheeba|big calm,358317593,rebuilt_from_apple_song_tracklist,12,12,0,12,0,"{""apple_music_catalog_album_tracks"":12}",
album|morgan wallen|dangerous the double album,1818469543,rebuilt_from_apple_song_tracklist,30,30,0,30,0,"{""apple_music_catalog_album_tracks"":30}",
album|morgan wallen|one thing at a time,1818423949,rebuilt_from_apple_song_tracklist,36,36,0,36,0,"{""apple_music_catalog_album_tracks"":36}",
album|mother love bone|apple,1833371821,rebuilt_from_apple_song_tracklist,13,13,0,13,0,"{""apple_music_catalog_album_tracks"":13}",
album|mothers of invention|absolutely free,1442926805,rebuilt_from_apple_song_tracklist,15,15,0,15,0,"{""apple_music_catalog_album_tracks"":15}",
album|mothers of invention|freak out,1440928854,rebuilt_from_apple_song_tracklist,15,15,0,15,0,"{""apple_music_catalog_album_tracks"":15}",
album|mothers of invention|we re only in it for the money,1443746670,rebuilt_from_apple_song_tracklist,19,19,0,19,0,"{""apple_music_catalog_album_tracks"":19}",
album|motion city soundtrack|commit this to memory,1485043208,rebuilt_from_apple_song_tracklist,13,13,0,13,0,"{""apple_music_catalog_album_tracks"":13}",
album|motion city soundtrack|i am the movie,1485041323,rebuilt_from_apple_song_tracklist,14,14,0,14,0,"{""apple_music_catalog_album_tracks"":14}",
album|motionless in white|disguise,1458937557,rebuilt_from_apple_song_tracklist,11,11,0,11,0,"{""apple_music_catalog_album_tracks"":11}",
album|motionless in white|scoring the end of the world,1613625935,rebuilt_from_apple_song_tracklist,13,13,0,13,0,"{""apple_music_catalog_album_tracks"":13}",
album|motley crue|dr feelgood,1764395673,rebuilt_from_apple_song_tracklist,11,11,0,11,0,"{""apple_music_catalog_album_tracks"":11}",
album|motley crue|shout at the devil,1606692937,rebuilt_from_apple_song_tracklist,11,11,0,11,0,"{""apple_music_catalog_album_tracks"":11}",
album|motorhead|ace of spades,1614256828,rebuilt_from_apple_song_tracklist,12,12,0,12,0,"{""apple_music_catalog_album_tracks"":12}",
album|motorhead|no sleep til hammersmith,1614257261,rebuilt_from_apple_song_tracklist,12,12,0,12,0,"{""apple_music_catalog_album_tracks"":12}",
album|mott the hoople|all the young dudes,155712973,rebuilt_from_apple_song_tracklist,16,16,0,16,0,"{""apple_music_catalog_album_tracks"":16}",
album|mott the hoople|mott,155713664,rebuilt_from_apple_song_tracklist,13,13,0,13,0,"{""apple_music_catalog_album_tracks"":13}",
album|mountain goats|sunset tree,1445589195,rebuilt_from_apple_song_tracklist,13,13,0,13,0,"{""apple_music_catalog_album_tracks"":13}",
album|mountain|climbing,157308020,rebuilt_from_apple_song_tracklist,9,9,0,9,0,"{""apple_music_catalog_album_tracks"":9}",
album|mudhoney|every good boy deserves fudge,3275889,rebuilt_from_apple_song_tracklist,14,14,0,14,0,"{""apple_music_catalog_album_tracks"":14}",
album|mudhoney|superfuzz bigmuff,279888941,rebuilt_from_apple_song_tracklist,32,32,0,32,0,"{""apple_music_catalog_album_tracks"":32}",
album|mudvayne|l d 50,253980317,rebuilt_from_apple_song_tracklist,17,17,0,17,0,"{""apple_music_catalog_album_tracks"":17}",
album|mumford and sons|babel,1771725011,rebuilt_from_apple_song_tracklist,12,12,0,12,0,"{""apple_music_catalog_album_tracks"":12}",
album|mumford and sons|sigh no more,1771710636,rebuilt_from_apple_song_tracklist,12,12,0,12,0,"{""apple_music_catalog_album_tracks"":12}",
album|murder capital|when i have fears,1464494394,rebuilt_from_apple_song_tracklist,10,10,0,10,0,"{""apple_music_catalog_album_tracks"":10}",
album|music machine|turn on the music machine,1443636752,rebuilt_from_apple_song_tracklist,12,12,0,12,0,"{""apple_music_catalog_album_tracks"":12}",
album|musiq soulchild|aijuswanaseing,1440921030,rebuilt_from_apple_song_tracklist,15,15,0,15,0,"{""apple_music_catalog_album_tracks"":15}",
album|mxpx|life in general,724943185,rebuilt_from_apple_song_tracklist,17,17,0,17,0,"{""apple_music_catalog_album_tracks"":17}",
album|my chemical romance|black parade,1156310650,rebuilt_from_apple_song_tracklist,14,14,0,14,0,"{""apple_music_catalog_album_tracks"":14}",
album|my chemical romance|three cheers for sweet revenge,1156311431,rebuilt_from_apple_song_tracklist,13,13,0,13,0,"{""apple_music_catalog_album_tracks"":13}",
album|n w a|straight outta compton,1440816032,rebuilt_from_apple_song_tracklist,13,13,0,13,0,"{""apple_music_catalog_album_tracks"":13}",
album|nanci griffith|other voices other rooms,373224094,rebuilt_from_apple_song_tracklist,17,17,0,17,0,"{""apple_music_catalog_album_tracks"":17}",
album|napalm death|scum,310612125,rebuilt_from_apple_song_tracklist,28,28,0,28,0,"{""apple_music_catalog_album_tracks"":28}",
album|nas|illmatic,662324135,rebuilt_from_apple_song_tracklist,10,10,0,10,0,"{""apple_music_catalog_album_tracks"":10}",
album|nat king cole|christmas song,716169111,rebuilt_from_apple_song_tracklist,20,20,0,20,0,"{""apple_music_catalog_album_tracks"":20}",
album|nat king cole|unforgettable,1444030068,rebuilt_from_apple_song_tracklist,12,12,0,12,0,"{""apple_music_catalog_album_tracks"":12}",
album|natalie merchant|tigerlily,338038410,rebuilt_from_apple_song_tracklist,11,11,0,11,0,"{""apple_music_catalog_album_tracks"":11}",
album|natanael cano|corridos tumbados,1485388187,rebuilt_from_apple_song_tracklist,21,21,0,21,0,"{""apple_music_catalog_album_tracks"":21}",
album|natanael cano|nata montana,1694995448,rebuilt_from_apple_song_tracklist,15,15,0,15,0,"{""apple_music_catalog_album_tracks"":15}",
album|national|boxer,220281465,rebuilt_from_apple_song_tracklist,14,14,0,14,0,"{""apple_music_catalog_album_tracks"":14}",
album|ned doheny|hard candy,296470139,rebuilt_from_apple_song_tracklist,9,9,0,9,0,"{""apple_music_catalog_album_tracks"":9}",
album|negative approach|tied down,1120329776,rebuilt_from_apple_song_tracklist,10,10,0,10,0,"{""apple_music_catalog_album_tracks"":10}",
album|neil diamond|hot august night,1443288776,rebuilt_from_apple_song_tracklist,29,29,0,29,0,"{""apple_music_catalog_album_tracks"":29}",
album|neil sedaka|neil sedaka sings little devil and his other hits,475839326,rebuilt_from_apple_song_tracklist,12,12,0,12,0,"{""apple_music_catalog_album_tracks"":12}",
album|neko case|fox confessor brings the flood,1485022603,rebuilt_from_apple_song_tracklist,13,13,0,13,0,"{""apple_music_catalog_album_tracks"":13}",
album|nelly furtado|loose,1442463545,rebuilt_from_apple_song_tracklist,17,17,0,17,0,"{""apple_music_catalog_album_tracks"":17}",
album|nelly|country grammar,1440782396,rebuilt_from_apple_song_tracklist,17,17,0,17,0,"{""apple_music_catalog_album_tracks"":17}",
album|nelly|nellyville,1440769782,rebuilt_from_apple_song_tracklist,19,19,0,19,0,"{""apple_music_catalog_album_tracks"":19}",
album|neurosis|times of grace,73637822,rebuilt_from_apple_song_tracklist,11,11,0,11,0,"{""apple_music_catalog_album_tracks"":11}",
album|neutral milk hotel|in the aeroplane over the sea,1839077554,rebuilt_from_apple_song_tracklist,11,11,0,11,0,"{""apple_music_catalog_album_tracks"":11}",
album|new broadway cast of chicago|chicago,1823109823,rebuilt_from_apple_song_tracklist,21,21,0,21,0,"{""apple_music_catalog_album_tracks"":21}",
album|new edition|heart break,1440651289,rebuilt_from_apple_song_tracklist,15,15,0,15,0,"{""apple_music_catalog_album_tracks"":15}",
album|new found glory|sticks and stones,1473976075,rebuilt_from_apple_song_tracklist,13,13,0,13,0,"{""apple_music_catalog_album_tracks"":13}",
album|new order|power corruption and lies,1040981945,rebuilt_from_apple_song_tracklist,8,8,0,8,0,"{""apple_music_catalog_album_tracks"":8}",
album|new order|technique,1040968369,rebuilt_from_apple_song_tracklist,9,9,0,9,0,"{""apple_music_catalog_album_tracks"":9}",
album|new pornographers|mass romantic,1589133947,rebuilt_from_apple_song_tracklist,12,12,0,12,0,"{""apple_music_catalog_album_tracks"":12}",
album|new pornographers|twin cinema,1590332004,rebuilt_from_apple_song_tracklist,15,15,0,15,0,"{""apple_music_catalog_album_tracks"":15}",
album|new york dolls|new york dolls,1445885111,rebuilt_from_apple_song_tracklist,11,11,0,11,0,"{""apple_music_catalog_album_tracks"":11}",
album|newjeans|get up,1695951888,rebuilt_from_apple_song_tracklist,6,6,0,6,0,"{""apple_music_catalog_album_tracks"":6}",
album|newsboys|going public,724391186,rebuilt_from_apple_song_tracklist,10,10,0,10,0,"{""apple_music_catalog_album_tracks"":10}",
album|nick drake|pink moon,1567147188,rebuilt_from_apple_song_tracklist,11,11,0,11,0,"{""apple_music_catalog_album_tracks"":11}",
album|nickelback|silver side up,214475427,rebuilt_from_apple_song_tracklist,10,10,0,10,0,"{""apple_music_catalog_album_tracks"":10}",
album|nicki minaj|pink friday,1440776646,rebuilt_from_apple_song_tracklist,13,13,0,13,0,"{""apple_music_catalog_album_tracks"":13}",
album|nicki minaj|pinkprint,1440848423,rebuilt_from_apple_song_tracklist,17,17,0,17,0,"{""apple_music_catalog_album_tracks"":17}",
album|nicky jam|fenix,1189391673,rebuilt_from_apple_song_tracklist,26,26,0,26,0,"{""apple_music_catalog_album_tracks"":26}",
album|nightmares on wax|smokers delight,281088001,rebuilt_from_apple_song_tracklist,16,16,0,16,0,"{""apple_music_catalog_album_tracks"":16}",
album|nina simone|pastel blues,1445668394,rebuilt_from_apple_song_tracklist,9,9,0,9,0,"{""apple_music_catalog_album_tracks"":9}",
album|nine inch nails|broken,1440743805,rebuilt_from_apple_song_tracklist,8,8,0,8,0,"{""apple_music_catalog_album_tracks"":8}",
album|nine inch nails|downward spiral,1440837096,rebuilt_from_apple_song_tracklist,14,14,0,14,0,"{""apple_music_catalog_album_tracks"":14}",
album|nine inch nails|pretty hate machine,1440934840,rebuilt_from_apple_song_tracklist,10,10,0,10,0,"{""apple_music_catalog_album_tracks"":10}",
album|nine inch nails|with teeth,1440851583,rebuilt_from_apple_song_tracklist,13,13,0,13,0,"{""apple_music_catalog_album_tracks"":13}",
album|nine inch nails|year zero,1440826538,rebuilt_from_apple_song_tracklist,16,16,0,16,0,"{""apple_music_catalog_album_tracks"":16}",
album|nirvana|bleach,669728060,rebuilt_from_apple_song_tracklist,25,25,0,25,0,"{""apple_music_catalog_album_tracks"":25}",
album|nirvana|in utero,1440858699,rebuilt_from_apple_song_tracklist,12,12,0,12,0,"{""apple_music_catalog_album_tracks"":12}",
album|nirvana|nevermind,1440783617,rebuilt_from_apple_song_tracklist,13,13,0,13,0,"{""apple_music_catalog_album_tracks"":13}",
album|noah kahan|stick season,1644787581,rebuilt_from_apple_song_tracklist,14,14,0,14,0,"{""apple_music_catalog_album_tracks"":14}",
album|nofx|punk in drublic,1485034320,rebuilt_from_apple_song_tracklist,17,17,0,17,0,"{""apple_music_catalog_album_tracks"":17}",
album|norah jones|come away with me,1624173298,rebuilt_from_apple_song_tracklist,14,14,0,14,0,"{""apple_music_catalog_album_tracks"":14}",
album|north mississippi allstars|shake hands with shorty,258067595,rebuilt_from_apple_song_tracklist,10,10,0,10,0,"{""apple_music_catalog_album_tracks"":10}",
album|nothing but thieves|moral panic,1519413837,rebuilt_from_apple_song_tracklist,11,11,0,11,0,"{""apple_music_catalog_album_tracks"":11}",
album|nothing|guilty of everything,794866934,rebuilt_from_apple_song_tracklist,9,9,0,9,0,"{""apple_music_catalog_album_tracks"":9}",
album|notorious b i g|life after death,906888433,rebuilt_from_apple_song_tracklist,24,24,0,24,0,"{""apple_music_catalog_album_tracks"":24}",
album|notorious b i g|ready to die,204669326,rebuilt_from_apple_song_tracklist,19,19,0,19,0,"{""apple_music_catalog_album_tracks"":19}",
album|nsync|celebrity,303178981,rebuilt_from_apple_song_tracklist,13,13,0,13,0,"{""apple_music_catalog_album_tracks"":13}",
album|nsync|no strings attached,303171298,rebuilt_from_apple_song_tracklist,12,12,0,12,0,"{""apple_music_catalog_album_tracks"":12}",
album|nujabes|modal soul,1078914477,rebuilt_from_apple_song_tracklist,14,14,0,14,0,"{""apple_music_catalog_album_tracks"":14}",
album|nusrat fateh ali khan|mustt mustt,1653379088,rebuilt_from_apple_song_tracklist,11,11,0,11,0,"{""apple_music_catalog_album_tracks"":11}",
album|nuyorican soul|nuyorican soul,1443545227,rebuilt_from_apple_song_tracklist,14,14,0,14,0,"{""apple_music_catalog_album_tracks"":14}",
album|o c|word life,1565381875,rebuilt_from_apple_song_tracklist,14,14,0,14,0,"{""apple_music_catalog_album_tracks"":14}",
album|obituary|slowly we rot,214477843,rebuilt_from_apple_song_tracklist,14,14,0,14,0,"{""apple_music_catalog_album_tracks"":14}",
album|odetta|odetta sings ballads and blues,1464638478,rebuilt_from_apple_song_tracklist,16,16,0,16,0,"{""apple_music_catalog_album_tracks"":16}",
album|of monsters and men|my head is an animal,1440808821,rebuilt_from_apple_song_tracklist,14,13,1,13,-1,"{""apple_music_catalog_album_tracks"":14}",
album|offspring|smash,1485034772,rebuilt_from_apple_song_tracklist,14,14,0,14,0,"{""apple_music_catalog_album_tracks"":14}",
album|ohio players|fire,1434907387,rebuilt_from_apple_song_tracklist,8,8,0,8,0,"{""apple_music_catalog_album_tracks"":8}",
album|old 97 s|fight songs,357814708,rebuilt_from_apple_song_tracklist,12,12,0,12,0,"{""apple_music_catalog_album_tracks"":12}",
album|old 97 s|too far to care,272865349,rebuilt_from_apple_song_tracklist,13,13,0,13,0,"{""apple_music_catalog_album_tracks"":13}",
album|old 97 s|wreck your life,1881205863,rebuilt_from_apple_song_tracklist,12,12,0,12,0,"{""apple_music_catalog_album_tracks"":12}",
album|old crow medicine show|o c m s,1771036383,rebuilt_from_apple_song_tracklist,11,11,0,11,0,"{""apple_music_catalog_album_tracks"":11}",
album|olivia rodrigo|sour,1560734944,rebuilt_from_apple_song_tracklist,11,11,0,11,0,"{""apple_music_catalog_album_tracks"":11}",
album|om|advaitic songs,543942200,rebuilt_from_apple_song_tracklist,5,5,0,5,0,"{""apple_music_catalog_album_tracks"":5}",
album|omah lay|boy alone,1624954180,rebuilt_from_apple_song_tracklist,14,14,0,14,0,"{""apple_music_catalog_album_tracks"":14}",
album|oneohtrix point never|replica,1714487173,rebuilt_from_apple_song_tracklist,10,10,0,10,0,"{""apple_music_catalog_album_tracks"":10}",
album|onerepublic|dreaming out loud,1440889649,rebuilt_from_apple_song_tracklist,13,13,0,13,0,"{""apple_music_catalog_album_tracks"":13}",
album|onerepublic|native,1440854614,rebuilt_from_apple_song_tracklist,15,15,0,15,0,"{""apple_music_catalog_album_tracks"":15}",
album|onyx|bacdafucup,1440911103,rebuilt_from_apple_song_tracklist,18,18,0,18,0,"{""apple_music_catalog_album_tracks"":18}",
album|opeth|blackwater park,268633375,rebuilt_from_apple_song_tracklist,8,8,0,8,0,"{""apple_music_catalog_album_tracks"":8}",
album|opeth|ghost reveries,214473104,rebuilt_from_apple_song_tracklist,8,8,0,8,0,"{""apple_music_catalog_album_tracks"":8}",
album|orange goblin|frequencies from planet ten,965384114,rebuilt_from_apple_song_tracklist,12,12,0,12,0,"{""apple_music_catalog_album_tracks"":12}",
album|orbital|orbital 2,1320062319,rebuilt_from_apple_song_tracklist,10,10,0,10,0,"{""apple_music_catalog_album_tracks"":10}",
album|orchestral manoeuvres in the dark|organisation,714776809,rebuilt_from_apple_song_tracklist,15,15,0,15,0,"{""apple_music_catalog_album_tracks"":15}",
album|original broadway cast of a chorus line|a chorus line,1041504493,rebuilt_from_apple_song_tracklist,21,21,0,21,0,"{""apple_music_catalog_album_tracks"":21}",
album|original broadway cast of beetlejuice|beetlejuice,1466050440,rebuilt_from_apple_song_tracklist,18,18,0,18,0,"{""apple_music_catalog_album_tracks"":18}",
album|original broadway cast of cabaret|cabaret,344579157,rebuilt_from_apple_song_tracklist,25,25,0,25,0,"{""apple_music_catalog_album_tracks"":25}",
album|original broadway cast of come from away|come from away,1440945336,rebuilt_from_apple_song_tracklist,23,23,0,23,0,"{""apple_music_catalog_album_tracks"":23}",
album|original broadway cast of dear evan hansen|dear evan hansen,1178259978,rebuilt_from_apple_song_tracklist,14,14,0,14,0,"{""apple_music_catalog_album_tracks"":14}",
album|original broadway cast of fiddler on the roof|fiddler on the roof,401383466,rebuilt_from_apple_song_tracklist,14,14,0,14,0,"{""apple_music_catalog_album_tracks"":14}",
album|original broadway cast of guys and dolls|guys and dolls,1469581712,rebuilt_from_apple_song_tracklist,20,20,0,20,0,"{""apple_music_catalog_album_tracks"":20}",
album|original broadway cast of gypsy|gypsy,164925460,rebuilt_from_apple_song_tracklist,20,20,0,20,0,"{""apple_music_catalog_album_tracks"":20}",
album|original broadway cast of hadestown|hadestown,1466351033,rebuilt_from_apple_song_tracklist,40,40,0,40,0,"{""apple_music_catalog_album_tracks"":40}",
album|original broadway cast of hair|hair,530282982,rebuilt_from_apple_song_tracklist,26,26,0,26,0,"{""apple_music_catalog_album_tracks"":26}",
album|original broadway cast of hairspray|hairspray,157356876,rebuilt_from_apple_song_tracklist,17,17,0,17,0,"{""apple_music_catalog_album_tracks"":17}",
album|original broadway cast of hamilton|hamilton,1025210938,rebuilt_from_apple_song_tracklist,46,46,0,46,0,"{""apple_music_catalog_album_tracks"":46}",
album|original broadway cast of hello dolly|hello dolly,272103599,rebuilt_from_apple_song_tracklist,13,13,0,13,0,"{""apple_music_catalog_album_tracks"":13}",
album|original broadway cast of in the heights|in the heights,1269639900,rebuilt_from_apple_song_tracklist,27,27,0,27,0,"{""apple_music_catalog_album_tracks"":27}",
album|original broadway cast of into the woods|into the woods,219236910,rebuilt_from_apple_song_tracklist,22,22,0,22,0,"{""apple_music_catalog_album_tracks"":22}",
album|original broadway cast of matilda|matilda the musical,1664563514,rebuilt_from_apple_song_tracklist,26,26,0,26,0,"{""apple_music_catalog_album_tracks"":26}",
album|original broadway cast of moulin rouge the musical|moulin rouge the musical,1477115723,rebuilt_from_apple_song_tracklist,19,19,0,19,0,"{""apple_music_catalog_album_tracks"":19}",
album|original broadway cast of oklahoma|oklahoma,1383513675,rebuilt_from_apple_song_tracklist,19,19,0,19,0,"{""apple_music_catalog_album_tracks"":19}",
album|original broadway cast of pippin|pippin,1452529555,rebuilt_from_apple_song_tracklist,18,18,0,18,0,"{""apple_music_catalog_album_tracks"":18}",
album|original broadway cast of rent|rent,1658688211,rebuilt_from_apple_song_tracklist,14,14,0,14,0,"{""apple_music_catalog_album_tracks"":14}",
album|original broadway cast of six|six,1465183308,rebuilt_from_apple_song_tracklist,9,9,0,9,0,"{""apple_music_catalog_album_tracks"":9}",
album|original broadway cast of south pacific|south pacific,193001294,rebuilt_from_apple_song_tracklist,20,20,0,20,0,"{""apple_music_catalog_album_tracks"":20}",
album|original broadway cast of spring awakening|spring awakening,1440732230,rebuilt_from_apple_song_tracklist,20,20,0,20,0,"{""apple_music_catalog_album_tracks"":20}",
album|original broadway cast of sweeney todd|sweeney todd,1086882395,rebuilt_from_apple_song_tracklist,31,31,0,31,0,"{""apple_music_catalog_album_tracks"":31}",
album|original broadway cast of the book of mormon|book of mormon,1270791564,rebuilt_from_apple_song_tracklist,16,16,0,16,0,"{""apple_music_catalog_album_tracks"":16}",
album|original broadway cast of the king and i|king and i,1440652383,rebuilt_from_apple_song_tracklist,12,12,0,12,0,"{""apple_music_catalog_album_tracks"":12}",
album|original broadway cast of the music man|music man,1442948380,rebuilt_from_apple_song_tracklist,18,18,0,18,0,"{""apple_music_catalog_album_tracks"":18}",
album|original broadway cast of the producers|producers,357911384,rebuilt_from_apple_song_tracklist,20,20,0,20,0,"{""apple_music_catalog_album_tracks"":20}",
album|original broadway cast of the sound of music|sound of music,1488850404,rebuilt_from_apple_song_tracklist,18,18,0,18,0,"{""apple_music_catalog_album_tracks"":18}",
album|original broadway cast of waitress|waitress,1117418120,rebuilt_from_apple_song_tracklist,22,22,0,22,0,"{""apple_music_catalog_album_tracks"":22}",
album|original broadway cast of west side story|west side story,186302499,rebuilt_from_apple_song_tracklist,25,25,0,25,0,"{""apple_music_catalog_album_tracks"":25}",
album|original broadway cast of wicked|wicked,1440802426,rebuilt_from_apple_song_tracklist,19,19,0,19,0,"{""apple_music_catalog_album_tracks"":19}",
album|original london cast of cats|cats,1843487732,rebuilt_from_apple_song_tracklist,23,23,0,23,0,"{""apple_music_catalog_album_tracks"":23}",
album|original london cast of evita|evita,1440910352,rebuilt_from_apple_song_tracklist,15,15,0,15,0,"{""apple_music_catalog_album_tracks"":15}",
album|original london cast of les miserables|les miserables,286655561,rebuilt_from_apple_song_tracklist,31,31,0,31,0,"{""apple_music_catalog_album_tracks"":31}",
album|original london cast of miss saigon|miss saigon,1440831170,rebuilt_from_apple_song_tracklist,29,29,0,29,0,"{""apple_music_catalog_album_tracks"":29}",
album|original london cast of the phantom of the opera|phantom of the opera,1843488228,rebuilt_from_apple_song_tracklist,21,21,0,21,0,"{""apple_music_catalog_album_tracks"":21}",
album|ornette coleman|shape of jazz to come,50234787,rebuilt_from_apple_song_tracklist,6,6,0,6,0,"{""apple_music_catalog_album_tracks"":6}",
album|otis redding|dictionary of soul,1146946661,rebuilt_from_apple_song_tracklist,32,32,0,32,0,"{""apple_music_catalog_album_tracks"":32}",
album|otis redding|otis blue,922351495,rebuilt_from_apple_song_tracklist,11,11,0,11,0,"{""apple_music_catalog_album_tracks"":11}",
album|otis redding|pain in my heart,995810749,rebuilt_from_apple_song_tracklist,12,12,0,12,0,"{""apple_music_catalog_album_tracks"":12}",
album|our lady peace|clumsy,158715557,rebuilt_from_apple_song_tracklist,11,11,0,11,0,"{""apple_music_catalog_album_tracks"":11}",
album|outkast|aquemini,266365274,rebuilt_from_apple_song_tracklist,16,16,0,16,0,"{""apple_music_catalog_album_tracks"":16}",
album|outkast|atliens,263570527,rebuilt_from_apple_song_tracklist,15,15,0,15,0,"{""apple_music_catalog_album_tracks"":15}",
album|outkast|southernplayalisticadillacmuzik,266365233,rebuilt_from_apple_song_tracklist,17,17,0,17,0,"{""apple_music_catalog_album_tracks"":17}",
album|outkast|stankonia,255836651,rebuilt_from_apple_song_tracklist,24,24,0,24,0,"{""apple_music_catalog_album_tracks"":24}",
album|overkill|years of decay,358595407,rebuilt_from_apple_song_tracklist,9,9,0,9,0,"{""apple_music_catalog_album_tracks"":9}",
album|ozzy osbourne|blizzard of ozz,1531535089,rebuilt_from_apple_song_tracklist,19,19,0,19,0,"{""apple_music_catalog_album_tracks"":19}",
album|pages|future street,403377882,rebuilt_from_apple_song_tracklist,8,8,0,8,0,"{""apple_music_catalog_album_tracks"":8}",
album|pages|pages,403427597,rebuilt_from_apple_song_tracklist,10,10,0,10,0,"{""apple_music_catalog_album_tracks"":10}",
album|pale saints|comforts of madness,205874233,rebuilt_from_apple_song_tracklist,11,11,0,11,0,"{""apple_music_catalog_album_tracks"":11}",
album|pallbearer|sorrow and extinction,499450844,rebuilt_from_apple_song_tracklist,5,5,0,5,0,"{""apple_music_catalog_album_tracks"":5}",
album|pantera|cowboys from hell,1163813822,rebuilt_from_apple_song_tracklist,12,12,0,12,0,"{""apple_music_catalog_album_tracks"":12}",
album|pantera|vulgar display of power,1049189134,rebuilt_from_apple_song_tracklist,11,11,0,11,0,"{""apple_music_catalog_album_tracks"":11}",
album|papa roach|infest,1450006102,rebuilt_from_apple_song_tracklist,13,13,0,13,0,"{""apple_music_catalog_album_tracks"":13}",
album|paramore|all we know is falling,606661046,rebuilt_from_apple_song_tracklist,10,10,0,10,0,"{""apple_music_catalog_album_tracks"":10}",
album|paramore|riot,604804755,rebuilt_from_apple_song_tracklist,11,11,0,11,0,"{""apple_music_catalog_album_tracks"":11}",
album|paris sisters|paris sisters,289487026,rebuilt_from_apple_song_tracklist,11,11,0,11,0,"{""apple_music_catalog_album_tracks"":11}",
album|parker mccollum|limestone kid,1826200971,rebuilt_from_apple_song_tracklist,11,11,0,11,0,"{""apple_music_catalog_album_tracks"":11}",
album|parkway drive|deep blue,1485045627,rebuilt_from_apple_song_tracklist,13,13,0,13,0,"{""apple_music_catalog_album_tracks"":13}",
album|parkway drive|horizons,1485043733,rebuilt_from_apple_song_tracklist,12,12,0,12,0,"{""apple_music_catalog_album_tracks"":12}",
album|parliament|funkentelechy vs the placebo syndrome,1434913911,rebuilt_from_apple_song_tracklist,6,6,0,6,0,"{""apple_music_catalog_album_tracks"":6}",
album|parliament|mothership connection,1440837684,rebuilt_from_apple_song_tracklist,7,7,0,7,0,"{""apple_music_catalog_album_tracks"":7}",
album|passion pit|manners,366648515,rebuilt_from_apple_song_tracklist,14,14,0,14,0,"{""apple_music_catalog_album_tracks"":14}",
album|passion|passion white flag,715844931,rebuilt_from_apple_song_tracklist,14,14,0,14,0,"{""apple_music_catalog_album_tracks"":14}",
album|passion|worthy of your name,1599424936,rebuilt_from_apple_song_tracklist,11,11,0,11,0,"{""apple_music_catalog_album_tracks"":11}",
album|patsy cline|showcase,1485036494,rebuilt_from_apple_song_tracklist,12,12,0,12,0,"{""apple_music_catalog_album_tracks"":12}",
album|patti smith|horses,1038568061,rebuilt_from_apple_song_tracklist,8,8,0,8,0,"{""apple_music_catalog_album_tracks"":8}",
album|patty griffin|living with ghosts,1440924336,rebuilt_from_apple_song_tracklist,10,10,0,10,0,"{""apple_music_catalog_album_tracks"":10}",
album|paul anka|paul anka sings his big 15,1664605287,rebuilt_from_apple_song_tracklist,15,15,0,15,0,"{""apple_music_catalog_album_tracks"":15}",
album|paul anka|paul anka,1625973434,rebuilt_from_apple_song_tracklist,10,10,0,10,0,"{""apple_music_catalog_album_tracks"":10}",
album|paul revere and the raiders|midnight ride,771271444,rebuilt_from_apple_song_tracklist,15,15,0,15,0,"{""apple_music_catalog_album_tracks"":15}",
album|paul simon|graceland,529574560,rebuilt_from_apple_song_tracklist,11,11,0,11,0,"{""apple_music_catalog_album_tracks"":11}",
album|paul simon|still crazy after all these years,380590574,rebuilt_from_apple_song_tracklist,12,12,0,12,0,"{""apple_music_catalog_album_tracks"":12}",
album|pavement|crooked rain crooked rain,1589187959,rebuilt_from_apple_song_tracklist,12,12,0,12,0,"{""apple_music_catalog_album_tracks"":12}",
album|pavement|slanted and enchanted,1589229771,rebuilt_from_apple_song_tracklist,14,14,0,14,0,"{""apple_music_catalog_album_tracks"":14}",
album|pearl jam|ten,425465247,rebuilt_from_apple_song_tracklist,11,11,0,11,0,"{""apple_music_catalog_album_tracks"":11}",
album|pearl jam|vitalogy,1777937276,rebuilt_from_apple_song_tracklist,14,14,0,14,0,"{""apple_music_catalog_album_tracks"":14}",
album|pearl jam|vs,426656353,rebuilt_from_apple_song_tracklist,15,15,0,15,0,"{""apple_music_catalog_album_tracks"":15}",
album|pere ubu|dub housing,1061144436,rebuilt_from_apple_song_tracklist,10,10,0,10,0,"{""apple_music_catalog_album_tracks"":10}",
album|pere ubu|modern dance,1668215130,rebuilt_from_apple_song_tracklist,10,10,0,10,0,"{""apple_music_catalog_album_tracks"":10}",
album|perfume|game,1442861394,rebuilt_from_apple_song_tracklist,12,12,0,12,0,"{""apple_music_catalog_album_tracks"":12}",
album|peso pluma|genesis,1694412585,rebuilt_from_apple_song_tracklist,17,17,0,17,0,"{""apple_music_catalog_album_tracks"":17}",
album|pet shop boys|behaviour,1645126133,rebuilt_from_apple_song_tracklist,10,10,0,10,0,"{""apple_music_catalog_album_tracks"":10}",
album|pet shop boys|please,1645128742,rebuilt_from_apple_song_tracklist,11,11,0,11,0,"{""apple_music_catalog_album_tracks"":11}",
album|peter frampton|frampton comes alive,1737516352,rebuilt_from_apple_song_tracklist,14,14,0,14,0,"{""apple_music_catalog_album_tracks"":14}",
album|peter gabriel|passion,987561472,rebuilt_from_apple_song_tracklist,21,21,0,21,0,"{""apple_music_catalog_album_tracks"":21}",
album|peter gabriel|peter gabriel 3 melt,986713177,rebuilt_from_apple_song_tracklist,10,10,0,10,0,"{""apple_music_catalog_album_tracks"":10}",
album|peter paul and mary|peter paul and mary,302102786,rebuilt_from_apple_song_tracklist,12,12,0,12,0,"{""apple_music_catalog_album_tracks"":12}",
album|pharcyde|bizarre ride ii the pharcyde,1440913414,rebuilt_from_apple_song_tracklist,16,16,0,16,0,"{""apple_music_catalog_album_tracks"":16}",
album|phil collins|no jacket required,1098944284,rebuilt_from_apple_song_tracklist,11,11,0,11,0,"{""apple_music_catalog_album_tracks"":11}",
album|phil collins|tarzan,1437333655,rebuilt_from_apple_song_tracklist,14,14,0,14,0,"{""apple_music_catalog_album_tracks"":14}",
album|phil ochs|all the news that s fit to sing,111189479,rebuilt_from_apple_song_tracklist,15,15,0,15,0,"{""apple_music_catalog_album_tracks"":15}",
album|phil ochs|i ain t marching anymore,111190810,rebuilt_from_apple_song_tracklist,15,15,0,15,0,"{""apple_music_catalog_album_tracks"":15}",
album|phil wickham|hymn of heaven,1566041335,rebuilt_from_apple_song_tracklist,13,13,0,13,0,"{""apple_music_catalog_album_tracks"":13}",
album|philanthrope|waking dreams,1687403995,rebuilt_from_apple_song_tracklist,14,14,0,14,0,"{""apple_music_catalog_album_tracks"":14}",
album|phoebe bridgers|punisher,1504699857,rebuilt_from_apple_song_tracklist,11,11,0,11,0,"{""apple_music_catalog_album_tracks"":11}",
album|phoebe bridgers|stranger in the alps,1256607808,rebuilt_from_apple_song_tracklist,11,11,0,11,0,"{""apple_music_catalog_album_tracks"":11}",
album|phoenix|wolfgang amadeus phoenix,1771710012,rebuilt_from_apple_song_tracklist,10,10,0,10,0,"{""apple_music_catalog_album_tracks"":10}",
album|piano guys|piano guys,588855725,rebuilt_from_apple_song_tracklist,16,16,0,16,0,"{""apple_music_catalog_album_tracks"":16}",
album|pink floyd|a saucerful of secrets,1065974579,rebuilt_from_apple_song_tracklist,7,7,0,7,0,"{""apple_music_catalog_album_tracks"":7}",
album|pink floyd|dark side of the moon,1065973699,rebuilt_from_apple_song_tracklist,10,10,0,10,0,"{""apple_music_catalog_album_tracks"":10}",
album|pink floyd|meddle,1065973614,rebuilt_from_apple_song_tracklist,6,6,0,6,0,"{""apple_music_catalog_album_tracks"":6}",
album|pink floyd|piper at the gates of dawn,1065975041,rebuilt_from_apple_song_tracklist,11,11,0,11,0,"{""apple_music_catalog_album_tracks"":11}",
album|pink floyd|wall,1065975633,rebuilt_from_apple_song_tracklist,26,26,0,26,0,"{""apple_music_catalog_album_tracks"":26}",
album|pink floyd|wish you were here,1065973975,rebuilt_from_apple_song_tracklist,5,5,0,5,0,"{""apple_music_catalog_album_tracks"":5}",
album|pinkpantheress|heaven knows,1710637196,rebuilt_from_apple_song_tracklist,13,13,0,13,0,"{""apple_music_catalog_album_tracks"":13}",
album|pinkpantheress|to hell with it,1587060922,rebuilt_from_apple_song_tracklist,10,10,0,10,0,"{""apple_music_catalog_album_tracks"":10}",
album|pitchshifter|www pitchshifter com,1443756091,rebuilt_from_apple_song_tracklist,14,14,0,14,0,"{""apple_music_catalog_album_tracks"":14}",
album|pixies|bossanova,1025319099,rebuilt_from_apple_song_tracklist,14,14,0,14,0,"{""apple_music_catalog_album_tracks"":14}",
album|pixies|doolittle,7060469,rebuilt_from_apple_song_tracklist,15,15,0,15,0,"{""apple_music_catalog_album_tracks"":15}",
album|pixies|surfer rosa,1027465077,rebuilt_from_apple_song_tracklist,13,13,0,13,0,"{""apple_music_catalog_album_tracks"":13}",
album|pj harvey|rid of me,1440923277,rebuilt_from_apple_song_tracklist,14,14,0,14,0,"{""apple_music_catalog_album_tracks"":14}",
album|pj harvey|to bring you my love,1440922042,rebuilt_from_apple_song_tracklist,10,10,0,10,0,"{""apple_music_catalog_album_tracks"":10}",
album|plastikman|sheet one,1506648948,rebuilt_from_apple_song_tracklist,10,10,0,10,0,"{""apple_music_catalog_album_tracks"":10}",
album|platters|encore of golden hits,1440777167,rebuilt_from_apple_song_tracklist,16,16,0,16,0,"{""apple_music_catalog_album_tracks"":16}",
album|platters|platters,1444149308,rebuilt_from_apple_song_tracklist,12,12,0,12,0,"{""apple_music_catalog_album_tracks"":12}",
album|playboi carti|die lit,1381553184,rebuilt_from_apple_song_tracklist,19,19,0,19,0,"{""apple_music_catalog_album_tracks"":19}",
album|playboi carti|whole lotta red,1546163603,rebuilt_from_apple_song_tracklist,24,24,0,24,0,"{""apple_music_catalog_album_tracks"":24}",
album|player|player,1458825368,rebuilt_from_apple_song_tracklist,10,10,0,10,0,"{""apple_music_catalog_album_tracks"":10}",
album|plimsouls|everywhere at once,1444223628,rebuilt_from_apple_song_tracklist,12,12,0,12,0,"{""apple_music_catalog_album_tracks"":12}",
album|poison|look what the cat dragged in,1442860958,rebuilt_from_apple_song_tracklist,10,10,0,10,0,"{""apple_music_catalog_album_tracks"":10}",
album|poison|open up and say ahh,1368865887,rebuilt_from_apple_song_tracklist,10,10,0,10,0,"{""apple_music_catalog_album_tracks"":10}",
album|police|outlandos d amour,1440797181,rebuilt_from_apple_song_tracklist,10,10,0,10,0,"{""apple_music_catalog_album_tracks"":10}",
album|police|reggatta de blanc,1440744161,rebuilt_from_apple_song_tracklist,11,11,0,11,0,"{""apple_music_catalog_album_tracks"":11}",
album|police|synchronicity,1440673959,rebuilt_from_apple_song_tracklist,11,11,0,11,0,"{""apple_music_catalog_album_tracks"":11}",
album|pond|9,1564321179,rebuilt_from_apple_song_tracklist,9,9,0,9,0,"{""apple_music_catalog_album_tracks"":9}",
album|pond|tasmania,1448455352,rebuilt_from_apple_song_tracklist,10,10,0,10,0,"{""apple_music_catalog_album_tracks"":10}",
album|poppy|i disagree,1817381624,rebuilt_from_apple_song_tracklist,10,10,0,10,0,"{""apple_music_catalog_album_tracks"":10}",
album|porter robinson|nurture,1550626757,rebuilt_from_apple_song_tracklist,14,14,0,14,0,"{""apple_music_catalog_album_tracks"":14}",
album|porter robinson|worlds,1440857923,rebuilt_from_apple_song_tracklist,12,12,0,12,0,"{""apple_music_catalog_album_tracks"":12}",
album|portishead|dummy,1440653096,rebuilt_from_apple_song_tracklist,11,11,0,11,0,"{""apple_music_catalog_album_tracks"":11}",
album|posies|frosting on the beater,1443900058,rebuilt_from_apple_song_tracklist,12,12,0,12,0,"{""apple_music_catalog_album_tracks"":12}",
album|postal service|give up,597936899,rebuilt_from_apple_song_tracklist,25,25,0,25,0,"{""apple_music_catalog_album_tracks"":25}",
album|potsu|just friends,1412214142,rebuilt_from_apple_song_tracklist,23,23,0,23,0,"{""apple_music_catalog_album_tracks"":23}",
album|pretenders|learning to crawl,118126290,rebuilt_from_apple_song_tracklist,10,10,0,10,0,"{""apple_music_catalog_album_tracks"":10}",
album|pretenders|pretenders,1586092743,rebuilt_from_apple_song_tracklist,55,55,0,55,0,"{""apple_music_catalog_album_tracks"":55}",
album|pretty reckless|death by rock and roll,1537708997,rebuilt_from_apple_song_tracklist,12,12,0,12,0,"{""apple_music_catalog_album_tracks"":12}",
album|pretty things|s f sorrow,1234643385,rebuilt_from_apple_song_tracklist,17,17,0,17,0,"{""apple_music_catalog_album_tracks"":17}",
album|prince and the revolution|purple rain,1746833068,rebuilt_from_apple_song_tracklist,9,9,0,9,0,"{""apple_music_catalog_album_tracks"":9}",
album|prince|purple rain,1746833068,rebuilt_from_apple_song_tracklist,9,9,0,9,0,"{""apple_music_catalog_album_tracks"":9}",
album|procol harum|shine on brightly,1615624112,rebuilt_from_apple_song_tracklist,11,11,0,11,0,"{""apple_music_catalog_album_tracks"":11}",
album|prodigy|fat of the land,500162127,rebuilt_from_apple_song_tracklist,10,10,0,10,0,"{""apple_music_catalog_album_tracks"":10}",
album|protomartyr|formal growth in the desert,1670903010,rebuilt_from_apple_song_tracklist,12,12,0,12,0,"{""apple_music_catalog_album_tracks"":12}",
album|psychedelic porn crumpets|high visceral pt 1,1087644953,rebuilt_from_apple_song_tracklist,10,10,0,10,0,"{""apple_music_catalog_album_tracks"":10}",
album|public enemy|fear of a black planet,1440837282,rebuilt_from_apple_song_tracklist,20,20,0,20,0,"{""apple_music_catalog_album_tracks"":20}",
album|public enemy|it takes a nation of millions to hold us back,1440837788,rebuilt_from_apple_song_tracklist,16,16,0,16,0,"{""apple_music_catalog_album_tracks"":16}",
album|public image ltd|metal box,95911817,rebuilt_from_apple_song_tracklist,12,12,0,12,0,"{""apple_music_catalog_album_tracks"":12}",
album|public image ltd|second edition,95911817,rebuilt_from_apple_song_tracklist,12,12,0,12,0,"{""apple_music_catalog_album_tracks"":12}",
album|puddle of mudd|come clean,1450664881,rebuilt_from_apple_song_tracklist,12,12,0,12,0,"{""apple_music_catalog_album_tracks"":12}",
album|puff daddy and the family|no way out,906589010,rebuilt_from_apple_song_tracklist,17,17,0,17,0,"{""apple_music_catalog_album_tracks"":17}",
album|purity ring|shrines,535907905,rebuilt_from_apple_song_tracklist,11,11,0,11,0,"{""apple_music_catalog_album_tracks"":11}",
album|pussycat dolls|pcd,1440762224,rebuilt_from_apple_song_tracklist,12,12,0,12,0,"{""apple_music_catalog_album_tracks"":12}",
album|quasimoto|unseen,209084862,rebuilt_from_apple_song_tracklist,24,24,0,24,0,"{""apple_music_catalog_album_tracks"":24}",
album|queen latifah|all hail the queen,1604634098,rebuilt_from_apple_song_tracklist,15,15,0,15,0,"{""apple_music_catalog_album_tracks"":15}",
album|queen|a night at the opera,1440806041,rebuilt_from_apple_song_tracklist,12,12,0,12,0,"{""apple_music_catalog_album_tracks"":12}",
album|queen|queen ii,1440754724,rebuilt_from_apple_song_tracklist,11,11,0,11,0,"{""apple_music_catalog_album_tracks"":11}",
album|queens of the stone age|rated r,1440751505,rebuilt_from_apple_song_tracklist,12,12,0,12,0,"{""apple_music_catalog_album_tracks"":12}",
album|queens of the stone age|songs for the deaf,1440759826,rebuilt_from_apple_song_tracklist,15,15,0,15,0,"{""apple_music_catalog_album_tracks"":15}",
album|quicksand|slip,1440923055,rebuilt_from_apple_song_tracklist,12,12,0,12,0,"{""apple_music_catalog_album_tracks"":12}",
album|quicksilver messenger service|happy trails,1452645811,rebuilt_from_apple_song_tracklist,10,10,0,10,0,"{""apple_music_catalog_album_tracks"":10}",
album|quiet riot|metal health,190737573,rebuilt_from_apple_song_tracklist,12,12,0,12,0,"{""apple_music_catalog_album_tracks"":12}",
album|r e m|lifes rich pageant,1440850580,rebuilt_from_apple_song_tracklist,12,12,0,12,0,"{""apple_music_catalog_album_tracks"":12}",
album|r e m|murmur,1440872981,rebuilt_from_apple_song_tracklist,12,12,0,12,0,"{""apple_music_catalog_album_tracks"":12}",
album|raconteurs|broken boy soldiers,1552875310,rebuilt_from_apple_song_tracklist,10,10,0,10,0,"{""apple_music_catalog_album_tracks"":10}",
album|radio dept|lesser matters,1641701510,rebuilt_from_apple_song_tracklist,13,13,0,13,0,"{""apple_music_catalog_album_tracks"":13}",
album|raekwon|only built 4 cuban linx,258634938,rebuilt_from_apple_song_tracklist,18,18,0,18,0,"{""apple_music_catalog_album_tracks"":18}",
album|raffi|singable songs for the very young,1440739668,rebuilt_from_apple_song_tracklist,19,19,0,19,0,"{""apple_music_catalog_album_tracks"":19}",
album|rage against the machine|rage against the machine,191450810,rebuilt_from_apple_song_tracklist,10,10,0,10,0,"{""apple_music_catalog_album_tracks"":10}",
album|rainbow|rising,1440922798,rebuilt_from_apple_song_tracklist,6,6,0,6,0,"{""apple_music_catalog_album_tracks"":6}",
album|raindrops|raindrops,118161481,rebuilt_from_apple_song_tracklist,12,12,0,12,0,"{""apple_music_catalog_album_tracks"":12}",
album|rammstein|herzeleid,1532029367,rebuilt_from_apple_song_tracklist,11,11,0,11,0,"{""apple_music_catalog_album_tracks"":11}",
album|rammstein|mutter,1440770702,rebuilt_from_apple_song_tracklist,11,11,0,11,0,"{""apple_music_catalog_album_tracks"":11}",
album|rammstein|sehnsucht,1390562159,rebuilt_from_apple_song_tracklist,11,11,0,11,0,"{""apple_music_catalog_album_tracks"":11}",
album|ramones|leave home,847970983,rebuilt_from_apple_song_tracklist,14,14,0,14,0,"{""apple_music_catalog_album_tracks"":14}",
album|ramones|ramones,847972873,rebuilt_from_apple_song_tracklist,14,14,0,14,0,"{""apple_music_catalog_album_tracks"":14}",
album|ramones|rocket to russia,847962534,rebuilt_from_apple_song_tracklist,14,14,0,14,0,"{""apple_music_catalog_album_tracks"":14}",
album|rancid|and out come the wolves,1702711176,rebuilt_from_apple_song_tracklist,19,19,0,19,0,"{""apple_music_catalog_album_tracks"":19}",
album|rancid|let s go,1485041019,rebuilt_from_apple_song_tracklist,23,23,0,23,0,"{""apple_music_catalog_album_tracks"":23}",
album|randy newman|good old boys,51957158,rebuilt_from_apple_song_tracklist,13,13,0,13,0,"{""apple_music_catalog_album_tracks"":13}",
album|randy newman|sail away,51963348,rebuilt_from_apple_song_tracklist,17,17,0,17,0,"{""apple_music_catalog_album_tracks"":17}",
album|randy newman|toy story,1452873008,rebuilt_from_apple_song_tracklist,16,16,0,16,0,"{""apple_music_catalog_album_tracks"":16}",
album|randy travis|storms of life,308386297,rebuilt_from_apple_song_tracklist,10,10,0,10,0,"{""apple_music_catalog_album_tracks"":10}",
album|raphael saadiq|instant vintage,1440658297,rebuilt_from_apple_song_tracklist,19,19,0,19,0,"{""apple_music_catalog_album_tracks"":19}",
album|raphael saadiq|way i see it,290382212,rebuilt_from_apple_song_tracklist,14,14,0,14,0,"{""apple_music_catalog_album_tracks"":14}",
album|rapture|echoes,1726021444,rebuilt_from_apple_song_tracklist,11,11,0,11,0,"{""apple_music_catalog_album_tracks"":11}",
album|rapture|pieces of the people we love,1443750180,rebuilt_from_apple_song_tracklist,10,10,0,10,0,"{""apple_music_catalog_album_tracks"":10}",
album|raspberries|raspberries,1452680448,rebuilt_from_apple_song_tracklist,9,9,0,9,0,"{""apple_music_catalog_album_tracks"":9}",
album|raspberries|side 3,716186564,rebuilt_from_apple_song_tracklist,9,9,0,9,0,"{""apple_music_catalog_album_tracks"":9}",
album|ratt|out of the cellar,1727314446,rebuilt_from_apple_song_tracklist,10,10,0,10,0,"{""apple_music_catalog_album_tracks"":10}",
album|rauw alejandro|vice versa,1596868386,rebuilt_from_apple_song_tracklist,14,14,0,14,0,"{""apple_music_catalog_album_tracks"":14}",
album|ray charles|genius of ray charles,46592212,rebuilt_from_apple_song_tracklist,12,12,0,12,0,"{""apple_music_catalog_album_tracks"":12}",
album|ray charles|what d i say,46592493,rebuilt_from_apple_song_tracklist,10,10,0,10,0,"{""apple_music_catalog_album_tracks"":10}",
album|ray lamontagne|trouble,1755483523,rebuilt_from_apple_song_tracklist,10,10,0,10,0,"{""apple_music_catalog_album_tracks"":10}",
album|ray price|for the good times,1153759816,rebuilt_from_apple_song_tracklist,11,11,0,11,0,"{""apple_music_catalog_album_tracks"":11}",
album|ray price|night life,1153765049,rebuilt_from_apple_song_tracklist,13,13,0,13,0,"{""apple_music_catalog_album_tracks"":13}",
album|ray stevens|ray stevens greatest hits,277495713,rebuilt_from_apple_song_tracklist,10,10,0,10,0,"{""apple_music_catalog_album_tracks"":10}",
album|reagan youth|youth anthems for the new order,1487575585,rebuilt_from_apple_song_tracklist,59,59,0,59,0,"{""apple_music_catalog_album_tracks"":59}",
album|reba mcentire|rumor has it,1523081186,rebuilt_from_apple_song_tracklist,12,12,0,12,0,"{""apple_music_catalog_album_tracks"":12}",
album|red krayola|parable of arable land,379207819,rebuilt_from_apple_song_tracklist,16,16,0,16,0,"{""apple_music_catalog_album_tracks"":16}",
album|redd kross|phaseshifter,1443730094,rebuilt_from_apple_song_tracklist,13,13,0,13,0,"{""apple_music_catalog_album_tracks"":13}",
album|redman|muddy waters,1440923735,rebuilt_from_apple_song_tracklist,23,23,0,23,0,"{""apple_music_catalog_album_tracks"":23}",
album|refused|shape of punk to come,1485027854,rebuilt_from_apple_song_tracklist,12,12,0,12,0,"{""apple_music_catalog_album_tracks"":12}",
album|regina spektor|begin to hope,157819402,rebuilt_from_apple_song_tracklist,12,12,0,12,0,"{""apple_music_catalog_album_tracks"":12}",
album|rema|rave and roses,1614063395,rebuilt_from_apple_song_tracklist,16,16,0,16,0,"{""apple_music_catalog_album_tracks"":16}",
album|renaissance|scheherazade and other stories,1782326223,rebuilt_from_apple_song_tracklist,11,11,0,11,0,"{""apple_music_catalog_album_tracks"":11}",
album|renee rapp|snow angel,1691233967,rebuilt_from_apple_song_tracklist,12,12,0,12,0,"{""apple_music_catalog_album_tracks"":12}",
album|rentals|return of the rentals,358113297,rebuilt_from_apple_song_tracklist,10,10,0,10,0,"{""apple_music_catalog_album_tracks"":10}",
album|replacements|let it be,162563989,rebuilt_from_apple_song_tracklist,11,11,0,11,0,"{""apple_music_catalog_album_tracks"":11}",
album|replacements|tim,778205096,rebuilt_from_apple_song_tracklist,11,11,0,11,0,"{""apple_music_catalog_album_tracks"":11}",
album|richard and mimi farina|reflections in a crystal wind,712277819,rebuilt_from_apple_song_tracklist,13,13,0,13,0,"{""apple_music_catalog_album_tracks"":13}",
album|richard hell and the voidoids|blank generation,1346358315,rebuilt_from_apple_song_tracklist,22,22,0,22,0,"{""apple_music_catalog_album_tracks"":22}",
album|richie hawtin|concept 1 96 cd,1545579873,rebuilt_from_apple_song_tracklist,25,25,0,25,0,"{""apple_music_catalog_album_tracks"":25}",
album|rick ross|port of miami,1440636672,rebuilt_from_apple_song_tracklist,19,19,0,19,0,"{""apple_music_catalog_album_tracks"":19}",
album|ricky martin|ricky martin,192821565,rebuilt_from_apple_song_tracklist,14,14,0,14,0,"{""apple_music_catalog_album_tracks"":14}",
album|ricky martin|vuelve,185391215,rebuilt_from_apple_song_tracklist,14,14,0,14,0,"{""apple_music_catalog_album_tracks"":14}",
album|ricky nelson|more songs by ricky,1442809812,rebuilt_from_apple_song_tracklist,12,12,0,12,0,"{""apple_music_catalog_album_tracks"":12}",
album|ricky nelson|ricky sings again,1444017122,rebuilt_from_apple_song_tracklist,17,17,0,17,0,"{""apple_music_catalog_album_tracks"":17}",
album|ride|nowhere,608006339,rebuilt_from_apple_song_tracklist,15,15,0,15,0,"{""apple_music_catalog_album_tracks"":15}",
album|rihanna|good girl gone bad,1472503760,rebuilt_from_apple_song_tracklist,12,12,0,12,0,"{""apple_music_catalog_album_tracks"":12}",
album|rihanna|loud,1442286224,rebuilt_from_apple_song_tracklist,13,13,0,13,0,"{""apple_music_catalog_album_tracks"":13}",
album|rihanna|talk that talk,1443102519,rebuilt_from_apple_song_tracklist,12,12,0,12,0,"{""apple_music_catalog_album_tracks"":12}",
album|rina sawayama|sawayama,1493469433,rebuilt_from_apple_song_tracklist,13,13,0,13,0,"{""apple_music_catalog_album_tracks"":13}",
album|rip chords|hey little cobra and other hot rod hits,260254179,rebuilt_from_apple_song_tracklist,15,15,0,15,0,"{""apple_music_catalog_album_tracks"":15}",
album|rippingtons|moonlighting,1446741447,rebuilt_from_apple_song_tracklist,8,8,0,8,0,"{""apple_music_catalog_album_tracks"":8}",
album|ritchie valens|ritchie valens,466357972,rebuilt_from_apple_song_tracklist,12,12,0,12,0,"{""apple_music_catalog_album_tracks"":12}",
album|rites of spring|rites of spring,49249797,rebuilt_from_apple_song_tracklist,17,17,0,17,0,"{""apple_music_catalog_album_tracks"":17}",
album|rivieras|california sun,1146567915,rebuilt_from_apple_song_tracklist,24,24,0,24,0,"{""apple_music_catalog_album_tracks"":24}",
album|rob zombie|hellbilly deluxe,1440845642,rebuilt_from_apple_song_tracklist,13,13,0,13,0,"{""apple_music_catalog_album_tracks"":13}",
album|robert earl keen|no kinda dancer,1769474135,rebuilt_from_apple_song_tracklist,14,14,0,14,0,"{""apple_music_catalog_album_tracks"":14}",
album|robert hood|minimal nation,316706585,rebuilt_from_apple_song_tracklist,10,10,0,10,0,"{""apple_music_catalog_album_tracks"":10}",
album|roberta flack|first take,355178034,rebuilt_from_apple_song_tracklist,8,8,0,8,0,"{""apple_music_catalog_album_tracks"":8}",
album|robin s|show me love,301002604,rebuilt_from_apple_song_tracklist,14,14,0,14,0,"{""apple_music_catalog_album_tracks"":14}",
album|rock a teens|rock a teens woo hoo,1742706776,rebuilt_from_apple_song_tracklist,12,12,0,12,0,"{""apple_music_catalog_album_tracks"":12}",
album|rolling stones|aftermath,1440745549,rebuilt_from_apple_song_tracklist,11,11,0,11,0,"{""apple_music_catalog_album_tracks"":11}",
album|romeo santos|formula vol 1,471342193,rebuilt_from_apple_song_tracklist,15,15,0,15,0,"{""apple_music_catalog_album_tracks"":15}",
album|ronettes|presenting the fabulous ronettes featuring veronica,518081279,rebuilt_from_apple_song_tracklist,12,12,0,12,0,"{""apple_music_catalog_album_tracks"":12}",
album|ronnie self|mr frantic is boppin the blues,1053995885,rebuilt_from_apple_song_tracklist,31,31,0,31,0,"{""apple_music_catalog_album_tracks"":31}",
album|rooney|rooney,1450653383,rebuilt_from_apple_song_tracklist,11,11,0,11,0,"{""apple_music_catalog_album_tracks"":11}",
album|roots|things fall apart,1440632803,rebuilt_from_apple_song_tracklist,18,18,0,18,0,"{""apple_music_catalog_album_tracks"":18}",
album|rosalia|motomami,1643048319,rebuilt_from_apple_song_tracklist,24,24,0,24,0,"{""apple_music_catalog_album_tracks"":24}",
album|roxy music|for your pleasure,724399564,rebuilt_from_apple_song_tracklist,8,8,0,8,0,"{""apple_music_catalog_album_tracks"":8}",
album|roxy music|roxy music,724922081,rebuilt_from_apple_song_tracklist,10,10,0,10,0,"{""apple_music_catalog_album_tracks"":10}",
album|royal blood|royal blood,900459268,rebuilt_from_apple_song_tracklist,10,10,0,10,0,"{""apple_music_catalog_album_tracks"":10}",
album|rubinoos|rubinoos,1564335937,rebuilt_from_apple_song_tracklist,10,10,0,10,0,"{""apple_music_catalog_album_tracks"":10}",
album|rufus wainwright|want one,1442846753,rebuilt_from_apple_song_tracklist,14,14,0,14,0,"{""apple_music_catalog_album_tracks"":14}",
album|run dmc|king of rock,254816563,rebuilt_from_apple_song_tracklist,9,9,0,9,0,"{""apple_music_catalog_album_tracks"":9}",
album|run dmc|raising hell,254344779,rebuilt_from_apple_song_tracklist,12,12,0,12,0,"{""apple_music_catalog_album_tracks"":12}",
album|run dmc|run d m c,256097651,rebuilt_from_apple_song_tracklist,9,9,0,9,0,"{""apple_music_catalog_album_tracks"":9}",
album|run the jewels|run the jewels 2,1862913140,rebuilt_from_apple_song_tracklist,12,12,0,12,0,"{""apple_music_catalog_album_tracks"":12}",
album|runaways|runaways,1440747926,rebuilt_from_apple_song_tracklist,10,10,0,10,0,"{""apple_music_catalog_album_tracks"":10}",
album|rupert holmes|partners in crime,1443846037,rebuilt_from_apple_song_tracklist,10,10,0,10,0,"{""apple_music_catalog_album_tracks"":10}",
album|rush|2112,1445876680,rebuilt_from_apple_song_tracklist,6,6,0,6,0,"{""apple_music_catalog_album_tracks"":6}",
album|sabrina carpenter|short n sweet,1752214909,rebuilt_from_apple_song_tracklist,12,12,0,12,0,"{""apple_music_catalog_album_tracks"":12}",
album|sade|diamond life,1524651063,rebuilt_from_apple_song_tracklist,9,9,0,9,0,"{""apple_music_catalog_album_tracks"":9}",
album|sade|promise,211677347,rebuilt_from_apple_song_tracklist,11,11,0,11,0,"{""apple_music_catalog_album_tracks"":11}",
album|sagittarius|present tense,307036520,rebuilt_from_apple_song_tracklist,20,20,0,20,0,"{""apple_music_catalog_album_tracks"":20}",
album|saib|bebop,1424563060,rebuilt_from_apple_song_tracklist,14,14,0,14,0,"{""apple_music_catalog_album_tracks"":14}",
album|saint vitus|born too late,117748132,rebuilt_from_apple_song_tracklist,9,9,0,9,0,"{""apple_music_catalog_album_tracks"":9}",
album|saints|eternally yours,693800761,rebuilt_from_apple_song_tracklist,27,27,0,27,0,"{""apple_music_catalog_album_tracks"":27}",
album|sam and dave|hold on i m comin,59412372,rebuilt_from_apple_song_tracklist,12,12,0,12,0,"{""apple_music_catalog_album_tracks"":12}",
album|sam cooke|cooke s tour,497769669,rebuilt_from_apple_song_tracklist,12,12,0,12,0,"{""apple_music_catalog_album_tracks"":12}",
album|sam cooke|night beat,304822017,rebuilt_from_apple_song_tracklist,12,12,0,12,0,"{""apple_music_catalog_album_tracks"":12}",
album|sam cooke|twistin the night away,497770005,rebuilt_from_apple_song_tracklist,12,12,0,12,0,"{""apple_music_catalog_album_tracks"":12}",
album|sam hunt|montevallo,1440858319,rebuilt_from_apple_song_tracklist,10,10,0,10,0,"{""apple_music_catalog_album_tracks"":10}",
album|sam smith|in the lonely hour,1440814069,rebuilt_from_apple_song_tracklist,10,10,0,10,0,"{""apple_music_catalog_album_tracks"":10}",
album|samia|honey,1643839739,rebuilt_from_apple_song_tracklist,11,11,0,11,0,"{""apple_music_catalog_album_tracks"":11}",
album|santana|abraxas,871146591,rebuilt_from_apple_song_tracklist,9,9,0,9,0,"{""apple_music_catalog_album_tracks"":9}",
album|santo and johnny|santo and johnny,1455434148,rebuilt_from_apple_song_tracklist,10,10,0,10,0,"{""apple_music_catalog_album_tracks"":10}",
album|sara bareilles|little voice,258604731,rebuilt_from_apple_song_tracklist,12,12,0,12,0,"{""apple_music_catalog_album_tracks"":12}",
album|sarah brightman|eden,715482649,rebuilt_from_apple_song_tracklist,16,16,0,16,0,"{""apple_music_catalog_album_tracks"":16}",
album|sarah mclachlan|fumbling towards ecstasy,271361254,rebuilt_from_apple_song_tracklist,13,13,0,13,0,"{""apple_music_catalog_album_tracks"":13}",
album|sarah mclachlan|solace,268228917,rebuilt_from_apple_song_tracklist,11,11,0,11,0,"{""apple_music_catalog_album_tracks"":11}",
album|sarah mclachlan|surfacing,388153718,rebuilt_from_apple_song_tracklist,10,10,0,10,0,"{""apple_music_catalog_album_tracks"":10}",
album|savages|silence yourself,1589250505,rebuilt_from_apple_song_tracklist,11,11,0,11,0,"{""apple_music_catalog_album_tracks"":11}",
album|saves the day|stay what you are,1713862953,rebuilt_from_apple_song_tracklist,11,11,0,11,0,"{""apple_music_catalog_album_tracks"":11}",
album|saxon|wheels of steel,1451595306,rebuilt_from_apple_song_tracklist,17,17,0,17,0,"{""apple_music_catalog_album_tracks"":17}",
album|say anything|is a real boy,1471051942,rebuilt_from_apple_song_tracklist,21,21,0,21,0,"{""apple_music_catalog_album_tracks"":21}",
album|scarface|diary,1812986267,rebuilt_from_apple_song_tracklist,13,13,0,13,0,"{""apple_music_catalog_album_tracks"":13}",
album|schoolly d|schoolly d,1131445208,rebuilt_from_apple_song_tracklist,6,6,0,6,0,"{""apple_music_catalog_album_tracks"":6}",
album|scott walker|scott 2,1442979621,rebuilt_from_apple_song_tracklist,12,12,0,12,0,"{""apple_music_catalog_album_tracks"":12}",
album|scott walker|scott 3,1443111227,rebuilt_from_apple_song_tracklist,13,13,0,13,0,"{""apple_music_catalog_album_tracks"":13}",
album|screaming trees|dust,168383708,rebuilt_from_apple_song_tracklist,10,10,0,10,0,"{""apple_music_catalog_album_tracks"":10}",
album|screaming trees|sweet oblivion,157316025,rebuilt_from_apple_song_tracklist,11,11,0,11,0,"{""apple_music_catalog_album_tracks"":11}",
album|sebadoh|bakesale,444189753,rebuilt_from_apple_song_tracklist,40,40,0,40,0,"{""apple_music_catalog_album_tracks"":40}",
album|sebadoh|iii,252251664,rebuilt_from_apple_song_tracklist,41,41,0,41,0,"{""apple_music_catalog_album_tracks"":41}",
album|seeds|seeds,932550440,rebuilt_from_apple_song_tracklist,22,22,0,22,0,"{""apple_music_catalog_album_tracks"":22}",
album|seether|disclaimer,1440810727,rebuilt_from_apple_song_tracklist,12,12,0,12,0,"{""apple_music_catalog_album_tracks"":12}",
album|selena|amor prohibido,1703307720,rebuilt_from_apple_song_tracklist,12,12,0,12,0,"{""apple_music_catalog_album_tracks"":12}",
album|selena|dreaming of you,1440826979,rebuilt_from_apple_song_tracklist,14,14,0,14,0,"{""apple_music_catalog_album_tracks"":14}",
album|sepultura|arise,214474129,rebuilt_from_apple_song_tracklist,13,13,0,13,0,"{""apple_music_catalog_album_tracks"":13}",
album|sepultura|beneath the remains,214411044,rebuilt_from_apple_song_tracklist,12,12,0,12,0,"{""apple_music_catalog_album_tracks"":12}",
album|seventeen|face the sun,1625319240,rebuilt_from_apple_song_tracklist,10,10,0,10,0,"{""apple_music_catalog_album_tracks"":10}",
album|sex pistols|never mind the bollocks here s the sex pistols,266317242,rebuilt_from_apple_song_tracklist,12,12,0,12,0,"{""apple_music_catalog_album_tracks"":12}",
album|shabazz palaces|black up,669854622,rebuilt_from_apple_song_tracklist,10,10,0,10,0,"{""apple_music_catalog_album_tracks"":10}",
album|shakira|laundry service,188260845,rebuilt_from_apple_song_tracklist,13,13,0,13,0,"{""apple_music_catalog_album_tracks"":13}",
album|shame|drunk tank pink,1592384021,rebuilt_from_apple_song_tracklist,22,22,0,22,0,"{""apple_music_catalog_album_tracks"":22}",
album|shame|food for worms,1650840060,rebuilt_from_apple_song_tracklist,10,10,0,10,0,"{""apple_music_catalog_album_tracks"":10}",
album|shangri las|20th century masters the millennium collection the best of the shangri las,1444000328,rebuilt_from_apple_song_tracklist,12,12,0,12,0,"{""apple_music_catalog_album_tracks"":12}",
album|shania twain|come on over,1445668706,rebuilt_from_apple_song_tracklist,16,16,0,16,0,"{""apple_music_catalog_album_tracks"":16}",
album|shania twain|woman in me,1440867115,rebuilt_from_apple_song_tracklist,12,12,0,12,0,"{""apple_music_catalog_album_tracks"":12}",
album|sharon van etten|remind me tomorrow,1436857685,rebuilt_from_apple_song_tracklist,10,10,0,10,0,"{""apple_music_catalog_album_tracks"":10}",
album|shawn colvin|a few small repairs,192858395,rebuilt_from_apple_song_tracklist,12,12,0,12,0,"{""apple_music_catalog_album_tracks"":12}",
album|she wants revenge|she wants revenge,1444219951,rebuilt_from_apple_song_tracklist,14,14,0,14,0,"{""apple_music_catalog_album_tracks"":14}",
album|shellac|at action park,1121357303,rebuilt_from_apple_song_tracklist,10,10,0,10,0,"{""apple_music_catalog_album_tracks"":10}",
album|shellac|terraform,1120039345,rebuilt_from_apple_song_tracklist,8,8,0,8,0,"{""apple_music_catalog_album_tracks"":8}",
album|sheryl crow|sheryl crow,1440920951,rebuilt_from_apple_song_tracklist,13,13,0,13,0,"{""apple_music_catalog_album_tracks"":13}",
album|sheryl crow|tuesday night music club,1440918803,rebuilt_from_apple_song_tracklist,11,11,0,11,0,"{""apple_music_catalog_album_tracks"":11}",
album|shinedown|sound of madness,279812098,rebuilt_from_apple_song_tracklist,11,11,0,11,0,"{""apple_music_catalog_album_tracks"":11}",
album|shins|oh inverted world,3271807,rebuilt_from_apple_song_tracklist,11,11,0,11,0,"{""apple_music_catalog_album_tracks"":11}",
album|shirelles|baby it s you,288092836,rebuilt_from_apple_song_tracklist,12,12,0,12,0,"{""apple_music_catalog_album_tracks"":12}",
album|shirelles|tonight s the night,453763532,rebuilt_from_apple_song_tracklist,12,12,0,12,0,"{""apple_music_catalog_album_tracks"":12}",
album|shoes|present tense,1513899084,rebuilt_from_apple_song_tracklist,12,12,0,12,0,"{""apple_music_catalog_album_tracks"":12}",
album|sia|1000 forms of fear,882945378,rebuilt_from_apple_song_tracklist,12,12,0,12,0,"{""apple_music_catalog_album_tracks"":12}",
album|sierra ferrell|long time coming,1565071324,rebuilt_from_apple_song_tracklist,12,12,0,12,0,"{""apple_music_catalog_album_tracks"":12}",
album|silver apples|contact,1443519849,rebuilt_from_apple_song_tracklist,9,9,0,9,0,"{""apple_music_catalog_album_tracks"":9}",
album|silver apples|silver apples,1444073507,rebuilt_from_apple_song_tracklist,9,9,0,9,0,"{""apple_music_catalog_album_tracks"":9}",
album|silver jews|american water,57937208,rebuilt_from_apple_song_tracklist,12,12,0,12,0,"{""apple_music_catalog_album_tracks"":12}",
album|silver jews|natural bridge,57936804,rebuilt_from_apple_song_tracklist,10,10,0,10,0,"{""apple_music_catalog_album_tracks"":10}",
album|silverchair|frogstomp,977669545,rebuilt_from_apple_song_tracklist,11,11,0,11,0,"{""apple_music_catalog_album_tracks"":11}",
album|simon and garfunkel|bookends,203303421,rebuilt_from_apple_song_tracklist,12,12,0,12,0,"{""apple_music_catalog_album_tracks"":12}",
album|simon and garfunkel|parsley sage rosemary and thyme,1467438660,rebuilt_from_apple_song_tracklist,12,12,0,12,0,"{""apple_music_catalog_album_tracks"":12}",
album|simon and garfunkel|sounds of silence,192480256,rebuilt_from_apple_song_tracklist,11,11,0,11,0,"{""apple_music_catalog_album_tracks"":11}",
album|simple plan|no pads no helmets just balls,1355149359,rebuilt_from_apple_song_tracklist,19,19,0,19,0,"{""apple_music_catalog_album_tracks"":19}",
album|simple plan|still not getting any,27295864,rebuilt_from_apple_song_tracklist,11,11,0,11,0,"{""apple_music_catalog_album_tracks"":11}",
album|siouxsie and the banshees|juju,1440764567,rebuilt_from_apple_song_tracklist,12,12,0,12,0,"{""apple_music_catalog_album_tracks"":12}",
album|sister rosetta tharpe|gospel train,1442449575,rebuilt_from_apple_song_tracklist,12,12,0,12,0,"{""apple_music_catalog_album_tracks"":12}",
album|sister sledge|we are family,1691509912,rebuilt_from_apple_song_tracklist,8,8,0,8,0,"{""apple_music_catalog_album_tracks"":8}",
album|sisters of mercy|floodland,1027459890,rebuilt_from_apple_song_tracklist,8,8,0,8,0,"{""apple_music_catalog_album_tracks"":8}",
album|skid row|skid row,1727790222,rebuilt_from_apple_song_tracklist,11,11,0,11,0,"{""apple_music_catalog_album_tracks"":11}",
album|skid row|slave to the grind,1727313193,rebuilt_from_apple_song_tracklist,12,12,0,12,0,"{""apple_music_catalog_album_tracks"":12}",
album|skillet|awake,668404134,rebuilt_from_apple_song_tracklist,12,12,0,12,0,"{""apple_music_catalog_album_tracks"":12}",
album|skinny puppy|too dark park,306598331,rebuilt_from_apple_song_tracklist,10,10,0,10,0,"{""apple_music_catalog_album_tracks"":10}",
album|skrillex|scary monsters and nice sprites,409001929,rebuilt_from_apple_song_tracklist,9,9,0,9,0,"{""apple_music_catalog_album_tracks"":9}",
album|slayer|reign in blood,1733768895,rebuilt_from_apple_song_tracklist,10,10,0,10,0,"{""apple_music_catalog_album_tracks"":10}",
album|slayer|seasons in the abyss,1440920134,rebuilt_from_apple_song_tracklist,10,10,0,10,0,"{""apple_music_catalog_album_tracks"":10}",
album|slayyyter|starfucker,1895050878,rebuilt_from_apple_song_tracklist,12,12,0,12,0,"{""apple_music_catalog_album_tracks"":12}",
album|slayyyter|troubled paradise,1895050495,rebuilt_from_apple_song_tracklist,12,12,0,12,0,"{""apple_music_catalog_album_tracks"":12}",
album|sleater kinney|call the doctor,906073870,rebuilt_from_apple_song_tracklist,12,12,0,12,0,"{""apple_music_catalog_album_tracks"":12}",
album|sleater kinney|dig me out,906136610,rebuilt_from_apple_song_tracklist,13,13,0,13,0,"{""apple_music_catalog_album_tracks"":13}",
album|sleep token|take me back to eden,1669567703,rebuilt_from_apple_song_tracklist,12,12,0,12,0,"{""apple_music_catalog_album_tracks"":12}",
album|sleep|dopesmoker,1854884359,rebuilt_from_apple_song_tracklist,2,2,0,2,0,"{""apple_music_catalog_album_tracks"":2}",
album|sleep|sleep s holy mountain,43359181,rebuilt_from_apple_song_tracklist,9,9,0,9,0,"{""apple_music_catalog_album_tracks"":9}",
album|sleepy fish|beneath your waves,1513592074,rebuilt_from_apple_song_tracklist,10,10,0,10,0,"{""apple_music_catalog_album_tracks"":10}",
album|slick rick|great adventures of slick rick,1440834648,rebuilt_from_apple_song_tracklist,12,12,0,12,0,"{""apple_music_catalog_album_tracks"":12}",
album|slint|spiderland,295785324,rebuilt_from_apple_song_tracklist,7,7,0,7,0,"{""apple_music_catalog_album_tracks"":7}",
album|slipknot|iowa,927744704,rebuilt_from_apple_song_tracklist,14,14,0,14,0,"{""apple_music_catalog_album_tracks"":14}",
album|slipknot|slipknot,927731469,rebuilt_from_apple_song_tracklist,15,15,0,15,0,"{""apple_music_catalog_album_tracks"":15}",
album|sloan|one chord to another,347711625,rebuilt_from_apple_song_tracklist,12,12,0,12,0,"{""apple_music_catalog_album_tracks"":12}",
album|sloan|twice removed,347870766,rebuilt_from_apple_song_tracklist,12,12,0,12,0,"{""apple_music_catalog_album_tracks"":12}",
album|slowdive|souvlaki,399211729,rebuilt_from_apple_song_tracklist,19,19,0,19,0,"{""apple_music_catalog_album_tracks"":19}",
album|sly and the family stone|stand,216551517,rebuilt_from_apple_song_tracklist,13,13,0,13,0,"{""apple_music_catalog_album_tracks"":13}",
album|sly and the family stone|there s a riot goin on,1501778712,rebuilt_from_apple_song_tracklist,12,12,0,12,0,"{""apple_music_catalog_album_tracks"":12}",
album|small faces|ogdens nut gone flake,323024349,rebuilt_from_apple_song_tracklist,7,7,0,7,0,"{""apple_music_catalog_album_tracks"":7}",
album|smashing pumpkins|siamese dream,721207206,rebuilt_from_apple_song_tracklist,13,13,0,13,0,"{""apple_music_catalog_album_tracks"":13}",
album|smiths|queen is dead,800092985,rebuilt_from_apple_song_tracklist,10,10,0,10,0,"{""apple_music_catalog_album_tracks"":10}",
album|smokey robinson and the miracles|hi we re the miracles,1444086503,rebuilt_from_apple_song_tracklist,11,11,0,11,0,"{""apple_music_catalog_album_tracks"":11}",
album|smokey robinson|a quiet storm,1469581795,rebuilt_from_apple_song_tracklist,7,7,0,7,0,"{""apple_music_catalog_album_tracks"":7}",
album|snoop dogg|doggystyle,1676306182,rebuilt_from_apple_song_tracklist,13,13,0,13,0,"{""apple_music_catalog_album_tracks"":13}",
album|snow patrol|eyes open,1442491560,rebuilt_from_apple_song_tracklist,11,11,0,11,0,"{""apple_music_catalog_album_tracks"":11}",
album|soccer mommy|clean,1324319630,rebuilt_from_apple_song_tracklist,10,10,0,10,0,"{""apple_music_catalog_album_tracks"":10}",
album|social distortion|social distortion,197984051,rebuilt_from_apple_song_tracklist,10,10,0,10,0,"{""apple_music_catalog_album_tracks"":10}",
album|sodom|agent orange,1675512622,rebuilt_from_apple_song_tracklist,15,15,0,15,0,"{""apple_music_catalog_album_tracks"":15}",
album|soft cell|non stop erotic cabaret,1444125350,rebuilt_from_apple_song_tracklist,12,12,0,12,0,"{""apple_music_catalog_album_tracks"":12}",
album|soft machine|soft machine,1443939420,rebuilt_from_apple_song_tracklist,13,13,0,13,0,"{""apple_music_catalog_album_tracks"":13}",
album|soft machine|volume two,1442442602,rebuilt_from_apple_song_tracklist,17,17,0,17,0,"{""apple_music_catalog_album_tracks"":17}",
album|solange|a seat at the table,1159507212,rebuilt_from_apple_song_tracklist,21,21,0,21,0,"{""apple_music_catalog_album_tracks"":21}",
album|solange|when i get home,1454595364,rebuilt_from_apple_song_tracklist,19,19,0,19,0,"{""apple_music_catalog_album_tracks"":19}",
album|solomon burke|rock n soul,530966861,rebuilt_from_apple_song_tracklist,12,12,0,12,0,"{""apple_music_catalog_album_tracks"":12}",
album|son volt|straightaways,302191025,rebuilt_from_apple_song_tracklist,10,10,0,10,0,"{""apple_music_catalog_album_tracks"":10}",
album|son volt|trace,1050409948,rebuilt_from_apple_song_tracklist,11,11,0,11,0,"{""apple_music_catalog_album_tracks"":11}",
album|songs ohia|didn t it rain,911806851,rebuilt_from_apple_song_tracklist,15,15,0,15,0,"{""apple_music_catalog_album_tracks"":15}",
album|sonic youth|daydream nation,520504308,rebuilt_from_apple_song_tracklist,14,14,0,14,0,"{""apple_music_catalog_album_tracks"":14}",
album|sonic youth|sister,520274588,rebuilt_from_apple_song_tracklist,11,11,0,11,0,"{""apple_music_catalog_album_tracks"":11}",
album|sonics|boom,626202316,rebuilt_from_apple_song_tracklist,12,12,0,12,0,"{""apple_music_catalog_album_tracks"":12}",
album|sonics|here are the sonics,626208502,rebuilt_from_apple_song_tracklist,12,12,0,12,0,"{""apple_music_catalog_album_tracks"":12}",
album|sonny rollins|saxophone colossus,1440737584,rebuilt_from_apple_song_tracklist,5,5,0,5,0,"{""apple_music_catalog_album_tracks"":5}",
album|sophie|oil of every pearl s un insides,1709023350,rebuilt_from_apple_song_tracklist,9,9,0,9,0,"{""apple_music_catalog_album_tracks"":9}",
album|soulwax|nite versions,80291470,rebuilt_from_apple_song_tracklist,10,10,0,10,0,"{""apple_music_catalog_album_tracks"":10}",
album|sound|from the lions mouth,544910200,rebuilt_from_apple_song_tracklist,10,10,0,10,0,"{""apple_music_catalog_album_tracks"":10}",
album|sound|jeopardy,544910472,rebuilt_from_apple_song_tracklist,11,11,0,11,0,"{""apple_music_catalog_album_tracks"":11}",
album|soundgarden|badmotorfinger,1440890539,rebuilt_from_apple_song_tracklist,12,12,0,12,0,"{""apple_music_catalog_album_tracks"":12}",
album|soundgarden|louder than love,1440869180,rebuilt_from_apple_song_tracklist,12,12,0,12,0,"{""apple_music_catalog_album_tracks"":12}",
album|soundgarden|superunknown,1440811129,rebuilt_from_apple_song_tracklist,15,15,0,15,0,"{""apple_music_catalog_album_tracks"":15}",
album|sparks|kimono my house,1443750483,rebuilt_from_apple_song_tracklist,13,13,0,13,0,"{""apple_music_catalog_album_tracks"":13}",
album|spice girls|spice,723398173,rebuilt_from_apple_song_tracklist,10,10,0,10,0,"{""apple_music_catalog_album_tracks"":10}",
album|spirit|spirit,157537585,rebuilt_from_apple_song_tracklist,15,15,0,15,0,"{""apple_music_catalog_album_tracks"":15}",
album|spiritbox|eternal blue,1584622643,rebuilt_from_apple_song_tracklist,12,12,0,12,0,"{""apple_music_catalog_album_tracks"":12}",
album|spiritbox|fear of fear,1705903383,rebuilt_from_apple_song_tracklist,6,6,0,6,0,"{""apple_music_catalog_album_tracks"":6}",
album|split enz|true colours,1494504041,rebuilt_from_apple_song_tracklist,11,11,0,11,0,"{""apple_music_catalog_album_tracks"":11}",
album|spoon|kill the moonlight,1589224458,rebuilt_from_apple_song_tracklist,12,12,0,12,0,"{""apple_music_catalog_album_tracks"":12}",
album|spyro gyra|morning dance,1605184222,rebuilt_from_apple_song_tracklist,9,9,0,9,0,"{""apple_music_catalog_album_tracks"":9}",
album|squid|bright green field,1544474458,rebuilt_from_apple_song_tracklist,11,11,0,11,0,"{""apple_music_catalog_album_tracks"":11}",
album|squid|o monolith,1666365029,rebuilt_from_apple_song_tracklist,8,8,0,8,0,"{""apple_music_catalog_album_tracks"":8}",
album|staind|break the cycle,193372160,rebuilt_from_apple_song_tracklist,14,14,0,14,0,"{""apple_music_catalog_album_tracks"":14}",
album|stan getz and joao gilberto|getz gilberto,1422655717,rebuilt_from_apple_song_tracklist,8,8,0,8,0,"{""apple_music_catalog_album_tracks"":8}",
album|standells|dirty water,1450970799,rebuilt_from_apple_song_tracklist,15,15,0,15,0,"{""apple_music_catalog_album_tracks"":15}",
album|staple singers|be altitude respect yourself,1488850318,rebuilt_from_apple_song_tracklist,10,10,0,10,0,"{""apple_music_catalog_album_tracks"":10}",
album|static x|wisconsin death trip,302200724,rebuilt_from_apple_song_tracklist,12,12,0,12,0,"{""apple_music_catalog_album_tracks"":12}",
album|steely dan|aja,1706428459,rebuilt_from_apple_song_tracklist,7,7,0,7,0,"{""apple_music_catalog_album_tracks"":7}",
album|steely dan|gaucho,1715946508,rebuilt_from_apple_song_tracklist,7,7,0,7,0,"{""apple_music_catalog_album_tracks"":7}",
album|stetsasonic|on fire,1604623507,rebuilt_from_apple_song_tracklist,10,10,0,10,0,"{""apple_music_catalog_album_tracks"":10}",
album|steve earle|guitar town,1440839053,rebuilt_from_apple_song_tracklist,10,10,0,10,0,"{""apple_music_catalog_album_tracks"":10}",
album|steven curtis chapman|speechless,724866892,rebuilt_from_apple_song_tracklist,13,13,0,13,0,"{""apple_music_catalog_album_tracks"":13}",
album|stevie wonder|innervisions,1440806790,rebuilt_from_apple_song_tracklist,9,9,0,9,0,"{""apple_music_catalog_album_tracks"":9}",
album|stevie wonder|songs in the key of life,1440788438,rebuilt_from_apple_song_tracklist,21,21,0,21,0,"{""apple_music_catalog_album_tracks"":21}",
album|stiff little fingers|inflammable material,697417504,rebuilt_from_apple_song_tracklist,16,16,0,16,0,"{""apple_music_catalog_album_tracks"":16}",
album|stone temple pilots|core,1285806791,rebuilt_from_apple_song_tracklist,12,12,0,12,0,"{""apple_music_catalog_album_tracks"":12}",
album|stone temple pilots|purple,1483792702,rebuilt_from_apple_song_tracklist,11,11,0,11,0,"{""apple_music_catalog_album_tracks"":11}",
album|stooges|stooges,393789238,rebuilt_from_apple_song_tracklist,8,8,0,8,0,"{""apple_music_catalog_album_tracks"":8}",
album|strawberry alarm clock|wake up it s tomorrow,1443589104,rebuilt_from_apple_song_tracklist,12,12,0,12,0,"{""apple_music_catalog_album_tracks"":12}",
album|strokes|is this it,266376953,rebuilt_from_apple_song_tracklist,11,11,0,11,0,"{""apple_music_catalog_album_tracks"":11}",
album|strokes|room on fire,302987557,rebuilt_from_apple_song_tracklist,11,11,0,11,0,"{""apple_music_catalog_album_tracks"":11}",
album|sturgill simpson|metamodern sounds in country music,1887707089,rebuilt_from_apple_song_tracklist,10,10,0,10,0,"{""apple_music_catalog_album_tracks"":10}",
album|sufjan stevens|carrie and lowell,955572616,rebuilt_from_apple_song_tracklist,11,11,0,11,0,"{""apple_music_catalog_album_tracks"":11}",
album|sufjan stevens|illinois,328074546,rebuilt_from_apple_song_tracklist,26,26,0,26,0,"{""apple_music_catalog_album_tracks"":26}",
album|sufjan stevens|seven swans,586314144,rebuilt_from_apple_song_tracklist,12,12,0,12,0,"{""apple_music_catalog_album_tracks"":12}",
album|sugar|copper blue,1784732212,rebuilt_from_apple_song_tracklist,10,10,0,10,0,"{""apple_music_catalog_album_tracks"":10}",
album|suicidal tendencies|suicidal tendencies,498742982,rebuilt_from_apple_song_tracklist,12,12,0,12,0,"{""apple_music_catalog_album_tracks"":12}",
album|suicide|suicide,1463179848,rebuilt_from_apple_song_tracklist,7,7,0,7,0,"{""apple_music_catalog_album_tracks"":7}",
album|sum 41|all killer no filler,1440920798,rebuilt_from_apple_song_tracklist,13,13,0,13,0,"{""apple_music_catalog_album_tracks"":13}",
album|summer walker|over it,1481606156,rebuilt_from_apple_song_tracklist,18,18,0,18,0,"{""apple_music_catalog_album_tracks"":18}",
album|summer walker|still over it,1590029262,rebuilt_from_apple_song_tracklist,20,20,0,20,0,"{""apple_music_catalog_album_tracks"":20}",
album|sundays|reading writing and arithmetic,1707465605,rebuilt_from_apple_song_tracklist,10,10,0,10,0,"{""apple_music_catalog_album_tracks"":10}",
album|sunny day real estate|diary,329697195,rebuilt_from_apple_song_tracklist,13,13,0,13,0,"{""apple_music_catalog_album_tracks"":13}",
album|superchunk|no pocky for kitty,1839127187,rebuilt_from_apple_song_tracklist,12,12,0,12,0,"{""apple_music_catalog_album_tracks"":12}",
album|superdrag|regretfully yours,300971238,rebuilt_from_apple_song_tracklist,13,13,0,13,0,"{""apple_music_catalog_album_tracks"":13}",
album|supertramp|crime of the century,1440646658,rebuilt_from_apple_song_tracklist,8,8,0,8,0,"{""apple_music_catalog_album_tracks"":8}",
album|supremes|where did our love go,1443150912,rebuilt_from_apple_song_tracklist,12,12,0,12,0,"{""apple_music_catalog_album_tracks"":12}",
album|surfaris|wipe out,1354226132,rebuilt_from_apple_song_tracklist,12,12,0,12,0,"{""apple_music_catalog_album_tracks"":12}",
album|surgeon|basictonalvocabulary,1621780757,rebuilt_from_apple_song_tracklist,10,10,0,10,0,"{""apple_music_catalog_album_tracks"":10}",
album|swedish house mafia|until now,1021728914,rebuilt_from_apple_song_tracklist,10,10,0,10,0,"{""apple_music_catalog_album_tracks"":10}",
album|sweet|desolation boulevard,724016552,rebuilt_from_apple_song_tracklist,10,10,0,10,0,"{""apple_music_catalog_album_tracks"":10}",
album|swervedriver|mezcal head,1444116738,rebuilt_from_apple_song_tracklist,11,11,0,11,0,"{""apple_music_catalog_album_tracks"":11}",
album|switchfoot|beautiful letdown,270003831,rebuilt_from_apple_song_tracklist,14,14,0,14,0,"{""apple_music_catalog_album_tracks"":14}",
album|swum|swum,1754636804,rebuilt_from_apple_song_tracklist,19,19,0,19,0,"{""apple_music_catalog_album_tracks"":19}",
album|sylvester|step ii,1517520858,rebuilt_from_apple_song_tracklist,7,7,0,7,0,"{""apple_music_catalog_album_tracks"":7}",
album|system of a down|system of a down,158528551,rebuilt_from_apple_song_tracklist,13,13,0,13,0,"{""apple_music_catalog_album_tracks"":13}",
album|system of a down|toxicity,1744586004,rebuilt_from_apple_song_tracklist,15,15,0,15,0,"{""apple_music_catalog_album_tracks"":15}",
album|sza|ctrl,1239977075,rebuilt_from_apple_song_tracklist,14,14,0,14,0,"{""apple_music_catalog_album_tracks"":14}",
album|sza|sos,1657869377,rebuilt_from_apple_song_tracklist,23,23,0,23,0,"{""apple_music_catalog_album_tracks"":23}",
album|t i|king,1258980136,rebuilt_from_apple_song_tracklist,17,17,0,17,0,"{""apple_music_catalog_album_tracks"":17}",
album|t i|trap muzik,1258990795,rebuilt_from_apple_song_tracklist,16,16,0,16,0,"{""apple_music_catalog_album_tracks"":16}",
album|t rex|electric warrior,251016654,rebuilt_from_apple_song_tracklist,11,11,0,11,0,"{""apple_music_catalog_album_tracks"":11}",
album|t rex|slider,1440945199,rebuilt_from_apple_song_tracklist,13,13,0,13,0,"{""apple_music_catalog_album_tracks"":13}",
album|tad|inhaler,304974662,rebuilt_from_apple_song_tracklist,11,11,0,11,0,"{""apple_music_catalog_album_tracks"":11}",
album|taking back sunday|louder now,1585055516,rebuilt_from_apple_song_tracklist,11,11,0,11,0,"{""apple_music_catalog_album_tracks"":11}",
album|taking back sunday|tell all your friends,1481301025,rebuilt_from_apple_song_tracklist,10,10,0,10,0,"{""apple_music_catalog_album_tracks"":10}",
album|talking heads|fear of music,300965520,rebuilt_from_apple_song_tracklist,11,11,0,11,0,"{""apple_music_catalog_album_tracks"":11}",
album|talking heads|more songs about buildings and food,302108628,rebuilt_from_apple_song_tracklist,11,11,0,11,0,"{""apple_music_catalog_album_tracks"":11}",
album|talking heads|remain in light,300948043,rebuilt_from_apple_song_tracklist,8,8,0,8,0,"{""apple_music_catalog_album_tracks"":8}",
album|tame impala|currents,1440838039,rebuilt_from_apple_song_tracklist,13,13,0,13,0,"{""apple_music_catalog_album_tracks"":13}",
album|tame impala|slow rush,1497230760,rebuilt_from_apple_song_tracklist,12,12,0,12,0,"{""apple_music_catalog_album_tracks"":12}",
album|tammy wynette|d i v o r c e,967382746,rebuilt_from_apple_song_tracklist,11,11,0,11,0,"{""apple_music_catalog_album_tracks"":11}",
album|tangerine dream|phaedra,374509769,rebuilt_from_apple_song_tracklist,5,5,0,5,0,"{""apple_music_catalog_album_tracks"":5}",
album|tasha cobbs leonard|grace,715748651,rebuilt_from_apple_song_tracklist,10,10,0,10,0,"{""apple_music_catalog_album_tracks"":10}",
album|tate mcrae|think later,1716102849,rebuilt_from_apple_song_tracklist,14,14,0,14,0,"{""apple_music_catalog_album_tracks"":14}",
album|taylor swift|1989,1440935467,rebuilt_from_apple_song_tracklist,13,13,0,13,0,"{""apple_music_catalog_album_tracks"":13}",
album|taylor swift|fearless,1440924803,rebuilt_from_apple_song_tracklist,13,13,0,13,0,"{""apple_music_catalog_album_tracks"":13}",
album|taylor swift|folklore,1524801260,rebuilt_from_apple_song_tracklist,16,16,0,16,0,"{""apple_music_catalog_album_tracks"":16}",
album|taylor swift|lover,1468058165,rebuilt_from_apple_song_tracklist,18,18,0,18,0,"{""apple_music_catalog_album_tracks"":18}",
album|taylor swift|taylor swift,1860454442,rebuilt_from_apple_song_tracklist,11,11,0,11,0,"{""apple_music_catalog_album_tracks"":11}",
album|taylor swift|tortured poets department,1736268215,rebuilt_from_apple_song_tracklist,17,16,1,16,-1,"{""apple_music_catalog_album_tracks"":17}",
album|tears for fears|songs from the big chair,1440813508,rebuilt_from_apple_song_tracklist,8,8,0,8,0,"{""apple_music_catalog_album_tracks"":8}",
album|ted nugent|cat scratch fever,157436685,rebuilt_from_apple_song_tracklist,12,12,0,12,0,"{""apple_music_catalog_album_tracks"":12}",
album|teddy pendergrass|life is a song worth singing,292758580,rebuilt_from_apple_song_tracklist,9,9,0,9,0,"{""apple_music_catalog_album_tracks"":9}",
album|teddy pendergrass|teddy,1227088818,rebuilt_from_apple_song_tracklist,12,12,0,12,0,"{""apple_music_catalog_album_tracks"":12}",
album|tedeschi trucks band|revelator,434753148,rebuilt_from_apple_song_tracklist,14,13,1,13,-1,"{""apple_music_catalog_album_tracks"":14}",
album|teenage fanclub|bandwagonesque,1440905389,rebuilt_from_apple_song_tracklist,12,12,0,12,0,"{""apple_music_catalog_album_tracks"":12}",
album|tego calderon|el abayarde,535880568,rebuilt_from_apple_song_tracklist,19,19,0,19,0,"{""apple_music_catalog_album_tracks"":19}",
album|television|adventure,298683580,rebuilt_from_apple_song_tracklist,12,12,0,12,0,"{""apple_music_catalog_album_tracks"":12}",
album|television|marquee moon,1049069472,rebuilt_from_apple_song_tracklist,8,8,0,8,0,"{""apple_music_catalog_album_tracks"":8}",
album|temple of the dog|temple of the dog,1440657497,rebuilt_from_apple_song_tracklist,10,10,0,10,0,"{""apple_music_catalog_album_tracks"":10}",
album|temples|sun structures,1185725672,rebuilt_from_apple_song_tracklist,12,12,0,12,0,"{""apple_music_catalog_album_tracks"":12}",
album|temptations|cloud nine,1443179202,rebuilt_from_apple_song_tracklist,10,10,0,10,0,"{""apple_music_catalog_album_tracks"":10}",
album|temptations|temptations sing smokey,1423301162,rebuilt_from_apple_song_tracklist,12,12,0,12,0,"{""apple_music_catalog_album_tracks"":12}",
album|tems|born in the wild,1750361972,rebuilt_from_apple_song_tracklist,18,18,0,18,0,"{""apple_music_catalog_album_tracks"":18}",
album|terry allen|lubbock on everything,1125436797,rebuilt_from_apple_song_tracklist,21,21,0,21,0,"{""apple_music_catalog_album_tracks"":21}",
album|tesla|mechanical resonance,1440913028,rebuilt_from_apple_song_tracklist,12,12,0,12,0,"{""apple_music_catalog_album_tracks"":12}",
album|testament|new order,1692636671,rebuilt_from_apple_song_tracklist,10,10,0,10,0,"{""apple_music_catalog_album_tracks"":10}",
album|tha dogg pound|dogg food,1676264771,rebuilt_from_apple_song_tracklist,17,17,0,17,0,"{""apple_music_catalog_album_tracks"":17}",
album|thelonious monk|brilliant corners,1440942347,rebuilt_from_apple_song_tracklist,6,6,0,6,0,"{""apple_music_catalog_album_tracks"":6}",
album|theory of a deadman|scars and souvenirs,273890964,rebuilt_from_apple_song_tracklist,13,13,0,13,0,"{""apple_music_catalog_album_tracks"":13}",
album|they might be giants|here come the 123s,1443520419,rebuilt_from_apple_song_tracklist,24,24,0,24,0,"{""apple_music_catalog_album_tracks"":24}",
album|they might be giants|here come the abcs,1445745394,rebuilt_from_apple_song_tracklist,25,25,0,25,0,"{""apple_music_catalog_album_tracks"":25}",
album|they might be giants|lincoln,1439224952,rebuilt_from_apple_song_tracklist,18,18,0,18,0,"{""apple_music_catalog_album_tracks"":18}",
album|thievery corporation|mirror conspiracy,1874945076,rebuilt_from_apple_song_tracklist,15,15,0,15,0,"{""apple_music_catalog_album_tracks"":15}",
album|thin lizzy|jailbreak,1440918303,rebuilt_from_apple_song_tracklist,9,9,0,9,0,"{""apple_music_catalog_album_tracks"":9}",
album|third day|offerings a worship album,1135105038,rebuilt_from_apple_song_tracklist,11,11,0,11,0,"{""apple_music_catalog_album_tracks"":11}",
album|thompson twins|into the gap,1700433691,rebuilt_from_apple_song_tracklist,9,9,0,9,0,"{""apple_music_catalog_album_tracks"":9}",
album|three 6 mafia|mystic stylez,332165657,rebuilt_from_apple_song_tracklist,15,15,0,15,0,"{""apple_music_catalog_album_tracks"":15}",
album|three 6 mafia|when the smoke clears,392987017,rebuilt_from_apple_song_tracklist,22,22,0,22,0,"{""apple_music_catalog_album_tracks"":22}",
album|throwing muses|house tornado,1349923987,rebuilt_from_apple_song_tracklist,11,11,0,11,0,"{""apple_music_catalog_album_tracks"":11}",
album|throwing muses|real ramona,1350858755,rebuilt_from_apple_song_tracklist,12,12,0,12,0,"{""apple_music_catalog_album_tracks"":12}",
album|thursday|full collapse,1568409523,rebuilt_from_apple_song_tracklist,12,12,0,12,0,"{""apple_music_catalog_album_tracks"":12}",
album|tim mcgraw|everywhere,68873255,rebuilt_from_apple_song_tracklist,11,11,0,11,0,"{""apple_music_catalog_album_tracks"":11}",
album|tina turner|private dancer,995303638,rebuilt_from_apple_song_tracklist,10,10,0,10,0,"{""apple_music_catalog_album_tracks"":10}",
album|tinariwen|aman iman,1458138077,rebuilt_from_apple_song_tracklist,12,12,0,12,0,"{""apple_music_catalog_album_tracks"":12}",
album|tito puente|dance mania,252742319,rebuilt_from_apple_song_tracklist,12,12,0,12,0,"{""apple_music_catalog_album_tracks"":12}",
album|tlc|crazysexycool,270246704,rebuilt_from_apple_song_tracklist,16,16,0,16,0,"{""apple_music_catalog_album_tracks"":16}",
album|tlc|fanmail,298575243,rebuilt_from_apple_song_tracklist,17,17,0,17,0,"{""apple_music_catalog_album_tracks"":17}",
album|tobymac|momentum,1440829273,rebuilt_from_apple_song_tracklist,18,18,0,18,0,"{""apple_music_catalog_album_tracks"":18}",
album|tom petty and the heartbreakers|damn the torpedoes,1440860187,rebuilt_from_apple_song_tracklist,9,9,0,9,0,"{""apple_music_catalog_album_tracks"":9}",
album|tom rush|circle game,279688438,rebuilt_from_apple_song_tracklist,14,14,0,14,0,"{""apple_music_catalog_album_tracks"":14}",
album|tomppabeats|arcade,1861893085,rebuilt_from_apple_song_tracklist,16,16,0,16,0,"{""apple_music_catalog_album_tracks"":16}",
album|tomppabeats|harbor,1860221614,rebuilt_from_apple_song_tracklist,38,38,0,38,0,"{""apple_music_catalog_album_tracks"":38}",
album|toms|toms,463894815,rebuilt_from_apple_song_tracklist,32,32,0,32,0,"{""apple_music_catalog_album_tracks"":32}",
album|toni braxton|toni braxton,288167174,rebuilt_from_apple_song_tracklist,12,12,0,12,0,"{""apple_music_catalog_album_tracks"":12}",
album|tonic|lemon parade,1440911250,rebuilt_from_apple_song_tracklist,12,12,0,12,0,"{""apple_music_catalog_album_tracks"":12}",
album|too short|life is too short,270246707,rebuilt_from_apple_song_tracklist,10,10,0,10,0,"{""apple_music_catalog_album_tracks"":10}",
album|tool|aenima,1474185335,rebuilt_from_apple_song_tracklist,15,15,0,15,0,"{""apple_music_catalog_album_tracks"":15}",
album|tool|lateralus,1474185412,rebuilt_from_apple_song_tracklist,13,13,0,13,0,"{""apple_music_catalog_album_tracks"":13}",
album|tool|undertow,1474185287,rebuilt_from_apple_song_tracklist,10,10,0,10,0,"{""apple_music_catalog_album_tracks"":10}",
album|tori amos|little earthquakes,981370459,rebuilt_from_apple_song_tracklist,12,12,0,12,0,"{""apple_music_catalog_album_tracks"":12}",
album|tori amos|under the pink,981366461,rebuilt_from_apple_song_tracklist,12,12,0,12,0,"{""apple_music_catalog_album_tracks"":12}",
album|tornados|telstar,1436253103,rebuilt_from_apple_song_tracklist,19,19,0,19,0,"{""apple_music_catalog_album_tracks"":19}",
album|toro y moi|causers of this,1509106681,rebuilt_from_apple_song_tracklist,11,11,0,11,0,"{""apple_music_catalog_album_tracks"":11}",
album|toro y moi|mahal,1601858871,rebuilt_from_apple_song_tracklist,13,13,0,13,0,"{""apple_music_catalog_album_tracks"":13}",
album|tortoise|millions now living will never die,308750184,rebuilt_from_apple_song_tracklist,6,6,0,6,0,"{""apple_music_catalog_album_tracks"":6}",
album|toto|toto iv,185716551,rebuilt_from_apple_song_tracklist,10,10,0,10,0,"{""apple_music_catalog_album_tracks"":10}",
album|tove lo|queen of the clouds,1443218938,rebuilt_from_apple_song_tracklist,16,16,0,16,0,"{""apple_music_catalog_album_tracks"":16}",
album|townes van zandt|townes van zandt,1194785023,rebuilt_from_apple_song_tracklist,10,10,0,10,0,"{""apple_music_catalog_album_tracks"":10}",
album|toys|a lover s concerto,40459375,rebuilt_from_apple_song_tracklist,12,12,0,12,0,"{""apple_music_catalog_album_tracks"":12}",
album|tracy chapman|tracy chapman,79565550,rebuilt_from_apple_song_tracklist,11,11,0,11,0,"{""apple_music_catalog_album_tracks"":11}",
album|traffic|low spark of high heeled boys,1440911725,rebuilt_from_apple_song_tracklist,7,7,0,7,0,"{""apple_music_catalog_album_tracks"":7}",
album|trammps|disco inferno,159362803,rebuilt_from_apple_song_tracklist,6,6,0,6,0,"{""apple_music_catalog_album_tracks"":6}",
album|trans siberian orchestra|christmas eve and other stories,206345419,rebuilt_from_apple_song_tracklist,17,17,0,17,0,"{""apple_music_catalog_album_tracks"":17}",
album|trapt|trapt,301126016,rebuilt_from_apple_song_tracklist,11,11,0,11,0,"{""apple_music_catalog_album_tracks"":11}",
album|travis scott|astroworld,1421241217,rebuilt_from_apple_song_tracklist,17,17,0,17,0,"{""apple_music_catalog_album_tracks"":17}",
album|travis scott|rodeo,1456176981,rebuilt_from_apple_song_tracklist,16,16,0,16,0,"{""apple_music_catalog_album_tracks"":16}",
album|trent reznor and atticus ross|social network,395740920,rebuilt_from_apple_song_tracklist,19,19,0,19,0,"{""apple_music_catalog_album_tracks"":19}",
album|tricky|maxinquaye,1440918276,rebuilt_from_apple_song_tracklist,12,12,0,12,0,"{""apple_music_catalog_album_tracks"":12}",
album|trivium|ascendancy,214471765,rebuilt_from_apple_song_tracklist,12,12,0,12,0,"{""apple_music_catalog_album_tracks"":12}",
album|trouble|psalm 9,1774336268,rebuilt_from_apple_song_tracklist,9,9,0,9,0,"{""apple_music_catalog_album_tracks"":9}",
album|troye sivan|bloom,1396292262,rebuilt_from_apple_song_tracklist,10,10,0,10,0,"{""apple_music_catalog_album_tracks"":10}",
album|tubes|tubes,1434895031,rebuilt_from_apple_song_tracklist,8,8,0,8,0,"{""apple_music_catalog_album_tracks"":8}",
album|turnpike troubadours|diamonds and gasoline,389422164,rebuilt_from_apple_song_tracklist,12,12,0,12,0,"{""apple_music_catalog_album_tracks"":12}",
album|turnstile|glow on,1576430192,rebuilt_from_apple_song_tracklist,15,15,0,15,0,"{""apple_music_catalog_album_tracks"":15}",
album|turtles|turtles present the battle of the bands,79087243,rebuilt_from_apple_song_tracklist,14,14,0,14,0,"{""apple_music_catalog_album_tracks"":14}",
album|tv on the radio|return to cookie mountain,1437098983,rebuilt_from_apple_song_tracklist,11,11,0,11,0,"{""apple_music_catalog_album_tracks"":11}",
album|twice|formula of love o t 3,1591509653,rebuilt_from_apple_song_tracklist,16,16,0,16,0,"{""apple_music_catalog_album_tracks"":16}",
album|twice|formula of love,1591509653,rebuilt_from_apple_song_tracklist,16,16,0,16,0,"{""apple_music_catalog_album_tracks"":16}",
album|twisted sister|stay hungry,1788380657,rebuilt_from_apple_song_tracklist,9,9,0,9,0,"{""apple_music_catalog_album_tracks"":9}",
album|tycho|dive,679251532,rebuilt_from_apple_song_tracklist,10,10,0,10,0,"{""apple_music_catalog_album_tracks"":10}",
album|tygers of pan tang|spellbound,1443734834,rebuilt_from_apple_song_tracklist,10,10,0,10,0,"{""apple_music_catalog_album_tracks"":10}",
album|tyla|tyla,1772394609,rebuilt_from_apple_song_tracklist,17,17,0,17,0,"{""apple_music_catalog_album_tracks"":17}",
album|tyler childers|purgatory,1241483617,rebuilt_from_apple_song_tracklist,10,10,0,10,0,"{""apple_music_catalog_album_tracks"":10}",
album|tyler the creator|flower boy,1254572564,rebuilt_from_apple_song_tracklist,14,14,0,14,0,"{""apple_music_catalog_album_tracks"":14}",
album|tyler the creator|igor,1463409338,rebuilt_from_apple_song_tracklist,12,12,0,12,0,"{""apple_music_catalog_album_tracks"":12}",
album|ufo|phenomenon,1629180213,rebuilt_from_apple_song_tracklist,16,16,0,16,0,"{""apple_music_catalog_album_tracks"":16}",
album|ugk|ridin dirty,268522887,rebuilt_from_apple_song_tracklist,13,13,0,13,0,"{""apple_music_catalog_album_tracks"":13}",
album|ultravox|rage in eden,1633071500,rebuilt_from_apple_song_tracklist,47,47,0,47,0,"{""apple_music_catalog_album_tracks"":47}",
album|uncle tupelo|anodyne,302161524,rebuilt_from_apple_song_tracklist,12,12,0,12,0,"{""apple_music_catalog_album_tracks"":12}",
album|uncle tupelo|march 16 20 1992,287520820,rebuilt_from_apple_song_tracklist,21,21,0,21,0,"{""apple_music_catalog_album_tracks"":21}",
album|uncle tupelo|no depression,192705668,rebuilt_from_apple_song_tracklist,19,19,0,19,0,"{""apple_music_catalog_album_tracks"":19}",
album|underoath|define the great line,718995641,rebuilt_from_apple_song_tracklist,11,11,0,11,0,"{""apple_music_catalog_album_tracks"":11}",
album|underscores|fishmonger,1554129662,rebuilt_from_apple_song_tracklist,10,10,0,10,0,"{""apple_music_catalog_album_tracks"":10}",
album|underscores|wallsocket,1693478262,rebuilt_from_apple_song_tracklist,12,12,0,12,0,"{""apple_music_catalog_album_tracks"":12}",
album|undertones|undertones,1716085726,rebuilt_from_apple_song_tracklist,16,16,0,16,0,"{""apple_music_catalog_album_tracks"":16}",
album|united states of america|united states of america,289013081,rebuilt_from_apple_song_tracklist,20,20,0,20,0,"{""apple_music_catalog_album_tracks"":20}",
album|unkle|psyence fiction,1667639546,rebuilt_from_apple_song_tracklist,13,13,0,13,0,"{""apple_music_catalog_album_tracks"":13}",
album|unknown mortal orchestra|multi love,962057741,rebuilt_from_apple_song_tracklist,9,9,0,9,0,"{""apple_music_catalog_album_tracks"":9}",
album|unwound|leaves turn inside you,954012181,rebuilt_from_apple_song_tracklist,14,14,0,14,0,"{""apple_music_catalog_album_tracks"":14}",
album|unwound|repetition,954008102,rebuilt_from_apple_song_tracklist,12,12,0,12,0,"{""apple_music_catalog_album_tracks"":12}",
album|uriah heep|demons and wizards,1541874636,rebuilt_from_apple_song_tracklist,28,28,0,28,0,"{""apple_music_catalog_album_tracks"":28}",
album|used|in love and death,63816391,rebuilt_from_apple_song_tracklist,13,13,0,13,0,"{""apple_music_catalog_album_tracks"":13}",
album|used|used,283074453,rebuilt_from_apple_song_tracklist,12,12,0,12,0,"{""apple_music_catalog_album_tracks"":12}",
album|usher|my way,278845426,rebuilt_from_apple_song_tracklist,10,10,0,10,0,"{""apple_music_catalog_album_tracks"":10}",
album|vampire weekend|vampire weekend,270425072,rebuilt_from_apple_song_tracklist,11,11,0,11,0,"{""apple_music_catalog_album_tracks"":11}",
album|van der graaf generator|pawn hearts,714659628,rebuilt_from_apple_song_tracklist,8,8,0,8,0,"{""apple_music_catalog_album_tracks"":8}",
album|van dyke parks|song cycle,256717097,rebuilt_from_apple_song_tracklist,12,12,0,12,0,"{""apple_music_catalog_album_tracks"":12}",
album|van halen|van halen,976820530,rebuilt_from_apple_song_tracklist,11,11,0,11,0,"{""apple_music_catalog_album_tracks"":11}",
album|vangelis|blade runner,73327394,rebuilt_from_apple_song_tracklist,12,12,0,12,0,"{""apple_music_catalog_album_tracks"":12}",
album|vangelis|chariots of fire,1450958543,rebuilt_from_apple_song_tracklist,7,7,0,7,0,"{""apple_music_catalog_album_tracks"":7}",
album|vanilla fudge|vanilla fudge,78980146,rebuilt_from_apple_song_tracklist,7,7,0,7,0,"{""apple_music_catalog_album_tracks"":7}",
album|various artists|a christmas gift for you from phil spector,336036941,rebuilt_from_apple_song_tracklist,13,13,0,13,0,"{""apple_music_catalog_album_tracks"":13}",
album|various artists|a very special christmas,1487549700,rebuilt_from_apple_song_tracklist,15,15,0,15,0,"{""apple_music_catalog_album_tracks"":15}",
album|various artists|aladdin,1440722016,rebuilt_from_apple_song_tracklist,21,21,0,21,0,"{""apple_music_catalog_album_tracks"":21}",
album|various artists|barbie the album,1689238301,rebuilt_from_apple_song_tracklist,17,17,0,17,0,"{""apple_music_catalog_album_tracks"":17}",
album|various artists|beauty and the beast,1699102817,rebuilt_from_apple_song_tracklist,15,15,0,15,0,"{""apple_music_catalog_album_tracks"":15}",
album|various artists|big chill,1469579642,rebuilt_from_apple_song_tracklist,10,10,0,10,0,"{""apple_music_catalog_album_tracks"":10}",
album|various artists|bodyguard,388151892,rebuilt_from_apple_song_tracklist,12,12,0,12,0,"{""apple_music_catalog_album_tracks"":12}",
album|various artists|children s favorites vol 1,1440798564,rebuilt_from_apple_song_tracklist,30,30,0,30,0,"{""apple_music_catalog_album_tracks"":30}",
album|various artists|coco,1440671241,rebuilt_from_apple_song_tracklist,38,38,0,38,0,"{""apple_music_catalog_album_tracks"":38}",
album|various artists|crow,322025243,rebuilt_from_apple_song_tracklist,14,14,0,14,0,"{""apple_music_catalog_album_tracks"":14}",
album|various artists|dirty dancing,254938499,rebuilt_from_apple_song_tracklist,12,12,0,12,0,"{""apple_music_catalog_album_tracks"":12}",
album|various artists|encanto,1594677532,rebuilt_from_apple_song_tracklist,44,44,0,44,0,"{""apple_music_catalog_album_tracks"":44}",
album|various artists|essential sun rockabillies vol 1,156819935,rebuilt_from_apple_song_tracklist,25,25,0,25,0,"{""apple_music_catalog_album_tracks"":25}",
album|various artists|forrest gump,418556875,rebuilt_from_apple_song_tracklist,12,12,0,12,0,"{""apple_music_catalog_album_tracks"":12}",
album|various artists|frozen ii,1487738280,rebuilt_from_apple_song_tracklist,46,46,0,46,0,"{""apple_music_catalog_album_tracks"":46}",
album|various artists|frozen,1440618177,rebuilt_from_apple_song_tracklist,32,32,0,32,0,"{""apple_music_catalog_album_tracks"":32}",
album|various artists|garden state,153445128,rebuilt_from_apple_song_tracklist,13,13,0,13,0,"{""apple_music_catalog_album_tracks"":13}",
album|various artists|graduate,198000984,rebuilt_from_apple_song_tracklist,15,15,0,15,0,"{""apple_music_catalog_album_tracks"":15}",
album|various artists|greatest showman,1599415706,rebuilt_from_apple_song_tracklist,11,11,0,11,0,"{""apple_music_catalog_album_tracks"":11}",
album|various artists|guardians of the galaxy awesome mix vol 1,1570395322,rebuilt_from_apple_song_tracklist,12,12,0,12,0,"{""apple_music_catalog_album_tracks"":12}",
album|various artists|hercules,1412858854,rebuilt_from_apple_song_tracklist,24,24,0,24,0,"{""apple_music_catalog_album_tracks"":24}",
album|various artists|hunchback of notre dame,106358272,rebuilt_from_apple_song_tracklist,17,17,0,17,0,"{""apple_music_catalog_album_tracks"":17}",
album|various artists|lilo and stitch,1440736675,rebuilt_from_apple_song_tracklist,12,12,0,12,0,"{""apple_music_catalog_album_tracks"":12}",
album|various artists|lion king,1472083270,rebuilt_from_apple_song_tracklist,19,19,0,19,0,"{""apple_music_catalog_album_tracks"":19}",
album|various artists|little mermaid,1445884016,rebuilt_from_apple_song_tracklist,8,8,0,8,0,"{""apple_music_catalog_album_tracks"":8}",
album|various artists|mary poppins,1400183777,rebuilt_from_apple_song_tracklist,17,17,0,17,0,"{""apple_music_catalog_album_tracks"":17}",
album|various artists|moana,1440634928,rebuilt_from_apple_song_tracklist,40,40,0,40,0,"{""apple_music_catalog_album_tracks"":40}",
album|various artists|moulin rouge,1440845640,rebuilt_from_apple_song_tracklist,15,15,0,15,0,"{""apple_music_catalog_album_tracks"":15}",
album|various artists|mulan,1624897097,rebuilt_from_apple_song_tracklist,12,12,0,12,0,"{""apple_music_catalog_album_tracks"":12}",
album|various artists|o brother where art thou,208632383,rebuilt_from_apple_song_tracklist,12,12,0,12,0,"{""apple_music_catalog_album_tracks"":12}",
album|various artists|pocahontas,1561429755,rebuilt_from_apple_song_tracklist,28,28,0,28,0,"{""apple_music_catalog_album_tracks"":28}",
album|various artists|princess and the frog,1443995762,rebuilt_from_apple_song_tracklist,10,10,0,10,0,"{""apple_music_catalog_album_tracks"":10}",
album|various artists|pulp fiction,1469583186,rebuilt_from_apple_song_tracklist,20,20,0,20,0,"{""apple_music_catalog_album_tracks"":20}",
album|various artists|romeo juliet,1467520632,rebuilt_from_apple_song_tracklist,11,11,0,11,0,"{""apple_music_catalog_album_tracks"":11}",
album|various artists|saturday night fever,1445668458,rebuilt_from_apple_song_tracklist,17,17,0,17,0,"{""apple_music_catalog_album_tracks"":17}",
album|various artists|shrek,1440894190,rebuilt_from_apple_song_tracklist,14,14,0,14,0,"{""apple_music_catalog_album_tracks"":14}",
album|various artists|singles,192995929,rebuilt_from_apple_song_tracklist,13,13,0,13,0,"{""apple_music_catalog_album_tracks"":13}",
album|various artists|specialty story,1568797646,rebuilt_from_apple_song_tracklist,130,130,0,130,0,"{""apple_music_catalog_album_tracks"":130}",
album|various artists|surf age nuggets,1458352553,rebuilt_from_apple_song_tracklist,105,105,0,105,0,"{""apple_music_catalog_album_tracks"":105}",
album|various artists|tangled,1440639057,rebuilt_from_apple_song_tracklist,20,20,0,20,0,"{""apple_music_catalog_album_tracks"":20}",
album|various artists|top gun,387193895,rebuilt_from_apple_song_tracklist,15,15,0,15,0,"{""apple_music_catalog_album_tracks"":15}",
album|various artists|twilight,294342468,rebuilt_from_apple_song_tracklist,15,15,0,15,0,"{""apple_music_catalog_album_tracks"":15}",
album|various artists|wanted the outlaws,884302056,rebuilt_from_apple_song_tracklist,11,11,0,11,0,"{""apple_music_catalog_album_tracks"":11}",
album|velvet underground and nico|velvet underground and nico,1440851613,rebuilt_from_apple_song_tracklist,11,11,0,11,0,"{""apple_music_catalog_album_tracks"":11}",
album|velvet underground|velvet underground,1440814049,rebuilt_from_apple_song_tracklist,10,10,0,10,0,"{""apple_music_catalog_album_tracks"":10}",
album|velvet underground|white light white heat,1469578042,rebuilt_from_apple_song_tracklist,6,6,0,6,0,"{""apple_music_catalog_album_tracks"":6}",
album|ventures|surfing,1444114461,rebuilt_from_apple_song_tracklist,12,12,0,12,0,"{""apple_music_catalog_album_tracks"":12}",
album|ventures|walk don t run,1443065914,rebuilt_from_apple_song_tracklist,12,12,0,12,0,"{""apple_music_catalog_album_tracks"":12}",
album|veruca salt|american thighs,1440905421,rebuilt_from_apple_song_tracklist,13,13,0,13,0,"{""apple_music_catalog_album_tracks"":13}",
album|viagra boys|cave world,1616538091,rebuilt_from_apple_song_tracklist,12,12,0,12,0,"{""apple_music_catalog_album_tracks"":12}",
album|vibrators|pure mania,183581884,rebuilt_from_apple_song_tracklist,15,15,0,15,0,"{""apple_music_catalog_album_tracks"":15}",
album|vicente fernandez|para siempre,264214512,rebuilt_from_apple_song_tracklist,12,12,0,12,0,"{""apple_music_catalog_album_tracks"":12}",
album|vicente fernandez|un azteca en el azteca,1149209970,rebuilt_empty_apple_song_tracklist,40,0,40,0,-40,"{""apple_music_catalog_album_tracks"":40}",
album|viktor vaughn|vaudeville villain,706186757,rebuilt_from_apple_song_tracklist,17,17,0,17,0,"{""apple_music_catalog_album_tracks"":17}",
album|village people|cruisin,1443926621,rebuilt_from_apple_song_tracklist,6,6,0,6,0,"{""apple_music_catalog_album_tracks"":6}",
album|vince guaraldi trio|a charlie brown christmas,1650319526,rebuilt_from_apple_song_tracklist,11,11,0,11,0,"{""apple_music_catalog_album_tracks"":11}",
album|violent femmes|violent femmes,1576789411,rebuilt_from_apple_song_tracklist,12,12,0,12,0,"{""apple_music_catalog_album_tracks"":12}",
album|visage|visage,1443923018,rebuilt_from_apple_song_tracklist,10,10,0,10,0,"{""apple_music_catalog_album_tracks"":10}",
album|voivod|dimension hatross,1434392016,rebuilt_from_apple_song_tracklist,9,9,0,9,0,"{""apple_music_catalog_album_tracks"":9}",
album|von bondies|pawn shoppe heart,5357103,rebuilt_from_apple_song_tracklist,12,12,0,12,0,"{""apple_music_catalog_album_tracks"":12}",
album|wage war|manic,1579606308,rebuilt_from_apple_song_tracklist,11,11,0,11,0,"{""apple_music_catalog_album_tracks"":11}",
album|wailers|fabulous wailers,1621418438,rebuilt_from_apple_song_tracklist,20,20,0,20,0,"{""apple_music_catalog_album_tracks"":20}",
album|waka flocka flame|flockaveli,393803290,rebuilt_from_apple_song_tracklist,17,17,0,17,0,"{""apple_music_catalog_album_tracks"":17}",
album|war|world is a ghetto,1202363758,rebuilt_from_apple_song_tracklist,6,6,0,6,0,"{""apple_music_catalog_album_tracks"":6}",
album|warning|error,1625903626,rebuilt_from_apple_song_tracklist,14,14,0,14,0,"{""apple_music_catalog_album_tracks"":14}",
album|warning|keep me fed,1733741692,rebuilt_from_apple_song_tracklist,12,12,0,12,0,"{""apple_music_catalog_album_tracks"":12}",
album|warrant|cherry pie,198468184,rebuilt_from_apple_song_tracklist,14,14,0,14,0,"{""apple_music_catalog_album_tracks"":14}",
album|warren g|regulate g funk era,1452811329,rebuilt_from_apple_song_tracklist,18,18,0,18,0,"{""apple_music_catalog_album_tracks"":18}",
album|washed out|within and without,669292909,rebuilt_from_apple_song_tracklist,9,9,0,9,0,"{""apple_music_catalog_album_tracks"":9}",
album|waxahatchee|saint cloud,1839033130,rebuilt_from_apple_song_tracklist,11,11,0,11,0,"{""apple_music_catalog_album_tracks"":11}",
album|waxahatchee|tigers blood,1721222332,rebuilt_from_apple_song_tracklist,12,12,0,12,0,"{""apple_music_catalog_album_tracks"":12}",
album|waylon jennings|dreaming my dreams,1005889405,rebuilt_from_apple_song_tracklist,11,11,0,11,0,"{""apple_music_catalog_album_tracks"":11}",
album|waylon jennings|honky tonk heroes,1007489519,rebuilt_from_apple_song_tracklist,10,10,0,10,0,"{""apple_music_catalog_album_tracks"":10}",
album|waylon jennings|this time,1005890664,rebuilt_from_apple_song_tracklist,10,10,0,10,0,"{""apple_music_catalog_album_tracks"":10}",
album|wednesday|rat saw god,1660028568,rebuilt_from_apple_song_tracklist,10,10,0,10,0,"{""apple_music_catalog_album_tracks"":10}",
album|weeknd|beauty behind the madness,1440826239,rebuilt_from_apple_song_tracklist,14,14,0,14,0,"{""apple_music_catalog_album_tracks"":14}",
album|weeknd|house of balloons,1558941834,rebuilt_from_apple_song_tracklist,9,9,0,9,0,"{""apple_music_catalog_album_tracks"":9}",
album|weezer|pinkerton,1440898333,rebuilt_from_apple_song_tracklist,10,10,0,10,0,"{""apple_music_catalog_album_tracks"":10}",
album|weezer|weezer blue album,1890580956,rebuilt_from_apple_song_tracklist,10,10,0,10,0,"{""apple_music_catalog_album_tracks"":10}",
album|weird al yankovic|bad hair day,206900040,rebuilt_from_apple_song_tracklist,12,12,0,12,0,"{""apple_music_catalog_album_tracks"":12}",
album|weird al yankovic|dare to be stupid,250599490,rebuilt_from_apple_song_tracklist,11,11,0,11,0,"{""apple_music_catalog_album_tracks"":11}",
album|weird al yankovic|mandatory fun,891836396,rebuilt_from_apple_song_tracklist,12,12,0,12,0,"{""apple_music_catalog_album_tracks"":12}",
album|weird al yankovic|running with scissors,250502752,rebuilt_from_apple_song_tracklist,12,12,0,12,0,"{""apple_music_catalog_album_tracks"":12}",
album|west coast pop art experimental band|west coast pop art experimental band vol 2,204721706,rebuilt_from_apple_song_tracklist,12,12,0,12,0,"{""apple_music_catalog_album_tracks"":12}",
album|westside connection|bow down,724690687,rebuilt_from_apple_song_tracklist,13,13,0,13,0,"{""apple_music_catalog_album_tracks"":13}",
album|wet leg|wet leg,1594742869,rebuilt_from_apple_song_tracklist,12,12,0,12,0,"{""apple_music_catalog_album_tracks"":12}",
album|weyes blood|and in the darkness hearts aglow,1643062187,rebuilt_from_apple_song_tracklist,10,10,0,10,0,"{""apple_music_catalog_album_tracks"":10}",
album|weyes blood|titanic rising,1450550344,rebuilt_from_apple_song_tracklist,10,10,0,10,0,"{""apple_music_catalog_album_tracks"":10}",
album|whiskey myers|firewater,1813021356,rebuilt_from_apple_song_tracklist,13,13,0,13,0,"{""apple_music_catalog_album_tracks"":13}",
album|whiskeytown|strangers almanac,1440914199,rebuilt_from_apple_song_tracklist,13,13,0,13,0,"{""apple_music_catalog_album_tracks"":13}",
album|white lies|ritual,1673855098,rebuilt_from_apple_song_tracklist,12,12,0,12,0,"{""apple_music_catalog_album_tracks"":12}",
album|white lion|pride,1092722093,rebuilt_from_apple_song_tracklist,10,10,0,10,0,"{""apple_music_catalog_album_tracks"":10}",
album|white stripes|de stijl,1533513577,rebuilt_from_apple_song_tracklist,13,13,0,13,0,"{""apple_music_catalog_album_tracks"":13}",
album|white stripes|elephant,1533513536,rebuilt_from_apple_song_tracklist,14,14,0,14,0,"{""apple_music_catalog_album_tracks"":14}",
album|white stripes|white blood cells,1533513361,rebuilt_from_apple_song_tracklist,16,16,0,16,0,"{""apple_music_catalog_album_tracks"":16}",
album|white zombie|astro creep 2000,1440749898,rebuilt_from_apple_song_tracklist,12,12,0,12,0,"{""apple_music_catalog_album_tracks"":12}",
album|white zombie|la sexorcisto devil music volume one,1440905956,rebuilt_from_apple_song_tracklist,14,14,0,14,0,"{""apple_music_catalog_album_tracks"":14}",
album|whitesnake|whitesnake,1862650131,rebuilt_from_apple_song_tracklist,11,11,0,11,0,"{""apple_music_catalog_album_tracks"":11}",
album|whitney houston|i m your baby tonight,394919823,rebuilt_from_apple_song_tracklist,11,11,0,11,0,"{""apple_music_catalog_album_tracks"":11}",
album|whitney houston|whitney houston,1784790555,rebuilt_from_apple_song_tracklist,10,10,0,10,0,"{""apple_music_catalog_album_tracks"":10}",
album|who|my generation,1443123252,rebuilt_from_apple_song_tracklist,30,30,0,30,0,"{""apple_music_catalog_album_tracks"":30}",
album|who|tommy,1461210985,rebuilt_from_apple_song_tracklist,24,24,0,24,0,"{""apple_music_catalog_album_tracks"":24}",
album|who|who s next,1706357665,rebuilt_from_apple_song_tracklist,9,9,0,9,0,"{""apple_music_catalog_album_tracks"":9}",
album|who|who sell out,1550182151,rebuilt_from_apple_song_tracklist,114,114,0,114,0,"{""apple_music_catalog_album_tracks"":114}",
album|whodini|escape,1196876429,rebuilt_from_apple_song_tracklist,17,17,0,17,0,"{""apple_music_catalog_album_tracks"":17}",
album|widespread panic|space wrangler,287466519,rebuilt_from_apple_song_tracklist,12,12,0,12,0,"{""apple_music_catalog_album_tracks"":12}",
album|wiggles|big red car,1871095493,rebuilt_from_apple_song_tracklist,23,23,0,23,0,"{""apple_music_catalog_album_tracks"":23}",
album|wiggles|yummy yummy,1871092596,rebuilt_from_apple_song_tracklist,24,24,0,24,0,"{""apple_music_catalog_album_tracks"":24}",
album|wilco|being there,926196086,rebuilt_from_apple_song_tracklist,19,19,0,19,0,"{""apple_music_catalog_album_tracks"":19}",
album|wilco|summerteeth,926190405,rebuilt_from_apple_song_tracklist,17,17,0,17,0,"{""apple_music_catalog_album_tracks"":17}",
album|wilco|yankee hotel foxtrot,300981120,rebuilt_from_apple_song_tracklist,11,11,0,11,0,"{""apple_music_catalog_album_tracks"":11}",
album|willie colon|hustler,1466115663,rebuilt_from_apple_song_tracklist,7,7,0,7,0,"{""apple_music_catalog_album_tracks"":7}",
album|willie nelson|phases and stages,885243424,rebuilt_from_apple_song_tracklist,11,11,0,11,0,"{""apple_music_catalog_album_tracks"":11}",
album|willie nelson|red headed stranger,404365971,rebuilt_from_apple_song_tracklist,15,15,0,15,0,"{""apple_music_catalog_album_tracks"":15}",
album|willie nelson|shotgun willie,885161083,rebuilt_from_apple_song_tracklist,12,12,0,12,0,"{""apple_music_catalog_album_tracks"":12}",
album|willie nelson|stardust,886949216,rebuilt_from_apple_song_tracklist,10,10,0,10,0,"{""apple_music_catalog_album_tracks"":10}",
album|wilson pickett|exciting wilson pickett,281713749,rebuilt_from_apple_song_tracklist,12,12,0,12,0,"{""apple_music_catalog_album_tracks"":12}",
album|winans|tomorrow,259207883,rebuilt_from_apple_song_tracklist,10,10,0,10,0,"{""apple_music_catalog_album_tracks"":10}",
album|windhand|soma,676466174,rebuilt_from_apple_song_tracklist,6,6,0,6,0,"{""apple_music_catalog_album_tracks"":6}",
album|wipers|is this real,1031829330,rebuilt_from_apple_song_tracklist,12,12,0,12,0,"{""apple_music_catalog_album_tracks"":12}",
album|wipers|youth of america,1031831705,rebuilt_from_apple_song_tracklist,6,6,0,6,0,"{""apple_music_catalog_album_tracks"":6}",
album|wire|pink flag,1328682500,rebuilt_from_apple_song_tracklist,21,21,0,21,0,"{""apple_music_catalog_album_tracks"":21}",
album|wisin and yandel|pa l mundo,1467933401,rebuilt_from_apple_song_tracklist,22,22,0,22,0,"{""apple_music_catalog_album_tracks"":22}",
album|wisin and yandel|pal mundo,1488849982,rebuilt_from_apple_song_tracklist,23,23,0,23,0,"{""apple_music_catalog_album_tracks"":23}",
album|wizkid|made in lagos,1531532301,rebuilt_from_apple_song_tracklist,14,14,0,14,0,"{""apple_music_catalog_album_tracks"":14}",
album|wu tang clan|enter the wu tang 36 chambers,1746566237,rebuilt_from_apple_song_tracklist,9,9,0,9,0,"{""apple_music_catalog_album_tracks"":9}",
album|wu tang clan|wu tang forever,268503472,rebuilt_from_apple_song_tracklist,27,27,0,27,0,"{""apple_music_catalog_album_tracks"":27}",
album|wun two|pirata,1878657395,rebuilt_from_apple_song_tracklist,32,32,0,32,0,"{""apple_music_catalog_album_tracks"":32}",
album|wunderhorse|midas,1743036652,rebuilt_from_apple_song_tracklist,10,10,0,10,0,"{""apple_music_catalog_album_tracks"":10}",
album|x ray spex|germfree adolescents,1760319043,rebuilt_from_apple_song_tracklist,14,14,0,14,0,"{""apple_music_catalog_album_tracks"":14}",
album|x|los angeles,1416228338,rebuilt_from_apple_song_tracklist,9,9,0,9,0,"{""apple_music_catalog_album_tracks"":9}",
album|xg|new dna,1703356590,rebuilt_from_apple_song_tracklist,7,6,1,6,-1,"{""apple_music_catalog_album_tracks"":7}",
album|yardbirds|having a rave up with the yardbirds,1512238072,rebuilt_from_apple_song_tracklist,10,10,0,10,0,"{""apple_music_catalog_album_tracks"":10}",
album|yazoo|upstairs at eric s,62442885,rebuilt_from_apple_song_tracklist,11,11,0,11,0,"{""apple_music_catalog_album_tracks"":11}",
album|yeah yeah yeahs|fever to tell,1440916724,rebuilt_from_apple_song_tracklist,12,12,0,12,0,"{""apple_music_catalog_album_tracks"":12}",
album|yeah yeah yeahs|it s blitz,1440784273,rebuilt_from_apple_song_tracklist,12,12,0,12,0,"{""apple_music_catalog_album_tracks"":12}",
album|yeah yeah yeahs|show your bones,1440799554,rebuilt_from_apple_song_tracklist,11,11,0,11,0,"{""apple_music_catalog_album_tracks"":11}",
album|yellowcard|lights and sounds,724535035,rebuilt_from_apple_song_tracklist,15,15,0,15,0,"{""apple_music_catalog_album_tracks"":15}",
album|yellowcard|ocean avenue,725821947,rebuilt_from_apple_song_tracklist,13,13,0,13,0,"{""apple_music_catalog_album_tracks"":13}",
album|yes|close to the edge,1049014094,rebuilt_from_apple_song_tracklist,3,3,0,3,0,"{""apple_music_catalog_album_tracks"":3}",
album|yes|fragile,1049008924,rebuilt_from_apple_song_tracklist,9,9,0,9,0,"{""apple_music_catalog_album_tracks"":9}",
album|yeule|softscars,1692344143,rebuilt_from_apple_song_tracklist,12,12,0,12,0,"{""apple_music_catalog_album_tracks"":12}",
album|yiruma|first love,1436677753,rebuilt_from_apple_song_tracklist,15,15,0,15,0,"{""apple_music_catalog_album_tracks"":15}",
album|yo la tengo|i can hear the heart beating as one,1589242975,rebuilt_from_apple_song_tracklist,16,16,0,16,0,"{""apple_music_catalog_album_tracks"":16}",
album|yo la tengo|painful,1589240889,rebuilt_from_apple_song_tracklist,11,11,0,11,0,"{""apple_music_catalog_album_tracks"":11}",
album|yo yo ma|bach cello suites,381515547,rebuilt_from_apple_song_tracklist,36,36,0,36,0,"{""apple_music_catalog_album_tracks"":36}",
album|yoasobi|book,1542182291,rebuilt_from_apple_song_tracklist,9,9,0,9,0,"{""apple_music_catalog_album_tracks"":9}",
album|yob|clearing the path to ascend,909148619,rebuilt_from_apple_song_tracklist,4,4,0,4,0,"{""apple_music_catalog_album_tracks"":4}",
album|yolanda adams|mountain high valley low,262065697,rebuilt_from_apple_song_tracklist,11,11,0,11,0,"{""apple_music_catalog_album_tracks"":11}",
album|young thug|barter 6,986011611,rebuilt_from_apple_song_tracklist,13,13,0,13,0,"{""apple_music_catalog_album_tracks"":13}",
album|young thug|jeffery,1146718343,rebuilt_from_apple_song_tracklist,10,10,0,10,0,"{""apple_music_catalog_album_tracks"":10}",
album|young thug|so much fun,1476636939,rebuilt_from_apple_song_tracklist,19,19,0,19,0,"{""apple_music_catalog_album_tracks"":19}",
album|youssou n dour|egypt,20002817,rebuilt_from_apple_song_tracklist,8,8,0,8,0,"{""apple_music_catalog_album_tracks"":8}",
album|youth of today|break down the walls,91071914,rebuilt_from_apple_song_tracklist,13,13,0,13,0,"{""apple_music_catalog_album_tracks"":13}",
album|zac brown band|foundation,1585172564,rebuilt_from_apple_song_tracklist,12,12,0,12,0,"{""apple_music_catalog_album_tracks"":12}",
album|zach bryan|american heartbreak,1620257596,rebuilt_from_apple_song_tracklist,34,34,0,34,0,"{""apple_music_catalog_album_tracks"":34}",
album|zedd|clarity,1440861402,rebuilt_from_apple_song_tracklist,10,10,0,10,0,"{""apple_music_catalog_album_tracks"":10}",
album|zero 7|simple things,1814436320,rebuilt_from_apple_song_tracklist,12,12,0,12,0,"{""apple_music_catalog_album_tracks"":12}",
album|zombies|odessey and oracle,1810776077,rebuilt_from_apple_song_tracklist,12,12,0,12,0,"{""apple_music_catalog_album_tracks"":12}",
album|zz top|tres hombres,1728071278,rebuilt_from_apple_song_tracklist,10,10,0,10,0,"{""apple_music_catalog_album_tracks"":10}",
