deferred_key,run_version,source_ref,source_type,source_candidate_type,artist_display_name,title,year,storefront,deferred_reason,candidate_count,prior_review_reason,raw_payload_persisted
graph_recording:recording|age of love|age of love jam and spoon watch out for stella mix:offline_sidecar_no_unique_track_match,apple_music_offline_reconciliation_pass_v1,recording|age of love|age of love jam and spoon watch out for stella mix,graph_recording,recording,Age of Love,The Age of Love (Jam & Spoon Watch Out for Stella Mix),1992,us,offline_sidecar_no_unique_track_match,0,apple_song_search_needs_review_version_risk,false
graph_recording:recording|alexander courage|theme from star trek:offline_sidecar_no_unique_track_match,apple_music_offline_reconciliation_pass_v1,recording|alexander courage|theme from star trek,graph_recording,recording,Alexander Courage,Theme from Star Trek,1966,us,offline_sidecar_no_unique_track_match,0,apple_song_search_needs_review_version_risk,false
graph_recording:recording|angela lansbury david ogden stiers jerry orbach and paige o hara|something there:offline_sidecar_no_unique_track_match,apple_music_offline_reconciliation_pass_v1,recording|angela lansbury david ogden stiers jerry orbach and paige o hara|something there,graph_recording,recording,"Angela Lansbury, David Ogden Stiers, Jerry Orbach and Paige O'Hara",Something There,1991,us,offline_sidecar_no_unique_track_match,0,apple_song_search_needs_review_version_risk,false
graph_recording:recording|anthony brown and group therapy|worth:offline_sidecar_no_unique_track_match,apple_music_offline_reconciliation_pass_v1,recording|anthony brown and group therapy|worth,graph_recording,recording,Anthony Brown & group therAPy,Worth,2015,us,offline_sidecar_no_unique_track_match,0,apple_song_search_no_auto_match,false
graph_recording:recording|basil poledouris|anvil of crom:offline_sidecar_no_unique_track_match,apple_music_offline_reconciliation_pass_v1,recording|basil poledouris|anvil of crom,graph_recording,recording,Basil Poledouris,Anvil of Crom,1982,us,offline_sidecar_no_unique_track_match,0,apple_song_search_needs_review_version_risk,false
graph_recording:recording|basil poledouris|theme from robocop:offline_sidecar_no_unique_track_match,apple_music_offline_reconciliation_pass_v1,recording|basil poledouris|theme from robocop,graph_recording,recording,Basil Poledouris,Theme from RoboCop,1987,us,offline_sidecar_no_unique_track_match,0,apple_song_search_needs_review_version_risk,false
graph_recording:recording|betty noyes|baby mine:offline_sidecar_no_unique_track_match,apple_music_offline_reconciliation_pass_v1,recording|betty noyes|baby mine,graph_recording,recording,Betty Noyes,Baby Mine,1941,us,offline_sidecar_no_unique_track_match,0,apple_song_search_needs_review_version_risk,false
graph_recording:recording|bill evans|peace piece:offline_sidecar_no_unique_track_match,apple_music_offline_reconciliation_pass_v1,recording|bill evans|peace piece,graph_recording,recording,Bill Evans,Peace Piece,1958,us,offline_sidecar_no_unique_track_match,0,apple_song_search_no_results,false
graph_recording:recording|billie holiday|i ll be seeing you:offline_sidecar_no_unique_track_match,apple_music_offline_reconciliation_pass_v1,recording|billie holiday|i ll be seeing you,graph_recording,recording,Billie Holiday,I'll Be Seeing You,1944,us,offline_sidecar_no_unique_track_match,0,apple_song_search_needs_review_version_risk,false
graph_recording:recording|billy joel|why should i worry:offline_sidecar_no_unique_track_match,apple_music_offline_reconciliation_pass_v1,recording|billy joel|why should i worry,graph_recording,recording,Billy Joel,Why Should I Worry?,1988,us,offline_sidecar_no_unique_track_match,0,apple_song_search_needs_review_version_risk,false
graph_recording:recording|bob james|nautilus:offline_sidecar_no_unique_track_match,apple_music_offline_reconciliation_pass_v1,recording|bob james|nautilus,graph_recording,recording,Bob James,Nautilus,1974,us,offline_sidecar_no_unique_track_match,0,apple_song_search_no_results,false
graph_recording:recording|bobby driscoll kathryn beaumont and paul collins|you can fly you can fly you can fly:offline_sidecar_no_unique_track_match,apple_music_offline_reconciliation_pass_v1,recording|bobby driscoll kathryn beaumont and paul collins|you can fly you can fly you can fly,graph_recording,recording,"Bobby Driscoll, Kathryn Beaumont and Paul Collins",You Can Fly! You Can Fly! You Can Fly!,1953,us,offline_sidecar_no_unique_track_match,0,apple_song_search_needs_review_version_risk,false
graph_recording:recording|brad fiedel|main title from the terminator:offline_sidecar_no_unique_track_match,apple_music_offline_reconciliation_pass_v1,recording|brad fiedel|main title from the terminator,graph_recording,recording,Brad Fiedel,Main Title from The Terminator,1984,us,offline_sidecar_no_unique_track_match,0,apple_song_search_needs_review_version_risk,false
graph_recording:recording|brooke ligertwood and brandon lake|honey in the rock:offline_sidecar_no_unique_track_match,apple_music_offline_reconciliation_pass_v1,recording|brooke ligertwood and brandon lake|honey in the rock,graph_recording,recording,Brooke Ligertwood and Brandon Lake,Honey in the Rock,2022,us,offline_sidecar_no_unique_track_match,0,apple_song_search_no_auto_match,false
graph_recording:recording|byron cage|presence of the lord is here:offline_sidecar_no_unique_track_match,apple_music_offline_reconciliation_pass_v1,recording|byron cage|presence of the lord is here,graph_recording,recording,Byron Cage,The Presence of the Lord Is Here,2003,us,offline_sidecar_no_unique_track_match,0,apple_song_search_needs_review_version_risk,false
graph_recording:recording|caravans|sweeping through the city:offline_sidecar_no_unique_track_match,apple_music_offline_reconciliation_pass_v1,recording|caravans|sweeping through the city,graph_recording,recording,The Caravans,Sweeping Through the City,1958,us,offline_sidecar_no_unique_track_match,0,apple_song_search_no_auto_match,false
graph_recording:recording|carol channing|before the parade passes by:offline_sidecar_no_unique_track_match,apple_music_offline_reconciliation_pass_v1,recording|carol channing|before the parade passes by,graph_recording,recording,Carol Channing,Before the Parade Passes By,1964,us,offline_sidecar_no_unique_track_match,0,apple_song_search_needs_review_version_risk,false
graph_recording:recording|casting crowns|east to west:offline_sidecar_no_unique_track_match,apple_music_offline_reconciliation_pass_v1,recording|casting crowns|east to west,graph_recording,recording,Casting Crowns,East to West,2007,us,offline_sidecar_no_unique_track_match,0,apple_song_search_no_auto_match,false
graph_recording:recording|cheryl freeman lachanze roz ryan vaneese thomas and lillias white|gospel truth:offline_sidecar_no_unique_track_match,apple_music_offline_reconciliation_pass_v1,recording|cheryl freeman lachanze roz ryan vaneese thomas and lillias white|gospel truth,graph_recording,recording,"Cheryl Freeman, LaChanze, Roz Ryan, Vaneese Thomas and Lillias White",The Gospel Truth,1997,us,offline_sidecar_no_unique_track_match,0,apple_song_search_needs_review_version_risk,false
graph_recording:recording|chris tomlin|forever:offline_sidecar_no_unique_track_match,apple_music_offline_reconciliation_pass_v1,recording|chris tomlin|forever,graph_recording,recording,Chris Tomlin,Forever,2001,us,offline_sidecar_no_unique_track_match,0,apple_song_search_needs_review_version_risk,false
graph_recording:recording|christine johnson|you ll never walk alone:offline_sidecar_no_unique_track_match,apple_music_offline_reconciliation_pass_v1,recording|christine johnson|you ll never walk alone,graph_recording,recording,Christine Johnson,You'll Never Walk Alone,1945,us,offline_sidecar_no_unique_track_match,0,apple_song_search_needs_review_version_risk,false
graph_recording:recording|clark sisters|endow me:offline_sidecar_no_unique_track_match,apple_music_offline_reconciliation_pass_v1,recording|clark sisters|endow me,graph_recording,recording,The Clark Sisters,Endow Me,1986,us,offline_sidecar_no_unique_track_match,0,apple_song_search_no_auto_match,false
graph_recording:recording|dave grusin|mountain dance:offline_sidecar_no_unique_track_match,apple_music_offline_reconciliation_pass_v1,recording|dave grusin|mountain dance,graph_recording,recording,Dave Grusin,Mountain Dance,1980,us,offline_sidecar_no_unique_track_match,0,apple_song_search_no_auto_match,false
graph_recording:recording|dave grusin|theme from st elsewhere:offline_sidecar_no_unique_track_match,apple_music_offline_reconciliation_pass_v1,recording|dave grusin|theme from st elsewhere,graph_recording,recording,Dave Grusin,Theme from St. Elsewhere,1982,us,offline_sidecar_no_unique_track_match,0,apple_song_search_needs_review_version_risk,false
graph_recording:recording|david garrett|he s a pirate:offline_sidecar_no_unique_track_match,apple_music_offline_reconciliation_pass_v1,recording|david garrett|he s a pirate,graph_recording,recording,David Garrett,He's a Pirate,2010,us,offline_sidecar_no_unique_track_match,0,apple_song_search_needs_review_version_risk,false
graph_recording:recording|dick van dyke julie andrews and karen dotrice|chim chim cher ee:offline_sidecar_no_unique_track_match,apple_music_offline_reconciliation_pass_v1,recording|dick van dyke julie andrews and karen dotrice|chim chim cher ee,graph_recording,recording,"Dick Van Dyke, Julie Andrews and Karen Dotrice",Chim Chim Cher-ee,1964,us,offline_sidecar_no_unique_track_match,0,apple_song_search_needs_review_version_risk,false
graph_recording:recording|dinah washington|mad about the boy:offline_sidecar_no_unique_track_match,apple_music_offline_reconciliation_pass_v1,recording|dinah washington|mad about the boy,graph_recording,recording,Dinah Washington,Mad About the Boy,1952,us,offline_sidecar_no_unique_track_match,0,apple_song_search_needs_review_version_risk,false
graph_recording:recording|disney studio chorus|winnie the pooh:offline_sidecar_no_unique_track_match,apple_music_offline_reconciliation_pass_v1,recording|disney studio chorus|winnie the pooh,graph_recording,recording,The Disney Studio Chorus,Winnie the Pooh,1966,us,offline_sidecar_no_unique_track_match,0,apple_song_search_needs_review_version_risk,false
graph_recording:recording|dizzy gillespie and charlie parker|salt peanuts:offline_sidecar_no_unique_track_match,apple_music_offline_reconciliation_pass_v1,recording|dizzy gillespie and charlie parker|salt peanuts,graph_recording,recording,Dizzy Gillespie and Charlie Parker,Salt Peanuts,1945,us,offline_sidecar_no_unique_track_match,0,apple_song_search_no_auto_match,false
graph_recording:recording|donna mckechnie|music and the mirror:offline_sidecar_no_unique_track_match,apple_music_offline_reconciliation_pass_v1,recording|donna mckechnie|music and the mirror,graph_recording,recording,Donna McKechnie,The Music and the Mirror,1975,us,offline_sidecar_no_unique_track_match,0,apple_song_search_needs_review_version_risk,false
graph_recording:recording|duke ellington|mood indigo:offline_sidecar_no_unique_track_match,apple_music_offline_reconciliation_pass_v1,recording|duke ellington|mood indigo,graph_recording,recording,Duke Ellington,Mood Indigo,1930,us,offline_sidecar_no_unique_track_match,0,apple_song_search_no_auto_match,false
graph_recording:recording|e s posthumus|nara:offline_sidecar_no_unique_track_match,apple_music_offline_reconciliation_pass_v1,recording|e s posthumus|nara,graph_recording,recording,E.S. Posthumus,Nara,2001,us,offline_sidecar_no_unique_track_match,0,apple_song_search_needs_review_version_risk,false
graph_recording:recording|earl klugh and bob james|kari:offline_sidecar_no_unique_track_match,apple_music_offline_reconciliation_pass_v1,recording|earl klugh and bob james|kari,graph_recording,recording,Earl Klugh and Bob James,Kari,1979,us,offline_sidecar_no_unique_track_match,0,apple_song_search_no_auto_match,false
graph_recording:recording|ella fitzgerald and louis armstrong|summertime:offline_sidecar_no_unique_track_match,apple_music_offline_reconciliation_pass_v1,recording|ella fitzgerald and louis armstrong|summertime,graph_recording,recording,Ella Fitzgerald and Louis Armstrong,Summertime,1957,us,offline_sidecar_no_unique_track_match,0,apple_song_search_needs_review_version_risk,false
graph_recording:recording|escala|kashmir:offline_sidecar_no_unique_track_match,apple_music_offline_reconciliation_pass_v1,recording|escala|kashmir,graph_recording,recording,Escala,Kashmir,2009,us,offline_sidecar_no_unique_track_match,0,apple_song_search_needs_review_version_risk,false
graph_recording:recording|frank sinatra|best is yet to come:offline_sidecar_no_unique_track_match,apple_music_offline_reconciliation_pass_v1,recording|frank sinatra|best is yet to come,graph_recording,recording,Frank Sinatra,The Best Is Yet to Come,1964,us,offline_sidecar_no_unique_track_match,0,apple_song_search_needs_review_version_risk,false
graph_recording:recording|george givot and bill thompson|bella notte:offline_sidecar_no_unique_track_match,apple_music_offline_reconciliation_pass_v1,recording|george givot and bill thompson|bella notte,graph_recording,recording,George Givot and Bill Thompson,Bella Notte,1955,us,offline_sidecar_no_unique_track_match,0,apple_song_search_needs_review_version_risk,false
graph_recording:recording|gwen verdon and original broadway cast of chicago|roxie:offline_sidecar_no_unique_track_match,apple_music_offline_reconciliation_pass_v1,recording|gwen verdon and original broadway cast of chicago|roxie,graph_recording,recording,Gwen Verdon and Original Broadway Cast of Chicago,Roxie,1975,us,offline_sidecar_no_unique_track_match,0,apple_song_search_needs_review_version_risk,false
graph_recording:recording|high school musical cast|we re all in this together:offline_sidecar_no_unique_track_match,apple_music_offline_reconciliation_pass_v1,recording|high school musical cast|we re all in this together,graph_recording,recording,High School Musical Cast,We're All in This Together,2006,us,offline_sidecar_no_unique_track_match,0,apple_song_search_needs_review_version_risk,false
graph_recording:recording|hillsong united|good grace:offline_sidecar_no_unique_track_match,apple_music_offline_reconciliation_pass_v1,recording|hillsong united|good grace,graph_recording,recording,Hillsong United,Good Grace,2018,us,offline_sidecar_no_unique_track_match,0,apple_song_search_needs_review_version_risk,false
graph_recording:recording|hillsong united|stand:offline_sidecar_no_unique_track_match,apple_music_offline_reconciliation_pass_v1,recording|hillsong united|stand,graph_recording,recording,Hillsong United,The Stand,2005,us,offline_sidecar_no_unique_track_match,0,apple_song_search_needs_review_version_risk,false
graph_recording:recording|huey lewis|once upon a time in new york city:offline_sidecar_no_unique_track_match,apple_music_offline_reconciliation_pass_v1,recording|huey lewis|once upon a time in new york city,graph_recording,recording,Huey Lewis,Once Upon a Time in New York City,1988,us,offline_sidecar_no_unique_track_match,0,apple_song_search_needs_review_version_risk,false
graph_recording:recording|inez andrews|lord don t move the mountain:offline_sidecar_no_unique_track_match,apple_music_offline_reconciliation_pass_v1,recording|inez andrews|lord don t move the mountain,graph_recording,recording,Inez Andrews,"Lord, Don't Move the Mountain",1973,us,offline_sidecar_no_unique_track_match,0,apple_song_search_no_auto_match,false
graph_recording:recording|israel and new breed|friend of god:offline_sidecar_no_unique_track_match,apple_music_offline_reconciliation_pass_v1,recording|israel and new breed|friend of god,graph_recording,recording,Israel & New Breed,Friend of God,2004,us,offline_sidecar_no_unique_track_match,0,apple_song_search_needs_review_version_risk,false
graph_recording:recording|israel and new breed|you are good:offline_sidecar_no_unique_track_match,apple_music_offline_reconciliation_pass_v1,recording|israel and new breed|you are good,graph_recording,recording,Israel & New Breed,You Are Good,2001,us,offline_sidecar_no_unique_track_match,0,apple_song_search_needs_review_version_risk,false
graph_recording:recording|james horner|main title from apollo 13:offline_sidecar_no_unique_track_match,apple_music_offline_reconciliation_pass_v1,recording|james horner|main title from apollo 13,graph_recording,recording,James Horner,Main Title from Apollo 13,1995,us,offline_sidecar_no_unique_track_match,0,apple_song_search_needs_review_version_risk,false
graph_recording:recording|james horner|main title from braveheart:offline_sidecar_no_unique_track_match,apple_music_offline_reconciliation_pass_v1,recording|james horner|main title from braveheart,graph_recording,recording,James Horner,Main Title from Braveheart,1995,us,offline_sidecar_no_unique_track_match,0,apple_song_search_needs_review_version_risk,false
graph_recording:recording|jekalyn carr|you will win:offline_sidecar_no_unique_track_match,apple_music_offline_reconciliation_pass_v1,recording|jekalyn carr|you will win,graph_recording,recording,Jekalyn Carr,You Will Win,2017,us,offline_sidecar_no_unique_track_match,0,apple_song_search_no_results,false
graph_recording:recording|jeremy camp|i still believe:offline_sidecar_no_unique_track_match,apple_music_offline_reconciliation_pass_v1,recording|jeremy camp|i still believe,graph_recording,recording,Jeremy Camp,I Still Believe,2003,us,offline_sidecar_no_unique_track_match,0,apple_song_search_no_auto_match,false
graph_recording:recording|jerry goldsmith|main title from basic instinct:offline_sidecar_no_unique_track_match,apple_music_offline_reconciliation_pass_v1,recording|jerry goldsmith|main title from basic instinct,graph_recording,recording,Jerry Goldsmith,Main Title from Basic Instinct,1992,us,offline_sidecar_no_unique_track_match,0,apple_song_search_needs_review_version_risk,false
graph_recording:recording|jerry goldsmith|main title from total recall:offline_sidecar_no_unique_track_match,apple_music_offline_reconciliation_pass_v1,recording|jerry goldsmith|main title from total recall,graph_recording,recording,Jerry Goldsmith,Main Title from Total Recall,1990,us,offline_sidecar_no_unique_track_match,0,apple_song_search_needs_review_version_risk,false
graph_recording:recording|jj hairston and youthful praise|you deserve it:offline_sidecar_no_unique_track_match,apple_music_offline_reconciliation_pass_v1,recording|jj hairston and youthful praise|you deserve it,graph_recording,recording,JJ Hairston and Youthful Praise,You Deserve It,2017,us,offline_sidecar_no_unique_track_match,0,apple_song_search_needs_review_version_risk,false
graph_recording:recording|john raitt and jan clayton|if i loved you:offline_sidecar_no_unique_track_match,apple_music_offline_reconciliation_pass_v1,recording|john raitt and jan clayton|if i loved you,graph_recording,recording,John Raitt and Jan Clayton,If I Loved You,1945,us,offline_sidecar_no_unique_track_match,0,apple_song_search_needs_review_version_risk,false
graph_recording:recording|julie andrews|feed the birds:offline_sidecar_no_unique_track_match,apple_music_offline_reconciliation_pass_v1,recording|julie andrews|feed the birds,graph_recording,recording,Julie Andrews,Feed the Birds,1964,us,offline_sidecar_no_unique_track_match,0,apple_song_search_needs_review_version_risk,false
graph_recording:recording|julie london|fly me to the moon:offline_sidecar_no_unique_track_match,apple_music_offline_reconciliation_pass_v1,recording|julie london|fly me to the moon,graph_recording,recording,Julie London,Fly Me to the Moon,1963,us,offline_sidecar_no_unique_track_match,0,apple_song_search_needs_review_version_risk,false
graph_recording:recording|kidz bop kids|kidz bop shuffle:offline_sidecar_no_unique_track_match,apple_music_offline_reconciliation_pass_v1,recording|kidz bop kids|kidz bop shuffle,graph_recording,recording,Kidz Bop Kids,Kidz Bop Shuffle,2010,us,offline_sidecar_no_unique_track_match,0,apple_song_search_no_auto_match,false
graph_recording:recording|kirk whalum|wave:offline_sidecar_no_unique_track_match,apple_music_offline_reconciliation_pass_v1,recording|kirk whalum|wave,graph_recording,recording,Kirk Whalum,The Wave,1994,us,offline_sidecar_no_unique_track_match,0,apple_song_search_no_auto_match,false
graph_recording:recording|larry carlton|smiles and smiles to go:offline_sidecar_no_unique_track_match,apple_music_offline_reconciliation_pass_v1,recording|larry carlton|smiles and smiles to go,graph_recording,recording,Larry Carlton,Smiles and Smiles to Go,1986,us,offline_sidecar_no_unique_track_match,0,apple_song_search_no_auto_match,false
graph_recording:recording|larry kert and carol lawrence|tonight:offline_sidecar_no_unique_track_match,apple_music_offline_reconciliation_pass_v1,recording|larry kert and carol lawrence|tonight,graph_recording,recording,Larry Kert and Carol Lawrence,Tonight,1957,us,offline_sidecar_no_unique_track_match,0,apple_song_search_needs_review_version_risk,false
graph_recording:recording|le andria johnson|better days:offline_sidecar_no_unique_track_match,apple_music_offline_reconciliation_pass_v1,recording|le andria johnson|better days,graph_recording,recording,Le'Andria Johnson,Better Days,2011,us,offline_sidecar_no_unique_track_match,0,apple_song_search_no_auto_match,false
graph_recording:recording|lindsey stirling|shatter me:offline_sidecar_no_unique_track_match,apple_music_offline_reconciliation_pass_v1,recording|lindsey stirling|shatter me,graph_recording,recording,Lindsey Stirling,Shatter Me,2014,us,offline_sidecar_no_unique_track_match,0,apple_song_search_no_auto_match,false
graph_recording:recording|luciano pavarotti|o sole mio:offline_sidecar_no_unique_track_match,apple_music_offline_reconciliation_pass_v1,recording|luciano pavarotti|o sole mio,graph_recording,recording,Luciano Pavarotti,O sole mio,1980,us,offline_sidecar_no_unique_track_match,0,apple_song_search_needs_review_version_risk,false
graph_recording:recording|mark keali i ho omalu and kamehameha schools children s chorus|hawaiian roller coaster ride:offline_sidecar_no_unique_track_match,apple_music_offline_reconciliation_pass_v1,recording|mark keali i ho omalu and kamehameha schools children s chorus|hawaiian roller coaster ride,graph_recording,recording,Mark Keali'i Ho'omalu and Kamehameha Schools Children's Chorus,Hawaiian Roller Coaster Ride,2002,us,offline_sidecar_no_unique_track_match,0,apple_song_search_needs_review_version_risk,false
graph_recording:recording|maverick city music and upperroom|rest on us:offline_sidecar_no_unique_track_match,apple_music_offline_reconciliation_pass_v1,recording|maverick city music and upperroom|rest on us,graph_recording,recording,Maverick City Music and UPPERROOM,Rest on Us,2021,us,offline_sidecar_no_unique_track_match,0,apple_song_search_needs_review_version_risk,false
graph_recording:recording|maverick city music|son of suffering:offline_sidecar_no_unique_track_match,apple_music_offline_reconciliation_pass_v1,recording|maverick city music|son of suffering,graph_recording,recording,Maverick City Music,Son of Suffering,2021,us,offline_sidecar_no_unique_track_match,0,apple_song_search_needs_review_version_risk,false
graph_recording:recording|michael crawford and sarah brightman|phantom of the opera:offline_sidecar_no_unique_track_match,apple_music_offline_reconciliation_pass_v1,recording|michael crawford and sarah brightman|phantom of the opera,graph_recording,recording,Michael Crawford and Sarah Brightman,The Phantom of the Opera,1986,us,offline_sidecar_no_unique_track_match,0,apple_song_search_needs_review_version_risk,false
graph_recording:recording|michael w smith|breathe:offline_sidecar_no_unique_track_match,apple_music_offline_reconciliation_pass_v1,recording|michael w smith|breathe,graph_recording,recording,Michael W. Smith,Breathe,2001,us,offline_sidecar_no_unique_track_match,0,apple_song_search_needs_review_version_risk,false
graph_recording:recording|nat king cole|christmas song:offline_sidecar_no_unique_track_match,apple_music_offline_reconciliation_pass_v1,recording|nat king cole|christmas song,graph_recording,recording,Nat King Cole,The Christmas Song,1946,us,offline_sidecar_no_unique_track_match,0,apple_song_search_needs_review_version_risk,false
graph_recording:recording|needtobreathe featuring gavin degraw|brother:offline_sidecar_no_unique_track_match,apple_music_offline_reconciliation_pass_v1,recording|needtobreathe featuring gavin degraw|brother,graph_recording,recording,NEEDTOBREATHE featuring Gavin DeGraw,Brother,2015,us,offline_sidecar_no_unique_track_match,0,apple_song_search_no_auto_match,false
graph_recording:recording|nino rota|main title from the godfather part ii:offline_sidecar_no_unique_track_match,apple_music_offline_reconciliation_pass_v1,recording|nino rota|main title from the godfather part ii,graph_recording,recording,Nino Rota,Main Title from The Godfather Part II,1974,us,offline_sidecar_no_unique_track_match,0,apple_song_search_needs_review_version_risk,false
graph_recording:recording|orchestral manoeuvres in the dark|if you leave:offline_sidecar_no_unique_track_match,apple_music_offline_reconciliation_pass_v1,recording|orchestral manoeuvres in the dark|if you leave,graph_recording,recording,Orchestral Manoeuvres in the Dark,If You Leave,1986,us,offline_sidecar_no_unique_track_match,0,apple_song_search_needs_review_version_risk,false
graph_recording:recording|original broadway cast of a chorus line|one:offline_sidecar_no_unique_track_match,apple_music_offline_reconciliation_pass_v1,recording|original broadway cast of a chorus line|one,graph_recording,recording,Original Broadway Cast of A Chorus Line,One,1975,us,offline_sidecar_no_unique_track_match,0,apple_song_search_needs_review_version_risk,false
graph_recording:recording|original broadway cast of be more chill|michael in the bathroom:offline_sidecar_no_unique_track_match,apple_music_offline_reconciliation_pass_v1,recording|original broadway cast of be more chill|michael in the bathroom,graph_recording,recording,Original Broadway Cast of Be More Chill,Michael in the Bathroom,2018,us,offline_sidecar_no_unique_track_match,0,apple_song_search_needs_review_version_risk,false
graph_recording:recording|original broadway cast of chicago|razzle dazzle:offline_sidecar_no_unique_track_match,apple_music_offline_reconciliation_pass_v1,recording|original broadway cast of chicago|razzle dazzle,graph_recording,recording,Original Broadway Cast of Chicago,Razzle Dazzle,1975,us,offline_sidecar_no_unique_track_match,0,apple_song_search_needs_review_version_risk,false
graph_recording:recording|original broadway cast of west side story|gee officer krupke:offline_sidecar_no_unique_track_match,apple_music_offline_reconciliation_pass_v1,recording|original broadway cast of west side story|gee officer krupke,graph_recording,recording,Original Broadway Cast of West Side Story,"Gee, Officer Krupke",1957,us,offline_sidecar_no_unique_track_match,0,apple_song_search_needs_review_version_risk,false
graph_recording:recording|original london cast of the phantom of the opera|masquerade:offline_sidecar_no_unique_track_match,apple_music_offline_reconciliation_pass_v1,recording|original london cast of the phantom of the opera|masquerade,graph_recording,recording,Original London Cast of The Phantom of the Opera,Masquerade,1986,us,offline_sidecar_no_unique_track_match,0,apple_song_search_needs_review_version_risk,false
graph_recording:recording|passion featuring kristian stanfill|even so come:offline_sidecar_no_unique_track_match,apple_music_offline_reconciliation_pass_v1,recording|passion featuring kristian stanfill|even so come,graph_recording,recording,Passion featuring Kristian Stanfill,Even So Come,2015,us,offline_sidecar_no_unique_track_match,0,apple_song_search_needs_review_version_risk,false
graph_recording:recording|passion featuring kristian stanfill|glorious day:offline_sidecar_no_unique_track_match,apple_music_offline_reconciliation_pass_v1,recording|passion featuring kristian stanfill|glorious day,graph_recording,recording,Passion featuring Kristian Stanfill,Glorious Day,2017,us,offline_sidecar_no_unique_track_match,0,apple_song_search_needs_review_version_risk,false
graph_recording:recording|patrick swayze featuring wendy fraser|she s like the wind:offline_sidecar_no_unique_track_match,apple_music_offline_reconciliation_pass_v1,recording|patrick swayze featuring wendy fraser|she s like the wind,graph_recording,recording,Patrick Swayze featuring Wendy Fraser,She's Like the Wind,1987,us,offline_sidecar_no_unique_track_match,0,apple_song_search_needs_review_version_risk,false
graph_recording:recording|paul baloche|hosanna praise is rising:offline_sidecar_no_unique_track_match,apple_music_offline_reconciliation_pass_v1,recording|paul baloche|hosanna praise is rising,graph_recording,recording,Paul Baloche,Hosanna (Praise Is Rising),2006,us,offline_sidecar_no_unique_track_match,0,apple_song_search_no_auto_match,false
graph_recording:recording|paul winchell|wonderful thing about tiggers:offline_sidecar_no_unique_track_match,apple_music_offline_reconciliation_pass_v1,recording|paul winchell|wonderful thing about tiggers,graph_recording,recording,Paul Winchell,The Wonderful Thing About Tiggers,1968,us,offline_sidecar_no_unique_track_match,0,apple_song_search_no_results,false
graph_recording:recording|peter white|bueno funk:offline_sidecar_no_unique_track_match,apple_music_offline_reconciliation_pass_v1,recording|peter white|bueno funk,graph_recording,recording,Peter White,Bueno Funk,1994,us,offline_sidecar_no_unique_track_match,0,apple_song_search_no_auto_match,false
graph_recording:recording|phil collins|against all odds:offline_sidecar_no_unique_track_match,apple_music_offline_reconciliation_pass_v1,recording|phil collins|against all odds,graph_recording,recording,Phil Collins,Against All Odds,1984,us,offline_sidecar_no_unique_track_match,0,apple_song_search_needs_review_version_risk,false
graph_recording:recording|philip glass|metamorphosis one:offline_sidecar_no_unique_track_match,apple_music_offline_reconciliation_pass_v1,recording|philip glass|metamorphosis one,graph_recording,recording,Philip Glass,Metamorphosis One,1989,us,offline_sidecar_no_unique_track_match,0,apple_song_search_no_auto_match,false
graph_recording:recording|phillipa soo renee elise goldsberry and jasmine cephas jones|schuyler sisters:offline_sidecar_no_unique_track_match,apple_music_offline_reconciliation_pass_v1,recording|phillipa soo renee elise goldsberry and jasmine cephas jones|schuyler sisters,graph_recording,recording,"Phillipa Soo, Renee Elise Goldsberry and Jasmine Cephas Jones",The Schuyler Sisters,2015,us,offline_sidecar_no_unique_track_match,0,apple_song_search_needs_review_version_risk,false
graph_recording:recording|priscilla lopez and original broadway cast of a chorus line|what i did for love:offline_sidecar_no_unique_track_match,apple_music_offline_reconciliation_pass_v1,recording|priscilla lopez and original broadway cast of a chorus line|what i did for love,graph_recording,recording,Priscilla Lopez and Original Broadway Cast of A Chorus Line,What I Did for Love,1975,us,offline_sidecar_no_unique_track_match,0,apple_song_search_needs_review_version_risk,false
graph_recording:recording|rance allen group|something about the name jesus:offline_sidecar_no_unique_track_match,apple_music_offline_reconciliation_pass_v1,recording|rance allen group|something about the name jesus,graph_recording,recording,Rance Allen Group,Something About the Name Jesus,2000,us,offline_sidecar_no_unique_track_match,0,apple_song_search_needs_review_version_risk,false
graph_recording:recording|rev james cleveland and the southern california community choir|i don t feel no ways tired:offline_sidecar_no_unique_track_match,apple_music_offline_reconciliation_pass_v1,recording|rev james cleveland and the southern california community choir|i don t feel no ways tired,graph_recording,recording,Rev. James Cleveland and The Southern California Community Choir,I Don't Feel No Ways Tired,1979,us,offline_sidecar_no_unique_track_match,0,apple_song_search_needs_review_version_risk,false
graph_recording:recording|rev milton brunson and the thompson community singers|safe in his arms:offline_sidecar_no_unique_track_match,apple_music_offline_reconciliation_pass_v1,recording|rev milton brunson and the thompson community singers|safe in his arms,graph_recording,recording,Rev. Milton Brunson and The Thompson Community Singers,Safe in His Arms,1986,us,offline_sidecar_no_unique_track_match,0,apple_song_search_no_auto_match,false
graph_recording:recording|richard clayderman|ballade pour adeline:offline_sidecar_no_unique_track_match,apple_music_offline_reconciliation_pass_v1,recording|richard clayderman|ballade pour adeline,graph_recording,recording,Richard Clayderman,Ballade pour Adeline,1977,us,offline_sidecar_no_unique_track_match,0,apple_song_search_no_auto_match,false
graph_recording:recording|rippingtons|tourist in paradise:offline_sidecar_no_unique_track_match,apple_music_offline_reconciliation_pass_v1,recording|rippingtons|tourist in paradise,graph_recording,recording,The Rippingtons,Tourist in Paradise,1989,us,offline_sidecar_no_unique_track_match,0,apple_song_search_no_auto_match,false
graph_recording:recording|rippingtons|welcome to the st james club:offline_sidecar_no_unique_track_match,apple_music_offline_reconciliation_pass_v1,recording|rippingtons|welcome to the st james club,graph_recording,recording,The Rippingtons,Welcome to the St. James' Club,1990,us,offline_sidecar_no_unique_track_match,0,apple_song_search_no_auto_match,false
graph_recording:recording|robert alda|luck be a lady:offline_sidecar_no_unique_track_match,apple_music_offline_reconciliation_pass_v1,recording|robert alda|luck be a lady,graph_recording,recording,Robert Alda,Luck Be a Lady,1950,us,offline_sidecar_no_unique_track_match,0,apple_song_search_needs_review_version_risk,false
graph_recording:recording|sammy davis jr|mr bojangles:offline_sidecar_no_unique_track_match,apple_music_offline_reconciliation_pass_v1,recording|sammy davis jr|mr bojangles,graph_recording,recording,Sammy Davis Jr.,Mr. Bojangles,1972,us,offline_sidecar_no_unique_track_match,0,apple_song_search_needs_review_version_risk,false
graph_recording:recording|sarah brightman and steve barton|all i ask of you:offline_sidecar_no_unique_track_match,apple_music_offline_reconciliation_pass_v1,recording|sarah brightman and steve barton|all i ask of you,graph_recording,recording,Sarah Brightman and Steve Barton,All I Ask of You,1986,us,offline_sidecar_no_unique_track_match,0,apple_song_search_needs_review_version_risk,false
graph_recording:recording|sarah vaughan|whatever lola wants:offline_sidecar_no_unique_track_match,apple_music_offline_reconciliation_pass_v1,recording|sarah vaughan|whatever lola wants,graph_recording,recording,Sarah Vaughan,Whatever Lola Wants,1955,us,offline_sidecar_no_unique_track_match,0,apple_song_search_needs_review_version_risk,false
graph_recording:recording|shirley caesar|hold my mule:offline_sidecar_no_unique_track_match,apple_music_offline_reconciliation_pass_v1,recording|shirley caesar|hold my mule,graph_recording,recording,Shirley Caesar,Hold My Mule,1988,us,offline_sidecar_no_unique_track_match,0,apple_song_search_needs_review_version_risk,false
graph_recording:recording|sterling holloway|little black rain cloud:offline_sidecar_no_unique_track_match,apple_music_offline_reconciliation_pass_v1,recording|sterling holloway|little black rain cloud,graph_recording,recording,Sterling Holloway,Little Black Rain Cloud,1966,us,offline_sidecar_no_unique_track_match,0,apple_song_search_no_results,false
graph_recording:recording|stuart townend|how deep the father s love for us:offline_sidecar_no_unique_track_match,apple_music_offline_reconciliation_pass_v1,recording|stuart townend|how deep the father s love for us,graph_recording,recording,Stuart Townend,How Deep the Father's Love for Us,1995,us,offline_sidecar_no_unique_track_match,0,apple_song_search_needs_review_version_risk,false
graph_recording:recording|stubby kaye|sit down you re rockin the boat:offline_sidecar_no_unique_track_match,apple_music_offline_reconciliation_pass_v1,recording|stubby kaye|sit down you re rockin the boat,graph_recording,recording,Stubby Kaye,"Sit Down, You're Rockin' the Boat",1950,us,offline_sidecar_no_unique_track_match,0,apple_song_search_needs_review_version_risk,false
graph_recording:recording|third day|soul on fire:offline_sidecar_no_unique_track_match,apple_music_offline_reconciliation_pass_v1,recording|third day|soul on fire,graph_recording,recording,Third Day,Soul on Fire,2015,us,offline_sidecar_no_unique_track_match,0,apple_song_search_no_auto_match,false
graph_recording:recording|tye tribbett|if he did it before same god:offline_sidecar_no_unique_track_match,apple_music_offline_reconciliation_pass_v1,recording|tye tribbett|if he did it before same god,graph_recording,recording,Tye Tribbett,If He Did It Before... Same God,2013,us,offline_sidecar_no_unique_track_match,0,apple_song_search_no_auto_match,false
graph_recording:recording|underworld|born slippy nuxx:offline_sidecar_no_unique_track_match,apple_music_offline_reconciliation_pass_v1,recording|underworld|born slippy nuxx,graph_recording,recording,Underworld,Born Slippy .NUXX,1995,us,offline_sidecar_no_unique_track_match,0,apple_song_search_needs_review_version_risk,false
graph_recording:recording|urge overkill|girl you ll be a woman soon:offline_sidecar_no_unique_track_match,apple_music_offline_reconciliation_pass_v1,recording|urge overkill|girl you ll be a woman soon,graph_recording,recording,Urge Overkill,"Girl, You'll Be a Woman Soon",1994,us,offline_sidecar_no_unique_track_match,0,apple_song_search_needs_review_version_risk,false
graph_recording:recording|vangelis|end titles from blade runner:offline_sidecar_no_unique_track_match,apple_music_offline_reconciliation_pass_v1,recording|vangelis|end titles from blade runner,graph_recording,recording,Vangelis,End Titles from Blade Runner,1982,us,offline_sidecar_no_unique_track_match,0,apple_song_search_needs_review_version_risk,false
graph_recording:recording|vangelis|love theme from blade runner:offline_sidecar_no_unique_track_match,apple_music_offline_reconciliation_pass_v1,recording|vangelis|love theme from blade runner,graph_recording,recording,Vangelis,Love Theme from Blade Runner,1982,us,offline_sidecar_no_unique_track_match,0,apple_song_search_needs_review_version_risk,false
graph_recording:recording|vashawn mitchell|nobody greater:offline_sidecar_no_unique_track_match,apple_music_offline_reconciliation_pass_v1,recording|vashawn mitchell|nobody greater,graph_recording,recording,VaShawn Mitchell,Nobody Greater,2010,us,offline_sidecar_no_unique_track_match,0,apple_song_search_needs_review_version_risk,false
graph_recording:recording|verna felton|bibbidi bobbidi boo:offline_sidecar_no_unique_track_match,apple_music_offline_reconciliation_pass_v1,recording|verna felton|bibbidi bobbidi boo,graph_recording,recording,Verna Felton,Bibbidi-Bobbidi-Boo,1950,us,offline_sidecar_no_unique_track_match,0,apple_song_search_needs_review_version_risk,false
graph_recording:recording|ward singers|surely god is able:offline_sidecar_no_unique_track_match,apple_music_offline_reconciliation_pass_v1,recording|ward singers|surely god is able,graph_recording,recording,The Ward Singers,Surely God Is Able,1950,us,offline_sidecar_no_unique_track_match,0,apple_song_search_no_auto_match,false
graph_recording:recording|yo yo ma mark o connor and edgar meyer|appalachia waltz:offline_sidecar_no_unique_track_match,apple_music_offline_reconciliation_pass_v1,recording|yo yo ma mark o connor and edgar meyer|appalachia waltz,graph_recording,recording,"Yo-Yo Ma, Mark O'Connor and Edgar Meyer",Appalachia Waltz,1996,us,offline_sidecar_no_unique_track_match,0,apple_song_search_no_auto_match,false
graph_recording:recording|yo yo ma|gabriel s oboe:offline_sidecar_no_unique_track_match,apple_music_offline_reconciliation_pass_v1,recording|yo yo ma|gabriel s oboe,graph_recording,recording,Yo-Yo Ma,Gabriel's Oboe,2004,us,offline_sidecar_no_unique_track_match,0,apple_song_search_needs_review_version_risk,false
graph_recording:recording|yo yo ma|libertango:offline_sidecar_no_unique_track_match,apple_music_offline_reconciliation_pass_v1,recording|yo yo ma|libertango,graph_recording,recording,Yo-Yo Ma,Libertango,1997,us,offline_sidecar_no_unique_track_match,0,apple_song_search_needs_review_version_risk,false
graph_song:song||me and giuliani down by the school yard:offline_sidecar_no_unique_track_match,apple_music_offline_reconciliation_pass_v1,song||me and giuliani down by the school yard,graph_song,song,!!!,Me and Giuliani Down by the School Yard,2003,us,offline_sidecar_no_unique_track_match,0,apple_song_search_no_auto_match,false
graph_song:song|13th floor elevators|reverberation:offline_sidecar_no_unique_track_match,apple_music_offline_reconciliation_pass_v1,song|13th floor elevators|reverberation,graph_song,song,13th Floor Elevators,Reverberation,1966,us,offline_sidecar_no_unique_track_match,0,apple_song_search_no_auto_match,false
graph_song:song|2 live crew|me so horny:offline_sidecar_no_unique_track_match,apple_music_offline_reconciliation_pass_v1,song|2 live crew|me so horny,graph_song,song,2 Live Crew,Me So Horny,1989,us,offline_sidecar_no_unique_track_match,0,apple_song_search_needs_review_version_risk,false
graph_song:song|21 savage feat future|x:offline_sidecar_no_unique_track_match,apple_music_offline_reconciliation_pass_v1,song|21 savage feat future|x,graph_song,song,21 Savage feat. Future,X,2016,us,offline_sidecar_no_unique_track_match,0,apple_song_search_needs_review_version_risk,false
graph_song:song|2pac feat dr dre|california love:offline_sidecar_no_unique_track_match,apple_music_offline_reconciliation_pass_v1,song|2pac feat dr dre|california love,graph_song,song,2Pac feat. Dr. Dre,California Love,1995,us,offline_sidecar_no_unique_track_match,0,apple_song_search_needs_review_version_risk,false
graph_song:song|2pac feat k ci and jojo|how do u want it:offline_sidecar_no_unique_track_match,apple_music_offline_reconciliation_pass_v1,song|2pac feat k ci and jojo|how do u want it,graph_song,song,2Pac feat. K-Ci & JoJo,How Do U Want It,1996,us,offline_sidecar_no_unique_track_match,0,apple_song_search_needs_review_version_risk,false
graph_song:song|2pac feat snoop doggy dogg|2 of amerikaz most wanted:offline_sidecar_no_unique_track_match,apple_music_offline_reconciliation_pass_v1,song|2pac feat snoop doggy dogg|2 of amerikaz most wanted,graph_song,song,2Pac feat. Snoop Doggy Dogg,2 of Amerikaz Most Wanted,1996,us,offline_sidecar_no_unique_track_match,0,apple_song_search_needs_review_version_risk,false
graph_song:song|2pac|hit em up:offline_sidecar_no_unique_track_match,apple_music_offline_reconciliation_pass_v1,song|2pac|hit em up,graph_song,song,2Pac,Hit 'Em Up,1996,us,offline_sidecar_no_unique_track_match,0,apple_song_search_needs_review_version_risk,false
graph_song:song|2pac|i get around:offline_sidecar_no_unique_track_match,apple_music_offline_reconciliation_pass_v1,song|2pac|i get around,graph_song,song,2Pac,I Get Around,1993,us,offline_sidecar_no_unique_track_match,0,apple_song_search_no_auto_match,false
graph_song:song|30 seconds to mars|kill:offline_sidecar_no_unique_track_match,apple_music_offline_reconciliation_pass_v1,song|30 seconds to mars|kill,graph_song,song,30 Seconds to Mars,The Kill,2005,us,offline_sidecar_no_unique_track_match,0,apple_song_search_no_auto_match,false
graph_song:song|50 cent feat nate dogg|21 questions:offline_sidecar_no_unique_track_match,apple_music_offline_reconciliation_pass_v1,song|50 cent feat nate dogg|21 questions,graph_song,song,50 Cent feat. Nate Dogg,21 Questions,2003,us,offline_sidecar_no_unique_track_match,0,apple_song_search_no_auto_match,false
graph_song:song|50 cent|candy shop:offline_sidecar_no_unique_track_match,apple_music_offline_reconciliation_pass_v1,song|50 cent|candy shop,graph_song,song,50 Cent,Candy Shop,2005,us,offline_sidecar_no_unique_track_match,0,apple_song_search_needs_review_version_risk,false
graph_song:song|69|desire:offline_sidecar_no_unique_track_match,apple_music_offline_reconciliation_pass_v1,song|69|desire,graph_song,song,69,Desire,1991,us,offline_sidecar_no_unique_track_match,0,apple_song_search_needs_review_version_risk,false
graph_song:song|7 seconds|were gonna fight:offline_sidecar_no_unique_track_match,apple_music_offline_reconciliation_pass_v1,song|7 seconds|were gonna fight,graph_song,song,7 Seconds,Were Gonna Fight,1984,us,offline_sidecar_no_unique_track_match,0,apple_song_search_no_auto_match,false
graph_song:song|88rising joji and rich brian|midsummer madness:offline_sidecar_no_unique_track_match,apple_music_offline_reconciliation_pass_v1,song|88rising joji and rich brian|midsummer madness,graph_song,song,"88rising, Joji and Rich Brian",Midsummer Madness,2018,us,offline_sidecar_no_unique_track_match,0,apple_song_search_no_auto_match,false
graph_song:song|a ap rocky feat drake 2 chainz and kendrick lamar|f kin problems:offline_sidecar_no_unique_track_match,apple_music_offline_reconciliation_pass_v1,song|a ap rocky feat drake 2 chainz and kendrick lamar|f kin problems,graph_song,song,"A$AP Rocky feat. Drake, 2 Chainz, and Kendrick Lamar",F**kin' Problems,2012,us,offline_sidecar_no_unique_track_match,0,apple_song_search_needs_review_version_risk,false
graph_song:song|a ap rocky feat skepta|praise the lord da shine:offline_sidecar_no_unique_track_match,apple_music_offline_reconciliation_pass_v1,song|a ap rocky feat skepta|praise the lord da shine,graph_song,song,A$AP Rocky feat. Skepta,Praise the Lord (Da Shine),2018,us,offline_sidecar_no_unique_track_match,0,apple_song_search_needs_review_version_risk,false
graph_song:song|a g cook|silver:offline_sidecar_no_unique_track_match,apple_music_offline_reconciliation_pass_v1,song|a g cook|silver,graph_song,song,A. G. Cook,Silver,2014,us,offline_sidecar_no_unique_track_match,0,apple_song_search_no_auto_match,false
graph_song:song|a tribe called quest|1nce again:offline_sidecar_no_unique_track_match,apple_music_offline_reconciliation_pass_v1,song|a tribe called quest|1nce again,graph_song,song,A Tribe Called Quest,1nce Again,1996,us,offline_sidecar_no_unique_track_match,0,apple_song_search_no_auto_match,false
graph_song:song|action|i ll keep holding on:offline_sidecar_no_unique_track_match,apple_music_offline_reconciliation_pass_v1,song|action|i ll keep holding on,graph_song,song,The Action,I'll Keep Holding On,1966,us,offline_sidecar_no_unique_track_match,0,apple_song_search_needs_review_version_risk,false
graph_song:song|ad libs|boy from new york city:offline_sidecar_no_unique_track_match,apple_music_offline_reconciliation_pass_v1,song|ad libs|boy from new york city,graph_song,song,The Ad Libs,The Boy from New York City,1964,us,offline_sidecar_no_unique_track_match,0,apple_song_search_no_auto_match,false
graph_song:song|adam sandler|chanukah song:offline_sidecar_no_unique_track_match,apple_music_offline_reconciliation_pass_v1,song|adam sandler|chanukah song,graph_song,song,Adam Sandler,The Chanukah Song,1994,us,offline_sidecar_no_unique_track_match,0,apple_song_search_needs_review_version_risk,false
graph_song:song|afrojack featuring eva simons|take over control:offline_sidecar_no_unique_track_match,apple_music_offline_reconciliation_pass_v1,song|afrojack featuring eva simons|take over control,graph_song,song,Afrojack featuring Eva Simons,Take Over Control,2010,us,offline_sidecar_no_unique_track_match,0,apple_song_search_needs_review_version_risk,false
graph_song:song|ahmad jamal|poinciana:offline_sidecar_no_unique_track_match,apple_music_offline_reconciliation_pass_v1,song|ahmad jamal|poinciana,graph_song,song,Ahmad Jamal,Poinciana,1958,us,offline_sidecar_no_unique_track_match,0,apple_song_search_needs_review_version_risk,false
graph_song:song|alan silvestri|forrest gump suite:offline_sidecar_no_unique_track_match,apple_music_offline_reconciliation_pass_v1,song|alan silvestri|forrest gump suite,graph_song,song,Alan Silvestri,Forrest Gump Suite,1994,us,offline_sidecar_no_unique_track_match,0,apple_song_search_needs_review_version_risk,false
graph_song:song|alarm clocks|no reason to complain:offline_sidecar_no_unique_track_match,apple_music_offline_reconciliation_pass_v1,song|alarm clocks|no reason to complain,graph_song,song,The Alarm Clocks,No Reason to Complain,1966,us,offline_sidecar_no_unique_track_match,0,apple_song_search_no_auto_match,false
graph_song:song|alesso featuring tove lo|heroes we could be:offline_sidecar_no_unique_track_match,apple_music_offline_reconciliation_pass_v1,song|alesso featuring tove lo|heroes we could be,graph_song,song,Alesso featuring Tove Lo,Heroes (We Could Be),2014,us,offline_sidecar_no_unique_track_match,0,apple_song_search_needs_review_version_risk,false
graph_song:song|alexandre desplat|grand budapest hotel:offline_sidecar_no_unique_track_match,apple_music_offline_reconciliation_pass_v1,song|alexandre desplat|grand budapest hotel,graph_song,song,Alexandre Desplat,The Grand Budapest Hotel,2014,us,offline_sidecar_no_unique_track_match,0,apple_song_search_needs_review_version_risk,false
graph_song:song|alexandre desplat|shape of water:offline_sidecar_no_unique_track_match,apple_music_offline_reconciliation_pass_v1,song|alexandre desplat|shape of water,graph_song,song,Alexandre Desplat,The Shape of Water,2017,us,offline_sidecar_no_unique_track_match,0,apple_song_search_needs_review_version_risk,false
graph_song:song|ali farka toure and ry cooder|ai du:offline_sidecar_no_unique_track_match,apple_music_offline_reconciliation_pass_v1,song|ali farka toure and ry cooder|ai du,graph_song,song,Ali Farka Toure and Ry Cooder,Ai Du,1994,us,offline_sidecar_no_unique_track_match,0,apple_song_search_no_auto_match,false
graph_song:song|ali farka toure|diaraby:offline_sidecar_no_unique_track_match,apple_music_offline_reconciliation_pass_v1,song|ali farka toure|diaraby,graph_song,song,Ali Farka Toure,Diaraby,1994,us,offline_sidecar_no_unique_track_match,0,apple_song_search_no_auto_match,false
graph_song:song|alicia keys|diary:offline_sidecar_no_unique_track_match,apple_music_offline_reconciliation_pass_v1,song|alicia keys|diary,graph_song,song,Alicia Keys,Diary,2003,us,offline_sidecar_no_unique_track_match,0,apple_song_search_no_auto_match,false
graph_song:song|allan sherman|hello muddah hello fadduh:offline_sidecar_no_unique_track_match,apple_music_offline_reconciliation_pass_v1,song|allan sherman|hello muddah hello fadduh,graph_song,song,Allan Sherman,"Hello Muddah, Hello Fadduh!",1963,us,offline_sidecar_no_unique_track_match,0,apple_song_search_no_auto_match,false
graph_song:song|allman brothers band|one way out:offline_sidecar_no_unique_track_match,apple_music_offline_reconciliation_pass_v1,song|allman brothers band|one way out,graph_song,song,The Allman Brothers Band,One Way Out,1972,us,offline_sidecar_no_unique_track_match,0,apple_song_search_needs_review_version_risk,false
graph_song:song|allman brothers band|statesboro blues:offline_sidecar_no_unique_track_match,apple_music_offline_reconciliation_pass_v1,song|allman brothers band|statesboro blues,graph_song,song,The Allman Brothers Band,Statesboro Blues,1971,us,offline_sidecar_no_unique_track_match,0,apple_song_search_needs_review_version_risk,false
graph_song:song|aly us|follow me:offline_sidecar_no_unique_track_match,apple_music_offline_reconciliation_pass_v1,song|aly us|follow me,graph_song,song,Aly-Us,Follow Me,1992,us,offline_sidecar_no_unique_track_match,0,apple_song_search_no_auto_match,false
graph_song:song|ana barbara|lo busque:offline_sidecar_no_unique_track_match,apple_music_offline_reconciliation_pass_v1,song|ana barbara|lo busque,graph_song,song,Ana Barbara,Lo Busque,2004,us,offline_sidecar_no_unique_track_match,0,apple_song_search_no_auto_match,false
graph_song:song|andrea bocelli and sarah brightman|time to say goodbye:offline_sidecar_no_unique_track_match,apple_music_offline_reconciliation_pass_v1,song|andrea bocelli and sarah brightman|time to say goodbye,graph_song,song,Andrea Bocelli and Sarah Brightman,Time to Say Goodbye,1996,us,offline_sidecar_no_unique_track_match,0,apple_song_search_no_auto_match,false
graph_song:song|angels|my boyfriend s back:offline_sidecar_no_unique_track_match,apple_music_offline_reconciliation_pass_v1,song|angels|my boyfriend s back,graph_song,song,The Angels,My Boyfriend's Back,1963,us,offline_sidecar_no_unique_track_match,0,apple_song_search_no_auto_match,false
graph_song:song|anne murray|could i have this dance:offline_sidecar_no_unique_track_match,apple_music_offline_reconciliation_pass_v1,song|anne murray|could i have this dance,graph_song,song,Anne Murray,Could I Have This Dance,1980,us,offline_sidecar_no_unique_track_match,0,apple_song_search_no_auto_match,false
graph_song:song|anoushka shankar|land of gold:offline_sidecar_no_unique_track_match,apple_music_offline_reconciliation_pass_v1,song|anoushka shankar|land of gold,graph_song,song,Anoushka Shankar,Land of Gold,2016,us,offline_sidecar_no_unique_track_match,0,apple_song_search_no_auto_match,false
graph_song:song|anthony gonzalez and gael garcia bernal|un poco loco:offline_sidecar_no_unique_track_match,apple_music_offline_reconciliation_pass_v1,song|anthony gonzalez and gael garcia bernal|un poco loco,graph_song,song,Anthony Gonzalez and Gael Garcia Bernal,Un Poco Loco,2017,us,offline_sidecar_no_unique_track_match,0,apple_song_search_needs_review_version_risk,false
graph_song:song|antonio aguilar|triste recuerdo:offline_sidecar_no_unique_track_match,apple_music_offline_reconciliation_pass_v1,song|antonio aguilar|triste recuerdo,graph_song,song,Antonio Aguilar,Triste Recuerdo,1985,us,offline_sidecar_no_unique_track_match,0,apple_song_search_needs_review_version_risk,false
graph_song:song|antonio aguilar|tristes recuerdos:offline_sidecar_no_unique_track_match,apple_music_offline_reconciliation_pass_v1,song|antonio aguilar|tristes recuerdos,graph_song,song,Antonio Aguilar,Tristes Recuerdos,1973,us,offline_sidecar_no_unique_track_match,0,apple_song_search_no_auto_match,false
graph_song:song|anuel aa daddy yankee karol g ozuna and j balvin|china:offline_sidecar_no_unique_track_match,apple_music_offline_reconciliation_pass_v1,song|anuel aa daddy yankee karol g ozuna and j balvin|china,graph_song,song,"Anuel AA, Daddy Yankee, Karol G, Ozuna and J Balvin",China,2019,us,offline_sidecar_no_unique_track_match,0,apple_song_search_no_auto_match,false
graph_song:song|aphex twin|alberto balsalm:offline_sidecar_no_unique_track_match,apple_music_offline_reconciliation_pass_v1,song|aphex twin|alberto balsalm,graph_song,song,Aphex Twin,Alberto Balsalm,1995,us,offline_sidecar_no_unique_track_match,0,apple_song_search_no_auto_match,false
graph_song:song|aphex twin|come to daddy:offline_sidecar_no_unique_track_match,apple_music_offline_reconciliation_pass_v1,song|aphex twin|come to daddy,graph_song,song,Aphex Twin,Come to Daddy,1997,us,offline_sidecar_no_unique_track_match,0,apple_song_search_needs_review_version_risk,false
graph_song:song|aphex twin|girl boy song:offline_sidecar_no_unique_track_match,apple_music_offline_reconciliation_pass_v1,song|aphex twin|girl boy song,graph_song,song,Aphex Twin,Girl/Boy Song,1996,us,offline_sidecar_no_unique_track_match,0,apple_song_search_no_auto_match,false
graph_song:song|apples in stereo|ruby:offline_sidecar_no_unique_track_match,apple_music_offline_reconciliation_pass_v1,song|apples in stereo|ruby,graph_song,song,The Apples in Stereo,Ruby,1995,us,offline_sidecar_no_unique_track_match,0,apple_song_search_no_auto_match,false
graph_song:song|aretha franklin|a natural woman you make me feel like:offline_sidecar_no_unique_track_match,apple_music_offline_reconciliation_pass_v1,song|aretha franklin|a natural woman you make me feel like,graph_song,song,Aretha Franklin,A Natural Woman (You Make Me Feel Like),1967,us,offline_sidecar_no_unique_track_match,0,apple_song_search_no_auto_match,false
graph_song:song|ariana grande|break free:offline_sidecar_no_unique_track_match,apple_music_offline_reconciliation_pass_v1,song|ariana grande|break free,graph_song,song,Ariana Grande,Break Free,2014,us,offline_sidecar_no_unique_track_match,0,apple_song_search_no_auto_match,false
graph_song:song|ariana grande|problem:offline_sidecar_no_unique_track_match,apple_music_offline_reconciliation_pass_v1,song|ariana grande|problem,graph_song,song,Ariana Grande,Problem,2014,us,offline_sidecar_no_unique_track_match,0,apple_song_search_no_auto_match,false
graph_song:song|ariana grande|side to side:offline_sidecar_no_unique_track_match,apple_music_offline_reconciliation_pass_v1,song|ariana grande|side to side,graph_song,song,Ariana Grande,Side to Side,2016,us,offline_sidecar_no_unique_track_match,0,apple_song_search_no_auto_match,false
graph_song:song|armand hammer feat earl sweatshirt|falling out the sky:offline_sidecar_no_unique_track_match,apple_music_offline_reconciliation_pass_v1,song|armand hammer feat earl sweatshirt|falling out the sky,graph_song,song,Armand Hammer feat. Earl Sweatshirt,Falling Out the Sky,2021,us,offline_sidecar_no_unique_track_match,0,apple_song_search_needs_review_version_risk,false
graph_song:song|armand van helden featuring duane harden|you don t know me:offline_sidecar_no_unique_track_match,apple_music_offline_reconciliation_pass_v1,song|armand van helden featuring duane harden|you don t know me,graph_song,song,Armand Van Helden featuring Duane Harden,You Don't Know Me,1999,us,offline_sidecar_no_unique_track_match,0,apple_song_search_needs_review_version_risk,false
graph_song:song|articles of faith|what we want is free:offline_sidecar_no_unique_track_match,apple_music_offline_reconciliation_pass_v1,song|articles of faith|what we want is free,graph_song,song,Articles of Faith,What We Want Is Free,1981,us,offline_sidecar_no_unique_track_match,0,apple_song_search_no_auto_match,false
graph_song:song|aso|snacks:offline_sidecar_no_unique_track_match,apple_music_offline_reconciliation_pass_v1,song|aso|snacks,graph_song,song,Aso,Snacks,2016,us,offline_sidecar_no_unique_track_match,0,apple_song_search_no_auto_match,false
graph_song:song|axwell and ingrosso|more than you know:offline_sidecar_no_unique_track_match,apple_music_offline_reconciliation_pass_v1,song|axwell and ingrosso|more than you know,graph_song,song,Axwell & Ingrosso,More Than You Know,2017,us,offline_sidecar_no_unique_track_match,0,apple_song_search_no_auto_match,false
graph_song:song|b 52s|love shack:offline_sidecar_no_unique_track_match,apple_music_offline_reconciliation_pass_v1,song|b 52s|love shack,graph_song,song,The B-52s,Love Shack,1989,us,offline_sidecar_no_unique_track_match,0,apple_song_search_no_auto_match,false
graph_song:song|b 52s|planet claire:offline_sidecar_no_unique_track_match,apple_music_offline_reconciliation_pass_v1,song|b 52s|planet claire,graph_song,song,The B-52s,Planet Claire,1979,us,offline_sidecar_no_unique_track_match,0,apple_song_search_no_auto_match,false
graph_song:song|b 52s|private idaho:offline_sidecar_no_unique_track_match,apple_music_offline_reconciliation_pass_v1,song|b 52s|private idaho,graph_song,song,The B-52s,Private Idaho,1980,us,offline_sidecar_no_unique_track_match,0,apple_song_search_no_auto_match,false
graph_song:song|b o b feat hayley williams|airplanes:offline_sidecar_no_unique_track_match,apple_music_offline_reconciliation_pass_v1,song|b o b feat hayley williams|airplanes,graph_song,song,B.o.B feat. Hayley Williams,Airplanes,2010,us,offline_sidecar_no_unique_track_match,0,apple_song_search_needs_review_version_risk,false
graph_song:song|babatunde olatunji|jin go lo ba:offline_sidecar_no_unique_track_match,apple_music_offline_reconciliation_pass_v1,song|babatunde olatunji|jin go lo ba,graph_song,song,Babatunde Olatunji,Jin-Go-Lo-Ba,1959,us,offline_sidecar_no_unique_track_match,0,apple_song_search_needs_review_version_risk,false
graph_song:song|babe rainbow|something:offline_sidecar_no_unique_track_match,apple_music_offline_reconciliation_pass_v1,song|babe rainbow|something,graph_song,song,Babe Rainbow,Something,2017,us,offline_sidecar_no_unique_track_match,0,apple_song_search_no_auto_match,false
graph_song:song|backstreet boys|everybody backstreet s back:offline_sidecar_no_unique_track_match,apple_music_offline_reconciliation_pass_v1,song|backstreet boys|everybody backstreet s back,graph_song,song,Backstreet Boys,Everybody (Backstreet's Back),1997,us,offline_sidecar_no_unique_track_match,0,apple_song_search_needs_review_version_risk,false
graph_song:song|bad brains|i against i:offline_sidecar_no_unique_track_match,apple_music_offline_reconciliation_pass_v1,song|bad brains|i against i,graph_song,song,Bad Brains,I Against I,1986,us,offline_sidecar_no_unique_track_match,0,apple_song_search_no_auto_match,false
graph_song:song|bad brains|pay to cum:offline_sidecar_no_unique_track_match,apple_music_offline_reconciliation_pass_v1,song|bad brains|pay to cum,graph_song,song,Bad Brains,Pay to Cum,1980,us,offline_sidecar_no_unique_track_match,0,apple_song_search_needs_review_version_risk,false
graph_song:song|bad bunny and jhay cortez|dakiti:offline_sidecar_no_unique_track_match,apple_music_offline_reconciliation_pass_v1,song|bad bunny and jhay cortez|dakiti,graph_song,song,Bad Bunny and Jhay Cortez,Dakiti,2020,us,offline_sidecar_no_unique_track_match,0,apple_song_search_no_auto_match,false
graph_song:song|bad bunny featuring drake|mia:offline_sidecar_no_unique_track_match,apple_music_offline_reconciliation_pass_v1,song|bad bunny featuring drake|mia,graph_song,song,Bad Bunny featuring Drake,MIA,2018,us,offline_sidecar_no_unique_track_match,0,apple_song_search_no_auto_match,false
graph_song:song|balloon farm|a question of temperature:offline_sidecar_no_unique_track_match,apple_music_offline_reconciliation_pass_v1,song|balloon farm|a question of temperature,graph_song,song,The Balloon Farm,A Question of Temperature,1967,us,offline_sidecar_no_unique_track_match,0,apple_song_search_no_auto_match,false
graph_song:song|band of horses|funeral:offline_sidecar_no_unique_track_match,apple_music_offline_reconciliation_pass_v1,song|band of horses|funeral,graph_song,song,Band of Horses,The Funeral,2006,us,offline_sidecar_no_unique_track_match,0,apple_song_search_no_auto_match,false
graph_song:song|banda el recodo|y llegaste tu:offline_sidecar_no_unique_track_match,apple_music_offline_reconciliation_pass_v1,song|banda el recodo|y llegaste tu,graph_song,song,Banda El Recodo,Y Llegaste Tu,1997,us,offline_sidecar_no_unique_track_match,0,apple_song_search_no_auto_match,false
graph_song:song|barbara tucker|beautiful people:offline_sidecar_no_unique_track_match,apple_music_offline_reconciliation_pass_v1,song|barbara tucker|beautiful people,graph_song,song,Barbara Tucker,Beautiful People,1994,us,offline_sidecar_no_unique_track_match,0,apple_song_search_no_auto_match,false
graph_song:song|barbarians|moulty:offline_sidecar_no_unique_track_match,apple_music_offline_reconciliation_pass_v1,song|barbarians|moulty,graph_song,song,The Barbarians,Moulty,1966,us,offline_sidecar_no_unique_track_match,0,apple_song_search_no_auto_match,false
graph_song:song|basic channel|phylyps trak ii:offline_sidecar_no_unique_track_match,apple_music_offline_reconciliation_pass_v1,song|basic channel|phylyps trak ii,graph_song,song,Basic Channel,Phylyps Trak II,1994,us,offline_sidecar_no_unique_track_match,0,apple_song_search_no_auto_match,false
graph_song:song|basic channel|quadrant dub:offline_sidecar_no_unique_track_match,apple_music_offline_reconciliation_pass_v1,song|basic channel|quadrant dub,graph_song,song,Basic Channel,Quadrant Dub,1994,us,offline_sidecar_no_unique_track_match,0,apple_song_search_no_auto_match,false
graph_song:song|bauhaus|bela lugosi s dead:offline_sidecar_no_unique_track_match,apple_music_offline_reconciliation_pass_v1,song|bauhaus|bela lugosi s dead,graph_song,song,Bauhaus,Bela Lugosi's Dead,1979,us,offline_sidecar_no_unique_track_match,0,apple_song_search_no_auto_match,false
graph_song:song|beach boys|little deuce coupe:offline_sidecar_ambiguous_track_match,apple_music_offline_reconciliation_pass_v1,song|beach boys|little deuce coupe,graph_song,song,The Beach Boys,Little Deuce Coupe,1963,us,offline_sidecar_ambiguous_track_match,2,sidecar_track_artist_title_year_ambiguous,false
graph_song:song|beat|rock n roll girl:offline_sidecar_no_unique_track_match,apple_music_offline_reconciliation_pass_v1,song|beat|rock n roll girl,graph_song,song,The Beat,Rock N Roll Girl,1979,us,offline_sidecar_no_unique_track_match,0,apple_song_search_no_auto_match,false
graph_song:song|bee gees|night fever:offline_sidecar_no_unique_track_match,apple_music_offline_reconciliation_pass_v1,song|bee gees|night fever,graph_song,song,Bee Gees,Night Fever,1978,us,offline_sidecar_no_unique_track_match,0,apple_song_search_needs_review_version_risk,false
graph_song:song|ben e king|don t play that song:offline_sidecar_no_unique_track_match,apple_music_offline_reconciliation_pass_v1,song|ben e king|don t play that song,graph_song,song,Ben E. King,Don't Play That Song,1962,us,offline_sidecar_no_unique_track_match,0,apple_song_search_no_auto_match,false
graph_song:song|benjamin bratt|remember me:offline_sidecar_no_unique_track_match,apple_music_offline_reconciliation_pass_v1,song|benjamin bratt|remember me,graph_song,song,Benjamin Bratt,Remember Me,2017,us,offline_sidecar_no_unique_track_match,0,apple_song_search_no_auto_match,false
graph_song:song|benny bell|shaving cream:offline_sidecar_no_unique_track_match,apple_music_offline_reconciliation_pass_v1,song|benny bell|shaving cream,graph_song,song,Benny Bell,Shaving Cream,1946,us,offline_sidecar_no_unique_track_match,0,apple_song_search_needs_review_version_risk,false
graph_song:song|bernard herrmann|prelude from psycho:offline_sidecar_no_unique_track_match,apple_music_offline_reconciliation_pass_v1,song|bernard herrmann|prelude from psycho,graph_song,song,Bernard Herrmann,Prelude from Psycho,1960,us,offline_sidecar_no_unique_track_match,0,apple_song_search_needs_review_version_risk,false
graph_song:song|beyonce saint jhn and wizkid featuring blue ivy carter|brown skin girl:offline_sidecar_no_unique_track_match,apple_music_offline_reconciliation_pass_v1,song|beyonce saint jhn and wizkid featuring blue ivy carter|brown skin girl,graph_song,song,"Beyonce, Saint Jhn and Wizkid featuring Blue Ivy Carter",Brown Skin Girl,2019,us,offline_sidecar_no_unique_track_match,0,apple_song_search_no_auto_match,false
graph_song:song|beyonce|check on it:offline_sidecar_no_unique_track_match,apple_music_offline_reconciliation_pass_v1,song|beyonce|check on it,graph_song,song,Beyonce,Check on It,2005,us,offline_sidecar_no_unique_track_match,0,apple_song_search_no_auto_match,false
graph_song:song|beyonce|crazy in love:offline_sidecar_no_unique_track_match,apple_music_offline_reconciliation_pass_v1,song|beyonce|crazy in love,graph_song,song,Beyonce,Crazy in Love,2003,us,offline_sidecar_no_unique_track_match,0,apple_song_search_no_auto_match,false
graph_song:song|big l|ebonics:offline_sidecar_no_unique_track_match,apple_music_offline_reconciliation_pass_v1,song|big l|ebonics,graph_song,song,Big L,Ebonics,1998,us,offline_sidecar_no_unique_track_match,0,apple_song_search_needs_review_version_risk,false
graph_song:song|big pun feat fat joe|twinz deep cover 98:offline_sidecar_no_unique_track_match,apple_music_offline_reconciliation_pass_v1,song|big pun feat fat joe|twinz deep cover 98,graph_song,song,Big Pun feat. Fat Joe,Twinz (Deep Cover 98),1998,us,offline_sidecar_no_unique_track_match,0,apple_song_search_needs_review_version_risk,false
graph_song:song|bill conti|gonna fly now:offline_sidecar_no_unique_track_match,apple_music_offline_reconciliation_pass_v1,song|bill conti|gonna fly now,graph_song,song,Bill Conti,Gonna Fly Now,1976,us,offline_sidecar_no_unique_track_match,0,apple_song_search_needs_review_version_risk,false
graph_song:song|bill haley and his comets|rock around the clock:offline_sidecar_no_unique_track_match,apple_music_offline_reconciliation_pass_v1,song|bill haley and his comets|rock around the clock,graph_song,song,Bill Haley & His Comets,Rock Around the Clock,1954,us,offline_sidecar_no_unique_track_match,0,apple_song_search_no_auto_match,false
graph_song:song|billy joe shaver|georgia on a fast train:offline_sidecar_no_unique_track_match,apple_music_offline_reconciliation_pass_v1,song|billy joe shaver|georgia on a fast train,graph_song,song,Billy Joe Shaver,Georgia on a Fast Train,1973,us,offline_sidecar_no_unique_track_match,0,apple_song_search_no_auto_match,false
graph_song:song|billy joe shaver|honky tonk heroes:offline_sidecar_no_unique_track_match,apple_music_offline_reconciliation_pass_v1,song|billy joe shaver|honky tonk heroes,graph_song,song,Billy Joe Shaver,Honky Tonk Heroes,1973,us,offline_sidecar_no_unique_track_match,0,apple_song_search_no_auto_match,false
graph_song:song|bing crosby and carol richards|silver bells:offline_sidecar_no_unique_track_match,apple_music_offline_reconciliation_pass_v1,song|bing crosby and carol richards|silver bells,graph_song,song,Bing Crosby and Carol Richards,Silver Bells,1950,us,offline_sidecar_no_unique_track_match,0,apple_song_search_needs_review_version_risk,false
graph_song:song|bing crosby and the andrews sisters|ac cent tchu ate the positive:offline_sidecar_no_unique_track_match,apple_music_offline_reconciliation_pass_v1,song|bing crosby and the andrews sisters|ac cent tchu ate the positive,graph_song,song,Bing Crosby and The Andrews Sisters,Ac-Cent-Tchu-Ate the Positive,1944,us,offline_sidecar_no_unique_track_match,0,apple_song_search_needs_review_version_risk,false
graph_song:song|bing crosby and the andrews sisters|mele kalikimaka:offline_sidecar_no_unique_track_match,apple_music_offline_reconciliation_pass_v1,song|bing crosby and the andrews sisters|mele kalikimaka,graph_song,song,Bing Crosby and The Andrews Sisters,Mele Kalikimaka,1950,us,offline_sidecar_no_unique_track_match,0,apple_song_search_no_auto_match,false
graph_song:song|black coffee and david guetta featuring delilah montagu|drive:offline_sidecar_no_unique_track_match,apple_music_offline_reconciliation_pass_v1,song|black coffee and david guetta featuring delilah montagu|drive,graph_song,song,Black Coffee and David Guetta featuring Delilah Montagu,Drive,2018,us,offline_sidecar_no_unique_track_match,0,apple_song_search_no_auto_match,false
graph_song:song|black dog|virtual:offline_sidecar_no_unique_track_match,apple_music_offline_reconciliation_pass_v1,song|black dog|virtual,graph_song,song,The Black Dog,Virtual,1990,us,offline_sidecar_no_unique_track_match,0,apple_song_search_needs_review_version_risk,false
graph_song:song|black star feat common|respiration flying high remix:offline_sidecar_no_unique_track_match,apple_music_offline_reconciliation_pass_v1,song|black star feat common|respiration flying high remix,graph_song,song,Black Star feat. Common,Respiration (Flying High Remix),1999,us,offline_sidecar_no_unique_track_match,0,apple_song_search_needs_review_version_risk,false
graph_song:song|blackstreet feat dr dre|no diggity:offline_sidecar_no_unique_track_match,apple_music_offline_reconciliation_pass_v1,song|blackstreet feat dr dre|no diggity,graph_song,song,Blackstreet feat. Dr. Dre,No Diggity,1996,us,offline_sidecar_no_unique_track_match,0,apple_song_search_no_auto_match,false
graph_song:song|bob james|angela:offline_sidecar_no_unique_track_match,apple_music_offline_reconciliation_pass_v1,song|bob james|angela,graph_song,song,Bob James,Angela,1978,us,offline_sidecar_no_unique_track_match,0,apple_song_search_needs_review_version_risk,false
graph_song:song|bob wills and his texas playboys|new san antonio rose:offline_sidecar_no_unique_track_match,apple_music_offline_reconciliation_pass_v1,song|bob wills and his texas playboys|new san antonio rose,graph_song,song,Bob Wills and His Texas Playboys,New San Antonio Rose,1940,us,offline_sidecar_no_unique_track_match,0,apple_song_search_needs_review_version_risk,false
graph_song:song|bobby shmurda|hot n:offline_sidecar_no_unique_track_match,apple_music_offline_reconciliation_pass_v1,song|bobby shmurda|hot n,graph_song,song,Bobby Shmurda,Hot N****,2014,us,offline_sidecar_no_unique_track_match,0,apple_song_search_needs_review_version_risk,false
graph_song:song|body count|cop killer:offline_sidecar_no_unique_track_match,apple_music_offline_reconciliation_pass_v1,song|body count|cop killer,graph_song,song,Body Count,Cop Killer,1992,us,offline_sidecar_no_unique_track_match,0,apple_song_search_needs_review_version_risk,false
graph_song:song|bone crusher feat killer mike and t i|never scared:offline_sidecar_no_unique_track_match,apple_music_offline_reconciliation_pass_v1,song|bone crusher feat killer mike and t i|never scared,graph_song,song,Bone Crusher feat. Killer Mike and T.I.,Never Scared,2003,us,offline_sidecar_no_unique_track_match,0,apple_song_search_needs_review_version_risk,false
graph_song:song|bonobo featuring andreya triana|eyesdown:offline_sidecar_no_unique_track_match,apple_music_offline_reconciliation_pass_v1,song|bonobo featuring andreya triana|eyesdown,graph_song,song,Bonobo featuring Andreya Triana,Eyesdown,2010,us,offline_sidecar_no_unique_track_match,0,apple_song_search_no_auto_match,false
graph_song:song|brian culbertson|on my mind:offline_sidecar_no_unique_track_match,apple_music_offline_reconciliation_pass_v1,song|brian culbertson|on my mind,graph_song,song,Brian Culbertson,On My Mind,2001,us,offline_sidecar_no_unique_track_match,0,apple_song_search_no_auto_match,false
graph_song:song|brian hyland|itsy bitsy teenie weenie yellow polkadot bikini:offline_sidecar_no_unique_track_match,apple_music_offline_reconciliation_pass_v1,song|brian hyland|itsy bitsy teenie weenie yellow polkadot bikini,graph_song,song,Brian Hyland,Itsy Bitsy Teenie Weenie Yellow Polkadot Bikini,1960,us,offline_sidecar_no_unique_track_match,0,apple_song_search_no_auto_match,false
graph_song:song|brogues|i ain t no miracle worker:offline_sidecar_no_unique_track_match,apple_music_offline_reconciliation_pass_v1,song|brogues|i ain t no miracle worker,graph_song,song,The Brogues,I Ain't No Miracle Worker,1965,us,offline_sidecar_no_unique_track_match,0,apple_song_search_no_auto_match,false
graph_song:song|bruce and terry|summer means fun:offline_sidecar_no_unique_track_match,apple_music_offline_reconciliation_pass_v1,song|bruce and terry|summer means fun,graph_song,song,Bruce and Terry,Summer Means Fun,1964,us,offline_sidecar_no_unique_track_match,0,apple_song_search_no_auto_match,false
graph_song:song|bsd u|lighter:offline_sidecar_no_unique_track_match,apple_music_offline_reconciliation_pass_v1,song|bsd u|lighter,graph_song,song,bsd.u,Lighter,2015,us,offline_sidecar_no_unique_track_match,0,apple_song_search_no_auto_match,false
graph_song:song|bsd u|peach:offline_sidecar_no_unique_track_match,apple_music_offline_reconciliation_pass_v1,song|bsd u|peach,graph_song,song,bsd.u,peach,2014,us,offline_sidecar_no_unique_track_match,0,apple_song_search_no_auto_match,false
graph_song:song|bts featuring halsey|boy with luv:offline_sidecar_no_unique_track_match,apple_music_offline_reconciliation_pass_v1,song|bts featuring halsey|boy with luv,graph_song,song,BTS featuring Halsey,Boy With Luv,2019,us,offline_sidecar_no_unique_track_match,0,apple_song_search_no_auto_match,false
graph_song:song|buckwheat boyz|peanut butter jelly time:offline_sidecar_no_unique_track_match,apple_music_offline_reconciliation_pass_v1,song|buckwheat boyz|peanut butter jelly time,graph_song,song,Buckwheat Boyz,Peanut Butter Jelly Time,2002,us,offline_sidecar_no_unique_track_match,0,apple_song_search_no_auto_match,false
graph_song:song|budgie|crash course in brain surgery:offline_sidecar_no_unique_track_match,apple_music_offline_reconciliation_pass_v1,song|budgie|crash course in brain surgery,graph_song,song,Budgie,Crash Course in Brain Surgery,1971,us,offline_sidecar_no_unique_track_match,0,apple_song_search_no_auto_match,false
graph_song:song|burna boy featuring ed sheeran|for my hand:offline_sidecar_no_unique_track_match,apple_music_offline_reconciliation_pass_v1,song|burna boy featuring ed sheeran|for my hand,graph_song,song,Burna Boy featuring Ed Sheeran,For My Hand,2022,us,offline_sidecar_no_unique_track_match,0,apple_song_search_no_auto_match,false
graph_song:song|bush tetras|cant be funky:offline_sidecar_no_unique_track_match,apple_music_offline_reconciliation_pass_v1,song|bush tetras|cant be funky,graph_song,song,Bush Tetras,Cant Be Funky,1981,us,offline_sidecar_no_unique_track_match,0,apple_song_search_no_auto_match,false
graph_song:song|buzzcocks|ever fallen in love:offline_sidecar_no_unique_track_match,apple_music_offline_reconciliation_pass_v1,song|buzzcocks|ever fallen in love,graph_song,song,Buzzcocks,Ever Fallen in Love,1978,us,offline_sidecar_no_unique_track_match,0,apple_song_search_no_auto_match,false
graph_song:song|byrds|lady friend:offline_sidecar_no_unique_track_match,apple_music_offline_reconciliation_pass_v1,song|byrds|lady friend,graph_song,song,The Byrds,Lady Friend,1967,us,offline_sidecar_no_unique_track_match,0,apple_song_search_no_auto_match,false
graph_song:song|byrds|she don t care about time:offline_sidecar_no_unique_track_match,apple_music_offline_reconciliation_pass_v1,song|byrds|she don t care about time,graph_song,song,The Byrds,She Don't Care About Time,1965,us,offline_sidecar_no_unique_track_match,0,apple_song_search_no_auto_match,false
graph_song:song|cadillacs|gloria:offline_sidecar_no_unique_track_match,apple_music_offline_reconciliation_pass_v1,song|cadillacs|gloria,graph_song,song,The Cadillacs,Gloria,1954,us,offline_sidecar_no_unique_track_match,0,apple_song_search_no_auto_match,false
graph_song:song|cadillacs|speedoo:offline_sidecar_no_unique_track_match,apple_music_offline_reconciliation_pass_v1,song|cadillacs|speedoo,graph_song,song,The Cadillacs,Speedoo,1955,us,offline_sidecar_no_unique_track_match,0,apple_song_search_no_auto_match,false
graph_song:song|cajmere featuring dajae|brighter days:offline_sidecar_no_unique_track_match,apple_music_offline_reconciliation_pass_v1,song|cajmere featuring dajae|brighter days,graph_song,song,Cajmere featuring Dajae,Brighter Days,1992,us,offline_sidecar_no_unique_track_match,0,apple_song_search_no_auto_match,false
graph_song:song|cajmere|percolator:offline_sidecar_no_unique_track_match,apple_music_offline_reconciliation_pass_v1,song|cajmere|percolator,graph_song,song,Cajmere,Percolator,1992,us,offline_sidecar_no_unique_track_match,0,apple_song_search_no_auto_match,false
graph_song:song|calvin harris featuring rihanna|this is what you came for:offline_sidecar_no_unique_track_match,apple_music_offline_reconciliation_pass_v1,song|calvin harris featuring rihanna|this is what you came for,graph_song,song,Calvin Harris featuring Rihanna,This Is What You Came For,2016,us,offline_sidecar_no_unique_track_match,0,apple_song_search_no_auto_match,false
graph_song:song|calvin harris|feel so close:offline_sidecar_no_unique_track_match,apple_music_offline_reconciliation_pass_v1,song|calvin harris|feel so close,graph_song,song,Calvin Harris,Feel So Close,2011,us,offline_sidecar_no_unique_track_match,0,apple_song_search_no_auto_match,false
graph_song:song|camila cabello featuring young thug|havana:offline_sidecar_no_unique_track_match,apple_music_offline_reconciliation_pass_v1,song|camila cabello featuring young thug|havana,graph_song,song,Camila Cabello featuring Young Thug,Havana,2017,us,offline_sidecar_no_unique_track_match,0,apple_song_search_needs_review_version_risk,false
graph_song:song|cannonball adderley|mercy mercy mercy:offline_sidecar_no_unique_track_match,apple_music_offline_reconciliation_pass_v1,song|cannonball adderley|mercy mercy mercy,graph_song,song,Cannonball Adderley,"Mercy, Mercy, Mercy",1966,us,offline_sidecar_no_unique_track_match,0,apple_song_search_needs_review_version_risk,false
graph_song:song|captain beefheart and his magic band|moonlight on vermont:offline_sidecar_no_unique_track_match,apple_music_offline_reconciliation_pass_v1,song|captain beefheart and his magic band|moonlight on vermont,graph_song,song,Captain Beefheart & His Magic Band,Moonlight on Vermont,1969,us,offline_sidecar_no_unique_track_match,0,apple_song_search_no_auto_match,false
graph_song:song|cardi b feat megan thee stallion|wap:offline_sidecar_no_unique_track_match,apple_music_offline_reconciliation_pass_v1,song|cardi b feat megan thee stallion|wap,graph_song,song,Cardi B feat. Megan Thee Stallion,WAP,2020,us,offline_sidecar_no_unique_track_match,0,apple_song_search_needs_review_version_risk,false
graph_song:song|carole king|it might as well rain until september:offline_sidecar_no_unique_track_match,apple_music_offline_reconciliation_pass_v1,song|carole king|it might as well rain until september,graph_song,song,Carole King,It Might as Well Rain Until September,1962,us,offline_sidecar_no_unique_track_match,0,apple_song_search_no_auto_match,false
graph_song:song|carolina gaitan mauro castillo adassa rhenzy feliz diane guerrero stephanie beatriz and encanto cast|we don t talk about bruno:offline_sidecar_no_unique_track_match,apple_music_offline_reconciliation_pass_v1,song|carolina gaitan mauro castillo adassa rhenzy feliz diane guerrero stephanie beatriz and encanto cast|we don t talk about bruno,graph_song,song,"Carolina Gaitan, Mauro Castillo, Adassa, Rhenzy Feliz, Diane Guerrero, Stephanie Beatriz and Encanto Cast",We Don't Talk About Bruno,2021,us,offline_sidecar_no_unique_track_match,0,apple_song_search_no_auto_match,false
graph_song:song|carpenters|merry christmas darling:offline_sidecar_no_unique_track_match,apple_music_offline_reconciliation_pass_v1,song|carpenters|merry christmas darling,graph_song,song,The Carpenters,Merry Christmas Darling,1970,us,offline_sidecar_no_unique_track_match,0,apple_song_search_no_auto_match,false
graph_song:song|cars|lets go:offline_sidecar_no_unique_track_match,apple_music_offline_reconciliation_pass_v1,song|cars|lets go,graph_song,song,The Cars,Lets Go,1979,us,offline_sidecar_no_unique_track_match,0,apple_song_search_no_auto_match,false
graph_song:song|cars|my best friends girl:offline_sidecar_no_unique_track_match,apple_music_offline_reconciliation_pass_v1,song|cars|my best friends girl,graph_song,song,The Cars,My Best Friends Girl,1978,us,offline_sidecar_no_unique_track_match,0,apple_song_search_no_auto_match,false
graph_song:song|castaways|liar liar:offline_sidecar_no_unique_track_match,apple_music_offline_reconciliation_pass_v1,song|castaways|liar liar,graph_song,song,The Castaways,"Liar, Liar",1965,us,offline_sidecar_no_unique_track_match,0,apple_song_search_no_auto_match,false
graph_song:song|cathedral|hopkins the witchfinder general:offline_sidecar_no_unique_track_match,apple_music_offline_reconciliation_pass_v1,song|cathedral|hopkins the witchfinder general,graph_song,song,Cathedral,Hopkins (The Witchfinder General),1991,us,offline_sidecar_no_unique_track_match,0,apple_song_search_no_auto_match,false
graph_song:song|ceelo green|closet freak:offline_sidecar_no_unique_track_match,apple_music_offline_reconciliation_pass_v1,song|ceelo green|closet freak,graph_song,song,CeeLo Green,Closet Freak,2002,us,offline_sidecar_no_unique_track_match,0,apple_song_search_no_auto_match,false
graph_song:song|cesaria evora|carnaval de sao vicente:offline_sidecar_no_unique_track_match,apple_music_offline_reconciliation_pass_v1,song|cesaria evora|carnaval de sao vicente,graph_song,song,Cesaria Evora,Carnaval de Sao Vicente,1999,us,offline_sidecar_no_unique_track_match,0,apple_song_search_no_auto_match,false
graph_song:song|chainsmokers featuring daya|don t let me down:offline_sidecar_no_unique_track_match,apple_music_offline_reconciliation_pass_v1,song|chainsmokers featuring daya|don t let me down,graph_song,song,The Chainsmokers featuring Daya,Don't Let Me Down,2016,us,offline_sidecar_no_unique_track_match,0,apple_song_search_needs_review_version_risk,false
graph_song:song|chainsmokers featuring rozes|roses:offline_sidecar_no_unique_track_match,apple_music_offline_reconciliation_pass_v1,song|chainsmokers featuring rozes|roses,graph_song,song,The Chainsmokers featuring Rozes,Roses,2015,us,offline_sidecar_no_unique_track_match,0,apple_song_search_needs_review_version_risk,false
graph_song:song|chamillionaire feat krayzie bone|ridin:offline_sidecar_no_unique_track_match,apple_music_offline_reconciliation_pass_v1,song|chamillionaire feat krayzie bone|ridin,graph_song,song,Chamillionaire feat. Krayzie Bone,Ridin',2005,us,offline_sidecar_no_unique_track_match,0,apple_song_search_no_auto_match,false
graph_song:song|channel one|technicolor:offline_sidecar_no_unique_track_match,apple_music_offline_reconciliation_pass_v1,song|channel one|technicolor,graph_song,song,Channel One,Technicolor,1986,us,offline_sidecar_no_unique_track_match,0,apple_song_search_no_auto_match,false
graph_song:song|charles penrose|laughing policeman:offline_sidecar_no_unique_track_match,apple_music_offline_reconciliation_pass_v1,song|charles penrose|laughing policeman,graph_song,song,Charles Penrose,The Laughing Policeman,1922,us,offline_sidecar_no_unique_track_match,0,apple_song_search_needs_review_version_risk,false
graph_song:song|charley crockett|i am not afraid:offline_sidecar_no_unique_track_match,apple_music_offline_reconciliation_pass_v1,song|charley crockett|i am not afraid,graph_song,song,Charley Crockett,I Am Not Afraid,2020,us,offline_sidecar_no_unique_track_match,0,apple_song_search_no_auto_match,false
graph_song:song|cher|after all:offline_sidecar_no_unique_track_match,apple_music_offline_reconciliation_pass_v1,song|cher|after all,graph_song,song,Cher,After All,1989,us,offline_sidecar_no_unique_track_match,0,apple_song_search_no_auto_match,false
graph_song:song|chez damier|can you feel it:offline_sidecar_no_unique_track_match,apple_music_offline_reconciliation_pass_v1,song|chez damier|can you feel it,graph_song,song,Chez Damier,Can You Feel It,1992,us,offline_sidecar_no_unique_track_match,0,apple_song_search_needs_review_version_risk,false
graph_song:song|chief keef feat lil reese|i don t like:offline_sidecar_no_unique_track_match,apple_music_offline_reconciliation_pass_v1,song|chief keef feat lil reese|i don t like,graph_song,song,Chief Keef feat. Lil Reese,I Don't Like,2012,us,offline_sidecar_no_unique_track_match,0,apple_song_search_needs_review_version_risk,false
graph_song:song|chocolate watchband|sweet young thing:offline_sidecar_no_unique_track_match,apple_music_offline_reconciliation_pass_v1,song|chocolate watchband|sweet young thing,graph_song,song,The Chocolate Watchband,Sweet Young Thing,1967,us,offline_sidecar_no_unique_track_match,0,apple_song_search_no_auto_match,false
graph_song:song|choir|it s cold outside:offline_sidecar_no_unique_track_match,apple_music_offline_reconciliation_pass_v1,song|choir|it s cold outside,graph_song,song,The Choir,It's Cold Outside,1966,us,offline_sidecar_no_unique_track_match,0,apple_song_search_no_auto_match,false
graph_song:song|christina aguilera lil kim mya and pink|lady marmalade:offline_sidecar_no_unique_track_match,apple_music_offline_reconciliation_pass_v1,song|christina aguilera lil kim mya and pink|lady marmalade,graph_song,song,"Christina Aguilera, Lil' Kim, Mya and Pink",Lady Marmalade,2001,us,offline_sidecar_no_unique_track_match,0,apple_song_search_needs_review_version_risk,false
graph_song:song|christina aguilera|come on over baby all i want is you:offline_sidecar_no_unique_track_match,apple_music_offline_reconciliation_pass_v1,song|christina aguilera|come on over baby all i want is you,graph_song,song,Christina Aguilera,Come On Over Baby (All I Want Is You),2000,us,offline_sidecar_no_unique_track_match,0,apple_song_search_needs_review_version_risk,false
graph_song:song|christina aguilera|dirrty:offline_sidecar_no_unique_track_match,apple_music_offline_reconciliation_pass_v1,song|christina aguilera|dirrty,graph_song,song,Christina Aguilera,Dirrty,2002,us,offline_sidecar_no_unique_track_match,0,apple_song_search_no_auto_match,false
graph_song:song|chuck berry|my ding a ling:offline_sidecar_no_unique_track_match,apple_music_offline_reconciliation_pass_v1,song|chuck berry|my ding a ling,graph_song,song,Chuck Berry,My Ding-a-Ling,1972,us,offline_sidecar_no_unique_track_match,0,apple_song_search_needs_review_version_risk,false
graph_song:song|chuck berry|school day:offline_sidecar_no_unique_track_match,apple_music_offline_reconciliation_pass_v1,song|chuck berry|school day,graph_song,song,Chuck Berry,School Day,1957,us,offline_sidecar_no_unique_track_match,0,apple_song_search_no_auto_match,false
graph_song:song|ckay|love nwantiti:offline_sidecar_no_unique_track_match,apple_music_offline_reconciliation_pass_v1,song|ckay|love nwantiti,graph_song,song,CKay,Love Nwantiti,2019,us,offline_sidecar_no_unique_track_match,0,apple_song_search_needs_review_version_risk,false
graph_song:song|clark sisters|you brought the sunshine:offline_sidecar_no_unique_track_match,apple_music_offline_reconciliation_pass_v1,song|clark sisters|you brought the sunshine,graph_song,song,The Clark Sisters,You Brought the Sunshine,1981,us,offline_sidecar_no_unique_track_match,0,apple_song_search_no_auto_match,false
graph_song:song|clean bandit featuring jess glynne|rather be:offline_sidecar_no_unique_track_match,apple_music_offline_reconciliation_pass_v1,song|clean bandit featuring jess glynne|rather be,graph_song,song,Clean Bandit featuring Jess Glynne,Rather Be,2014,us,offline_sidecar_no_unique_track_match,0,apple_song_search_needs_review_version_risk,false
graph_song:song|clean bandit featuring zara larsson|symphony:offline_sidecar_no_unique_track_match,apple_music_offline_reconciliation_pass_v1,song|clean bandit featuring zara larsson|symphony,graph_song,song,Clean Bandit featuring Zara Larsson,Symphony,2017,us,offline_sidecar_no_unique_track_match,0,apple_song_search_needs_review_version_risk,false
graph_song:song|clovers|love potion no 9:offline_sidecar_no_unique_track_match,apple_music_offline_reconciliation_pass_v1,song|clovers|love potion no 9,graph_song,song,The Clovers,Love Potion No. 9,1959,us,offline_sidecar_no_unique_track_match,0,apple_song_search_no_auto_match,false
graph_song:song|cockney rebel|judy teen:offline_sidecar_no_unique_track_match,apple_music_offline_reconciliation_pass_v1,song|cockney rebel|judy teen,graph_song,song,Cockney Rebel,Judy Teen,1974,us,offline_sidecar_no_unique_track_match,0,apple_song_search_no_auto_match,false
graph_song:song|cocteau twins|pearly dewdrops drops:offline_sidecar_no_unique_track_match,apple_music_offline_reconciliation_pass_v1,song|cocteau twins|pearly dewdrops drops,graph_song,song,Cocteau Twins,Pearly-Dewdrops Drops,1984,us,offline_sidecar_no_unique_track_match,0,apple_song_search_no_auto_match,false
graph_song:song|college featuring electric youth|a real hero:offline_sidecar_no_unique_track_match,apple_music_offline_reconciliation_pass_v1,song|college featuring electric youth|a real hero,graph_song,song,College featuring Electric Youth,A Real Hero,2010,us,offline_sidecar_no_unique_track_match,0,apple_song_search_needs_review_version_risk,false
graph_song:song|com truise|propagation:offline_sidecar_no_unique_track_match,apple_music_offline_reconciliation_pass_v1,song|com truise|propagation,graph_song,song,Com Truise,Propagation,2013,us,offline_sidecar_no_unique_track_match,0,apple_song_search_no_auto_match,false
graph_song:song|commander cody and his lost planet airmen|hot rod lincoln:offline_sidecar_no_unique_track_match,apple_music_offline_reconciliation_pass_v1,song|commander cody and his lost planet airmen|hot rod lincoln,graph_song,song,Commander Cody and His Lost Planet Airmen,Hot Rod Lincoln,1971,us,offline_sidecar_no_unique_track_match,0,apple_song_search_needs_review_version_risk,false
graph_song:song|commander cody and his lost planet airmen|seeds and stems again blues:offline_sidecar_no_unique_track_match,apple_music_offline_reconciliation_pass_v1,song|commander cody and his lost planet airmen|seeds and stems again blues,graph_song,song,Commander Cody and His Lost Planet Airmen,Seeds and Stems Again Blues,1971,us,offline_sidecar_no_unique_track_match,0,apple_song_search_no_auto_match,false
graph_song:song|comsat angels|independence day:offline_sidecar_no_unique_track_match,apple_music_offline_reconciliation_pass_v1,song|comsat angels|independence day,graph_song,song,The Comsat Angels,Independence Day,1980,us,offline_sidecar_no_unique_track_match,0,apple_song_search_no_results,false
graph_song:song|connie stevens|sixteen reasons:offline_sidecar_no_unique_track_match,apple_music_offline_reconciliation_pass_v1,song|connie stevens|sixteen reasons,graph_song,song,Connie Stevens,Sixteen Reasons,1960,us,offline_sidecar_no_unique_track_match,0,apple_song_search_no_auto_match,false
graph_song:song|cookies|don t say nothin bad:offline_sidecar_no_unique_track_match,apple_music_offline_reconciliation_pass_v1,song|cookies|don t say nothin bad,graph_song,song,The Cookies,Don't Say Nothin' Bad,1963,us,offline_sidecar_no_unique_track_match,0,apple_song_search_no_auto_match,false
graph_song:song|coolio feat l v|gangsta s paradise:offline_sidecar_no_unique_track_match,apple_music_offline_reconciliation_pass_v1,song|coolio feat l v|gangsta s paradise,graph_song,song,Coolio feat. L.V.,Gangsta's Paradise,1995,us,offline_sidecar_no_unique_track_match,0,apple_song_search_needs_review_version_risk,false
graph_song:song|coolio featuring l v|gangsta s paradise:offline_sidecar_no_unique_track_match,apple_music_offline_reconciliation_pass_v1,song|coolio featuring l v|gangsta s paradise,graph_song,song,Coolio featuring L.V.,Gangsta's Paradise,1995,us,offline_sidecar_no_unique_track_match,0,apple_song_search_needs_review_version_risk,false
graph_song:song|count basie|april in paris:offline_sidecar_no_unique_track_match,apple_music_offline_reconciliation_pass_v1,song|count basie|april in paris,graph_song,song,Count Basie,April in Paris,1955,us,offline_sidecar_no_unique_track_match,0,apple_song_search_needs_review_version_risk,false
graph_song:song|crazy frog|axel f:offline_sidecar_no_unique_track_match,apple_music_offline_reconciliation_pass_v1,song|crazy frog|axel f,graph_song,song,Crazy Frog,Axel F,2005,us,offline_sidecar_no_unique_track_match,0,apple_song_search_needs_review_version_risk,false
graph_song:song|crests|step by step:offline_sidecar_no_unique_track_match,apple_music_offline_reconciliation_pass_v1,song|crests|step by step,graph_song,song,The Crests,Step by Step,1960,us,offline_sidecar_no_unique_track_match,0,apple_song_search_no_auto_match,false
graph_song:song|crystal gayle|don t it make my brown eyes blue:offline_sidecar_no_unique_track_match,apple_music_offline_reconciliation_pass_v1,song|crystal gayle|don t it make my brown eyes blue,graph_song,song,Crystal Gayle,Don't It Make My Brown Eyes Blue,1977,us,offline_sidecar_no_unique_track_match,0,apple_song_search_no_auto_match,false
graph_song:song|crystal waters|gypsy woman she s homeless:offline_sidecar_no_unique_track_match,apple_music_offline_reconciliation_pass_v1,song|crystal waters|gypsy woman she s homeless,graph_song,song,Crystal Waters,Gypsy Woman (She's Homeless),1991,us,offline_sidecar_no_unique_track_match,0,apple_song_search_no_auto_match,false
graph_song:song|cure|boys dont cry:offline_sidecar_no_unique_track_match,apple_music_offline_reconciliation_pass_v1,song|cure|boys dont cry,graph_song,song,The Cure,Boys Dont Cry,1979,us,offline_sidecar_no_unique_track_match,0,apple_song_search_no_auto_match,false
graph_song:song|cure|charlotte sometimes:offline_sidecar_no_unique_track_match,apple_music_offline_reconciliation_pass_v1,song|cure|charlotte sometimes,graph_song,song,The Cure,Charlotte Sometimes,1981,us,offline_sidecar_no_unique_track_match,0,apple_song_search_no_auto_match,false
graph_song:song|curve|coast is clear:offline_sidecar_no_unique_track_match,apple_music_offline_reconciliation_pass_v1,song|curve|coast is clear,graph_song,song,Curve,Coast Is Clear,1991,us,offline_sidecar_no_unique_track_match,0,apple_song_search_no_auto_match,false
graph_song:song|curve|horror head:offline_sidecar_no_unique_track_match,apple_music_offline_reconciliation_pass_v1,song|curve|horror head,graph_song,song,Curve,Horror Head,1992,us,offline_sidecar_no_unique_track_match,0,apple_song_search_no_results,false
graph_song:song|d o a|fucked up ronnie:offline_sidecar_no_unique_track_match,apple_music_offline_reconciliation_pass_v1,song|d o a|fucked up ronnie,graph_song,song,D.O.A.,Fucked Up Ronnie,1981,us,offline_sidecar_no_unique_track_match,0,apple_song_search_needs_review_version_risk,false
graph_song:song|dababy feat roddy ricch|rockstar:offline_sidecar_no_unique_track_match,apple_music_offline_reconciliation_pass_v1,song|dababy feat roddy ricch|rockstar,graph_song,song,DaBaby feat. Roddy Ricch,Rockstar,2020,us,offline_sidecar_no_unique_track_match,0,apple_song_search_needs_review_version_risk,false
graph_song:song|daddy yankee and snow|con calma:offline_sidecar_no_unique_track_match,apple_music_offline_reconciliation_pass_v1,song|daddy yankee and snow|con calma,graph_song,song,Daddy Yankee and Snow,Con Calma,2019,us,offline_sidecar_no_unique_track_match,0,apple_song_search_no_auto_match,false
graph_song:song|daft punk featuring pharrell williams|get lucky:offline_sidecar_no_unique_track_match,apple_music_offline_reconciliation_pass_v1,song|daft punk featuring pharrell williams|get lucky,graph_song,song,Daft Punk featuring Pharrell Williams,Get Lucky,2013,us,offline_sidecar_no_unique_track_match,0,apple_song_search_no_auto_match,false
graph_song:song|daily flash|jack of diamonds:offline_sidecar_no_unique_track_match,apple_music_offline_reconciliation_pass_v1,song|daily flash|jack of diamonds,graph_song,song,The Daily Flash,Jack of Diamonds,1966,us,offline_sidecar_no_unique_track_match,0,apple_song_search_needs_review_version_risk,false
graph_song:song|dakhabrakha|sho z pod duba:offline_sidecar_no_unique_track_match,apple_music_offline_reconciliation_pass_v1,song|dakhabrakha|sho z pod duba,graph_song,song,DakhaBrakha,Sho Z-Pod Duba,2007,us,offline_sidecar_no_unique_track_match,0,apple_song_search_no_results,false
graph_song:song|dan hartman|relight my fire:offline_sidecar_no_unique_track_match,apple_music_offline_reconciliation_pass_v1,song|dan hartman|relight my fire,graph_song,song,Dan Hartman,Relight My Fire,1979,us,offline_sidecar_no_unique_track_match,0,apple_song_search_no_auto_match,false
graph_song:song|danny l harle|super natural:offline_sidecar_no_unique_track_match,apple_music_offline_reconciliation_pass_v1,song|danny l harle|super natural,graph_song,song,Danny L Harle,Super Natural,2016,us,offline_sidecar_no_unique_track_match,0,apple_song_search_no_auto_match,false
graph_song:song|darlene zschech|shout to the lord:offline_sidecar_no_unique_track_match,apple_music_offline_reconciliation_pass_v1,song|darlene zschech|shout to the lord,graph_song,song,Darlene Zschech,Shout to the Lord,1993,us,offline_sidecar_no_unique_track_match,0,apple_song_search_no_auto_match,false
graph_song:song|das racist|combination pizza hut and taco bell:offline_sidecar_no_unique_track_match,apple_music_offline_reconciliation_pass_v1,song|das racist|combination pizza hut and taco bell,graph_song,song,Das Racist,Combination Pizza Hut and Taco Bell,2008,us,offline_sidecar_no_unique_track_match,0,apple_song_search_needs_review_version_risk,false
graph_song:song|dave clark five|bits and pieces:offline_sidecar_no_unique_track_match,apple_music_offline_reconciliation_pass_v1,song|dave clark five|bits and pieces,graph_song,song,The Dave Clark Five,Bits and Pieces,1964,us,offline_sidecar_no_unique_track_match,0,apple_song_search_no_auto_match,false
graph_song:song|dave clark five|glad all over:offline_sidecar_no_unique_track_match,apple_music_offline_reconciliation_pass_v1,song|dave clark five|glad all over,graph_song,song,The Dave Clark Five,Glad All Over,1963,us,offline_sidecar_no_unique_track_match,0,apple_song_search_no_auto_match,false
graph_song:song|dave van ronk|green green rocky road:offline_sidecar_no_unique_track_match,apple_music_offline_reconciliation_pass_v1,song|dave van ronk|green green rocky road,graph_song,song,Dave Van Ronk,Green Green Rocky Road,1963,us,offline_sidecar_no_unique_track_match,0,apple_song_search_no_auto_match,false
graph_song:song|david a stewart featuring candy dulfer|lily was here:offline_sidecar_no_unique_track_match,apple_music_offline_reconciliation_pass_v1,song|david a stewart featuring candy dulfer|lily was here,graph_song,song,David A. Stewart featuring Candy Dulfer,Lily Was Here,1989,us,offline_sidecar_no_unique_track_match,0,apple_song_search_needs_review_version_risk,false
graph_song:song|david bowie and bing crosby|peace on earth little drummer boy:offline_sidecar_no_unique_track_match,apple_music_offline_reconciliation_pass_v1,song|david bowie and bing crosby|peace on earth little drummer boy,graph_song,song,David Bowie and Bing Crosby,Peace on Earth/Little Drummer Boy,1982,us,offline_sidecar_no_unique_track_match,0,apple_song_search_needs_review_version_risk,false
graph_song:song|david guetta featuring kelly rowland|when love takes over:offline_sidecar_no_unique_track_match,apple_music_offline_reconciliation_pass_v1,song|david guetta featuring kelly rowland|when love takes over,graph_song,song,David Guetta featuring Kelly Rowland,When Love Takes Over,2009,us,offline_sidecar_no_unique_track_match,0,apple_song_search_no_auto_match,false
graph_song:song|david guetta featuring sia|titanium:offline_sidecar_no_unique_track_match,apple_music_offline_reconciliation_pass_v1,song|david guetta featuring sia|titanium,graph_song,song,David Guetta featuring Sia,Titanium,2011,us,offline_sidecar_no_unique_track_match,0,apple_song_search_no_auto_match,false
graph_song:song|david guetta featuring usher|without you:offline_sidecar_no_unique_track_match,apple_music_offline_reconciliation_pass_v1,song|david guetta featuring usher|without you,graph_song,song,David Guetta featuring Usher,Without You,2011,us,offline_sidecar_no_unique_track_match,0,apple_song_search_needs_review_version_risk,false
graph_song:song|david seville|witch doctor:offline_sidecar_no_unique_track_match,apple_music_offline_reconciliation_pass_v1,song|david seville|witch doctor,graph_song,song,David Seville,Witch Doctor,1958,us,offline_sidecar_no_unique_track_match,0,apple_song_search_no_auto_match,false
graph_song:song|dbs|amplifier:offline_sidecar_no_unique_track_match,apple_music_offline_reconciliation_pass_v1,song|dbs|amplifier,graph_song,song,The dBs,Amplifier,1981,us,offline_sidecar_no_unique_track_match,0,apple_song_search_no_auto_match,false
graph_song:song|dbs|neverland:offline_sidecar_no_unique_track_match,apple_music_offline_reconciliation_pass_v1,song|dbs|neverland,graph_song,song,The dBs,Neverland,1981,us,offline_sidecar_no_unique_track_match,0,apple_song_search_no_auto_match,false
graph_song:song|dbx|losing control:offline_sidecar_no_unique_track_match,apple_music_offline_reconciliation_pass_v1,song|dbx|losing control,graph_song,song,DBX,Losing Control,1994,us,offline_sidecar_no_unique_track_match,0,apple_song_search_needs_review_version_risk,false
graph_song:song|dean martin|sway:offline_sidecar_no_unique_track_match,apple_music_offline_reconciliation_pass_v1,song|dean martin|sway,graph_song,song,Dean Martin,Sway,1954,us,offline_sidecar_no_unique_track_match,0,apple_song_search_no_auto_match,false
graph_song:song|deitrick haddon|he s able:offline_sidecar_no_unique_track_match,apple_music_offline_reconciliation_pass_v1,song|deitrick haddon|he s able,graph_song,song,Deitrick Haddon,He's Able,2011,us,offline_sidecar_no_unique_track_match,0,apple_song_search_no_auto_match,false
graph_song:song|dem franchize boyz|i think they like me:offline_sidecar_no_unique_track_match,apple_music_offline_reconciliation_pass_v1,song|dem franchize boyz|i think they like me,graph_song,song,Dem Franchize Boyz,I Think They Like Me,2005,us,offline_sidecar_no_unique_track_match,0,apple_song_search_needs_review_version_risk,false
graph_song:song|dennis ferrer|hey hey:offline_sidecar_no_unique_track_match,apple_music_offline_reconciliation_pass_v1,song|dennis ferrer|hey hey,graph_song,song,Dennis Ferrer,Hey Hey,2009,us,offline_sidecar_no_unique_track_match,0,apple_song_search_needs_review_version_risk,false
graph_song:song|depeche mode|just cant get enough:offline_sidecar_no_unique_track_match,apple_music_offline_reconciliation_pass_v1,song|depeche mode|just cant get enough,graph_song,song,Depeche Mode,Just Cant Get Enough,1981,us,offline_sidecar_no_unique_track_match,0,apple_song_search_no_auto_match,false
graph_song:song|destiny s child|independent women part i:offline_sidecar_no_unique_track_match,apple_music_offline_reconciliation_pass_v1,song|destiny s child|independent women part i,graph_song,song,Destiny's Child,Independent Women Part I,2000,us,offline_sidecar_no_unique_track_match,0,apple_song_search_no_auto_match,false
graph_song:song|diamond platnumz featuring koffi olomide|waah:offline_sidecar_no_unique_track_match,apple_music_offline_reconciliation_pass_v1,song|diamond platnumz featuring koffi olomide|waah,graph_song,song,Diamond Platnumz featuring Koffi Olomide,Waah!,2020,us,offline_sidecar_no_unique_track_match,0,apple_song_search_no_auto_match,false
graph_song:song|diamond platnumz featuring ne yo|marry you:offline_sidecar_no_unique_track_match,apple_music_offline_reconciliation_pass_v1,song|diamond platnumz featuring ne yo|marry you,graph_song,song,Diamond Platnumz featuring Ne-Yo,Marry You,2016,us,offline_sidecar_no_unique_track_match,0,apple_song_search_no_auto_match,false
graph_song:song|diamonds|stroll:offline_sidecar_no_unique_track_match,apple_music_offline_reconciliation_pass_v1,song|diamonds|stroll,graph_song,song,The Diamonds,The Stroll,1957,us,offline_sidecar_no_unique_track_match,0,apple_song_search_no_auto_match,false
graph_song:song|disclosure featuring sam smith|latch:offline_sidecar_no_unique_track_match,apple_music_offline_reconciliation_pass_v1,song|disclosure featuring sam smith|latch,graph_song,song,Disclosure featuring Sam Smith,Latch,2012,us,offline_sidecar_no_unique_track_match,0,apple_song_search_no_auto_match,false
graph_song:song|dj casper|cha cha slide:offline_sidecar_no_unique_track_match,apple_music_offline_reconciliation_pass_v1,song|dj casper|cha cha slide,graph_song,song,DJ Casper,Cha Cha Slide,2000,us,offline_sidecar_no_unique_track_match,0,apple_song_search_no_auto_match,false
graph_song:song|dj kool|let me clear my throat:offline_sidecar_no_unique_track_match,apple_music_offline_reconciliation_pass_v1,song|dj kool|let me clear my throat,graph_song,song,DJ Kool,Let Me Clear My Throat,1996,us,offline_sidecar_no_unique_track_match,0,apple_song_search_no_auto_match,false
graph_song:song|dj krush|kemuri:offline_sidecar_no_unique_track_match,apple_music_offline_reconciliation_pass_v1,song|dj krush|kemuri,graph_song,song,DJ Krush,Kemuri,1994,us,offline_sidecar_no_unique_track_match,0,apple_song_search_no_auto_match,false
graph_song:song|dj snake featuring bipolar sunshine|middle:offline_sidecar_no_unique_track_match,apple_music_offline_reconciliation_pass_v1,song|dj snake featuring bipolar sunshine|middle,graph_song,song,DJ Snake featuring Bipolar Sunshine,Middle,2015,us,offline_sidecar_no_unique_track_match,0,apple_song_search_needs_review_version_risk,false
graph_song:song|dj snake featuring justin bieber|let me love you:offline_sidecar_no_unique_track_match,apple_music_offline_reconciliation_pass_v1,song|dj snake featuring justin bieber|let me love you,graph_song,song,DJ Snake featuring Justin Bieber,Let Me Love You,2016,us,offline_sidecar_no_unique_track_match,0,apple_song_search_needs_review_version_risk,false
graph_song:song|dj snake featuring selena gomez ozuna and cardi b|taki taki:offline_sidecar_no_unique_track_match,apple_music_offline_reconciliation_pass_v1,song|dj snake featuring selena gomez ozuna and cardi b|taki taki,graph_song,song,"DJ Snake featuring Selena Gomez, Ozuna and Cardi B",Taki Taki,2018,us,offline_sidecar_no_unique_track_match,0,apple_song_search_no_auto_match,false
graph_song:song|dna|blonde redhead:offline_sidecar_no_unique_track_match,apple_music_offline_reconciliation_pass_v1,song|dna|blonde redhead,graph_song,song,DNA,Blonde Redhead,1978,us,offline_sidecar_no_unique_track_match,0,apple_song_search_no_auto_match,false
graph_song:song|dna|not moving:offline_sidecar_no_unique_track_match,apple_music_offline_reconciliation_pass_v1,song|dna|not moving,graph_song,song,DNA,Not Moving,1978,us,offline_sidecar_no_unique_track_match,0,apple_song_search_no_auto_match,false
graph_song:song|doja cat featuring sza|kiss me more:offline_sidecar_no_unique_track_match,apple_music_offline_reconciliation_pass_v1,song|doja cat featuring sza|kiss me more,graph_song,song,Doja Cat featuring SZA,Kiss Me More,2021,us,offline_sidecar_no_unique_track_match,0,apple_song_search_needs_review_version_risk,false
graph_song:song|don omar featuring lucenzo|danza kuduro:offline_sidecar_no_unique_track_match,apple_music_offline_reconciliation_pass_v1,song|don omar featuring lucenzo|danza kuduro,graph_song,song,Don Omar featuring Lucenzo,Danza Kuduro,2010,us,offline_sidecar_no_unique_track_match,0,apple_song_search_no_auto_match,false
graph_song:song|donna summer|heaven knows:offline_sidecar_no_unique_track_match,apple_music_offline_reconciliation_pass_v1,song|donna summer|heaven knows,graph_song,song,Donna Summer,Heaven Knows,1978,us,offline_sidecar_no_unique_track_match,0,apple_song_search_no_auto_match,false
graph_song:song|donnie mcclurkin|stand:offline_sidecar_no_unique_track_match,apple_music_offline_reconciliation_pass_v1,song|donnie mcclurkin|stand,graph_song,song,Donnie McClurkin,Stand,1996,us,offline_sidecar_no_unique_track_match,0,apple_song_search_no_auto_match,false
graph_song:song|donovan|epistle to dippy:offline_sidecar_no_unique_track_match,apple_music_offline_reconciliation_pass_v1,song|donovan|epistle to dippy,graph_song,song,Donovan,Epistle to Dippy,1967,us,offline_sidecar_no_unique_track_match,0,apple_song_search_no_auto_match,false
graph_song:song|doobie brothers|you belong to me:offline_sidecar_no_unique_track_match,apple_music_offline_reconciliation_pass_v1,song|doobie brothers|you belong to me,graph_song,song,The Doobie Brothers,You Belong to Me,1977,us,offline_sidecar_no_unique_track_match,0,apple_song_search_no_auto_match,false
graph_song:song|doug sahm and band|is anybody goin to san antone:offline_sidecar_no_unique_track_match,apple_music_offline_reconciliation_pass_v1,song|doug sahm and band|is anybody goin to san antone,graph_song,song,Doug Sahm and Band,Is Anybody Goin' to San Antone,1973,us,offline_sidecar_no_unique_track_match,0,apple_song_search_no_auto_match,false
graph_song:song|dovers|what am i going to do:offline_sidecar_no_unique_track_match,apple_music_offline_reconciliation_pass_v1,song|dovers|what am i going to do,graph_song,song,The Dovers,What Am I Going to Do,1965,us,offline_sidecar_no_unique_track_match,0,apple_song_search_no_auto_match,false
graph_song:song|dr dre|dre day:offline_sidecar_no_unique_track_match,apple_music_offline_reconciliation_pass_v1,song|dr dre|dre day,graph_song,song,Dr. Dre,Dre Day,1992,us,offline_sidecar_no_unique_track_match,0,apple_song_search_needs_review_version_risk,false
graph_song:song|drexciya|bubble metropolis:offline_sidecar_no_unique_track_match,apple_music_offline_reconciliation_pass_v1,song|drexciya|bubble metropolis,graph_song,song,Drexciya,Bubble Metropolis,1993,us,offline_sidecar_no_unique_track_match,0,apple_song_search_no_auto_match,false
graph_song:song|drexciya|wavejumper:offline_sidecar_no_unique_track_match,apple_music_offline_reconciliation_pass_v1,song|drexciya|wavejumper,graph_song,song,Drexciya,Wavejumper,1995,us,offline_sidecar_no_unique_track_match,0,apple_song_search_no_auto_match,false
graph_song:song|duke dumont featuring a m e|need u 100:offline_sidecar_no_unique_track_match,apple_music_offline_reconciliation_pass_v1,song|duke dumont featuring a m e|need u 100,graph_song,song,Duke Dumont featuring A*M*E,Need U (100%),2013,us,offline_sidecar_no_unique_track_match,0,apple_song_search_needs_review_version_risk,false
graph_song:song|duke ellington|take the a train:offline_sidecar_no_unique_track_match,apple_music_offline_reconciliation_pass_v1,song|duke ellington|take the a train,graph_song,song,Duke Ellington,Take the A Train,1941,us,offline_sidecar_no_unique_track_match,0,apple_song_search_needs_review_version_risk,false
graph_song:song|dwarf chorus|heigh ho:offline_sidecar_no_unique_track_match,apple_music_offline_reconciliation_pass_v1,song|dwarf chorus|heigh ho,graph_song,song,The Dwarf Chorus,Heigh-Ho,1937,us,offline_sidecar_no_unique_track_match,0,apple_song_search_needs_review_version_risk,false
graph_song:song|dwight twilley band|girls:offline_sidecar_no_unique_track_match,apple_music_offline_reconciliation_pass_v1,song|dwight twilley band|girls,graph_song,song,Dwight Twilley Band,Girls,1984,us,offline_sidecar_no_unique_track_match,0,apple_song_search_no_auto_match,false
graph_song:song|earls|remember then:offline_sidecar_no_unique_track_match,apple_music_offline_reconciliation_pass_v1,song|earls|remember then,graph_song,song,The Earls,Remember Then,1962,us,offline_sidecar_no_unique_track_match,0,apple_song_search_no_auto_match,false
graph_song:song|earth wind and fire with the emotions|boogie wonderland:offline_sidecar_no_unique_track_match,apple_music_offline_reconciliation_pass_v1,song|earth wind and fire with the emotions|boogie wonderland,graph_song,song,"Earth, Wind & Fire with The Emotions",Boogie Wonderland,1979,us,offline_sidecar_no_unique_track_match,0,apple_song_search_no_auto_match,false
graph_song:song|eater|thinking of the usa:offline_sidecar_no_unique_track_match,apple_music_offline_reconciliation_pass_v1,song|eater|thinking of the usa,graph_song,song,Eater,Thinking of the USA,1977,us,offline_sidecar_no_unique_track_match,0,apple_song_search_no_auto_match,false
graph_song:song|eddie cochran|something else:offline_sidecar_no_unique_track_match,apple_music_offline_reconciliation_pass_v1,song|eddie cochran|something else,graph_song,song,Eddie Cochran,Something Else,1959,us,offline_sidecar_no_unique_track_match,0,apple_song_search_no_auto_match,false
graph_song:song|eddie cochran|twenty flight rock:offline_sidecar_no_unique_track_match,apple_music_offline_reconciliation_pass_v1,song|eddie cochran|twenty flight rock,graph_song,song,Eddie Cochran,Twenty Flight Rock,1956,us,offline_sidecar_no_unique_track_match,0,apple_song_search_no_auto_match,false
graph_song:song|edward maya featuring vika jigulina|stereo love:offline_sidecar_no_unique_track_match,apple_music_offline_reconciliation_pass_v1,song|edward maya featuring vika jigulina|stereo love,graph_song,song,Edward Maya featuring Vika Jigulina,Stereo Love,2009,us,offline_sidecar_no_unique_track_match,0,apple_song_search_needs_review_version_risk,false
graph_song:song|edwin hawkins singers|oh happy day:offline_sidecar_no_unique_track_match,apple_music_offline_reconciliation_pass_v1,song|edwin hawkins singers|oh happy day,graph_song,song,The Edwin Hawkins Singers,Oh Happy Day,1968,us,offline_sidecar_no_unique_track_match,0,apple_song_search_needs_review_version_risk,false
graph_song:song|eevee|house of memories:offline_sidecar_no_unique_track_match,apple_music_offline_reconciliation_pass_v1,song|eevee|house of memories,graph_song,song,eevee,house of memories,2016,us,offline_sidecar_no_unique_track_match,0,apple_song_search_no_auto_match,false
graph_song:song|eevee|jazz scratches:offline_sidecar_no_unique_track_match,apple_music_offline_reconciliation_pass_v1,song|eevee|jazz scratches,graph_song,song,eevee,jazz scratches,2016,us,offline_sidecar_no_unique_track_match,0,apple_song_search_no_results,false
graph_song:song|eevee|m i s t:offline_sidecar_no_unique_track_match,apple_music_offline_reconciliation_pass_v1,song|eevee|m i s t,graph_song,song,eevee,m i s t,2016,us,offline_sidecar_no_unique_track_match,0,apple_song_search_no_results,false
graph_song:song|eevee|vibes:offline_sidecar_no_unique_track_match,apple_music_offline_reconciliation_pass_v1,song|eevee|vibes,graph_song,song,eevee,vibes,2018,us,offline_sidecar_no_unique_track_match,0,apple_song_search_no_auto_match,false
graph_song:song|eiffel 65|blue da ba dee:offline_sidecar_no_unique_track_match,apple_music_offline_reconciliation_pass_v1,song|eiffel 65|blue da ba dee,graph_song,song,Eiffel 65,Blue (Da Ba Dee),1998,us,offline_sidecar_no_unique_track_match,0,apple_song_search_needs_review_version_risk,false
graph_song:song|el gran combo de puerto rico|me libere:offline_sidecar_no_unique_track_match,apple_music_offline_reconciliation_pass_v1,song|el gran combo de puerto rico|me libere,graph_song,song,El Gran Combo de Puerto Rico,Me Libere,1975,us,offline_sidecar_no_unique_track_match,0,apple_song_search_no_auto_match,false
graph_song:song|el p|deep space 9mm:offline_sidecar_no_unique_track_match,apple_music_offline_reconciliation_pass_v1,song|el p|deep space 9mm,graph_song,song,El-P,Deep Space 9mm,2002,us,offline_sidecar_no_unique_track_match,0,apple_song_search_no_auto_match,false
graph_song:song|elevation worship|o come to the altar:offline_sidecar_no_unique_track_match,apple_music_offline_reconciliation_pass_v1,song|elevation worship|o come to the altar,graph_song,song,Elevation Worship,O Come to the Altar,2016,us,offline_sidecar_no_unique_track_match,0,apple_song_search_needs_review_version_risk,false
graph_song:song|elevation worship|rattle:offline_sidecar_no_unique_track_match,apple_music_offline_reconciliation_pass_v1,song|elevation worship|rattle,graph_song,song,Elevation Worship,RATTLE!,2020,us,offline_sidecar_no_unique_track_match,0,apple_song_search_needs_review_version_risk,false
graph_song:song|elevation worship|same god:offline_sidecar_no_unique_track_match,apple_music_offline_reconciliation_pass_v1,song|elevation worship|same god,graph_song,song,Elevation Worship,Same God,2022,us,offline_sidecar_no_unique_track_match,0,apple_song_search_no_auto_match,false
graph_song:song|elgins|heaven must have sent you:offline_sidecar_no_unique_track_match,apple_music_offline_reconciliation_pass_v1,song|elgins|heaven must have sent you,graph_song,song,The Elgins,Heaven Must Have Sent You,1966,us,offline_sidecar_no_unique_track_match,0,apple_song_search_needs_review_version_risk,false
graph_song:song|elizabeth mitchell|you are my sunshine:offline_sidecar_no_unique_track_match,apple_music_offline_reconciliation_pass_v1,song|elizabeth mitchell|you are my sunshine,graph_song,song,Elizabeth Mitchell,You Are My Sunshine,2002,us,offline_sidecar_no_unique_track_match,0,apple_song_search_needs_review_version_risk,false
graph_song:song|ellen greene and lee wilkof|suddenly seymour:offline_sidecar_no_unique_track_match,apple_music_offline_reconciliation_pass_v1,song|ellen greene and lee wilkof|suddenly seymour,graph_song,song,Ellen Greene and Lee Wilkof,Suddenly Seymour,1982,us,offline_sidecar_no_unique_track_match,0,apple_song_search_needs_review_version_risk,false
graph_song:song|elmer bernstein|theme from the magnificent seven:offline_sidecar_no_unique_track_match,apple_music_offline_reconciliation_pass_v1,song|elmer bernstein|theme from the magnificent seven,graph_song,song,Elmer Bernstein,Theme from The Magnificent Seven,1960,us,offline_sidecar_no_unique_track_match,0,apple_song_search_needs_review_version_risk,false
graph_song:song|elmo|elmo s song:offline_sidecar_no_unique_track_match,apple_music_offline_reconciliation_pass_v1,song|elmo|elmo s song,graph_song,song,Elmo,Elmo's Song,1992,us,offline_sidecar_no_unique_track_match,0,apple_song_search_needs_review_version_risk,false
graph_song:song|elton john|rocket man:offline_sidecar_no_unique_track_match,apple_music_offline_reconciliation_pass_v1,song|elton john|rocket man,graph_song,song,Elton John,Rocket Man,1972,us,offline_sidecar_no_unique_track_match,0,apple_song_search_no_auto_match,false
graph_song:song|elvis costello|olivers army:offline_sidecar_no_unique_track_match,apple_music_offline_reconciliation_pass_v1,song|elvis costello|olivers army,graph_song,song,Elvis Costello,Olivers Army,1979,us,offline_sidecar_no_unique_track_match,0,apple_song_search_no_auto_match,false
graph_song:song|emerson lake and palmer|lucky man:offline_sidecar_no_unique_track_match,apple_music_offline_reconciliation_pass_v1,song|emerson lake and palmer|lucky man,graph_song,song,"Emerson, Lake & Palmer",Lucky Man,1970,us,offline_sidecar_no_unique_track_match,0,apple_song_search_no_auto_match,false
graph_song:song|eminem feat rihanna|love the way you lie:offline_sidecar_no_unique_track_match,apple_music_offline_reconciliation_pass_v1,song|eminem feat rihanna|love the way you lie,graph_song,song,Eminem feat. Rihanna,Love the Way You Lie,2010,us,offline_sidecar_no_unique_track_match,0,apple_song_search_needs_review_version_risk,false
graph_song:song|ennio morricone|nuovo cinema paradiso:offline_sidecar_no_unique_track_match,apple_music_offline_reconciliation_pass_v1,song|ennio morricone|nuovo cinema paradiso,graph_song,song,Ennio Morricone,Nuovo Cinema Paradiso,1988,us,offline_sidecar_no_unique_track_match,0,apple_song_search_needs_review_version_risk,false
graph_song:song|enrique iglesias featuring descemer bueno and gente de zona|bailando:offline_sidecar_no_unique_track_match,apple_music_offline_reconciliation_pass_v1,song|enrique iglesias featuring descemer bueno and gente de zona|bailando,graph_song,song,Enrique Iglesias featuring Descemer Bueno and Gente de Zona,Bailando,2014,us,offline_sidecar_no_unique_track_match,0,apple_song_search_no_auto_match,false
graph_song:song|enrique iglesias featuring pitbull|i like it:offline_sidecar_no_unique_track_match,apple_music_offline_reconciliation_pass_v1,song|enrique iglesias featuring pitbull|i like it,graph_song,song,Enrique Iglesias featuring Pitbull,I Like It,2010,us,offline_sidecar_no_unique_track_match,0,apple_song_search_needs_review_version_risk,false
graph_song:song|erykah badu|apple tree:offline_sidecar_no_unique_track_match,apple_music_offline_reconciliation_pass_v1,song|erykah badu|apple tree,graph_song,song,Erykah Badu,Apple Tree,1997,us,offline_sidecar_no_unique_track_match,0,apple_song_search_no_auto_match,false
graph_song:song|erykah badu|tyrone:offline_sidecar_no_unique_track_match,apple_music_offline_reconciliation_pass_v1,song|erykah badu|tyrone,graph_song,song,Erykah Badu,Tyrone,1997,us,offline_sidecar_no_unique_track_match,0,apple_song_search_needs_review_version_risk,false
graph_song:song|esg|ufo:offline_sidecar_no_unique_track_match,apple_music_offline_reconciliation_pass_v1,song|esg|ufo,graph_song,song,ESG,UFO,1981,us,offline_sidecar_no_unique_track_match,0,apple_song_search_no_auto_match,false
graph_song:song|ethel merman|rose s turn:offline_sidecar_no_unique_track_match,apple_music_offline_reconciliation_pass_v1,song|ethel merman|rose s turn,graph_song,song,Ethel Merman,Rose's Turn,1959,us,offline_sidecar_no_unique_track_match,0,apple_song_search_needs_review_version_risk,false
graph_song:song|eurythmics|whos that girl:offline_sidecar_no_unique_track_match,apple_music_offline_reconciliation_pass_v1,song|eurythmics|whos that girl,graph_song,song,Eurythmics,Whos That Girl?,1983,us,offline_sidecar_no_unique_track_match,0,apple_song_search_no_auto_match,false
graph_song:song|ewan mcgregor and nicole kidman|come what may:offline_sidecar_no_unique_track_match,apple_music_offline_reconciliation_pass_v1,song|ewan mcgregor and nicole kidman|come what may,graph_song,song,Ewan McGregor and Nicole Kidman,Come What May,2001,us,offline_sidecar_no_unique_track_match,0,apple_song_search_needs_review_version_risk,false
graph_song:song|exciters|tell him:offline_sidecar_no_unique_track_match,apple_music_offline_reconciliation_pass_v1,song|exciters|tell him,graph_song,song,The Exciters,Tell Him,1962,us,offline_sidecar_no_unique_track_match,0,apple_song_search_no_auto_match,false
graph_song:song|fall|cruisers creek:offline_sidecar_no_unique_track_match,apple_music_offline_reconciliation_pass_v1,song|fall|cruisers creek,graph_song,song,The Fall,Cruisers Creek,1985,us,offline_sidecar_no_unique_track_match,0,apple_song_search_no_auto_match,false
graph_song:song|fantastic baggys|tell em i m surfin:offline_sidecar_no_unique_track_match,apple_music_offline_reconciliation_pass_v1,song|fantastic baggys|tell em i m surfin,graph_song,song,The Fantastic Baggys,Tell 'Em I'm Surfin',1964,us,offline_sidecar_no_unique_track_match,0,apple_song_search_no_auto_match,false
graph_song:song|farley jackmaster funk featuring darryl pandy|love can t turn around:offline_sidecar_no_unique_track_match,apple_music_offline_reconciliation_pass_v1,song|farley jackmaster funk featuring darryl pandy|love can t turn around,graph_song,song,Farley Jackmaster Funk featuring Darryl Pandy,Love Can't Turn Around,1986,us,offline_sidecar_no_unique_track_match,0,apple_song_search_needs_review_version_risk,false
graph_song:song|fat joe feat ashanti|what s luv:offline_sidecar_no_unique_track_match,apple_music_offline_reconciliation_pass_v1,song|fat joe feat ashanti|what s luv,graph_song,song,Fat Joe feat. Ashanti,What's Luv?,2002,us,offline_sidecar_no_unique_track_match,0,apple_song_search_needs_review_version_risk,false
graph_song:song|fats domino|i m walkin:offline_sidecar_no_unique_track_match,apple_music_offline_reconciliation_pass_v1,song|fats domino|i m walkin,graph_song,song,Fats Domino,I'm Walkin',1957,us,offline_sidecar_no_unique_track_match,0,apple_song_search_no_auto_match,false
graph_song:song|feelies|away:offline_sidecar_no_unique_track_match,apple_music_offline_reconciliation_pass_v1,song|feelies|away,graph_song,song,The Feelies,Away,1980,us,offline_sidecar_no_unique_track_match,0,apple_song_search_no_auto_match,false
graph_song:song|five for fighting|superman:offline_sidecar_no_unique_track_match,apple_music_offline_reconciliation_pass_v1,song|five for fighting|superman,graph_song,song,Five for Fighting,Superman,2001,us,offline_sidecar_no_unique_track_match,0,apple_song_search_no_auto_match,false
graph_song:song|flashcubes|christi girl:offline_sidecar_no_unique_track_match,apple_music_offline_reconciliation_pass_v1,song|flashcubes|christi girl,graph_song,song,The Flashcubes,Christi Girl,1978,us,offline_sidecar_no_unique_track_match,0,apple_song_search_no_auto_match,false
graph_song:song|flatlanders|dallas:offline_sidecar_no_unique_track_match,apple_music_offline_reconciliation_pass_v1,song|flatlanders|dallas,graph_song,song,The Flatlanders,Dallas,1972,us,offline_sidecar_no_unique_track_match,0,apple_song_search_no_auto_match,false
graph_song:song|flo rida feat sia|wild ones:offline_sidecar_no_unique_track_match,apple_music_offline_reconciliation_pass_v1,song|flo rida feat sia|wild ones,graph_song,song,Flo Rida feat. Sia,Wild Ones,2011,us,offline_sidecar_no_unique_track_match,0,apple_song_search_no_auto_match,false
graph_song:song|flo rida feat t pain|low:offline_sidecar_no_unique_track_match,apple_music_offline_reconciliation_pass_v1,song|flo rida feat t pain|low,graph_song,song,Flo Rida feat. T-Pain,Low,2007,us,offline_sidecar_no_unique_track_match,0,apple_song_search_needs_review_version_risk,false
graph_song:song|flo rida featuring kesha|right round:offline_sidecar_no_unique_track_match,apple_music_offline_reconciliation_pass_v1,song|flo rida featuring kesha|right round,graph_song,song,Flo Rida featuring Kesha,Right Round,2009,us,offline_sidecar_no_unique_track_match,0,apple_song_search_needs_review_version_risk,false
graph_song:song|flo rida featuring t pain|low:offline_sidecar_no_unique_track_match,apple_music_offline_reconciliation_pass_v1,song|flo rida featuring t pain|low,graph_song,song,Flo Rida featuring T-Pain,Low,2007,us,offline_sidecar_no_unique_track_match,0,apple_song_search_needs_review_version_risk,false
graph_song:song|floating points|silhouettes:offline_sidecar_no_unique_track_match,apple_music_offline_reconciliation_pass_v1,song|floating points|silhouettes,graph_song,song,Floating Points,Silhouettes,2015,us,offline_sidecar_no_unique_track_match,0,apple_song_search_needs_review_version_risk,false
graph_song:song|florida georgia line featuring luke bryan|this is how we roll:offline_sidecar_no_unique_track_match,apple_music_offline_reconciliation_pass_v1,song|florida georgia line featuring luke bryan|this is how we roll,graph_song,song,Florida Georgia Line featuring Luke Bryan,This Is How We Roll,2013,us,offline_sidecar_no_unique_track_match,0,apple_song_search_needs_review_version_risk,false
graph_song:song|florist|red bird pt 2 morning:offline_sidecar_no_unique_track_match,apple_music_offline_reconciliation_pass_v1,song|florist|red bird pt 2 morning,graph_song,song,Florist,Red Bird Pt. 2 (Morning),2016,us,offline_sidecar_no_unique_track_match,0,apple_song_search_no_auto_match,false
graph_song:song|fm 84 featuring ollie wride|running in the night:offline_sidecar_no_unique_track_match,apple_music_offline_reconciliation_pass_v1,song|fm 84 featuring ollie wride|running in the night,graph_song,song,FM-84 featuring Ollie Wride,Running in the Night,2016,us,offline_sidecar_no_unique_track_match,0,apple_song_search_needs_review_version_risk,false
graph_song:song|fountains of wayne|red dragon tattoo:offline_sidecar_no_unique_track_match,apple_music_offline_reconciliation_pass_v1,song|fountains of wayne|red dragon tattoo,graph_song,song,Fountains of Wayne,Red Dragon Tattoo,1997,us,offline_sidecar_no_unique_track_match,0,apple_song_search_no_auto_match,false
graph_song:song|four tops|i can t help myself:offline_sidecar_no_unique_track_match,apple_music_offline_reconciliation_pass_v1,song|four tops|i can t help myself,graph_song,song,Four Tops,I Can't Help Myself,1965,us,offline_sidecar_no_unique_track_match,0,apple_song_search_no_auto_match,false
graph_song:song|frank oz as cookie monster|c is for cookie:offline_sidecar_no_unique_track_match,apple_music_offline_reconciliation_pass_v1,song|frank oz as cookie monster|c is for cookie,graph_song,song,Frank Oz as Cookie Monster,C Is for Cookie,1971,us,offline_sidecar_no_unique_track_match,0,apple_song_search_no_results,false
graph_song:song|frankie knuckles presents satoshi tomiie|tears:offline_sidecar_no_unique_track_match,apple_music_offline_reconciliation_pass_v1,song|frankie knuckles presents satoshi tomiie|tears,graph_song,song,Frankie Knuckles presents Satoshi Tomiie,Tears,1989,us,offline_sidecar_no_unique_track_match,0,apple_song_search_no_auto_match,false
graph_song:song|french montana featuring swae lee|unforgettable:offline_sidecar_no_unique_track_match,apple_music_offline_reconciliation_pass_v1,song|french montana featuring swae lee|unforgettable,graph_song,song,French Montana featuring Swae Lee,Unforgettable,2017,us,offline_sidecar_no_unique_track_match,0,apple_song_search_no_auto_match,false
graph_song:song|fugs|crystal liaison:offline_sidecar_no_unique_track_match,apple_music_offline_reconciliation_pass_v1,song|fugs|crystal liaison,graph_song,song,The Fugs,Crystal Liaison,1968,us,offline_sidecar_no_unique_track_match,0,apple_song_search_no_auto_match,false
graph_song:song|funkadelic|not just knee deep:offline_sidecar_no_unique_track_match,apple_music_offline_reconciliation_pass_v1,song|funkadelic|not just knee deep,graph_song,song,Funkadelic,Not Just Knee Deep,1979,us,offline_sidecar_no_unique_track_match,0,apple_song_search_no_auto_match,false
graph_song:song|future feat drake|life is good:offline_sidecar_no_unique_track_match,apple_music_offline_reconciliation_pass_v1,song|future feat drake|life is good,graph_song,song,Future feat. Drake,Life Is Good,2020,us,offline_sidecar_no_unique_track_match,0,apple_song_search_needs_review_version_risk,false
graph_song:song|future feat the weeknd|low life:offline_sidecar_no_unique_track_match,apple_music_offline_reconciliation_pass_v1,song|future feat the weeknd|low life,graph_song,song,Future feat. The Weeknd,Low Life,2016,us,offline_sidecar_no_unique_track_match,0,apple_song_search_no_auto_match,false
graph_song:song|future|fuck up some commas:offline_sidecar_no_unique_track_match,apple_music_offline_reconciliation_pass_v1,song|future|fuck up some commas,graph_song,song,Future,Fuck Up Some Commas,2015,us,offline_sidecar_no_unique_track_match,0,apple_song_search_needs_review_version_risk,false
graph_song:song|galaxy 2 galaxy|hi tech jazz:offline_sidecar_no_unique_track_match,apple_music_offline_reconciliation_pass_v1,song|galaxy 2 galaxy|hi tech jazz,graph_song,song,Galaxy 2 Galaxy,Hi-Tech Jazz,1993,us,offline_sidecar_no_unique_track_match,0,apple_song_search_no_auto_match,false
graph_song:song|game theory|ericas word:offline_sidecar_no_unique_track_match,apple_music_offline_reconciliation_pass_v1,song|game theory|ericas word,graph_song,song,Game Theory,Ericas Word,1986,us,offline_sidecar_no_unique_track_match,0,apple_song_search_no_auto_match,false
graph_song:song|gang of four|at home hes a tourist:offline_sidecar_no_unique_track_match,apple_music_offline_reconciliation_pass_v1,song|gang of four|at home hes a tourist,graph_song,song,Gang of Four,At Home Hes a Tourist,1979,us,offline_sidecar_no_unique_track_match,0,apple_song_search_no_auto_match,false
graph_song:song|gang of four|naturals not in it:offline_sidecar_no_unique_track_match,apple_music_offline_reconciliation_pass_v1,song|gang of four|naturals not in it,graph_song,song,Gang of Four,Naturals Not in It,1979,us,offline_sidecar_no_unique_track_match,0,apple_song_search_no_auto_match,false
graph_song:song|gang starr|words i manifest:offline_sidecar_no_unique_track_match,apple_music_offline_reconciliation_pass_v1,song|gang starr|words i manifest,graph_song,song,Gang Starr,Words I Manifest,1989,us,offline_sidecar_no_unique_track_match,0,apple_song_search_no_auto_match,false
graph_song:song|gants|i wonder:offline_sidecar_no_unique_track_match,apple_music_offline_reconciliation_pass_v1,song|gants|i wonder,graph_song,song,The Gants,I Wonder,1965,us,offline_sidecar_no_unique_track_match,0,apple_song_search_no_auto_match,false
graph_song:song|gants|road runner:offline_sidecar_no_unique_track_match,apple_music_offline_reconciliation_pass_v1,song|gants|road runner,graph_song,song,The Gants,Road Runner,1965,us,offline_sidecar_no_unique_track_match,0,apple_song_search_needs_review_version_risk,false
graph_song:song|garth brooks|ain t going down til the sun comes up:offline_sidecar_no_unique_track_match,apple_music_offline_reconciliation_pass_v1,song|garth brooks|ain t going down til the sun comes up,graph_song,song,Garth Brooks,Ain't Going Down ('Til the Sun Comes Up),1993,us,offline_sidecar_no_unique_track_match,0,apple_song_search_no_auto_match,false
graph_song:song|garth brooks|callin baton rouge:offline_sidecar_no_unique_track_match,apple_music_offline_reconciliation_pass_v1,song|garth brooks|callin baton rouge,graph_song,song,Garth Brooks,Callin' Baton Rouge,1993,us,offline_sidecar_no_unique_track_match,0,apple_song_search_needs_review_version_risk,false
graph_song:song|garth brooks|dance:offline_sidecar_no_unique_track_match,apple_music_offline_reconciliation_pass_v1,song|garth brooks|dance,graph_song,song,Garth Brooks,The Dance,1990,us,offline_sidecar_no_unique_track_match,0,apple_song_search_no_auto_match,false
graph_song:song|garth brooks|friends in low places:offline_sidecar_no_unique_track_match,apple_music_offline_reconciliation_pass_v1,song|garth brooks|friends in low places,graph_song,song,Garth Brooks,Friends in Low Places,1990,us,offline_sidecar_no_unique_track_match,0,apple_song_search_no_auto_match,false
graph_song:song|garth brooks|much too young to feel this damn old:offline_sidecar_no_unique_track_match,apple_music_offline_reconciliation_pass_v1,song|garth brooks|much too young to feel this damn old,graph_song,song,Garth Brooks,Much Too Young (To Feel This Damn Old),1989,us,offline_sidecar_no_unique_track_match,0,apple_song_search_no_auto_match,false
graph_song:song|garth brooks|river:offline_sidecar_no_unique_track_match,apple_music_offline_reconciliation_pass_v1,song|garth brooks|river,graph_song,song,Garth Brooks,The River,1992,us,offline_sidecar_no_unique_track_match,0,apple_song_search_no_auto_match,false
graph_song:song|garth brooks|rodeo:offline_sidecar_no_unique_track_match,apple_music_offline_reconciliation_pass_v1,song|garth brooks|rodeo,graph_song,song,Garth Brooks,Rodeo,1991,us,offline_sidecar_no_unique_track_match,0,apple_song_search_no_auto_match,false
graph_song:song|garth brooks|thunder rolls:offline_sidecar_no_unique_track_match,apple_music_offline_reconciliation_pass_v1,song|garth brooks|thunder rolls,graph_song,song,Garth Brooks,The Thunder Rolls,1990,us,offline_sidecar_no_unique_track_match,0,apple_song_search_no_auto_match,false
graph_song:song|gary numan|down in the park:offline_sidecar_no_unique_track_match,apple_music_offline_reconciliation_pass_v1,song|gary numan|down in the park,graph_song,song,Gary Numan,Down in the Park,1979,us,offline_sidecar_no_unique_track_match,0,apple_song_search_no_auto_match,false
graph_song:song|gene autry|here comes santa claus:offline_sidecar_no_unique_track_match,apple_music_offline_reconciliation_pass_v1,song|gene autry|here comes santa claus,graph_song,song,Gene Autry,Here Comes Santa Claus,1947,us,offline_sidecar_no_unique_track_match,0,apple_song_search_needs_review_version_risk,false
graph_song:song|genesis|firth of fifth:offline_sidecar_no_unique_track_match,apple_music_offline_reconciliation_pass_v1,song|genesis|firth of fifth,graph_song,song,Genesis,Firth of Fifth,1973,us,offline_sidecar_no_unique_track_match,0,apple_song_search_no_auto_match,false
graph_song:song|gente de zona featuring marc anthony|la gozadera:offline_sidecar_no_unique_track_match,apple_music_offline_reconciliation_pass_v1,song|gente de zona featuring marc anthony|la gozadera,graph_song,song,Gente de Zona featuring Marc Anthony,La Gozadera,2015,us,offline_sidecar_no_unique_track_match,0,apple_song_search_no_auto_match,false
graph_song:song|germs|forming:offline_sidecar_no_unique_track_match,apple_music_offline_reconciliation_pass_v1,song|germs|forming,graph_song,song,Germs,Forming,1977,us,offline_sidecar_no_unique_track_match,0,apple_song_search_no_auto_match,false
graph_song:song|gestures|run run run:offline_sidecar_no_unique_track_match,apple_music_offline_reconciliation_pass_v1,song|gestures|run run run,graph_song,song,The Gestures,"Run, Run, Run",1964,us,offline_sidecar_no_unique_track_match,0,apple_song_search_no_auto_match,false
graph_song:song|girlfriends|my one and only jimmy boy:offline_sidecar_no_unique_track_match,apple_music_offline_reconciliation_pass_v1,song|girlfriends|my one and only jimmy boy,graph_song,song,The Girlfriends,My One and Only Jimmy Boy,1963,us,offline_sidecar_no_unique_track_match,0,apple_song_search_no_auto_match,false
graph_song:song|gladys knight and the pips|if i were your woman:offline_sidecar_no_unique_track_match,apple_music_offline_reconciliation_pass_v1,song|gladys knight and the pips|if i were your woman,graph_song,song,Gladys Knight & The Pips,If I Were Your Woman,1970,us,offline_sidecar_no_unique_track_match,0,apple_song_search_no_auto_match,false
graph_song:song|glynis johns|send in the clowns:offline_sidecar_no_unique_track_match,apple_music_offline_reconciliation_pass_v1,song|glynis johns|send in the clowns,graph_song,song,Glynis Johns,Send in the Clowns,1973,us,offline_sidecar_no_unique_track_match,0,apple_song_search_needs_review_version_risk,false
graph_song:song|gmwa women of worship|order my steps:offline_sidecar_no_unique_track_match,apple_music_offline_reconciliation_pass_v1,song|gmwa women of worship|order my steps,graph_song,song,GMWA Women of Worship,Order My Steps,1996,us,offline_sidecar_no_unique_track_match,0,apple_song_search_needs_review_version_risk,false
graph_song:song|go gos|head over heels:offline_sidecar_no_unique_track_match,apple_music_offline_reconciliation_pass_v1,song|go gos|head over heels,graph_song,song,The Go-Gos,Head Over Heels,1984,us,offline_sidecar_no_unique_track_match,0,apple_song_search_no_auto_match,false
graph_song:song|go gos|vacation:offline_sidecar_no_unique_track_match,apple_music_offline_reconciliation_pass_v1,song|go gos|vacation,graph_song,song,The Go-Gos,Vacation,1982,us,offline_sidecar_no_unique_track_match,0,apple_song_search_no_auto_match,false
graph_song:song|go gos|we got the beat:offline_sidecar_no_unique_track_match,apple_music_offline_reconciliation_pass_v1,song|go gos|we got the beat,graph_song,song,The Go-Gos,We Got the Beat,1981,us,offline_sidecar_no_unique_track_match,0,apple_song_search_no_auto_match,false
graph_song:song|god s property featuring kirk franklin|stomp:offline_sidecar_no_unique_track_match,apple_music_offline_reconciliation_pass_v1,song|god s property featuring kirk franklin|stomp,graph_song,song,God's Property featuring Kirk Franklin,Stomp,1997,us,offline_sidecar_no_unique_track_match,0,apple_song_search_no_auto_match,false
graph_song:song|goodie mob|they don t dance no mo:offline_sidecar_no_unique_track_match,apple_music_offline_reconciliation_pass_v1,song|goodie mob|they don t dance no mo,graph_song,song,Goodie Mob,They Don't Dance No Mo',1998,us,offline_sidecar_no_unique_track_match,0,apple_song_search_no_auto_match,false
graph_song:song|gq|disco nights rock freak:offline_sidecar_no_unique_track_match,apple_music_offline_reconciliation_pass_v1,song|gq|disco nights rock freak,graph_song,song,GQ,Disco Nights (Rock-Freak),1979,us,offline_sidecar_no_unique_track_match,0,apple_song_search_no_auto_match,false
graph_song:song|grandmaster flash and melle mel|white lines:offline_sidecar_no_unique_track_match,apple_music_offline_reconciliation_pass_v1,song|grandmaster flash and melle mel|white lines,graph_song,song,Grandmaster Flash & Melle Mel,White Lines,1983,us,offline_sidecar_no_unique_track_match,0,apple_song_search_no_auto_match,false
graph_song:song|grandmaster flash and the furious five|freedom:offline_sidecar_no_unique_track_match,apple_music_offline_reconciliation_pass_v1,song|grandmaster flash and the furious five|freedom,graph_song,song,Grandmaster Flash and the Furious Five,Freedom,1980,us,offline_sidecar_no_unique_track_match,0,apple_song_search_no_auto_match,false
graph_song:song|grass roots|where were you when i needed you:offline_sidecar_no_unique_track_match,apple_music_offline_reconciliation_pass_v1,song|grass roots|where were you when i needed you,graph_song,song,The Grass Roots,Where Were You When I Needed You,1966,us,offline_sidecar_no_unique_track_match,0,apple_song_search_no_auto_match,false
graph_song:song|grateful dead|dark star:offline_sidecar_no_unique_track_match,apple_music_offline_reconciliation_pass_v1,song|grateful dead|dark star,graph_song,song,Grateful Dead,Dark Star,1968,us,offline_sidecar_no_unique_track_match,0,apple_song_search_no_auto_match,false
graph_song:song|green day|j a r:offline_sidecar_no_unique_track_match,apple_music_offline_reconciliation_pass_v1,song|green day|j a r,graph_song,song,Green Day,J.A.R.,1995,us,offline_sidecar_no_unique_track_match,0,apple_song_search_needs_review_version_risk,false
graph_song:song|green velvet|flash:offline_sidecar_no_unique_track_match,apple_music_offline_reconciliation_pass_v1,song|green velvet|flash,graph_song,song,Green Velvet,Flash,1995,us,offline_sidecar_no_unique_track_match,0,apple_song_search_needs_review_version_risk,false
graph_song:song|greenhornes|saying goodbye:offline_sidecar_no_unique_track_match,apple_music_offline_reconciliation_pass_v1,song|greenhornes|saying goodbye,graph_song,song,The Greenhornes,Saying Goodbye,2002,us,offline_sidecar_no_unique_track_match,0,apple_song_search_no_auto_match,false
graph_song:song|grupo firme and lenin ramirez|yo ya no vuelvo contigo:offline_sidecar_no_unique_track_match,apple_music_offline_reconciliation_pass_v1,song|grupo firme and lenin ramirez|yo ya no vuelvo contigo,graph_song,song,Grupo Firme and Lenin Ramirez,Yo Ya No Vuelvo Contigo,2019,us,offline_sidecar_no_unique_track_match,0,apple_song_search_no_auto_match,false
graph_song:song|grupo frontera|no se va:offline_sidecar_no_unique_track_match,apple_music_offline_reconciliation_pass_v1,song|grupo frontera|no se va,graph_song,song,Grupo Frontera,No Se Va,2022,us,offline_sidecar_no_unique_track_match,0,apple_song_search_no_auto_match,false
graph_song:song|gucci mane feat migos|i get the bag:offline_sidecar_no_unique_track_match,apple_music_offline_reconciliation_pass_v1,song|gucci mane feat migos|i get the bag,graph_song,song,Gucci Mane feat. Migos,I Get the Bag,2017,us,offline_sidecar_no_unique_track_match,0,apple_song_search_no_auto_match,false
graph_song:song|gucci mane feat plies|wasted:offline_sidecar_no_unique_track_match,apple_music_offline_reconciliation_pass_v1,song|gucci mane feat plies|wasted,graph_song,song,Gucci Mane feat. Plies,Wasted,2009,us,offline_sidecar_no_unique_track_match,0,apple_song_search_needs_review_version_risk,false
graph_song:song|gusto|disco s revenge:offline_sidecar_no_unique_track_match,apple_music_offline_reconciliation_pass_v1,song|gusto|disco s revenge,graph_song,song,Gusto,Disco's Revenge,1995,us,offline_sidecar_no_unique_track_match,0,apple_song_search_no_auto_match,false
graph_song:song|gym class heroes feat adam levine|stereo hearts:offline_sidecar_no_unique_track_match,apple_music_offline_reconciliation_pass_v1,song|gym class heroes feat adam levine|stereo hearts,graph_song,song,Gym Class Heroes feat. Adam Levine,Stereo Hearts,2011,us,offline_sidecar_no_unique_track_match,0,apple_song_search_no_auto_match,false
graph_song:song|h e r|best part:offline_sidecar_no_unique_track_match,apple_music_offline_reconciliation_pass_v1,song|h e r|best part,graph_song,song,H.E.R.,Best Part,2017,us,offline_sidecar_no_unique_track_match,0,apple_song_search_no_auto_match,false
graph_song:song|h e r|could ve been:offline_sidecar_no_unique_track_match,apple_music_offline_reconciliation_pass_v1,song|h e r|could ve been,graph_song,song,H.E.R.,Could've Been,2018,us,offline_sidecar_no_unique_track_match,0,apple_song_search_no_auto_match,false
graph_song:song|hall and oates|kiss on my list:offline_sidecar_no_unique_track_match,apple_music_offline_reconciliation_pass_v1,song|hall and oates|kiss on my list,graph_song,song,Hall & Oates,Kiss on My List,1980,us,offline_sidecar_no_unique_track_match,0,apple_song_search_no_auto_match,false
graph_song:song|hall and oates|maneater:offline_sidecar_no_unique_track_match,apple_music_offline_reconciliation_pass_v1,song|hall and oates|maneater,graph_song,song,Hall & Oates,Maneater,1982,us,offline_sidecar_no_unique_track_match,0,apple_song_search_no_auto_match,false
graph_song:song|hall and oates|out of touch:offline_sidecar_no_unique_track_match,apple_music_offline_reconciliation_pass_v1,song|hall and oates|out of touch,graph_song,song,Hall & Oates,Out of Touch,1984,us,offline_sidecar_no_unique_track_match,0,apple_song_search_no_auto_match,false
graph_song:song|hall and oates|private eyes:offline_sidecar_no_unique_track_match,apple_music_offline_reconciliation_pass_v1,song|hall and oates|private eyes,graph_song,song,Hall & Oates,Private Eyes,1981,us,offline_sidecar_no_unique_track_match,0,apple_song_search_no_auto_match,false
graph_song:song|hall and oates|you make my dreams:offline_sidecar_no_unique_track_match,apple_music_offline_reconciliation_pass_v1,song|hall and oates|you make my dreams,graph_song,song,Hall & Oates,You Make My Dreams,1980,us,offline_sidecar_no_unique_track_match,0,apple_song_search_no_auto_match,false
graph_song:song|hank snow|i m moving on:offline_sidecar_no_unique_track_match,apple_music_offline_reconciliation_pass_v1,song|hank snow|i m moving on,graph_song,song,Hank Snow,I'm Moving On,1950,us,offline_sidecar_no_unique_track_match,0,apple_song_search_no_auto_match,false
graph_song:song|harry connick jr|it had to be you:offline_sidecar_no_unique_track_match,apple_music_offline_reconciliation_pass_v1,song|harry connick jr|it had to be you,graph_song,song,Harry Connick Jr.,It Had to Be You,1989,us,offline_sidecar_no_unique_track_match,0,apple_song_search_needs_review_version_risk,false
graph_song:song|hashim|al naafiysh the soul:offline_sidecar_no_unique_track_match,apple_music_offline_reconciliation_pass_v1,song|hashim|al naafiysh the soul,graph_song,song,Hashim,Al-Naafiysh (The Soul),1983,us,offline_sidecar_no_unique_track_match,0,apple_song_search_needs_review_version_risk,false
graph_song:song|haunted|1 2 5:offline_sidecar_no_unique_track_match,apple_music_offline_reconciliation_pass_v1,song|haunted|1 2 5,graph_song,song,The Haunted,1-2-5,1966,us,offline_sidecar_no_unique_track_match,0,apple_song_search_no_auto_match,false
graph_song:song|heavy d and the boyz|now that we found love:offline_sidecar_no_unique_track_match,apple_music_offline_reconciliation_pass_v1,song|heavy d and the boyz|now that we found love,graph_song,song,Heavy D & The Boyz,Now That We Found Love,1991,us,offline_sidecar_no_unique_track_match,0,apple_song_search_no_auto_match,false
graph_song:song|hello|new york groove:offline_sidecar_no_unique_track_match,apple_music_offline_reconciliation_pass_v1,song|hello|new york groove,graph_song,song,Hello,New York Groove,1975,us,offline_sidecar_no_unique_track_match,0,apple_song_search_no_auto_match,false
graph_song:song|hildur gudnadottir|bathroom dance:offline_sidecar_no_unique_track_match,apple_music_offline_reconciliation_pass_v1,song|hildur gudnadottir|bathroom dance,graph_song,song,Hildur Gudnadottir,Bathroom Dance,2019,us,offline_sidecar_no_unique_track_match,0,apple_song_search_needs_review_version_risk,false
graph_song:song|hillsong united|from the inside out:offline_sidecar_no_unique_track_match,apple_music_offline_reconciliation_pass_v1,song|hillsong united|from the inside out,graph_song,song,Hillsong United,From the Inside Out,2006,us,offline_sidecar_no_unique_track_match,0,apple_song_search_no_auto_match,false
graph_song:song|hiroshi yoshimura|green:offline_sidecar_no_unique_track_match,apple_music_offline_reconciliation_pass_v1,song|hiroshi yoshimura|green,graph_song,song,Hiroshi Yoshimura,Green,1986,us,offline_sidecar_no_unique_track_match,0,apple_song_search_no_auto_match,false
graph_song:song|hoku|perfect day:offline_sidecar_no_unique_track_match,apple_music_offline_reconciliation_pass_v1,song|hoku|perfect day,graph_song,song,Hoku,Perfect Day,2001,us,offline_sidecar_no_unique_track_match,0,apple_song_search_no_auto_match,false
graph_song:song|hollies|carrie anne:offline_sidecar_no_unique_track_match,apple_music_offline_reconciliation_pass_v1,song|hollies|carrie anne,graph_song,song,The Hollies,Carrie Anne,1967,us,offline_sidecar_no_unique_track_match,0,apple_song_search_no_auto_match,false
graph_song:song|howard shore|shire:offline_sidecar_no_unique_track_match,apple_music_offline_reconciliation_pass_v1,song|howard shore|shire,graph_song,song,Howard Shore,The Shire,2001,us,offline_sidecar_no_unique_track_match,0,apple_song_search_no_auto_match,false
graph_song:song|human league|love action:offline_sidecar_no_unique_track_match,apple_music_offline_reconciliation_pass_v1,song|human league|love action,graph_song,song,The Human League,Love Action,1981,us,offline_sidecar_no_unique_track_match,0,apple_song_search_no_auto_match,false
graph_song:song|husker du|dont want to know if you are lonely:offline_sidecar_no_unique_track_match,apple_music_offline_reconciliation_pass_v1,song|husker du|dont want to know if you are lonely,graph_song,song,Husker Du,Dont Want to Know If You Are Lonely,1986,us,offline_sidecar_no_unique_track_match,0,apple_song_search_no_auto_match,false
graph_song:song|ibrahim ferrer|dos gardenias:offline_sidecar_no_unique_track_match,apple_music_offline_reconciliation_pass_v1,song|ibrahim ferrer|dos gardenias,graph_song,song,Ibrahim Ferrer,Dos Gardenias,1997,us,offline_sidecar_no_unique_track_match,0,apple_song_search_no_auto_match,false
graph_song:song|idealism|both of us:offline_sidecar_no_unique_track_match,apple_music_offline_reconciliation_pass_v1,song|idealism|both of us,graph_song,song,idealism,both of us,2016,us,offline_sidecar_no_unique_track_match,0,apple_song_search_no_auto_match,false
graph_song:song|idealism|hiraeth:offline_sidecar_no_unique_track_match,apple_music_offline_reconciliation_pass_v1,song|idealism|hiraeth,graph_song,song,idealism,Hiraeth,2018,us,offline_sidecar_no_unique_track_match,0,apple_song_search_no_auto_match,false
graph_song:song|idina menzel and kristin chenoweth|defying gravity:offline_sidecar_no_unique_track_match,apple_music_offline_reconciliation_pass_v1,song|idina menzel and kristin chenoweth|defying gravity,graph_song,song,Idina Menzel and Kristin Chenoweth,Defying Gravity,2003,us,offline_sidecar_no_unique_track_match,0,apple_song_search_no_auto_match,false
graph_song:song|iggy azalea feat charli xcx|fancy:offline_sidecar_no_unique_track_match,apple_music_offline_reconciliation_pass_v1,song|iggy azalea feat charli xcx|fancy,graph_song,song,Iggy Azalea feat. Charli XCX,Fancy,2014,us,offline_sidecar_no_unique_track_match,0,apple_song_search_no_auto_match,false
graph_song:song|il divo|regresa a mi:offline_sidecar_no_unique_track_match,apple_music_offline_reconciliation_pass_v1,song|il divo|regresa a mi,graph_song,song,Il Divo,Regresa a Mi,2004,us,offline_sidecar_no_unique_track_match,0,apple_song_search_needs_review_version_risk,false
graph_song:song|imperial brothers|we come to rock:offline_sidecar_no_unique_track_match,apple_music_offline_reconciliation_pass_v1,song|imperial brothers|we come to rock,graph_song,song,Imperial Brothers,We Come to Rock,1984,us,offline_sidecar_no_unique_track_match,0,apple_song_search_no_auto_match,false
graph_song:song|impressions|gypsy woman:offline_sidecar_no_unique_track_match,apple_music_offline_reconciliation_pass_v1,song|impressions|gypsy woman,graph_song,song,The Impressions,Gypsy Woman,1961,us,offline_sidecar_no_unique_track_match,0,apple_song_search_no_auto_match,false
graph_song:song|indigo girls|shame on you:offline_sidecar_no_unique_track_match,apple_music_offline_reconciliation_pass_v1,song|indigo girls|shame on you,graph_song,song,Indigo Girls,Shame on You,1997,us,offline_sidecar_no_unique_track_match,0,apple_song_search_no_auto_match,false
graph_song:song|injury reserve feat amine and rico nasty|jailbreak the tesla:offline_sidecar_no_unique_track_match,apple_music_offline_reconciliation_pass_v1,song|injury reserve feat amine and rico nasty|jailbreak the tesla,graph_song,song,Injury Reserve feat. Aminé and Rico Nasty,Jailbreak the Tesla,2019,us,offline_sidecar_no_unique_track_match,0,apple_song_search_needs_review_version_risk,false
graph_song:song|innerzone orchestra|bug in the bassbin:offline_sidecar_no_unique_track_match,apple_music_offline_reconciliation_pass_v1,song|innerzone orchestra|bug in the bassbin,graph_song,song,Innerzone Orchestra,Bug in the Bassbin,1992,us,offline_sidecar_no_unique_track_match,0,apple_song_search_no_auto_match,false
graph_song:song|internet|girl:offline_sidecar_no_unique_track_match,apple_music_offline_reconciliation_pass_v1,song|internet|girl,graph_song,song,The Internet,Girl,2015,us,offline_sidecar_no_unique_track_match,0,apple_song_search_no_auto_match,false
graph_song:song|iron maiden|trooper:offline_sidecar_no_unique_track_match,apple_music_offline_reconciliation_pass_v1,song|iron maiden|trooper,graph_song,song,Iron Maiden,The Trooper,1983,us,offline_sidecar_no_unique_track_match,0,apple_song_search_no_auto_match,false
graph_song:song|isley brothers|fight the power:offline_sidecar_no_unique_track_match,apple_music_offline_reconciliation_pass_v1,song|isley brothers|fight the power,graph_song,song,The Isley Brothers,Fight the Power,1975,us,offline_sidecar_no_unique_track_match,0,apple_song_search_no_auto_match,false
graph_song:song|isley brothers|pride:offline_sidecar_no_unique_track_match,apple_music_offline_reconciliation_pass_v1,song|isley brothers|pride,graph_song,song,The Isley Brothers,The Pride,1977,us,offline_sidecar_no_unique_track_match,0,apple_song_search_no_auto_match,false
graph_song:song|isley brothers|shout:offline_sidecar_no_unique_track_match,apple_music_offline_reconciliation_pass_v1,song|isley brothers|shout,graph_song,song,The Isley Brothers,Shout,1959,us,offline_sidecar_no_unique_track_match,0,apple_song_search_no_auto_match,false
graph_song:song|isley brothers|that lady:offline_sidecar_no_unique_track_match,apple_music_offline_reconciliation_pass_v1,song|isley brothers|that lady,graph_song,song,The Isley Brothers,That Lady,1973,us,offline_sidecar_no_unique_track_match,0,apple_song_search_needs_review_version_risk,false
graph_song:song|ismael rivera|el nazareno:offline_sidecar_no_unique_track_match,apple_music_offline_reconciliation_pass_v1,song|ismael rivera|el nazareno,graph_song,song,Ismael Rivera,El Nazareno,1974,us,offline_sidecar_no_unique_track_match,0,apple_song_search_no_auto_match,false
graph_song:song|j cole feat miguel|power trip:offline_sidecar_no_unique_track_match,apple_music_offline_reconciliation_pass_v1,song|j cole feat miguel|power trip,graph_song,song,J. Cole feat. Miguel,Power Trip,2013,us,offline_sidecar_no_unique_track_match,0,apple_song_search_needs_review_version_risk,false
graph_song:song|j san|awake:offline_sidecar_no_unique_track_match,apple_music_offline_reconciliation_pass_v1,song|j san|awake,graph_song,song,j'san,awake,2017,us,offline_sidecar_no_unique_track_match,0,apple_song_search_no_auto_match,false
graph_song:song|jackson 5|santa claus is comin to town:offline_sidecar_no_unique_track_match,apple_music_offline_reconciliation_pass_v1,song|jackson 5|santa claus is comin to town,graph_song,song,The Jackson 5,Santa Claus Is Comin' to Town,1970,us,offline_sidecar_no_unique_track_match,0,apple_song_search_needs_review_version_risk,false
graph_song:song|james brown|get up i feel like being a sex machine:offline_sidecar_no_unique_track_match,apple_music_offline_reconciliation_pass_v1,song|james brown|get up i feel like being a sex machine,graph_song,song,James Brown,Get Up (I Feel Like Being a) Sex Machine,1970,us,offline_sidecar_no_unique_track_match,0,apple_song_search_needs_review_version_risk,false
graph_song:song|james brown|get up offa that thing:offline_sidecar_no_unique_track_match,apple_music_offline_reconciliation_pass_v1,song|james brown|get up offa that thing,graph_song,song,James Brown,Get Up Offa That Thing,1976,us,offline_sidecar_no_unique_track_match,0,apple_song_search_no_auto_match,false
graph_song:song|james brown|papa s got a brand new bag:offline_sidecar_no_unique_track_match,apple_music_offline_reconciliation_pass_v1,song|james brown|papa s got a brand new bag,graph_song,song,James Brown,Papa's Got a Brand New Bag,1965,us,offline_sidecar_no_unique_track_match,0,apple_song_search_no_auto_match,false
graph_song:song|james brown|soul power:offline_sidecar_no_unique_track_match,apple_music_offline_reconciliation_pass_v1,song|james brown|soul power,graph_song,song,James Brown,Soul Power,1971,us,offline_sidecar_no_unique_track_match,0,apple_song_search_no_auto_match,false
graph_song:song|janis ian|society s child:offline_sidecar_no_unique_track_match,apple_music_offline_reconciliation_pass_v1,song|janis ian|society s child,graph_song,song,Janis Ian,Society's Child,1966,us,offline_sidecar_no_unique_track_match,0,apple_song_search_no_auto_match,false
graph_song:song|jason weaver laura williams and rowan atkinson|i just can t wait to be king:offline_sidecar_no_unique_track_match,apple_music_offline_reconciliation_pass_v1,song|jason weaver laura williams and rowan atkinson|i just can t wait to be king,graph_song,song,"Jason Weaver, Laura Williams and Rowan Atkinson",I Just Can't Wait to Be King,1994,us,offline_sidecar_no_unique_track_match,0,apple_song_search_needs_review_version_risk,false
graph_song:song|jay z and kanye west|n s in paris:offline_sidecar_no_unique_track_match,apple_music_offline_reconciliation_pass_v1,song|jay z and kanye west|n s in paris,graph_song,song,Jay-Z and Kanye West,N****s in Paris,2011,us,offline_sidecar_no_unique_track_match,0,apple_song_search_needs_review_version_risk,false
graph_song:song|jay z feat alicia keys|empire state of mind:offline_sidecar_no_unique_track_match,apple_music_offline_reconciliation_pass_v1,song|jay z feat alicia keys|empire state of mind,graph_song,song,Jay-Z feat. Alicia Keys,Empire State of Mind,2009,us,offline_sidecar_no_unique_track_match,0,apple_song_search_no_auto_match,false
graph_song:song|jay z feat beyonce|03 bonnie and clyde:offline_sidecar_no_unique_track_match,apple_music_offline_reconciliation_pass_v1,song|jay z feat beyonce|03 bonnie and clyde,graph_song,song,Jay-Z feat. Beyonce,03 Bonnie & Clyde,2002,us,offline_sidecar_no_unique_track_match,0,apple_song_search_needs_review_version_risk,false
graph_song:song|jay z feat ugk|big pimpin:offline_sidecar_no_unique_track_match,apple_music_offline_reconciliation_pass_v1,song|jay z feat ugk|big pimpin,graph_song,song,Jay-Z feat. UGK,Big Pimpin',1999,us,offline_sidecar_no_unique_track_match,0,apple_song_search_no_auto_match,false
graph_song:song|jayhawks|waiting for a superman:offline_sidecar_no_unique_track_match,apple_music_offline_reconciliation_pass_v1,song|jayhawks|waiting for a superman,graph_song,song,The Jayhawks,Waiting for a Superman,2003,us,offline_sidecar_no_unique_track_match,0,apple_song_search_no_results,false
graph_song:song|jean shepard and ferlin husky|a dear john letter:offline_sidecar_no_unique_track_match,apple_music_offline_reconciliation_pass_v1,song|jean shepard and ferlin husky|a dear john letter,graph_song,song,Jean Shepard and Ferlin Husky,A Dear John Letter,1953,us,offline_sidecar_no_unique_track_match,0,apple_song_search_needs_review_version_risk,false
graph_song:song|jeezy feat akon|soul survivor:offline_sidecar_no_unique_track_match,apple_music_offline_reconciliation_pass_v1,song|jeezy feat akon|soul survivor,graph_song,song,Jeezy feat. Akon,Soul Survivor,2005,us,offline_sidecar_no_unique_track_match,0,apple_song_search_needs_review_version_risk,false
graph_song:song|jeezy feat jay z|go crazy remix:offline_sidecar_no_unique_track_match,apple_music_offline_reconciliation_pass_v1,song|jeezy feat jay z|go crazy remix,graph_song,song,Jeezy feat. Jay-Z,Go Crazy (Remix),2005,us,offline_sidecar_no_unique_track_match,0,apple_song_search_needs_review_version_risk,false
graph_song:song|jeezy feat kanye west|put on:offline_sidecar_no_unique_track_match,apple_music_offline_reconciliation_pass_v1,song|jeezy feat kanye west|put on,graph_song,song,Jeezy feat. Kanye West,Put On,2008,us,offline_sidecar_no_unique_track_match,0,apple_song_search_no_auto_match,false
graph_song:song|jeezy feat r kelly|go getta:offline_sidecar_no_unique_track_match,apple_music_offline_reconciliation_pass_v1,song|jeezy feat r kelly|go getta,graph_song,song,Jeezy feat. R. Kelly,Go Getta,2006,us,offline_sidecar_no_unique_track_match,0,apple_song_search_needs_review_version_risk,false
graph_song:song|jeezy|and then what:offline_sidecar_no_unique_track_match,apple_music_offline_reconciliation_pass_v1,song|jeezy|and then what,graph_song,song,Jeezy,And Then What,2005,us,offline_sidecar_no_unique_track_match,0,apple_song_search_no_auto_match,false
graph_song:song|jeff mills|alarms:offline_sidecar_no_unique_track_match,apple_music_offline_reconciliation_pass_v1,song|jeff mills|alarms,graph_song,song,Jeff Mills,Alarms,1996,us,offline_sidecar_no_unique_track_match,0,apple_song_search_no_auto_match,false
graph_song:song|jeff mills|bells:offline_sidecar_no_unique_track_match,apple_music_offline_reconciliation_pass_v1,song|jeff mills|bells,graph_song,song,Jeff Mills,The Bells,1996,us,offline_sidecar_no_unique_track_match,0,apple_song_search_no_auto_match,false
graph_song:song|jeff mills|changes of life:offline_sidecar_no_unique_track_match,apple_music_offline_reconciliation_pass_v1,song|jeff mills|changes of life,graph_song,song,Jeff Mills,Changes of Life,1992,us,offline_sidecar_no_unique_track_match,0,apple_song_search_no_auto_match,false
graph_song:song|jenifer lewis|dig a little deeper:offline_sidecar_no_unique_track_match,apple_music_offline_reconciliation_pass_v1,song|jenifer lewis|dig a little deeper,graph_song,song,Jenifer Lewis,Dig a Little Deeper,2009,us,offline_sidecar_no_unique_track_match,0,apple_song_search_needs_review_version_risk,false
graph_song:song|jenn johnson|revelation song:offline_sidecar_no_unique_track_match,apple_music_offline_reconciliation_pass_v1,song|jenn johnson|revelation song,graph_song,song,Jenn Johnson,Revelation Song,2009,us,offline_sidecar_no_unique_track_match,0,apple_song_search_needs_review_version_risk,false
graph_song:song|jennifer lopez featuring pitbull|on the floor:offline_sidecar_no_unique_track_match,apple_music_offline_reconciliation_pass_v1,song|jennifer lopez featuring pitbull|on the floor,graph_song,song,Jennifer Lopez featuring Pitbull,On the Floor,2011,us,offline_sidecar_no_unique_track_match,0,apple_song_search_no_auto_match,false
graph_song:song|jennifer lopez|all i have:offline_sidecar_no_unique_track_match,apple_music_offline_reconciliation_pass_v1,song|jennifer lopez|all i have,graph_song,song,Jennifer Lopez,All I Have,2002,us,offline_sidecar_no_unique_track_match,0,apple_song_search_no_auto_match,false
graph_song:song|jennifer lopez|jenny from the block:offline_sidecar_no_unique_track_match,apple_music_offline_reconciliation_pass_v1,song|jennifer lopez|jenny from the block,graph_song,song,Jennifer Lopez,Jenny from the Block,2002,us,offline_sidecar_no_unique_track_match,0,apple_song_search_no_auto_match,false
graph_song:song|jerry jeff walker|up against the wall redneck mother:offline_sidecar_no_unique_track_match,apple_music_offline_reconciliation_pass_v1,song|jerry jeff walker|up against the wall redneck mother,graph_song,song,Jerry Jeff Walker,"Up Against the Wall, Redneck Mother",1973,us,offline_sidecar_no_unique_track_match,0,apple_song_search_needs_review_version_risk,false
graph_song:song|jeru the damaja|come clean:offline_sidecar_no_unique_track_match,apple_music_offline_reconciliation_pass_v1,song|jeru the damaja|come clean,graph_song,song,Jeru the Damaja,Come Clean,1993,us,offline_sidecar_no_unique_track_match,0,apple_song_search_no_auto_match,false
graph_song:song|jesus culture|one thing remains:offline_sidecar_no_unique_track_match,apple_music_offline_reconciliation_pass_v1,song|jesus culture|one thing remains,graph_song,song,Jesus Culture,One Thing Remains,2011,us,offline_sidecar_no_unique_track_match,0,apple_song_search_needs_review_version_risk,false
graph_song:song|jesus culture|your love never fails:offline_sidecar_no_unique_track_match,apple_music_offline_reconciliation_pass_v1,song|jesus culture|your love never fails,graph_song,song,Jesus Culture,Your Love Never Fails,2008,us,offline_sidecar_no_unique_track_match,0,apple_song_search_needs_review_version_risk,false
graph_song:song|jhay cortez and bad bunny|dakiti:offline_sidecar_no_unique_track_match,apple_music_offline_reconciliation_pass_v1,song|jhay cortez and bad bunny|dakiti,graph_song,song,Jhay Cortez and Bad Bunny,Dakiti,2020,us,offline_sidecar_no_unique_track_match,0,apple_song_search_no_auto_match,false
graph_song:song|jim croce|operator:offline_sidecar_no_unique_track_match,apple_music_offline_reconciliation_pass_v1,song|jim croce|operator,graph_song,song,Jim Croce,Operator,1972,us,offline_sidecar_no_unique_track_match,0,apple_song_search_no_auto_match,false
graph_song:song|jim henson as ernie|rubber duckie:offline_sidecar_no_unique_track_match,apple_music_offline_reconciliation_pass_v1,song|jim henson as ernie|rubber duckie,graph_song,song,Jim Henson as Ernie,Rubber Duckie,1970,us,offline_sidecar_no_unique_track_match,0,apple_song_search_needs_review_version_risk,false
graph_song:song|jinsang|life:offline_sidecar_no_unique_track_match,apple_music_offline_reconciliation_pass_v1,song|jinsang|life,graph_song,song,Jinsang,Life,2016,us,offline_sidecar_no_unique_track_match,0,apple_song_search_no_auto_match,false
graph_song:song|jobriath|i maman:offline_sidecar_no_unique_track_match,apple_music_offline_reconciliation_pass_v1,song|jobriath|i maman,graph_song,song,Jobriath,I'maman,1973,us,offline_sidecar_no_unique_track_match,0,apple_song_search_no_auto_match,false
graph_song:song|joe cuba sextet|el raton:offline_sidecar_no_unique_track_match,apple_music_offline_reconciliation_pass_v1,song|joe cuba sextet|el raton,graph_song,song,Joe Cuba Sextet,El Raton,1964,us,offline_sidecar_no_unique_track_match,0,apple_song_search_no_auto_match,false
graph_song:song|joey beltram|my sound:offline_sidecar_no_unique_track_match,apple_music_offline_reconciliation_pass_v1,song|joey beltram|my sound,graph_song,song,Joey Beltram,My Sound,1991,us,offline_sidecar_no_unique_track_match,0,apple_song_search_needs_review_version_risk,false
graph_song:song|joff bush|bluey theme tune:offline_sidecar_no_unique_track_match,apple_music_offline_reconciliation_pass_v1,song|joff bush|bluey theme tune,graph_song,song,Joff Bush,Bluey Theme Tune,2018,us,offline_sidecar_no_unique_track_match,0,apple_song_search_needs_review_version_risk,false
graph_song:song|john barry orchestra|james bond theme:offline_sidecar_no_unique_track_match,apple_music_offline_reconciliation_pass_v1,song|john barry orchestra|james bond theme,graph_song,song,John Barry Orchestra,James Bond Theme,1962,us,offline_sidecar_no_unique_track_match,0,apple_song_search_no_auto_match,false
graph_song:song|john lennon and yoko ono|happy xmas war is over:offline_sidecar_no_unique_track_match,apple_music_offline_reconciliation_pass_v1,song|john lennon and yoko ono|happy xmas war is over,graph_song,song,John Lennon and Yoko Ono,Happy Xmas (War Is Over),1971,us,offline_sidecar_no_unique_track_match,0,apple_song_search_no_auto_match,false
graph_song:song|john prine|in spite of ourselves:offline_sidecar_no_unique_track_match,apple_music_offline_reconciliation_pass_v1,song|john prine|in spite of ourselves,graph_song,song,John Prine,In Spite of Ourselves,1999,us,offline_sidecar_no_unique_track_match,0,apple_song_search_no_auto_match,false
graph_song:song|john williams|across the stars:offline_sidecar_no_unique_track_match,apple_music_offline_reconciliation_pass_v1,song|john williams|across the stars,graph_song,song,John Williams,Across the Stars,2002,us,offline_sidecar_no_unique_track_match,0,apple_song_search_needs_review_version_risk,false
graph_song:song|john williams|flying theme:offline_sidecar_no_unique_track_match,apple_music_offline_reconciliation_pass_v1,song|john williams|flying theme,graph_song,song,John Williams,Flying Theme,1982,us,offline_sidecar_no_unique_track_match,0,apple_song_search_needs_review_version_risk,false
graph_song:song|john williams|imperial march:offline_sidecar_no_unique_track_match,apple_music_offline_reconciliation_pass_v1,song|john williams|imperial march,graph_song,song,John Williams,The Imperial March,1980,us,offline_sidecar_no_unique_track_match,0,apple_song_search_no_auto_match,false
graph_song:song|john williams|raiders march:offline_sidecar_no_unique_track_match,apple_music_offline_reconciliation_pass_v1,song|john williams|raiders march,graph_song,song,John Williams,The Raiders March,1981,us,offline_sidecar_no_unique_track_match,0,apple_song_search_needs_review_version_risk,false
graph_song:song|john williams|somewhere in my memory:offline_sidecar_no_unique_track_match,apple_music_offline_reconciliation_pass_v1,song|john williams|somewhere in my memory,graph_song,song,John Williams,Somewhere in My Memory,1990,us,offline_sidecar_no_unique_track_match,0,apple_song_search_needs_review_version_risk,false
graph_song:song|john williams|theme from jaws:offline_sidecar_no_unique_track_match,apple_music_offline_reconciliation_pass_v1,song|john williams|theme from jaws,graph_song,song,John Williams,Theme from Jaws,1975,us,offline_sidecar_no_unique_track_match,0,apple_song_search_needs_review_version_risk,false
graph_song:song|john williams|theme from superman:offline_sidecar_no_unique_track_match,apple_music_offline_reconciliation_pass_v1,song|john williams|theme from superman,graph_song,song,John Williams,Theme from Superman,1978,us,offline_sidecar_no_unique_track_match,0,apple_song_search_needs_review_version_risk,false
graph_song:song|johnny burnette and the rock n roll trio|train kept a rollin:offline_sidecar_no_unique_track_match,apple_music_offline_reconciliation_pass_v1,song|johnny burnette and the rock n roll trio|train kept a rollin,graph_song,song,Johnny Burnette and the Rock 'n Roll Trio,Train Kept A-Rollin',1956,us,offline_sidecar_no_unique_track_match,0,apple_song_search_no_auto_match,false
graph_song:song|johnny pacheco|acuyuye:offline_sidecar_no_unique_track_match,apple_music_offline_reconciliation_pass_v1,song|johnny pacheco|acuyuye,graph_song,song,Johnny Pacheco,Acuyuye,1971,us,offline_sidecar_no_unique_track_match,0,apple_song_search_no_auto_match,false
graph_song:song|johnny tillotson|it keeps right on a hurtin:offline_sidecar_no_unique_track_match,apple_music_offline_reconciliation_pass_v1,song|johnny tillotson|it keeps right on a hurtin,graph_song,song,Johnny Tillotson,It Keeps Right On A-Hurtin',1962,us,offline_sidecar_no_unique_track_match,0,apple_song_search_no_auto_match,false
graph_song:song|josh abbott band featuring kacey musgraves|oh tonight:offline_sidecar_no_unique_track_match,apple_music_offline_reconciliation_pass_v1,song|josh abbott band featuring kacey musgraves|oh tonight,graph_song,song,Josh Abbott Band featuring Kacey Musgraves,"Oh, Tonight",2010,us,offline_sidecar_no_unique_track_match,0,apple_song_search_needs_review_version_risk,false
graph_song:song|joy division|shes lost control:offline_sidecar_no_unique_track_match,apple_music_offline_reconciliation_pass_v1,song|joy division|shes lost control,graph_song,song,Joy Division,Shes Lost Control,1979,us,offline_sidecar_no_unique_track_match,0,apple_song_search_no_auto_match,false
graph_song:song|juan atkins|techno city:offline_sidecar_no_unique_track_match,apple_music_offline_reconciliation_pass_v1,song|juan atkins|techno city,graph_song,song,Juan Atkins,Techno City,1984,us,offline_sidecar_no_unique_track_match,0,apple_song_search_no_auto_match,false
graph_song:song|judy garland|have yourself a merry little christmas:offline_sidecar_no_unique_track_match,apple_music_offline_reconciliation_pass_v1,song|judy garland|have yourself a merry little christmas,graph_song,song,Judy Garland,Have Yourself a Merry Little Christmas,1944,us,offline_sidecar_no_unique_track_match,0,apple_song_search_no_auto_match,false
graph_song:song|julie andrews and the sound of music cast|do re mi:offline_sidecar_no_unique_track_match,apple_music_offline_reconciliation_pass_v1,song|julie andrews and the sound of music cast|do re mi,graph_song,song,Julie Andrews and The Sound of Music Cast,Do-Re-Mi,1965,us,offline_sidecar_no_unique_track_match,0,apple_song_search_no_auto_match,false
graph_song:song|jump n the saddle band|curly shuffle:offline_sidecar_no_unique_track_match,apple_music_offline_reconciliation_pass_v1,song|jump n the saddle band|curly shuffle,graph_song,song,Jump N the Saddle Band,The Curly Shuffle,1983,us,offline_sidecar_no_unique_track_match,0,apple_song_search_no_auto_match,false
graph_song:song|jung kook featuring latto|seven:offline_sidecar_no_unique_track_match,apple_music_offline_reconciliation_pass_v1,song|jung kook featuring latto|seven,graph_song,song,Jung Kook featuring Latto,Seven,2023,us,offline_sidecar_no_unique_track_match,0,apple_song_search_no_auto_match,false
graph_song:song|justin timberlake|my love:offline_sidecar_no_unique_track_match,apple_music_offline_reconciliation_pass_v1,song|justin timberlake|my love,graph_song,song,Justin Timberlake,My Love,2006,us,offline_sidecar_no_unique_track_match,0,apple_song_search_no_auto_match,false
graph_song:song|justin timberlake|suit and tie:offline_sidecar_no_unique_track_match,apple_music_offline_reconciliation_pass_v1,song|justin timberlake|suit and tie,graph_song,song,Justin Timberlake,Suit & Tie,2013,us,offline_sidecar_no_unique_track_match,0,apple_song_search_no_auto_match,false
graph_song:song|justin timberlake|what goes around comes around:offline_sidecar_no_unique_track_match,apple_music_offline_reconciliation_pass_v1,song|justin timberlake|what goes around comes around,graph_song,song,Justin Timberlake,What Goes Around... Comes Around,2006,us,offline_sidecar_no_unique_track_match,0,apple_song_search_no_auto_match,false
graph_song:song|kaleidoscope|a dream for julie:offline_sidecar_no_unique_track_match,apple_music_offline_reconciliation_pass_v1,song|kaleidoscope|a dream for julie,graph_song,song,Kaleidoscope,A Dream for Julie,1968,us,offline_sidecar_no_unique_track_match,0,apple_song_search_no_results,false
graph_song:song|kane brown featuring lauren alaina|what ifs:offline_sidecar_no_unique_track_match,apple_music_offline_reconciliation_pass_v1,song|kane brown featuring lauren alaina|what ifs,graph_song,song,Kane Brown featuring Lauren Alaina,What Ifs,2016,us,offline_sidecar_no_unique_track_match,0,apple_song_search_needs_review_version_risk,false
graph_song:song|karen o and ezra koenig|moon song:offline_sidecar_no_unique_track_match,apple_music_offline_reconciliation_pass_v1,song|karen o and ezra koenig|moon song,graph_song,song,Karen O and Ezra Koenig,The Moon Song,2013,us,offline_sidecar_no_unique_track_match,0,apple_song_search_needs_review_version_risk,false
graph_song:song|kari jobe cody carnes and elevation worship|blessing:offline_sidecar_no_unique_track_match,apple_music_offline_reconciliation_pass_v1,song|kari jobe cody carnes and elevation worship|blessing,graph_song,song,"Kari Jobe, Cody Carnes and Elevation Worship",The Blessing,2020,us,offline_sidecar_no_unique_track_match,0,apple_song_search_no_auto_match,false
graph_song:song|kari jobe|forever:offline_sidecar_no_unique_track_match,apple_music_offline_reconciliation_pass_v1,song|kari jobe|forever,graph_song,song,Kari Jobe,Forever,2014,us,offline_sidecar_no_unique_track_match,0,apple_song_search_needs_review_version_risk,false
graph_song:song|kari jobe|i am not alone:offline_sidecar_no_unique_track_match,apple_music_offline_reconciliation_pass_v1,song|kari jobe|i am not alone,graph_song,song,Kari Jobe,I Am Not Alone,2014,us,offline_sidecar_no_unique_track_match,0,apple_song_search_no_auto_match,false
graph_song:song|kate bush|wuthering heights:offline_sidecar_no_unique_track_match,apple_music_offline_reconciliation_pass_v1,song|kate bush|wuthering heights,graph_song,song,Kate Bush,Wuthering Heights,1978,us,offline_sidecar_no_unique_track_match,0,apple_song_search_no_auto_match,false
graph_song:song|katherine jenkins|time to say goodbye:offline_sidecar_no_unique_track_match,apple_music_offline_reconciliation_pass_v1,song|katherine jenkins|time to say goodbye,graph_song,song,Katherine Jenkins,Time to Say Goodbye,2004,us,offline_sidecar_no_unique_track_match,0,apple_song_search_needs_review_version_risk,false
graph_song:song|keith and kristyn getty|in christ alone:offline_sidecar_no_unique_track_match,apple_music_offline_reconciliation_pass_v1,song|keith and kristyn getty|in christ alone,graph_song,song,Keith and Kristyn Getty,In Christ Alone,2001,us,offline_sidecar_no_unique_track_match,0,apple_song_search_no_auto_match,false
graph_song:song|kenny|bump:offline_sidecar_no_unique_track_match,apple_music_offline_reconciliation_pass_v1,song|kenny|bump,graph_song,song,Kenny,The Bump,1974,us,offline_sidecar_no_unique_track_match,0,apple_song_search_no_auto_match,false
graph_song:song|kerri chandler|atmosphere:offline_sidecar_no_unique_track_match,apple_music_offline_reconciliation_pass_v1,song|kerri chandler|atmosphere,graph_song,song,Kerri Chandler,Atmosphere,1993,us,offline_sidecar_no_unique_track_match,0,apple_song_search_needs_review_version_risk,false
graph_song:song|kiboomers|freeze dance:offline_sidecar_no_unique_track_match,apple_music_offline_reconciliation_pass_v1,song|kiboomers|freeze dance,graph_song,song,The Kiboomers,Freeze Dance,2015,us,offline_sidecar_no_unique_track_match,0,apple_song_search_no_auto_match,false
graph_song:song|kid cudi feat mgmt and ratatat|pursuit of happiness:offline_sidecar_no_unique_track_match,apple_music_offline_reconciliation_pass_v1,song|kid cudi feat mgmt and ratatat|pursuit of happiness,graph_song,song,Kid Cudi feat. MGMT and Ratatat,Pursuit of Happiness,2009,us,offline_sidecar_no_unique_track_match,0,apple_song_search_needs_review_version_risk,false
graph_song:song|kids|sesame street theme:offline_sidecar_no_unique_track_match,apple_music_offline_reconciliation_pass_v1,song|kids|sesame street theme,graph_song,song,The Kids,Sesame Street Theme,1969,us,offline_sidecar_no_unique_track_match,0,apple_song_search_needs_review_version_risk,false
graph_song:song|king crimson|21st century schizoid man:offline_sidecar_no_unique_track_match,apple_music_offline_reconciliation_pass_v1,song|king crimson|21st century schizoid man,graph_song,song,King Crimson,21st Century Schizoid Man,1969,us,offline_sidecar_no_unique_track_match,0,apple_song_search_no_auto_match,false
graph_song:song|king crimson|epitaph:offline_sidecar_no_unique_track_match,apple_music_offline_reconciliation_pass_v1,song|king crimson|epitaph,graph_song,song,King Crimson,Epitaph,1969,us,offline_sidecar_no_unique_track_match,0,apple_song_search_no_auto_match,false
graph_song:song|kings of tomorrow featuring julie mcknight|finally:offline_sidecar_no_unique_track_match,apple_music_offline_reconciliation_pass_v1,song|kings of tomorrow featuring julie mcknight|finally,graph_song,song,Kings of Tomorrow featuring Julie McKnight,Finally,2000,us,offline_sidecar_no_unique_track_match,0,apple_song_search_needs_review_version_risk,false
graph_song:song|kingsmen|jolly green giant:offline_sidecar_no_unique_track_match,apple_music_offline_reconciliation_pass_v1,song|kingsmen|jolly green giant,graph_song,song,The Kingsmen,The Jolly Green Giant,1965,us,offline_sidecar_no_unique_track_match,0,apple_song_search_no_auto_match,false
graph_song:song|kingsmen|money that s what i want:offline_sidecar_no_unique_track_match,apple_music_offline_reconciliation_pass_v1,song|kingsmen|money that s what i want,graph_song,song,The Kingsmen,Money (That's What I Want),1964,us,offline_sidecar_no_unique_track_match,0,apple_song_search_needs_review_version_risk,false
graph_song:song|kingston trio|greenback dollar:offline_sidecar_no_unique_track_match,apple_music_offline_reconciliation_pass_v1,song|kingston trio|greenback dollar,graph_song,song,The Kingston Trio,Greenback Dollar,1963,us,offline_sidecar_no_unique_track_match,0,apple_song_search_needs_review_version_risk,false
graph_song:song|kirk franklin and the family|silver and gold:offline_sidecar_no_unique_track_match,apple_music_offline_reconciliation_pass_v1,song|kirk franklin and the family|silver and gold,graph_song,song,Kirk Franklin and The Family,Silver and Gold,1993,us,offline_sidecar_no_unique_track_match,0,apple_song_search_no_auto_match,false
graph_song:song|kizz daniel and tekno|buga:offline_sidecar_no_unique_track_match,apple_music_offline_reconciliation_pass_v1,song|kizz daniel and tekno|buga,graph_song,song,Kizz Daniel and Tekno,Buga,2022,us,offline_sidecar_no_unique_track_match,0,apple_song_search_no_auto_match,false
graph_song:song|kmfdm|godlike:offline_sidecar_no_unique_track_match,apple_music_offline_reconciliation_pass_v1,song|kmfdm|godlike,graph_song,song,KMFDM,Godlike,1990,us,offline_sidecar_no_unique_track_match,0,apple_song_search_no_auto_match,false
graph_song:song|kruder and dorfmeister|high noon:offline_sidecar_no_unique_track_match,apple_music_offline_reconciliation_pass_v1,song|kruder and dorfmeister|high noon,graph_song,song,Kruder & Dorfmeister,High Noon,1996,us,offline_sidecar_no_unique_track_match,0,apple_song_search_needs_review_version_risk,false
graph_song:song|kupla|cozy:offline_sidecar_no_unique_track_match,apple_music_offline_reconciliation_pass_v1,song|kupla|cozy,graph_song,song,Kupla,Cozy,2017,us,offline_sidecar_no_unique_track_match,0,apple_song_search_no_results,false
graph_song:song|kurtis blow|basketball:offline_sidecar_no_unique_track_match,apple_music_offline_reconciliation_pass_v1,song|kurtis blow|basketball,graph_song,song,Kurtis Blow,Basketball,1984,us,offline_sidecar_no_unique_track_match,0,apple_song_search_no_auto_match,false
graph_song:song|kurtis blow|if i ruled the world:offline_sidecar_no_unique_track_match,apple_music_offline_reconciliation_pass_v1,song|kurtis blow|if i ruled the world,graph_song,song,Kurtis Blow,If I Ruled the World,1985,us,offline_sidecar_no_unique_track_match,0,apple_song_search_needs_review_version_risk,false
graph_song:song|l7|shove:offline_sidecar_no_unique_track_match,apple_music_offline_reconciliation_pass_v1,song|l7|shove,graph_song,song,L7,Shove,1990,us,offline_sidecar_no_unique_track_match,0,apple_song_search_no_auto_match,false
graph_song:song|la arrolladora banda el limon|ya es muy tarde:offline_sidecar_no_unique_track_match,apple_music_offline_reconciliation_pass_v1,song|la arrolladora banda el limon|ya es muy tarde,graph_song,song,La Arrolladora Banda El Limon,Ya Es Muy Tarde,2015,us,offline_sidecar_no_unique_track_match,0,apple_song_search_no_auto_match,false
graph_song:song|la sonora dinamita|escandalo:offline_sidecar_no_unique_track_match,apple_music_offline_reconciliation_pass_v1,song|la sonora dinamita|escandalo,graph_song,song,La Sonora Dinamita,Escandalo,1988,us,offline_sidecar_no_unique_track_match,0,apple_song_search_needs_review_version_risk,false
graph_song:song|ladysmith black mambazo|homeless:offline_sidecar_no_unique_track_match,apple_music_offline_reconciliation_pass_v1,song|ladysmith black mambazo|homeless,graph_song,song,Ladysmith Black Mambazo,Homeless,1986,us,offline_sidecar_no_unique_track_match,0,apple_song_search_no_auto_match,false
graph_song:song|lalo schifrin|theme from mission impossible:offline_sidecar_no_unique_track_match,apple_music_offline_reconciliation_pass_v1,song|lalo schifrin|theme from mission impossible,graph_song,song,Lalo Schifrin,Theme from Mission: Impossible,1967,us,offline_sidecar_no_unique_track_match,0,apple_song_search_needs_review_version_risk,false
graph_song:song|lamb|cotton wool:offline_sidecar_no_unique_track_match,apple_music_offline_reconciliation_pass_v1,song|lamb|cotton wool,graph_song,song,Lamb,Cotton Wool,1996,us,offline_sidecar_no_unique_track_match,0,apple_song_search_no_auto_match,false
graph_song:song|larry harlow|la cartera:offline_sidecar_no_unique_track_match,apple_music_offline_reconciliation_pass_v1,song|larry harlow|la cartera,graph_song,song,Larry Harlow,La Cartera,1972,us,offline_sidecar_no_unique_track_match,0,apple_song_search_no_auto_match,false
graph_song:song|lets active|every word means no:offline_sidecar_no_unique_track_match,apple_music_offline_reconciliation_pass_v1,song|lets active|every word means no,graph_song,song,Lets Active,Every Word Means No,1983,us,offline_sidecar_no_unique_track_match,0,apple_song_search_no_auto_match,false
graph_song:song|lfo|lfo:offline_sidecar_no_unique_track_match,apple_music_offline_reconciliation_pass_v1,song|lfo|lfo,graph_song,song,LFO,LFO,1990,us,offline_sidecar_no_unique_track_match,0,apple_song_search_needs_review_version_risk,false
graph_song:song|lil baby feat drake|yes indeed:offline_sidecar_no_unique_track_match,apple_music_offline_reconciliation_pass_v1,song|lil baby feat drake|yes indeed,graph_song,song,Lil Baby feat. Drake,Yes Indeed,2018,us,offline_sidecar_no_unique_track_match,0,apple_song_search_needs_review_version_risk,false
graph_song:song|lil jon and the east side boyz feat lil scrappy|what u gon do:offline_sidecar_no_unique_track_match,apple_music_offline_reconciliation_pass_v1,song|lil jon and the east side boyz feat lil scrappy|what u gon do,graph_song,song,Lil Jon & The East Side Boyz feat. Lil Scrappy,What U Gon' Do,2004,us,offline_sidecar_no_unique_track_match,0,apple_song_search_needs_review_version_risk,false
graph_song:song|lil jon and the east side boyz feat ying yang twins|get low:offline_sidecar_no_unique_track_match,apple_music_offline_reconciliation_pass_v1,song|lil jon and the east side boyz feat ying yang twins|get low,graph_song,song,Lil Jon & The East Side Boyz feat. Ying Yang Twins,Get Low,2002,us,offline_sidecar_no_unique_track_match,0,apple_song_search_needs_review_version_risk,false
graph_song:song|lil jon and the east side boyz feat ying yang twins|salt shaker:offline_sidecar_no_unique_track_match,apple_music_offline_reconciliation_pass_v1,song|lil jon and the east side boyz feat ying yang twins|salt shaker,graph_song,song,Lil Jon & The East Side Boyz feat. Ying Yang Twins,Salt Shaker,2003,us,offline_sidecar_no_unique_track_match,0,apple_song_search_needs_review_version_risk,false
graph_song:song|lil louis|french kiss:offline_sidecar_no_unique_track_match,apple_music_offline_reconciliation_pass_v1,song|lil louis|french kiss,graph_song,song,Lil Louis,French Kiss,1989,us,offline_sidecar_no_unique_track_match,0,apple_song_search_no_auto_match,false
graph_song:song|lil nas x feat billy ray cyrus|old town road remix:offline_sidecar_no_unique_track_match,apple_music_offline_reconciliation_pass_v1,song|lil nas x feat billy ray cyrus|old town road remix,graph_song,song,Lil Nas X feat. Billy Ray Cyrus,Old Town Road (Remix),2019,us,offline_sidecar_no_unique_track_match,0,apple_song_search_needs_review_version_risk,false
graph_song:song|lillias white lachanze roz ryan cheryl freeman and vaneese thomas|zero to hero:offline_sidecar_no_unique_track_match,apple_music_offline_reconciliation_pass_v1,song|lillias white lachanze roz ryan cheryl freeman and vaneese thomas|zero to hero,graph_song,song,"Lillias White, LaChanze, Roz Ryan, Cheryl Freeman and Vaneese Thomas",Zero to Hero,1997,us,offline_sidecar_no_unique_track_match,0,apple_song_search_needs_review_version_risk,false
graph_song:song|limp bizkit|rollin:offline_sidecar_no_unique_track_match,apple_music_offline_reconciliation_pass_v1,song|limp bizkit|rollin,graph_song,song,Limp Bizkit,Rollin',2000,us,offline_sidecar_no_unique_track_match,0,apple_song_search_no_auto_match,false
graph_song:song|lindecis|soulful:offline_sidecar_no_unique_track_match,apple_music_offline_reconciliation_pass_v1,song|lindecis|soulful,graph_song,song,Lindecis,Soulful,2018,us,offline_sidecar_no_unique_track_match,0,apple_song_search_no_auto_match,false
graph_song:song|link wray|raw hide:offline_sidecar_no_unique_track_match,apple_music_offline_reconciliation_pass_v1,song|link wray|raw hide,graph_song,song,Link Wray,Raw-Hide,1958,us,offline_sidecar_no_unique_track_match,0,apple_song_search_no_auto_match,false
graph_song:song|lion king cast|hakuna matata:offline_sidecar_no_unique_track_match,apple_music_offline_reconciliation_pass_v1,song|lion king cast|hakuna matata,graph_song,song,The Lion King Cast,Hakuna Matata,1994,us,offline_sidecar_no_unique_track_match,0,apple_song_search_no_auto_match,false
graph_song:song|lisa loeb|stay:offline_sidecar_no_unique_track_match,apple_music_offline_reconciliation_pass_v1,song|lisa loeb|stay,graph_song,song,Lisa Loeb,Stay,1994,us,offline_sidecar_no_unique_track_match,0,apple_song_search_no_auto_match,false
graph_song:song|little river band|reminiscing:offline_sidecar_no_unique_track_match,apple_music_offline_reconciliation_pass_v1,song|little river band|reminiscing,graph_song,song,Little River Band,Reminiscing,1978,us,offline_sidecar_no_unique_track_match,0,apple_song_search_no_auto_match,false
graph_song:song|liz phair|fuck and run:offline_sidecar_no_unique_track_match,apple_music_offline_reconciliation_pass_v1,song|liz phair|fuck and run,graph_song,song,Liz Phair,Fuck and Run,1993,us,offline_sidecar_no_unique_track_match,0,apple_song_search_no_auto_match,false
graph_song:song|ll cool j feat boyz ii men|hey lover:offline_sidecar_no_unique_track_match,apple_music_offline_reconciliation_pass_v1,song|ll cool j feat boyz ii men|hey lover,graph_song,song,LL Cool J feat. Boyz II Men,Hey Lover,1995,us,offline_sidecar_no_unique_track_match,0,apple_song_search_no_auto_match,false
graph_song:song|ll cool j|go cut creator go:offline_sidecar_no_unique_track_match,apple_music_offline_reconciliation_pass_v1,song|ll cool j|go cut creator go,graph_song,song,LL Cool J,Go Cut Creator Go,1987,us,offline_sidecar_no_unique_track_match,0,apple_song_search_no_auto_match,false
graph_song:song|ll cool j|i m bad:offline_sidecar_no_unique_track_match,apple_music_offline_reconciliation_pass_v1,song|ll cool j|i m bad,graph_song,song,LL Cool J,I'm Bad,1987,us,offline_sidecar_no_unique_track_match,0,apple_song_search_no_auto_match,false
graph_song:song|ll cool j|rock the bells:offline_sidecar_no_unique_track_match,apple_music_offline_reconciliation_pass_v1,song|ll cool j|rock the bells,graph_song,song,LL Cool J,Rock the Bells,1985,us,offline_sidecar_no_unique_track_match,0,apple_song_search_no_auto_match,false
graph_song:song|lo fi girl|lofi hip hop radio:offline_sidecar_no_unique_track_match,apple_music_offline_reconciliation_pass_v1,song|lo fi girl|lofi hip hop radio,graph_song,song,Lo-fi Girl,lofi hip hop radio,2017,us,offline_sidecar_no_unique_track_match,0,apple_song_search_no_auto_match,false
graph_song:song|lola beltran|cucurrucucu paloma:offline_sidecar_no_unique_track_match,apple_music_offline_reconciliation_pass_v1,song|lola beltran|cucurrucucu paloma,graph_song,song,Lola Beltran,Cucurrucucu Paloma,1961,us,offline_sidecar_no_unique_track_match,0,apple_song_search_needs_review_version_risk,false
graph_song:song|lonely island featuring justin timberlake|dick in a box:offline_sidecar_no_unique_track_match,apple_music_offline_reconciliation_pass_v1,song|lonely island featuring justin timberlake|dick in a box,graph_song,song,The Lonely Island featuring Justin Timberlake,Dick in a Box,2006,us,offline_sidecar_no_unique_track_match,0,apple_song_search_needs_review_version_risk,false
graph_song:song|lonely island featuring t pain|i m on a boat:offline_sidecar_no_unique_track_match,apple_music_offline_reconciliation_pass_v1,song|lonely island featuring t pain|i m on a boat,graph_song,song,The Lonely Island featuring T-Pain,I'm on a Boat,2009,us,offline_sidecar_no_unique_track_match,0,apple_song_search_needs_review_version_risk,false
graph_song:song|lonely island|lazy sunday:offline_sidecar_no_unique_track_match,apple_music_offline_reconciliation_pass_v1,song|lonely island|lazy sunday,graph_song,song,The Lonely Island,Lazy Sunday,2005,us,offline_sidecar_no_unique_track_match,0,apple_song_search_needs_review_version_risk,false
graph_song:song|los angeles azules featuring natalia lafourcade|nunca es suficiente:offline_sidecar_no_unique_track_match,apple_music_offline_reconciliation_pass_v1,song|los angeles azules featuring natalia lafourcade|nunca es suficiente,graph_song,song,Los Angeles Azules featuring Natalia Lafourcade,Nunca Es Suficiente,2018,us,offline_sidecar_no_unique_track_match,0,apple_song_search_needs_review_version_risk,false
graph_song:song|los del rio|macarena:offline_sidecar_no_unique_track_match,apple_music_offline_reconciliation_pass_v1,song|los del rio|macarena,graph_song,song,Los Del Rio,Macarena,1993,us,offline_sidecar_no_unique_track_match,0,apple_song_search_no_auto_match,false
graph_song:song|louis prima|i wan na be like you:offline_sidecar_no_unique_track_match,apple_music_offline_reconciliation_pass_v1,song|louis prima|i wan na be like you,graph_song,song,Louis Prima,I Wan'na Be Like You,1967,us,offline_sidecar_no_unique_track_match,0,apple_song_search_needs_review_version_risk,false
graph_song:song|louvin brothers|when i stop dreaming:offline_sidecar_no_unique_track_match,apple_music_offline_reconciliation_pass_v1,song|louvin brothers|when i stop dreaming,graph_song,song,The Louvin Brothers,When I Stop Dreaming,1955,us,offline_sidecar_no_unique_track_match,0,apple_song_search_no_auto_match,false
graph_song:song|love and kisses|i found love now that i found you:offline_sidecar_no_unique_track_match,apple_music_offline_reconciliation_pass_v1,song|love and kisses|i found love now that i found you,graph_song,song,Love & Kisses,I Found Love (Now That I Found You),1977,us,offline_sidecar_no_unique_track_match,0,apple_song_search_no_auto_match,false
graph_song:song|lox feat dmx and lil kim|money power and respect:offline_sidecar_no_unique_track_match,apple_music_offline_reconciliation_pass_v1,song|lox feat dmx and lil kim|money power and respect,graph_song,song,The LOX feat. DMX and Lil' Kim,"Money, Power & Respect",1998,us,offline_sidecar_no_unique_track_match,0,apple_song_search_needs_review_version_risk,false
graph_song:song|ludacris feat shawnna|stand up:offline_sidecar_no_unique_track_match,apple_music_offline_reconciliation_pass_v1,song|ludacris feat shawnna|stand up,graph_song,song,Ludacris feat. Shawnna,Stand Up,2003,us,offline_sidecar_no_unique_track_match,0,apple_song_search_no_auto_match,false
graph_song:song|lupe fiasco feat matthew santos|superstar:offline_sidecar_no_unique_track_match,apple_music_offline_reconciliation_pass_v1,song|lupe fiasco feat matthew santos|superstar,graph_song,song,Lupe Fiasco feat. Matthew Santos,Superstar,2007,us,offline_sidecar_no_unique_track_match,0,apple_song_search_needs_review_version_risk,false
graph_song:song|lydia lunch|mechanical flattery:offline_sidecar_no_unique_track_match,apple_music_offline_reconciliation_pass_v1,song|lydia lunch|mechanical flattery,graph_song,song,Lydia Lunch,Mechanical Flattery,1980,us,offline_sidecar_no_unique_track_match,0,apple_song_search_no_auto_match,false
graph_song:song|m o p|ante up:offline_sidecar_no_unique_track_match,apple_music_offline_reconciliation_pass_v1,song|m o p|ante up,graph_song,song,M.O.P.,Ante Up,2000,us,offline_sidecar_no_unique_track_match,0,apple_song_search_needs_review_version_risk,false
graph_song:song|machine gun kelly|bloody valentine:offline_sidecar_no_unique_track_match,apple_music_offline_reconciliation_pass_v1,song|machine gun kelly|bloody valentine,graph_song,song,Machine Gun Kelly,bloody valentine,2020,us,offline_sidecar_no_unique_track_match,0,apple_song_search_no_auto_match,false
graph_song:song|macklemore and ryan lewis feat mary lambert|same love:offline_sidecar_no_unique_track_match,apple_music_offline_reconciliation_pass_v1,song|macklemore and ryan lewis feat mary lambert|same love,graph_song,song,Macklemore & Ryan Lewis feat. Mary Lambert,Same Love,2012,us,offline_sidecar_no_unique_track_match,0,apple_song_search_needs_review_version_risk,false
graph_song:song|macklemore and ryan lewis feat ray dalton|can t hold us:offline_sidecar_no_unique_track_match,apple_music_offline_reconciliation_pass_v1,song|macklemore and ryan lewis feat ray dalton|can t hold us,graph_song,song,Macklemore & Ryan Lewis feat. Ray Dalton,Can't Hold Us,2011,us,offline_sidecar_no_unique_track_match,0,apple_song_search_no_auto_match,false
graph_song:song|macklemore and ryan lewis feat wanz|thrift shop:offline_sidecar_no_unique_track_match,apple_music_offline_reconciliation_pass_v1,song|macklemore and ryan lewis feat wanz|thrift shop,graph_song,song,Macklemore & Ryan Lewis feat. Wanz,Thrift Shop,2012,us,offline_sidecar_no_unique_track_match,0,apple_song_search_needs_review_version_risk,false
graph_song:song|mahalia jackson|move on up a little higher:offline_sidecar_no_unique_track_match,apple_music_offline_reconciliation_pass_v1,song|mahalia jackson|move on up a little higher,graph_song,song,Mahalia Jackson,Move On Up a Little Higher,1947,us,offline_sidecar_no_unique_track_match,0,apple_song_search_no_auto_match,false
graph_song:song|major lazer and dj snake featuring mo|lean on:offline_sidecar_no_unique_track_match,apple_music_offline_reconciliation_pass_v1,song|major lazer and dj snake featuring mo|lean on,graph_song,song,Major Lazer and DJ Snake featuring MO,Lean On,2015,us,offline_sidecar_no_unique_track_match,0,apple_song_search_no_auto_match,false
graph_song:song|major lazer featuring j balvin and el alfa|que calor:offline_sidecar_no_unique_track_match,apple_music_offline_reconciliation_pass_v1,song|major lazer featuring j balvin and el alfa|que calor,graph_song,song,Major Lazer featuring J Balvin and El Alfa,Que Calor,2019,us,offline_sidecar_no_unique_track_match,0,apple_song_search_no_auto_match,false
graph_song:song|major lazer featuring nasty c ice prince patoranking and jidenna|particula:offline_sidecar_no_unique_track_match,apple_music_offline_reconciliation_pass_v1,song|major lazer featuring nasty c ice prince patoranking and jidenna|particula,graph_song,song,"Major Lazer featuring Nasty C, Ice Prince, Patoranking and Jidenna",Particula,2017,us,offline_sidecar_no_unique_track_match,0,apple_song_search_no_auto_match,false
graph_song:song|mamas and the papas|twelve thirty young girls are coming to the canyon:offline_sidecar_no_unique_track_match,apple_music_offline_reconciliation_pass_v1,song|mamas and the papas|twelve thirty young girls are coming to the canyon,graph_song,song,The Mamas & the Papas,Twelve Thirty (Young Girls Are Coming to the Canyon),1967,us,offline_sidecar_no_unique_track_match,0,apple_song_search_no_auto_match,false
graph_song:song|man parrish|hip hop be bop:offline_sidecar_no_unique_track_match,apple_music_offline_reconciliation_pass_v1,song|man parrish|hip hop be bop,graph_song,song,Man Parrish,"Hip Hop, Be Bop",1982,us,offline_sidecar_no_unique_track_match,0,apple_song_search_needs_review_version_risk,false
graph_song:song|manowar|battle hymn:offline_sidecar_no_unique_track_match,apple_music_offline_reconciliation_pass_v1,song|manowar|battle hymn,graph_song,song,Manowar,Battle Hymn,1982,us,offline_sidecar_no_unique_track_match,0,apple_song_search_no_auto_match,false
graph_song:song|maranatha music|as the deer:offline_sidecar_no_unique_track_match,apple_music_offline_reconciliation_pass_v1,song|maranatha music|as the deer,graph_song,song,Maranatha! Music,As the Deer,1984,us,offline_sidecar_no_unique_track_match,0,apple_song_search_needs_review_version_risk,false
graph_song:song|marcia griffiths|electric boogie:offline_sidecar_no_unique_track_match,apple_music_offline_reconciliation_pass_v1,song|marcia griffiths|electric boogie,graph_song,song,Marcia Griffiths,Electric Boogie,1983,us,offline_sidecar_no_unique_track_match,0,apple_song_search_no_auto_match,false
graph_song:song|mariah carey|heartbreaker:offline_sidecar_no_unique_track_match,apple_music_offline_reconciliation_pass_v1,song|mariah carey|heartbreaker,graph_song,song,Mariah Carey,Heartbreaker,1999,us,offline_sidecar_no_unique_track_match,0,apple_song_search_no_auto_match,false
graph_song:song|mark ronson featuring bruno mars|uptown funk:offline_sidecar_no_unique_track_match,apple_music_offline_reconciliation_pass_v1,song|mark ronson featuring bruno mars|uptown funk,graph_song,song,Mark Ronson featuring Bruno Mars,Uptown Funk,2014,us,offline_sidecar_no_unique_track_match,0,apple_song_search_no_auto_match,false
graph_song:song|marky mark and the funky bunch|good vibrations:offline_sidecar_no_unique_track_match,apple_music_offline_reconciliation_pass_v1,song|marky mark and the funky bunch|good vibrations,graph_song,song,Marky Mark and The Funky Bunch,Good Vibrations,1991,us,offline_sidecar_no_unique_track_match,0,apple_song_search_no_auto_match,false
graph_song:song|mars|helen fordsdale:offline_sidecar_no_unique_track_match,apple_music_offline_reconciliation_pass_v1,song|mars|helen fordsdale,graph_song,song,Mars,Helen Fordsdale,1978,us,offline_sidecar_no_unique_track_match,0,apple_song_search_no_auto_match,false
graph_song:song|mars|puerto rican ghost:offline_sidecar_no_unique_track_match,apple_music_offline_reconciliation_pass_v1,song|mars|puerto rican ghost,graph_song,song,Mars,Puerto Rican Ghost,1978,us,offline_sidecar_no_unique_track_match,0,apple_song_search_no_auto_match,false
graph_song:song|marshmello featuring khalid|silence:offline_sidecar_no_unique_track_match,apple_music_offline_reconciliation_pass_v1,song|marshmello featuring khalid|silence,graph_song,song,Marshmello featuring Khalid,Silence,2017,us,offline_sidecar_no_unique_track_match,0,apple_song_search_needs_review_version_risk,false
graph_song:song|martha and the vandellas|dancing in the street:offline_sidecar_no_unique_track_match,apple_music_offline_reconciliation_pass_v1,song|martha and the vandellas|dancing in the street,graph_song,song,Martha and the Vandellas,Dancing in the Street,1964,us,offline_sidecar_no_unique_track_match,0,apple_song_search_needs_review_version_risk,false
graph_song:song|martha and the vandellas|heat wave:offline_sidecar_no_unique_track_match,apple_music_offline_reconciliation_pass_v1,song|martha and the vandellas|heat wave,graph_song,song,Martha and the Vandellas,Heat Wave,1963,us,offline_sidecar_no_unique_track_match,0,apple_song_search_no_auto_match,false
graph_song:song|martha and the vandellas|jimmy mack:offline_sidecar_no_unique_track_match,apple_music_offline_reconciliation_pass_v1,song|martha and the vandellas|jimmy mack,graph_song,song,Martha & the Vandellas,Jimmy Mack,1967,us,offline_sidecar_no_unique_track_match,0,apple_song_search_no_auto_match,false
graph_song:song|mary costa and bill shirley|once upon a dream:offline_sidecar_no_unique_track_match,apple_music_offline_reconciliation_pass_v1,song|mary costa and bill shirley|once upon a dream,graph_song,song,Mary Costa and Bill Shirley,Once Upon a Dream,1959,us,offline_sidecar_no_unique_track_match,0,apple_song_search_needs_review_version_risk,false
graph_song:song|master kg featuring nomcebo zikode|jerusalema:offline_sidecar_no_unique_track_match,apple_music_offline_reconciliation_pass_v1,song|master kg featuring nomcebo zikode|jerusalema,graph_song,song,Master KG featuring Nomcebo Zikode,Jerusalema,2019,us,offline_sidecar_no_unique_track_match,0,apple_song_search_needs_review_version_risk,false
graph_song:song|masters at work featuring india|to be in love:offline_sidecar_no_unique_track_match,apple_music_offline_reconciliation_pass_v1,song|masters at work featuring india|to be in love,graph_song,song,Masters at Work featuring India,To Be in Love,1997,us,offline_sidecar_no_unique_track_match,0,apple_song_search_no_auto_match,false
graph_song:song|matmos|west:offline_sidecar_no_unique_track_match,apple_music_offline_reconciliation_pass_v1,song|matmos|west,graph_song,song,Matmos,The West,1999,us,offline_sidecar_no_unique_track_match,0,apple_song_search_no_results,false
graph_song:song|matt maher|lord i need you:offline_sidecar_no_unique_track_match,apple_music_offline_reconciliation_pass_v1,song|matt maher|lord i need you,graph_song,song,Matt Maher,"Lord, I Need You",2011,us,offline_sidecar_no_unique_track_match,0,apple_song_search_needs_review_version_risk,false
graph_song:song|matt redman|10 000 reasons bless the lord:offline_sidecar_no_unique_track_match,apple_music_offline_reconciliation_pass_v1,song|matt redman|10 000 reasons bless the lord,graph_song,song,Matt Redman,"10,000 Reasons (Bless the Lord)",2011,us,offline_sidecar_no_unique_track_match,0,apple_song_search_no_auto_match,false
graph_song:song|maurizio|m4:offline_sidecar_no_unique_track_match,apple_music_offline_reconciliation_pass_v1,song|maurizio|m4,graph_song,song,Maurizio,M4,1995,us,offline_sidecar_no_unique_track_match,0,apple_song_search_no_auto_match,false
graph_song:song|maverick city music|promises:offline_sidecar_no_unique_track_match,apple_music_offline_reconciliation_pass_v1,song|maverick city music|promises,graph_song,song,Maverick City Music,Promises,2020,us,offline_sidecar_no_unique_track_match,0,apple_song_search_needs_review_version_risk,false
graph_song:song|maverick city music|refiner:offline_sidecar_no_unique_track_match,apple_music_offline_reconciliation_pass_v1,song|maverick city music|refiner,graph_song,song,Maverick City Music,Refiner,2019,us,offline_sidecar_no_unique_track_match,0,apple_song_search_needs_review_version_risk,false
graph_song:song|max steiner|tara s theme:offline_sidecar_no_unique_track_match,apple_music_offline_reconciliation_pass_v1,song|max steiner|tara s theme,graph_song,song,Max Steiner,Tara's Theme,1939,us,offline_sidecar_no_unique_track_match,0,apple_song_search_needs_review_version_risk,false
graph_song:song|maxwell|bad habits:offline_sidecar_no_unique_track_match,apple_music_offline_reconciliation_pass_v1,song|maxwell|bad habits,graph_song,song,Maxwell,Bad Habits,2009,us,offline_sidecar_no_unique_track_match,0,apple_song_search_no_auto_match,false
graph_song:song|maxwell|lifetime:offline_sidecar_no_unique_track_match,apple_music_offline_reconciliation_pass_v1,song|maxwell|lifetime,graph_song,song,Maxwell,Lifetime,2001,us,offline_sidecar_no_unique_track_match,0,apple_song_search_no_auto_match,false
graph_song:song|maze feat frankie beverly|before i let go:offline_sidecar_no_unique_track_match,apple_music_offline_reconciliation_pass_v1,song|maze feat frankie beverly|before i let go,graph_song,song,Maze feat. Frankie Beverly,Before I Let Go,1981,us,offline_sidecar_no_unique_track_match,0,apple_song_search_no_auto_match,false
graph_song:song|maze feat frankie beverly|joy and pain:offline_sidecar_no_unique_track_match,apple_music_offline_reconciliation_pass_v1,song|maze feat frankie beverly|joy and pain,graph_song,song,Maze feat. Frankie Beverly,Joy and Pain,1980,us,offline_sidecar_no_unique_track_match,0,apple_song_search_no_auto_match,false
graph_song:song|mel tillis|coca cola cowboy:offline_sidecar_no_unique_track_match,apple_music_offline_reconciliation_pass_v1,song|mel tillis|coca cola cowboy,graph_song,song,Mel Tillis,Coca-Cola Cowboy,1979,us,offline_sidecar_no_unique_track_match,0,apple_song_search_no_auto_match,false
graph_song:song|mel tillis|i ain t never:offline_sidecar_no_unique_track_match,apple_music_offline_reconciliation_pass_v1,song|mel tillis|i ain t never,graph_song,song,Mel Tillis,I Ain't Never,1972,us,offline_sidecar_no_unique_track_match,0,apple_song_search_no_auto_match,false
graph_song:song|mercyful fate|a corpse without soul:offline_sidecar_no_unique_track_match,apple_music_offline_reconciliation_pass_v1,song|mercyful fate|a corpse without soul,graph_song,song,Mercyful Fate,A Corpse Without Soul,1982,us,offline_sidecar_no_unique_track_match,0,apple_song_search_no_auto_match,false
graph_song:song|merle haggard|working man blues:offline_sidecar_no_unique_track_match,apple_music_offline_reconciliation_pass_v1,song|merle haggard|working man blues,graph_song,song,Merle Haggard,Working Man Blues,1969,us,offline_sidecar_no_unique_track_match,0,apple_song_search_no_auto_match,false
graph_song:song|method man feat mary j blige|i ll be there for you you re all i need to get by:offline_sidecar_no_unique_track_match,apple_music_offline_reconciliation_pass_v1,song|method man feat mary j blige|i ll be there for you you re all i need to get by,graph_song,song,Method Man feat. Mary J. Blige,I'll Be There for You / You're All I Need to Get By,1995,us,offline_sidecar_no_unique_track_match,0,apple_song_search_needs_review_version_risk,false
graph_song:song|mf doom|doomsday:offline_sidecar_no_unique_track_match,apple_music_offline_reconciliation_pass_v1,song|mf doom|doomsday,graph_song,song,MF DOOM,Doomsday,1999,us,offline_sidecar_no_unique_track_match,0,apple_song_search_no_auto_match,false
graph_song:song|mf doom|rhymes like dimes:offline_sidecar_no_unique_track_match,apple_music_offline_reconciliation_pass_v1,song|mf doom|rhymes like dimes,graph_song,song,MF DOOM,Rhymes Like Dimes,1999,us,offline_sidecar_no_unique_track_match,0,apple_song_search_no_auto_match,false
graph_song:song|mfsb feat the three degrees|tsop the sound of philadelphia:offline_sidecar_no_unique_track_match,apple_music_offline_reconciliation_pass_v1,song|mfsb feat the three degrees|tsop the sound of philadelphia,graph_song,song,MFSB feat. The Three Degrees,TSOP (The Sound of Philadelphia),1974,us,offline_sidecar_no_unique_track_match,0,apple_song_search_no_auto_match,false
graph_song:song|migos feat drake|walk it talk it:offline_sidecar_no_unique_track_match,apple_music_offline_reconciliation_pass_v1,song|migos feat drake|walk it talk it,graph_song,song,Migos feat. Drake,Walk It Talk It,2018,us,offline_sidecar_no_unique_track_match,0,apple_song_search_needs_review_version_risk,false
graph_song:song|migos feat lil uzi vert|bad and boujee:offline_sidecar_no_unique_track_match,apple_music_offline_reconciliation_pass_v1,song|migos feat lil uzi vert|bad and boujee,graph_song,song,Migos feat. Lil Uzi Vert,Bad and Boujee,2016,us,offline_sidecar_no_unique_track_match,0,apple_song_search_no_auto_match,false
graph_song:song|miguel and natalia lafourcade|remember me:offline_sidecar_no_unique_track_match,apple_music_offline_reconciliation_pass_v1,song|miguel and natalia lafourcade|remember me,graph_song,song,Miguel and Natalia Lafourcade,Remember Me,2017,us,offline_sidecar_no_unique_track_match,0,apple_song_search_needs_review_version_risk,false
graph_song:song|miguel|come through and chill:offline_sidecar_no_unique_track_match,apple_music_offline_reconciliation_pass_v1,song|miguel|come through and chill,graph_song,song,Miguel,Come Through and Chill,2017,us,offline_sidecar_no_unique_track_match,0,apple_song_search_no_auto_match,false
graph_song:song|mike jones feat slim thug and paul wall|still tippin:offline_sidecar_no_unique_track_match,apple_music_offline_reconciliation_pass_v1,song|mike jones feat slim thug and paul wall|still tippin,graph_song,song,Mike Jones feat. Slim Thug and Paul Wall,Still Tippin',2004,us,offline_sidecar_no_unique_track_match,0,apple_song_search_no_auto_match,false
graph_song:song|minutemen|history lesson part ii:offline_sidecar_no_unique_track_match,apple_music_offline_reconciliation_pass_v1,song|minutemen|history lesson part ii,graph_song,song,Minutemen,History Lesson Part II,1984,us,offline_sidecar_no_unique_track_match,0,apple_song_search_no_auto_match,false
graph_song:song|minutemen|this aint no picnic:offline_sidecar_no_unique_track_match,apple_music_offline_reconciliation_pass_v1,song|minutemen|this aint no picnic,graph_song,song,Minutemen,This Aint No Picnic,1984,us,offline_sidecar_no_unique_track_match,0,apple_song_search_no_auto_match,false
graph_song:song|misfits|halloween:offline_sidecar_no_unique_track_match,apple_music_offline_reconciliation_pass_v1,song|misfits|halloween,graph_song,song,Misfits,Halloween,1981,us,offline_sidecar_no_unique_track_match,0,apple_song_search_no_auto_match,false
graph_song:song|misfits|hybrid moments:offline_sidecar_no_unique_track_match,apple_music_offline_reconciliation_pass_v1,song|misfits|hybrid moments,graph_song,song,Misfits,Hybrid Moments,1978,us,offline_sidecar_no_unique_track_match,0,apple_song_search_no_auto_match,false
graph_song:song|misfits|where eagles dare:offline_sidecar_no_unique_track_match,apple_music_offline_reconciliation_pass_v1,song|misfits|where eagles dare,graph_song,song,Misfits,Where Eagles Dare,1979,us,offline_sidecar_no_unique_track_match,0,apple_song_search_no_auto_match,false
graph_song:song|missy elliott|lose control:offline_sidecar_no_unique_track_match,apple_music_offline_reconciliation_pass_v1,song|missy elliott|lose control,graph_song,song,Missy Elliott,Lose Control,2005,us,offline_sidecar_no_unique_track_match,0,apple_song_search_no_auto_match,false
graph_song:song|mojo men|sit down i think i love you:offline_sidecar_no_unique_track_match,apple_music_offline_reconciliation_pass_v1,song|mojo men|sit down i think i love you,graph_song,song,The Mojo Men,"Sit Down, I Think I Love You",1967,us,offline_sidecar_no_unique_track_match,0,apple_song_search_needs_review_version_risk,false
graph_song:song|mojos|everything s alright:offline_sidecar_no_unique_track_match,apple_music_offline_reconciliation_pass_v1,song|mojos|everything s alright,graph_song,song,The Mojos,Everything's Alright,1964,us,offline_sidecar_no_unique_track_match,0,apple_song_search_no_auto_match,false
graph_song:song|moloko|sing it back boris dlugosch mix:offline_sidecar_no_unique_track_match,apple_music_offline_reconciliation_pass_v1,song|moloko|sing it back boris dlugosch mix,graph_song,song,Moloko,Sing It Back (Boris Dlugosch Mix),1999,us,offline_sidecar_no_unique_track_match,0,apple_song_search_needs_review_version_risk,false
graph_song:song|monchy and alexandra|hoja en blanco:offline_sidecar_no_unique_track_match,apple_music_offline_reconciliation_pass_v1,song|monchy and alexandra|hoja en blanco,graph_song,song,Monchy & Alexandra,Hoja en Blanco,2001,us,offline_sidecar_no_unique_track_match,0,apple_song_search_needs_review_version_risk,false
graph_song:song|monie love|it s a shame my sister:offline_sidecar_no_unique_track_match,apple_music_offline_reconciliation_pass_v1,song|monie love|it s a shame my sister,graph_song,song,Monie Love,It's a Shame (My Sister),1990,us,offline_sidecar_no_unique_track_match,0,apple_song_search_needs_review_version_risk,false
graph_song:song|monkees|porpoise song:offline_sidecar_no_unique_track_match,apple_music_offline_reconciliation_pass_v1,song|monkees|porpoise song,graph_song,song,The Monkees,Porpoise Song,1968,us,offline_sidecar_no_unique_track_match,0,apple_song_search_needs_review_version_risk,false
graph_song:song|monks|complication:offline_sidecar_no_unique_track_match,apple_music_offline_reconciliation_pass_v1,song|monks|complication,graph_song,song,The Monks,Complication,1966,us,offline_sidecar_no_unique_track_match,0,apple_song_search_no_auto_match,false
graph_song:song|monks|i hate you:offline_sidecar_no_unique_track_match,apple_music_offline_reconciliation_pass_v1,song|monks|i hate you,graph_song,song,The Monks,I Hate You,1966,us,offline_sidecar_no_unique_track_match,0,apple_song_search_no_auto_match,false
graph_song:song|monks|monk time:offline_sidecar_no_unique_track_match,apple_music_offline_reconciliation_pass_v1,song|monks|monk time,graph_song,song,The Monks,Monk Time,1966,us,offline_sidecar_no_unique_track_match,0,apple_song_search_no_auto_match,false
graph_song:song|monolake|hongkong:offline_sidecar_no_unique_track_match,apple_music_offline_reconciliation_pass_v1,song|monolake|hongkong,graph_song,song,Monolake,Hongkong,1997,us,offline_sidecar_no_unique_track_match,0,apple_song_search_no_auto_match,false
graph_song:song|moody blues|tuesday afternoon:offline_sidecar_no_unique_track_match,apple_music_offline_reconciliation_pass_v1,song|moody blues|tuesday afternoon,graph_song,song,The Moody Blues,Tuesday Afternoon,1967,us,offline_sidecar_no_unique_track_match,0,apple_song_search_no_auto_match,false
graph_song:song|moodymann|shades of jae:offline_sidecar_no_unique_track_match,apple_music_offline_reconciliation_pass_v1,song|moodymann|shades of jae,graph_song,song,Moodymann,Shades of Jae,1996,us,offline_sidecar_no_unique_track_match,0,apple_song_search_no_auto_match,false
graph_song:song|moonglows|ten commandments of love:offline_sidecar_no_unique_track_match,apple_music_offline_reconciliation_pass_v1,song|moonglows|ten commandments of love,graph_song,song,The Moonglows,Ten Commandments of Love,1958,us,offline_sidecar_no_unique_track_match,0,apple_song_search_no_auto_match,false
graph_song:song|mormon tabernacle choir|hallelujah chorus:offline_sidecar_no_unique_track_match,apple_music_offline_reconciliation_pass_v1,song|mormon tabernacle choir|hallelujah chorus,graph_song,song,Mormon Tabernacle Choir,Hallelujah Chorus,1959,us,offline_sidecar_no_unique_track_match,0,apple_song_search_needs_review_version_risk,false
graph_song:song|mosaic msc|tremble:offline_sidecar_no_unique_track_match,apple_music_offline_reconciliation_pass_v1,song|mosaic msc|tremble,graph_song,song,Mosaic MSC,Tremble,2017,us,offline_sidecar_no_unique_track_match,0,apple_song_search_no_auto_match,false
graph_song:song|mouse and the traps|a public execution:offline_sidecar_no_unique_track_match,apple_music_offline_reconciliation_pass_v1,song|mouse and the traps|a public execution,graph_song,song,Mouse and the Traps,A Public Execution,1966,us,offline_sidecar_no_unique_track_match,0,apple_song_search_no_auto_match,false
graph_song:song|mousse t vs hot n juicy|horny:offline_sidecar_no_unique_track_match,apple_music_offline_reconciliation_pass_v1,song|mousse t vs hot n juicy|horny,graph_song,song,Mousse T. vs Hot n Juicy,Horny,1998,us,offline_sidecar_no_unique_track_match,0,apple_song_search_no_auto_match,false
graph_song:song|move|blackberry way:offline_sidecar_no_unique_track_match,apple_music_offline_reconciliation_pass_v1,song|move|blackberry way,graph_song,song,The Move,Blackberry Way,1968,us,offline_sidecar_no_unique_track_match,0,apple_song_search_no_auto_match,false
graph_song:song|move|curly:offline_sidecar_no_unique_track_match,apple_music_offline_reconciliation_pass_v1,song|move|curly,graph_song,song,The Move,Curly,1969,us,offline_sidecar_no_unique_track_match,0,apple_song_search_no_auto_match,false
graph_song:song|move|fire brigade:offline_sidecar_no_unique_track_match,apple_music_offline_reconciliation_pass_v1,song|move|fire brigade,graph_song,song,The Move,Fire Brigade,1968,us,offline_sidecar_no_unique_track_match,0,apple_song_search_no_auto_match,false
graph_song:song|move|flowers in the rain:offline_sidecar_no_unique_track_match,apple_music_offline_reconciliation_pass_v1,song|move|flowers in the rain,graph_song,song,The Move,Flowers in the Rain,1967,us,offline_sidecar_no_unique_track_match,0,apple_song_search_no_auto_match,false
graph_song:song|move|i can hear the grass grow:offline_sidecar_no_unique_track_match,apple_music_offline_reconciliation_pass_v1,song|move|i can hear the grass grow,graph_song,song,The Move,I Can Hear the Grass Grow,1967,us,offline_sidecar_no_unique_track_match,0,apple_song_search_no_auto_match,false
graph_song:song|moving sidewalks|99th floor:offline_sidecar_no_unique_track_match,apple_music_offline_reconciliation_pass_v1,song|moving sidewalks|99th floor,graph_song,song,The Moving Sidewalks,99th Floor,1967,us,offline_sidecar_no_unique_track_match,0,apple_song_search_no_auto_match,false
graph_song:song|mr eazi featuring efya|skin tight:offline_sidecar_no_unique_track_match,apple_music_offline_reconciliation_pass_v1,song|mr eazi featuring efya|skin tight,graph_song,song,Mr Eazi featuring Efya,Skin Tight,2015,us,offline_sidecar_no_unique_track_match,0,apple_song_search_no_auto_match,false
graph_song:song|mr eazi|skin tight:offline_sidecar_no_unique_track_match,apple_music_offline_reconciliation_pass_v1,song|mr eazi|skin tight,graph_song,song,Mr Eazi,Skin Tight,2015,us,offline_sidecar_no_unique_track_match,0,apple_song_search_no_auto_match,false
graph_song:song|mstrkrft featuring john legend|heartbreaker:offline_sidecar_no_unique_track_match,apple_music_offline_reconciliation_pass_v1,song|mstrkrft featuring john legend|heartbreaker,graph_song,song,MSTRKRFT featuring John Legend,Heartbreaker,2009,us,offline_sidecar_no_unique_track_match,0,apple_song_search_needs_review_version_risk,false
graph_song:song|muppets|muppet show theme:offline_sidecar_no_unique_track_match,apple_music_offline_reconciliation_pass_v1,song|muppets|muppet show theme,graph_song,song,The Muppets,The Muppet Show Theme,1976,us,offline_sidecar_no_unique_track_match,0,apple_song_search_needs_review_version_risk,false
graph_song:song|murmaids|popsicles and icicles:offline_sidecar_no_unique_track_match,apple_music_offline_reconciliation_pass_v1,song|murmaids|popsicles and icicles,graph_song,song,The Murmaids,Popsicles and Icicles,1963,us,offline_sidecar_no_unique_track_match,0,apple_song_search_no_auto_match,false
graph_song:song|music explosion|little bit o soul:offline_sidecar_no_unique_track_match,apple_music_offline_reconciliation_pass_v1,song|music explosion|little bit o soul,graph_song,song,The Music Explosion,Little Bit O' Soul,1967,us,offline_sidecar_no_unique_track_match,0,apple_song_search_needs_review_version_risk,false
graph_song:song|my bloody valentine|i only said:offline_sidecar_no_unique_track_match,apple_music_offline_reconciliation_pass_v1,song|my bloody valentine|i only said,graph_song,song,My Bloody Valentine,I Only Said,1991,us,offline_sidecar_no_unique_track_match,0,apple_song_search_no_auto_match,false
graph_song:song|my bloody valentine|loomer:offline_sidecar_no_unique_track_match,apple_music_offline_reconciliation_pass_v1,song|my bloody valentine|loomer,graph_song,song,My Bloody Valentine,Loomer,1991,us,offline_sidecar_no_unique_track_match,0,apple_song_search_no_auto_match,false
graph_song:song|my bloody valentine|only shallow:offline_sidecar_no_unique_track_match,apple_music_offline_reconciliation_pass_v1,song|my bloody valentine|only shallow,graph_song,song,My Bloody Valentine,Only Shallow,1991,us,offline_sidecar_no_unique_track_match,0,apple_song_search_no_auto_match,false
graph_song:song|my bloody valentine|sometimes:offline_sidecar_no_unique_track_match,apple_music_offline_reconciliation_pass_v1,song|my bloody valentine|sometimes,graph_song,song,My Bloody Valentine,Sometimes,1991,us,offline_sidecar_no_unique_track_match,0,apple_song_search_no_auto_match,false
graph_song:song|my bloody valentine|to here knows when:offline_sidecar_no_unique_track_match,apple_music_offline_reconciliation_pass_v1,song|my bloody valentine|to here knows when,graph_song,song,My Bloody Valentine,To Here Knows When,1991,us,offline_sidecar_no_unique_track_match,0,apple_song_search_no_auto_match,false
graph_song:song|my bloody valentine|when you sleep:offline_sidecar_no_unique_track_match,apple_music_offline_reconciliation_pass_v1,song|my bloody valentine|when you sleep,graph_song,song,My Bloody Valentine,When You Sleep,1991,us,offline_sidecar_no_unique_track_match,0,apple_song_search_no_auto_match,false
graph_song:song|n o r e featuring nina sky daddy yankee gem star and big mato|oye mi canto:offline_sidecar_no_unique_track_match,apple_music_offline_reconciliation_pass_v1,song|n o r e featuring nina sky daddy yankee gem star and big mato|oye mi canto,graph_song,song,"N.O.R.E. featuring Nina Sky, Daddy Yankee, Gem Star and Big Mato",Oye Mi Canto,2004,us,offline_sidecar_no_unique_track_match,0,apple_song_search_no_auto_match,false
graph_song:song|n w a|fuck tha police:offline_sidecar_no_unique_track_match,apple_music_offline_reconciliation_pass_v1,song|n w a|fuck tha police,graph_song,song,N.W.A,Fuck tha Police,1988,us,offline_sidecar_no_unique_track_match,0,apple_song_search_needs_review_version_risk,false
graph_song:song|nas feat puff daddy|hate me now:offline_sidecar_no_unique_track_match,apple_music_offline_reconciliation_pass_v1,song|nas feat puff daddy|hate me now,graph_song,song,Nas feat. Puff Daddy,Hate Me Now,1999,us,offline_sidecar_no_unique_track_match,0,apple_song_search_needs_review_version_risk,false
graph_song:song|nat king cole|christmas song:offline_sidecar_no_unique_track_match,apple_music_offline_reconciliation_pass_v1,song|nat king cole|christmas song,graph_song,song,Nat King Cole,The Christmas Song,1961,us,offline_sidecar_no_unique_track_match,0,apple_song_search_no_auto_match,false
graph_song:song|negative approach|can t tell no one:offline_sidecar_no_unique_track_match,apple_music_offline_reconciliation_pass_v1,song|negative approach|can t tell no one,graph_song,song,Negative Approach,Can't Tell No One,1982,us,offline_sidecar_no_unique_track_match,0,apple_song_search_no_auto_match,false
graph_song:song|negative approach|ready to fight:offline_sidecar_no_unique_track_match,apple_music_offline_reconciliation_pass_v1,song|negative approach|ready to fight,graph_song,song,Negative Approach,Ready to Fight,1983,us,offline_sidecar_no_unique_track_match,0,apple_song_search_no_auto_match,false
graph_song:song|nelly feat paul wall ali and gipp|grillz:offline_sidecar_no_unique_track_match,apple_music_offline_reconciliation_pass_v1,song|nelly feat paul wall ali and gipp|grillz,graph_song,song,"Nelly feat. Paul Wall, Ali, and Gipp",Grillz,2005,us,offline_sidecar_no_unique_track_match,0,apple_song_search_needs_review_version_risk,false
graph_song:song|nelly furtado featuring timbaland|promiscuous:offline_sidecar_no_unique_track_match,apple_music_offline_reconciliation_pass_v1,song|nelly furtado featuring timbaland|promiscuous,graph_song,song,Nelly Furtado featuring Timbaland,Promiscuous,2006,us,offline_sidecar_no_unique_track_match,0,apple_song_search_needs_review_version_risk,false
graph_song:song|nerves|hanging on the telephone:offline_sidecar_no_unique_track_match,apple_music_offline_reconciliation_pass_v1,song|nerves|hanging on the telephone,graph_song,song,The Nerves,Hanging on the Telephone,1976,us,offline_sidecar_no_unique_track_match,0,apple_song_search_needs_review_version_risk,false
graph_song:song|new found glory|all downhill from here:offline_sidecar_no_unique_track_match,apple_music_offline_reconciliation_pass_v1,song|new found glory|all downhill from here,graph_song,song,New Found Glory,All Downhill from Here,2004,us,offline_sidecar_no_unique_track_match,0,apple_song_search_no_auto_match,false
graph_song:song|nightcrawlers|little black egg:offline_sidecar_no_unique_track_match,apple_music_offline_reconciliation_pass_v1,song|nightcrawlers|little black egg,graph_song,song,The Nightcrawlers,The Little Black Egg,1965,us,offline_sidecar_no_unique_track_match,0,apple_song_search_no_auto_match,false
graph_song:song|nightcrawlers|push the feeling on:offline_sidecar_no_unique_track_match,apple_music_offline_reconciliation_pass_v1,song|nightcrawlers|push the feeling on,graph_song,song,Nightcrawlers,Push the Feeling On,1992,us,offline_sidecar_no_unique_track_match,0,apple_song_search_needs_review_version_risk,false
graph_song:song|nightmares on wax|nights interlude:offline_sidecar_no_unique_track_match,apple_music_offline_reconciliation_pass_v1,song|nightmares on wax|nights interlude,graph_song,song,Nightmares on Wax,Nights Interlude,1995,us,offline_sidecar_no_unique_track_match,0,apple_song_search_no_auto_match,false
graph_song:song|nio garcia casper magico and bad bunny|te bote remix:offline_sidecar_no_unique_track_match,apple_music_offline_reconciliation_pass_v1,song|nio garcia casper magico and bad bunny|te bote remix,graph_song,song,"Nio Garcia, Casper Magico and Bad Bunny",Te Bote (Remix),2018,us,offline_sidecar_no_unique_track_match,0,apple_song_search_no_auto_match,false
graph_song:song|nsync|tearin up my heart:offline_sidecar_no_unique_track_match,apple_music_offline_reconciliation_pass_v1,song|nsync|tearin up my heart,graph_song,song,NSYNC,Tearin' Up My Heart,1997,us,offline_sidecar_no_unique_track_match,0,apple_song_search_no_auto_match,false
graph_song:song|nymano|solitude:offline_sidecar_no_unique_track_match,apple_music_offline_reconciliation_pass_v1,song|nymano|solitude,graph_song,song,Nymano,Solitude,2017,us,offline_sidecar_no_unique_track_match,0,apple_song_search_no_results,false
graph_song:song|octave one featuring ann saunderson|blackwater:offline_sidecar_no_unique_track_match,apple_music_offline_reconciliation_pass_v1,song|octave one featuring ann saunderson|blackwater,graph_song,song,Octave One featuring Ann Saunderson,Blackwater,2000,us,offline_sidecar_no_unique_track_match,0,apple_song_search_no_auto_match,false
graph_song:song|octave one|black water:offline_sidecar_no_unique_track_match,apple_music_offline_reconciliation_pass_v1,song|octave one|black water,graph_song,song,Octave One,Black Water,2000,us,offline_sidecar_no_unique_track_match,0,apple_song_search_needs_review_version_risk,false
graph_song:song|odesza featuring zyra|say my name:offline_sidecar_no_unique_track_match,apple_music_offline_reconciliation_pass_v1,song|odesza featuring zyra|say my name,graph_song,song,ODESZA featuring Zyra,Say My Name,2014,us,offline_sidecar_no_unique_track_match,0,apple_song_search_needs_review_version_risk,false
graph_song:song|odetta|sometimes i feel like a motherless child:offline_sidecar_no_unique_track_match,apple_music_offline_reconciliation_pass_v1,song|odetta|sometimes i feel like a motherless child,graph_song,song,Odetta,Sometimes I Feel Like a Motherless Child,1956,us,offline_sidecar_no_unique_track_match,0,apple_song_search_needs_review_version_risk,false
graph_song:song|odetta|water boy:offline_sidecar_no_unique_track_match,apple_music_offline_reconciliation_pass_v1,song|odetta|water boy,graph_song,song,Odetta,Water Boy,1956,us,offline_sidecar_no_unique_track_match,0,apple_song_search_no_auto_match,false
graph_song:song|offspring|come out and play:offline_sidecar_no_unique_track_match,apple_music_offline_reconciliation_pass_v1,song|offspring|come out and play,graph_song,song,The Offspring,Come Out and Play,1994,us,offline_sidecar_no_unique_track_match,0,apple_song_search_no_auto_match,false
graph_song:song|old 97 s|too far to care:offline_sidecar_no_unique_track_match,apple_music_offline_reconciliation_pass_v1,song|old 97 s|too far to care,graph_song,song,Old 97's,Too Far to Care,1997,us,offline_sidecar_no_unique_track_match,0,apple_song_search_needs_review_version_risk,false
graph_song:song|open mike eagle|dark comedy morning show:offline_sidecar_no_unique_track_match,apple_music_offline_reconciliation_pass_v1,song|open mike eagle|dark comedy morning show,graph_song,song,Open Mike Eagle,Dark Comedy Morning Show,2014,us,offline_sidecar_no_unique_track_match,0,apple_song_search_no_auto_match,false
graph_song:song|operation ivy|knowledge:offline_sidecar_no_unique_track_match,apple_music_offline_reconciliation_pass_v1,song|operation ivy|knowledge,graph_song,song,Operation Ivy,Knowledge,1989,us,offline_sidecar_no_unique_track_match,0,apple_song_search_no_auto_match,false
graph_song:song|orbital|halcyon on and on:offline_sidecar_no_unique_track_match,apple_music_offline_reconciliation_pass_v1,song|orbital|halcyon on and on,graph_song,song,Orbital,Halcyon On and On,1992,us,offline_sidecar_no_unique_track_match,0,apple_song_search_no_auto_match,false
graph_song:song|orchestral manoeuvres in the dark|if you leave:offline_sidecar_no_unique_track_match,apple_music_offline_reconciliation_pass_v1,song|orchestral manoeuvres in the dark|if you leave,graph_song,song,Orchestral Manoeuvres in the Dark,If You Leave,1986,us,offline_sidecar_no_unique_track_match,0,apple_song_search_needs_review_version_risk,false
graph_song:song|original broadway cast of fiddler on the roof|matchmaker:offline_sidecar_no_unique_track_match,apple_music_offline_reconciliation_pass_v1,song|original broadway cast of fiddler on the roof|matchmaker,graph_song,song,Original Broadway Cast of Fiddler on the Roof,Matchmaker,1964,us,offline_sidecar_no_unique_track_match,0,apple_song_search_needs_review_version_risk,false
graph_song:song|original london cast of les miserables|one day more:offline_sidecar_no_unique_track_match,apple_music_offline_reconciliation_pass_v1,song|original london cast of les miserables|one day more,graph_song,song,Original London Cast of Les Miserables,One Day More,1985,us,offline_sidecar_no_unique_track_match,0,apple_song_search_no_auto_match,false
graph_song:song|other half|mr pharmacist:offline_sidecar_no_unique_track_match,apple_music_offline_reconciliation_pass_v1,song|other half|mr pharmacist,graph_song,song,The Other Half,Mr. Pharmacist,1966,us,offline_sidecar_no_unique_track_match,0,apple_song_search_no_auto_match,false
graph_song:song|outkast feat sleepy brown|way you move:offline_sidecar_no_unique_track_match,apple_music_offline_reconciliation_pass_v1,song|outkast feat sleepy brown|way you move,graph_song,song,OutKast feat. Sleepy Brown,The Way You Move,2003,us,offline_sidecar_no_unique_track_match,0,apple_song_search_no_auto_match,false
graph_song:song|outsiders|time won t let me:offline_sidecar_no_unique_track_match,apple_music_offline_reconciliation_pass_v1,song|outsiders|time won t let me,graph_song,song,The Outsiders,Time Won't Let Me,1966,us,offline_sidecar_no_unique_track_match,0,apple_song_search_no_auto_match,false
graph_song:song|ozuna featuring cardi b|la modelo:offline_sidecar_no_unique_track_match,apple_music_offline_reconciliation_pass_v1,song|ozuna featuring cardi b|la modelo,graph_song,song,Ozuna featuring Cardi B,La Modelo,2017,us,offline_sidecar_no_unique_track_match,0,apple_song_search_no_auto_match,false
graph_song:song|palace brothers|ohio river boat song:offline_sidecar_no_unique_track_match,apple_music_offline_reconciliation_pass_v1,song|palace brothers|ohio river boat song,graph_song,song,Palace Brothers,Ohio River Boat Song,1993,us,offline_sidecar_no_unique_track_match,0,apple_song_search_no_results,false
graph_song:song|paper kites|bloom:offline_sidecar_no_unique_track_match,apple_music_offline_reconciliation_pass_v1,song|paper kites|bloom,graph_song,song,The Paper Kites,Bloom,2010,us,offline_sidecar_no_unique_track_match,0,apple_song_search_no_auto_match,false
graph_song:song|parade|sunshine girl:offline_sidecar_no_unique_track_match,apple_music_offline_reconciliation_pass_v1,song|parade|sunshine girl,graph_song,song,The Parade,Sunshine Girl,1967,us,offline_sidecar_no_unique_track_match,0,apple_song_search_no_auto_match,false
graph_song:song|parliament|give up the funk:offline_sidecar_no_unique_track_match,apple_music_offline_reconciliation_pass_v1,song|parliament|give up the funk,graph_song,song,Parliament,Give Up the Funk,1976,us,offline_sidecar_no_unique_track_match,0,apple_song_search_no_auto_match,false
graph_song:song|paul mccartney|wonderful christmastime:offline_sidecar_no_unique_track_match,apple_music_offline_reconciliation_pass_v1,song|paul mccartney|wonderful christmastime,graph_song,song,Paul McCartney,Wonderful Christmastime,1979,us,offline_sidecar_no_unique_track_match,0,apple_song_search_no_auto_match,false
graph_song:song|paul wall feat big pokey|sittin sidewayz:offline_sidecar_no_unique_track_match,apple_music_offline_reconciliation_pass_v1,song|paul wall feat big pokey|sittin sidewayz,graph_song,song,Paul Wall feat. Big Pokey,Sittin' Sidewayz,2005,us,offline_sidecar_no_unique_track_match,0,apple_song_search_no_auto_match,false
graph_song:song|pavement|harness your hopes:offline_sidecar_no_unique_track_match,apple_music_offline_reconciliation_pass_v1,song|pavement|harness your hopes,graph_song,song,Pavement,Harness Your Hopes,1999,us,offline_sidecar_no_unique_track_match,0,apple_song_search_no_auto_match,false
graph_song:song|pavement|trigger cut:offline_sidecar_no_unique_track_match,apple_music_offline_reconciliation_pass_v1,song|pavement|trigger cut,graph_song,song,Pavement,Trigger Cut,1992,us,offline_sidecar_no_unique_track_match,0,apple_song_search_no_auto_match,false
graph_song:song|paw patrol|paw patrol opening theme:offline_sidecar_no_unique_track_match,apple_music_offline_reconciliation_pass_v1,song|paw patrol|paw patrol opening theme,graph_song,song,PAW Patrol,PAW Patrol Opening Theme,2013,us,offline_sidecar_no_unique_track_match,0,apple_song_search_needs_review_version_risk,false
graph_song:song|peabo bryson and regina belle|a whole new world:offline_sidecar_no_unique_track_match,apple_music_offline_reconciliation_pass_v1,song|peabo bryson and regina belle|a whole new world,graph_song,song,Peabo Bryson and Regina Belle,A Whole New World,1992,us,offline_sidecar_no_unique_track_match,0,apple_song_search_no_auto_match,false
graph_song:song|peabo bryson and roberta flack|tonight i celebrate my love:offline_sidecar_no_unique_track_match,apple_music_offline_reconciliation_pass_v1,song|peabo bryson and roberta flack|tonight i celebrate my love,graph_song,song,Peabo Bryson & Roberta Flack,"Tonight, I Celebrate My Love",1983,us,offline_sidecar_no_unique_track_match,0,apple_song_search_no_auto_match,false
graph_song:song|peaches|fuck the pain away:offline_sidecar_no_unique_track_match,apple_music_offline_reconciliation_pass_v1,song|peaches|fuck the pain away,graph_song,song,Peaches,Fuck the Pain Away,2000,us,offline_sidecar_no_unique_track_match,0,apple_song_search_needs_review_version_risk,false
graph_song:song|pedro infante|cien anos:offline_sidecar_no_unique_track_match,apple_music_offline_reconciliation_pass_v1,song|pedro infante|cien anos,graph_song,song,Pedro Infante,Cien Anos,1953,us,offline_sidecar_no_unique_track_match,0,apple_song_search_needs_review_version_risk,false
graph_song:song|pennywise|bro hymn:offline_sidecar_no_unique_track_match,apple_music_offline_reconciliation_pass_v1,song|pennywise|bro hymn,graph_song,song,Pennywise,Bro Hymn,1991,us,offline_sidecar_no_unique_track_match,0,apple_song_search_no_auto_match,false
graph_song:song|pentagram|forever my queen:offline_sidecar_no_unique_track_match,apple_music_offline_reconciliation_pass_v1,song|pentagram|forever my queen,graph_song,song,Pentagram,Forever My Queen,1973,us,offline_sidecar_no_unique_track_match,0,apple_song_search_no_auto_match,false
graph_song:song|peppa pig|peppa pig theme:offline_sidecar_no_unique_track_match,apple_music_offline_reconciliation_pass_v1,song|peppa pig|peppa pig theme,graph_song,song,Peppa Pig,Peppa Pig Theme,2004,us,offline_sidecar_no_unique_track_match,0,apple_song_search_needs_review_version_risk,false
graph_song:song|pere ubu|final solution:offline_sidecar_no_unique_track_match,apple_music_offline_reconciliation_pass_v1,song|pere ubu|final solution,graph_song,song,Pere Ubu,Final Solution,1976,us,offline_sidecar_no_unique_track_match,0,apple_song_search_needs_review_version_risk,false
graph_song:song|perry como and the fontane sisters|it s beginning to look a lot like christmas:offline_sidecar_no_unique_track_match,apple_music_offline_reconciliation_pass_v1,song|perry como and the fontane sisters|it s beginning to look a lot like christmas,graph_song,song,Perry Como and The Fontane Sisters,It's Beginning to Look a Lot Like Christmas,1951,us,offline_sidecar_no_unique_track_match,0,apple_song_search_needs_review_version_risk,false
graph_song:song|pet shop boys|opportunities:offline_sidecar_no_unique_track_match,apple_music_offline_reconciliation_pass_v1,song|pet shop boys|opportunities,graph_song,song,Pet Shop Boys,Opportunities,1985,us,offline_sidecar_no_unique_track_match,0,apple_song_search_no_auto_match,false
graph_song:song|pete seeger|bells of rhymney:offline_sidecar_no_unique_track_match,apple_music_offline_reconciliation_pass_v1,song|pete seeger|bells of rhymney,graph_song,song,Pete Seeger,The Bells of Rhymney,1958,us,offline_sidecar_no_unique_track_match,0,apple_song_search_no_auto_match,false
graph_song:song|pete seeger|guantanamera:offline_sidecar_no_unique_track_match,apple_music_offline_reconciliation_pass_v1,song|pete seeger|guantanamera,graph_song,song,Pete Seeger,Guantanamera,1963,us,offline_sidecar_no_unique_track_match,0,apple_song_search_needs_review_version_risk,false
graph_song:song|pete seeger|talking union:offline_sidecar_no_unique_track_match,apple_music_offline_reconciliation_pass_v1,song|pete seeger|talking union,graph_song,song,Pete Seeger,Talking Union,1941,us,offline_sidecar_no_unique_track_match,0,apple_song_search_no_auto_match,false
graph_song:song|pete seeger|where have all the flowers gone:offline_sidecar_no_unique_track_match,apple_music_offline_reconciliation_pass_v1,song|pete seeger|where have all the flowers gone,graph_song,song,Pete Seeger,Where Have All the Flowers Gone,1955,us,offline_sidecar_no_unique_track_match,0,apple_song_search_needs_review_version_risk,false
graph_song:song|pezband|baby it s cold outside:offline_sidecar_no_unique_track_match,apple_music_offline_reconciliation_pass_v1,song|pezband|baby it s cold outside,graph_song,song,Pezband,Baby It's Cold Outside,1977,us,offline_sidecar_no_unique_track_match,0,apple_song_search_no_auto_match,false
graph_song:song|pharrell williams|happy:offline_sidecar_no_unique_track_match,apple_music_offline_reconciliation_pass_v1,song|pharrell williams|happy,graph_song,song,Pharrell Williams,Happy,2013,us,offline_sidecar_no_unique_track_match,0,apple_song_search_needs_review_version_risk,false
graph_song:song|philanthrope|departure:offline_sidecar_no_unique_track_match,apple_music_offline_reconciliation_pass_v1,song|philanthrope|departure,graph_song,song,Philanthrope,Departure,2018,us,offline_sidecar_no_unique_track_match,0,apple_song_search_no_results,false
graph_song:song|pink featuring nate ruess|just give me a reason:offline_sidecar_no_unique_track_match,apple_music_offline_reconciliation_pass_v1,song|pink featuring nate ruess|just give me a reason,graph_song,song,Pink featuring Nate Ruess,Just Give Me a Reason,2012,us,offline_sidecar_no_unique_track_match,0,apple_song_search_needs_review_version_risk,false
graph_song:song|pink floyd|another brick in the wall part 2:offline_sidecar_no_unique_track_match,apple_music_offline_reconciliation_pass_v1,song|pink floyd|another brick in the wall part 2,graph_song,song,Pink Floyd,"Another Brick in the Wall, Part 2",1979,us,offline_sidecar_no_unique_track_match,0,apple_song_search_no_auto_match,false
graph_song:song|pink floyd|shine on you crazy diamond parts i v:offline_sidecar_no_unique_track_match,apple_music_offline_reconciliation_pass_v1,song|pink floyd|shine on you crazy diamond parts i v,graph_song,song,Pink Floyd,Shine On You Crazy Diamond (Parts I-V),1975,us,offline_sidecar_no_unique_track_match,0,apple_song_search_no_auto_match,false
graph_song:song|pink|try:offline_sidecar_no_unique_track_match,apple_music_offline_reconciliation_pass_v1,song|pink|try,graph_song,song,Pink,Try,2012,us,offline_sidecar_no_unique_track_match,0,apple_song_search_no_auto_match,false
graph_song:song|pitbull feat kesha|timber:offline_sidecar_no_unique_track_match,apple_music_offline_reconciliation_pass_v1,song|pitbull feat kesha|timber,graph_song,song,Pitbull feat. Kesha,Timber,2013,us,offline_sidecar_no_unique_track_match,0,apple_song_search_needs_review_version_risk,false
graph_song:song|pitbull featuring kesha|timber:offline_sidecar_no_unique_track_match,apple_music_offline_reconciliation_pass_v1,song|pitbull featuring kesha|timber,graph_song,song,Pitbull featuring Kesha,Timber,2013,us,offline_sidecar_no_unique_track_match,0,apple_song_search_needs_review_version_risk,false
graph_song:song|pitbull featuring ne yo afrojack and nayer|give me everything:offline_sidecar_no_unique_track_match,apple_music_offline_reconciliation_pass_v1,song|pitbull featuring ne yo afrojack and nayer|give me everything,graph_song,song,"Pitbull featuring Ne-Yo, Afrojack & Nayer",Give Me Everything,2011,us,offline_sidecar_no_unique_track_match,0,apple_song_search_needs_review_version_risk,false
graph_song:song|police|dont stand so close to me:offline_sidecar_no_unique_track_match,apple_music_offline_reconciliation_pass_v1,song|police|dont stand so close to me,graph_song,song,The Police,Dont Stand So Close to Me,1980,us,offline_sidecar_no_unique_track_match,0,apple_song_search_no_auto_match,false
graph_song:song|pop|down on the boulevard:offline_sidecar_no_unique_track_match,apple_music_offline_reconciliation_pass_v1,song|pop|down on the boulevard,graph_song,song,The Pop,Down on the Boulevard,1979,us,offline_sidecar_no_unique_track_match,0,apple_song_search_no_auto_match,false
graph_song:song|post malone and swae lee|sunflower:offline_sidecar_no_unique_track_match,apple_music_offline_reconciliation_pass_v1,song|post malone and swae lee|sunflower,graph_song,song,Post Malone and Swae Lee,Sunflower,2018,us,offline_sidecar_no_unique_track_match,0,apple_song_search_needs_review_version_risk,false
graph_song:song|post malone feat 21 savage|rockstar:offline_sidecar_no_unique_track_match,apple_music_offline_reconciliation_pass_v1,song|post malone feat 21 savage|rockstar,graph_song,song,Post Malone feat. 21 Savage,rockstar,2017,us,offline_sidecar_no_unique_track_match,0,apple_song_search_needs_review_version_risk,false
graph_song:song|pozo seco singers|time:offline_sidecar_no_unique_track_match,apple_music_offline_reconciliation_pass_v1,song|pozo seco singers|time,graph_song,song,The Pozo-Seco Singers,Time,1966,us,offline_sidecar_no_unique_track_match,0,apple_song_search_no_auto_match,false
graph_song:song|procol harum|conquistador:offline_sidecar_no_unique_track_match,apple_music_offline_reconciliation_pass_v1,song|procol harum|conquistador,graph_song,song,Procol Harum,Conquistador,1967,us,offline_sidecar_no_unique_track_match,0,apple_song_search_no_auto_match,false
graph_song:song|procol harum|homburg:offline_sidecar_no_unique_track_match,apple_music_offline_reconciliation_pass_v1,song|procol harum|homburg,graph_song,song,Procol Harum,Homburg,1967,us,offline_sidecar_no_unique_track_match,0,apple_song_search_no_auto_match,false
graph_song:song|project pat|don t save her:offline_sidecar_no_unique_track_match,apple_music_offline_reconciliation_pass_v1,song|project pat|don t save her,graph_song,song,Project Pat,Don't Save Her,2001,us,offline_sidecar_no_unique_track_match,0,apple_song_search_needs_review_version_risk,false
graph_song:song|public enemy|he got game:offline_sidecar_no_unique_track_match,apple_music_offline_reconciliation_pass_v1,song|public enemy|he got game,graph_song,song,Public Enemy,He Got Game,1998,us,offline_sidecar_no_unique_track_match,0,apple_song_search_needs_review_version_risk,false
graph_song:song|public image ltd|death disco:offline_sidecar_no_unique_track_match,apple_music_offline_reconciliation_pass_v1,song|public image ltd|death disco,graph_song,song,Public Image Ltd,Death Disco,1979,us,offline_sidecar_no_unique_track_match,0,apple_song_search_no_auto_match,false
graph_song:song|puff daddy and faith evans feat 112|i ll be missing you:offline_sidecar_no_unique_track_match,apple_music_offline_reconciliation_pass_v1,song|puff daddy and faith evans feat 112|i ll be missing you,graph_song,song,Puff Daddy and Faith Evans feat. 112,I'll Be Missing You,1997,us,offline_sidecar_no_unique_track_match,0,apple_song_search_needs_review_version_risk,false
graph_song:song|puff daddy feat mase|can t nobody hold me down:offline_sidecar_no_unique_track_match,apple_music_offline_reconciliation_pass_v1,song|puff daddy feat mase|can t nobody hold me down,graph_song,song,Puff Daddy feat. Mase,Can't Nobody Hold Me Down,1997,us,offline_sidecar_no_unique_track_match,0,apple_song_search_needs_review_version_risk,false
graph_song:song|r e m|its the end of the world as we know it:offline_sidecar_no_unique_track_match,apple_music_offline_reconciliation_pass_v1,song|r e m|its the end of the world as we know it,graph_song,song,R.E.M.,Its the End of the World as We Know It,1987,us,offline_sidecar_no_unique_track_match,0,apple_song_search_no_auto_match,false
graph_song:song|r e m|orange crush:offline_sidecar_no_unique_track_match,apple_music_offline_reconciliation_pass_v1,song|r e m|orange crush,graph_song,song,R.E.M.,Orange Crush,1988,us,offline_sidecar_no_unique_track_match,0,apple_song_search_no_auto_match,false
graph_song:song|rae sremmurd feat gucci mane|black beatles:offline_sidecar_no_unique_track_match,apple_music_offline_reconciliation_pass_v1,song|rae sremmurd feat gucci mane|black beatles,graph_song,song,Rae Sremmurd feat. Gucci Mane,Black Beatles,2016,us,offline_sidecar_no_unique_track_match,0,apple_song_search_needs_review_version_risk,false
graph_song:song|raffi|apples and bananas:offline_sidecar_no_unique_track_match,apple_music_offline_reconciliation_pass_v1,song|raffi|apples and bananas,graph_song,song,Raffi,Apples and Bananas,1980,us,offline_sidecar_no_unique_track_match,0,apple_song_search_no_auto_match,false
graph_song:song|raffi|mr sun:offline_sidecar_no_unique_track_match,apple_music_offline_reconciliation_pass_v1,song|raffi|mr sun,graph_song,song,Raffi,Mr. Sun,1980,us,offline_sidecar_no_unique_track_match,0,apple_song_search_no_auto_match,false
graph_song:song|ramin djawadi|game of thrones main title:offline_sidecar_no_unique_track_match,apple_music_offline_reconciliation_pass_v1,song|ramin djawadi|game of thrones main title,graph_song,song,Ramin Djawadi,Game of Thrones Main Title,2011,us,offline_sidecar_no_unique_track_match,0,apple_song_search_needs_review_version_risk,false
graph_song:song|ramon ayala y sus bravos del norte|tragos amargos:offline_sidecar_no_unique_track_match,apple_music_offline_reconciliation_pass_v1,song|ramon ayala y sus bravos del norte|tragos amargos,graph_song,song,Ramon Ayala y Sus Bravos del Norte,Tragos Amargos,1984,us,offline_sidecar_no_unique_track_match,0,apple_song_search_no_auto_match,false
graph_song:song|ramon ayala y sus bravos del norte|un rinconcito en el cielo:offline_sidecar_no_unique_track_match,apple_music_offline_reconciliation_pass_v1,song|ramon ayala y sus bravos del norte|un rinconcito en el cielo,graph_song,song,Ramon Ayala y Sus Bravos del Norte,Un Rinconcito en el Cielo,1974,us,offline_sidecar_no_unique_track_match,0,apple_song_search_no_auto_match,false
graph_song:song|randy newman|feels like home:offline_sidecar_no_unique_track_match,apple_music_offline_reconciliation_pass_v1,song|randy newman|feels like home,graph_song,song,Randy Newman,Feels Like Home,1995,us,offline_sidecar_no_unique_track_match,0,apple_song_search_no_auto_match,false
graph_song:song|randy newman|short people:offline_sidecar_no_unique_track_match,apple_music_offline_reconciliation_pass_v1,song|randy newman|short people,graph_song,song,Randy Newman,Short People,1977,us,offline_sidecar_no_unique_track_match,0,apple_song_search_no_auto_match,false
graph_song:song|raphael saadiq|ask of you:offline_sidecar_no_unique_track_match,apple_music_offline_reconciliation_pass_v1,song|raphael saadiq|ask of you,graph_song,song,Raphael Saadiq,Ask of You,1995,us,offline_sidecar_no_unique_track_match,0,apple_song_search_no_auto_match,false
graph_song:song|rapture|sister savior:offline_sidecar_no_unique_track_match,apple_music_offline_reconciliation_pass_v1,song|rapture|sister savior,graph_song,song,The Rapture,Sister Savior,2003,us,offline_sidecar_no_unique_track_match,0,apple_song_search_no_auto_match,false
graph_song:song|raspberries|overnight sensation hit record:offline_sidecar_no_unique_track_match,apple_music_offline_reconciliation_pass_v1,song|raspberries|overnight sensation hit record,graph_song,song,Raspberries,Overnight Sensation (Hit Record),1974,us,offline_sidecar_no_unique_track_match,0,apple_song_search_no_auto_match,false
graph_song:song|rationals|respect:offline_sidecar_no_unique_track_match,apple_music_offline_reconciliation_pass_v1,song|rationals|respect,graph_song,song,The Rationals,Respect,1966,us,offline_sidecar_no_unique_track_match,0,apple_song_search_needs_review_version_risk,false
graph_song:song|ravi shankar|dhun:offline_sidecar_no_unique_track_match,apple_music_offline_reconciliation_pass_v1,song|ravi shankar|dhun,graph_song,song,Ravi Shankar,Dhun,1968,us,offline_sidecar_no_unique_track_match,0,apple_song_search_no_auto_match,false
graph_song:song|ravyn lenae feat steve lacy|skin tight:offline_sidecar_no_unique_track_match,apple_music_offline_reconciliation_pass_v1,song|ravyn lenae feat steve lacy|skin tight,graph_song,song,Ravyn Lenae feat. Steve Lacy,Skin Tight,2022,us,offline_sidecar_no_unique_track_match,0,apple_song_search_no_auto_match,false
graph_song:song|ray charles|hit the road jack:offline_sidecar_no_unique_track_match,apple_music_offline_reconciliation_pass_v1,song|ray charles|hit the road jack,graph_song,song,Ray Charles,Hit the Road Jack,1961,us,offline_sidecar_no_unique_track_match,0,apple_song_search_no_auto_match,false
graph_song:song|ray charles|unchain my heart:offline_sidecar_no_unique_track_match,apple_music_offline_reconciliation_pass_v1,song|ray charles|unchain my heart,graph_song,song,Ray Charles,Unchain My Heart,1961,us,offline_sidecar_no_unique_track_match,0,apple_song_search_no_auto_match,false
graph_song:song|ray stevens|ahab the arab:offline_sidecar_no_unique_track_match,apple_music_offline_reconciliation_pass_v1,song|ray stevens|ahab the arab,graph_song,song,Ray Stevens,Ahab the Arab,1962,us,offline_sidecar_no_unique_track_match,0,apple_song_search_no_auto_match,false
graph_song:song|raye featuring 070 shake|escapism:offline_sidecar_no_unique_track_match,apple_music_offline_reconciliation_pass_v1,song|raye featuring 070 shake|escapism,graph_song,song,Raye featuring 070 Shake,Escapism.,2022,us,offline_sidecar_no_unique_track_match,0,apple_song_search_needs_review_version_risk,false
graph_song:song|real roxanne with hitman howie tee|bang zoom let s go go:offline_sidecar_no_unique_track_match,apple_music_offline_reconciliation_pass_v1,song|real roxanne with hitman howie tee|bang zoom let s go go,graph_song,song,The Real Roxanne with Hitman Howie Tee,Bang Zoom (Let's Go-Go),1986,us,offline_sidecar_no_unique_track_match,0,apple_song_search_needs_review_version_risk,false
graph_song:song|reckless kelly|seven nights in eire:offline_sidecar_no_unique_track_match,apple_music_offline_reconciliation_pass_v1,song|reckless kelly|seven nights in eire,graph_song,song,Reckless Kelly,Seven Nights in Eire,2000,us,offline_sidecar_no_unique_track_match,0,apple_song_search_no_auto_match,false
graph_song:song|records|starry eyes:offline_sidecar_no_unique_track_match,apple_music_offline_reconciliation_pass_v1,song|records|starry eyes,graph_song,song,The Records,Starry Eyes,1978,us,offline_sidecar_no_unique_track_match,0,apple_song_search_no_auto_match,false
graph_song:song|redman|da goodness:offline_sidecar_no_unique_track_match,apple_music_offline_reconciliation_pass_v1,song|redman|da goodness,graph_song,song,Redman,Da Goodness,1998,us,offline_sidecar_no_unique_track_match,0,apple_song_search_no_auto_match,false
graph_song:song|regis|speak to me:offline_sidecar_no_unique_track_match,apple_music_offline_reconciliation_pass_v1,song|regis|speak to me,graph_song,song,Regis,Speak to Me,1996,us,offline_sidecar_no_unique_track_match,0,apple_song_search_needs_review_version_risk,false
graph_song:song|reparata and the delrons|whenever a teenager cries:offline_sidecar_no_unique_track_match,apple_music_offline_reconciliation_pass_v1,song|reparata and the delrons|whenever a teenager cries,graph_song,song,Reparata and the Delrons,Whenever a Teenager Cries,1965,us,offline_sidecar_no_unique_track_match,0,apple_song_search_no_auto_match,false
graph_song:song|replacements|cant hardly wait:offline_sidecar_no_unique_track_match,apple_music_offline_reconciliation_pass_v1,song|replacements|cant hardly wait,graph_song,song,The Replacements,Cant Hardly Wait,1987,us,offline_sidecar_no_unique_track_match,0,apple_song_search_no_auto_match,false
graph_song:song|rich gang feat young thug and rich homie quan|lifestyle:offline_sidecar_no_unique_track_match,apple_music_offline_reconciliation_pass_v1,song|rich gang feat young thug and rich homie quan|lifestyle,graph_song,song,Rich Gang feat. Young Thug and Rich Homie Quan,Lifestyle,2014,us,offline_sidecar_no_unique_track_match,0,apple_song_search_no_auto_match,false
graph_song:song|richard and mimi farina|children of darkness:offline_sidecar_no_unique_track_match,apple_music_offline_reconciliation_pass_v1,song|richard and mimi farina|children of darkness,graph_song,song,Richard and Mimi Farina,Children of Darkness,1966,us,offline_sidecar_no_unique_track_match,0,apple_song_search_no_auto_match,false
graph_song:song|richard and mimi farina|pack up your sorrows:offline_sidecar_no_unique_track_match,apple_music_offline_reconciliation_pass_v1,song|richard and mimi farina|pack up your sorrows,graph_song,song,Richard and Mimi Farina,Pack Up Your Sorrows,1965,us,offline_sidecar_no_unique_track_match,0,apple_song_search_no_auto_match,false
graph_song:song|richard hell and the voidoids|kid with the replaceable head:offline_sidecar_no_unique_track_match,apple_music_offline_reconciliation_pass_v1,song|richard hell and the voidoids|kid with the replaceable head,graph_song,song,Richard Hell & The Voidoids,The Kid with the Replaceable Head,1979,us,offline_sidecar_no_unique_track_match,0,apple_song_search_no_auto_match,false
graph_song:song|richard hell and the voidoids|time:offline_sidecar_no_unique_track_match,apple_music_offline_reconciliation_pass_v1,song|richard hell and the voidoids|time,graph_song,song,Richard Hell & The Voidoids,Time,1977,us,offline_sidecar_no_unique_track_match,0,apple_song_search_no_auto_match,false
graph_song:song|richard kiley|impossible dream:offline_sidecar_no_unique_track_match,apple_music_offline_reconciliation_pass_v1,song|richard kiley|impossible dream,graph_song,song,Richard Kiley,The Impossible Dream,1965,us,offline_sidecar_no_unique_track_match,0,apple_song_search_needs_review_version_risk,false
graph_song:song|rick founds|lord i lift your name on high:offline_sidecar_no_unique_track_match,apple_music_offline_reconciliation_pass_v1,song|rick founds|lord i lift your name on high,graph_song,song,Rick Founds,Lord I Lift Your Name on High,1989,us,offline_sidecar_no_unique_track_match,0,apple_song_search_needs_review_version_risk,false
graph_song:song|rick springfield|jessies girl:offline_sidecar_no_unique_track_match,apple_music_offline_reconciliation_pass_v1,song|rick springfield|jessies girl,graph_song,song,Rick Springfield,Jessies Girl,1981,us,offline_sidecar_no_unique_track_match,0,apple_song_search_no_auto_match,false
graph_song:song|ricky martin|she bangs:offline_sidecar_no_unique_track_match,apple_music_offline_reconciliation_pass_v1,song|ricky martin|she bangs,graph_song,song,Ricky Martin,She Bangs,2000,us,offline_sidecar_no_unique_track_match,0,apple_song_search_needs_review_version_risk,false
graph_song:song|righteous brothers|you ve lost that lovin feelin:offline_sidecar_no_unique_track_match,apple_music_offline_reconciliation_pass_v1,song|righteous brothers|you ve lost that lovin feelin,graph_song,song,The Righteous Brothers,You've Lost That Lovin' Feelin',1964,us,offline_sidecar_no_unique_track_match,0,apple_song_search_no_auto_match,false
graph_song:song|rip chords|hey little cobra:offline_sidecar_no_unique_track_match,apple_music_offline_reconciliation_pass_v1,song|rip chords|hey little cobra,graph_song,song,The Rip Chords,Hey Little Cobra,1964,us,offline_sidecar_no_unique_track_match,0,apple_song_search_no_auto_match,false
graph_song:song|rising sons|take a giant step:offline_sidecar_no_unique_track_match,apple_music_offline_reconciliation_pass_v1,song|rising sons|take a giant step,graph_song,song,The Rising Sons,Take a Giant Step,1966,us,offline_sidecar_no_unique_track_match,0,apple_song_search_no_auto_match,false
graph_song:song|rita coolidge|we re all alone:offline_sidecar_no_unique_track_match,apple_music_offline_reconciliation_pass_v1,song|rita coolidge|we re all alone,graph_song,song,Rita Coolidge,We're All Alone,1977,us,offline_sidecar_no_unique_track_match,0,apple_song_search_needs_review_version_risk,false
graph_song:song|robert glasper experiment feat erykah badu|afro blue:offline_sidecar_no_unique_track_match,apple_music_offline_reconciliation_pass_v1,song|robert glasper experiment feat erykah badu|afro blue,graph_song,song,Robert Glasper Experiment feat. Erykah Badu,Afro Blue,2012,us,offline_sidecar_no_unique_track_match,0,apple_song_search_needs_review_version_risk,false
graph_song:song|robert glasper experiment feat musiq soulchild and chrisette michele|ah yeah:offline_sidecar_no_unique_track_match,apple_music_offline_reconciliation_pass_v1,song|robert glasper experiment feat musiq soulchild and chrisette michele|ah yeah,graph_song,song,Robert Glasper Experiment feat. Musiq Soulchild and Chrisette Michele,Ah Yeah,2012,us,offline_sidecar_no_unique_track_match,0,apple_song_search_no_auto_match,false
graph_song:song|roberta flack|first time ever i saw your face:offline_sidecar_no_unique_track_match,apple_music_offline_reconciliation_pass_v1,song|roberta flack|first time ever i saw your face,graph_song,song,Roberta Flack,The First Time Ever I Saw Your Face,1972,us,offline_sidecar_no_unique_track_match,0,apple_song_search_needs_review_version_risk,false
graph_song:song|rosalia and j balvin|con altura:offline_sidecar_no_unique_track_match,apple_music_offline_reconciliation_pass_v1,song|rosalia and j balvin|con altura,graph_song,song,Rosalia and J Balvin,Con Altura,2019,us,offline_sidecar_no_unique_track_match,0,apple_song_search_no_auto_match,false
graph_song:song|roxanne shante|roxanne s revenge:offline_sidecar_no_unique_track_match,apple_music_offline_reconciliation_pass_v1,song|roxanne shante|roxanne s revenge,graph_song,song,Roxanne Shante,Roxanne's Revenge,1984,us,offline_sidecar_no_unique_track_match,0,apple_song_search_needs_review_version_risk,false
graph_song:song|roxette|it must have been love:offline_sidecar_no_unique_track_match,apple_music_offline_reconciliation_pass_v1,song|roxette|it must have been love,graph_song,song,Roxette,It Must Have Been Love,1990,us,offline_sidecar_no_unique_track_match,0,apple_song_search_needs_review_version_risk,false
graph_song:song|ruben blades and willie colon|pedro navaja:offline_sidecar_no_unique_track_match,apple_music_offline_reconciliation_pass_v1,song|ruben blades and willie colon|pedro navaja,graph_song,song,Ruben Blades and Willie Colon,Pedro Navaja,1978,us,offline_sidecar_no_unique_track_match,0,apple_song_search_no_auto_match,false
graph_song:song|run dmc|sucker m c s:offline_sidecar_no_unique_track_match,apple_music_offline_reconciliation_pass_v1,song|run dmc|sucker m c s,graph_song,song,Run-DMC,Sucker M.C.'s,1983,us,offline_sidecar_no_unique_track_match,0,apple_song_search_no_auto_match,false
graph_song:song|run the jewels feat zack de la rocha|close your eyes and count to fuck:offline_sidecar_no_unique_track_match,apple_music_offline_reconciliation_pass_v1,song|run the jewels feat zack de la rocha|close your eyes and count to fuck,graph_song,song,Run the Jewels feat. Zack de la Rocha,Close Your Eyes (And Count to Fuck),2014,us,offline_sidecar_no_unique_track_match,0,apple_song_search_needs_review_version_risk,false
graph_song:song|ryuichi sakamoto|riot in lagos:offline_sidecar_no_unique_track_match,apple_music_offline_reconciliation_pass_v1,song|ryuichi sakamoto|riot in lagos,graph_song,song,Ryuichi Sakamoto,Riot in Lagos,1980,us,offline_sidecar_no_unique_track_match,0,apple_song_search_no_auto_match,false
graph_song:song|saib|in your arms:offline_sidecar_no_unique_track_match,apple_music_offline_reconciliation_pass_v1,song|saib|in your arms,graph_song,song,saib.,in your arms.,2015,us,offline_sidecar_no_unique_track_match,0,apple_song_search_no_auto_match,false
graph_song:song|salif keita|tomorrow:offline_sidecar_no_unique_track_match,apple_music_offline_reconciliation_pass_v1,song|salif keita|tomorrow,graph_song,song,Salif Keita,Tomorrow,1987,us,offline_sidecar_no_unique_track_match,0,apple_song_search_no_auto_match,false
graph_song:song|salt n pepa|expression:offline_sidecar_no_unique_track_match,apple_music_offline_reconciliation_pass_v1,song|salt n pepa|expression,graph_song,song,Salt-N-Pepa,Expression,1989,us,offline_sidecar_no_unique_track_match,0,apple_song_search_no_auto_match,false
graph_song:song|salt n pepa|push it:offline_sidecar_no_unique_track_match,apple_music_offline_reconciliation_pass_v1,song|salt n pepa|push it,graph_song,song,Salt-N-Pepa,Push It,1987,us,offline_sidecar_no_unique_track_match,0,apple_song_search_needs_review_version_risk,false
graph_song:song|salt n pepa|shake your thang:offline_sidecar_no_unique_track_match,apple_music_offline_reconciliation_pass_v1,song|salt n pepa|shake your thang,graph_song,song,Salt-N-Pepa,Shake Your Thang,1988,us,offline_sidecar_no_unique_track_match,0,apple_song_search_no_auto_match,false
graph_song:song|sam cooke and the soul stirrers|jesus gave me water:offline_sidecar_no_unique_track_match,apple_music_offline_reconciliation_pass_v1,song|sam cooke and the soul stirrers|jesus gave me water,graph_song,song,Sam Cooke and The Soul Stirrers,Jesus Gave Me Water,1951,us,offline_sidecar_no_unique_track_match,0,apple_song_search_no_auto_match,false
graph_song:song|samwell|what what in the butt:offline_sidecar_no_unique_track_match,apple_music_offline_reconciliation_pass_v1,song|samwell|what what in the butt,graph_song,song,Samwell,What What (In the Butt),2007,us,offline_sidecar_no_unique_track_match,0,apple_song_search_needs_review_version_risk,false
graph_song:song|sanford clark|fool:offline_sidecar_no_unique_track_match,apple_music_offline_reconciliation_pass_v1,song|sanford clark|fool,graph_song,song,Sanford Clark,The Fool,1956,us,offline_sidecar_no_unique_track_match,0,apple_song_search_no_auto_match,false
graph_song:song|santana featuring rob thomas|smooth:offline_sidecar_no_unique_track_match,apple_music_offline_reconciliation_pass_v1,song|santana featuring rob thomas|smooth,graph_song,song,Santana featuring Rob Thomas,Smooth,1999,us,offline_sidecar_no_unique_track_match,0,apple_song_search_needs_review_version_risk,false
graph_song:song|sarah brightman|pie jesu:offline_sidecar_no_unique_track_match,apple_music_offline_reconciliation_pass_v1,song|sarah brightman|pie jesu,graph_song,song,Sarah Brightman,Pie Jesu,1985,us,offline_sidecar_no_unique_track_match,0,apple_song_search_needs_review_version_risk,false
graph_song:song|sarkodie featuring king promise|can t let you go:offline_sidecar_no_unique_track_match,apple_music_offline_reconciliation_pass_v1,song|sarkodie featuring king promise|can t let you go,graph_song,song,Sarkodie featuring King Promise,Can't Let You Go,2018,us,offline_sidecar_no_unique_track_match,0,apple_song_search_no_auto_match,false
graph_song:song|schoolly d|saturday night:offline_sidecar_no_unique_track_match,apple_music_offline_reconciliation_pass_v1,song|schoolly d|saturday night,graph_song,song,Schoolly D,Saturday Night,1986,us,offline_sidecar_no_unique_track_match,0,apple_song_search_no_results,false
graph_song:song|scratch acid|cannibal:offline_sidecar_no_unique_track_match,apple_music_offline_reconciliation_pass_v1,song|scratch acid|cannibal,graph_song,song,Scratch Acid,Cannibal,1984,us,offline_sidecar_no_unique_track_match,0,apple_song_search_no_auto_match,false
graph_song:song|scratch acid|greatest gift:offline_sidecar_no_unique_track_match,apple_music_offline_reconciliation_pass_v1,song|scratch acid|greatest gift,graph_song,song,Scratch Acid,Greatest Gift,1985,us,offline_sidecar_no_unique_track_match,0,apple_song_search_no_auto_match,false
graph_song:song|scratch acid|owners lament:offline_sidecar_no_unique_track_match,apple_music_offline_reconciliation_pass_v1,song|scratch acid|owners lament,graph_song,song,Scratch Acid,Owners Lament,1984,us,offline_sidecar_no_unique_track_match,0,apple_song_search_no_auto_match,false
graph_song:song|scratch acid|she said:offline_sidecar_no_unique_track_match,apple_music_offline_reconciliation_pass_v1,song|scratch acid|she said,graph_song,song,Scratch Acid,She Said,1984,us,offline_sidecar_no_unique_track_match,0,apple_song_search_no_auto_match,false
graph_song:song|seven lions featuring myon and shane 54 and tove lo|strangers:offline_sidecar_no_unique_track_match,apple_music_offline_reconciliation_pass_v1,song|seven lions featuring myon and shane 54 and tove lo|strangers,graph_song,song,Seven Lions featuring Myon & Shane 54 and Tove Lo,Strangers,2013,us,offline_sidecar_no_unique_track_match,0,apple_song_search_needs_review_version_risk,false
graph_song:song|seven year bitch|m i a:offline_sidecar_no_unique_track_match,apple_music_offline_reconciliation_pass_v1,song|seven year bitch|m i a,graph_song,song,Seven Year Bitch,M.I.A.,1994,us,offline_sidecar_no_unique_track_match,0,apple_song_search_no_auto_match,false
graph_song:song|shakira and bizarrap|shakira bzrp music sessions vol 53:offline_sidecar_no_unique_track_match,apple_music_offline_reconciliation_pass_v1,song|shakira and bizarrap|shakira bzrp music sessions vol 53,graph_song,song,Shakira and Bizarrap,"Shakira: Bzrp Music Sessions, Vol. 53",2023,us,offline_sidecar_no_unique_track_match,0,apple_song_search_no_auto_match,false
graph_song:song|shakira featuring freshlyground|waka waka this time for africa:offline_sidecar_no_unique_track_match,apple_music_offline_reconciliation_pass_v1,song|shakira featuring freshlyground|waka waka this time for africa,graph_song,song,Shakira featuring Freshlyground,Waka Waka (This Time for Africa),2010,us,offline_sidecar_no_unique_track_match,0,apple_song_search_no_auto_match,false
graph_song:song|shakira featuring wyclef jean|hips don t lie:offline_sidecar_no_unique_track_match,apple_music_offline_reconciliation_pass_v1,song|shakira featuring wyclef jean|hips don t lie,graph_song,song,Shakira featuring Wyclef Jean,Hips Don't Lie,2006,us,offline_sidecar_no_unique_track_match,0,apple_song_search_no_auto_match,false
graph_song:song|shangri las|remember walking in the sand:offline_sidecar_no_unique_track_match,apple_music_offline_reconciliation_pass_v1,song|shangri las|remember walking in the sand,graph_song,song,The Shangri-Las,Remember (Walking in the Sand),1964,us,offline_sidecar_no_unique_track_match,0,apple_song_search_no_auto_match,false
graph_song:song|shellac|song of the minerals:offline_sidecar_no_unique_track_match,apple_music_offline_reconciliation_pass_v1,song|shellac|song of the minerals,graph_song,song,Shellac,Song of the Minerals,1998,us,offline_sidecar_no_unique_track_match,0,apple_song_search_no_auto_match,false
graph_song:song|shellac|squirrel song:offline_sidecar_no_unique_track_match,apple_music_offline_reconciliation_pass_v1,song|shellac|squirrel song,graph_song,song,Shellac,Squirrel Song,1994,us,offline_sidecar_no_unique_track_match,0,apple_song_search_no_auto_match,false
graph_song:song|shellac|wingwalker:offline_sidecar_no_unique_track_match,apple_music_offline_reconciliation_pass_v1,song|shellac|wingwalker,graph_song,song,Shellac,Wingwalker,1993,us,offline_sidecar_no_unique_track_match,0,apple_song_search_no_auto_match,false
graph_song:song|shelley fabares|johnny angel:offline_sidecar_no_unique_track_match,apple_music_offline_reconciliation_pass_v1,song|shelley fabares|johnny angel,graph_song,song,Shelley Fabares,Johnny Angel,1962,us,offline_sidecar_no_unique_track_match,0,apple_song_search_no_auto_match,false
graph_song:song|shins|saint simon:offline_sidecar_no_unique_track_match,apple_music_offline_reconciliation_pass_v1,song|shins|saint simon,graph_song,song,The Shins,Saint Simon,2003,us,offline_sidecar_no_unique_track_match,0,apple_song_search_no_auto_match,false
graph_song:song|shivvers|teen line:offline_sidecar_no_unique_track_match,apple_music_offline_reconciliation_pass_v1,song|shivvers|teen line,graph_song,song,The Shivvers,Teen Line,1980,us,offline_sidecar_no_unique_track_match,0,apple_song_search_no_auto_match,false
graph_song:song|singing dogs|jingle bells:offline_sidecar_no_unique_track_match,apple_music_offline_reconciliation_pass_v1,song|singing dogs|jingle bells,graph_song,song,The Singing Dogs,Jingle Bells,1955,us,offline_sidecar_no_unique_track_match,0,apple_song_search_needs_review_version_risk,false
graph_song:song|sister rosetta tharpe|this little light of mine:offline_sidecar_no_unique_track_match,apple_music_offline_reconciliation_pass_v1,song|sister rosetta tharpe|this little light of mine,graph_song,song,Sister Rosetta Tharpe,This Little Light of Mine,1960,us,offline_sidecar_no_unique_track_match,0,apple_song_search_needs_review_version_risk,false
graph_song:song|sister rosetta tharpe|up above my head:offline_sidecar_no_unique_track_match,apple_music_offline_reconciliation_pass_v1,song|sister rosetta tharpe|up above my head,graph_song,song,Sister Rosetta Tharpe,Up Above My Head,1947,us,offline_sidecar_no_unique_track_match,0,apple_song_search_no_auto_match,false
graph_song:song|skrillex|bangarang:offline_sidecar_no_unique_track_match,apple_music_offline_reconciliation_pass_v1,song|skrillex|bangarang,graph_song,song,Skrillex,Bangarang,2011,us,offline_sidecar_no_unique_track_match,0,apple_song_search_no_auto_match,false
graph_song:song|sleep|sonic titan:offline_sidecar_no_unique_track_match,apple_music_offline_reconciliation_pass_v1,song|sleep|sonic titan,graph_song,song,Sleep,Sonic Titan,2003,us,offline_sidecar_no_unique_track_match,0,apple_song_search_no_auto_match,false
graph_song:song|sneaker|more than just the two of us:offline_sidecar_no_unique_track_match,apple_music_offline_reconciliation_pass_v1,song|sneaker|more than just the two of us,graph_song,song,Sneaker,More Than Just the Two of Us,1981,us,offline_sidecar_no_unique_track_match,0,apple_song_search_no_auto_match,false
graph_song:song|snoop dogg feat pharrell|drop it like it s hot:offline_sidecar_no_unique_track_match,apple_music_offline_reconciliation_pass_v1,song|snoop dogg feat pharrell|drop it like it s hot,graph_song,song,Snoop Dogg feat. Pharrell,Drop It Like It's Hot,2004,us,offline_sidecar_no_unique_track_match,0,apple_song_search_no_auto_match,false
graph_song:song|snoop doggy dogg|ain t no fun if the homies can t have none:offline_sidecar_no_unique_track_match,apple_music_offline_reconciliation_pass_v1,song|snoop doggy dogg|ain t no fun if the homies can t have none,graph_song,song,Snoop Doggy Dogg,Ain't No Fun (If the Homies Can't Have None),1993,us,offline_sidecar_no_unique_track_match,0,apple_song_search_needs_review_version_risk,false
graph_song:song|snoop doggy dogg|doggy dogg world:offline_sidecar_no_unique_track_match,apple_music_offline_reconciliation_pass_v1,song|snoop doggy dogg|doggy dogg world,graph_song,song,Snoop Doggy Dogg,Doggy Dogg World,1993,us,offline_sidecar_no_unique_track_match,0,apple_song_search_no_auto_match,false
graph_song:song|sofia reyes featuring jason derulo and de la ghetto|1 2 3:offline_sidecar_no_unique_track_match,apple_music_offline_reconciliation_pass_v1,song|sofia reyes featuring jason derulo and de la ghetto|1 2 3,graph_song,song,Sofia Reyes featuring Jason Derulo and De La Ghetto,"1, 2, 3",2018,us,offline_sidecar_no_unique_track_match,0,apple_song_search_no_auto_match,false
graph_song:song|soggy bottom boys|man of constant sorrow:offline_sidecar_no_unique_track_match,apple_music_offline_reconciliation_pass_v1,song|soggy bottom boys|man of constant sorrow,graph_song,song,The Soggy Bottom Boys,Man of Constant Sorrow,2000,us,offline_sidecar_no_unique_track_match,0,apple_song_search_needs_review_version_risk,false
graph_song:song|solu music featuring kimblee|fade:offline_sidecar_no_unique_track_match,apple_music_offline_reconciliation_pass_v1,song|solu music featuring kimblee|fade,graph_song,song,Solu Music featuring KimBlee,Fade,2001,us,offline_sidecar_no_unique_track_match,0,apple_song_search_needs_review_version_risk,false
graph_song:song|sonics|cinderella:offline_sidecar_no_unique_track_match,apple_music_offline_reconciliation_pass_v1,song|sonics|cinderella,graph_song,song,The Sonics,Cinderella,1965,us,offline_sidecar_no_unique_track_match,0,apple_song_search_no_auto_match,false
graph_song:song|sonora poncena|fuego en el 23:offline_sidecar_no_unique_track_match,apple_music_offline_reconciliation_pass_v1,song|sonora poncena|fuego en el 23,graph_song,song,Sonora Poncena,Fuego en el 23,1972,us,offline_sidecar_no_unique_track_match,0,apple_song_search_no_auto_match,false
graph_song:song|soul stirrers|touch the hem of his garment:offline_sidecar_no_unique_track_match,apple_music_offline_reconciliation_pass_v1,song|soul stirrers|touch the hem of his garment,graph_song,song,The Soul Stirrers,Touch the Hem of His Garment,1956,us,offline_sidecar_no_unique_track_match,0,apple_song_search_no_auto_match,false
graph_song:song|soulja boy tell em|crank that:offline_sidecar_no_unique_track_match,apple_music_offline_reconciliation_pass_v1,song|soulja boy tell em|crank that,graph_song,song,Soulja Boy Tell'em,Crank That,2007,us,offline_sidecar_no_unique_track_match,0,apple_song_search_no_auto_match,false
graph_song:song|sparkles|no friend of mine:offline_sidecar_no_unique_track_match,apple_music_offline_reconciliation_pass_v1,song|sparkles|no friend of mine,graph_song,song,The Sparkles,No Friend of Mine,1967,us,offline_sidecar_no_unique_track_match,0,apple_song_search_no_auto_match,false
graph_song:song|speedies|let me take your foto:offline_sidecar_no_unique_track_match,apple_music_offline_reconciliation_pass_v1,song|speedies|let me take your foto,graph_song,song,The Speedies,Let Me Take Your Foto,1979,us,offline_sidecar_no_unique_track_match,0,apple_song_search_no_auto_match,false
graph_song:song|speedy j|pepper:offline_sidecar_no_unique_track_match,apple_music_offline_reconciliation_pass_v1,song|speedy j|pepper,graph_song,song,Speedy J,Pepper,1993,us,offline_sidecar_no_unique_track_match,0,apple_song_search_needs_review_version_risk,false
graph_song:song|spencer davis group|keep on running:offline_sidecar_no_unique_track_match,apple_music_offline_reconciliation_pass_v1,song|spencer davis group|keep on running,graph_song,song,The Spencer Davis Group,Keep On Running,1965,us,offline_sidecar_no_unique_track_match,0,apple_song_search_needs_review_version_risk,false
graph_song:song|spike jones and his city slickers|cocktails for two:offline_sidecar_no_unique_track_match,apple_music_offline_reconciliation_pass_v1,song|spike jones and his city slickers|cocktails for two,graph_song,song,Spike Jones and His City Slickers,Cocktails for Two,1944,us,offline_sidecar_no_unique_track_match,0,apple_song_search_no_auto_match,false
graph_song:song|spike jones and his city slickers|der fuehrer s face:offline_sidecar_no_unique_track_match,apple_music_offline_reconciliation_pass_v1,song|spike jones and his city slickers|der fuehrer s face,graph_song,song,Spike Jones and His City Slickers,Der Fuehrer's Face,1942,us,offline_sidecar_no_unique_track_match,0,apple_song_search_needs_review_version_risk,false
graph_song:song|spiller featuring sophie ellis bextor|groovejet if this ain t love:offline_sidecar_no_unique_track_match,apple_music_offline_reconciliation_pass_v1,song|spiller featuring sophie ellis bextor|groovejet if this ain t love,graph_song,song,Spiller featuring Sophie Ellis-Bextor,Groovejet (If This Ain't Love),2000,us,offline_sidecar_no_unique_track_match,0,apple_song_search_no_auto_match,false
graph_song:song|spirit|i got a line on you:offline_sidecar_no_unique_track_match,apple_music_offline_reconciliation_pass_v1,song|spirit|i got a line on you,graph_song,song,Spirit,I Got a Line on You,1968,us,offline_sidecar_no_unique_track_match,0,apple_song_search_no_results,false
graph_song:song|spoonie gee and the treacherous three|new rap language:offline_sidecar_no_unique_track_match,apple_music_offline_reconciliation_pass_v1,song|spoonie gee and the treacherous three|new rap language,graph_song,song,Spoonie Gee and The Treacherous Three,The New Rap Language,1980,us,offline_sidecar_no_unique_track_match,0,apple_song_search_needs_review_version_risk,false
graph_song:song|spoonie gee|love rap:offline_sidecar_no_unique_track_match,apple_music_offline_reconciliation_pass_v1,song|spoonie gee|love rap,graph_song,song,Spoonie Gee,Love Rap,1980,us,offline_sidecar_no_unique_track_match,0,apple_song_search_needs_review_version_risk,false
graph_song:song|spoonie gee|spoonin rap:offline_sidecar_no_unique_track_match,apple_music_offline_reconciliation_pass_v1,song|spoonie gee|spoonin rap,graph_song,song,Spoonie Gee,Spoonin' Rap,1979,us,offline_sidecar_no_unique_track_match,0,apple_song_search_needs_review_version_risk,false
graph_song:song|stan freberg|green chri tma:offline_sidecar_no_unique_track_match,apple_music_offline_reconciliation_pass_v1,song|stan freberg|green chri tma,graph_song,song,Stan Freberg,Green Chri$tma$,1958,us,offline_sidecar_no_unique_track_match,0,apple_song_search_needs_review_version_risk,false
graph_song:song|stan freberg|st george and the dragonet:offline_sidecar_no_unique_track_match,apple_music_offline_reconciliation_pass_v1,song|stan freberg|st george and the dragonet,graph_song,song,Stan Freberg,St. George and the Dragonet,1953,us,offline_sidecar_no_unique_track_match,0,apple_song_search_needs_review_version_risk,false
graph_song:song|staple singers|wade in the water:offline_sidecar_no_unique_track_match,apple_music_offline_reconciliation_pass_v1,song|staple singers|wade in the water,graph_song,song,The Staple Singers,Wade in the Water,1965,us,offline_sidecar_no_unique_track_match,0,apple_song_search_needs_review_version_risk,false
graph_song:song|stetsasonic|talkin all that jazz:offline_sidecar_no_unique_track_match,apple_music_offline_reconciliation_pass_v1,song|stetsasonic|talkin all that jazz,graph_song,song,Stetsasonic,Talkin' All That Jazz,1988,us,offline_sidecar_no_unique_track_match,0,apple_song_search_no_results,false
graph_song:song|steve silk hurley|jack your body:offline_sidecar_no_unique_track_match,apple_music_offline_reconciliation_pass_v1,song|steve silk hurley|jack your body,graph_song,song,Steve Silk Hurley,Jack Your Body,1986,us,offline_sidecar_no_unique_track_match,0,apple_song_search_needs_review_version_risk,false
graph_song:song|strawberry alarm clock|incense and peppermints:offline_sidecar_no_unique_track_match,apple_music_offline_reconciliation_pass_v1,song|strawberry alarm clock|incense and peppermints,graph_song,song,Strawberry Alarm Clock,Incense and Peppermints,1967,us,offline_sidecar_no_unique_track_match,0,apple_song_search_no_auto_match,false
graph_song:song|sufjan stevens|mystery of love:offline_sidecar_no_unique_track_match,apple_music_offline_reconciliation_pass_v1,song|sufjan stevens|mystery of love,graph_song,song,Sufjan Stevens,Mystery of Love,2017,us,offline_sidecar_no_unique_track_match,0,apple_song_search_needs_review_version_risk,false
graph_song:song|sugarhill gang|rapper s delight:offline_sidecar_no_unique_track_match,apple_music_offline_reconciliation_pass_v1,song|sugarhill gang|rapper s delight,graph_song,song,The Sugarhill Gang,Rapper's Delight,1979,us,offline_sidecar_no_unique_track_match,0,apple_song_search_needs_review_version_risk,false
graph_song:song|suicide|dream baby dream:offline_sidecar_no_unique_track_match,apple_music_offline_reconciliation_pass_v1,song|suicide|dream baby dream,graph_song,song,Suicide,Dream Baby Dream,1979,us,offline_sidecar_no_unique_track_match,0,apple_song_search_no_auto_match,false
graph_song:song|suicide|keep your dreams:offline_sidecar_no_unique_track_match,apple_music_offline_reconciliation_pass_v1,song|suicide|keep your dreams,graph_song,song,Suicide,Keep Your Dreams,1977,us,offline_sidecar_no_unique_track_match,0,apple_song_search_no_auto_match,false
graph_song:song|suicide|rocket u s a:offline_sidecar_no_unique_track_match,apple_music_offline_reconciliation_pass_v1,song|suicide|rocket u s a,graph_song,song,Suicide,Rocket U.S.A.,1977,us,offline_sidecar_no_unique_track_match,0,apple_song_search_no_auto_match,false
graph_song:song|sunrays|i live for the sun:offline_sidecar_no_unique_track_match,apple_music_offline_reconciliation_pass_v1,song|sunrays|i live for the sun,graph_song,song,The Sunrays,I Live for the Sun,1965,us,offline_sidecar_no_unique_track_match,0,apple_song_search_no_auto_match,false
graph_song:song|super simple songs|baby shark:offline_sidecar_no_unique_track_match,apple_music_offline_reconciliation_pass_v1,song|super simple songs|baby shark,graph_song,song,Super Simple Songs,Baby Shark,2015,us,offline_sidecar_no_unique_track_match,0,apple_song_search_no_results,false
graph_song:song|superchunk|slack motherfucker:offline_sidecar_no_unique_track_match,apple_music_offline_reconciliation_pass_v1,song|superchunk|slack motherfucker,graph_song,song,Superchunk,Slack Motherfucker,1990,us,offline_sidecar_no_unique_track_match,0,apple_song_search_needs_review_version_risk,false
graph_song:song|surface|shower me with your love:offline_sidecar_no_unique_track_match,apple_music_offline_reconciliation_pass_v1,song|surface|shower me with your love,graph_song,song,Surface,Shower Me with Your Love,1989,us,offline_sidecar_no_unique_track_match,0,apple_song_search_no_results,false
graph_song:song|surftones|cecilia ann:offline_sidecar_no_unique_track_match,apple_music_offline_reconciliation_pass_v1,song|surftones|cecilia ann,graph_song,song,The Surftones,Cecilia Ann,1963,us,offline_sidecar_no_unique_track_match,0,apple_song_search_no_auto_match,false
graph_song:song|surgeon|la real:offline_sidecar_no_unique_track_match,apple_music_offline_reconciliation_pass_v1,song|surgeon|la real,graph_song,song,Surgeon,La Real,1996,us,offline_sidecar_no_unique_track_match,0,apple_song_search_no_auto_match,false
graph_song:song|susana baca|maria lando:offline_sidecar_no_unique_track_match,apple_music_offline_reconciliation_pass_v1,song|susana baca|maria lando,graph_song,song,Susana Baca,Maria Lando,1995,us,offline_sidecar_no_unique_track_match,0,apple_song_search_needs_review_version_risk,false
graph_song:song|swamp rats|louie louie:offline_sidecar_no_unique_track_match,apple_music_offline_reconciliation_pass_v1,song|swamp rats|louie louie,graph_song,song,The Swamp Rats,Louie Louie,1966,us,offline_sidecar_no_unique_track_match,0,apple_song_search_needs_review_version_risk,false
graph_song:song|sweet|ballroom blitz:offline_sidecar_no_unique_track_match,apple_music_offline_reconciliation_pass_v1,song|sweet|ballroom blitz,graph_song,song,Sweet,Ballroom Blitz,1973,us,offline_sidecar_no_unique_track_match,0,apple_song_search_no_results,false
graph_song:song|swervedriver|son of mustang ford:offline_sidecar_no_unique_track_match,apple_music_offline_reconciliation_pass_v1,song|swervedriver|son of mustang ford,graph_song,song,Swervedriver,Son of Mustang Ford,1990,us,offline_sidecar_no_unique_track_match,0,apple_song_search_no_results,false
graph_song:song|swinging blue jeans|hippy hippy shake:offline_sidecar_no_unique_track_match,apple_music_offline_reconciliation_pass_v1,song|swinging blue jeans|hippy hippy shake,graph_song,song,The Swinging Blue Jeans,Hippy Hippy Shake,1963,us,offline_sidecar_no_unique_track_match,0,apple_song_search_needs_review_version_risk,false
graph_song:song|switchfoot|dare you to move:offline_sidecar_no_unique_track_match,apple_music_offline_reconciliation_pass_v1,song|switchfoot|dare you to move,graph_song,song,Switchfoot,Dare You to Move,2000,us,offline_sidecar_no_unique_track_match,0,apple_song_search_no_auto_match,false
graph_song:song|swum|can we just be friends:offline_sidecar_no_unique_track_match,apple_music_offline_reconciliation_pass_v1,song|swum|can we just be friends,graph_song,song,SwuM,Can We Just Be Friends,2018,us,offline_sidecar_no_unique_track_match,0,apple_song_search_no_auto_match,false
graph_song:song|swum|love is alive:offline_sidecar_no_unique_track_match,apple_music_offline_reconciliation_pass_v1,song|swum|love is alive,graph_song,song,SwuM,Love Is Alive,2018,us,offline_sidecar_no_unique_track_match,0,apple_song_search_no_auto_match,false
graph_song:song|swum|rewind:offline_sidecar_no_unique_track_match,apple_music_offline_reconciliation_pass_v1,song|swum|rewind,graph_song,song,SwuM,Rewind,2018,us,offline_sidecar_no_unique_track_match,0,apple_song_search_no_auto_match,false
graph_song:song|swum|sway:offline_sidecar_no_unique_track_match,apple_music_offline_reconciliation_pass_v1,song|swum|sway,graph_song,song,SwuM,Sway,2018,us,offline_sidecar_no_unique_track_match,0,apple_song_search_no_auto_match,false
graph_song:song|t i feat rihanna|live your life:offline_sidecar_no_unique_track_match,apple_music_offline_reconciliation_pass_v1,song|t i feat rihanna|live your life,graph_song,song,T.I. feat. Rihanna,Live Your Life,2008,us,offline_sidecar_no_unique_track_match,0,apple_song_search_no_auto_match,false
graph_song:song|t la rock and jazzy jay|it s yours:offline_sidecar_no_unique_track_match,apple_music_offline_reconciliation_pass_v1,song|t la rock and jazzy jay|it s yours,graph_song,song,T La Rock and Jazzy Jay,It's Yours,1984,us,offline_sidecar_no_unique_track_match,0,apple_song_search_no_auto_match,false
graph_song:song|tad|wood goblins:offline_sidecar_no_unique_track_match,apple_music_offline_reconciliation_pass_v1,song|tad|wood goblins,graph_song,song,Tad,Wood Goblins,1989,us,offline_sidecar_no_unique_track_match,0,apple_song_search_no_auto_match,false
graph_song:song|tag team|whoomp there it is:offline_sidecar_no_unique_track_match,apple_music_offline_reconciliation_pass_v1,song|tag team|whoomp there it is,graph_song,song,Tag Team,Whoomp! (There It Is),1993,us,offline_sidecar_no_unique_track_match,0,apple_song_search_no_auto_match,false
graph_song:song|tainy j balvin and young miko|colmillo:offline_sidecar_no_unique_track_match,apple_music_offline_reconciliation_pass_v1,song|tainy j balvin and young miko|colmillo,graph_song,song,"Tainy, J Balvin and Young Miko",Colmillo,2023,us,offline_sidecar_no_unique_track_match,0,apple_song_search_no_auto_match,false
graph_song:song|talking heads|pulled up:offline_sidecar_no_unique_track_match,apple_music_offline_reconciliation_pass_v1,song|talking heads|pulled up,graph_song,song,Talking Heads,Pulled Up,1977,us,offline_sidecar_no_unique_track_match,0,apple_song_search_no_auto_match,false
graph_song:song|talking heads|uh oh love comes to town:offline_sidecar_no_unique_track_match,apple_music_offline_reconciliation_pass_v1,song|talking heads|uh oh love comes to town,graph_song,song,Talking Heads,"Uh-Oh, Love Comes to Town",1977,us,offline_sidecar_no_unique_track_match,0,apple_song_search_no_results,false
graph_song:song|tamela mann|take me to the king:offline_sidecar_no_unique_track_match,apple_music_offline_reconciliation_pass_v1,song|tamela mann|take me to the king,graph_song,song,Tamela Mann,Take Me to the King,2012,us,offline_sidecar_no_unique_track_match,0,apple_song_search_no_results,false
graph_song:song|tams|be young be foolish be happy:offline_sidecar_no_unique_track_match,apple_music_offline_reconciliation_pass_v1,song|tams|be young be foolish be happy,graph_song,song,The Tams,"Be Young, Be Foolish, Be Happy",1968,us,offline_sidecar_no_unique_track_match,0,apple_song_search_no_auto_match,false
graph_song:song|tams|what kind of fool do you think i am:offline_sidecar_no_unique_track_match,apple_music_offline_reconciliation_pass_v1,song|tams|what kind of fool do you think i am,graph_song,song,The Tams,What Kind of Fool (Do You Think I Am),1963,us,offline_sidecar_no_unique_track_match,0,apple_song_search_no_auto_match,false
graph_song:song|tangerine dream|love on a real train:offline_sidecar_no_unique_track_match,apple_music_offline_reconciliation_pass_v1,song|tangerine dream|love on a real train,graph_song,song,Tangerine Dream,Love on a Real Train,1983,us,offline_sidecar_no_unique_track_match,0,apple_song_search_needs_review_version_risk,false
graph_song:song|tasha cobbs leonard|break every chain:offline_sidecar_no_unique_track_match,apple_music_offline_reconciliation_pass_v1,song|tasha cobbs leonard|break every chain,graph_song,song,Tasha Cobbs Leonard,Break Every Chain,2013,us,offline_sidecar_no_unique_track_match,0,apple_song_search_needs_review_version_risk,false
graph_song:song|taylor swift|look what you made me do:offline_sidecar_no_unique_track_match,apple_music_offline_reconciliation_pass_v1,song|taylor swift|look what you made me do,graph_song,song,Taylor Swift,Look What You Made Me Do,2017,us,offline_sidecar_no_unique_track_match,0,apple_song_search_no_results,false
graph_song:song|taylor swift|me:offline_sidecar_no_unique_track_match,apple_music_offline_reconciliation_pass_v1,song|taylor swift|me,graph_song,song,Taylor Swift,Me!,2019,us,offline_sidecar_no_unique_track_match,0,apple_song_search_no_auto_match,false
graph_song:song|teenage fanclub|sparky s dream:offline_sidecar_no_unique_track_match,apple_music_offline_reconciliation_pass_v1,song|teenage fanclub|sparky s dream,graph_song,song,Teenage Fanclub,Sparky's Dream,1995,us,offline_sidecar_no_unique_track_match,0,apple_song_search_no_results,false
graph_song:song|teenage jesus and the jerks|burning rubber:offline_sidecar_no_unique_track_match,apple_music_offline_reconciliation_pass_v1,song|teenage jesus and the jerks|burning rubber,graph_song,song,Teenage Jesus and the Jerks,Burning Rubber,1979,us,offline_sidecar_no_unique_track_match,0,apple_song_search_no_auto_match,false
graph_song:song|teenage jesus and the jerks|freud in flop:offline_sidecar_no_unique_track_match,apple_music_offline_reconciliation_pass_v1,song|teenage jesus and the jerks|freud in flop,graph_song,song,Teenage Jesus and the Jerks,Freud in Flop,1978,us,offline_sidecar_no_unique_track_match,0,apple_song_search_no_results,false
graph_song:song|teenage jesus and the jerks|orphans:offline_sidecar_no_unique_track_match,apple_music_offline_reconciliation_pass_v1,song|teenage jesus and the jerks|orphans,graph_song,song,Teenage Jesus and the Jerks,Orphans,1978,us,offline_sidecar_no_unique_track_match,0,apple_song_search_no_auto_match,false
graph_song:song|tekno|pana:offline_sidecar_no_unique_track_match,apple_music_offline_reconciliation_pass_v1,song|tekno|pana,graph_song,song,Tekno,Pana,2016,us,offline_sidecar_no_unique_track_match,0,apple_song_search_no_results,false
graph_song:song|television|little johnny jewel:offline_sidecar_no_unique_track_match,apple_music_offline_reconciliation_pass_v1,song|television|little johnny jewel,graph_song,song,Television,Little Johnny Jewel,1975,us,offline_sidecar_no_unique_track_match,0,apple_song_search_no_auto_match,false
graph_song:song|ten city|that s the way love is:offline_sidecar_no_unique_track_match,apple_music_offline_reconciliation_pass_v1,song|ten city|that s the way love is,graph_song,song,Ten City,That's the Way Love Is,1989,us,offline_sidecar_no_unique_track_match,0,apple_song_search_needs_review_version_risk,false
graph_song:song|tenacious d|wonderboy:offline_sidecar_no_unique_track_match,apple_music_offline_reconciliation_pass_v1,song|tenacious d|wonderboy,graph_song,song,Tenacious D,Wonderboy,2001,us,offline_sidecar_no_unique_track_match,0,apple_song_search_no_results,false
graph_song:song|teriyaki boyz|tokyo drift fast and furious:offline_sidecar_no_unique_track_match,apple_music_offline_reconciliation_pass_v1,song|teriyaki boyz|tokyo drift fast and furious,graph_song,song,Teriyaki Boyz,Tokyo Drift (Fast & Furious),2006,us,offline_sidecar_no_unique_track_match,0,apple_song_search_no_auto_match,false
graph_song:song|thalia featuring natti natasha|no me acuerdo:offline_sidecar_no_unique_track_match,apple_music_offline_reconciliation_pass_v1,song|thalia featuring natti natasha|no me acuerdo,graph_song,song,Thalia featuring Natti Natasha,No Me Acuerdo,2018,us,offline_sidecar_no_unique_track_match,0,apple_song_search_no_auto_match,false
graph_song:song|thelonious monk|round midnight:offline_sidecar_no_unique_track_match,apple_music_offline_reconciliation_pass_v1,song|thelonious monk|round midnight,graph_song,song,Thelonious Monk,Round Midnight,1947,us,offline_sidecar_no_unique_track_match,0,apple_song_search_no_results,false
graph_song:song|them|gloria:offline_sidecar_no_unique_track_match,apple_music_offline_reconciliation_pass_v1,song|them|gloria,graph_song,song,Them,Gloria,1964,us,offline_sidecar_no_unique_track_match,0,apple_song_search_no_auto_match,false
graph_song:song|them|here comes the night:offline_sidecar_no_unique_track_match,apple_music_offline_reconciliation_pass_v1,song|them|here comes the night,graph_song,song,Them,Here Comes the Night,1965,us,offline_sidecar_no_unique_track_match,0,apple_song_search_needs_review_version_risk,false
graph_song:song|theola kilgore|love of my man:offline_sidecar_no_unique_track_match,apple_music_offline_reconciliation_pass_v1,song|theola kilgore|love of my man,graph_song,song,Theola Kilgore,The Love of My Man,1963,us,offline_sidecar_no_unique_track_match,0,apple_song_search_no_auto_match,false
graph_song:song|they might be giants|dont lets start:offline_sidecar_no_unique_track_match,apple_music_offline_reconciliation_pass_v1,song|they might be giants|dont lets start,graph_song,song,They Might Be Giants,Dont Lets Start,1986,us,offline_sidecar_no_unique_track_match,0,apple_song_search_no_auto_match,false
graph_song:song|they might be giants|hot dog:offline_sidecar_no_unique_track_match,apple_music_offline_reconciliation_pass_v1,song|they might be giants|hot dog,graph_song,song,They Might Be Giants,Hot Dog!,2006,us,offline_sidecar_no_unique_track_match,0,apple_song_search_needs_review_version_risk,false
graph_song:song|thomas newman|any other name:offline_sidecar_no_unique_track_match,apple_music_offline_reconciliation_pass_v1,song|thomas newman|any other name,graph_song,song,Thomas Newman,Any Other Name,1999,us,offline_sidecar_no_unique_track_match,0,apple_song_search_no_results,false
graph_song:song|three 6 mafia|late nite tip:offline_sidecar_no_unique_track_match,apple_music_offline_reconciliation_pass_v1,song|three 6 mafia|late nite tip,graph_song,song,Three 6 Mafia,Late Nite Tip,1995,us,offline_sidecar_no_unique_track_match,0,apple_song_search_no_results,false
graph_song:song|throwing muses|hate my way:offline_sidecar_no_unique_track_match,apple_music_offline_reconciliation_pass_v1,song|throwing muses|hate my way,graph_song,song,Throwing Muses,Hate My Way,1986,us,offline_sidecar_no_unique_track_match,0,apple_song_search_no_auto_match,false
graph_song:song|thurl ravenscroft|you re a mean one mr grinch:offline_sidecar_no_unique_track_match,apple_music_offline_reconciliation_pass_v1,song|thurl ravenscroft|you re a mean one mr grinch,graph_song,song,Thurl Ravenscroft,"You're a Mean One, Mr. Grinch",1966,us,offline_sidecar_no_unique_track_match,0,apple_song_search_no_results,false
graph_song:song|tim buckley|morning glory:offline_sidecar_no_unique_track_match,apple_music_offline_reconciliation_pass_v1,song|tim buckley|morning glory,graph_song,song,Tim Buckley,Morning Glory,1967,us,offline_sidecar_no_unique_track_match,0,apple_song_search_no_results,false
graph_song:song|tim hardin|reason to believe:offline_sidecar_no_unique_track_match,apple_music_offline_reconciliation_pass_v1,song|tim hardin|reason to believe,graph_song,song,Tim Hardin,Reason to Believe,1966,us,offline_sidecar_no_unique_track_match,0,apple_song_search_no_results,false
graph_song:song|tim hughes|here i am to worship:offline_sidecar_no_unique_track_match,apple_music_offline_reconciliation_pass_v1,song|tim hughes|here i am to worship,graph_song,song,Tim Hughes,Here I Am to Worship,2001,us,offline_sidecar_no_unique_track_match,0,apple_song_search_no_results,false
graph_song:song|tim mcgraw|don t take the girl:offline_sidecar_no_unique_track_match,apple_music_offline_reconciliation_pass_v1,song|tim mcgraw|don t take the girl,graph_song,song,Tim McGraw,Don't Take the Girl,1994,us,offline_sidecar_no_unique_track_match,0,apple_song_search_no_results,false
graph_song:song|tim mcgraw|where the green grass grows:offline_sidecar_no_unique_track_match,apple_music_offline_reconciliation_pass_v1,song|tim mcgraw|where the green grass grows,graph_song,song,Tim McGraw,Where the Green Grass Grows,1998,us,offline_sidecar_no_unique_track_match,0,apple_song_search_no_results,false
graph_song:song|timbaland featuring onerepublic|apologize:offline_sidecar_no_unique_track_match,apple_music_offline_reconciliation_pass_v1,song|timbaland featuring onerepublic|apologize,graph_song,song,Timbaland featuring OneRepublic,Apologize,2007,us,offline_sidecar_no_unique_track_match,0,apple_song_search_needs_review_version_risk,false
graph_song:song|timecop1983|on the run:offline_sidecar_no_unique_track_match,apple_music_offline_reconciliation_pass_v1,song|timecop1983|on the run,graph_song,song,Timecop1983,On the Run,2014,us,offline_sidecar_no_unique_track_match,0,apple_song_search_no_auto_match,false
graph_song:song|tina turner|we don t need another hero:offline_sidecar_no_unique_track_match,apple_music_offline_reconciliation_pass_v1,song|tina turner|we don t need another hero,graph_song,song,Tina Turner,We Don't Need Another Hero,1985,us,offline_sidecar_no_unique_track_match,0,apple_song_search_no_auto_match,false
graph_song:song|tiwa savage|koroba:offline_sidecar_no_unique_track_match,apple_music_offline_reconciliation_pass_v1,song|tiwa savage|koroba,graph_song,song,Tiwa Savage,Koroba,2020,us,offline_sidecar_no_unique_track_match,0,apple_song_search_no_results,false
graph_song:song|tom misch feat de la soul|it runs through me:offline_sidecar_no_unique_track_match,apple_music_offline_reconciliation_pass_v1,song|tom misch feat de la soul|it runs through me,graph_song,song,Tom Misch feat. De La Soul,It Runs Through Me,2018,us,offline_sidecar_no_unique_track_match,0,apple_song_search_no_results,false
graph_song:song|tom t hall|i love:offline_sidecar_no_unique_track_match,apple_music_offline_reconciliation_pass_v1,song|tom t hall|i love,graph_song,song,Tom T. Hall,I Love,1973,us,offline_sidecar_no_unique_track_match,0,apple_song_search_no_results,false
graph_song:song|tommy james and the shondells|i am a tangerine:offline_sidecar_no_unique_track_match,apple_music_offline_reconciliation_pass_v1,song|tommy james and the shondells|i am a tangerine,graph_song,song,Tommy James and the Shondells,I Am a Tangerine,1969,us,offline_sidecar_no_unique_track_match,0,apple_song_search_no_auto_match,false
graph_song:song|tomppabeats|i miss you:offline_sidecar_no_unique_track_match,apple_music_offline_reconciliation_pass_v1,song|tomppabeats|i miss you,graph_song,song,tomppabeats,I Miss You,2016,us,offline_sidecar_no_unique_track_match,0,apple_song_search_no_auto_match,false
graph_song:song|tori amos|silent all these years:offline_sidecar_no_unique_track_match,apple_music_offline_reconciliation_pass_v1,song|tori amos|silent all these years,graph_song,song,Tori Amos,Silent All These Years,1991,us,offline_sidecar_no_unique_track_match,0,apple_song_search_no_results,false
graph_song:song|townes van zandt|if i needed you:offline_sidecar_no_unique_track_match,apple_music_offline_reconciliation_pass_v1,song|townes van zandt|if i needed you,graph_song,song,Townes Van Zandt,If I Needed You,1972,us,offline_sidecar_no_unique_track_match,0,apple_song_search_needs_review_version_risk,false
graph_song:song|townes van zandt|no place to fall:offline_sidecar_no_unique_track_match,apple_music_offline_reconciliation_pass_v1,song|townes van zandt|no place to fall,graph_song,song,Townes Van Zandt,No Place to Fall,1977,us,offline_sidecar_no_unique_track_match,0,apple_song_search_no_auto_match,false
graph_song:song|townes van zandt|pancho and lefty:offline_sidecar_no_unique_track_match,apple_music_offline_reconciliation_pass_v1,song|townes van zandt|pancho and lefty,graph_song,song,Townes Van Zandt,Pancho and Lefty,1972,us,offline_sidecar_no_unique_track_match,0,apple_song_search_no_auto_match,false
graph_song:song|townes van zandt|to live is to fly:offline_sidecar_no_unique_track_match,apple_music_offline_reconciliation_pass_v1,song|townes van zandt|to live is to fly,graph_song,song,Townes Van Zandt,To Live Is to Fly,1972,us,offline_sidecar_no_unique_track_match,0,apple_song_search_no_results,false
graph_song:song|townes van zandt|waitin around to die:offline_sidecar_no_unique_track_match,apple_music_offline_reconciliation_pass_v1,song|townes van zandt|waitin around to die,graph_song,song,Townes Van Zandt,Waitin' Around to Die,1968,us,offline_sidecar_no_unique_track_match,0,apple_song_search_no_results,false
graph_song:song|traditional revival circuit object|house of the rising sun:offline_sidecar_no_unique_track_match,apple_music_offline_reconciliation_pass_v1,song|traditional revival circuit object|house of the rising sun,graph_song,song,Traditional / revival circuit object,House of the Rising Sun,,us,offline_sidecar_no_unique_track_match,0,apple_song_search_no_auto_match,false
graph_song:song|trans siberian orchestra|christmas eve sarajevo 12 24:offline_sidecar_no_unique_track_match,apple_music_offline_reconciliation_pass_v1,song|trans siberian orchestra|christmas eve sarajevo 12 24,graph_song,song,Trans-Siberian Orchestra,Christmas Eve/Sarajevo 12/24,1996,us,offline_sidecar_no_unique_track_match,0,apple_song_search_no_auto_match,false
graph_song:song|travie mccoy feat bruno mars|billionaire:offline_sidecar_no_unique_track_match,apple_music_offline_reconciliation_pass_v1,song|travie mccoy feat bruno mars|billionaire,graph_song,song,Travie McCoy feat. Bruno Mars,Billionaire,2010,us,offline_sidecar_no_unique_track_match,0,apple_song_search_no_results,false
graph_song:song|travis scott feat playboi carti|fe n:offline_sidecar_no_unique_track_match,apple_music_offline_reconciliation_pass_v1,song|travis scott feat playboi carti|fe n,graph_song,song,Travis Scott feat. Playboi Carti,FE!N,2023,us,offline_sidecar_no_unique_track_match,0,apple_song_search_no_results,false
graph_song:song|treacherous three|feel the heartbeat:offline_sidecar_no_unique_track_match,apple_music_offline_reconciliation_pass_v1,song|treacherous three|feel the heartbeat,graph_song,song,The Treacherous Three,Feel the Heartbeat,1981,us,offline_sidecar_no_unique_track_match,0,apple_song_search_no_auto_match,false
graph_song:song|turtles|it ain t me babe:offline_sidecar_no_unique_track_match,apple_music_offline_reconciliation_pass_v1,song|turtles|it ain t me babe,graph_song,song,The Turtles,It Ain't Me Babe,1965,us,offline_sidecar_no_unique_track_match,0,apple_song_search_no_results,false
graph_song:song|turtles|you baby:offline_sidecar_no_unique_track_match,apple_music_offline_reconciliation_pass_v1,song|turtles|you baby,graph_song,song,The Turtles,You Baby,1966,us,offline_sidecar_no_unique_track_match,0,apple_song_search_no_auto_match,false
graph_song:song|tweeds|i need that record:offline_sidecar_no_unique_track_match,apple_music_offline_reconciliation_pass_v1,song|tweeds|i need that record,graph_song,song,The Tweeds,I Need That Record,1980,us,offline_sidecar_no_unique_track_match,0,apple_song_search_no_auto_match,false
graph_song:song|txt|0x1 lovesong i know i love you:offline_sidecar_no_unique_track_match,apple_music_offline_reconciliation_pass_v1,song|txt|0x1 lovesong i know i love you,graph_song,song,TXT,0X1=Lovesong (I Know I Love You),2021,us,offline_sidecar_no_unique_track_match,0,apple_song_search_no_auto_match,false
graph_song:song|ugk feat outkast|int l players anthem:offline_sidecar_no_unique_track_match,apple_music_offline_reconciliation_pass_v1,song|ugk feat outkast|int l players anthem,graph_song,song,UGK feat. OutKast,Int'l Players Anthem,2007,us,offline_sidecar_no_unique_track_match,0,apple_song_search_no_auto_match,false
graph_song:song|ugk|pocket full of stones:offline_sidecar_no_unique_track_match,apple_music_offline_reconciliation_pass_v1,song|ugk|pocket full of stones,graph_song,song,UGK,Pocket Full of Stones,1992,us,offline_sidecar_no_unique_track_match,0,apple_song_search_no_results,false
graph_song:song|ugk|wood wheel:offline_sidecar_no_unique_track_match,apple_music_offline_reconciliation_pass_v1,song|ugk|wood wheel,graph_song,song,UGK,Wood Wheel,2001,us,offline_sidecar_no_unique_track_match,0,apple_song_search_no_auto_match,false
graph_song:song|underground resistance|final frontier:offline_sidecar_no_unique_track_match,apple_music_offline_reconciliation_pass_v1,song|underground resistance|final frontier,graph_song,song,Underground Resistance,The Final Frontier,1991,us,offline_sidecar_no_unique_track_match,0,apple_song_search_no_auto_match,false
graph_song:song|underground resistance|jupiter jazz:offline_sidecar_no_unique_track_match,apple_music_offline_reconciliation_pass_v1,song|underground resistance|jupiter jazz,graph_song,song,Underground Resistance,Jupiter Jazz,1992,us,offline_sidecar_no_unique_track_match,0,apple_song_search_no_results,false
graph_song:song|underground resistance|seawolf:offline_sidecar_no_unique_track_match,apple_music_offline_reconciliation_pass_v1,song|underground resistance|seawolf,graph_song,song,Underground Resistance,The Seawolf,1992,us,offline_sidecar_no_unique_track_match,0,apple_song_search_no_auto_match,false
graph_song:song|underworld|rez:offline_sidecar_no_unique_track_match,apple_music_offline_reconciliation_pass_v1,song|underworld|rez,graph_song,song,Underworld,Rez,1993,us,offline_sidecar_no_unique_track_match,0,apple_song_search_needs_review_version_risk,false
graph_song:song|unrelated segments|story of my life:offline_sidecar_no_unique_track_match,apple_music_offline_reconciliation_pass_v1,song|unrelated segments|story of my life,graph_song,song,The Unrelated Segments,Story of My Life,1967,us,offline_sidecar_no_unique_track_match,0,apple_song_search_no_auto_match,false
graph_song:song|upperroom|surrounded fight my battles:offline_sidecar_no_unique_track_match,apple_music_offline_reconciliation_pass_v1,song|upperroom|surrounded fight my battles,graph_song,song,UPPERROOM,Surrounded (Fight My Battles),2018,us,offline_sidecar_no_unique_track_match,0,apple_song_search_needs_review_version_risk,false
graph_song:song|upperroom|worthy of it all:offline_sidecar_no_unique_track_match,apple_music_offline_reconciliation_pass_v1,song|upperroom|worthy of it all,graph_song,song,UPPERROOM,Worthy of It All,2012,us,offline_sidecar_no_unique_track_match,0,apple_song_search_needs_review_version_risk,false
graph_song:song|usher featuring lil jon and ludacris|yeah:offline_sidecar_no_unique_track_match,apple_music_offline_reconciliation_pass_v1,song|usher featuring lil jon and ludacris|yeah,graph_song,song,Usher featuring Lil Jon and Ludacris,Yeah!,2004,us,offline_sidecar_no_unique_track_match,0,apple_song_search_needs_review_version_risk,false
graph_song:song|vanessa williams|colors of the wind:offline_sidecar_no_unique_track_match,apple_music_offline_reconciliation_pass_v1,song|vanessa williams|colors of the wind,graph_song,song,Vanessa Williams,Colors of the Wind,1995,us,offline_sidecar_no_unique_track_match,0,apple_song_search_needs_review_version_risk,false
graph_song:song|vicente fernandez|volver volver:offline_sidecar_no_unique_track_match,apple_music_offline_reconciliation_pass_v1,song|vicente fernandez|volver volver,graph_song,song,Vicente Fernandez,"Volver, Volver",1972,us,offline_sidecar_no_unique_track_match,0,apple_song_search_no_auto_match,false
graph_song:song|victor manuelle|dile a ella:offline_sidecar_no_unique_track_match,apple_music_offline_reconciliation_pass_v1,song|victor manuelle|dile a ella,graph_song,song,Victor Manuelle,Dile a Ella,1993,us,offline_sidecar_no_unique_track_match,0,apple_song_search_no_auto_match,false
graph_song:song|vince guaraldi trio|christmas time is here:offline_sidecar_no_unique_track_match,apple_music_offline_reconciliation_pass_v1,song|vince guaraldi trio|christmas time is here,graph_song,song,Vince Guaraldi Trio,Christmas Time Is Here,1965,us,offline_sidecar_no_unique_track_match,0,apple_song_search_no_results,false
graph_song:song|waylon jennings|luckenbach texas back to the basics of love:offline_sidecar_no_unique_track_match,apple_music_offline_reconciliation_pass_v1,song|waylon jennings|luckenbach texas back to the basics of love,graph_song,song,Waylon Jennings,"Luckenbach, Texas (Back to the Basics of Love)",1977,us,offline_sidecar_no_unique_track_match,0,apple_song_search_no_auto_match,false
graph_song:song|wayne fontana and the mindbenders|game of love:offline_sidecar_no_unique_track_match,apple_music_offline_reconciliation_pass_v1,song|wayne fontana and the mindbenders|game of love,graph_song,song,Wayne Fontana & The Mindbenders,The Game of Love,1965,us,offline_sidecar_no_unique_track_match,0,apple_song_search_no_results,false
graph_song:song|we five|let s get together:offline_sidecar_no_unique_track_match,apple_music_offline_reconciliation_pass_v1,song|we five|let s get together,graph_song,song,We Five,Let's Get Together,1965,us,offline_sidecar_no_unique_track_match,0,apple_song_search_needs_review_version_risk,false
graph_song:song|weavers|goodnight irene:offline_sidecar_no_unique_track_match,apple_music_offline_reconciliation_pass_v1,song|weavers|goodnight irene,graph_song,song,The Weavers,"Goodnight, Irene",1950,us,offline_sidecar_no_unique_track_match,0,apple_song_search_no_auto_match,false
graph_song:song|weavers|kisses sweeter than wine:offline_sidecar_no_unique_track_match,apple_music_offline_reconciliation_pass_v1,song|weavers|kisses sweeter than wine,graph_song,song,The Weavers,Kisses Sweeter Than Wine,1951,us,offline_sidecar_no_unique_track_match,0,apple_song_search_no_auto_match,false
graph_song:song|weeknd|die for you:offline_sidecar_no_unique_track_match,apple_music_offline_reconciliation_pass_v1,song|weeknd|die for you,graph_song,song,The Weeknd,Die for You,2016,us,offline_sidecar_no_unique_track_match,0,apple_song_search_no_results,false
graph_song:song|weird al yankovic|white and nerdy:offline_sidecar_no_unique_track_match,apple_music_offline_reconciliation_pass_v1,song|weird al yankovic|white and nerdy,graph_song,song,Weird Al Yankovic,White & Nerdy,2006,us,offline_sidecar_no_unique_track_match,0,apple_song_search_no_auto_match,false
graph_song:song|wes montgomery|west coast blues:offline_sidecar_no_unique_track_match,apple_music_offline_reconciliation_pass_v1,song|wes montgomery|west coast blues,graph_song,song,Wes Montgomery,West Coast Blues,1960,us,offline_sidecar_no_unique_track_match,0,apple_song_search_no_auto_match,false
graph_song:song|west street mob|break dance electric boogie:offline_sidecar_no_unique_track_match,apple_music_offline_reconciliation_pass_v1,song|west street mob|break dance electric boogie,graph_song,song,West Street Mob,Break Dance - Electric Boogie,1983,us,offline_sidecar_no_unique_track_match,0,apple_song_search_no_results,false
graph_song:song|wet leg|chaise longue:offline_sidecar_no_unique_track_match,apple_music_offline_reconciliation_pass_v1,song|wet leg|chaise longue,graph_song,song,Wet Leg,Chaise Longue,2021,us,offline_sidecar_no_unique_track_match,0,apple_song_search_no_results,false
graph_song:song|whiskeytown|jacksonville skyline:offline_sidecar_no_unique_track_match,apple_music_offline_reconciliation_pass_v1,song|whiskeytown|jacksonville skyline,graph_song,song,Whiskeytown,Jacksonville Skyline,1997,us,offline_sidecar_no_unique_track_match,0,apple_song_search_no_auto_match,false
graph_song:song|whitney houston|i wanna dance with somebody:offline_sidecar_no_unique_track_match,apple_music_offline_reconciliation_pass_v1,song|whitney houston|i wanna dance with somebody,graph_song,song,Whitney Houston,I Wanna Dance with Somebody,1987,us,offline_sidecar_no_unique_track_match,0,apple_song_search_no_auto_match,false
graph_song:song|whitney houston|queen of the night:offline_sidecar_no_unique_track_match,apple_music_offline_reconciliation_pass_v1,song|whitney houston|queen of the night,graph_song,song,Whitney Houston,Queen of the Night,1993,us,offline_sidecar_no_unique_track_match,0,apple_song_search_no_auto_match,false
graph_song:song|who|substitute:offline_sidecar_no_unique_track_match,apple_music_offline_reconciliation_pass_v1,song|who|substitute,graph_song,song,The Who,Substitute,1966,us,offline_sidecar_no_unique_track_match,0,apple_song_search_no_auto_match,false
graph_song:song|wiggles|big red car:offline_sidecar_no_unique_track_match,apple_music_offline_reconciliation_pass_v1,song|wiggles|big red car,graph_song,song,The Wiggles,Big Red Car,1995,us,offline_sidecar_no_unique_track_match,0,apple_song_search_no_auto_match,false
graph_song:song|wiggles|rock a bye your bear:offline_sidecar_no_unique_track_match,apple_music_offline_reconciliation_pass_v1,song|wiggles|rock a bye your bear,graph_song,song,The Wiggles,Rock-a-Bye Your Bear,1991,us,offline_sidecar_no_unique_track_match,0,apple_song_search_no_auto_match,false
graph_song:song|willie rosario|botaron la pelota:offline_sidecar_no_unique_track_match,apple_music_offline_reconciliation_pass_v1,song|willie rosario|botaron la pelota,graph_song,song,Willie Rosario,Botaron la Pelota,1978,us,offline_sidecar_no_unique_track_match,0,apple_song_search_no_auto_match,false
graph_song:song|willow|t r a n s p a r e n t s o u l:offline_sidecar_no_unique_track_match,apple_music_offline_reconciliation_pass_v1,song|willow|t r a n s p a r e n t s o u l,graph_song,song,WILLOW,t r a n s p a r e n t s o u l,2021,us,offline_sidecar_no_unique_track_match,0,apple_song_search_no_auto_match,false
graph_song:song|wilson pickett|634 5789 soulsville u s a:offline_sidecar_no_unique_track_match,apple_music_offline_reconciliation_pass_v1,song|wilson pickett|634 5789 soulsville u s a,graph_song,song,Wilson Pickett,"634-5789 (Soulsville, U.S.A.)",1966,us,offline_sidecar_no_unique_track_match,0,apple_song_search_no_auto_match,false
graph_song:song|wisin and yandel featuring chris brown and t pain|algo me gusta de ti:offline_sidecar_no_unique_track_match,apple_music_offline_reconciliation_pass_v1,song|wisin and yandel featuring chris brown and t pain|algo me gusta de ti,graph_song,song,Wisin & Yandel featuring Chris Brown and T-Pain,Algo Me Gusta de Ti,2012,us,offline_sidecar_no_unique_track_match,0,apple_song_search_no_auto_match,false
graph_song:song|wiz khalifa featuring charlie puth|see you again:offline_sidecar_no_unique_track_match,apple_music_offline_reconciliation_pass_v1,song|wiz khalifa featuring charlie puth|see you again,graph_song,song,Wiz Khalifa featuring Charlie Puth,See You Again,2015,us,offline_sidecar_no_unique_track_match,0,apple_song_search_needs_review_version_risk,false
graph_song:song|wizkid featuring drake|come closer:offline_sidecar_no_unique_track_match,apple_music_offline_reconciliation_pass_v1,song|wizkid featuring drake|come closer,graph_song,song,Wizkid featuring Drake,Come Closer,2017,us,offline_sidecar_no_unique_track_match,0,apple_song_search_no_auto_match,false
graph_song:song|wizkid featuring skepta|ojuelegba remix:offline_sidecar_no_unique_track_match,apple_music_offline_reconciliation_pass_v1,song|wizkid featuring skepta|ojuelegba remix,graph_song,song,Wizkid featuring Skepta,Ojuelegba (Remix),2015,us,offline_sidecar_no_unique_track_match,0,apple_song_search_no_auto_match,false
graph_song:song|woody guthrie|deportee:offline_sidecar_no_unique_track_match,apple_music_offline_reconciliation_pass_v1,song|woody guthrie|deportee,graph_song,song,Woody Guthrie,Deportee,1948,us,offline_sidecar_no_unique_track_match,0,apple_song_search_needs_review_version_risk,false
graph_song:song|woody guthrie|hard travelin:offline_sidecar_no_unique_track_match,apple_music_offline_reconciliation_pass_v1,song|woody guthrie|hard travelin,graph_song,song,Woody Guthrie,Hard Travelin',1940,us,offline_sidecar_no_unique_track_match,0,apple_song_search_no_auto_match,false
graph_song:song|woody guthrie|i ain t got no home:offline_sidecar_no_unique_track_match,apple_music_offline_reconciliation_pass_v1,song|woody guthrie|i ain t got no home,graph_song,song,Woody Guthrie,I Ain't Got No Home,1940,us,offline_sidecar_no_unique_track_match,0,apple_song_search_no_auto_match,false
graph_song:song|woody guthrie|pastures of plenty:offline_sidecar_no_unique_track_match,apple_music_offline_reconciliation_pass_v1,song|woody guthrie|pastures of plenty,graph_song,song,Woody Guthrie,Pastures of Plenty,1941,us,offline_sidecar_no_unique_track_match,0,apple_song_search_no_auto_match,false
graph_song:song|woody guthrie|so long it s been good to know yuh:offline_sidecar_no_unique_track_match,apple_music_offline_reconciliation_pass_v1,song|woody guthrie|so long it s been good to know yuh,graph_song,song,Woody Guthrie,"So Long, It's Been Good to Know Yuh",1940,us,offline_sidecar_no_unique_track_match,0,apple_song_search_no_auto_match,false
graph_song:song|woody guthrie|this land is your land:offline_sidecar_no_unique_track_match,apple_music_offline_reconciliation_pass_v1,song|woody guthrie|this land is your land,graph_song,song,Woody Guthrie,This Land Is Your Land,1940,us,offline_sidecar_no_unique_track_match,0,apple_song_search_no_auto_match,false
graph_song:song|world s famous supreme team|hey d j:offline_sidecar_no_unique_track_match,apple_music_offline_reconciliation_pass_v1,song|world s famous supreme team|hey d j,graph_song,song,The World's Famous Supreme Team,Hey D.J.,1984,us,offline_sidecar_no_unique_track_match,0,apple_song_search_no_auto_match,false
graph_song:song|wu tang clan|c r e a m:offline_sidecar_no_unique_track_match,apple_music_offline_reconciliation_pass_v1,song|wu tang clan|c r e a m,graph_song,song,Wu-Tang Clan,C.R.E.A.M.,1993,us,offline_sidecar_no_unique_track_match,0,apple_song_search_needs_review_version_risk,false
graph_song:song|wu tang clan|m e t h o d man:offline_sidecar_no_unique_track_match,apple_music_offline_reconciliation_pass_v1,song|wu tang clan|m e t h o d man,graph_song,song,Wu-Tang Clan,M.E.T.H.O.D. Man,1993,us,offline_sidecar_no_unique_track_match,0,apple_song_search_no_auto_match,false
graph_song:song|wun two|rio:offline_sidecar_no_unique_track_match,apple_music_offline_reconciliation_pass_v1,song|wun two|rio,graph_song,song,Wun Two,Rio,2019,us,offline_sidecar_no_unique_track_match,0,apple_song_search_no_auto_match,false
graph_song:song|wun two|snow:offline_sidecar_no_unique_track_match,apple_music_offline_reconciliation_pass_v1,song|wun two|snow,graph_song,song,Wun Two,Snow,2014,us,offline_sidecar_no_unique_track_match,0,apple_song_search_no_auto_match,false
graph_song:song|wyclef jean|gone till november:offline_sidecar_no_unique_track_match,apple_music_offline_reconciliation_pass_v1,song|wyclef jean|gone till november,graph_song,song,Wyclef Jean,Gone till November,1997,us,offline_sidecar_no_unique_track_match,0,apple_song_search_no_auto_match,false
graph_song:song|wynn stewart|it s such a pretty world today:offline_sidecar_no_unique_track_match,apple_music_offline_reconciliation_pass_v1,song|wynn stewart|it s such a pretty world today,graph_song,song,Wynn Stewart,It's Such a Pretty World Today,1967,us,offline_sidecar_no_unique_track_match,0,apple_song_search_no_results,false
graph_song:song|x ray spex|germfree adolescents:offline_sidecar_no_unique_track_match,apple_music_offline_reconciliation_pass_v1,song|x ray spex|germfree adolescents,graph_song,song,X-Ray Spex,Germfree Adolescents,1978,us,offline_sidecar_no_unique_track_match,0,apple_song_search_no_auto_match,false
graph_song:song|x ray spex|oh bondage up yours:offline_sidecar_no_unique_track_match,apple_music_offline_reconciliation_pass_v1,song|x ray spex|oh bondage up yours,graph_song,song,X-Ray Spex,Oh Bondage Up Yours!,1977,us,offline_sidecar_no_unique_track_match,0,apple_song_search_no_auto_match,false
graph_song:song|yardbirds|heart full of soul:offline_sidecar_no_unique_track_match,apple_music_offline_reconciliation_pass_v1,song|yardbirds|heart full of soul,graph_song,song,The Yardbirds,Heart Full of Soul,1965,us,offline_sidecar_no_unique_track_match,0,apple_song_search_no_auto_match,false
graph_song:song|yardbirds|shapes of things:offline_sidecar_no_unique_track_match,apple_music_offline_reconciliation_pass_v1,song|yardbirds|shapes of things,graph_song,song,The Yardbirds,Shapes of Things,1966,us,offline_sidecar_no_unique_track_match,0,apple_song_search_no_auto_match,false
graph_song:song|yazoo|dont go:offline_sidecar_no_unique_track_match,apple_music_offline_reconciliation_pass_v1,song|yazoo|dont go,graph_song,song,Yazoo,Dont Go,1982,us,offline_sidecar_no_unique_track_match,0,apple_song_search_no_auto_match,false
graph_song:song|yeah yeah yeahs|heads will roll a trak remix:offline_sidecar_no_unique_track_match,apple_music_offline_reconciliation_pass_v1,song|yeah yeah yeahs|heads will roll a trak remix,graph_song,song,Yeah Yeah Yeahs,Heads Will Roll (A-Trak Remix),2009,us,offline_sidecar_no_unique_track_match,0,apple_song_search_no_results,false
graph_song:song|yellow balloon|yellow balloon:offline_sidecar_no_unique_track_match,apple_music_offline_reconciliation_pass_v1,song|yellow balloon|yellow balloon,graph_song,song,The Yellow Balloon,Yellow Balloon,1967,us,offline_sidecar_no_unique_track_match,0,apple_song_search_no_results,false
graph_song:song|yellowjackets|and you know that:offline_sidecar_no_unique_track_match,apple_music_offline_reconciliation_pass_v1,song|yellowjackets|and you know that,graph_song,song,Yellowjackets,And You Know That,1986,us,offline_sidecar_no_unique_track_match,0,apple_song_search_no_auto_match,false
graph_song:song|yes|close to the edge:offline_sidecar_no_unique_track_match,apple_music_offline_reconciliation_pass_v1,song|yes|close to the edge,graph_song,song,Yes,Close to the Edge,1972,us,offline_sidecar_no_unique_track_match,0,apple_song_search_no_auto_match,false
graph_song:song|yes|i ve seen all good people:offline_sidecar_no_unique_track_match,apple_music_offline_reconciliation_pass_v1,song|yes|i ve seen all good people,graph_song,song,Yes,I've Seen All Good People,1971,us,offline_sidecar_no_unique_track_match,0,apple_song_search_no_auto_match,false
graph_song:song|yeule|cyber meat:offline_sidecar_no_unique_track_match,apple_music_offline_reconciliation_pass_v1,song|yeule|cyber meat,graph_song,song,Yeule,cyber meat,2022,us,offline_sidecar_no_unique_track_match,0,apple_song_search_no_results,false
graph_song:song|young thug feat gunna|hot:offline_sidecar_no_unique_track_match,apple_music_offline_reconciliation_pass_v1,song|young thug feat gunna|hot,graph_song,song,Young Thug feat. Gunna,Hot,2019,us,offline_sidecar_no_unique_track_match,0,apple_song_search_needs_review_version_risk,false
graph_song:song|youssou n dour and neneh cherry|7 seconds:offline_sidecar_no_unique_track_match,apple_music_offline_reconciliation_pass_v1,song|youssou n dour and neneh cherry|7 seconds,graph_song,song,Youssou N'Dour and Neneh Cherry,7 Seconds,1994,us,offline_sidecar_no_unique_track_match,0,apple_song_search_no_auto_match,false
graph_song:song|zac brown band|knee deep:offline_sidecar_no_unique_track_match,apple_music_offline_reconciliation_pass_v1,song|zac brown band|knee deep,graph_song,song,Zac Brown Band,Knee Deep,2011,us,offline_sidecar_no_unique_track_match,0,apple_song_search_no_auto_match,false
graph_song:song|zakary thaks|bad girl:offline_sidecar_no_unique_track_match,apple_music_offline_reconciliation_pass_v1,song|zakary thaks|bad girl,graph_song,song,The Zakary Thaks,Bad Girl,1966,us,offline_sidecar_no_unique_track_match,0,apple_song_search_no_results,false
graph_song:song|zion and lennox|yo voy:offline_sidecar_no_unique_track_match,apple_music_offline_reconciliation_pass_v1,song|zion and lennox|yo voy,graph_song,song,Zion & Lennox,Yo Voy,2004,us,offline_sidecar_no_unique_track_match,0,apple_song_search_no_auto_match,false
graph_song:song|ziv zaifman hugh jackman and michelle williams|a million dreams:offline_sidecar_no_unique_track_match,apple_music_offline_reconciliation_pass_v1,song|ziv zaifman hugh jackman and michelle williams|a million dreams,graph_song,song,"Ziv Zaifman, Hugh Jackman and Michelle Williams",A Million Dreams,2017,us,offline_sidecar_no_unique_track_match,0,apple_song_search_no_results,false
