deferred_key,run_version,source_ref,source_type,source_candidate_type,artist_display_name,title,year,storefront,deferred_reason,candidate_count,best_score,apple_album_id,error_message,raw_payload_persisted
album_sidecar_track:album|13th floor elevators|psychedelic sounds of the 13th floor elevators@@1@@3@@@@splash 1 now i m home:album_track_try_harder_no_safe_match:558685692,apple_music_try_harder_pass_v1,album|13th floor elevators|psychedelic sounds of the 13th floor elevators@@1@@3@@@@splash 1 now i m home,album_sidecar_track,track,,Splash 1 (Now I’m Home),1966,us,album_track_try_harder_no_safe_match,25,46,558685692,,false
album_sidecar_track:album|13th floor elevators|psychedelic sounds of the 13th floor elevators@@1@@4@@@@reverberation doubt:album_track_try_harder_no_safe_match:558685692,apple_music_try_harder_pass_v1,album|13th floor elevators|psychedelic sounds of the 13th floor elevators@@1@@4@@@@reverberation doubt,album_sidecar_track,track,,Reverberation (Doubt),1966,us,album_track_try_harder_no_safe_match,25,51,558685692,,false
album_sidecar_track:album|2pac|me against the world@@1@@13@@@@fuck world:album_track_try_harder_no_safe_match:1440509542,apple_music_try_harder_pass_v1,album|2pac|me against the world@@1@@13@@@@fuck world,album_sidecar_track,track,,Fuck the World,1995,us,album_track_try_harder_no_safe_match,4,43,1440509542,,false
album_sidecar_track:album|2pac|me against the world@@1@@6@@@@young niggaz:album_track_try_harder_no_safe_match:1440509542,apple_music_try_harder_pass_v1,album|2pac|me against the world@@1@@6@@@@young niggaz,album_sidecar_track,track,,Young Niggaz,1995,us,album_track_try_harder_no_safe_match,10,43,1440509542,,false
album_sidecar_track:album|50 cent|get rich or die tryin@@1@@10@@@@p i m p:album_track_try_harder_no_safe_match:1440841450,apple_music_try_harder_pass_v1,album|50 cent|get rich or die tryin@@1@@10@@@@p i m p,album_sidecar_track,track,,P.I.M.P.,2003,us,album_track_try_harder_no_safe_match,13,51,1440841450,,false
album_sidecar_track:album|50 cent|get rich or die tryin@@1@@11@@@@like my style:album_track_try_harder_no_safe_match:1440841450,apple_music_try_harder_pass_v1,album|50 cent|get rich or die tryin@@1@@11@@@@like my style,album_sidecar_track,track,,Like My Style,2003,us,album_track_try_harder_no_safe_match,13,33,1440841450,,false
album_sidecar_track:album|50 cent|get rich or die tryin@@1@@12@@@@poor lil rich:album_track_try_harder_no_safe_match:1440841450,apple_music_try_harder_pass_v1,album|50 cent|get rich or die tryin@@1@@12@@@@poor lil rich,album_sidecar_track,track,,Poor Lil Rich,2003,us,album_track_try_harder_no_safe_match,13,51,1440841450,,false
album_sidecar_track:album|50 cent|get rich or die tryin@@1@@13@@@@21 questions:album_track_try_harder_no_safe_match:1440841450,apple_music_try_harder_pass_v1,album|50 cent|get rich or die tryin@@1@@13@@@@21 questions,album_sidecar_track,track,,21 Questions,2003,us,album_track_try_harder_no_safe_match,13,34,1440841450,,false
album_sidecar_track:album|50 cent|get rich or die tryin@@1@@14@@@@don t push me:album_track_try_harder_no_safe_match:1440841450,apple_music_try_harder_pass_v1,album|50 cent|get rich or die tryin@@1@@14@@@@don t push me,album_sidecar_track,track,,Don’t Push Me,2003,us,album_track_try_harder_no_safe_match,13,34,1440841450,,false
album_sidecar_track:album|50 cent|get rich or die tryin@@1@@15@@@@gotta make it to heaven:album_track_try_harder_no_safe_match:1440841450,apple_music_try_harder_pass_v1,album|50 cent|get rich or die tryin@@1@@15@@@@gotta make it to heaven,album_sidecar_track,track,,Gotta Make It to Heaven,2003,us,album_track_try_harder_no_safe_match,13,51,1440841450,,false
album_sidecar_track:album|50 cent|get rich or die tryin@@1@@16@@@@wanksta:album_track_try_harder_no_safe_match:1440841450,apple_music_try_harder_pass_v1,album|50 cent|get rich or die tryin@@1@@16@@@@wanksta,album_sidecar_track,track,,Wanksta,2003,us,album_track_try_harder_no_safe_match,13,51,1440841450,,false
album_sidecar_track:album|50 cent|get rich or die tryin@@1@@17@@@@u not like me:album_track_try_harder_no_safe_match:1440841450,apple_music_try_harder_pass_v1,album|50 cent|get rich or die tryin@@1@@17@@@@u not like me,album_sidecar_track,track,,U Not Like Me,2003,us,album_track_try_harder_no_safe_match,13,51,1440841450,,false
album_sidecar_track:album|50 cent|get rich or die tryin@@1@@18@@@@life s on line:album_track_try_harder_no_safe_match:1440841450,apple_music_try_harder_pass_v1,album|50 cent|get rich or die tryin@@1@@18@@@@life s on line,album_sidecar_track,track,,Life’s on the Line,2003,us,album_track_try_harder_no_safe_match,13,51,1440841450,,false
album_sidecar_track:album|50 cent|get rich or die tryin@@1@@7@@@@if i can t:album_track_try_harder_no_safe_match:1440841450,apple_music_try_harder_pass_v1,album|50 cent|get rich or die tryin@@1@@7@@@@if i can t,album_sidecar_track,track,,If I Can’t,2003,us,album_track_try_harder_no_safe_match,13,51,1440841450,,false
album_sidecar_track:album|50 cent|get rich or die tryin@@1@@8@@@@blood hound:album_track_try_harder_no_safe_match:1440841450,apple_music_try_harder_pass_v1,album|50 cent|get rich or die tryin@@1@@8@@@@blood hound,album_sidecar_track,track,,Blood Hound,2003,us,album_track_try_harder_no_safe_match,13,33,1440841450,,false
album_sidecar_track:album|50 cent|get rich or die tryin@@1@@9@@@@back down:album_track_try_harder_no_safe_match:1440841450,apple_music_try_harder_pass_v1,album|50 cent|get rich or die tryin@@1@@9@@@@back down,album_sidecar_track,track,,Back Down,2003,us,album_track_try_harder_no_safe_match,13,51,1440841450,,false
album_sidecar_track:album|8ball and mjg|comin out hard@@1@@8@@@@nigga s like us:album_track_try_harder_no_safe_match:962220541,apple_music_try_harder_pass_v1,album|8ball and mjg|comin out hard@@1@@8@@@@nigga s like us,album_sidecar_track,track,,Nigga's Like Us,1993,us,album_track_try_harder_no_safe_match,4,43,962220541,,false
album_sidecar_track:album|a tribe called quest|midnight marauders@@1@@5@@@@sucka nigga:album_track_try_harder_no_safe_match:265670545,apple_music_try_harder_pass_v1,album|a tribe called quest|midnight marauders@@1@@5@@@@sucka nigga,album_sidecar_track,track,,Sucka Nigga,1993,us,album_track_try_harder_no_safe_match,10,44,265670545,,false
album_sidecar_track:album|adverts|crossing the red sea with the adverts@@1@@10@@@@on wheels:album_track_try_harder_no_safe_match:1668347179,apple_music_try_harder_pass_v1,album|adverts|crossing the red sea with the adverts@@1@@10@@@@on wheels,album_sidecar_track,track,,On Wheels,1978,us,album_track_try_harder_no_safe_match,20,51,1668347179,,false
album_sidecar_track:album|adverts|crossing the red sea with the adverts@@1@@11@@@@great british mistake:album_track_try_harder_no_safe_match:1668347179,apple_music_try_harder_pass_v1,album|adverts|crossing the red sea with the adverts@@1@@11@@@@great british mistake,album_sidecar_track,track,,Great British Mistake,1978,us,album_track_try_harder_no_safe_match,20,51,1668347179,,false
album_sidecar_track:album|adverts|crossing the red sea with the adverts@@1@@6@@@@bombsite boy:album_track_try_harder_no_safe_match:1668347179,apple_music_try_harder_pass_v1,album|adverts|crossing the red sea with the adverts@@1@@6@@@@bombsite boy,album_sidecar_track,track,,Bombsite Boy,1978,us,album_track_try_harder_no_safe_match,20,42,1668347179,,false
album_sidecar_track:album|adverts|crossing the red sea with the adverts@@1@@7@@@@no time to be 21:album_track_try_harder_no_safe_match:1668347179,apple_music_try_harder_pass_v1,album|adverts|crossing the red sea with the adverts@@1@@7@@@@no time to be 21,album_sidecar_track,track,,No Time to Be 21,1978,us,album_track_try_harder_no_safe_match,20,51,1668347179,,false
album_sidecar_track:album|adverts|crossing the red sea with the adverts@@1@@8@@@@safety in numbers:album_track_try_harder_no_safe_match:1668347179,apple_music_try_harder_pass_v1,album|adverts|crossing the red sea with the adverts@@1@@8@@@@safety in numbers,album_sidecar_track,track,,Safety in Numbers,1978,us,album_track_try_harder_no_safe_match,20,51,1668347179,,false
album_sidecar_track:album|adverts|crossing the red sea with the adverts@@1@@9@@@@drowning men:album_track_try_harder_no_safe_match:1668347179,apple_music_try_harder_pass_v1,album|adverts|crossing the red sea with the adverts@@1@@9@@@@drowning men,album_sidecar_track,track,,Drowning Men,1978,us,album_track_try_harder_no_safe_match,20,51,1668347179,,false
album_sidecar_track:album|alanis morissette|jagged little pill@@1@@13@@@@you oughta know jimmy saint blend your house:album_track_try_harder_no_safe_match:1715762264,apple_music_try_harder_pass_v1,album|alanis morissette|jagged little pill@@1@@13@@@@you oughta know jimmy saint blend your house,album_sidecar_track,track,,You Oughta Know (Jimmy the Saint Blend) / Your House,1995,us,album_track_try_harder_no_safe_match,0,0,1715762264,,false
album_sidecar_track:album|alice in chains|dirt@@1@@10@@@@iron gland:album_track_try_harder_no_safe_match:157316517,apple_music_try_harder_pass_v1,album|alice in chains|dirt@@1@@10@@@@iron gland,album_sidecar_track,track,,Iron Gland,1992,us,album_track_try_harder_no_safe_match,4,43,157316517,,false
album_sidecar_track:album|allman brothers band|eat a peach@@1@@4@@@@one way out:album_track_try_harder_no_safe_match:1469584912,apple_music_try_harder_pass_v1,album|allman brothers band|eat a peach@@1@@4@@@@one way out,album_sidecar_track,track,,One Way Out,1972,us,album_track_try_harder_no_safe_match,6,34,1469584912,,false
album_sidecar_track:album|allman brothers band|eat a peach@@1@@5@@@@trouble no more:album_track_try_harder_no_safe_match:1469584912,apple_music_try_harder_pass_v1,album|allman brothers band|eat a peach@@1@@5@@@@trouble no more,album_sidecar_track,track,,Trouble No More,1972,us,album_track_try_harder_no_safe_match,6,30,1469584912,,false
album_sidecar_track:album|allman brothers band|eat a peach@@1@@6@@@@stand back:album_track_try_harder_no_safe_match:1469584912,apple_music_try_harder_pass_v1,album|allman brothers band|eat a peach@@1@@6@@@@stand back,album_sidecar_track,track,,Stand Back,1972,us,album_track_try_harder_no_safe_match,6,51,1469584912,,false
album_sidecar_track:album|allman brothers band|eat a peach@@1@@7@@@@blue sky:album_track_try_harder_no_safe_match:1469584912,apple_music_try_harder_pass_v1,album|allman brothers band|eat a peach@@1@@7@@@@blue sky,album_sidecar_track,track,,Blue Sky,1972,us,album_track_try_harder_no_safe_match,6,51,1469584912,,false
album_sidecar_track:album|allman brothers band|eat a peach@@1@@8@@@@little martha:album_track_try_harder_no_safe_match:1469584912,apple_music_try_harder_pass_v1,album|allman brothers band|eat a peach@@1@@8@@@@little martha,album_sidecar_track,track,,Little Martha,1972,us,album_track_try_harder_no_safe_match,6,51,1469584912,,false
album_sidecar_track:album|allman brothers band|eat a peach@@1@@9@@@@mountain jam:album_track_try_harder_no_safe_match:1469584912,apple_music_try_harder_pass_v1,album|allman brothers band|eat a peach@@1@@9@@@@mountain jam,album_sidecar_track,track,,Mountain Jam,1972,us,album_track_try_harder_no_safe_match,6,29,1469584912,,false
album_sidecar_track:album|amyl and the sniffers|comfort to me@@1@@11@@@@don t need a cunt like you to love me:album_track_try_harder_no_safe_match:1574728155,apple_music_try_harder_pass_v1,album|amyl and the sniffers|comfort to me@@1@@11@@@@don t need a cunt like you to love me,album_sidecar_track,track,,Don’t Need a Cunt (Like You to Love Me),2021,us,album_track_try_harder_no_safe_match,3,43,1574728155,,false
album_sidecar_track:album|angel witch|angel witch@@1@@10@@@@devils tower:album_track_try_harder_no_safe_match:1444755676,apple_music_try_harder_pass_v1,album|angel witch|angel witch@@1@@10@@@@devils tower,album_sidecar_track,track,,Devils Tower,1980,us,album_track_try_harder_no_safe_match,21,43,1444755676,,false
album_sidecar_track:album|angie stone|black diamond@@1@@15@@@@don t wanna ride without you:album_track_try_harder_no_safe_match:1534248450,apple_music_try_harder_pass_v1,album|angie stone|black diamond@@1@@15@@@@don t wanna ride without you,album_sidecar_track,track,,Don’t Wanna Ride Without You,1999,us,album_track_try_harder_no_safe_match,1,58,1534248450,,false
album_sidecar_track:album|babes in toyland|fontanelle@@1@@13@@@@real eyes:album_track_try_harder_no_safe_match:300957229,apple_music_try_harder_pass_v1,album|babes in toyland|fontanelle@@1@@13@@@@real eyes,album_sidecar_track,track,,Real Eyes,1992,us,album_track_try_harder_no_safe_match,3,43,300957229,,false
album_sidecar_track:album|bad brains|rock for light@@1@@1@@@@coptic times:album_track_try_harder_no_safe_match:1302287380,apple_music_try_harder_pass_v1,album|bad brains|rock for light@@1@@1@@@@coptic times,album_sidecar_track,track,,Coptic Times,1983,us,album_track_try_harder_no_safe_match,20,47,1302287380,,false
album_sidecar_track:album|bad brains|rock for light@@1@@10@@@@joshua s song:album_track_try_harder_no_safe_match:1302287380,apple_music_try_harder_pass_v1,album|bad brains|rock for light@@1@@10@@@@joshua s song,album_sidecar_track,track,,Joshua’s Song,1983,us,album_track_try_harder_no_safe_match,19,53,1302287380,,false
album_sidecar_track:album|bad brains|rock for light@@1@@12@@@@how low can a punk get:album_track_try_harder_no_safe_match:1302287380,apple_music_try_harder_pass_v1,album|bad brains|rock for light@@1@@12@@@@how low can a punk get,album_sidecar_track,track,,How Low Can a Punk Get,1983,us,album_track_try_harder_no_safe_match,18,47,1302287380,,false
album_sidecar_track:album|bad brains|rock for light@@1@@13@@@@big takeover:album_track_try_harder_no_safe_match:1302287380,apple_music_try_harder_pass_v1,album|bad brains|rock for light@@1@@13@@@@big takeover,album_sidecar_track,track,,Big Takeover,1983,us,album_track_try_harder_no_safe_match,18,52,1302287380,,false
album_sidecar_track:album|bad brains|rock for light@@1@@14@@@@i i survive:album_track_try_harder_no_safe_match:1302287380,apple_music_try_harder_pass_v1,album|bad brains|rock for light@@1@@14@@@@i i survive,album_sidecar_track,track,,I + I Survive,1983,us,album_track_try_harder_no_safe_match,18,29,1302287380,,false
album_sidecar_track:album|bad brains|rock for light@@1@@15@@@@destroy babylon:album_track_try_harder_no_safe_match:1302287380,apple_music_try_harder_pass_v1,album|bad brains|rock for light@@1@@15@@@@destroy babylon,album_sidecar_track,track,,Destroy Babylon,1983,us,album_track_try_harder_no_safe_match,18,47,1302287380,,false
album_sidecar_track:album|bad brains|rock for light@@1@@16@@@@rock for light:album_track_try_harder_no_safe_match:1302287380,apple_music_try_harder_pass_v1,album|bad brains|rock for light@@1@@16@@@@rock for light,album_sidecar_track,track,,Rock for Light,1983,us,album_track_try_harder_no_safe_match,18,47,1302287380,,false
album_sidecar_track:album|bad brains|rock for light@@1@@17@@@@at movies:album_track_try_harder_no_safe_match:1302287380,apple_music_try_harder_pass_v1,album|bad brains|rock for light@@1@@17@@@@at movies,album_sidecar_track,track,,At the Movies,1983,us,album_track_try_harder_no_safe_match,18,51,1302287380,,false
album_sidecar_track:album|bad brains|rock for light@@1@@3@@@@we will not:album_track_try_harder_no_safe_match:1302287380,apple_music_try_harder_pass_v1,album|bad brains|rock for light@@1@@3@@@@we will not,album_sidecar_track,track,,We Will Not,1983,us,album_track_try_harder_no_safe_match,19,47,1302287380,,false
album_sidecar_track:album|bad brains|rock for light@@1@@4@@@@sailin on:album_track_try_harder_no_safe_match:1302287380,apple_music_try_harder_pass_v1,album|bad brains|rock for light@@1@@4@@@@sailin on,album_sidecar_track,track,,Sailin’ On,1983,us,album_track_try_harder_no_safe_match,19,51,1302287380,,false
album_sidecar_track:album|bad brains|rock for light@@1@@5@@@@rally around jah throne:album_track_try_harder_no_safe_match:1302287380,apple_music_try_harder_pass_v1,album|bad brains|rock for light@@1@@5@@@@rally around jah throne,album_sidecar_track,track,,Rally Around Jah Throne,1983,us,album_track_try_harder_no_safe_match,19,35,1302287380,,false
album_sidecar_track:album|bad brains|rock for light@@1@@6@@@@right brigade:album_track_try_harder_no_safe_match:1302287380,apple_music_try_harder_pass_v1,album|bad brains|rock for light@@1@@6@@@@right brigade,album_sidecar_track,track,,Right Brigade,1983,us,album_track_try_harder_no_safe_match,19,45,1302287380,,false
album_sidecar_track:album|bad brains|rock for light@@1@@7@@@@f v k:album_track_try_harder_no_safe_match:1302287380,apple_music_try_harder_pass_v1,album|bad brains|rock for light@@1@@7@@@@f v k,album_sidecar_track,track,,F.V.K.,1983,us,album_track_try_harder_no_safe_match,19,29,1302287380,,false
album_sidecar_track:album|bad brains|rock for light@@1@@8@@@@riot squad:album_track_try_harder_no_safe_match:1302287380,apple_music_try_harder_pass_v1,album|bad brains|rock for light@@1@@8@@@@riot squad,album_sidecar_track,track,,Riot Squad,1983,us,album_track_try_harder_no_safe_match,19,51,1302287380,,false
album_sidecar_track:album|bad brains|rock for light@@1@@9@@@@meek shall inherit earth:album_track_try_harder_no_safe_match:1302287380,apple_music_try_harder_pass_v1,album|bad brains|rock for light@@1@@9@@@@meek shall inherit earth,album_sidecar_track,track,,The Meek Shall Inherit the Earth,1983,us,album_track_try_harder_no_safe_match,19,47,1302287380,,false
album_sidecar_track:album|bad bunny|yhlqmdlg@@1@@16@@@@esta cabron ser yo:album_track_try_harder_no_safe_match:1500776322,apple_music_try_harder_pass_v1,album|bad bunny|yhlqmdlg@@1@@16@@@@esta cabron ser yo,album_sidecar_track,track,,Está cabrón ser yo,2020,us,album_track_try_harder_no_safe_match,5,43,1500776322,,false
album_sidecar_track:album|bauhaus|in the flat field@@1@@1@@@@double dare:album_track_try_harder_no_safe_match:1025316248,apple_music_try_harder_pass_v1,album|bauhaus|in the flat field@@1@@1@@@@double dare,album_sidecar_track,track,,Double Dare,1980,us,album_track_try_harder_no_safe_match,18,55,1025316248,,false
album_sidecar_track:album|bauhaus|in the flat field@@1@@2@@@@in flat field:album_track_try_harder_no_safe_match:1025316248,apple_music_try_harder_pass_v1,album|bauhaus|in the flat field@@1@@2@@@@in flat field,album_sidecar_track,track,,In the Flat Field,1980,us,album_track_try_harder_no_safe_match,18,54,1025316248,,false
album_sidecar_track:album|bauhaus|in the flat field@@1@@3@@@@a god in an alcove:album_track_try_harder_no_safe_match:1025316248,apple_music_try_harder_pass_v1,album|bauhaus|in the flat field@@1@@3@@@@a god in an alcove,album_sidecar_track,track,,A God in an Alcove,1980,us,album_track_try_harder_no_safe_match,18,53,1025316248,,false
album_sidecar_track:album|bauhaus|in the flat field@@1@@4@@@@dive:album_track_try_harder_no_safe_match:1025316248,apple_music_try_harder_pass_v1,album|bauhaus|in the flat field@@1@@4@@@@dive,album_sidecar_track,track,,Dive,1980,us,album_track_try_harder_no_safe_match,18,52,1025316248,,false
album_sidecar_track:album|bauhaus|in the flat field@@1@@5@@@@spy in cab:album_track_try_harder_no_safe_match:1025316248,apple_music_try_harder_pass_v1,album|bauhaus|in the flat field@@1@@5@@@@spy in cab,album_sidecar_track,track,,The Spy in the Cab,1980,us,album_track_try_harder_no_safe_match,18,51,1025316248,,false
album_sidecar_track:album|bauhaus|in the flat field@@1@@6@@@@small talk stinks:album_track_try_harder_no_safe_match:1025316248,apple_music_try_harder_pass_v1,album|bauhaus|in the flat field@@1@@6@@@@small talk stinks,album_sidecar_track,track,,Small Talk Stinks,1980,us,album_track_try_harder_no_safe_match,18,51,1025316248,,false
album_sidecar_track:album|bauhaus|in the flat field@@1@@7@@@@st vitus dance:album_track_try_harder_no_safe_match:1025316248,apple_music_try_harder_pass_v1,album|bauhaus|in the flat field@@1@@7@@@@st vitus dance,album_sidecar_track,track,,St. Vitus Dance,1980,us,album_track_try_harder_no_safe_match,18,51,1025316248,,false
album_sidecar_track:album|bauhaus|in the flat field@@1@@8@@@@stigmata martyr:album_track_try_harder_no_safe_match:1025316248,apple_music_try_harder_pass_v1,album|bauhaus|in the flat field@@1@@8@@@@stigmata martyr,album_sidecar_track,track,,Stigmata Martyr,1980,us,album_track_try_harder_no_safe_match,18,47,1025316248,,false
album_sidecar_track:album|bauhaus|in the flat field@@1@@9@@@@nerves:album_track_try_harder_no_safe_match:1025316248,apple_music_try_harder_pass_v1,album|bauhaus|in the flat field@@1@@9@@@@nerves,album_sidecar_track,track,,Nerves,1980,us,album_track_try_harder_no_safe_match,18,51,1025316248,,false
album_sidecar_track:album|ben folds|rockin the suburbs@@1@@5@@@@fred jones part 2:album_track_try_harder_no_safe_match:190084442,apple_music_try_harder_pass_v1,album|ben folds|rockin the suburbs@@1@@5@@@@fred jones part 2,album_sidecar_track,track,,"Fred Jones, Part 2",2001,us,album_track_try_harder_no_safe_match,8,44,190084442,,false
album_sidecar_track:album|big l|lifestylez ov da poor and dangerous@@1@@11@@@@fed up with bullshit:album_track_try_harder_no_safe_match:171028409,apple_music_try_harder_pass_v1,album|big l|lifestylez ov da poor and dangerous@@1@@11@@@@fed up with bullshit,album_sidecar_track,track,,Fed Up With the Bullshit,1995,us,album_track_try_harder_no_safe_match,2,43,171028409,,false
album_sidecar_track:album|big pun|capital punishment@@1@@17@@@@twinz deep cover 98:album_track_try_harder_no_safe_match:253530902,apple_music_try_harder_pass_v1,album|big pun|capital punishment@@1@@17@@@@twinz deep cover 98,album_sidecar_track,track,,Twinz (Deep Cover ’98),1998,us,album_track_try_harder_no_safe_match,8,43,253530902,,false
album_sidecar_track:album|billie holiday|lady in satin@@1@@12@@@@end of a love affair:album_track_try_harder_no_safe_match:1689286255,apple_music_try_harder_pass_v1,album|billie holiday|lady in satin@@1@@12@@@@end of a love affair,album_sidecar_track,track,,The End of a Love Affair,1958,us,album_track_try_harder_no_safe_match,0,0,1689286255,,false
album_sidecar_track:album|billie holiday|lady in satin@@1@@13@@@@prelude to a kiss:album_track_try_harder_no_safe_match:1689286255,apple_music_try_harder_pass_v1,album|billie holiday|lady in satin@@1@@13@@@@prelude to a kiss,album_sidecar_track,track,,Prelude to a Kiss,1958,us,album_track_try_harder_no_safe_match,0,0,1689286255,,false
album_sidecar_track:album|billie holiday|lady in satin@@1@@14@@@@a ghost of a chance:album_track_try_harder_no_safe_match:1689286255,apple_music_try_harder_pass_v1,album|billie holiday|lady in satin@@1@@14@@@@a ghost of a chance,album_sidecar_track,track,,A Ghost of a Chance,1958,us,album_track_try_harder_no_safe_match,0,0,1689286255,,false
album_sidecar_track:album|billie holiday|lady in satin@@1@@15@@@@gone with wind:album_track_try_harder_no_safe_match:1689286255,apple_music_try_harder_pass_v1,album|billie holiday|lady in satin@@1@@15@@@@gone with wind,album_sidecar_track,track,,Gone With the Wind,1958,us,album_track_try_harder_no_safe_match,0,0,1689286255,,false
album_sidecar_track:album|billie holiday|lady in satin@@1@@16@@@@come rain or come shine:album_track_try_harder_no_safe_match:1689286255,apple_music_try_harder_pass_v1,album|billie holiday|lady in satin@@1@@16@@@@come rain or come shine,album_sidecar_track,track,,Come Rain or Come Shine,1958,us,album_track_try_harder_no_safe_match,0,0,1689286255,,false
album_sidecar_track:album|billie holiday|lady in satin@@1@@17@@@@what s new:album_track_try_harder_no_safe_match:1689286255,apple_music_try_harder_pass_v1,album|billie holiday|lady in satin@@1@@17@@@@what s new,album_sidecar_track,track,,What’s New?,1958,us,album_track_try_harder_no_safe_match,0,0,1689286255,,false
album_sidecar_track:album|billie holiday|lady in satin@@1@@18@@@@fine and mellow:album_track_try_harder_no_safe_match:1689286255,apple_music_try_harder_pass_v1,album|billie holiday|lady in satin@@1@@18@@@@fine and mellow,album_sidecar_track,track,,Fine and Mellow,1958,us,album_track_try_harder_no_safe_match,0,0,1689286255,,false
album_sidecar_track:album|billie holiday|lady in satin@@1@@19@@@@when your lover has gone:album_track_try_harder_no_safe_match:1689286255,apple_music_try_harder_pass_v1,album|billie holiday|lady in satin@@1@@19@@@@when your lover has gone,album_sidecar_track,track,,When Your Lover Has Gone,1958,us,album_track_try_harder_no_safe_match,0,0,1689286255,,false
album_sidecar_track:album|billie holiday|lady in satin@@1@@20@@@@don t explain:album_track_try_harder_no_safe_match:1689286255,apple_music_try_harder_pass_v1,album|billie holiday|lady in satin@@1@@20@@@@don t explain,album_sidecar_track,track,,Don’t Explain,1958,us,album_track_try_harder_no_safe_match,0,0,1689286255,,false
album_sidecar_track:album|black eyed peas|e n d@@1@@1@@@@boom boom pow new:album_track_try_harder_no_safe_match:1440768902,apple_music_try_harder_pass_v1,album|black eyed peas|e n d@@1@@1@@@@boom boom pow new,album_sidecar_track,track,,Boom Boom Pow (new),2009,us,album_track_try_harder_no_safe_match,15,58,1440768902,,false
album_sidecar_track:album|black moon|enta da stage@@1@@11@@@@shit iz real:album_track_try_harder_no_safe_match:1500489652,apple_music_try_harder_pass_v1,album|black moon|enta da stage@@1@@11@@@@shit iz real,album_sidecar_track,track,,Shit Iz Real,1993,us,album_track_try_harder_no_safe_match,3,29,1500489652,,false
album_sidecar_track:album|black moon|enta da stage@@1@@12@@@@enta da stage:album_track_try_harder_no_safe_match:1500489652,apple_music_try_harder_pass_v1,album|black moon|enta da stage@@1@@12@@@@enta da stage,album_sidecar_track,track,,Enta da Stage,1993,us,album_track_try_harder_no_safe_match,3,51,1500489652,,false
album_sidecar_track:album|black moon|enta da stage@@1@@13@@@@how many mc s:album_track_try_harder_no_safe_match:1500489652,apple_music_try_harder_pass_v1,album|black moon|enta da stage@@1@@13@@@@how many mc s,album_sidecar_track,track,,How Many MC’s…,1993,us,album_track_try_harder_no_safe_match,3,51,1500489652,,false
album_sidecar_track:album|black moon|enta da stage@@1@@14@@@@u da man:album_track_try_harder_no_safe_match:1500489652,apple_music_try_harder_pass_v1,album|black moon|enta da stage@@1@@14@@@@u da man,album_sidecar_track,track,,U da Man,1993,us,album_track_try_harder_no_safe_match,3,51,1500489652,,false
album_sidecar_track:album|bloc party|silent alarm@@1@@10@@@@so here we are:album_track_try_harder_no_safe_match:50232347,apple_music_try_harder_pass_v1,album|bloc party|silent alarm@@1@@10@@@@so here we are,album_sidecar_track,track,,So Here We Are,2005,us,album_track_try_harder_no_safe_match,5,51,50232347,,false
album_sidecar_track:album|bloc party|silent alarm@@1@@11@@@@luno:album_track_try_harder_no_safe_match:50232347,apple_music_try_harder_pass_v1,album|bloc party|silent alarm@@1@@11@@@@luno,album_sidecar_track,track,,Luno,2005,us,album_track_try_harder_no_safe_match,5,51,50232347,,false
album_sidecar_track:album|bloc party|silent alarm@@1@@12@@@@plans:album_track_try_harder_no_safe_match:50232347,apple_music_try_harder_pass_v1,album|bloc party|silent alarm@@1@@12@@@@plans,album_sidecar_track,track,,Plans,2005,us,album_track_try_harder_no_safe_match,5,51,50232347,,false
album_sidecar_track:album|bloc party|silent alarm@@1@@13@@@@compliments:album_track_try_harder_no_safe_match:50232347,apple_music_try_harder_pass_v1,album|bloc party|silent alarm@@1@@13@@@@compliments,album_sidecar_track,track,,Compliments,2005,us,album_track_try_harder_no_safe_match,5,51,50232347,,false
album_sidecar_track:album|boyz ii men|cooleyhighharmony@@1@@1@@@@please don t go:album_track_try_harder_no_safe_match:1440776595,apple_music_try_harder_pass_v1,album|boyz ii men|cooleyhighharmony@@1@@1@@@@please don t go,album_sidecar_track,track,,Please Don’t Go,1991,us,album_track_try_harder_no_safe_match,17,51,1440776595,,false
album_sidecar_track:album|boyz ii men|cooleyhighharmony@@1@@10@@@@your love:album_track_try_harder_no_safe_match:1440776595,apple_music_try_harder_pass_v1,album|boyz ii men|cooleyhighharmony@@1@@10@@@@your love,album_sidecar_track,track,,Your Love,1991,us,album_track_try_harder_no_safe_match,17,51,1440776595,,false
album_sidecar_track:album|boyz ii men|cooleyhighharmony@@1@@2@@@@lonely heart:album_track_try_harder_no_safe_match:1440776595,apple_music_try_harder_pass_v1,album|boyz ii men|cooleyhighharmony@@1@@2@@@@lonely heart,album_sidecar_track,track,,Lonely Heart,1991,us,album_track_try_harder_no_safe_match,17,54,1440776595,,false
album_sidecar_track:album|boyz ii men|cooleyhighharmony@@1@@3@@@@this is my heart:album_track_try_harder_no_safe_match:1440776595,apple_music_try_harder_pass_v1,album|boyz ii men|cooleyhighharmony@@1@@3@@@@this is my heart,album_sidecar_track,track,,This Is My Heart,1991,us,album_track_try_harder_no_safe_match,17,53,1440776595,,false
album_sidecar_track:album|boyz ii men|cooleyhighharmony@@1@@4@@@@uhh ahh:album_track_try_harder_no_safe_match:1440776595,apple_music_try_harder_pass_v1,album|boyz ii men|cooleyhighharmony@@1@@4@@@@uhh ahh,album_sidecar_track,track,,Uhh Ahh,1991,us,album_track_try_harder_no_safe_match,17,51,1440776595,,false
album_sidecar_track:album|boyz ii men|cooleyhighharmony@@1@@5@@@@it s so hard to say goodbye to yesterday:album_track_try_harder_no_safe_match:1440776595,apple_music_try_harder_pass_v1,album|boyz ii men|cooleyhighharmony@@1@@5@@@@it s so hard to say goodbye to yesterday,album_sidecar_track,track,,It’s So Hard to Say Goodbye to Yesterday,1991,us,album_track_try_harder_no_safe_match,17,51,1440776595,,false
album_sidecar_track:album|boyz ii men|cooleyhighharmony@@1@@6@@@@motownphilly:album_track_try_harder_no_safe_match:1440776595,apple_music_try_harder_pass_v1,album|boyz ii men|cooleyhighharmony@@1@@6@@@@motownphilly,album_sidecar_track,track,,Motownphilly,1991,us,album_track_try_harder_no_safe_match,17,51,1440776595,,false
album_sidecar_track:album|boyz ii men|cooleyhighharmony@@1@@7@@@@under pressure:album_track_try_harder_no_safe_match:1440776595,apple_music_try_harder_pass_v1,album|boyz ii men|cooleyhighharmony@@1@@7@@@@under pressure,album_sidecar_track,track,,Under Pressure,1991,us,album_track_try_harder_no_safe_match,17,51,1440776595,,false
album_sidecar_track:album|boyz ii men|cooleyhighharmony@@1@@8@@@@sympin:album_track_try_harder_no_safe_match:1440776595,apple_music_try_harder_pass_v1,album|boyz ii men|cooleyhighharmony@@1@@8@@@@sympin,album_sidecar_track,track,,Sympin,1991,us,album_track_try_harder_no_safe_match,17,51,1440776595,,false
album_sidecar_track:album|boyz ii men|cooleyhighharmony@@1@@9@@@@little things:album_track_try_harder_no_safe_match:1440776595,apple_music_try_harder_pass_v1,album|boyz ii men|cooleyhighharmony@@1@@9@@@@little things,album_sidecar_track,track,,Little Things,1991,us,album_track_try_harder_no_safe_match,17,51,1440776595,,false
album_sidecar_track:album|bring me the horizon|sempiternal@@1@@12@@@@join club:album_track_try_harder_no_safe_match:598282638,apple_music_try_harder_pass_v1,album|bring me the horizon|sempiternal@@1@@12@@@@join club,album_sidecar_track,track,,Join the Club,2013,us,album_track_try_harder_no_safe_match,0,0,598282638,,false
album_sidecar_track:album|bring me the horizon|sempiternal@@1@@13@@@@chasing rainbows:album_track_try_harder_no_safe_match:598282638,apple_music_try_harder_pass_v1,album|bring me the horizon|sempiternal@@1@@13@@@@chasing rainbows,album_sidecar_track,track,,Chasing Rainbows,2013,us,album_track_try_harder_no_safe_match,0,0,598282638,,false
album_sidecar_track:album|bring me the horizon|sempiternal@@1@@14@@@@deathbeds:album_track_try_harder_no_safe_match:598282638,apple_music_try_harder_pass_v1,album|bring me the horizon|sempiternal@@1@@14@@@@deathbeds,album_sidecar_track,track,,Deathbeds,2013,us,album_track_try_harder_no_safe_match,0,0,598282638,,false
album_sidecar_track:album|broken social scene|you forgot it in people@@1@@12@@@@i m still your fag:album_track_try_harder_no_safe_match:1442853882,apple_music_try_harder_pass_v1,album|broken social scene|you forgot it in people@@1@@12@@@@i m still your fag,album_sidecar_track,track,,I’m Still Your Fag,2002,us,album_track_try_harder_no_safe_match,2,43,1442853882,,false
album_sidecar_track:album|bronski beat|age of consent@@1@@10@@@@i feel love johnnie remember me:album_track_try_harder_no_safe_match:1760177641,apple_music_try_harder_pass_v1,album|bronski beat|age of consent@@1@@10@@@@i feel love johnnie remember me,album_sidecar_track,track,,I Feel Love / Johnnie Remember Me,1984,us,album_track_try_harder_no_safe_match,1,43,1760177641,,false
album_sidecar_track:album|bronski beat|age of consent@@1@@11@@@@smalltown boy full 12 version:album_track_try_harder_no_safe_match:1760177641,apple_music_try_harder_pass_v1,album|bronski beat|age of consent@@1@@11@@@@smalltown boy full 12 version,album_sidecar_track,track,,Smalltown Boy (full 12″ version),1984,us,album_track_try_harder_no_safe_match,1,-5,1760177641,,false
album_sidecar_track:album|bronski beat|age of consent@@1@@12@@@@why full 12 version:album_track_try_harder_no_safe_match:1760177641,apple_music_try_harder_pass_v1,album|bronski beat|age of consent@@1@@12@@@@why full 12 version,album_sidecar_track,track,,Why? (full 12″ version),1984,us,album_track_try_harder_no_safe_match,1,-5,1760177641,,false
album_sidecar_track:album|bullet for my valentine|scream aim fire@@1@@12@@@@say goodnight acoustic version:album_track_try_harder_no_safe_match:272198989,apple_music_try_harder_pass_v1,album|bullet for my valentine|scream aim fire@@1@@12@@@@say goodnight acoustic version,album_sidecar_track,track,,Say Goodnight (acoustic version),2008,us,album_track_try_harder_no_safe_match,0,0,272198989,,false
album_sidecar_track:album|burna boy|twice as tall@@1@@13@@@@wettin dey sup:album_track_try_harder_no_safe_match:1527514852,apple_music_try_harder_pass_v1,album|burna boy|twice as tall@@1@@13@@@@wettin dey sup,album_sidecar_track,track,,Wettin Dey Sup,2020,us,album_track_try_harder_no_safe_match,3,43,1527514852,,false
album_sidecar_track:album|buzzcocks|singles going steady@@1@@9@@@@what ever happened to:album_track_try_harder_no_safe_match:1458533505,apple_music_try_harder_pass_v1,album|buzzcocks|singles going steady@@1@@9@@@@what ever happened to,album_sidecar_track,track,,What Ever Happened To?,1979,us,album_track_try_harder_no_safe_match,8,43,1458533505,,false
album_sidecar_track:album|byrds|notorious byrd brothers@@1@@10@@@@dolphins smile:album_track_try_harder_no_safe_match:257558067,apple_music_try_harder_pass_v1,album|byrds|notorious byrd brothers@@1@@10@@@@dolphins smile,album_sidecar_track,track,,Dolphins' Smile,1968,us,album_track_try_harder_no_safe_match,8,43,257558067,,false
album_sidecar_track:album|byrds|sweetheart of the rodeo@@1@@1@@@@you ain t going nowhere:album_track_try_harder_no_safe_match:170506766,apple_music_try_harder_pass_v1,album|byrds|sweetheart of the rodeo@@1@@1@@@@you ain t going nowhere,album_sidecar_track,track,,You Ain't Going Nowhere,1968,us,album_track_try_harder_no_safe_match,19,48,170506766,,false
album_sidecar_track:album|calvin harris|18 months@@1@@4@@@@we found love:album_track_try_harder_no_safe_match:1713469222,apple_music_try_harder_pass_v1,album|calvin harris|18 months@@1@@4@@@@we found love,album_sidecar_track,track,,We Found Love,2012,us,album_track_try_harder_no_safe_match,12,55,1713469222,,false
album_sidecar_track:album|camel|mirage@@1@@5@@@@lady fantasy encounter smiles for you lady fantasy:album_track_try_harder_no_safe_match:1443266362,apple_music_try_harder_pass_v1,album|camel|mirage@@1@@5@@@@lady fantasy encounter smiles for you lady fantasy,album_sidecar_track,track,,Lady Fantasy: Encounter / Smiles for You / Lady Fantasy,1974,us,album_track_try_harder_no_safe_match,5,59,1443266362,,false
album_sidecar_track:album|candlebox|candlebox@@1@@9@@@@mothers dream:album_track_try_harder_no_safe_match:300983126,apple_music_try_harder_pass_v1,album|candlebox|candlebox@@1@@9@@@@mothers dream,album_sidecar_track,track,,Mothers Dream,1993,us,album_track_try_harder_no_safe_match,3,43,300983126,,false
album_sidecar_track:album|cannibal corpse|tomb of the mutilated@@1@@7@@@@entrails ripped from a virgin s cunt:album_track_try_harder_no_safe_match:56585354,apple_music_try_harder_pass_v1,album|cannibal corpse|tomb of the mutilated@@1@@7@@@@entrails ripped from a virgin s cunt,album_sidecar_track,track,,Entrails Ripped From a Virgin's Cunt,1992,us,album_track_try_harder_no_safe_match,4,43,56585354,,false
album_sidecar_track:album|cannibal corpse|tomb of the mutilated@@1@@9@@@@beyond cemetery:album_track_try_harder_no_safe_match:56585354,apple_music_try_harder_pass_v1,album|cannibal corpse|tomb of the mutilated@@1@@9@@@@beyond cemetery,album_sidecar_track,track,,Beyond the Cemetery,1992,us,album_track_try_harder_no_safe_match,3,43,56585354,,false
album_sidecar_track:album|capone n noreaga|war report@@1@@12@@@@stay tuned interlude:album_track_try_harder_no_safe_match:1604624690,apple_music_try_harder_pass_v1,album|capone n noreaga|war report@@1@@12@@@@stay tuned interlude,album_sidecar_track,track,,Stay Tuned (interlude),1997,us,album_track_try_harder_no_safe_match,10,39,1604624690,,false
album_sidecar_track:album|capone n noreaga|war report@@1@@15@@@@l a l a kuwait mix by marley marl:album_track_try_harder_no_safe_match:1604624690,apple_music_try_harder_pass_v1,album|capone n noreaga|war report@@1@@15@@@@l a l a kuwait mix by marley marl,album_sidecar_track,track,,"L.A., L.A. (Kuwait mix by Marley Marl)",1997,us,album_track_try_harder_no_safe_match,8,43,1604624690,,false
album_sidecar_track:album|capone n noreaga|war report@@1@@19@@@@closer:album_track_try_harder_no_safe_match:1604624690,apple_music_try_harder_pass_v1,album|capone n noreaga|war report@@1@@19@@@@closer,album_sidecar_track,track,,Closer,1997,us,album_track_try_harder_no_safe_match,5,53,1604624690,,false
album_sidecar_track:album|capone n noreaga|war report@@1@@3@@@@driver s seat:album_track_try_harder_no_safe_match:1604624690,apple_music_try_harder_pass_v1,album|capone n noreaga|war report@@1@@3@@@@driver s seat,album_sidecar_track,track,,Driver's Seat,1997,us,album_track_try_harder_no_safe_match,18,46,1604624690,,false
album_sidecar_track:album|chameleons|script of the bridge@@1@@1@@@@up down escalator there must be something wrong boys:album_track_try_harder_no_safe_match:506784553,apple_music_try_harder_pass_v1,album|chameleons|script of the bridge@@1@@1@@@@up down escalator there must be something wrong boys,album_sidecar_track,track,,Up The Down Escalator (There Must Be Something Wrong Boys),1983,us,album_track_try_harder_no_safe_match,12,44,506784553,,false
album_sidecar_track:album|chameleons|script of the bridge@@1@@2@@@@as high as you can go:album_track_try_harder_no_safe_match:506784553,apple_music_try_harder_pass_v1,album|chameleons|script of the bridge@@1@@2@@@@as high as you can go,album_sidecar_track,track,,As High As You Can Go,1983,us,album_track_try_harder_no_safe_match,12,51,506784553,,false
album_sidecar_track:album|chameleons|script of the bridge@@1@@4@@@@a person isn t safe anywhere these days:album_track_try_harder_no_safe_match:506784553,apple_music_try_harder_pass_v1,album|chameleons|script of the bridge@@1@@4@@@@a person isn t safe anywhere these days,album_sidecar_track,track,,A Person Isn't Safe Anywhere These Days,1983,us,album_track_try_harder_no_safe_match,11,51,506784553,,false
album_sidecar_track:album|chameleons|script of the bridge@@1@@5@@@@don t fall:album_track_try_harder_no_safe_match:506784553,apple_music_try_harder_pass_v1,album|chameleons|script of the bridge@@1@@5@@@@don t fall,album_sidecar_track,track,,Don't Fall,1983,us,album_track_try_harder_no_safe_match,11,56,506784553,,false
album_sidecar_track:album|chameleons|script of the bridge@@1@@6@@@@thursday s child:album_track_try_harder_no_safe_match:506784553,apple_music_try_harder_pass_v1,album|chameleons|script of the bridge@@1@@6@@@@thursday s child,album_sidecar_track,track,,Thursday's Child,1983,us,album_track_try_harder_no_safe_match,11,29,506784553,,false
album_sidecar_track:album|chameleons|script of the bridge@@1@@8@@@@second skin:album_track_try_harder_no_safe_match:506784553,apple_music_try_harder_pass_v1,album|chameleons|script of the bridge@@1@@8@@@@second skin,album_sidecar_track,track,,Second Skin,1983,us,album_track_try_harder_no_safe_match,10,53,506784553,,false
album_sidecar_track:album|chantels|we are the chantels@@1@@1@@@@he s gone:album_track_try_harder_no_safe_match:1873227807,apple_music_try_harder_pass_v1,album|chantels|we are the chantels@@1@@1@@@@he s gone,album_sidecar_track,track,,He’s Gone,1958,us,album_track_try_harder_no_safe_match,12,51,1873227807,,false
album_sidecar_track:album|chantels|we are the chantels@@1@@10@@@@come my little baby:album_track_try_harder_no_safe_match:1873227807,apple_music_try_harder_pass_v1,album|chantels|we are the chantels@@1@@10@@@@come my little baby,album_sidecar_track,track,,Come My Little Baby,1958,us,album_track_try_harder_no_safe_match,12,54,1873227807,,false
album_sidecar_track:album|chantels|we are the chantels@@1@@2@@@@if you try:album_track_try_harder_no_safe_match:1873227807,apple_music_try_harder_pass_v1,album|chantels|we are the chantels@@1@@2@@@@if you try,album_sidecar_track,track,,If You Try,1958,us,album_track_try_harder_no_safe_match,12,51,1873227807,,false
album_sidecar_track:album|chantels|we are the chantels@@1@@3@@@@whoever you are:album_track_try_harder_no_safe_match:1873227807,apple_music_try_harder_pass_v1,album|chantels|we are the chantels@@1@@3@@@@whoever you are,album_sidecar_track,track,,Whoever You Are,1958,us,album_track_try_harder_no_safe_match,12,51,1873227807,,false
album_sidecar_track:album|chantels|we are the chantels@@1@@4@@@@plea:album_track_try_harder_no_safe_match:1873227807,apple_music_try_harder_pass_v1,album|chantels|we are the chantels@@1@@4@@@@plea,album_sidecar_track,track,,The Plea,1958,us,album_track_try_harder_no_safe_match,12,55,1873227807,,false
album_sidecar_track:album|chantels|we are the chantels@@1@@5@@@@maybe:album_track_try_harder_no_safe_match:1873227807,apple_music_try_harder_pass_v1,album|chantels|we are the chantels@@1@@5@@@@maybe,album_sidecar_track,track,,Maybe,1958,us,album_track_try_harder_no_safe_match,12,52,1873227807,,false
album_sidecar_track:album|chantels|we are the chantels@@1@@6@@@@congratulations:album_track_try_harder_no_safe_match:1873227807,apple_music_try_harder_pass_v1,album|chantels|we are the chantels@@1@@6@@@@congratulations,album_sidecar_track,track,,Congratulations,1958,us,album_track_try_harder_no_safe_match,12,53,1873227807,,false
album_sidecar_track:album|chantels|we are the chantels@@1@@7@@@@every night:album_track_try_harder_no_safe_match:1873227807,apple_music_try_harder_pass_v1,album|chantels|we are the chantels@@1@@7@@@@every night,album_sidecar_track,track,,Every Night,1958,us,album_track_try_harder_no_safe_match,12,39,1873227807,,false
album_sidecar_track:album|chantels|we are the chantels@@1@@8@@@@sure of love:album_track_try_harder_no_safe_match:1873227807,apple_music_try_harder_pass_v1,album|chantels|we are the chantels@@1@@8@@@@sure of love,album_sidecar_track,track,,Sure of Love,1958,us,album_track_try_harder_no_safe_match,12,51,1873227807,,false
album_sidecar_track:album|chantels|we are the chantels@@1@@9@@@@i love you so:album_track_try_harder_no_safe_match:1873227807,apple_music_try_harder_pass_v1,album|chantels|we are the chantels@@1@@9@@@@i love you so,album_sidecar_track,track,,I Love You So,1958,us,album_track_try_harder_no_safe_match,12,51,1873227807,,false
album_sidecar_track:album|christopher cross|christopher cross@@1@@10@@@@i really don t know anymore:album_track_try_harder_no_safe_match:1862733668,apple_music_try_harder_pass_v1,album|christopher cross|christopher cross@@1@@10@@@@i really don t know anymore,album_sidecar_track,track,,I Really Don’t Know Anymore,1979,us,album_track_try_harder_no_safe_match,8,55,1862733668,,false
album_sidecar_track:album|christopher cross|christopher cross@@1@@11@@@@minstrel gigolo:album_track_try_harder_no_safe_match:1862733668,apple_music_try_harder_pass_v1,album|christopher cross|christopher cross@@1@@11@@@@minstrel gigolo,album_sidecar_track,track,,Minstrel Gigolo,1979,us,album_track_try_harder_no_safe_match,8,51,1862733668,,false
album_sidecar_track:album|christopher cross|christopher cross@@1@@2@@@@never be same:album_track_try_harder_no_safe_match:1862733668,apple_music_try_harder_pass_v1,album|christopher cross|christopher cross@@1@@2@@@@never be same,album_sidecar_track,track,,Never Be the Same,1979,us,album_track_try_harder_no_safe_match,8,39,1862733668,,false
album_sidecar_track:album|christopher cross|christopher cross@@1@@3@@@@poor shirley beg:album_track_try_harder_no_safe_match:1862733668,apple_music_try_harder_pass_v1,album|christopher cross|christopher cross@@1@@3@@@@poor shirley beg,album_sidecar_track,track,,Poor Shirley (beg.),1979,us,album_track_try_harder_no_safe_match,8,32,1862733668,,false
album_sidecar_track:album|christopher cross|christopher cross@@1@@4@@@@poor shirley concl:album_track_try_harder_no_safe_match:1862733668,apple_music_try_harder_pass_v1,album|christopher cross|christopher cross@@1@@4@@@@poor shirley concl,album_sidecar_track,track,,Poor Shirley (concl.),1979,us,album_track_try_harder_no_safe_match,8,31,1862733668,,false
album_sidecar_track:album|christopher cross|christopher cross@@1@@5@@@@ride like wind:album_track_try_harder_no_safe_match:1862733668,apple_music_try_harder_pass_v1,album|christopher cross|christopher cross@@1@@5@@@@ride like wind,album_sidecar_track,track,,Ride Like the Wind,1979,us,album_track_try_harder_no_safe_match,8,51,1862733668,,false
album_sidecar_track:album|christopher cross|christopher cross@@1@@6@@@@light is on beg:album_track_try_harder_no_safe_match:1862733668,apple_music_try_harder_pass_v1,album|christopher cross|christopher cross@@1@@6@@@@light is on beg,album_sidecar_track,track,,The Light Is On (beg.),1979,us,album_track_try_harder_no_safe_match,8,29,1862733668,,false
album_sidecar_track:album|christopher cross|christopher cross@@1@@7@@@@light is on concl:album_track_try_harder_no_safe_match:1862733668,apple_music_try_harder_pass_v1,album|christopher cross|christopher cross@@1@@7@@@@light is on concl,album_sidecar_track,track,,The Light Is On (concl.),1979,us,album_track_try_harder_no_safe_match,8,53,1862733668,,false
album_sidecar_track:album|christopher cross|christopher cross@@1@@8@@@@spinning:album_track_try_harder_no_safe_match:1862733668,apple_music_try_harder_pass_v1,album|christopher cross|christopher cross@@1@@8@@@@spinning,album_sidecar_track,track,,Spinning,1979,us,album_track_try_harder_no_safe_match,8,54,1862733668,,false
album_sidecar_track:album|christopher cross|christopher cross@@1@@9@@@@sailing:album_track_try_harder_no_safe_match:1862733668,apple_music_try_harder_pass_v1,album|christopher cross|christopher cross@@1@@9@@@@sailing,album_sidecar_track,track,,Sailing,1979,us,album_track_try_harder_no_safe_match,8,51,1862733668,,false
album_sidecar_track:album|chuck berry|after school session@@1@@11@@@@down bound train:album_track_try_harder_no_safe_match:1499703936,apple_music_try_harder_pass_v1,album|chuck berry|after school session@@1@@11@@@@down bound train,album_sidecar_track,track,,Down Bound Train,1957,us,album_track_try_harder_no_safe_match,3,43,1499703936,,false
album_sidecar_track:album|chuck berry|after school session@@1@@9@@@@together we will always be:album_track_try_harder_no_safe_match:1499703936,apple_music_try_harder_pass_v1,album|chuck berry|after school session@@1@@9@@@@together we will always be,album_sidecar_track,track,,Together We Will Always Be,1957,us,album_track_try_harder_no_safe_match,4,43,1499703936,,false
album_sidecar_track:album|chvrches|every open eye@@1@@12@@@@up in arms:album_track_try_harder_no_safe_match:1771710587,apple_music_try_harder_pass_v1,album|chvrches|every open eye@@1@@12@@@@up in arms,album_sidecar_track,track,,Up in Arms,2015,us,album_track_try_harder_no_safe_match,0,0,1771710587,,false
album_sidecar_track:album|clash|london calling@@2@@1@@@@wrong em boyo:album_track_try_harder_no_safe_match:684811762,apple_music_try_harder_pass_v1,album|clash|london calling@@2@@1@@@@wrong em boyo,album_sidecar_track,track,,Wrong ’Em Boyo,1979,us,album_track_try_harder_no_safe_match,9,51,684811762,,false
album_sidecar_track:album|clash|london calling@@2@@2@@@@death or glory:album_track_try_harder_no_safe_match:684811762,apple_music_try_harder_pass_v1,album|clash|london calling@@2@@2@@@@death or glory,album_sidecar_track,track,,Death or Glory,1979,us,album_track_try_harder_no_safe_match,9,51,684811762,,false
album_sidecar_track:album|clash|london calling@@2@@3@@@@koka kola:album_track_try_harder_no_safe_match:684811762,apple_music_try_harder_pass_v1,album|clash|london calling@@2@@3@@@@koka kola,album_sidecar_track,track,,Koka Kola,1979,us,album_track_try_harder_no_safe_match,9,51,684811762,,false
album_sidecar_track:album|clash|london calling@@2@@4@@@@card cheat:album_track_try_harder_no_safe_match:684811762,apple_music_try_harder_pass_v1,album|clash|london calling@@2@@4@@@@card cheat,album_sidecar_track,track,,The Card Cheat,1979,us,album_track_try_harder_no_safe_match,9,47,684811762,,false
album_sidecar_track:album|clash|london calling@@2@@5@@@@lover s rock:album_track_try_harder_no_safe_match:684811762,apple_music_try_harder_pass_v1,album|clash|london calling@@2@@5@@@@lover s rock,album_sidecar_track,track,,Lover’s Rock,1979,us,album_track_try_harder_no_safe_match,9,51,684811762,,false
album_sidecar_track:album|clash|london calling@@2@@6@@@@four horsemen:album_track_try_harder_no_safe_match:684811762,apple_music_try_harder_pass_v1,album|clash|london calling@@2@@6@@@@four horsemen,album_sidecar_track,track,,Four Horsemen,1979,us,album_track_try_harder_no_safe_match,9,51,684811762,,false
album_sidecar_track:album|clash|london calling@@2@@7@@@@i m not down:album_track_try_harder_no_safe_match:684811762,apple_music_try_harder_pass_v1,album|clash|london calling@@2@@7@@@@i m not down,album_sidecar_track,track,,I’m Not Down,1979,us,album_track_try_harder_no_safe_match,9,51,684811762,,false
album_sidecar_track:album|clash|london calling@@2@@8@@@@revolution rock:album_track_try_harder_no_safe_match:684811762,apple_music_try_harder_pass_v1,album|clash|london calling@@2@@8@@@@revolution rock,album_sidecar_track,track,,Revolution Rock,1979,us,album_track_try_harder_no_safe_match,9,51,684811762,,false
album_sidecar_track:album|clash|london calling@@2@@9@@@@train in vain:album_track_try_harder_no_safe_match:684811762,apple_music_try_harder_pass_v1,album|clash|london calling@@2@@9@@@@train in vain,album_sidecar_track,track,,Train in Vain,1979,us,album_track_try_harder_no_safe_match,9,29,684811762,,false
album_sidecar_track:album|cockney rebel|psychomodo@@1@@1@@@@mr soft:album_track_try_harder_no_safe_match:1629177704,apple_music_try_harder_pass_v1,album|cockney rebel|psychomodo@@1@@1@@@@mr soft,album_sidecar_track,track,,Mr. Soft,1974,us,album_track_try_harder_no_safe_match,11,46,1629177704,,false
album_sidecar_track:album|cockney rebel|psychomodo@@1@@2@@@@singular band:album_track_try_harder_no_safe_match:1629177704,apple_music_try_harder_pass_v1,album|cockney rebel|psychomodo@@1@@2@@@@singular band,album_sidecar_track,track,,Singular Band,1974,us,album_track_try_harder_no_safe_match,11,49,1629177704,,false
album_sidecar_track:album|cockney rebel|psychomodo@@1@@3@@@@bed in corner:album_track_try_harder_no_safe_match:1629177704,apple_music_try_harder_pass_v1,album|cockney rebel|psychomodo@@1@@3@@@@bed in corner,album_sidecar_track,track,,Bed in the Corner,1974,us,album_track_try_harder_no_safe_match,11,43,1629177704,,false
album_sidecar_track:album|cockney rebel|psychomodo@@1@@4@@@@sling it:album_track_try_harder_no_safe_match:1629177704,apple_music_try_harder_pass_v1,album|cockney rebel|psychomodo@@1@@4@@@@sling it,album_sidecar_track,track,,Sling It!,1974,us,album_track_try_harder_no_safe_match,11,47,1629177704,,false
album_sidecar_track:album|cockney rebel|psychomodo@@1@@7@@@@sweet dreams:album_track_try_harder_no_safe_match:1629177704,apple_music_try_harder_pass_v1,album|cockney rebel|psychomodo@@1@@7@@@@sweet dreams,album_sidecar_track,track,,Sweet Dreams,1974,us,album_track_try_harder_no_safe_match,9,48,1629177704,,false
album_sidecar_track:album|cockney rebel|psychomodo@@1@@8@@@@psychomodo:album_track_try_harder_no_safe_match:1629177704,apple_music_try_harder_pass_v1,album|cockney rebel|psychomodo@@1@@8@@@@psychomodo,album_sidecar_track,track,,Psychomodo,1974,us,album_track_try_harder_no_safe_match,9,47,1629177704,,false
album_sidecar_track:album|company flow|funcrusher plus@@1@@7@@@@help wanted:album_track_try_harder_no_safe_match:1675275204,apple_music_try_harder_pass_v1,album|company flow|funcrusher plus@@1@@7@@@@help wanted,album_sidecar_track,track,,Help Wanted,1997,us,album_track_try_harder_no_safe_match,13,51,1675275204,,false
album_sidecar_track:album|company flow|funcrusher plus@@1@@8@@@@population control:album_track_try_harder_no_safe_match:1675275204,apple_music_try_harder_pass_v1,album|company flow|funcrusher plus@@1@@8@@@@population control,album_sidecar_track,track,,Population Control,1997,us,album_track_try_harder_no_safe_match,13,51,1675275204,,false
album_sidecar_track:album|company flow|funcrusher plus@@1@@9@@@@lune tns:album_track_try_harder_no_safe_match:1675275204,apple_music_try_harder_pass_v1,album|company flow|funcrusher plus@@1@@9@@@@lune tns,album_sidecar_track,track,,Lune TNS,1997,us,album_track_try_harder_no_safe_match,13,51,1675275204,,false
album_sidecar_track:album|compton s most wanted|music to driveby@@1@@13@@@@niggaz strugglin:album_track_try_harder_no_safe_match:277666953,apple_music_try_harder_pass_v1,album|compton s most wanted|music to driveby@@1@@13@@@@niggaz strugglin,album_sidecar_track,track,,Niggaz Strugglin,1992,us,album_track_try_harder_no_safe_match,6,43,277666953,,false
album_sidecar_track:album|cranberries|no need to argue@@1@@11@@@@yeat s grave:album_track_try_harder_no_safe_match:1828830621,apple_music_try_harder_pass_v1,album|cranberries|no need to argue@@1@@11@@@@yeat s grave,album_sidecar_track,track,,Yeat’s Grave,1994,us,album_track_try_harder_no_safe_match,3,39,1828830621,,false
album_sidecar_track:album|cream|wheels of fire@@2@@1@@@@crossroads:album_track_try_harder_no_safe_match:1440830708,apple_music_try_harder_pass_v1,album|cream|wheels of fire@@2@@1@@@@crossroads,album_sidecar_track,track,,Crossroads,1968,us,album_track_try_harder_no_safe_match,5,33,1440830708,,false
album_sidecar_track:album|cream|wheels of fire@@2@@2@@@@spoonful:album_track_try_harder_no_safe_match:1440830708,apple_music_try_harder_pass_v1,album|cream|wheels of fire@@2@@2@@@@spoonful,album_sidecar_track,track,,Spoonful,1968,us,album_track_try_harder_no_safe_match,5,33,1440830708,,false
album_sidecar_track:album|cream|wheels of fire@@2@@3@@@@traintime:album_track_try_harder_no_safe_match:1440830708,apple_music_try_harder_pass_v1,album|cream|wheels of fire@@2@@3@@@@traintime,album_sidecar_track,track,,Traintime,1968,us,album_track_try_harder_no_safe_match,5,33,1440830708,,false
album_sidecar_track:album|cream|wheels of fire@@2@@4@@@@toad:album_track_try_harder_no_safe_match:1440830708,apple_music_try_harder_pass_v1,album|cream|wheels of fire@@2@@4@@@@toad,album_sidecar_track,track,,Toad,1968,us,album_track_try_harder_no_safe_match,5,33,1440830708,,false
album_sidecar_track:album|crystals|he s a rebel@@1@@3@@@@another country another town:album_track_try_harder_no_safe_match:518081032,apple_music_try_harder_pass_v1,album|crystals|he s a rebel@@1@@3@@@@another country another town,album_sidecar_track,track,,Another Country-Another Town,1963,us,album_track_try_harder_no_safe_match,10,46,518081032,,false
album_sidecar_track:album|crystals|he s a rebel@@1@@9@@@@what a nice way to turn seventeen:album_track_try_harder_no_safe_match:518081032,apple_music_try_harder_pass_v1,album|crystals|he s a rebel@@1@@9@@@@what a nice way to turn seventeen,album_sidecar_track,track,,What a Nice Way to Turn Seventeen,1963,us,album_track_try_harder_no_safe_match,5,43,518081032,,false
album_sidecar_track:album|d banj|entertainer@@1@@7@@@@gbelo gbelo:album_track_try_harder_no_safe_match:1636949442,apple_music_try_harder_pass_v1,album|d banj|entertainer@@1@@7@@@@gbelo gbelo,album_sidecar_track,track,,Gbelo Gbelo,2008,us,album_track_try_harder_no_safe_match,4,29,1636949442,,false
album_sidecar_track:album|d banj|entertainer@@1@@9@@@@if i dey crase:album_track_try_harder_no_safe_match:1636949442,apple_music_try_harder_pass_v1,album|d banj|entertainer@@1@@9@@@@if i dey crase,album_sidecar_track,track,,If I Dey Crase,2008,us,album_track_try_harder_no_safe_match,3,29,1636949442,,false
album_sidecar_track:album|daddy yankee|barrio fino@@1@@22@@@@sabor a melao salsa mix:album_track_try_harder_no_safe_match:1785999696,apple_music_try_harder_pass_v1,album|daddy yankee|barrio fino@@1@@22@@@@sabor a melao salsa mix,album_sidecar_track,track,,Sabor a melao (salsa mix),2004,us,album_track_try_harder_no_safe_match,2,43,1785999696,,false
album_sidecar_track:album|daddy yankee|barrio fino@@1@@23@@@@lo que paso paso bachata mix:album_track_try_harder_no_safe_match:1785999696,apple_music_try_harder_pass_v1,album|daddy yankee|barrio fino@@1@@23@@@@lo que paso paso bachata mix,album_sidecar_track,track,,"Lo que pasó, pasó (bachata mix)",2004,us,album_track_try_harder_no_safe_match,2,43,1785999696,,false
album_sidecar_track:album|daft punk|homework@@1@@2@@@@wdpk 83 7 fm:album_track_try_harder_no_safe_match:696884422,apple_music_try_harder_pass_v1,album|daft punk|homework@@1@@2@@@@wdpk 83 7 fm,album_sidecar_track,track,,WDPK 83.7 FM,1997,us,album_track_try_harder_no_safe_match,15,47,696884422,,false
album_sidecar_track:album|daft punk|homework@@1@@5@@@@ph nix:album_track_try_harder_no_safe_match:696884422,apple_music_try_harder_pass_v1,album|daft punk|homework@@1@@5@@@@ph nix,album_sidecar_track,track,,Phœnix,1997,us,album_track_try_harder_no_safe_match,13,44,696884422,,false
album_sidecar_track:album|damned|damned damned damned@@1@@5@@@@stab your back:album_track_try_harder_no_safe_match:1439808377,apple_music_try_harder_pass_v1,album|damned|damned damned damned@@1@@5@@@@stab your back,album_sidecar_track,track,,Stab Your Back,1977,us,album_track_try_harder_no_safe_match,8,44,1439808377,,false
album_sidecar_track:album|damned|machine gun etiquette@@1@@11@@@@smash it up part i:album_track_try_harder_no_safe_match:1621373741,apple_music_try_harder_pass_v1,album|damned|machine gun etiquette@@1@@11@@@@smash it up part i,album_sidecar_track,track,,"Smash It Up, Part I",1979,us,album_track_try_harder_no_safe_match,1,29,1621373741,,false
album_sidecar_track:album|damned|machine gun etiquette@@1@@12@@@@smash it up part ii:album_track_try_harder_no_safe_match:1621373741,apple_music_try_harder_pass_v1,album|damned|machine gun etiquette@@1@@12@@@@smash it up part ii,album_sidecar_track,track,,"Smash It Up, Part II",1979,us,album_track_try_harder_no_safe_match,1,-5,1621373741,,false
album_sidecar_track:album|danny elfman|nightmare before christmas@@1@@21@@@@bonus theme montage:album_track_try_harder_no_safe_match:1440662430,apple_music_try_harder_pass_v1,album|danny elfman|nightmare before christmas@@1@@21@@@@bonus theme montage,album_sidecar_track,track,,Bonus Theme Montage,1993,us,album_track_try_harder_no_safe_match,9,29,1440662430,,false
album_sidecar_track:album|darius rucker|true believers@@1@@13@@@@your cheatin heart:album_track_try_harder_no_safe_match:1469411292,apple_music_try_harder_pass_v1,album|darius rucker|true believers@@1@@13@@@@your cheatin heart,album_sidecar_track,track,,Your Cheatin' Heart,2013,us,album_track_try_harder_no_safe_match,0,0,1469411292,,false
album_sidecar_track:album|darius rucker|true believers@@1@@14@@@@one tequila:album_track_try_harder_no_safe_match:1469411292,apple_music_try_harder_pass_v1,album|darius rucker|true believers@@1@@14@@@@one tequila,album_sidecar_track,track,,One Tequila,2013,us,album_track_try_harder_no_safe_match,0,0,1469411292,,false
album_sidecar_track:album|darius rucker|true believers@@1@@15@@@@only wanna be with you:album_track_try_harder_no_safe_match:1469411292,apple_music_try_harder_pass_v1,album|darius rucker|true believers@@1@@15@@@@only wanna be with you,album_sidecar_track,track,,Only Wanna Be With You,2013,us,album_track_try_harder_no_safe_match,0,0,1469411292,,false
album_sidecar_track:album|dave van ronk|folksinger@@1@@1@@@@samson and delilah:album_track_try_harder_no_safe_match:1440947180,apple_music_try_harder_pass_v1,album|dave van ronk|folksinger@@1@@1@@@@samson and delilah,album_sidecar_track,track,,Samson and Delilah,1962,us,album_track_try_harder_no_safe_match,13,48,1440947180,,false
album_sidecar_track:album|dave van ronk|folksinger@@1@@10@@@@stackalee:album_track_try_harder_no_safe_match:1440947180,apple_music_try_harder_pass_v1,album|dave van ronk|folksinger@@1@@10@@@@stackalee,album_sidecar_track,track,,Stackalee,1962,us,album_track_try_harder_no_safe_match,13,29,1440947180,,false
album_sidecar_track:album|dave van ronk|folksinger@@1@@11@@@@mr noah:album_track_try_harder_no_safe_match:1440947180,apple_music_try_harder_pass_v1,album|dave van ronk|folksinger@@1@@11@@@@mr noah,album_sidecar_track,track,,Mr. Noah,1962,us,album_track_try_harder_no_safe_match,13,53,1440947180,,false
album_sidecar_track:album|dave van ronk|folksinger@@1@@12@@@@come back baby:album_track_try_harder_no_safe_match:1440947180,apple_music_try_harder_pass_v1,album|dave van ronk|folksinger@@1@@12@@@@come back baby,album_sidecar_track,track,,Come Back Baby,1962,us,album_track_try_harder_no_safe_match,13,52,1440947180,,false
album_sidecar_track:album|dave van ronk|folksinger@@1@@13@@@@poor lazarus:album_track_try_harder_no_safe_match:1440947180,apple_music_try_harder_pass_v1,album|dave van ronk|folksinger@@1@@13@@@@poor lazarus,album_sidecar_track,track,,Poor Lazarus,1962,us,album_track_try_harder_no_safe_match,13,47,1440947180,,false
album_sidecar_track:album|dave van ronk|folksinger@@1@@2@@@@cocaine blues:album_track_try_harder_no_safe_match:1440947180,apple_music_try_harder_pass_v1,album|dave van ronk|folksinger@@1@@2@@@@cocaine blues,album_sidecar_track,track,,Cocaine Blues,1962,us,album_track_try_harder_no_safe_match,13,51,1440947180,,false
album_sidecar_track:album|dave van ronk|folksinger@@1@@3@@@@you ve been a good old wagon:album_track_try_harder_no_safe_match:1440947180,apple_music_try_harder_pass_v1,album|dave van ronk|folksinger@@1@@3@@@@you ve been a good old wagon,album_sidecar_track,track,,You've Been a Good Old Wagon,1962,us,album_track_try_harder_no_safe_match,13,47,1440947180,,false
album_sidecar_track:album|dave van ronk|folksinger@@1@@4@@@@fixin to die:album_track_try_harder_no_safe_match:1440947180,apple_music_try_harder_pass_v1,album|dave van ronk|folksinger@@1@@4@@@@fixin to die,album_sidecar_track,track,,Fixin' to Die,1962,us,album_track_try_harder_no_safe_match,13,51,1440947180,,false
album_sidecar_track:album|dave van ronk|folksinger@@1@@5@@@@hang me oh hang me:album_track_try_harder_no_safe_match:1440947180,apple_music_try_harder_pass_v1,album|dave van ronk|folksinger@@1@@5@@@@hang me oh hang me,album_sidecar_track,track,,"Hang Me, Oh Hang Me",1962,us,album_track_try_harder_no_safe_match,13,51,1440947180,,false
album_sidecar_track:album|dave van ronk|folksinger@@1@@6@@@@long john:album_track_try_harder_no_safe_match:1440947180,apple_music_try_harder_pass_v1,album|dave van ronk|folksinger@@1@@6@@@@long john,album_sidecar_track,track,,Long John,1962,us,album_track_try_harder_no_safe_match,13,51,1440947180,,false
album_sidecar_track:album|dave van ronk|folksinger@@1@@7@@@@chicken is nice:album_track_try_harder_no_safe_match:1440947180,apple_music_try_harder_pass_v1,album|dave van ronk|folksinger@@1@@7@@@@chicken is nice,album_sidecar_track,track,,Chicken Is Nice,1962,us,album_track_try_harder_no_safe_match,13,51,1440947180,,false
album_sidecar_track:album|dave van ronk|folksinger@@1@@8@@@@he was a friend of mine:album_track_try_harder_no_safe_match:1440947180,apple_music_try_harder_pass_v1,album|dave van ronk|folksinger@@1@@8@@@@he was a friend of mine,album_sidecar_track,track,,He Was a Friend of Mine,1962,us,album_track_try_harder_no_safe_match,13,56,1440947180,,false
album_sidecar_track:album|dave van ronk|folksinger@@1@@9@@@@motherless children:album_track_try_harder_no_safe_match:1440947180,apple_music_try_harder_pass_v1,album|dave van ronk|folksinger@@1@@9@@@@motherless children,album_sidecar_track,track,,Motherless Children,1962,us,album_track_try_harder_no_safe_match,13,37,1440947180,,false
album_sidecar_track:album|dave van ronk|inside dave van ronk@@1@@2@@@@cruel ships captain:album_track_try_harder_no_safe_match:6771126039,apple_music_try_harder_pass_v1,album|dave van ronk|inside dave van ronk@@1@@2@@@@cruel ships captain,album_sidecar_track,track,,The Cruel Ships' Captain,1964,us,album_track_try_harder_no_safe_match,11,43,6771126039,,false
album_sidecar_track:album|dave van ronk|inside dave van ronk@@1@@4@@@@talkin cancer blues:album_track_try_harder_no_safe_match:6771126039,apple_music_try_harder_pass_v1,album|dave van ronk|inside dave van ronk@@1@@4@@@@talkin cancer blues,album_sidecar_track,track,,Talkin' Cancer Blues,1964,us,album_track_try_harder_no_safe_match,10,45,6771126039,,false
album_sidecar_track:album|davido|timeless@@1@@6@@@@bop:album_track_try_harder_no_safe_match:1675379314,apple_music_try_harder_pass_v1,album|davido|timeless@@1@@6@@@@bop,album_sidecar_track,track,,BOP,2023,us,album_track_try_harder_no_safe_match,12,43,1675379314,,false
album_sidecar_track:album|dc talk|jesus freak@@1@@13@@@@alas my love:album_track_try_harder_no_safe_match:1440837022,apple_music_try_harder_pass_v1,album|dc talk|jesus freak@@1@@13@@@@alas my love,album_sidecar_track,track,,Alas My Love,1995,us,album_track_try_harder_no_safe_match,2,33,1440837022,,false
album_sidecar_track:album|de la soul|3 feet high and rising@@1@@24@@@@plug tunin original 12 version:album_track_try_harder_no_safe_match:1657705063,apple_music_try_harder_pass_v1,album|de la soul|3 feet high and rising@@1@@24@@@@plug tunin original 12 version,album_sidecar_track,track,,Plug Tunin’ (original 12″ version),1989,us,album_track_try_harder_no_safe_match,1,-3,1657705063,,false
album_sidecar_track:album|de la soul|3 feet high and rising@@1@@4@@@@cool breeze on rocks:album_track_try_harder_no_safe_match:1657705063,apple_music_try_harder_pass_v1,album|de la soul|3 feet high and rising@@1@@4@@@@cool breeze on rocks,album_sidecar_track,track,,Cool Breeze on the Rocks,1989,us,album_track_try_harder_no_safe_match,20,55,1657705063,,false
album_sidecar_track:album|de la soul|de la soul is dead@@1@@17@@@@skit 3:album_track_try_harder_no_safe_match:1673848395,apple_music_try_harder_pass_v1,album|de la soul|de la soul is dead@@1@@17@@@@skit 3,album_sidecar_track,track,,Skit 3,1991,us,album_track_try_harder_no_safe_match,12,51,1673848395,,false
album_sidecar_track:album|de la soul|de la soul is dead@@1@@18@@@@kicked out house:album_track_try_harder_no_safe_match:1673848395,apple_music_try_harder_pass_v1,album|de la soul|de la soul is dead@@1@@18@@@@kicked out house,album_sidecar_track,track,,Kicked Out the House,1991,us,album_track_try_harder_no_safe_match,12,51,1673848395,,false
album_sidecar_track:album|de la soul|de la soul is dead@@1@@19@@@@pass plugs:album_track_try_harder_no_safe_match:1673848395,apple_music_try_harder_pass_v1,album|de la soul|de la soul is dead@@1@@19@@@@pass plugs,album_sidecar_track,track,,Pass the Plugs,1991,us,album_track_try_harder_no_safe_match,12,51,1673848395,,false
album_sidecar_track:album|de la soul|de la soul is dead@@1@@20@@@@not over till fat lady plays demo:album_track_try_harder_no_safe_match:1673848395,apple_music_try_harder_pass_v1,album|de la soul|de la soul is dead@@1@@20@@@@not over till fat lady plays demo,album_sidecar_track,track,,Not Over Till the Fat Lady Plays the Demo,1991,us,album_track_try_harder_no_safe_match,12,51,1673848395,,false
album_sidecar_track:album|de la soul|de la soul is dead@@1@@21@@@@ring ring ring ha ha hey:album_track_try_harder_no_safe_match:1673848395,apple_music_try_harder_pass_v1,album|de la soul|de la soul is dead@@1@@21@@@@ring ring ring ha ha hey,album_sidecar_track,track,,Ring Ring Ring (Ha Ha Hey),1991,us,album_track_try_harder_no_safe_match,12,51,1673848395,,false
album_sidecar_track:album|de la soul|de la soul is dead@@1@@22@@@@wrms cat s in control:album_track_try_harder_no_safe_match:1673848395,apple_music_try_harder_pass_v1,album|de la soul|de la soul is dead@@1@@22@@@@wrms cat s in control,album_sidecar_track,track,,WRMS: Cat’s in Control,1991,us,album_track_try_harder_no_safe_match,12,51,1673848395,,false
album_sidecar_track:album|de la soul|de la soul is dead@@1@@23@@@@skit 4:album_track_try_harder_no_safe_match:1673848395,apple_music_try_harder_pass_v1,album|de la soul|de la soul is dead@@1@@23@@@@skit 4,album_sidecar_track,track,,Skit 4,1991,us,album_track_try_harder_no_safe_match,12,51,1673848395,,false
album_sidecar_track:album|de la soul|de la soul is dead@@1@@24@@@@shwingalokate:album_track_try_harder_no_safe_match:1673848395,apple_music_try_harder_pass_v1,album|de la soul|de la soul is dead@@1@@24@@@@shwingalokate,album_sidecar_track,track,,Shwingalokate,1991,us,album_track_try_harder_no_safe_match,12,51,1673848395,,false
album_sidecar_track:album|de la soul|de la soul is dead@@1@@25@@@@fanatic of b word:album_track_try_harder_no_safe_match:1673848395,apple_music_try_harder_pass_v1,album|de la soul|de la soul is dead@@1@@25@@@@fanatic of b word,album_sidecar_track,track,,Fanatic of the B Word,1991,us,album_track_try_harder_no_safe_match,12,33,1673848395,,false
album_sidecar_track:album|de la soul|de la soul is dead@@1@@26@@@@keepin faith:album_track_try_harder_no_safe_match:1673848395,apple_music_try_harder_pass_v1,album|de la soul|de la soul is dead@@1@@26@@@@keepin faith,album_sidecar_track,track,,Keepin’ the Faith,1991,us,album_track_try_harder_no_safe_match,12,51,1673848395,,false
album_sidecar_track:album|de la soul|de la soul is dead@@1@@6@@@@johnny s dead a k a vincent mason live from bk lounge:album_track_try_harder_no_safe_match:1673848395,apple_music_try_harder_pass_v1,album|de la soul|de la soul is dead@@1@@6@@@@johnny s dead a k a vincent mason live from bk lounge,album_sidecar_track,track,,Johnny’s Dead a.k.a. Vincent Mason (live from the BK Lounge),1991,us,album_track_try_harder_no_safe_match,22,43,1673848395,,false
album_sidecar_track:album|de la soul|stakes is high@@1@@10@@@@betta listen:album_track_try_harder_no_safe_match:1664600863,apple_music_try_harder_pass_v1,album|de la soul|stakes is high@@1@@10@@@@betta listen,album_sidecar_track,track,,Betta Listen,1996,us,album_track_try_harder_no_safe_match,16,51,1664600863,,false
album_sidecar_track:album|de la soul|stakes is high@@1@@11@@@@itzsoweezee hot:album_track_try_harder_no_safe_match:1664600863,apple_music_try_harder_pass_v1,album|de la soul|stakes is high@@1@@11@@@@itzsoweezee hot,album_sidecar_track,track,,Itzsoweezee (Hot),1996,us,album_track_try_harder_no_safe_match,16,34,1664600863,,false
album_sidecar_track:album|de la soul|stakes is high@@1@@12@@@@4 more:album_track_try_harder_no_safe_match:1664600863,apple_music_try_harder_pass_v1,album|de la soul|stakes is high@@1@@12@@@@4 more,album_sidecar_track,track,,4 More,1996,us,album_track_try_harder_no_safe_match,16,33,1664600863,,false
album_sidecar_track:album|de la soul|stakes is high@@1@@13@@@@big brother beat:album_track_try_harder_no_safe_match:1664600863,apple_music_try_harder_pass_v1,album|de la soul|stakes is high@@1@@13@@@@big brother beat,album_sidecar_track,track,,Big Brother Beat,1996,us,album_track_try_harder_no_safe_match,16,33,1664600863,,false
album_sidecar_track:album|de la soul|stakes is high@@1@@14@@@@down syndrome:album_track_try_harder_no_safe_match:1664600863,apple_music_try_harder_pass_v1,album|de la soul|stakes is high@@1@@14@@@@down syndrome,album_sidecar_track,track,,Down Syndrome,1996,us,album_track_try_harder_no_safe_match,16,51,1664600863,,false
album_sidecar_track:album|de la soul|stakes is high@@1@@15@@@@pony ride:album_track_try_harder_no_safe_match:1664600863,apple_music_try_harder_pass_v1,album|de la soul|stakes is high@@1@@15@@@@pony ride,album_sidecar_track,track,,Pony Ride,1996,us,album_track_try_harder_no_safe_match,16,33,1664600863,,false
album_sidecar_track:album|de la soul|stakes is high@@1@@16@@@@stakes is high:album_track_try_harder_no_safe_match:1664600863,apple_music_try_harder_pass_v1,album|de la soul|stakes is high@@1@@16@@@@stakes is high,album_sidecar_track,track,,Stakes Is High,1996,us,album_track_try_harder_no_safe_match,16,51,1664600863,,false
album_sidecar_track:album|de la soul|stakes is high@@1@@17@@@@sunshine:album_track_try_harder_no_safe_match:1664600863,apple_music_try_harder_pass_v1,album|de la soul|stakes is high@@1@@17@@@@sunshine,album_sidecar_track,track,,Sunshine,1996,us,album_track_try_harder_no_safe_match,16,51,1664600863,,false
album_sidecar_track:album|de la soul|stakes is high@@1@@3@@@@bizness:album_track_try_harder_no_safe_match:1664600863,apple_music_try_harder_pass_v1,album|de la soul|stakes is high@@1@@3@@@@bizness,album_sidecar_track,track,,The Bizness,1996,us,album_track_try_harder_no_safe_match,16,56,1664600863,,false
album_sidecar_track:album|de la soul|stakes is high@@1@@4@@@@wonce again long island:album_track_try_harder_no_safe_match:1664600863,apple_music_try_harder_pass_v1,album|de la soul|stakes is high@@1@@4@@@@wonce again long island,album_sidecar_track,track,,Wonce Again Long Island,1996,us,album_track_try_harder_no_safe_match,16,52,1664600863,,false
album_sidecar_track:album|de la soul|stakes is high@@1@@5@@@@dinninit:album_track_try_harder_no_safe_match:1664600863,apple_music_try_harder_pass_v1,album|de la soul|stakes is high@@1@@5@@@@dinninit,album_sidecar_track,track,,Dinninit,1996,us,album_track_try_harder_no_safe_match,16,51,1664600863,,false
album_sidecar_track:album|de la soul|stakes is high@@1@@6@@@@brakes:album_track_try_harder_no_safe_match:1664600863,apple_music_try_harder_pass_v1,album|de la soul|stakes is high@@1@@6@@@@brakes,album_sidecar_track,track,,Brakes,1996,us,album_track_try_harder_no_safe_match,16,51,1664600863,,false
album_sidecar_track:album|de la soul|stakes is high@@1@@7@@@@dog eat dog:album_track_try_harder_no_safe_match:1664600863,apple_music_try_harder_pass_v1,album|de la soul|stakes is high@@1@@7@@@@dog eat dog,album_sidecar_track,track,,Dog Eat Dog,1996,us,album_track_try_harder_no_safe_match,16,51,1664600863,,false
album_sidecar_track:album|de la soul|stakes is high@@1@@8@@@@baby baby baby baby ooh baby:album_track_try_harder_no_safe_match:1664600863,apple_music_try_harder_pass_v1,album|de la soul|stakes is high@@1@@8@@@@baby baby baby baby ooh baby,album_sidecar_track,track,,Baby Baby Baby Baby Ooh Baby,1996,us,album_track_try_harder_no_safe_match,16,33,1664600863,,false
album_sidecar_track:album|de la soul|stakes is high@@1@@9@@@@long island degrees:album_track_try_harder_no_safe_match:1664600863,apple_music_try_harder_pass_v1,album|de la soul|stakes is high@@1@@9@@@@long island degrees,album_sidecar_track,track,,Long Island Degrees,1996,us,album_track_try_harder_no_safe_match,16,51,1664600863,,false
album_sidecar_track:album|dead boys|young loud and snotty@@1@@5@@@@ain t nothin to do:album_track_try_harder_no_safe_match:268497356,apple_music_try_harder_pass_v1,album|dead boys|young loud and snotty@@1@@5@@@@ain t nothin to do,album_sidecar_track,track,,Ain’t Nothin’ to Do,1977,us,album_track_try_harder_no_safe_match,7,30,268497356,,false
album_sidecar_track:album|deadmau5|random album title@@1@@10@@@@not exactly:album_track_try_harder_no_safe_match:1821960341,apple_music_try_harder_pass_v1,album|deadmau5|random album title@@1@@10@@@@not exactly,album_sidecar_track,track,,Not Exactly,2008,us,album_track_try_harder_no_safe_match,3,51,1821960341,,false
album_sidecar_track:album|deadmau5|random album title@@1@@11@@@@arguru:album_track_try_harder_no_safe_match:1821960341,apple_music_try_harder_pass_v1,album|deadmau5|random album title@@1@@11@@@@arguru,album_sidecar_track,track,,Arguru,2008,us,album_track_try_harder_no_safe_match,3,51,1821960341,,false
album_sidecar_track:album|deadmau5|random album title@@1@@12@@@@so there i was:album_track_try_harder_no_safe_match:1821960341,apple_music_try_harder_pass_v1,album|deadmau5|random album title@@1@@12@@@@so there i was,album_sidecar_track,track,,So There I Was,2008,us,album_track_try_harder_no_safe_match,3,51,1821960341,,false
album_sidecar_track:album|deadmau5|random album title@@1@@8@@@@faxing berlin piano acoustica version:album_track_try_harder_no_safe_match:1821960341,apple_music_try_harder_pass_v1,album|deadmau5|random album title@@1@@8@@@@faxing berlin piano acoustica version,album_sidecar_track,track,,Faxing Berlin (Piano Acoustica version),2008,us,album_track_try_harder_no_safe_match,3,29,1821960341,,false
album_sidecar_track:album|deadmau5|random album title@@1@@9@@@@faxing berlin:album_track_try_harder_no_safe_match:1821960341,apple_music_try_harder_pass_v1,album|deadmau5|random album title@@1@@9@@@@faxing berlin,album_sidecar_track,track,,Faxing Berlin,2008,us,album_track_try_harder_no_safe_match,3,29,1821960341,,false
album_sidecar_track:album|death cab for cutie|plans@@1@@12@@@@start again:album_track_try_harder_no_safe_match:966379289,apple_music_try_harder_pass_v1,album|death cab for cutie|plans@@1@@12@@@@start again,album_sidecar_track,track,,Start Again,2005,us,album_track_try_harder_no_safe_match,0,0,966379289,,false
album_sidecar_track:album|death grips|money store@@1@@11@@@@fuck that:album_track_try_harder_no_safe_match:515449028,apple_music_try_harder_pass_v1,album|death grips|money store@@1@@11@@@@fuck that,album_sidecar_track,track,,Fuck That,2012,us,album_track_try_harder_no_safe_match,3,43,515449028,,false
album_sidecar_track:album|death|scream bloody gore@@1@@11@@@@beyond unholy grave:album_track_try_harder_no_safe_match:369043988,apple_music_try_harder_pass_v1,album|death|scream bloody gore@@1@@11@@@@beyond unholy grave,album_sidecar_track,track,,Beyond the Unholy Grave,1987,us,album_track_try_harder_no_safe_match,0,0,369043988,,false
album_sidecar_track:album|death|scream bloody gore@@1@@12@@@@land of no return:album_track_try_harder_no_safe_match:369043988,apple_music_try_harder_pass_v1,album|death|scream bloody gore@@1@@12@@@@land of no return,album_sidecar_track,track,,Land of No Return,1987,us,album_track_try_harder_no_safe_match,0,0,369043988,,false
album_sidecar_track:album|decemberists|crane wife@@2@@1@@@@hurdles even here:album_track_try_harder_no_safe_match:1044305402,apple_music_try_harder_pass_v1,album|decemberists|crane wife@@2@@1@@@@hurdles even here,album_sidecar_track,track,,Hurdles Even Here,2006,us,album_track_try_harder_no_safe_match,2,5,1044305402,,false
album_sidecar_track:album|decemberists|crane wife@@2@@2@@@@perfect crime 1 day i knew you d not come back:album_track_try_harder_no_safe_match:1044305402,apple_music_try_harder_pass_v1,album|decemberists|crane wife@@2@@2@@@@perfect crime 1 day i knew you d not come back,album_sidecar_track,track,,The Perfect Crime #1 / The Day I Knew You’d Not Come Back,2006,us,album_track_try_harder_no_safe_match,2,-5,1044305402,,false
album_sidecar_track:album|default|fallout@@1@@12@@@@blind:album_track_try_harder_no_safe_match:311284334,apple_music_try_harder_pass_v1,album|default|fallout@@1@@12@@@@blind,album_sidecar_track,track,,Blind,2001,us,album_track_try_harder_no_safe_match,0,0,311284334,,false
album_sidecar_track:album|default|fallout@@1@@13@@@@deny acoustic:album_track_try_harder_no_safe_match:311284334,apple_music_try_harder_pass_v1,album|default|fallout@@1@@13@@@@deny acoustic,album_sidecar_track,track,,Deny (acoustic),2001,us,album_track_try_harder_no_safe_match,0,0,311284334,,false
album_sidecar_track:album|default|fallout@@1@@14@@@@wasting my time acoustic:album_track_try_harder_no_safe_match:311284334,apple_music_try_harder_pass_v1,album|default|fallout@@1@@14@@@@wasting my time acoustic,album_sidecar_track,track,,Wasting My Time (acoustic),2001,us,album_track_try_harder_no_safe_match,0,0,311284334,,false
album_sidecar_track:album|deftones|around the fur@@1@@10@@@@mx bong hit damone:album_track_try_harder_no_safe_match:1099843198,apple_music_try_harder_pass_v1,album|deftones|around the fur@@1@@10@@@@mx bong hit damone,album_sidecar_track,track,,MX / Bong Hit / Damone,1997,us,album_track_try_harder_no_safe_match,1,43,1099843198,,false
album_sidecar_track:album|deftones|white pony@@1@@1@@@@feiticeira:album_track_try_harder_no_safe_match:1099848709,apple_music_try_harder_pass_v1,album|deftones|white pony@@1@@1@@@@feiticeira,album_sidecar_track,track,,Feiticeira,2000,us,album_track_try_harder_no_safe_match,12,55,1099848709,,false
album_sidecar_track:album|deftones|white pony@@1@@10@@@@change in house of flies:album_track_try_harder_no_safe_match:1099848709,apple_music_try_harder_pass_v1,album|deftones|white pony@@1@@10@@@@change in house of flies,album_sidecar_track,track,,Change (In the House of Flies),2000,us,album_track_try_harder_no_safe_match,12,51,1099848709,,false
album_sidecar_track:album|deftones|white pony@@1@@11@@@@pink maggit:album_track_try_harder_no_safe_match:1099848709,apple_music_try_harder_pass_v1,album|deftones|white pony@@1@@11@@@@pink maggit,album_sidecar_track,track,,Pink Maggit,2000,us,album_track_try_harder_no_safe_match,12,51,1099848709,,false
album_sidecar_track:album|deftones|white pony@@1@@12@@@@boy s republic:album_track_try_harder_no_safe_match:1099848709,apple_music_try_harder_pass_v1,album|deftones|white pony@@1@@12@@@@boy s republic,album_sidecar_track,track,,The Boy’s Republic,2000,us,album_track_try_harder_no_safe_match,12,29,1099848709,,false
album_sidecar_track:album|deftones|white pony@@1@@2@@@@digital bath:album_track_try_harder_no_safe_match:1099848709,apple_music_try_harder_pass_v1,album|deftones|white pony@@1@@2@@@@digital bath,album_sidecar_track,track,,Digital Bath,2000,us,album_track_try_harder_no_safe_match,12,54,1099848709,,false
album_sidecar_track:album|deftones|white pony@@1@@3@@@@elite:album_track_try_harder_no_safe_match:1099848709,apple_music_try_harder_pass_v1,album|deftones|white pony@@1@@3@@@@elite,album_sidecar_track,track,,Elite,2000,us,album_track_try_harder_no_safe_match,12,53,1099848709,,false
album_sidecar_track:album|deftones|white pony@@1@@4@@@@rx queen:album_track_try_harder_no_safe_match:1099848709,apple_music_try_harder_pass_v1,album|deftones|white pony@@1@@4@@@@rx queen,album_sidecar_track,track,,Rx Queen,2000,us,album_track_try_harder_no_safe_match,12,52,1099848709,,false
album_sidecar_track:album|deftones|white pony@@1@@5@@@@street carp:album_track_try_harder_no_safe_match:1099848709,apple_music_try_harder_pass_v1,album|deftones|white pony@@1@@5@@@@street carp,album_sidecar_track,track,,Street Carp,2000,us,album_track_try_harder_no_safe_match,12,51,1099848709,,false
album_sidecar_track:album|deftones|white pony@@1@@6@@@@teenager:album_track_try_harder_no_safe_match:1099848709,apple_music_try_harder_pass_v1,album|deftones|white pony@@1@@6@@@@teenager,album_sidecar_track,track,,Teenager,2000,us,album_track_try_harder_no_safe_match,12,51,1099848709,,false
album_sidecar_track:album|deftones|white pony@@1@@7@@@@knife prty:album_track_try_harder_no_safe_match:1099848709,apple_music_try_harder_pass_v1,album|deftones|white pony@@1@@7@@@@knife prty,album_sidecar_track,track,,Knife Prty,2000,us,album_track_try_harder_no_safe_match,12,51,1099848709,,false
album_sidecar_track:album|deftones|white pony@@1@@8@@@@korea:album_track_try_harder_no_safe_match:1099848709,apple_music_try_harder_pass_v1,album|deftones|white pony@@1@@8@@@@korea,album_sidecar_track,track,,Korea,2000,us,album_track_try_harder_no_safe_match,12,51,1099848709,,false
album_sidecar_track:album|deftones|white pony@@1@@9@@@@passenger:album_track_try_harder_no_safe_match:1099848709,apple_music_try_harder_pass_v1,album|deftones|white pony@@1@@9@@@@passenger,album_sidecar_track,track,,Passenger,2000,us,album_track_try_harder_no_safe_match,12,51,1099848709,,false
album_sidecar_track:album|deltron 3030|deltron 3030@@1@@17@@@@fantabulous rap extravaganza part ii:album_track_try_harder_no_safe_match:288544306,apple_music_try_harder_pass_v1,album|deltron 3030|deltron 3030@@1@@17@@@@fantabulous rap extravaganza part ii,album_sidecar_track,track,,"The Fantabulous Rap Extravaganza, Part II",2000,us,album_track_try_harder_no_safe_match,9,43,288544306,,false
album_sidecar_track:album|deltron 3030|deltron 3030@@1@@8@@@@upgrade a brymar college course:album_track_try_harder_no_safe_match:288544306,apple_music_try_harder_pass_v1,album|deltron 3030|deltron 3030@@1@@8@@@@upgrade a brymar college course,album_sidecar_track,track,,Upgrade (A Brymar College Course),2000,us,album_track_try_harder_no_safe_match,17,43,288544306,,false
album_sidecar_track:album|depeche mode|music for the masses@@1@@10@@@@pimpf interlude 1 mission impossible:album_track_try_harder_no_safe_match:665403347,apple_music_try_harder_pass_v1,album|depeche mode|music for the masses@@1@@10@@@@pimpf interlude 1 mission impossible,album_sidecar_track,track,,Pimpf / Interlude #1: Mission Impossible,1987,us,album_track_try_harder_no_safe_match,1,58,665403347,,false
album_sidecar_track:album|depeche mode|music for the masses@@1@@11@@@@agent orange:album_track_try_harder_no_safe_match:665403347,apple_music_try_harder_pass_v1,album|depeche mode|music for the masses@@1@@11@@@@agent orange,album_sidecar_track,track,,Agent Orange,1987,us,album_track_try_harder_no_safe_match,1,5,665403347,,false
album_sidecar_track:album|depeche mode|music for the masses@@1@@12@@@@never let me down again aggro mix:album_track_try_harder_no_safe_match:665403347,apple_music_try_harder_pass_v1,album|depeche mode|music for the masses@@1@@12@@@@never let me down again aggro mix,album_sidecar_track,track,,Never Let Me Down Again (Aggro mix),1987,us,album_track_try_harder_no_safe_match,1,9,665403347,,false
album_sidecar_track:album|depeche mode|music for the masses@@1@@13@@@@to have and to hold spanish taster:album_track_try_harder_no_safe_match:665403347,apple_music_try_harder_pass_v1,album|depeche mode|music for the masses@@1@@13@@@@to have and to hold spanish taster,album_sidecar_track,track,,To Have and to Hold (Spanish Taster),1987,us,album_track_try_harder_no_safe_match,1,-5,665403347,,false
album_sidecar_track:album|depeche mode|music for the masses@@1@@14@@@@pleasure little treasure:album_track_try_harder_no_safe_match:665403347,apple_music_try_harder_pass_v1,album|depeche mode|music for the masses@@1@@14@@@@pleasure little treasure,album_sidecar_track,track,,"Pleasure, Little Treasure",1987,us,album_track_try_harder_no_safe_match,1,-5,665403347,,false
album_sidecar_track:album|derrick may|innovator@@1@@1@@@@rest:album_track_try_harder_no_safe_match:1804523507,apple_music_try_harder_pass_v1,album|derrick may|innovator@@1@@1@@@@rest,album_sidecar_track,track,,"""Rest""",1991,us,album_track_try_harder_no_safe_match,29,34,1804523507,,false
album_sidecar_track:album|derrick may|innovator@@1@@10@@@@untitled:album_track_try_harder_no_safe_match:1804523507,apple_music_try_harder_pass_v1,album|derrick may|innovator@@1@@10@@@@untitled,album_sidecar_track,track,,[untitled],1991,us,album_track_try_harder_no_safe_match,29,29,1804523507,,false
album_sidecar_track:album|derrick may|innovator@@1@@11@@@@untitled:album_track_try_harder_no_safe_match:1804523507,apple_music_try_harder_pass_v1,album|derrick may|innovator@@1@@11@@@@untitled,album_sidecar_track,track,,[untitled],1991,us,album_track_try_harder_no_safe_match,29,29,1804523507,,false
album_sidecar_track:album|derrick may|innovator@@1@@12@@@@beyond dance cult mix:album_track_try_harder_no_safe_match:1804523507,apple_music_try_harder_pass_v1,album|derrick may|innovator@@1@@12@@@@beyond dance cult mix,album_sidecar_track,track,,Beyond the Dance (cult mix),1991,us,album_track_try_harder_no_safe_match,29,47,1804523507,,false
album_sidecar_track:album|derrick may|innovator@@1@@13@@@@original feel surreal:album_track_try_harder_no_safe_match:1804523507,apple_music_try_harder_pass_v1,album|derrick may|innovator@@1@@13@@@@original feel surreal,album_sidecar_track,track,,Original Feel Surreal,1991,us,album_track_try_harder_no_safe_match,29,29,1804523507,,false
album_sidecar_track:album|derrick may|innovator@@1@@14@@@@r theme:album_track_try_harder_no_safe_match:1804523507,apple_music_try_harder_pass_v1,album|derrick may|innovator@@1@@14@@@@r theme,album_sidecar_track,track,,R-Theme,1991,us,album_track_try_harder_no_safe_match,29,42,1804523507,,false
album_sidecar_track:album|derrick may|innovator@@1@@2@@@@strings of strings of life:album_track_try_harder_no_safe_match:1804523507,apple_music_try_harder_pass_v1,album|derrick may|innovator@@1@@2@@@@strings of strings of life,album_sidecar_track,track,,Strings of the Strings of Life,1991,us,album_track_try_harder_no_safe_match,29,42,1804523507,,false
album_sidecar_track:album|derrick may|innovator@@1@@3@@@@another kaos beyond kaos:album_track_try_harder_no_safe_match:1804523507,apple_music_try_harder_pass_v1,album|derrick may|innovator@@1@@3@@@@another kaos beyond kaos,album_sidecar_track,track,,Another Kaos Beyond Kaos,1991,us,album_track_try_harder_no_safe_match,29,55,1804523507,,false
album_sidecar_track:album|derrick may|innovator@@1@@4@@@@freestyle:album_track_try_harder_no_safe_match:1804523507,apple_music_try_harder_pass_v1,album|derrick may|innovator@@1@@4@@@@freestyle,album_sidecar_track,track,,Freestyle,1991,us,album_track_try_harder_no_safe_match,29,50,1804523507,,false
album_sidecar_track:album|derrick may|innovator@@1@@5@@@@feel surreal begins beyond kaos:album_track_try_harder_no_safe_match:1804523507,apple_music_try_harder_pass_v1,album|derrick may|innovator@@1@@5@@@@feel surreal begins beyond kaos,album_sidecar_track,track,,Feel Surreal Begins / Beyond Kaos,1991,us,album_track_try_harder_no_safe_match,29,30,1804523507,,false
album_sidecar_track:album|derrick may|innovator@@1@@6@@@@another rest dance:album_track_try_harder_no_safe_match:1804523507,apple_music_try_harder_pass_v1,album|derrick may|innovator@@1@@6@@@@another rest dance,album_sidecar_track,track,,"Another ""Rest"" / The Dance",1991,us,album_track_try_harder_no_safe_match,29,34,1804523507,,false
album_sidecar_track:album|derrick may|innovator@@1@@7@@@@a little spaced out:album_track_try_harder_no_safe_match:1804523507,apple_music_try_harder_pass_v1,album|derrick may|innovator@@1@@7@@@@a little spaced out,album_sidecar_track,track,,A Little Spaced Out,1991,us,album_track_try_harder_no_safe_match,29,33,1804523507,,false
album_sidecar_track:album|derrick may|innovator@@1@@8@@@@daymares:album_track_try_harder_no_safe_match:1804523507,apple_music_try_harder_pass_v1,album|derrick may|innovator@@1@@8@@@@daymares,album_sidecar_track,track,,Daymares,1991,us,album_track_try_harder_no_safe_match,29,29,1804523507,,false
album_sidecar_track:album|derrick may|innovator@@1@@9@@@@it is what it is:album_track_try_harder_no_safe_match:1804523507,apple_music_try_harder_pass_v1,album|derrick may|innovator@@1@@9@@@@it is what it is,album_sidecar_track,track,,It Is What It Is,1991,us,album_track_try_harder_no_safe_match,29,34,1804523507,,false
album_sidecar_track:album|derrick may|innovator@@2@@1@@@@to be or not to be:album_track_try_harder_no_safe_match:1804523507,apple_music_try_harder_pass_v1,album|derrick may|innovator@@2@@1@@@@to be or not to be,album_sidecar_track,track,,To Be or Not to Be,1991,us,album_track_try_harder_no_safe_match,29,37,1804523507,,false
album_sidecar_track:album|derrick may|innovator@@2@@10@@@@another relic from relics:album_track_try_harder_no_safe_match:1804523507,apple_music_try_harder_pass_v1,album|derrick may|innovator@@2@@10@@@@another relic from relics,album_sidecar_track,track,,Another Relic From the Relics,1991,us,album_track_try_harder_no_safe_match,29,9,1804523507,,false
album_sidecar_track:album|derrick may|innovator@@2@@11@@@@drama:album_track_try_harder_no_safe_match:1804523507,apple_music_try_harder_pass_v1,album|derrick may|innovator@@2@@11@@@@drama,album_sidecar_track,track,,Drama,1991,us,album_track_try_harder_no_safe_match,29,51,1804523507,,false
album_sidecar_track:album|derrick may|innovator@@2@@12@@@@strings original mix:album_track_try_harder_no_safe_match:1804523507,apple_music_try_harder_pass_v1,album|derrick may|innovator@@2@@12@@@@strings original mix,album_sidecar_track,track,,"""Strings"" (The original mix)",1991,us,album_track_try_harder_no_safe_match,29,9,1804523507,,false
album_sidecar_track:album|derrick may|innovator@@2@@13@@@@wiggin juan atkins mix:album_track_try_harder_no_safe_match:1804523507,apple_music_try_harder_pass_v1,album|derrick may|innovator@@2@@13@@@@wiggin juan atkins mix,album_sidecar_track,track,,Wiggin (Juan Atkins mix),1991,us,album_track_try_harder_no_safe_match,29,51,1804523507,,false
album_sidecar_track:album|derrick may|innovator@@2@@2@@@@icon montage mix:album_track_try_harder_no_safe_match:1804523507,apple_music_try_harder_pass_v1,album|derrick may|innovator@@2@@2@@@@icon montage mix,album_sidecar_track,track,,Icon (Montage mix),1991,us,album_track_try_harder_no_safe_match,29,51,1804523507,,false
album_sidecar_track:album|derrick may|innovator@@2@@3@@@@phantom:album_track_try_harder_no_safe_match:1804523507,apple_music_try_harder_pass_v1,album|derrick may|innovator@@2@@3@@@@phantom,album_sidecar_track,track,,Phantom,1991,us,album_track_try_harder_no_safe_match,29,51,1804523507,,false
album_sidecar_track:album|derrick may|innovator@@2@@4@@@@a relic mix:album_track_try_harder_no_safe_match:1804523507,apple_music_try_harder_pass_v1,album|derrick may|innovator@@2@@4@@@@a relic mix,album_sidecar_track,track,,A Relic Mix,1991,us,album_track_try_harder_no_safe_match,29,9,1804523507,,false
album_sidecar_track:album|derrick may|innovator@@2@@5@@@@kaotic harmony:album_track_try_harder_no_safe_match:1804523507,apple_music_try_harder_pass_v1,album|derrick may|innovator@@2@@5@@@@kaotic harmony,album_sidecar_track,track,,Kaotic Harmony,1991,us,album_track_try_harder_no_safe_match,29,37,1804523507,,false
album_sidecar_track:album|derrick may|innovator@@2@@6@@@@more phantom:album_track_try_harder_no_safe_match:1804523507,apple_music_try_harder_pass_v1,album|derrick may|innovator@@2@@6@@@@more phantom,album_sidecar_track,track,,More Phantom,1991,us,album_track_try_harder_no_safe_match,29,19,1804523507,,false
album_sidecar_track:album|derrick may|innovator@@2@@7@@@@salsa life:album_track_try_harder_no_safe_match:1804523507,apple_music_try_harder_pass_v1,album|derrick may|innovator@@2@@7@@@@salsa life,album_sidecar_track,track,,Salsa Life,1991,us,album_track_try_harder_no_safe_match,29,47,1804523507,,false
album_sidecar_track:album|derrick may|innovator@@2@@8@@@@nude photo:album_track_try_harder_no_safe_match:1804523507,apple_music_try_harder_pass_v1,album|derrick may|innovator@@2@@8@@@@nude photo,album_sidecar_track,track,,Nude Photo,1991,us,album_track_try_harder_no_safe_match,29,42,1804523507,,false
album_sidecar_track:album|derrick may|innovator@@2@@9@@@@beginning:album_track_try_harder_no_safe_match:1804523507,apple_music_try_harder_pass_v1,album|derrick may|innovator@@2@@9@@@@beginning,album_sidecar_track,track,,The Beginning,1991,us,album_track_try_harder_no_safe_match,29,37,1804523507,,false
album_sidecar_track:album|diana krall|when i look in your eyes@@1@@9@@@@east of sun and west of moon:album_track_try_harder_no_safe_match:1440852057,apple_music_try_harder_pass_v1,album|diana krall|when i look in your eyes@@1@@9@@@@east of sun and west of moon,album_sidecar_track,track,,East of the Sun (and West of the Moon),1999,us,album_track_try_harder_no_safe_match,5,43,1440852057,,false
album_sidecar_track:album|dido|no angel@@1@@6@@@@thankyou:album_track_try_harder_no_safe_match:254578536,apple_music_try_harder_pass_v1,album|dido|no angel@@1@@6@@@@thankyou,album_sidecar_track,track,,Thankyou,1999,us,album_track_try_harder_no_safe_match,7,43,254578536,,false
album_sidecar_track:album|diiv|oshin@@1@@8@@@@druun part ii:album_track_try_harder_no_safe_match:594580092,apple_music_try_harder_pass_v1,album|diiv|oshin@@1@@8@@@@druun part ii,album_sidecar_track,track,,"(Druun, Part II)",2012,us,album_track_try_harder_no_safe_match,6,43,594580092,,false
album_sidecar_track:album|dinosaur jr|you re living all over me@@1@@10@@@@show me way:album_track_try_harder_no_safe_match:1497701141,apple_music_try_harder_pass_v1,album|dinosaur jr|you re living all over me@@1@@10@@@@show me way,album_sidecar_track,track,,Show Me the Way,1987,us,album_track_try_harder_no_safe_match,1,29,1497701141,,false
album_sidecar_track:album|dj quik|quik is the name@@1@@1@@@@sweet black pussy:album_track_try_harder_no_safe_match:283661311,apple_music_try_harder_pass_v1,album|dj quik|quik is the name@@1@@1@@@@sweet black pussy,album_sidecar_track,track,,Sweet Black Pussy,1991,us,album_track_try_harder_no_safe_match,13,48,283661311,,false
album_sidecar_track:album|dj shadow|endtroducing@@1@@10@@@@why hip hop sucks in 96:album_track_try_harder_no_safe_match:1660485817,apple_music_try_harder_pass_v1,album|dj shadow|endtroducing@@1@@10@@@@why hip hop sucks in 96,album_sidecar_track,track,,Why Hip Hop Sucks in ’96,1996,us,album_track_try_harder_no_safe_match,13,51,1660485817,,false
album_sidecar_track:album|dj shadow|endtroducing@@1@@11@@@@midnight in a perfect world:album_track_try_harder_no_safe_match:1660485817,apple_music_try_harder_pass_v1,album|dj shadow|endtroducing@@1@@11@@@@midnight in a perfect world,album_sidecar_track,track,,Midnight in a Perfect World,1996,us,album_track_try_harder_no_safe_match,13,51,1660485817,,false
album_sidecar_track:album|dj shadow|endtroducing@@1@@12@@@@napalm brain scatter brain:album_track_try_harder_no_safe_match:1660485817,apple_music_try_harder_pass_v1,album|dj shadow|endtroducing@@1@@12@@@@napalm brain scatter brain,album_sidecar_track,track,,Napalm Brain / Scatter Brain,1996,us,album_track_try_harder_no_safe_match,13,33,1660485817,,false
album_sidecar_track:album|dj shadow|endtroducing@@1@@13@@@@what does your soul look like part 1 blue sky revisit transmission 3:album_track_try_harder_no_safe_match:1660485817,apple_music_try_harder_pass_v1,album|dj shadow|endtroducing@@1@@13@@@@what does your soul look like part 1 blue sky revisit transmission 3,album_sidecar_track,track,,"What Does Your Soul Look Like, Part 1: Blue Sky Revisit / Transmission 3",1996,us,album_track_try_harder_no_safe_match,13,29,1660485817,,false
album_sidecar_track:album|dj shadow|endtroducing@@1@@4@@@@changeling transmission 1:album_track_try_harder_no_safe_match:1660485817,apple_music_try_harder_pass_v1,album|dj shadow|endtroducing@@1@@4@@@@changeling transmission 1,album_sidecar_track,track,,Changeling / Transmission 1,1996,us,album_track_try_harder_no_safe_match,13,55,1660485817,,false
album_sidecar_track:album|dj shadow|endtroducing@@1@@5@@@@what does your soul look like part 4:album_track_try_harder_no_safe_match:1660485817,apple_music_try_harder_pass_v1,album|dj shadow|endtroducing@@1@@5@@@@what does your soul look like part 4,album_sidecar_track,track,,"What Does Your Soul Look Like, Part 4",1996,us,album_track_try_harder_no_safe_match,13,30,1660485817,,false
album_sidecar_track:album|dj shadow|endtroducing@@1@@6@@@@untitled:album_track_try_harder_no_safe_match:1660485817,apple_music_try_harder_pass_v1,album|dj shadow|endtroducing@@1@@6@@@@untitled,album_sidecar_track,track,,[untitled],1996,us,album_track_try_harder_no_safe_match,13,51,1660485817,,false
album_sidecar_track:album|dj shadow|endtroducing@@1@@7@@@@stem long stem transmission 2:album_track_try_harder_no_safe_match:1660485817,apple_music_try_harder_pass_v1,album|dj shadow|endtroducing@@1@@7@@@@stem long stem transmission 2,album_sidecar_track,track,,Stem / Long Stem / Transmission 2,1996,us,album_track_try_harder_no_safe_match,13,29,1660485817,,false
album_sidecar_track:album|dj shadow|endtroducing@@1@@8@@@@mutual slump:album_track_try_harder_no_safe_match:1660485817,apple_music_try_harder_pass_v1,album|dj shadow|endtroducing@@1@@8@@@@mutual slump,album_sidecar_track,track,,Mutual Slump,1996,us,album_track_try_harder_no_safe_match,13,51,1660485817,,false
album_sidecar_track:album|dj shadow|endtroducing@@1@@9@@@@organ donor:album_track_try_harder_no_safe_match:1660485817,apple_music_try_harder_pass_v1,album|dj shadow|endtroducing@@1@@9@@@@organ donor,album_sidecar_track,track,,Organ Donor,1996,us,album_track_try_harder_no_safe_match,13,51,1660485817,,false
album_sidecar_track:album|dmx|it s dark and hell is hot@@1@@19@@@@niggaz done started something:album_track_try_harder_no_safe_match:1485050192,apple_music_try_harder_pass_v1,album|dmx|it s dark and hell is hot@@1@@19@@@@niggaz done started something,album_sidecar_track,track,,Niggaz Done Started Something,1998,us,album_track_try_harder_no_safe_match,2,43,1485050192,,false
album_sidecar_track:album|dmx|it s dark and hell is hot@@1@@3@@@@fuckin wit d:album_track_try_harder_no_safe_match:1485050192,apple_music_try_harder_pass_v1,album|dmx|it s dark and hell is hot@@1@@3@@@@fuckin wit d,album_sidecar_track,track,,Fuckin’ Wit’ D,1998,us,album_track_try_harder_no_safe_match,17,46,1485050192,,false
album_sidecar_track:album|doja cat|planet her@@1@@11@@@@ain t shit:album_track_try_harder_no_safe_match:1573475827,apple_music_try_harder_pass_v1,album|doja cat|planet her@@1@@11@@@@ain t shit,album_sidecar_track,track,,Ain’t Shit,2021,us,album_track_try_harder_no_safe_match,3,34,1573475827,,false
album_sidecar_track:album|doja cat|planet her@@1@@12@@@@imagine:album_track_try_harder_no_safe_match:1573475827,apple_music_try_harder_pass_v1,album|doja cat|planet her@@1@@12@@@@imagine,album_sidecar_track,track,,Imagine,2021,us,album_track_try_harder_no_safe_match,3,51,1573475827,,false
album_sidecar_track:album|doja cat|planet her@@1@@13@@@@alone:album_track_try_harder_no_safe_match:1573475827,apple_music_try_harder_pass_v1,album|doja cat|planet her@@1@@13@@@@alone,album_sidecar_track,track,,Alone,2021,us,album_track_try_harder_no_safe_match,3,51,1573475827,,false
album_sidecar_track:album|doja cat|planet her@@1@@14@@@@kiss me more:album_track_try_harder_no_safe_match:1573475827,apple_music_try_harder_pass_v1,album|doja cat|planet her@@1@@14@@@@kiss me more,album_sidecar_track,track,,Kiss Me More,2021,us,album_track_try_harder_no_safe_match,3,33,1573475827,,false
album_sidecar_track:album|dolly parton|coat of many colors@@1@@4@@@@if i lost my mind:album_track_try_harder_no_safe_match:217532812,apple_music_try_harder_pass_v1,album|dolly parton|coat of many colors@@1@@4@@@@if i lost my mind,album_sidecar_track,track,,If I Lost My Mind,1971,us,album_track_try_harder_no_safe_match,7,41,217532812,,false
album_sidecar_track:album|don gibson|oh lonesome me@@1@@1@@@@oh lonesome me:album_track_try_harder_no_safe_match:1462450303,apple_music_try_harder_pass_v1,album|don gibson|oh lonesome me@@1@@1@@@@oh lonesome me,album_sidecar_track,track,,Oh Lonesome Me,1958,us,album_track_try_harder_no_safe_match,12,51,1462450303,,false
album_sidecar_track:album|don gibson|oh lonesome me@@1@@2@@@@i can t stop lovin you:album_track_try_harder_no_safe_match:1462450303,apple_music_try_harder_pass_v1,album|don gibson|oh lonesome me@@1@@2@@@@i can t stop lovin you,album_sidecar_track,track,,I Can’t Stop Lovin’ You,1958,us,album_track_try_harder_no_safe_match,12,53,1462450303,,false
album_sidecar_track:album|don omar|king of kings@@1@@16@@@@not too much:album_track_try_harder_no_safe_match:1443507107,apple_music_try_harder_pass_v1,album|don omar|king of kings@@1@@16@@@@not too much,album_sidecar_track,track,,Not Too Much,2006,us,album_track_try_harder_no_safe_match,3,43,1443507107,,false
album_sidecar_track:album|donna summer|bad girls@@1@@6@@@@journey to centre of your heart:album_track_try_harder_no_safe_match:1425179100,apple_music_try_harder_pass_v1,album|donna summer|bad girls@@1@@6@@@@journey to centre of your heart,album_sidecar_track,track,,Journey to the Centre of Your Heart,1979,us,album_track_try_harder_no_safe_match,10,43,1425179100,,false
album_sidecar_track:album|donna summer|bad girls@@2@@1@@@@on my honor:album_track_try_harder_no_safe_match:1425179100,apple_music_try_harder_pass_v1,album|donna summer|bad girls@@2@@1@@@@on my honor,album_sidecar_track,track,,On My Honor,1979,us,album_track_try_harder_no_safe_match,8,51,1425179100,,false
album_sidecar_track:album|donna summer|bad girls@@2@@2@@@@there will always be a you:album_track_try_harder_no_safe_match:1425179100,apple_music_try_harder_pass_v1,album|donna summer|bad girls@@2@@2@@@@there will always be a you,album_sidecar_track,track,,There Will Always Be a You,1979,us,album_track_try_harder_no_safe_match,8,47,1425179100,,false
album_sidecar_track:album|donna summer|bad girls@@2@@3@@@@all through night:album_track_try_harder_no_safe_match:1425179100,apple_music_try_harder_pass_v1,album|donna summer|bad girls@@2@@3@@@@all through night,album_sidecar_track,track,,All Through the Night,1979,us,album_track_try_harder_no_safe_match,8,47,1425179100,,false
album_sidecar_track:album|donna summer|bad girls@@2@@4@@@@my baby understands:album_track_try_harder_no_safe_match:1425179100,apple_music_try_harder_pass_v1,album|donna summer|bad girls@@2@@4@@@@my baby understands,album_sidecar_track,track,,My Baby Understands,1979,us,album_track_try_harder_no_safe_match,8,47,1425179100,,false
album_sidecar_track:album|donna summer|bad girls@@2@@5@@@@our love:album_track_try_harder_no_safe_match:1425179100,apple_music_try_harder_pass_v1,album|donna summer|bad girls@@2@@5@@@@our love,album_sidecar_track,track,,Our Love,1979,us,album_track_try_harder_no_safe_match,8,51,1425179100,,false
album_sidecar_track:album|donna summer|bad girls@@2@@6@@@@lucky:album_track_try_harder_no_safe_match:1425179100,apple_music_try_harder_pass_v1,album|donna summer|bad girls@@2@@6@@@@lucky,album_sidecar_track,track,,Lucky,1979,us,album_track_try_harder_no_safe_match,8,51,1425179100,,false
album_sidecar_track:album|donna summer|bad girls@@2@@7@@@@sunset people:album_track_try_harder_no_safe_match:1425179100,apple_music_try_harder_pass_v1,album|donna summer|bad girls@@2@@7@@@@sunset people,album_sidecar_track,track,,Sunset People,1979,us,album_track_try_harder_no_safe_match,8,51,1425179100,,false
album_sidecar_track:album|dr dre|chronic@@1@@11@@@@lyrical gangbang:album_track_try_harder_no_safe_match:1668460963,apple_music_try_harder_pass_v1,album|dr dre|chronic@@1@@11@@@@lyrical gangbang,album_sidecar_track,track,,Lyrical Gangbang,1992,us,album_track_try_harder_no_safe_match,9,43,1668460963,,false
album_sidecar_track:album|dr dre|chronic@@1@@2@@@@fuck wit dre day and everybody s celebratin:album_track_try_harder_no_safe_match:1668460963,apple_music_try_harder_pass_v1,album|dr dre|chronic@@1@@2@@@@fuck wit dre day and everybody s celebratin,album_sidecar_track,track,,Fuck Wit Dre Day (and Everybody’s Celebratin’),1992,us,album_track_try_harder_no_safe_match,15,47,1668460963,,false
album_sidecar_track:album|dr dre|chronic@@1@@4@@@@day niggaz took over:album_track_try_harder_no_safe_match:1668460963,apple_music_try_harder_pass_v1,album|dr dre|chronic@@1@@4@@@@day niggaz took over,album_sidecar_track,track,,The Day the Niggaz Took Over,1992,us,album_track_try_harder_no_safe_match,14,45,1668460963,,false
album_sidecar_track:album|dr dre|chronic@@1@@8@@@@a nigga witta gun:album_track_try_harder_no_safe_match:1668460963,apple_music_try_harder_pass_v1,album|dr dre|chronic@@1@@8@@@@a nigga witta gun,album_sidecar_track,track,,A Nigga Witta Gun,1992,us,album_track_try_harder_no_safe_match,11,43,1668460963,,false
album_sidecar_track:album|drifters|save the last dance for me@@1@@1@@@@on broadway:album_track_try_harder_no_safe_match:159362635,apple_music_try_harder_pass_v1,album|drifters|save the last dance for me@@1@@1@@@@on broadway,album_sidecar_track,track,,On Broadway,1962,us,album_track_try_harder_no_safe_match,12,39,159362635,,false
album_sidecar_track:album|drifters|save the last dance for me@@1@@10@@@@some kind of wonderful:album_track_try_harder_no_safe_match:159362635,apple_music_try_harder_pass_v1,album|drifters|save the last dance for me@@1@@10@@@@some kind of wonderful,album_sidecar_track,track,,Some Kind of Wonderful,1962,us,album_track_try_harder_no_safe_match,12,47,159362635,,false
album_sidecar_track:album|drifters|save the last dance for me@@1@@11@@@@third rate romance:album_track_try_harder_no_safe_match:159362635,apple_music_try_harder_pass_v1,album|drifters|save the last dance for me@@1@@11@@@@third rate romance,album_sidecar_track,track,,Third Rate Romance,1962,us,album_track_try_harder_no_safe_match,12,29,159362635,,false
album_sidecar_track:album|drifters|save the last dance for me@@1@@12@@@@night moves:album_track_try_harder_no_safe_match:159362635,apple_music_try_harder_pass_v1,album|drifters|save the last dance for me@@1@@12@@@@night moves,album_sidecar_track,track,,Night Moves,1962,us,album_track_try_harder_no_safe_match,12,34,159362635,,false
album_sidecar_track:album|drifters|save the last dance for me@@1@@13@@@@another saturday night:album_track_try_harder_no_safe_match:159362635,apple_music_try_harder_pass_v1,album|drifters|save the last dance for me@@1@@13@@@@another saturday night,album_sidecar_track,track,,Another Saturday Night,1962,us,album_track_try_harder_no_safe_match,12,14,159362635,,false
album_sidecar_track:album|drifters|save the last dance for me@@1@@14@@@@i can help:album_track_try_harder_no_safe_match:159362635,apple_music_try_harder_pass_v1,album|drifters|save the last dance for me@@1@@14@@@@i can help,album_sidecar_track,track,,I Can Help,1962,us,album_track_try_harder_no_safe_match,12,11,159362635,,false
album_sidecar_track:album|drifters|save the last dance for me@@1@@15@@@@cupid:album_track_try_harder_no_safe_match:159362635,apple_music_try_harder_pass_v1,album|drifters|save the last dance for me@@1@@15@@@@cupid,album_sidecar_track,track,,Cupid,1962,us,album_track_try_harder_no_safe_match,12,0,159362635,,false
album_sidecar_track:album|drifters|save the last dance for me@@1@@16@@@@any day now:album_track_try_harder_no_safe_match:159362635,apple_music_try_harder_pass_v1,album|drifters|save the last dance for me@@1@@16@@@@any day now,album_sidecar_track,track,,Any Day Now,1962,us,album_track_try_harder_no_safe_match,12,0,159362635,,false
album_sidecar_track:album|drifters|save the last dance for me@@1@@17@@@@wonderful world:album_track_try_harder_no_safe_match:159362635,apple_music_try_harder_pass_v1,album|drifters|save the last dance for me@@1@@17@@@@wonderful world,album_sidecar_track,track,,Wonderful World,1962,us,album_track_try_harder_no_safe_match,12,5,159362635,,false
album_sidecar_track:album|drifters|save the last dance for me@@1@@18@@@@bring it on home to me:album_track_try_harder_no_safe_match:159362635,apple_music_try_harder_pass_v1,album|drifters|save the last dance for me@@1@@18@@@@bring it on home to me,album_sidecar_track,track,,Bring It on Home to Me,1962,us,album_track_try_harder_no_safe_match,12,11,159362635,,false
album_sidecar_track:album|drifters|save the last dance for me@@1@@19@@@@stand by me:album_track_try_harder_no_safe_match:159362635,apple_music_try_harder_pass_v1,album|drifters|save the last dance for me@@1@@19@@@@stand by me,album_sidecar_track,track,,Stand by Me,1962,us,album_track_try_harder_no_safe_match,12,0,159362635,,false
album_sidecar_track:album|drifters|save the last dance for me@@1@@2@@@@save last dance for me:album_track_try_harder_no_safe_match:159362635,apple_music_try_harder_pass_v1,album|drifters|save the last dance for me@@1@@2@@@@save last dance for me,album_sidecar_track,track,,Save the Last Dance for Me,1962,us,album_track_try_harder_no_safe_match,12,52,159362635,,false
album_sidecar_track:album|drifters|save the last dance for me@@1@@20@@@@short people:album_track_try_harder_no_safe_match:159362635,apple_music_try_harder_pass_v1,album|drifters|save the last dance for me@@1@@20@@@@short people,album_sidecar_track,track,,Short People,1962,us,album_track_try_harder_no_safe_match,12,9,159362635,,false
album_sidecar_track:album|drifters|save the last dance for me@@1@@3@@@@dance with me:album_track_try_harder_no_safe_match:159362635,apple_music_try_harder_pass_v1,album|drifters|save the last dance for me@@1@@3@@@@dance with me,album_sidecar_track,track,,Dance With Me,1962,us,album_track_try_harder_no_safe_match,12,46,159362635,,false
album_sidecar_track:album|drifters|save the last dance for me@@1@@4@@@@there goes my baby:album_track_try_harder_no_safe_match:159362635,apple_music_try_harder_pass_v1,album|drifters|save the last dance for me@@1@@4@@@@there goes my baby,album_sidecar_track,track,,There Goes My Baby,1962,us,album_track_try_harder_no_safe_match,12,31,159362635,,false
album_sidecar_track:album|drifters|save the last dance for me@@1@@5@@@@up on roof:album_track_try_harder_no_safe_match:159362635,apple_music_try_harder_pass_v1,album|drifters|save the last dance for me@@1@@5@@@@up on roof,album_sidecar_track,track,,Up on the Roof,1962,us,album_track_try_harder_no_safe_match,12,40,159362635,,false
album_sidecar_track:album|drifters|save the last dance for me@@1@@6@@@@under boardwalk:album_track_try_harder_no_safe_match:159362635,apple_music_try_harder_pass_v1,album|drifters|save the last dance for me@@1@@6@@@@under boardwalk,album_sidecar_track,track,,Under the Boardwalk,1962,us,album_track_try_harder_no_safe_match,12,43,159362635,,false
album_sidecar_track:album|drifters|save the last dance for me@@1@@7@@@@this magic moment:album_track_try_harder_no_safe_match:159362635,apple_music_try_harder_pass_v1,album|drifters|save the last dance for me@@1@@7@@@@this magic moment,album_sidecar_track,track,,This Magic Moment,1962,us,album_track_try_harder_no_safe_match,12,43,159362635,,false
album_sidecar_track:album|drifters|save the last dance for me@@1@@8@@@@please stay:album_track_try_harder_no_safe_match:159362635,apple_music_try_harder_pass_v1,album|drifters|save the last dance for me@@1@@8@@@@please stay,album_sidecar_track,track,,Please Stay,1962,us,album_track_try_harder_no_safe_match,12,51,159362635,,false
album_sidecar_track:album|drifters|save the last dance for me@@1@@9@@@@sweet for my sweet:album_track_try_harder_no_safe_match:159362635,apple_music_try_harder_pass_v1,album|drifters|save the last dance for me@@1@@9@@@@sweet for my sweet,album_sidecar_track,track,,Sweet for My Sweet,1962,us,album_track_try_harder_no_safe_match,12,34,159362635,,false
album_sidecar_track:album|drive by truckers|decoration day@@1@@2@@@@sink hole:album_track_try_harder_no_safe_match:1436925743,apple_music_try_harder_pass_v1,album|drive by truckers|decoration day@@1@@2@@@@sink hole,album_sidecar_track,track,,Sink Hole,2003,us,album_track_try_harder_no_safe_match,14,47,1436925743,,false
album_sidecar_track:album|duran duran|rio@@1@@2@@@@my own way carnival remix:album_track_try_harder_no_safe_match:1752170129,apple_music_try_harder_pass_v1,album|duran duran|rio@@1@@2@@@@my own way carnival remix,album_sidecar_track,track,,My Own Way (Carnival remix),1982,us,album_track_try_harder_no_safe_match,7,35,1752170129,,false
album_sidecar_track:album|duran duran|rio@@1@@3@@@@lonely in your nightmare us album remix:album_track_try_harder_no_safe_match:1752170129,apple_music_try_harder_pass_v1,album|duran duran|rio@@1@@3@@@@lonely in your nightmare us album remix,album_sidecar_track,track,,Lonely in Your Nightmare (US album remix),1982,us,album_track_try_harder_no_safe_match,7,32,1752170129,,false
album_sidecar_track:album|duran duran|rio@@1@@4@@@@hungry like wolf night version:album_track_try_harder_no_safe_match:1752170129,apple_music_try_harder_pass_v1,album|duran duran|rio@@1@@4@@@@hungry like wolf night version,album_sidecar_track,track,,Hungry Like the Wolf (Night version),1982,us,album_track_try_harder_no_safe_match,7,31,1752170129,,false
album_sidecar_track:album|duran duran|rio@@1@@5@@@@hold back rain us album remix:album_track_try_harder_no_safe_match:1752170129,apple_music_try_harder_pass_v1,album|duran duran|rio@@1@@5@@@@hold back rain us album remix,album_sidecar_track,track,,Hold Back the Rain (US album remix),1982,us,album_track_try_harder_no_safe_match,7,30,1752170129,,false
album_sidecar_track:album|duran duran|rio@@1@@6@@@@new religion:album_track_try_harder_no_safe_match:1752170129,apple_music_try_harder_pass_v1,album|duran duran|rio@@1@@6@@@@new religion,album_sidecar_track,track,,New Religion,1982,us,album_track_try_harder_no_safe_match,7,39,1752170129,,false
album_sidecar_track:album|duran duran|rio@@1@@7@@@@last chance on stairway:album_track_try_harder_no_safe_match:1752170129,apple_music_try_harder_pass_v1,album|duran duran|rio@@1@@7@@@@last chance on stairway,album_sidecar_track,track,,Last Chance on the Stairway,1982,us,album_track_try_harder_no_safe_match,7,29,1752170129,,false
album_sidecar_track:album|duran duran|rio@@1@@8@@@@save a prayer:album_track_try_harder_no_safe_match:1752170129,apple_music_try_harder_pass_v1,album|duran duran|rio@@1@@8@@@@save a prayer,album_sidecar_track,track,,Save a Prayer,1982,us,album_track_try_harder_no_safe_match,7,29,1752170129,,false
album_sidecar_track:album|duran duran|rio@@1@@9@@@@chauffeur:album_track_try_harder_no_safe_match:1752170129,apple_music_try_harder_pass_v1,album|duran duran|rio@@1@@9@@@@chauffeur,album_sidecar_track,track,,The Chauffeur,1982,us,album_track_try_harder_no_safe_match,7,23,1752170129,,false
album_sidecar_track:album|dwight twilley band|twilley don t mind@@1@@1@@@@here she comes:album_track_try_harder_no_safe_match:1444056637,apple_music_try_harder_pass_v1,album|dwight twilley band|twilley don t mind@@1@@1@@@@here she comes,album_sidecar_track,track,,Here She Comes,1976,us,album_track_try_harder_no_safe_match,9,47,1444056637,,false
album_sidecar_track:album|dwight twilley band|twilley don t mind@@1@@6@@@@twilley don t mind:album_track_try_harder_no_safe_match:1444056637,apple_music_try_harder_pass_v1,album|dwight twilley band|twilley don t mind@@1@@6@@@@twilley don t mind,album_sidecar_track,track,,Twilley Don’t Mind,1976,us,album_track_try_harder_no_safe_match,5,52,1444056637,,false
album_sidecar_track:album|eagles|hotel california@@1@@1@@@@love will keep us alive:album_track_try_harder_no_safe_match:635770200,apple_music_try_harder_pass_v1,album|eagles|hotel california@@1@@1@@@@love will keep us alive,album_sidecar_track,track,,Love Will Keep Us Alive,1976,us,album_track_try_harder_no_safe_match,9,34,635770200,,false
album_sidecar_track:album|eagles|hotel california@@1@@10@@@@i can tell you why:album_track_try_harder_no_safe_match:635770200,apple_music_try_harder_pass_v1,album|eagles|hotel california@@1@@10@@@@i can tell you why,album_sidecar_track,track,,I Can Tell You Why,1976,us,album_track_try_harder_no_safe_match,9,11,635770200,,false
album_sidecar_track:album|eagles|hotel california@@1@@11@@@@best of my love:album_track_try_harder_no_safe_match:635770200,apple_music_try_harder_pass_v1,album|eagles|hotel california@@1@@11@@@@best of my love,album_sidecar_track,track,,Best of My Love,1976,us,album_track_try_harder_no_safe_match,9,8,635770200,,false
album_sidecar_track:album|eagles|hotel california@@1@@12@@@@tequila sunrise:album_track_try_harder_no_safe_match:635770200,apple_music_try_harder_pass_v1,album|eagles|hotel california@@1@@12@@@@tequila sunrise,album_sidecar_track,track,,Tequila Sunrise,1976,us,album_track_try_harder_no_safe_match,9,0,635770200,,false
album_sidecar_track:album|eagles|hotel california@@1@@13@@@@seven bridges road live:album_track_try_harder_no_safe_match:635770200,apple_music_try_harder_pass_v1,album|eagles|hotel california@@1@@13@@@@seven bridges road live,album_sidecar_track,track,,Seven Bridges Road (live),1976,us,album_track_try_harder_no_safe_match,9,0,635770200,,false
album_sidecar_track:album|eagles|hotel california@@1@@14@@@@take it to limit:album_track_try_harder_no_safe_match:635770200,apple_music_try_harder_pass_v1,album|eagles|hotel california@@1@@14@@@@take it to limit,album_sidecar_track,track,,Take It to the Limit,1976,us,album_track_try_harder_no_safe_match,9,12,635770200,,false
album_sidecar_track:album|eagles|hotel california@@1@@15@@@@one of these nights:album_track_try_harder_no_safe_match:635770200,apple_music_try_harder_pass_v1,album|eagles|hotel california@@1@@15@@@@one of these nights,album_sidecar_track,track,,One of These Nights,1976,us,album_track_try_harder_no_safe_match,9,11,635770200,,false
album_sidecar_track:album|eagles|hotel california@@1@@16@@@@one you love live:album_track_try_harder_no_safe_match:635770200,apple_music_try_harder_pass_v1,album|eagles|hotel california@@1@@16@@@@one you love live,album_sidecar_track,track,,The One You Love (live),1976,us,album_track_try_harder_no_safe_match,9,9,635770200,,false
album_sidecar_track:album|eagles|hotel california@@1@@2@@@@hotel california new version:album_track_try_harder_no_safe_match:635770200,apple_music_try_harder_pass_v1,album|eagles|hotel california@@1@@2@@@@hotel california new version,album_sidecar_track,track,,Hotel California (new version),1976,us,album_track_try_harder_no_safe_match,9,33,635770200,,false
album_sidecar_track:album|eagles|hotel california@@1@@3@@@@heartache tonight:album_track_try_harder_no_safe_match:635770200,apple_music_try_harder_pass_v1,album|eagles|hotel california@@1@@3@@@@heartache tonight,album_sidecar_track,track,,Heartache Tonight,1976,us,album_track_try_harder_no_safe_match,9,37,635770200,,false
album_sidecar_track:album|eagles|hotel california@@1@@4@@@@peaceful easy feeling:album_track_try_harder_no_safe_match:635770200,apple_music_try_harder_pass_v1,album|eagles|hotel california@@1@@4@@@@peaceful easy feeling,album_sidecar_track,track,,Peaceful Easy Feeling,1976,us,album_track_try_harder_no_safe_match,9,31,635770200,,false
album_sidecar_track:album|eagles|hotel california@@1@@5@@@@desperado:album_track_try_harder_no_safe_match:635770200,apple_music_try_harder_pass_v1,album|eagles|hotel california@@1@@5@@@@desperado,album_sidecar_track,track,,Desperado,1976,us,album_track_try_harder_no_safe_match,9,30,635770200,,false
album_sidecar_track:album|eagles|hotel california@@1@@6@@@@new kid in town:album_track_try_harder_no_safe_match:635770200,apple_music_try_harder_pass_v1,album|eagles|hotel california@@1@@6@@@@new kid in town,album_sidecar_track,track,,New Kid in Town,1976,us,album_track_try_harder_no_safe_match,9,55,635770200,,false
album_sidecar_track:album|eagles|hotel california@@1@@7@@@@lying eyes:album_track_try_harder_no_safe_match:635770200,apple_music_try_harder_pass_v1,album|eagles|hotel california@@1@@7@@@@lying eyes,album_sidecar_track,track,,Lying Eyes,1976,us,album_track_try_harder_no_safe_match,9,29,635770200,,false
album_sidecar_track:album|eagles|hotel california@@1@@8@@@@take it easy:album_track_try_harder_no_safe_match:635770200,apple_music_try_harder_pass_v1,album|eagles|hotel california@@1@@8@@@@take it easy,album_sidecar_track,track,,Take It Easy,1976,us,album_track_try_harder_no_safe_match,9,29,635770200,,false
album_sidecar_track:album|eagles|hotel california@@1@@9@@@@long run:album_track_try_harder_no_safe_match:635770200,apple_music_try_harder_pass_v1,album|eagles|hotel california@@1@@9@@@@long run,album_sidecar_track,track,,The Long Run,1976,us,album_track_try_harder_no_safe_match,9,29,635770200,,false
album_sidecar_track:album|earth wind and fire|that s the way of the world@@1@@4@@@@all about love:album_track_try_harder_no_safe_match:532975789,apple_music_try_harder_pass_v1,album|earth wind and fire|that s the way of the world@@1@@4@@@@all about love,album_sidecar_track,track,,All About Love,1975,us,album_track_try_harder_no_safe_match,5,55,532975789,,false
album_sidecar_track:album|eazy e|eazy duz it@@1@@1@@@@prelude still talkin:album_track_try_harder_no_safe_match:1440816169,apple_music_try_harder_pass_v1,album|eazy e|eazy duz it@@1@@1@@@@prelude still talkin,album_sidecar_track,track,,(Prelude) / Still Talkin’,1988,us,album_track_try_harder_no_safe_match,14,48,1440816169,,false
album_sidecar_track:album|eazy e|eazy duz it@@1@@5@@@@boyz n hood remix:album_track_try_harder_no_safe_match:1440816169,apple_music_try_harder_pass_v1,album|eazy e|eazy duz it@@1@@5@@@@boyz n hood remix,album_sidecar_track,track,,Boyz‐N‐The Hood (remix),1988,us,album_track_try_harder_no_safe_match,11,44,1440816169,,false
album_sidecar_track:album|ed sheeran|x@@1@@1@@@@don t x ambassadors remix:album_track_try_harder_no_safe_match:858518077,apple_music_try_harder_pass_v1,album|ed sheeran|x@@1@@1@@@@don t x ambassadors remix,album_sidecar_track,track,,Don’t (X Ambassadors remix),2014,us,album_track_try_harder_no_safe_match,12,35,858518077,,false
album_sidecar_track:album|electric light orchestra|out of the blue@@2@@1@@@@standin in rain:album_track_try_harder_no_safe_match:1054525002,apple_music_try_harder_pass_v1,album|electric light orchestra|out of the blue@@2@@1@@@@standin in rain,album_sidecar_track,track,,Standin’ in the Rain,1977,us,album_track_try_harder_no_safe_match,8,51,1054525002,,false
album_sidecar_track:album|electric light orchestra|out of the blue@@2@@2@@@@big wheels:album_track_try_harder_no_safe_match:1054525002,apple_music_try_harder_pass_v1,album|electric light orchestra|out of the blue@@2@@2@@@@big wheels,album_sidecar_track,track,,Big Wheels,1977,us,album_track_try_harder_no_safe_match,8,51,1054525002,,false
album_sidecar_track:album|electric light orchestra|out of the blue@@2@@3@@@@summer and lightning:album_track_try_harder_no_safe_match:1054525002,apple_music_try_harder_pass_v1,album|electric light orchestra|out of the blue@@2@@3@@@@summer and lightning,album_sidecar_track,track,,Summer and Lightning,1977,us,album_track_try_harder_no_safe_match,8,51,1054525002,,false
album_sidecar_track:album|electric light orchestra|out of the blue@@2@@4@@@@mr blue sky:album_track_try_harder_no_safe_match:1054525002,apple_music_try_harder_pass_v1,album|electric light orchestra|out of the blue@@2@@4@@@@mr blue sky,album_sidecar_track,track,,Mr. Blue Sky,1977,us,album_track_try_harder_no_safe_match,8,51,1054525002,,false
album_sidecar_track:album|electric light orchestra|out of the blue@@2@@5@@@@sweet is night:album_track_try_harder_no_safe_match:1054525002,apple_music_try_harder_pass_v1,album|electric light orchestra|out of the blue@@2@@5@@@@sweet is night,album_sidecar_track,track,,Sweet Is the Night,1977,us,album_track_try_harder_no_safe_match,8,51,1054525002,,false
album_sidecar_track:album|electric light orchestra|out of the blue@@2@@6@@@@whale:album_track_try_harder_no_safe_match:1054525002,apple_music_try_harder_pass_v1,album|electric light orchestra|out of the blue@@2@@6@@@@whale,album_sidecar_track,track,,The Whale,1977,us,album_track_try_harder_no_safe_match,8,51,1054525002,,false
album_sidecar_track:album|electric light orchestra|out of the blue@@2@@7@@@@birmingham blues:album_track_try_harder_no_safe_match:1054525002,apple_music_try_harder_pass_v1,album|electric light orchestra|out of the blue@@2@@7@@@@birmingham blues,album_sidecar_track,track,,Birmingham Blues,1977,us,album_track_try_harder_no_safe_match,8,51,1054525002,,false
album_sidecar_track:album|electric light orchestra|out of the blue@@2@@8@@@@wild west hero:album_track_try_harder_no_safe_match:1054525002,apple_music_try_harder_pass_v1,album|electric light orchestra|out of the blue@@2@@8@@@@wild west hero,album_sidecar_track,track,,Wild West Hero,1977,us,album_track_try_harder_no_safe_match,8,51,1054525002,,false
album_sidecar_track:album|electric prunes|electric prunes@@1@@12@@@@tunerville trolley:album_track_try_harder_no_safe_match:655574615,apple_music_try_harder_pass_v1,album|electric prunes|electric prunes@@1@@12@@@@tunerville trolley,album_sidecar_track,track,,Tunerville Trolley,1967,us,album_track_try_harder_no_safe_match,1,43,655574615,,false
album_sidecar_track:album|electric wizard|dopethrone@@1@@3@@@@weird tales i electric frost ii golgotha iii altar of melektaus:album_track_try_harder_no_safe_match:965381927,apple_music_try_harder_pass_v1,album|electric wizard|dopethrone@@1@@3@@@@weird tales i electric frost ii golgotha iii altar of melektaus,album_sidecar_track,track,,Weird Tales: I. Electric Frost – II. Golgotha – III. Altar of Melektaus,2000,us,album_track_try_harder_no_safe_match,7,46,965381927,,false
album_sidecar_track:album|elevation worship and maverick city music|old church basement@@2@@1@@@@come again:album_track_try_harder_no_safe_match:1557087895,apple_music_try_harder_pass_v1,album|elevation worship and maverick city music|old church basement@@2@@1@@@@come again,album_sidecar_track,track,,Come Again,2021,us,album_track_try_harder_no_safe_match,6,33,1557087895,,false
album_sidecar_track:album|elevation worship and maverick city music|old church basement@@2@@2@@@@used to this:album_track_try_harder_no_safe_match:1557087895,apple_music_try_harder_pass_v1,album|elevation worship and maverick city music|old church basement@@2@@2@@@@used to this,album_sidecar_track,track,,Used to This,2021,us,album_track_try_harder_no_safe_match,6,33,1557087895,,false
album_sidecar_track:album|elevation worship and maverick city music|old church basement@@2@@3@@@@names:album_track_try_harder_no_safe_match:1557087895,apple_music_try_harder_pass_v1,album|elevation worship and maverick city music|old church basement@@2@@3@@@@names,album_sidecar_track,track,,Names,2021,us,album_track_try_harder_no_safe_match,6,33,1557087895,,false
album_sidecar_track:album|elevation worship and maverick city music|old church basement@@2@@4@@@@mercy:album_track_try_harder_no_safe_match:1557087895,apple_music_try_harder_pass_v1,album|elevation worship and maverick city music|old church basement@@2@@4@@@@mercy,album_sidecar_track,track,,Mercy,2021,us,album_track_try_harder_no_safe_match,6,33,1557087895,,false
album_sidecar_track:album|elevation worship and maverick city music|old church basement@@2@@5@@@@before and after:album_track_try_harder_no_safe_match:1557087895,apple_music_try_harder_pass_v1,album|elevation worship and maverick city music|old church basement@@2@@5@@@@before and after,album_sidecar_track,track,,Before and After,2021,us,album_track_try_harder_no_safe_match,6,33,1557087895,,false
album_sidecar_track:album|elevation worship and maverick city music|old church basement@@2@@6@@@@build your church:album_track_try_harder_no_safe_match:1557087895,apple_music_try_harder_pass_v1,album|elevation worship and maverick city music|old church basement@@2@@6@@@@build your church,album_sidecar_track,track,,Build Your Church,2021,us,album_track_try_harder_no_safe_match,6,33,1557087895,,false
album_sidecar_track:album|ella fitzgerald and louis armstrong|ella and louis@@1@@1@@@@cheek to cheek:album_track_try_harder_no_safe_match:1469584174,apple_music_try_harder_pass_v1,album|ella fitzgerald and louis armstrong|ella and louis@@1@@1@@@@cheek to cheek,album_sidecar_track,track,,Cheek to Cheek,1956,us,album_track_try_harder_no_safe_match,11,48,1469584174,,false
album_sidecar_track:album|ella fitzgerald and louis armstrong|ella and louis@@1@@10@@@@moonlight in vermont:album_track_try_harder_no_safe_match:1469584174,apple_music_try_harder_pass_v1,album|ella fitzgerald and louis armstrong|ella and louis@@1@@10@@@@moonlight in vermont,album_sidecar_track,track,,Moonlight in Vermont,1956,us,album_track_try_harder_no_safe_match,11,43,1469584174,,false
album_sidecar_track:album|ella fitzgerald and louis armstrong|ella and louis@@1@@11@@@@love is here to stay:album_track_try_harder_no_safe_match:1469584174,apple_music_try_harder_pass_v1,album|ella fitzgerald and louis armstrong|ella and louis@@1@@11@@@@love is here to stay,album_sidecar_track,track,,Love Is Here to Stay,1956,us,album_track_try_harder_no_safe_match,11,43,1469584174,,false
album_sidecar_track:album|ella fitzgerald and louis armstrong|ella and louis@@1@@12@@@@they can t take that away from me:album_track_try_harder_no_safe_match:1469584174,apple_music_try_harder_pass_v1,album|ella fitzgerald and louis armstrong|ella and louis@@1@@12@@@@they can t take that away from me,album_sidecar_track,track,,They Can’t Take That Away From Me,1956,us,album_track_try_harder_no_safe_match,11,44,1469584174,,false
album_sidecar_track:album|ella fitzgerald and louis armstrong|ella and louis@@1@@13@@@@isn t this a lovely day:album_track_try_harder_no_safe_match:1469584174,apple_music_try_harder_pass_v1,album|ella fitzgerald and louis armstrong|ella and louis@@1@@13@@@@isn t this a lovely day,album_sidecar_track,track,,Isn’t This a Lovely Day,1956,us,album_track_try_harder_no_safe_match,11,28,1469584174,,false
album_sidecar_track:album|ella fitzgerald and louis armstrong|ella and louis@@1@@14@@@@under a blanket of blue:album_track_try_harder_no_safe_match:1469584174,apple_music_try_harder_pass_v1,album|ella fitzgerald and louis armstrong|ella and louis@@1@@14@@@@under a blanket of blue,album_sidecar_track,track,,Under a Blanket of Blue,1956,us,album_track_try_harder_no_safe_match,11,34,1469584174,,false
album_sidecar_track:album|ella fitzgerald and louis armstrong|ella and louis@@1@@15@@@@tenderly:album_track_try_harder_no_safe_match:1469584174,apple_music_try_harder_pass_v1,album|ella fitzgerald and louis armstrong|ella and louis@@1@@15@@@@tenderly,album_sidecar_track,track,,Tenderly,1956,us,album_track_try_harder_no_safe_match,11,37,1469584174,,false
album_sidecar_track:album|ella fitzgerald and louis armstrong|ella and louis@@1@@16@@@@i ve got my love to keep me warm:album_track_try_harder_no_safe_match:1469584174,apple_music_try_harder_pass_v1,album|ella fitzgerald and louis armstrong|ella and louis@@1@@16@@@@i ve got my love to keep me warm,album_sidecar_track,track,,I’ve Got My Love to Keep Me Warm,1956,us,album_track_try_harder_no_safe_match,11,5,1469584174,,false
album_sidecar_track:album|ella fitzgerald and louis armstrong|ella and louis@@1@@2@@@@don t be that way:album_track_try_harder_no_safe_match:1469584174,apple_music_try_harder_pass_v1,album|ella fitzgerald and louis armstrong|ella and louis@@1@@2@@@@don t be that way,album_sidecar_track,track,,Don’t Be That Way,1956,us,album_track_try_harder_no_safe_match,11,47,1469584174,,false
album_sidecar_track:album|ella fitzgerald and louis armstrong|ella and louis@@1@@3@@@@let s call whole thing off:album_track_try_harder_no_safe_match:1469584174,apple_music_try_harder_pass_v1,album|ella fitzgerald and louis armstrong|ella and louis@@1@@3@@@@let s call whole thing off,album_sidecar_track,track,,Let’s Call the Whole Thing Off,1956,us,album_track_try_harder_no_safe_match,11,46,1469584174,,false
album_sidecar_track:album|ella fitzgerald and louis armstrong|ella and louis@@1@@4@@@@stars fell on alabama:album_track_try_harder_no_safe_match:1469584174,apple_music_try_harder_pass_v1,album|ella fitzgerald and louis armstrong|ella and louis@@1@@4@@@@stars fell on alabama,album_sidecar_track,track,,Stars Fell on Alabama,1956,us,album_track_try_harder_no_safe_match,11,45,1469584174,,false
album_sidecar_track:album|ella fitzgerald and louis armstrong|ella and louis@@1@@5@@@@a fine romance:album_track_try_harder_no_safe_match:1469584174,apple_music_try_harder_pass_v1,album|ella fitzgerald and louis armstrong|ella and louis@@1@@5@@@@a fine romance,album_sidecar_track,track,,A Fine Romance,1956,us,album_track_try_harder_no_safe_match,11,44,1469584174,,false
album_sidecar_track:album|ella fitzgerald and louis armstrong|ella and louis@@1@@6@@@@nearness of you:album_track_try_harder_no_safe_match:1469584174,apple_music_try_harder_pass_v1,album|ella fitzgerald and louis armstrong|ella and louis@@1@@6@@@@nearness of you,album_sidecar_track,track,,The Nearness of You,1956,us,album_track_try_harder_no_safe_match,11,43,1469584174,,false
album_sidecar_track:album|ella fitzgerald and louis armstrong|ella and louis@@1@@7@@@@can t we be friends:album_track_try_harder_no_safe_match:1469584174,apple_music_try_harder_pass_v1,album|ella fitzgerald and louis armstrong|ella and louis@@1@@7@@@@can t we be friends,album_sidecar_track,track,,Can’t We Be Friends,1956,us,album_track_try_harder_no_safe_match,11,43,1469584174,,false
album_sidecar_track:album|ella fitzgerald and louis armstrong|ella and louis@@1@@8@@@@a foggy day in london town:album_track_try_harder_no_safe_match:1469584174,apple_music_try_harder_pass_v1,album|ella fitzgerald and louis armstrong|ella and louis@@1@@8@@@@a foggy day in london town,album_sidecar_track,track,,A Foggy Day in London Town,1956,us,album_track_try_harder_no_safe_match,11,43,1469584174,,false
album_sidecar_track:album|ella fitzgerald and louis armstrong|ella and louis@@1@@9@@@@i m puttin all my eggs in one basket:album_track_try_harder_no_safe_match:1469584174,apple_music_try_harder_pass_v1,album|ella fitzgerald and louis armstrong|ella and louis@@1@@9@@@@i m puttin all my eggs in one basket,album_sidecar_track,track,,I’m Puttin’ All My Eggs in One Basket,1956,us,album_track_try_harder_no_safe_match,11,43,1469584174,,false
album_sidecar_track:album|elton john|goodbye yellow brick road@@2@@1@@@@sweet painted lady:album_track_try_harder_no_safe_match:1440863013,apple_music_try_harder_pass_v1,album|elton john|goodbye yellow brick road@@2@@1@@@@sweet painted lady,album_sidecar_track,track,,Sweet Painted Lady,1973,us,album_track_try_harder_no_safe_match,9,47,1440863013,,false
album_sidecar_track:album|elton john|goodbye yellow brick road@@2@@2@@@@ballad of danny bailey 1909 34:album_track_try_harder_no_safe_match:1440863013,apple_music_try_harder_pass_v1,album|elton john|goodbye yellow brick road@@2@@2@@@@ballad of danny bailey 1909 34,album_sidecar_track,track,,The Ballad of Danny Bailey (1909-34),1973,us,album_track_try_harder_no_safe_match,9,33,1440863013,,false
album_sidecar_track:album|elton john|goodbye yellow brick road@@2@@3@@@@dirty little girl:album_track_try_harder_no_safe_match:1440863013,apple_music_try_harder_pass_v1,album|elton john|goodbye yellow brick road@@2@@3@@@@dirty little girl,album_sidecar_track,track,,Dirty Little Girl,1973,us,album_track_try_harder_no_safe_match,9,47,1440863013,,false
album_sidecar_track:album|elton john|goodbye yellow brick road@@2@@4@@@@all girls love alice:album_track_try_harder_no_safe_match:1440863013,apple_music_try_harder_pass_v1,album|elton john|goodbye yellow brick road@@2@@4@@@@all girls love alice,album_sidecar_track,track,,All the Girls Love Alice,1973,us,album_track_try_harder_no_safe_match,9,47,1440863013,,false
album_sidecar_track:album|elton john|goodbye yellow brick road@@2@@5@@@@your sister can t twist but she can rock n roll:album_track_try_harder_no_safe_match:1440863013,apple_music_try_harder_pass_v1,album|elton john|goodbye yellow brick road@@2@@5@@@@your sister can t twist but she can rock n roll,album_sidecar_track,track,,Your Sister Can't Twist (but She Can Rock 'n Roll),1973,us,album_track_try_harder_no_safe_match,9,47,1440863013,,false
album_sidecar_track:album|elton john|goodbye yellow brick road@@2@@6@@@@saturday night s alright for fighting:album_track_try_harder_no_safe_match:1440863013,apple_music_try_harder_pass_v1,album|elton john|goodbye yellow brick road@@2@@6@@@@saturday night s alright for fighting,album_sidecar_track,track,,Saturday Night's Alright for Fighting,1973,us,album_track_try_harder_no_safe_match,9,43,1440863013,,false
album_sidecar_track:album|elton john|goodbye yellow brick road@@2@@7@@@@roy rogers:album_track_try_harder_no_safe_match:1440863013,apple_music_try_harder_pass_v1,album|elton john|goodbye yellow brick road@@2@@7@@@@roy rogers,album_sidecar_track,track,,Roy Rogers,1973,us,album_track_try_harder_no_safe_match,9,47,1440863013,,false
album_sidecar_track:album|elton john|goodbye yellow brick road@@2@@8@@@@social disease:album_track_try_harder_no_safe_match:1440863013,apple_music_try_harder_pass_v1,album|elton john|goodbye yellow brick road@@2@@8@@@@social disease,album_sidecar_track,track,,Social Disease,1973,us,album_track_try_harder_no_safe_match,9,47,1440863013,,false
album_sidecar_track:album|elton john|goodbye yellow brick road@@2@@9@@@@harmony:album_track_try_harder_no_safe_match:1440863013,apple_music_try_harder_pass_v1,album|elton john|goodbye yellow brick road@@2@@9@@@@harmony,album_sidecar_track,track,,Harmony,1973,us,album_track_try_harder_no_safe_match,9,47,1440863013,,false
album_sidecar_track:album|elvis costello|my aim is true@@1@@10@@@@mystery dance:album_track_try_harder_no_safe_match:1440840988,apple_music_try_harder_pass_v1,album|elvis costello|my aim is true@@1@@10@@@@mystery dance,album_sidecar_track,track,,Mystery Dance,1977,us,album_track_try_harder_no_safe_match,7,51,1440840988,,false
album_sidecar_track:album|elvis costello|my aim is true@@1@@11@@@@pay it back:album_track_try_harder_no_safe_match:1440840988,apple_music_try_harder_pass_v1,album|elvis costello|my aim is true@@1@@11@@@@pay it back,album_sidecar_track,track,,Pay It Back,1977,us,album_track_try_harder_no_safe_match,7,51,1440840988,,false
album_sidecar_track:album|elvis costello|my aim is true@@1@@12@@@@i m not angry:album_track_try_harder_no_safe_match:1440840988,apple_music_try_harder_pass_v1,album|elvis costello|my aim is true@@1@@12@@@@i m not angry,album_sidecar_track,track,,I’m Not Angry,1977,us,album_track_try_harder_no_safe_match,7,51,1440840988,,false
album_sidecar_track:album|elvis costello|my aim is true@@1@@13@@@@waiting for end of world:album_track_try_harder_no_safe_match:1440840988,apple_music_try_harder_pass_v1,album|elvis costello|my aim is true@@1@@13@@@@waiting for end of world,album_sidecar_track,track,,Waiting for the End of the World,1977,us,album_track_try_harder_no_safe_match,7,51,1440840988,,false
album_sidecar_track:album|elvis costello|my aim is true@@1@@7@@@@watching detectives:album_track_try_harder_no_safe_match:1440840988,apple_music_try_harder_pass_v1,album|elvis costello|my aim is true@@1@@7@@@@watching detectives,album_sidecar_track,track,,Watching the Detectives,1977,us,album_track_try_harder_no_safe_match,7,51,1440840988,,false
album_sidecar_track:album|elvis costello|my aim is true@@1@@8@@@@angels wanna wear my red shoes:album_track_try_harder_no_safe_match:1440840988,apple_music_try_harder_pass_v1,album|elvis costello|my aim is true@@1@@8@@@@angels wanna wear my red shoes,album_sidecar_track,track,,(The Angels Wanna Wear My) Red Shoes,1977,us,album_track_try_harder_no_safe_match,7,51,1440840988,,false
album_sidecar_track:album|elvis costello|my aim is true@@1@@9@@@@less than zero:album_track_try_harder_no_safe_match:1440840988,apple_music_try_harder_pass_v1,album|elvis costello|my aim is true@@1@@9@@@@less than zero,album_sidecar_track,track,,Less Than Zero,1977,us,album_track_try_harder_no_safe_match,7,51,1440840988,,false
album_sidecar_track:album|elvis presley|elvis christmas album@@1@@7@@@@oh little town of bethlehem:album_track_try_harder_no_safe_match:676288305,apple_music_try_harder_pass_v1,album|elvis presley|elvis christmas album@@1@@7@@@@oh little town of bethlehem,album_sidecar_track,track,,Oh Little Town of Bethlehem,1957,us,album_track_try_harder_no_safe_match,6,43,676288305,,false
album_sidecar_track:album|elvis presley|elvis presley@@1@@1@@@@crying in chapel:album_track_try_harder_no_safe_match:671019373,apple_music_try_harder_pass_v1,album|elvis presley|elvis presley@@1@@1@@@@crying in chapel,album_sidecar_track,track,,Crying in the Chapel,1956,us,album_track_try_harder_no_safe_match,12,39,671019373,,false
album_sidecar_track:album|elvis presley|elvis presley@@1@@10@@@@return to sender:album_track_try_harder_no_safe_match:671019373,apple_music_try_harder_pass_v1,album|elvis presley|elvis presley@@1@@10@@@@return to sender,album_sidecar_track,track,,Return to Sender,1956,us,album_track_try_harder_no_safe_match,12,34,671019373,,false
album_sidecar_track:album|elvis presley|elvis presley@@1@@11@@@@rock a hula baby:album_track_try_harder_no_safe_match:671019373,apple_music_try_harder_pass_v1,album|elvis presley|elvis presley@@1@@11@@@@rock a hula baby,album_sidecar_track,track,,Rock‐a‐Hula‐Baby,1956,us,album_track_try_harder_no_safe_match,12,29,671019373,,false
album_sidecar_track:album|elvis presley|elvis presley@@1@@12@@@@surrender:album_track_try_harder_no_safe_match:671019373,apple_music_try_harder_pass_v1,album|elvis presley|elvis presley@@1@@12@@@@surrender,album_sidecar_track,track,,Surrender,1956,us,album_track_try_harder_no_safe_match,12,29,671019373,,false
album_sidecar_track:album|elvis presley|elvis presley@@1@@13@@@@can t help falling in love:album_track_try_harder_no_safe_match:671019373,apple_music_try_harder_pass_v1,album|elvis presley|elvis presley@@1@@13@@@@can t help falling in love,album_sidecar_track,track,,Can’t Help Falling in Love,1956,us,album_track_try_harder_no_safe_match,12,1,671019373,,false
album_sidecar_track:album|elvis presley|elvis presley@@1@@14@@@@one broken heart for sale:album_track_try_harder_no_safe_match:671019373,apple_music_try_harder_pass_v1,album|elvis presley|elvis presley@@1@@14@@@@one broken heart for sale,album_sidecar_track,track,,One Broken Heart for Sale,1956,us,album_track_try_harder_no_safe_match,12,5,671019373,,false
album_sidecar_track:album|elvis presley|elvis presley@@1@@15@@@@stuck on you:album_track_try_harder_no_safe_match:671019373,apple_music_try_harder_pass_v1,album|elvis presley|elvis presley@@1@@15@@@@stuck on you,album_sidecar_track,track,,Stuck on You,1956,us,album_track_try_harder_no_safe_match,12,9,671019373,,false
album_sidecar_track:album|elvis presley|elvis presley@@1@@16@@@@jailhouse rock:album_track_try_harder_no_safe_match:671019373,apple_music_try_harder_pass_v1,album|elvis presley|elvis presley@@1@@16@@@@jailhouse rock,album_sidecar_track,track,,Jailhouse Rock,1956,us,album_track_try_harder_no_safe_match,12,13,671019373,,false
album_sidecar_track:album|elvis presley|elvis presley@@1@@2@@@@you re devil in disguise:album_track_try_harder_no_safe_match:671019373,apple_music_try_harder_pass_v1,album|elvis presley|elvis presley@@1@@2@@@@you re devil in disguise,album_sidecar_track,track,,(You’re the) Devil in Disguise,1956,us,album_track_try_harder_no_safe_match,12,43,671019373,,false
album_sidecar_track:album|elvis presley|elvis presley@@1@@3@@@@wooden heart:album_track_try_harder_no_safe_match:671019373,apple_music_try_harder_pass_v1,album|elvis presley|elvis presley@@1@@3@@@@wooden heart,album_sidecar_track,track,,Wooden Heart,1956,us,album_track_try_harder_no_safe_match,12,37,671019373,,false
album_sidecar_track:album|elvis presley|elvis presley@@1@@4@@@@good luck charm:album_track_try_harder_no_safe_match:671019373,apple_music_try_harder_pass_v1,album|elvis presley|elvis presley@@1@@4@@@@good luck charm,album_sidecar_track,track,,Good Luck Charm,1956,us,album_track_try_harder_no_safe_match,12,41,671019373,,false
album_sidecar_track:album|elvis presley|elvis presley@@1@@5@@@@little sister:album_track_try_harder_no_safe_match:671019373,apple_music_try_harder_pass_v1,album|elvis presley|elvis presley@@1@@5@@@@little sister,album_sidecar_track,track,,Little Sister,1956,us,album_track_try_harder_no_safe_match,12,40,671019373,,false
album_sidecar_track:album|elvis presley|elvis presley@@1@@6@@@@it s now or never:album_track_try_harder_no_safe_match:671019373,apple_music_try_harder_pass_v1,album|elvis presley|elvis presley@@1@@6@@@@it s now or never,album_sidecar_track,track,,It’s Now or Never,1956,us,album_track_try_harder_no_safe_match,12,29,671019373,,false
album_sidecar_track:album|elvis presley|elvis presley@@1@@7@@@@she s not you:album_track_try_harder_no_safe_match:671019373,apple_music_try_harder_pass_v1,album|elvis presley|elvis presley@@1@@7@@@@she s not you,album_sidecar_track,track,,She’s Not You,1956,us,album_track_try_harder_no_safe_match,12,39,671019373,,false
album_sidecar_track:album|elvis presley|elvis presley@@1@@8@@@@viva las vegas:album_track_try_harder_no_safe_match:671019373,apple_music_try_harder_pass_v1,album|elvis presley|elvis presley@@1@@8@@@@viva las vegas,album_sidecar_track,track,,Viva Las Vegas,1956,us,album_track_try_harder_no_safe_match,12,34,671019373,,false
album_sidecar_track:album|elvis presley|elvis presley@@1@@9@@@@are you lonesome tonight:album_track_try_harder_no_safe_match:671019373,apple_music_try_harder_pass_v1,album|elvis presley|elvis presley@@1@@9@@@@are you lonesome tonight,album_sidecar_track,track,,Are You Lonesome Tonight?,1956,us,album_track_try_harder_no_safe_match,12,29,671019373,,false
album_sidecar_track:album|emerson lake and palmer|brain salad surgery@@1@@5@@@@karn evil 9 1st impression part 1:album_track_try_harder_no_safe_match:1528518952,apple_music_try_harder_pass_v1,album|emerson lake and palmer|brain salad surgery@@1@@5@@@@karn evil 9 1st impression part 1,album_sidecar_track,track,,"Karn Evil 9: 1st Impression, Part 1",1973,us,album_track_try_harder_no_safe_match,4,40,1528518952,,false
album_sidecar_track:album|emerson lake and palmer|brain salad surgery@@1@@6@@@@karn evil 9 1st impression part 2:album_track_try_harder_no_safe_match:1528518952,apple_music_try_harder_pass_v1,album|emerson lake and palmer|brain salad surgery@@1@@6@@@@karn evil 9 1st impression part 2,album_sidecar_track,track,,"Karn Evil 9: 1st Impression, Part 2",1973,us,album_track_try_harder_no_safe_match,4,43,1528518952,,false
album_sidecar_track:album|eminem|eminem show@@1@@17@@@@say what you say:album_track_try_harder_no_safe_match:1440903530,apple_music_try_harder_pass_v1,album|eminem|eminem show@@1@@17@@@@say what you say,album_sidecar_track,track,,Say What You Say,2002,us,album_track_try_harder_no_safe_match,4,43,1440903530,,false
album_sidecar_track:album|eminem|marshall mathers lp@@1@@15@@@@bitch please ii:album_track_try_harder_no_safe_match:1440866782,apple_music_try_harder_pass_v1,album|eminem|marshall mathers lp@@1@@15@@@@bitch please ii,album_sidecar_track,track,,Bitch Please II,2000,us,album_track_try_harder_no_safe_match,4,43,1440866782,,false
album_sidecar_track:album|emperor|in the nightside eclipse@@1@@1@@@@intro:album_track_try_harder_no_safe_match:1670679463,apple_music_try_harder_pass_v1,album|emperor|in the nightside eclipse@@1@@1@@@@intro,album_sidecar_track,track,,Intro,1994,us,album_track_try_harder_no_safe_match,10,34,1670679463,,false
album_sidecar_track:album|emperor|in the nightside eclipse@@1@@2@@@@into infinity of thoughts:album_track_try_harder_no_safe_match:1670679463,apple_music_try_harder_pass_v1,album|emperor|in the nightside eclipse@@1@@2@@@@into infinity of thoughts,album_sidecar_track,track,,Into the Infinity of Thoughts,1994,us,album_track_try_harder_no_safe_match,10,42,1670679463,,false
album_sidecar_track:album|emperor|in the nightside eclipse@@1@@3@@@@burning shadows of silence:album_track_try_harder_no_safe_match:1670679463,apple_music_try_harder_pass_v1,album|emperor|in the nightside eclipse@@1@@3@@@@burning shadows of silence,album_sidecar_track,track,,The Burning Shadows of Silence,1994,us,album_track_try_harder_no_safe_match,10,55,1670679463,,false
album_sidecar_track:album|emperor|in the nightside eclipse@@1@@4@@@@cosmic keys to my creations and times:album_track_try_harder_no_safe_match:1670679463,apple_music_try_harder_pass_v1,album|emperor|in the nightside eclipse@@1@@4@@@@cosmic keys to my creations and times,album_sidecar_track,track,,Cosmic Keys to My Creations & Times,1994,us,album_track_try_harder_no_safe_match,10,54,1670679463,,false
album_sidecar_track:album|emperor|in the nightside eclipse@@1@@5@@@@beyond great vast forest:album_track_try_harder_no_safe_match:1670679463,apple_music_try_harder_pass_v1,album|emperor|in the nightside eclipse@@1@@5@@@@beyond great vast forest,album_sidecar_track,track,,Beyond the Great Vast Forest,1994,us,album_track_try_harder_no_safe_match,10,53,1670679463,,false
album_sidecar_track:album|emperor|in the nightside eclipse@@1@@6@@@@towards pantheon:album_track_try_harder_no_safe_match:1670679463,apple_music_try_harder_pass_v1,album|emperor|in the nightside eclipse@@1@@6@@@@towards pantheon,album_sidecar_track,track,,Towards the Pantheon,1994,us,album_track_try_harder_no_safe_match,10,52,1670679463,,false
album_sidecar_track:album|emperor|in the nightside eclipse@@1@@7@@@@majesty of nightsky:album_track_try_harder_no_safe_match:1670679463,apple_music_try_harder_pass_v1,album|emperor|in the nightside eclipse@@1@@7@@@@majesty of nightsky,album_sidecar_track,track,,The Majesty of the Nightsky,1994,us,album_track_try_harder_no_safe_match,10,29,1670679463,,false
album_sidecar_track:album|emperor|in the nightside eclipse@@1@@8@@@@i am black wizards:album_track_try_harder_no_safe_match:1670679463,apple_music_try_harder_pass_v1,album|emperor|in the nightside eclipse@@1@@8@@@@i am black wizards,album_sidecar_track,track,,I Am the Black Wizards,1994,us,album_track_try_harder_no_safe_match,10,51,1670679463,,false
album_sidecar_track:album|emperor|in the nightside eclipse@@1@@9@@@@inno a satana:album_track_try_harder_no_safe_match:1670679463,apple_music_try_harder_pass_v1,album|emperor|in the nightside eclipse@@1@@9@@@@inno a satana,album_sidecar_track,track,,Inno a Satana,1994,us,album_track_try_harder_no_safe_match,10,51,1670679463,,false
album_sidecar_track:album|enya|watermark@@1@@12@@@@storms in africa pt ii:album_track_try_harder_no_safe_match:62446480,apple_music_try_harder_pass_v1,album|enya|watermark@@1@@12@@@@storms in africa pt ii,album_sidecar_track,track,,Storms in Africa (Pt. II),1988,us,album_track_try_harder_no_safe_match,1,43,62446480,,false
album_sidecar_track:album|erykah badu|baduizm@@1@@1@@@@rimshot intro:album_track_try_harder_no_safe_match:1440837269,apple_music_try_harder_pass_v1,album|erykah badu|baduizm@@1@@1@@@@rimshot intro,album_sidecar_track,track,,Rimshot (intro),1997,us,album_track_try_harder_no_safe_match,14,48,1440837269,,false
album_sidecar_track:album|erykah badu|baduizm@@1@@14@@@@rimshot outro:album_track_try_harder_no_safe_match:1440837269,apple_music_try_harder_pass_v1,album|erykah badu|baduizm@@1@@14@@@@rimshot outro,album_sidecar_track,track,,Rimshot (outro),1997,us,album_track_try_harder_no_safe_match,3,43,1440837269,,false
album_sidecar_track:album|erykah badu|baduizm@@1@@4@@@@otherside of game:album_track_try_harder_no_safe_match:1440837269,apple_music_try_harder_pass_v1,album|erykah badu|baduizm@@1@@4@@@@otherside of game,album_sidecar_track,track,,Otherside of the Game,1997,us,album_track_try_harder_no_safe_match,12,45,1440837269,,false
album_sidecar_track:album|esg|come away with esg@@1@@3@@@@parking lot blues:album_track_try_harder_no_safe_match:1668437008,apple_music_try_harder_pass_v1,album|esg|come away with esg@@1@@3@@@@parking lot blues,album_sidecar_track,track,,Parking Lot Blues,1983,us,album_track_try_harder_no_safe_match,9,53,1668437008,,false
album_sidecar_track:album|esg|come away with esg@@1@@4@@@@you make no sense:album_track_try_harder_no_safe_match:1668437008,apple_music_try_harder_pass_v1,album|esg|come away with esg@@1@@4@@@@you make no sense,album_sidecar_track,track,,You Make No Sense,1983,us,album_track_try_harder_no_safe_match,9,54,1668437008,,false
album_sidecar_track:album|fall|hex enduction hour@@1@@8@@@@just step s ways:album_track_try_harder_no_safe_match:1564714288,apple_music_try_harder_pass_v1,album|fall|hex enduction hour@@1@@8@@@@just step s ways,album_sidecar_track,track,,Just Step S’ways,1982,us,album_track_try_harder_no_safe_match,13,43,1564714288,,false
album_sidecar_track:album|falling in reverse|coming home@@1@@4@@@@fuck you and all your friends:album_track_try_harder_no_safe_match:1485065540,apple_music_try_harder_pass_v1,album|falling in reverse|coming home@@1@@4@@@@fuck you and all your friends,album_sidecar_track,track,,Fuck You and All Your Friends,2017,us,album_track_try_harder_no_safe_match,10,45,1485065540,,false
album_sidecar_track:album|fat boys|crushin@@1@@10@@@@fat boys dance:album_track_try_harder_no_safe_match:1559095530,apple_music_try_harder_pass_v1,album|fat boys|crushin@@1@@10@@@@fat boys dance,album_sidecar_track,track,,Fat Boys Dance,1987,us,album_track_try_harder_no_safe_match,8,51,1559095530,,false
album_sidecar_track:album|fat boys|crushin@@1@@11@@@@wipeout:album_track_try_harder_no_safe_match:1559095530,apple_music_try_harder_pass_v1,album|fat boys|crushin@@1@@11@@@@wipeout,album_sidecar_track,track,,Wipeout,1987,us,album_track_try_harder_no_safe_match,8,33,1559095530,,false
album_sidecar_track:album|fat boys|crushin@@1@@12@@@@frannie s lament:album_track_try_harder_no_safe_match:1559095530,apple_music_try_harder_pass_v1,album|fat boys|crushin@@1@@12@@@@frannie s lament,album_sidecar_track,track,,Frannie’s Lament,1987,us,album_track_try_harder_no_safe_match,8,-2,1559095530,,false
album_sidecar_track:album|fat boys|crushin@@1@@13@@@@between sheets:album_track_try_harder_no_safe_match:1559095530,apple_music_try_harder_pass_v1,album|fat boys|crushin@@1@@13@@@@between sheets,album_sidecar_track,track,,Between the Sheets,1987,us,album_track_try_harder_no_safe_match,8,51,1559095530,,false
album_sidecar_track:album|fat boys|crushin@@1@@14@@@@we outa here:album_track_try_harder_no_safe_match:1559095530,apple_music_try_harder_pass_v1,album|fat boys|crushin@@1@@14@@@@we outa here,album_sidecar_track,track,,We Outa Here!,1987,us,album_track_try_harder_no_safe_match,8,-2,1559095530,,false
album_sidecar_track:album|fat boys|crushin@@1@@15@@@@hell no:album_track_try_harder_no_safe_match:1559095530,apple_music_try_harder_pass_v1,album|fat boys|crushin@@1@@15@@@@hell no,album_sidecar_track,track,,"Hell, No!",1987,us,album_track_try_harder_no_safe_match,8,51,1559095530,,false
album_sidecar_track:album|fat boys|crushin@@1@@3@@@@mira mark s uncle:album_track_try_harder_no_safe_match:1559095530,apple_music_try_harder_pass_v1,album|fat boys|crushin@@1@@3@@@@mira mark s uncle,album_sidecar_track,track,,"Mira, Mark’s Uncle!",1987,us,album_track_try_harder_no_safe_match,8,32,1559095530,,false
album_sidecar_track:album|fat boys|crushin@@1@@4@@@@rock ruling:album_track_try_harder_no_safe_match:1559095530,apple_music_try_harder_pass_v1,album|fat boys|crushin@@1@@4@@@@rock ruling,album_sidecar_track,track,,Rock Ruling,1987,us,album_track_try_harder_no_safe_match,8,54,1559095530,,false
album_sidecar_track:album|fat boys|crushin@@1@@5@@@@making noise:album_track_try_harder_no_safe_match:1559095530,apple_music_try_harder_pass_v1,album|fat boys|crushin@@1@@5@@@@making noise,album_sidecar_track,track,,Making Noise,1987,us,album_track_try_harder_no_safe_match,8,53,1559095530,,false
album_sidecar_track:album|fat boys|crushin@@1@@6@@@@fat boys at forty:album_track_try_harder_no_safe_match:1559095530,apple_music_try_harder_pass_v1,album|fat boys|crushin@@1@@6@@@@fat boys at forty,album_sidecar_track,track,,The Fat Boys at Forty,1987,us,album_track_try_harder_no_safe_match,8,29,1559095530,,false
album_sidecar_track:album|fat boys|crushin@@1@@7@@@@boys will be boys:album_track_try_harder_no_safe_match:1559095530,apple_music_try_harder_pass_v1,album|fat boys|crushin@@1@@7@@@@boys will be boys,album_sidecar_track,track,,Boys Will Be Boys,1987,us,album_track_try_harder_no_safe_match,8,52,1559095530,,false
album_sidecar_track:album|fat boys|crushin@@1@@8@@@@falling in love:album_track_try_harder_no_safe_match:1559095530,apple_music_try_harder_pass_v1,album|fat boys|crushin@@1@@8@@@@falling in love,album_sidecar_track,track,,Falling in Love,1987,us,album_track_try_harder_no_safe_match,8,51,1559095530,,false
album_sidecar_track:album|fat boys|crushin@@1@@9@@@@bust beat:album_track_try_harder_no_safe_match:1559095530,apple_music_try_harder_pass_v1,album|fat boys|crushin@@1@@9@@@@bust beat,album_sidecar_track,track,,Bust the Beat!,1987,us,album_track_try_harder_no_safe_match,8,29,1559095530,,false
album_sidecar_track:album|fatboy slim|you ve come a long way baby@@1@@2@@@@rockafeller skank:album_track_try_harder_no_safe_match:714916269,apple_music_try_harder_pass_v1,album|fatboy slim|you ve come a long way baby@@1@@2@@@@rockafeller skank,album_sidecar_track,track,,The Rockafeller Skank,1998,us,album_track_try_harder_no_safe_match,9,-1,714916269,,false
album_sidecar_track:album|fela kuti|zombie@@1@@1@@@@na poi:album_track_try_harder_no_safe_match:559710299,apple_music_try_harder_pass_v1,album|fela kuti|zombie@@1@@1@@@@na poi,album_sidecar_track,track,,Na Poi,1977,us,album_track_try_harder_no_safe_match,4,34,559710299,,false
album_sidecar_track:album|fela kuti|zombie@@1@@2@@@@you no go die unless you want die:album_track_try_harder_no_safe_match:559710299,apple_music_try_harder_pass_v1,album|fela kuti|zombie@@1@@2@@@@you no go die unless you want die,album_sidecar_track,track,,You No Go Die Unless You Want Die,1977,us,album_track_try_harder_no_safe_match,4,33,559710299,,false
album_sidecar_track:album|fela kuti|zombie@@1@@3@@@@zombie:album_track_try_harder_no_safe_match:559710299,apple_music_try_harder_pass_v1,album|fela kuti|zombie@@1@@3@@@@zombie,album_sidecar_track,track,,Zombie,1977,us,album_track_try_harder_no_safe_match,4,56,559710299,,false
album_sidecar_track:album|fela kuti|zombie@@1@@4@@@@mr follow follow:album_track_try_harder_no_safe_match:559710299,apple_music_try_harder_pass_v1,album|fela kuti|zombie@@1@@4@@@@mr follow follow,album_sidecar_track,track,,Mr Follow Follow,1977,us,album_track_try_harder_no_safe_match,4,55,559710299,,false
album_sidecar_track:album|femi kuti|shoki shoki@@1@@10@@@@beng beng beng chateau flight remix:album_track_try_harder_no_safe_match:1817151873,apple_music_try_harder_pass_v1,album|femi kuti|shoki shoki@@1@@10@@@@beng beng beng chateau flight remix,album_sidecar_track,track,,Beng Beng Beng (Chateau Flight remix),1998,us,album_track_try_harder_no_safe_match,0,0,1817151873,,false
album_sidecar_track:album|femi kuti|shoki shoki@@1@@11@@@@truth don die kerri chandler remix:album_track_try_harder_no_safe_match:1817151873,apple_music_try_harder_pass_v1,album|femi kuti|shoki shoki@@1@@11@@@@truth don die kerri chandler remix,album_sidecar_track,track,,Truth Don Die (Kerri Chandler remix),1998,us,album_track_try_harder_no_safe_match,0,0,1817151873,,false
album_sidecar_track:album|femi kuti|shoki shoki@@1@@12@@@@blackman know yourself roots remix:album_track_try_harder_no_safe_match:1817151873,apple_music_try_harder_pass_v1,album|femi kuti|shoki shoki@@1@@12@@@@blackman know yourself roots remix,album_sidecar_track,track,,Blackman Know Yourself (The Roots remix),1998,us,album_track_try_harder_no_safe_match,0,0,1817151873,,false
album_sidecar_track:album|fiona apple|when the pawn@@1@@1@@@@sleep to dream:album_track_try_harder_no_safe_match:153019510,apple_music_try_harder_pass_v1,album|fiona apple|when the pawn@@1@@1@@@@sleep to dream,album_sidecar_track,track,,Sleep to Dream,1999,us,album_track_try_harder_no_safe_match,10,34,153019510,,false
album_sidecar_track:album|fiona apple|when the pawn@@1@@10@@@@carrion:album_track_try_harder_no_safe_match:153019510,apple_music_try_harder_pass_v1,album|fiona apple|when the pawn@@1@@10@@@@carrion,album_sidecar_track,track,,Carrion,1999,us,album_track_try_harder_no_safe_match,10,29,153019510,,false
album_sidecar_track:album|fiona apple|when the pawn@@1@@2@@@@sullen girl:album_track_try_harder_no_safe_match:153019510,apple_music_try_harder_pass_v1,album|fiona apple|when the pawn@@1@@2@@@@sullen girl,album_sidecar_track,track,,Sullen Girl,1999,us,album_track_try_harder_no_safe_match,10,43,153019510,,false
album_sidecar_track:album|fiona apple|when the pawn@@1@@3@@@@shadowboxer:album_track_try_harder_no_safe_match:153019510,apple_music_try_harder_pass_v1,album|fiona apple|when the pawn@@1@@3@@@@shadowboxer,album_sidecar_track,track,,Shadowboxer,1999,us,album_track_try_harder_no_safe_match,10,32,153019510,,false
album_sidecar_track:album|fiona apple|when the pawn@@1@@4@@@@criminal:album_track_try_harder_no_safe_match:153019510,apple_music_try_harder_pass_v1,album|fiona apple|when the pawn@@1@@4@@@@criminal,album_sidecar_track,track,,Criminal,1999,us,album_track_try_harder_no_safe_match,10,31,153019510,,false
album_sidecar_track:album|fiona apple|when the pawn@@1@@5@@@@slow like honey:album_track_try_harder_no_safe_match:153019510,apple_music_try_harder_pass_v1,album|fiona apple|when the pawn@@1@@5@@@@slow like honey,album_sidecar_track,track,,Slow Like Honey,1999,us,album_track_try_harder_no_safe_match,10,30,153019510,,false
album_sidecar_track:album|fiona apple|when the pawn@@1@@6@@@@first taste:album_track_try_harder_no_safe_match:153019510,apple_music_try_harder_pass_v1,album|fiona apple|when the pawn@@1@@6@@@@first taste,album_sidecar_track,track,,The First Taste,1999,us,album_track_try_harder_no_safe_match,10,39,153019510,,false
album_sidecar_track:album|fiona apple|when the pawn@@1@@7@@@@never is a promise:album_track_try_harder_no_safe_match:153019510,apple_music_try_harder_pass_v1,album|fiona apple|when the pawn@@1@@7@@@@never is a promise,album_sidecar_track,track,,Never Is a Promise,1999,us,album_track_try_harder_no_safe_match,10,29,153019510,,false
album_sidecar_track:album|fiona apple|when the pawn@@1@@8@@@@child is gone:album_track_try_harder_no_safe_match:153019510,apple_music_try_harder_pass_v1,album|fiona apple|when the pawn@@1@@8@@@@child is gone,album_sidecar_track,track,,The Child Is Gone,1999,us,album_track_try_harder_no_safe_match,10,43,153019510,,false
album_sidecar_track:album|fiona apple|when the pawn@@1@@9@@@@pale september:album_track_try_harder_no_safe_match:153019510,apple_music_try_harder_pass_v1,album|fiona apple|when the pawn@@1@@9@@@@pale september,album_sidecar_track,track,,Pale September,1999,us,album_track_try_harder_no_safe_match,10,29,153019510,,false
album_sidecar_track:album|fiona apple|when the pawn@@2@@1@@@@on bound:album_track_try_harder_no_safe_match:153019510,apple_music_try_harder_pass_v1,album|fiona apple|when the pawn@@2@@1@@@@on bound,album_sidecar_track,track,,On the Bound,1999,us,album_track_try_harder_no_safe_match,10,56,153019510,,false
album_sidecar_track:album|fiona apple|when the pawn@@2@@10@@@@i know:album_track_try_harder_no_safe_match:153019510,apple_music_try_harder_pass_v1,album|fiona apple|when the pawn@@2@@10@@@@i know,album_sidecar_track,track,,I Know,1999,us,album_track_try_harder_no_safe_match,10,47,153019510,,false
album_sidecar_track:album|fiona apple|when the pawn@@2@@11@@@@across universe:album_track_try_harder_no_safe_match:153019510,apple_music_try_harder_pass_v1,album|fiona apple|when the pawn@@2@@11@@@@across universe,album_sidecar_track,track,,Across the Universe,1999,us,album_track_try_harder_no_safe_match,10,10,153019510,,false
album_sidecar_track:album|fiona apple|when the pawn@@2@@12@@@@never is a promise:album_track_try_harder_no_safe_match:153019510,apple_music_try_harder_pass_v1,album|fiona apple|when the pawn@@2@@12@@@@never is a promise,album_sidecar_track,track,,Never Is a Promise,1999,us,album_track_try_harder_no_safe_match,10,0,153019510,,false
album_sidecar_track:album|fiona apple|when the pawn@@2@@2@@@@to your love:album_track_try_harder_no_safe_match:153019510,apple_music_try_harder_pass_v1,album|fiona apple|when the pawn@@2@@2@@@@to your love,album_sidecar_track,track,,To Your Love,1999,us,album_track_try_harder_no_safe_match,10,55,153019510,,false
album_sidecar_track:album|fiona apple|when the pawn@@2@@3@@@@limp:album_track_try_harder_no_safe_match:153019510,apple_music_try_harder_pass_v1,album|fiona apple|when the pawn@@2@@3@@@@limp,album_sidecar_track,track,,Limp,1999,us,album_track_try_harder_no_safe_match,10,54,153019510,,false
album_sidecar_track:album|fiona apple|when the pawn@@2@@4@@@@love ridden:album_track_try_harder_no_safe_match:153019510,apple_music_try_harder_pass_v1,album|fiona apple|when the pawn@@2@@4@@@@love ridden,album_sidecar_track,track,,Love Ridden,1999,us,album_track_try_harder_no_safe_match,10,53,153019510,,false
album_sidecar_track:album|fiona apple|when the pawn@@2@@5@@@@paper bag:album_track_try_harder_no_safe_match:153019510,apple_music_try_harder_pass_v1,album|fiona apple|when the pawn@@2@@5@@@@paper bag,album_sidecar_track,track,,Paper Bag,1999,us,album_track_try_harder_no_safe_match,10,52,153019510,,false
album_sidecar_track:album|fiona apple|when the pawn@@2@@6@@@@a mistake:album_track_try_harder_no_safe_match:153019510,apple_music_try_harder_pass_v1,album|fiona apple|when the pawn@@2@@6@@@@a mistake,album_sidecar_track,track,,A Mistake,1999,us,album_track_try_harder_no_safe_match,10,51,153019510,,false
album_sidecar_track:album|fiona apple|when the pawn@@2@@7@@@@fast as you can:album_track_try_harder_no_safe_match:153019510,apple_music_try_harder_pass_v1,album|fiona apple|when the pawn@@2@@7@@@@fast as you can,album_sidecar_track,track,,Fast as You Can,1999,us,album_track_try_harder_no_safe_match,10,51,153019510,,false
album_sidecar_track:album|fiona apple|when the pawn@@2@@8@@@@way things are:album_track_try_harder_no_safe_match:153019510,apple_music_try_harder_pass_v1,album|fiona apple|when the pawn@@2@@8@@@@way things are,album_sidecar_track,track,,The Way Things Are,1999,us,album_track_try_harder_no_safe_match,10,51,153019510,,false
album_sidecar_track:album|fiona apple|when the pawn@@2@@9@@@@get gone:album_track_try_harder_no_safe_match:153019510,apple_music_try_harder_pass_v1,album|fiona apple|when the pawn@@2@@9@@@@get gone,album_sidecar_track,track,,Get Gone,1999,us,album_track_try_harder_no_safe_match,10,51,153019510,,false
album_sidecar_track:album|fischerspooner|1@@1@@12@@@@megacolon:album_track_try_harder_no_safe_match:715785591,apple_music_try_harder_pass_v1,album|fischerspooner|1@@1@@12@@@@megacolon,album_sidecar_track,track,,Megacolon,2001,us,album_track_try_harder_no_safe_match,3,43,715785591,,false
album_sidecar_track:album|fischerspooner|1@@1@@9@@@@fucker:album_track_try_harder_no_safe_match:715785591,apple_music_try_harder_pass_v1,album|fischerspooner|1@@1@@9@@@@fucker,album_sidecar_track,track,,Fucker,2001,us,album_track_try_harder_no_safe_match,5,43,715785591,,false
album_sidecar_track:album|flamin groovies|shake some action@@1@@7@@@@let boy rock n roll:album_track_try_harder_no_safe_match:276981907,apple_music_try_harder_pass_v1,album|flamin groovies|shake some action@@1@@7@@@@let boy rock n roll,album_sidecar_track,track,,Let the Boy Rock n' Roll,1976,us,album_track_try_harder_no_safe_match,8,43,276981907,,false
album_sidecar_track:album|flamingos|flamingo serenade@@1@@1@@@@love walked in:album_track_try_harder_no_safe_match:1195540531,apple_music_try_harder_pass_v1,album|flamingos|flamingo serenade@@1@@1@@@@love walked in,album_sidecar_track,track,,Love Walked In,1959,us,album_track_try_harder_no_safe_match,12,51,1195540531,,false
album_sidecar_track:album|flamingos|flamingo serenade@@1@@10@@@@where or when:album_track_try_harder_no_safe_match:1195540531,apple_music_try_harder_pass_v1,album|flamingos|flamingo serenade@@1@@10@@@@where or when,album_sidecar_track,track,,Where or When,1959,us,album_track_try_harder_no_safe_match,12,53,1195540531,,false
album_sidecar_track:album|flamingos|flamingo serenade@@1@@11@@@@yours:album_track_try_harder_no_safe_match:1195540531,apple_music_try_harder_pass_v1,album|flamingos|flamingo serenade@@1@@11@@@@yours,album_sidecar_track,track,,Yours,1959,us,album_track_try_harder_no_safe_match,12,52,1195540531,,false
album_sidecar_track:album|flamingos|flamingo serenade@@1@@12@@@@but not for me:album_track_try_harder_no_safe_match:1195540531,apple_music_try_harder_pass_v1,album|flamingos|flamingo serenade@@1@@12@@@@but not for me,album_sidecar_track,track,,But Not for Me,1959,us,album_track_try_harder_no_safe_match,12,51,1195540531,,false
album_sidecar_track:album|flamingos|flamingo serenade@@1@@2@@@@music maestro please:album_track_try_harder_no_safe_match:1195540531,apple_music_try_harder_pass_v1,album|flamingos|flamingo serenade@@1@@2@@@@music maestro please,album_sidecar_track,track,,Music Maestro Please,1959,us,album_track_try_harder_no_safe_match,12,51,1195540531,,false
album_sidecar_track:album|flamingos|flamingo serenade@@1@@3@@@@begin beguine:album_track_try_harder_no_safe_match:1195540531,apple_music_try_harder_pass_v1,album|flamingos|flamingo serenade@@1@@3@@@@begin beguine,album_sidecar_track,track,,Begin the Beguine,1959,us,album_track_try_harder_no_safe_match,12,51,1195540531,,false
album_sidecar_track:album|flamingos|flamingo serenade@@1@@4@@@@breeze and i:album_track_try_harder_no_safe_match:1195540531,apple_music_try_harder_pass_v1,album|flamingos|flamingo serenade@@1@@4@@@@breeze and i,album_sidecar_track,track,,The Breeze and I,1959,us,album_track_try_harder_no_safe_match,12,51,1195540531,,false
album_sidecar_track:album|flamingos|flamingo serenade@@1@@5@@@@time was:album_track_try_harder_no_safe_match:1195540531,apple_music_try_harder_pass_v1,album|flamingos|flamingo serenade@@1@@5@@@@time was,album_sidecar_track,track,,Time Was,1959,us,album_track_try_harder_no_safe_match,12,51,1195540531,,false
album_sidecar_track:album|flamingos|flamingo serenade@@1@@6@@@@goodnight sweetheart:album_track_try_harder_no_safe_match:1195540531,apple_music_try_harder_pass_v1,album|flamingos|flamingo serenade@@1@@6@@@@goodnight sweetheart,album_sidecar_track,track,,Goodnight Sweetheart,1959,us,album_track_try_harder_no_safe_match,12,51,1195540531,,false
album_sidecar_track:album|flamingos|flamingo serenade@@1@@7@@@@i only have eyes for you:album_track_try_harder_no_safe_match:1195540531,apple_music_try_harder_pass_v1,album|flamingos|flamingo serenade@@1@@7@@@@i only have eyes for you,album_sidecar_track,track,,I Only Have Eyes for You,1959,us,album_track_try_harder_no_safe_match,12,56,1195540531,,false
album_sidecar_track:album|flamingos|flamingo serenade@@1@@8@@@@i m in mood for love:album_track_try_harder_no_safe_match:1195540531,apple_music_try_harder_pass_v1,album|flamingos|flamingo serenade@@1@@8@@@@i m in mood for love,album_sidecar_track,track,,I'm in the Mood for Love,1959,us,album_track_try_harder_no_safe_match,12,55,1195540531,,false
album_sidecar_track:album|flamingos|flamingo serenade@@1@@9@@@@as time goes by:album_track_try_harder_no_safe_match:1195540531,apple_music_try_harder_pass_v1,album|flamingos|flamingo serenade@@1@@9@@@@as time goes by,album_sidecar_track,track,,As Time Goes By,1959,us,album_track_try_harder_no_safe_match,12,54,1195540531,,false
album_sidecar_track:album|florida georgia line|here s to the good times@@1@@12@@@@cruise live from joe s bar chicago 2012:album_track_try_harder_no_safe_match:1440811897,apple_music_try_harder_pass_v1,album|florida georgia line|here s to the good times@@1@@12@@@@cruise live from joe s bar chicago 2012,album_sidecar_track,track,,"Cruise (live from Joe’s Bar, Chicago/2012)",2012,us,album_track_try_harder_no_safe_match,0,0,1440811897,,false
album_sidecar_track:album|florida georgia line|here s to the good times@@1@@13@@@@round here live from joe s bar chicago 2012:album_track_try_harder_no_safe_match:1440811897,apple_music_try_harder_pass_v1,album|florida georgia line|here s to the good times@@1@@13@@@@round here live from joe s bar chicago 2012,album_sidecar_track,track,,"Round Here (live from Joe’s Bar, Chicago/2012)",2012,us,album_track_try_harder_no_safe_match,0,0,1440811897,,false
album_sidecar_track:album|florida georgia line|here s to the good times@@1@@14@@@@tip it back live from joe s bar chicago 2012:album_track_try_harder_no_safe_match:1440811897,apple_music_try_harder_pass_v1,album|florida georgia line|here s to the good times@@1@@14@@@@tip it back live from joe s bar chicago 2012,album_sidecar_track,track,,"Tip It Back (live from Joe’s Bar, Chicago/2012)",2012,us,album_track_try_harder_no_safe_match,0,0,1440811897,,false
album_sidecar_track:album|flume|skin@@1@@6@@@@wall fuck:album_track_try_harder_no_safe_match:1885929732,apple_music_try_harder_pass_v1,album|flume|skin@@1@@6@@@@wall fuck,album_sidecar_track,track,,Wall Fuck,2016,us,album_track_try_harder_no_safe_match,11,43,1885929732,,false
album_sidecar_track:album|flying burrito brothers|gilded palace of sin@@1@@12@@@@lazy days:album_track_try_harder_no_safe_match:1440876015,apple_music_try_harder_pass_v1,album|flying burrito brothers|gilded palace of sin@@1@@12@@@@lazy days,album_sidecar_track,track,,Lazy Days,1969,us,album_track_try_harder_no_safe_match,0,0,1440876015,,false
album_sidecar_track:album|flying burrito brothers|gilded palace of sin@@1@@13@@@@image of me:album_track_try_harder_no_safe_match:1440876015,apple_music_try_harder_pass_v1,album|flying burrito brothers|gilded palace of sin@@1@@13@@@@image of me,album_sidecar_track,track,,Image of Me,1969,us,album_track_try_harder_no_safe_match,0,0,1440876015,,false
album_sidecar_track:album|flying burrito brothers|gilded palace of sin@@1@@14@@@@high fashion queen:album_track_try_harder_no_safe_match:1440876015,apple_music_try_harder_pass_v1,album|flying burrito brothers|gilded palace of sin@@1@@14@@@@high fashion queen,album_sidecar_track,track,,High Fashion Queen,1969,us,album_track_try_harder_no_safe_match,0,0,1440876015,,false
album_sidecar_track:album|flying burrito brothers|gilded palace of sin@@1@@15@@@@if you gotta go:album_track_try_harder_no_safe_match:1440876015,apple_music_try_harder_pass_v1,album|flying burrito brothers|gilded palace of sin@@1@@15@@@@if you gotta go,album_sidecar_track,track,,If You Gotta Go,1969,us,album_track_try_harder_no_safe_match,0,0,1440876015,,false
album_sidecar_track:album|flying burrito brothers|gilded palace of sin@@1@@16@@@@man in fog:album_track_try_harder_no_safe_match:1440876015,apple_music_try_harder_pass_v1,album|flying burrito brothers|gilded palace of sin@@1@@16@@@@man in fog,album_sidecar_track,track,,Man in the Fog,1969,us,album_track_try_harder_no_safe_match,0,0,1440876015,,false
album_sidecar_track:album|flying burrito brothers|gilded palace of sin@@1@@17@@@@farther along:album_track_try_harder_no_safe_match:1440876015,apple_music_try_harder_pass_v1,album|flying burrito brothers|gilded palace of sin@@1@@17@@@@farther along,album_sidecar_track,track,,Farther Along,1969,us,album_track_try_harder_no_safe_match,0,0,1440876015,,false
album_sidecar_track:album|flying burrito brothers|gilded palace of sin@@1@@18@@@@older guys:album_track_try_harder_no_safe_match:1440876015,apple_music_try_harder_pass_v1,album|flying burrito brothers|gilded palace of sin@@1@@18@@@@older guys,album_sidecar_track,track,,Older Guys,1969,us,album_track_try_harder_no_safe_match,0,0,1440876015,,false
album_sidecar_track:album|flying burrito brothers|gilded palace of sin@@1@@19@@@@cody cody:album_track_try_harder_no_safe_match:1440876015,apple_music_try_harder_pass_v1,album|flying burrito brothers|gilded palace of sin@@1@@19@@@@cody cody,album_sidecar_track,track,,"Cody, Cody",1969,us,album_track_try_harder_no_safe_match,0,0,1440876015,,false
album_sidecar_track:album|flying burrito brothers|gilded palace of sin@@1@@20@@@@god s own singer:album_track_try_harder_no_safe_match:1440876015,apple_music_try_harder_pass_v1,album|flying burrito brothers|gilded palace of sin@@1@@20@@@@god s own singer,album_sidecar_track,track,,God’s Own Singer,1969,us,album_track_try_harder_no_safe_match,0,0,1440876015,,false
album_sidecar_track:album|flying burrito brothers|gilded palace of sin@@1@@21@@@@down in churchyard:album_track_try_harder_no_safe_match:1440876015,apple_music_try_harder_pass_v1,album|flying burrito brothers|gilded palace of sin@@1@@21@@@@down in churchyard,album_sidecar_track,track,,Down in the Churchyard,1969,us,album_track_try_harder_no_safe_match,0,0,1440876015,,false
album_sidecar_track:album|flying burrito brothers|gilded palace of sin@@1@@22@@@@wild horses:album_track_try_harder_no_safe_match:1440876015,apple_music_try_harder_pass_v1,album|flying burrito brothers|gilded palace of sin@@1@@22@@@@wild horses,album_sidecar_track,track,,Wild Horses,1969,us,album_track_try_harder_no_safe_match,0,0,1440876015,,false
album_sidecar_track:album|foals|antidotes@@1@@12@@@@hummer:album_track_try_harder_no_safe_match:1551822348,apple_music_try_harder_pass_v1,album|foals|antidotes@@1@@12@@@@hummer,album_sidecar_track,track,,Hummer,2008,us,album_track_try_harder_no_safe_match,10,47,1551822348,,false
album_sidecar_track:album|foals|antidotes@@1@@13@@@@mathletics:album_track_try_harder_no_safe_match:1551822348,apple_music_try_harder_pass_v1,album|foals|antidotes@@1@@13@@@@mathletics,album_sidecar_track,track,,Mathletics,2008,us,album_track_try_harder_no_safe_match,10,47,1551822348,,false
album_sidecar_track:album|foals|antidotes@@1@@3@@@@red sox pugie:album_track_try_harder_no_safe_match:1551822348,apple_music_try_harder_pass_v1,album|foals|antidotes@@1@@3@@@@red sox pugie,album_sidecar_track,track,,Red Sox Pugie,2008,us,album_track_try_harder_no_safe_match,18,46,1551822348,,false
album_sidecar_track:album|frank ocean|channel orange@@1@@17@@@@end golden girl:album_track_try_harder_no_safe_match:1440765580,apple_music_try_harder_pass_v1,album|frank ocean|channel orange@@1@@17@@@@end golden girl,album_sidecar_track,track,,End / Golden Girl,2012,us,album_track_try_harder_no_safe_match,1,53,1440765580,,false
album_sidecar_track:album|fred hammond|pages of life chapters i and ii@@1@@2@@@@he s a rock interlude:album_track_try_harder_no_safe_match:303172920,apple_music_try_harder_pass_v1,album|fred hammond|pages of life chapters i and ii@@1@@2@@@@he s a rock interlude,album_sidecar_track,track,,He's a Rock (interlude),1998,us,album_track_try_harder_no_safe_match,28,47,303172920,,false
album_sidecar_track:album|free|fire and water@@1@@4@@@@heavyload:album_track_try_harder_no_safe_match:1440833369,apple_music_try_harder_pass_v1,album|free|fire and water@@1@@4@@@@heavyload,album_sidecar_track,track,,Heavyload,1970,us,album_track_try_harder_no_safe_match,4,45,1440833369,,false
album_sidecar_track:album|fugs|fugs first album@@1@@7@@@@seize day:album_track_try_harder_no_safe_match:1439276930,apple_music_try_harder_pass_v1,album|fugs|fugs first album@@1@@7@@@@seize day,album_sidecar_track,track,,Seize the Day,1965,us,album_track_try_harder_no_safe_match,4,29,1439276930,,false
album_sidecar_track:album|fugs|fugs first album@@1@@8@@@@i feel like homemade shit:album_track_try_harder_no_safe_match:1439276930,apple_music_try_harder_pass_v1,album|fugs|fugs first album@@1@@8@@@@i feel like homemade shit,album_sidecar_track,track,,I Feel Like Homemade Shit,1965,us,album_track_try_harder_no_safe_match,4,29,1439276930,,false
album_sidecar_track:album|future|monster@@1@@1@@@@intro:album_track_try_harder_no_safe_match:1484889814,apple_music_try_harder_pass_v1,album|future|monster@@1@@1@@@@intro,album_sidecar_track,track,,The Intro,2014,us,album_track_try_harder_no_safe_match,13,34,1484889814,,false
album_sidecar_track:album|future|monster@@1@@10@@@@gangland:album_track_try_harder_no_safe_match:1484889814,apple_music_try_harder_pass_v1,album|future|monster@@1@@10@@@@gangland,album_sidecar_track,track,,Gangland,2014,us,album_track_try_harder_no_safe_match,13,51,1484889814,,false
album_sidecar_track:album|future|monster@@1@@11@@@@fetti:album_track_try_harder_no_safe_match:1484889814,apple_music_try_harder_pass_v1,album|future|monster@@1@@11@@@@fetti,album_sidecar_track,track,,Fetti,2014,us,album_track_try_harder_no_safe_match,13,51,1484889814,,false
album_sidecar_track:album|future|monster@@1@@12@@@@hardly:album_track_try_harder_no_safe_match:1484889814,apple_music_try_harder_pass_v1,album|future|monster@@1@@12@@@@hardly,album_sidecar_track,track,,Hardly,2014,us,album_track_try_harder_no_safe_match,13,51,1484889814,,false
album_sidecar_track:album|future|monster@@1@@13@@@@wesley presley:album_track_try_harder_no_safe_match:1484889814,apple_music_try_harder_pass_v1,album|future|monster@@1@@13@@@@wesley presley,album_sidecar_track,track,,Wesley Presley,2014,us,album_track_try_harder_no_safe_match,13,51,1484889814,,false
album_sidecar_track:album|future|monster@@1@@14@@@@showed up:album_track_try_harder_no_safe_match:1484889814,apple_music_try_harder_pass_v1,album|future|monster@@1@@14@@@@showed up,album_sidecar_track,track,,Showed Up,2014,us,album_track_try_harder_no_safe_match,13,51,1484889814,,false
album_sidecar_track:album|future|monster@@1@@15@@@@mad luv:album_track_try_harder_no_safe_match:1484889814,apple_music_try_harder_pass_v1,album|future|monster@@1@@15@@@@mad luv,album_sidecar_track,track,,Mad Luv,2014,us,album_track_try_harder_no_safe_match,13,51,1484889814,,false
album_sidecar_track:album|future|monster@@1@@16@@@@codeine crazy:album_track_try_harder_no_safe_match:1484889814,apple_music_try_harder_pass_v1,album|future|monster@@1@@16@@@@codeine crazy,album_sidecar_track,track,,Codeine Crazy,2014,us,album_track_try_harder_no_safe_match,13,47,1484889814,,false
album_sidecar_track:album|future|monster@@1@@2@@@@radical:album_track_try_harder_no_safe_match:1484889814,apple_music_try_harder_pass_v1,album|future|monster@@1@@2@@@@radical,album_sidecar_track,track,,Radical,2014,us,album_track_try_harder_no_safe_match,13,52,1484889814,,false
album_sidecar_track:album|future|monster@@1@@3@@@@monster:album_track_try_harder_no_safe_match:1484889814,apple_music_try_harder_pass_v1,album|future|monster@@1@@3@@@@monster,album_sidecar_track,track,,Monster,2014,us,album_track_try_harder_no_safe_match,13,55,1484889814,,false
album_sidecar_track:album|future|monster@@1@@4@@@@abu s boomin:album_track_try_harder_no_safe_match:1484889814,apple_music_try_harder_pass_v1,album|future|monster@@1@@4@@@@abu s boomin,album_sidecar_track,track,,Abu’s Boomin,2014,us,album_track_try_harder_no_safe_match,13,31,1484889814,,false
album_sidecar_track:album|future|monster@@1@@5@@@@fuck up some commas:album_track_try_harder_no_safe_match:1484889814,apple_music_try_harder_pass_v1,album|future|monster@@1@@5@@@@fuck up some commas,album_sidecar_track,track,,Fuck Up Some Commas,2014,us,album_track_try_harder_no_safe_match,13,40,1484889814,,false
album_sidecar_track:album|future|monster@@1@@6@@@@throw away:album_track_try_harder_no_safe_match:1484889814,apple_music_try_harder_pass_v1,album|future|monster@@1@@6@@@@throw away,album_sidecar_track,track,,Throw Away,2014,us,album_track_try_harder_no_safe_match,13,54,1484889814,,false
album_sidecar_track:album|future|monster@@1@@7@@@@after that:album_track_try_harder_no_safe_match:1484889814,apple_music_try_harder_pass_v1,album|future|monster@@1@@7@@@@after that,album_sidecar_track,track,,After That,2014,us,album_track_try_harder_no_safe_match,13,39,1484889814,,false
album_sidecar_track:album|future|monster@@1@@8@@@@my savages:album_track_try_harder_no_safe_match:1484889814,apple_music_try_harder_pass_v1,album|future|monster@@1@@8@@@@my savages,album_sidecar_track,track,,My Savages,2014,us,album_track_try_harder_no_safe_match,13,52,1484889814,,false
album_sidecar_track:album|future|monster@@1@@9@@@@2pac:album_track_try_harder_no_safe_match:1484889814,apple_music_try_harder_pass_v1,album|future|monster@@1@@9@@@@2pac,album_sidecar_track,track,,2Pac,2014,us,album_track_try_harder_no_safe_match,13,51,1484889814,,false
album_sidecar_track:album|gang of four|solid gold@@1@@4@@@@if i could keep it for myself:album_track_try_harder_no_safe_match:1589239449,apple_music_try_harder_pass_v1,album|gang of four|solid gold@@1@@4@@@@if i could keep it for myself,album_sidecar_track,track,,If I Could Keep It for Myself,1981,us,album_track_try_harder_no_safe_match,7,45,1589239449,,false
album_sidecar_track:album|gang starr|daily operation@@1@@2@@@@place where we dwell:album_track_try_harder_no_safe_match:1442868254,apple_music_try_harder_pass_v1,album|gang starr|daily operation@@1@@2@@@@place where we dwell,album_sidecar_track,track,,The Place Where We Dwell,1992,us,album_track_try_harder_no_safe_match,17,47,1442868254,,false
album_sidecar_track:album|gang starr|step in the arena@@1@@18@@@@meaning of name:album_track_try_harder_no_safe_match:723665537,apple_music_try_harder_pass_v1,album|gang starr|step in the arena@@1@@18@@@@meaning of name,album_sidecar_track,track,,The Meaning of the Name,1991,us,album_track_try_harder_no_safe_match,3,43,723665537,,false
album_sidecar_track:album|gang starr|step in the arena@@1@@4@@@@execution of a chump no more mr nice guy part 2:album_track_try_harder_no_safe_match:723665537,apple_music_try_harder_pass_v1,album|gang starr|step in the arena@@1@@4@@@@execution of a chump no more mr nice guy part 2,album_sidecar_track,track,,"Execution of a Chump (No More Mr. Nice Guy, Part 2)",1991,us,album_track_try_harder_no_safe_match,15,45,723665537,,false
album_sidecar_track:album|gang starr|step in the arena@@1@@8@@@@lovesick:album_track_try_harder_no_safe_match:723665537,apple_music_try_harder_pass_v1,album|gang starr|step in the arena@@1@@8@@@@lovesick,album_sidecar_track,track,,Lovesick,1991,us,album_track_try_harder_no_safe_match,12,43,723665537,,false
album_sidecar_track:album|gene pitney|only love can break a heart@@1@@12@@@@my heart your heart:album_track_try_harder_no_safe_match:285982849,apple_music_try_harder_pass_v1,album|gene pitney|only love can break a heart@@1@@12@@@@my heart your heart,album_sidecar_track,track,,"My Heart, Your Heart",1962,us,album_track_try_harder_no_safe_match,3,51,285982849,,false
album_sidecar_track:album|gene pitney|only love can break a heart@@1@@6@@@@going to church on sunday:album_track_try_harder_no_safe_match:285982849,apple_music_try_harder_pass_v1,album|gene pitney|only love can break a heart@@1@@6@@@@going to church on sunday,album_sidecar_track,track,,Going to Church on Sunday,1962,us,album_track_try_harder_no_safe_match,7,51,285982849,,false
album_sidecar_track:album|gene pitney|only love can break a heart@@1@@9@@@@man who shot liberty valance:album_track_try_harder_no_safe_match:285982849,apple_music_try_harder_pass_v1,album|gene pitney|only love can break a heart@@1@@9@@@@man who shot liberty valance,album_sidecar_track,track,,(The Man Who Shot) Liberty Valance,1962,us,album_track_try_harder_no_safe_match,5,39,285982849,,false
album_sidecar_track:album|generation x|generation x@@1@@1@@@@gimme some truth:album_track_try_harder_no_safe_match:1629183195,apple_music_try_harder_pass_v1,album|generation x|generation x@@1@@1@@@@gimme some truth,album_sidecar_track,track,,Gimme Some Truth,1978,us,album_track_try_harder_no_safe_match,16,34,1629183195,,false
album_sidecar_track:album|generation x|generation x@@1@@10@@@@kiss me deadly:album_track_try_harder_no_safe_match:1629183195,apple_music_try_harder_pass_v1,album|generation x|generation x@@1@@10@@@@kiss me deadly,album_sidecar_track,track,,Kiss Me Deadly,1978,us,album_track_try_harder_no_safe_match,12,42,1629183195,,false
album_sidecar_track:album|generation x|generation x@@1@@11@@@@wild dub:album_track_try_harder_no_safe_match:1629183195,apple_music_try_harder_pass_v1,album|generation x|generation x@@1@@11@@@@wild dub,album_sidecar_track,track,,Wild Dub,1978,us,album_track_try_harder_no_safe_match,12,42,1629183195,,false
album_sidecar_track:album|generation x|generation x@@1@@12@@@@youth youth youth:album_track_try_harder_no_safe_match:1629183195,apple_music_try_harder_pass_v1,album|generation x|generation x@@1@@12@@@@youth youth youth,album_sidecar_track,track,,Youth Youth Youth,1978,us,album_track_try_harder_no_safe_match,12,42,1629183195,,false
album_sidecar_track:album|generation x|generation x@@1@@2@@@@wild youth:album_track_try_harder_no_safe_match:1629183195,apple_music_try_harder_pass_v1,album|generation x|generation x@@1@@2@@@@wild youth,album_sidecar_track,track,,Wild Youth,1978,us,album_track_try_harder_no_safe_match,16,51,1629183195,,false
album_sidecar_track:album|generation x|generation x@@1@@3@@@@from heart:album_track_try_harder_no_safe_match:1629183195,apple_music_try_harder_pass_v1,album|generation x|generation x@@1@@3@@@@from heart,album_sidecar_track,track,,From the Heart,1978,us,album_track_try_harder_no_safe_match,16,56,1629183195,,false
album_sidecar_track:album|generation x|generation x@@1@@8@@@@one hundred punks:album_track_try_harder_no_safe_match:1629183195,apple_music_try_harder_pass_v1,album|generation x|generation x@@1@@8@@@@one hundred punks,album_sidecar_track,track,,One Hundred Punks,1978,us,album_track_try_harder_no_safe_match,12,55,1629183195,,false
album_sidecar_track:album|generation x|generation x@@1@@9@@@@your generation:album_track_try_harder_no_safe_match:1629183195,apple_music_try_harder_pass_v1,album|generation x|generation x@@1@@9@@@@your generation,album_sidecar_track,track,,Your Generation,1978,us,album_track_try_harder_no_safe_match,12,51,1629183195,,false
album_sidecar_track:album|genesis|lamb lies down on broadway@@2@@4@@@@here comes supernatural anaesthetist:album_track_try_harder_no_safe_match:1842928175,apple_music_try_harder_pass_v1,album|genesis|lamb lies down on broadway@@2@@4@@@@here comes supernatural anaesthetist,album_sidecar_track,track,,Here Comes the Supernatural Anaesthetist,1974,us,album_track_try_harder_no_safe_match,9,43,1842928175,,false
album_sidecar_track:album|george michael|faith@@1@@10@@@@hard day shep pettibone remix:album_track_try_harder_no_safe_match:395918916,apple_music_try_harder_pass_v1,album|george michael|faith@@1@@10@@@@hard day shep pettibone remix,album_sidecar_track,track,,Hard Day (Shep Pettibone remix),1987,us,album_track_try_harder_no_safe_match,2,29,395918916,,false
album_sidecar_track:album|george michael|faith@@1@@11@@@@a last request i want your sex part iii:album_track_try_harder_no_safe_match:395918916,apple_music_try_harder_pass_v1,album|george michael|faith@@1@@11@@@@a last request i want your sex part iii,album_sidecar_track,track,,A Last Request (I Want Your Sex Part III),1987,us,album_track_try_harder_no_safe_match,2,9,395918916,,false
album_sidecar_track:album|george michael|faith@@1@@3@@@@i want your sex parts i and ii:album_track_try_harder_no_safe_match:395918916,apple_music_try_harder_pass_v1,album|george michael|faith@@1@@3@@@@i want your sex parts i and ii,album_sidecar_track,track,,I Want Your Sex (Parts I & II),1987,us,album_track_try_harder_no_safe_match,8,46,395918916,,false
album_sidecar_track:album|george strait|blue clear sky@@1@@11@@@@check yes or no:album_track_try_harder_no_safe_match:1440734787,apple_music_try_harder_pass_v1,album|george strait|blue clear sky@@1@@11@@@@check yes or no,album_sidecar_track,track,,Check Yes or No,1996,us,album_track_try_harder_no_safe_match,0,0,1440734787,,false
album_sidecar_track:album|ghostface killah|ironman@@1@@16@@@@soul controller:album_track_try_harder_no_safe_match:157485357,apple_music_try_harder_pass_v1,album|ghostface killah|ironman@@1@@16@@@@soul controller,album_sidecar_track,track,,The Soul Controller,1996,us,album_track_try_harder_no_safe_match,3,29,157485357,,false
album_sidecar_track:album|ghostface killah|ironman@@1@@17@@@@marvel:album_track_try_harder_no_safe_match:157485357,apple_music_try_harder_pass_v1,album|ghostface killah|ironman@@1@@17@@@@marvel,album_sidecar_track,track,,Marvel,1996,us,album_track_try_harder_no_safe_match,3,51,157485357,,false
album_sidecar_track:album|ghostface killah|ironman@@1@@3@@@@faster blade:album_track_try_harder_no_safe_match:157485357,apple_music_try_harder_pass_v1,album|ghostface killah|ironman@@1@@3@@@@faster blade,album_sidecar_track,track,,The Faster Blade,1996,us,album_track_try_harder_no_safe_match,14,46,157485357,,false
album_sidecar_track:album|ghostface killah|ironman@@1@@4@@@@260:album_track_try_harder_no_safe_match:157485357,apple_music_try_harder_pass_v1,album|ghostface killah|ironman@@1@@4@@@@260,album_sidecar_track,track,,260,1996,us,album_track_try_harder_no_safe_match,14,45,157485357,,false
album_sidecar_track:album|gilbert o sullivan|himself@@1@@13@@@@we will:album_track_try_harder_no_safe_match:1716371365,apple_music_try_harder_pass_v1,album|gilbert o sullivan|himself@@1@@13@@@@we will,album_sidecar_track,track,,We Will,1971,us,album_track_try_harder_no_safe_match,3,29,1716371365,,false
album_sidecar_track:album|gilbert o sullivan|himself@@1@@9@@@@alone again naturally:album_track_try_harder_no_safe_match:1716371365,apple_music_try_harder_pass_v1,album|gilbert o sullivan|himself@@1@@9@@@@alone again naturally,album_sidecar_track,track,,Alone Again (Naturally),1971,us,album_track_try_harder_no_safe_match,6,29,1716371365,,false
album_sidecar_track:album|gipsy kings|gipsy kings@@1@@1@@@@bem bem bem maria:album_track_try_harder_no_safe_match:316136217,apple_music_try_harder_pass_v1,album|gipsy kings|gipsy kings@@1@@1@@@@bem bem bem maria,album_sidecar_track,track,,Bem Bem Bem Maria,1988,us,album_track_try_harder_no_safe_match,12,39,316136217,,false
album_sidecar_track:album|gipsy kings|gipsy kings@@1@@10@@@@inspiration:album_track_try_harder_no_safe_match:316136217,apple_music_try_harder_pass_v1,album|gipsy kings|gipsy kings@@1@@10@@@@inspiration,album_sidecar_track,track,,Inspiration,1988,us,album_track_try_harder_no_safe_match,11,51,316136217,,false
album_sidecar_track:album|gipsy kings|gipsy kings@@1@@11@@@@la dona:album_track_try_harder_no_safe_match:316136217,apple_music_try_harder_pass_v1,album|gipsy kings|gipsy kings@@1@@11@@@@la dona,album_sidecar_track,track,,La Dona,1988,us,album_track_try_harder_no_safe_match,11,29,316136217,,false
album_sidecar_track:album|gipsy kings|gipsy kings@@1@@12@@@@hit medley:album_track_try_harder_no_safe_match:316136217,apple_music_try_harder_pass_v1,album|gipsy kings|gipsy kings@@1@@12@@@@hit medley,album_sidecar_track,track,,Hit Medley,1988,us,album_track_try_harder_no_safe_match,11,34,316136217,,false
album_sidecar_track:album|gipsy kings|gipsy kings@@1@@13@@@@la rumba de nicolas:album_track_try_harder_no_safe_match:316136217,apple_music_try_harder_pass_v1,album|gipsy kings|gipsy kings@@1@@13@@@@la rumba de nicolas,album_sidecar_track,track,,La Rumba de Nicolas,1988,us,album_track_try_harder_no_safe_match,11,8,316136217,,false
album_sidecar_track:album|gipsy kings|gipsy kings@@1@@14@@@@moorea:album_track_try_harder_no_safe_match:316136217,apple_music_try_harder_pass_v1,album|gipsy kings|gipsy kings@@1@@14@@@@moorea,album_sidecar_track,track,,Moorea,1988,us,album_track_try_harder_no_safe_match,11,54,316136217,,false
album_sidecar_track:album|gipsy kings|gipsy kings@@1@@15@@@@hotel california latino:album_track_try_harder_no_safe_match:316136217,apple_music_try_harder_pass_v1,album|gipsy kings|gipsy kings@@1@@15@@@@hotel california latino,album_sidecar_track,track,,Hotel California (Latino),1988,us,album_track_try_harder_no_safe_match,11,0,316136217,,false
album_sidecar_track:album|gipsy kings|gipsy kings@@1@@16@@@@passion:album_track_try_harder_no_safe_match:316136217,apple_music_try_harder_pass_v1,album|gipsy kings|gipsy kings@@1@@16@@@@passion,album_sidecar_track,track,,Passion,1988,us,album_track_try_harder_no_safe_match,11,11,316136217,,false
album_sidecar_track:album|gipsy kings|gipsy kings@@1@@17@@@@soy:album_track_try_harder_no_safe_match:316136217,apple_music_try_harder_pass_v1,album|gipsy kings|gipsy kings@@1@@17@@@@soy,album_sidecar_track,track,,Soy,1988,us,album_track_try_harder_no_safe_match,11,13,316136217,,false
album_sidecar_track:album|gipsy kings|gipsy kings@@1@@18@@@@vamos a bailar:album_track_try_harder_no_safe_match:316136217,apple_music_try_harder_pass_v1,album|gipsy kings|gipsy kings@@1@@18@@@@vamos a bailar,album_sidecar_track,track,,Vamos a Bailar,1988,us,album_track_try_harder_no_safe_match,11,0,316136217,,false
album_sidecar_track:album|gipsy kings|gipsy kings@@1@@19@@@@viento del arena:album_track_try_harder_no_safe_match:316136217,apple_music_try_harder_pass_v1,album|gipsy kings|gipsy kings@@1@@19@@@@viento del arena,album_sidecar_track,track,,Viento del Arena,1988,us,album_track_try_harder_no_safe_match,11,0,316136217,,false
album_sidecar_track:album|gipsy kings|gipsy kings@@1@@2@@@@escucha me:album_track_try_harder_no_safe_match:316136217,apple_music_try_harder_pass_v1,album|gipsy kings|gipsy kings@@1@@2@@@@escucha me,album_sidecar_track,track,,Escucha Me,1988,us,album_track_try_harder_no_safe_match,12,33,316136217,,false
album_sidecar_track:album|gipsy kings|gipsy kings@@1@@3@@@@a mi manera:album_track_try_harder_no_safe_match:316136217,apple_music_try_harder_pass_v1,album|gipsy kings|gipsy kings@@1@@3@@@@a mi manera,album_sidecar_track,track,,A Mi Manera,1988,us,album_track_try_harder_no_safe_match,12,51,316136217,,false
album_sidecar_track:album|gipsy kings|gipsy kings@@1@@4@@@@allegria:album_track_try_harder_no_safe_match:316136217,apple_music_try_harder_pass_v1,album|gipsy kings|gipsy kings@@1@@4@@@@allegria,album_sidecar_track,track,,Allegria,1988,us,album_track_try_harder_no_safe_match,12,41,316136217,,false
album_sidecar_track:album|gipsy kings|gipsy kings@@1@@5@@@@baila me:album_track_try_harder_no_safe_match:316136217,apple_music_try_harder_pass_v1,album|gipsy kings|gipsy kings@@1@@5@@@@baila me,album_sidecar_track,track,,Baila Me,1988,us,album_track_try_harder_no_safe_match,12,40,316136217,,false
album_sidecar_track:album|gipsy kings|gipsy kings@@1@@6@@@@amor amor:album_track_try_harder_no_safe_match:316136217,apple_music_try_harder_pass_v1,album|gipsy kings|gipsy kings@@1@@6@@@@amor amor,album_sidecar_track,track,,"Amor, Amor",1988,us,album_track_try_harder_no_safe_match,12,51,316136217,,false
album_sidecar_track:album|gipsy kings|gipsy kings@@1@@7@@@@bamboleo:album_track_try_harder_no_safe_match:316136217,apple_music_try_harder_pass_v1,album|gipsy kings|gipsy kings@@1@@7@@@@bamboleo,album_sidecar_track,track,,Bamboleo,1988,us,album_track_try_harder_no_safe_match,12,56,316136217,,false
album_sidecar_track:album|gipsy kings|gipsy kings@@1@@9@@@@el toro y la luna:album_track_try_harder_no_safe_match:316136217,apple_music_try_harder_pass_v1,album|gipsy kings|gipsy kings@@1@@9@@@@el toro y la luna,album_sidecar_track,track,,El Toro y la Luna,1988,us,album_track_try_harder_no_safe_match,11,29,316136217,,false
album_sidecar_track:album|godflesh|streetcleaner@@1@@7@@@@mighty trust crusher:album_track_try_harder_no_safe_match:61616986,apple_music_try_harder_pass_v1,album|godflesh|streetcleaner@@1@@7@@@@mighty trust crusher,album_sidecar_track,track,,Mighty Trust Crusher,1989,us,album_track_try_harder_no_safe_match,8,43,61616986,,false
album_sidecar_track:album|godz|contact high with the godz@@1@@1@@@@white cat heat:album_track_try_harder_no_safe_match:1235489548,apple_music_try_harder_pass_v1,album|godz|contact high with the godz@@1@@1@@@@white cat heat,album_sidecar_track,track,,White Cat Heat,1966,us,album_track_try_harder_no_safe_match,9,55,1235489548,,false
album_sidecar_track:album|godz|contact high with the godz@@1@@2@@@@turn on:album_track_try_harder_no_safe_match:1235489548,apple_music_try_harder_pass_v1,album|godz|contact high with the godz@@1@@2@@@@turn on,album_sidecar_track,track,,Turn On,1966,us,album_track_try_harder_no_safe_match,9,56,1235489548,,false
album_sidecar_track:album|godz|contact high with the godz@@1@@7@@@@squeak:album_track_try_harder_no_safe_match:1235489548,apple_music_try_harder_pass_v1,album|godz|contact high with the godz@@1@@7@@@@squeak,album_sidecar_track,track,,Squeak,1966,us,album_track_try_harder_no_safe_match,5,43,1235489548,,false
album_sidecar_track:album|goodie mob|still standing@@1@@1@@@@goodie mob intro:album_track_try_harder_no_safe_match:298577664,apple_music_try_harder_pass_v1,album|goodie mob|still standing@@1@@1@@@@goodie mob intro,album_sidecar_track,track,,Goodie Mob Intro,1998,us,album_track_try_harder_no_safe_match,15,34,298577664,,false
album_sidecar_track:album|goodie mob|still standing@@1@@2@@@@they don t dance no mo:album_track_try_harder_no_safe_match:298577664,apple_music_try_harder_pass_v1,album|goodie mob|still standing@@1@@2@@@@they don t dance no mo,album_sidecar_track,track,,They Don't Dance No Mo',1998,us,album_track_try_harder_no_safe_match,15,47,298577664,,false
album_sidecar_track:album|goodie mob|still standing@@1@@4@@@@beautiful skin:album_track_try_harder_no_safe_match:298577664,apple_music_try_harder_pass_v1,album|goodie mob|still standing@@1@@4@@@@beautiful skin,album_sidecar_track,track,,Beautiful Skin,1998,us,album_track_try_harder_no_safe_match,14,51,298577664,,false
album_sidecar_track:album|goodie mob|still standing@@1@@5@@@@just about over:album_track_try_harder_no_safe_match:298577664,apple_music_try_harder_pass_v1,album|goodie mob|still standing@@1@@5@@@@just about over,album_sidecar_track,track,,Just About Over,1998,us,album_track_try_harder_no_safe_match,14,51,298577664,,false
album_sidecar_track:album|goodie mob|still standing@@1@@6@@@@inshallallah:album_track_try_harder_no_safe_match:298577664,apple_music_try_harder_pass_v1,album|goodie mob|still standing@@1@@6@@@@inshallallah,album_sidecar_track,track,,Inshallallah,1998,us,album_track_try_harder_no_safe_match,14,29,298577664,,false
album_sidecar_track:album|gorillaz|cracker island@@1@@2@@@@oil:album_track_try_harder_no_safe_match:1641561652,apple_music_try_harder_pass_v1,album|gorillaz|cracker island@@1@@2@@@@oil,album_sidecar_track,track,,Oil,2023,us,album_track_try_harder_no_safe_match,10,47,1641561652,,false
album_sidecar_track:album|gram parsons|grievous angel@@1@@6@@@@medley cash on barrelhead hickory wind live:album_track_try_harder_no_safe_match:304907551,apple_music_try_harder_pass_v1,album|gram parsons|grievous angel@@1@@6@@@@medley cash on barrelhead hickory wind live,album_sidecar_track,track,,Medley: Cash on the Barrelhead / Hickory Wind (live),1974,us,album_track_try_harder_no_safe_match,4,43,304907551,,false
album_sidecar_track:album|green day|american idiot@@1@@3@@@@holiday boulevard of broken dreams:album_track_try_harder_no_safe_match:1161539183,apple_music_try_harder_pass_v1,album|green day|american idiot@@1@@3@@@@holiday boulevard of broken dreams,album_sidecar_track,track,,Holiday / Boulevard of Broken Dreams,2004,us,album_track_try_harder_no_safe_match,11,56,1161539183,,false
album_sidecar_track:album|green day|american idiot@@1@@4@@@@are we waiting st jimmy:album_track_try_harder_no_safe_match:1161539183,apple_music_try_harder_pass_v1,album|green day|american idiot@@1@@4@@@@are we waiting st jimmy,album_sidecar_track,track,,Are We the Waiting / St. Jimmy,2004,us,album_track_try_harder_no_safe_match,11,31,1161539183,,false
album_sidecar_track:album|green day|american idiot@@1@@5@@@@give me novacaine she s a rebel:album_track_try_harder_no_safe_match:1161539183,apple_music_try_harder_pass_v1,album|green day|american idiot@@1@@5@@@@give me novacaine she s a rebel,album_sidecar_track,track,,Give Me Novacaine / She’s a Rebel,2004,us,album_track_try_harder_no_safe_match,11,30,1161539183,,false
album_sidecar_track:album|green day|american idiot@@1@@6@@@@extraordinary girl letterbomb:album_track_try_harder_no_safe_match:1161539183,apple_music_try_harder_pass_v1,album|green day|american idiot@@1@@6@@@@extraordinary girl letterbomb,album_sidecar_track,track,,Extraordinary Girl / Letterbomb,2004,us,album_track_try_harder_no_safe_match,11,29,1161539183,,false
album_sidecar_track:album|green day|american idiot@@1@@7@@@@wake me up when september ends:album_track_try_harder_no_safe_match:1161539183,apple_music_try_harder_pass_v1,album|green day|american idiot@@1@@7@@@@wake me up when september ends,album_sidecar_track,track,,Wake Me Up When September Ends,2004,us,album_track_try_harder_no_safe_match,11,51,1161539183,,false
album_sidecar_track:album|green day|american idiot@@1@@8@@@@homecoming:album_track_try_harder_no_safe_match:1161539183,apple_music_try_harder_pass_v1,album|green day|american idiot@@1@@8@@@@homecoming,album_sidecar_track,track,,Homecoming,2004,us,album_track_try_harder_no_safe_match,11,51,1161539183,,false
album_sidecar_track:album|green day|american idiot@@1@@9@@@@whatsername:album_track_try_harder_no_safe_match:1161539183,apple_music_try_harder_pass_v1,album|green day|american idiot@@1@@9@@@@whatsername,album_sidecar_track,track,,Whatsername,2004,us,album_track_try_harder_no_safe_match,11,51,1161539183,,false
album_sidecar_track:album|green day|dookie@@1@@14@@@@f o d all by myself:album_track_try_harder_no_safe_match:1160081985,apple_music_try_harder_pass_v1,album|green day|dookie@@1@@14@@@@f o d all by myself,album_sidecar_track,track,,F.O.D. / All by Myself,1994,us,album_track_try_harder_no_safe_match,2,53,1160081985,,false
album_sidecar_track:album|green river|rehab doll@@1@@1@@@@forever means:album_track_try_harder_no_safe_match:283554815,apple_music_try_harder_pass_v1,album|green river|rehab doll@@1@@1@@@@forever means,album_sidecar_track,track,,Forever Means,1988,us,album_track_try_harder_no_safe_match,16,51,283554815,,false
album_sidecar_track:album|green river|rehab doll@@1@@2@@@@rehab doll:album_track_try_harder_no_safe_match:283554815,apple_music_try_harder_pass_v1,album|green river|rehab doll@@1@@2@@@@rehab doll,album_sidecar_track,track,,Rehab Doll,1988,us,album_track_try_harder_no_safe_match,16,51,283554815,,false
album_sidecar_track:album|green river|rehab doll@@1@@3@@@@swallow my pride:album_track_try_harder_no_safe_match:283554815,apple_music_try_harder_pass_v1,album|green river|rehab doll@@1@@3@@@@swallow my pride,album_sidecar_track,track,,Swallow My Pride,1988,us,album_track_try_harder_no_safe_match,16,51,283554815,,false
album_sidecar_track:album|green river|rehab doll@@1@@4@@@@together we ll never:album_track_try_harder_no_safe_match:283554815,apple_music_try_harder_pass_v1,album|green river|rehab doll@@1@@4@@@@together we ll never,album_sidecar_track,track,,Together We'll Never,1988,us,album_track_try_harder_no_safe_match,16,51,283554815,,false
album_sidecar_track:album|green river|rehab doll@@1@@5@@@@smiling and dyin:album_track_try_harder_no_safe_match:283554815,apple_music_try_harder_pass_v1,album|green river|rehab doll@@1@@5@@@@smiling and dyin,album_sidecar_track,track,,Smiling and Dyin',1988,us,album_track_try_harder_no_safe_match,16,51,283554815,,false
album_sidecar_track:album|green river|rehab doll@@1@@6@@@@porkfist:album_track_try_harder_no_safe_match:283554815,apple_music_try_harder_pass_v1,album|green river|rehab doll@@1@@6@@@@porkfist,album_sidecar_track,track,,Porkfist,1988,us,album_track_try_harder_no_safe_match,16,51,283554815,,false
album_sidecar_track:album|green river|rehab doll@@1@@7@@@@take a dive:album_track_try_harder_no_safe_match:283554815,apple_music_try_harder_pass_v1,album|green river|rehab doll@@1@@7@@@@take a dive,album_sidecar_track,track,,Take a Dive,1988,us,album_track_try_harder_no_safe_match,16,51,283554815,,false
album_sidecar_track:album|green river|rehab doll@@1@@8@@@@one more stitch:album_track_try_harder_no_safe_match:283554815,apple_music_try_harder_pass_v1,album|green river|rehab doll@@1@@8@@@@one more stitch,album_sidecar_track,track,,One More Stitch,1988,us,album_track_try_harder_no_safe_match,16,51,283554815,,false
album_sidecar_track:album|green river|rehab doll@@1@@9@@@@queen bitch:album_track_try_harder_no_safe_match:283554815,apple_music_try_harder_pass_v1,album|green river|rehab doll@@1@@9@@@@queen bitch,album_sidecar_track,track,,Queen Bitch,1988,us,album_track_try_harder_no_safe_match,16,51,283554815,,false
album_sidecar_track:album|grimes|art angels@@1@@11@@@@world princess part ii:album_track_try_harder_no_safe_match:1051022913,apple_music_try_harder_pass_v1,album|grimes|art angels@@1@@11@@@@world princess part ii,album_sidecar_track,track,,"World Princess, part II",2015,us,album_track_try_harder_no_safe_match,4,43,1051022913,,false
album_sidecar_track:album|guy clark|old no 1@@1@@3@@@@she ain t goin nowhere:album_track_try_harder_no_safe_match:284045110,apple_music_try_harder_pass_v1,album|guy clark|old no 1@@1@@3@@@@she ain t goin nowhere,album_sidecar_track,track,,She Ain't Goin' Nowhere,1975,us,album_track_try_harder_no_safe_match,8,46,284045110,,false
album_sidecar_track:album|guy clark|old no 1@@1@@4@@@@a nickel for fiddler:album_track_try_harder_no_safe_match:284045110,apple_music_try_harder_pass_v1,album|guy clark|old no 1@@1@@4@@@@a nickel for fiddler,album_sidecar_track,track,,A Nickel for the Fiddler,1975,us,album_track_try_harder_no_safe_match,8,45,284045110,,false
album_sidecar_track:album|guy clark|old no 1@@1@@7@@@@desperados waiting for train:album_track_try_harder_no_safe_match:284045110,apple_music_try_harder_pass_v1,album|guy clark|old no 1@@1@@7@@@@desperados waiting for train,album_sidecar_track,track,,Desperados Waiting for the Train,1975,us,album_track_try_harder_no_safe_match,6,43,284045110,,false
album_sidecar_track:album|halsey|badlands@@1@@10@@@@strange love:album_track_try_harder_no_safe_match:1440872587,apple_music_try_harder_pass_v1,album|halsey|badlands@@1@@10@@@@strange love,album_sidecar_track,track,,Strange Love,2015,us,album_track_try_harder_no_safe_match,7,29,1440872587,,false
album_sidecar_track:album|halsey|badlands@@1@@11@@@@coming down:album_track_try_harder_no_safe_match:1440872587,apple_music_try_harder_pass_v1,album|halsey|badlands@@1@@11@@@@coming down,album_sidecar_track,track,,Coming Down,2015,us,album_track_try_harder_no_safe_match,7,51,1440872587,,false
album_sidecar_track:album|halsey|badlands@@1@@12@@@@haunting:album_track_try_harder_no_safe_match:1440872587,apple_music_try_harder_pass_v1,album|halsey|badlands@@1@@12@@@@haunting,album_sidecar_track,track,,Haunting,2015,us,album_track_try_harder_no_safe_match,7,51,1440872587,,false
album_sidecar_track:album|halsey|badlands@@1@@13@@@@gasoline:album_track_try_harder_no_safe_match:1440872587,apple_music_try_harder_pass_v1,album|halsey|badlands@@1@@13@@@@gasoline,album_sidecar_track,track,,Gasoline,2015,us,album_track_try_harder_no_safe_match,7,10,1440872587,,false
album_sidecar_track:album|halsey|badlands@@1@@14@@@@control:album_track_try_harder_no_safe_match:1440872587,apple_music_try_harder_pass_v1,album|halsey|badlands@@1@@14@@@@control,album_sidecar_track,track,,Control,2015,us,album_track_try_harder_no_safe_match,7,51,1440872587,,false
album_sidecar_track:album|halsey|badlands@@1@@15@@@@young god:album_track_try_harder_no_safe_match:1440872587,apple_music_try_harder_pass_v1,album|halsey|badlands@@1@@15@@@@young god,album_sidecar_track,track,,Young God,2015,us,album_track_try_harder_no_safe_match,7,51,1440872587,,false
album_sidecar_track:album|halsey|badlands@@1@@16@@@@i walk line:album_track_try_harder_no_safe_match:1440872587,apple_music_try_harder_pass_v1,album|halsey|badlands@@1@@16@@@@i walk line,album_sidecar_track,track,,I Walk the Line,2015,us,album_track_try_harder_no_safe_match,7,5,1440872587,,false
album_sidecar_track:album|halsey|badlands@@1@@5@@@@hurricane:album_track_try_harder_no_safe_match:1440872587,apple_music_try_harder_pass_v1,album|halsey|badlands@@1@@5@@@@hurricane,album_sidecar_track,track,,Hurricane,2015,us,album_track_try_harder_no_safe_match,7,35,1440872587,,false
album_sidecar_track:album|halsey|badlands@@1@@6@@@@roman holiday:album_track_try_harder_no_safe_match:1440872587,apple_music_try_harder_pass_v1,album|halsey|badlands@@1@@6@@@@roman holiday,album_sidecar_track,track,,Roman Holiday,2015,us,album_track_try_harder_no_safe_match,7,52,1440872587,,false
album_sidecar_track:album|halsey|badlands@@1@@7@@@@ghost:album_track_try_harder_no_safe_match:1440872587,apple_music_try_harder_pass_v1,album|halsey|badlands@@1@@7@@@@ghost,album_sidecar_track,track,,Ghost,2015,us,album_track_try_harder_no_safe_match,7,51,1440872587,,false
album_sidecar_track:album|halsey|badlands@@1@@8@@@@colors:album_track_try_harder_no_safe_match:1440872587,apple_music_try_harder_pass_v1,album|halsey|badlands@@1@@8@@@@colors,album_sidecar_track,track,,Colors,2015,us,album_track_try_harder_no_safe_match,7,51,1440872587,,false
album_sidecar_track:album|halsey|badlands@@1@@9@@@@colors pt ii:album_track_try_harder_no_safe_match:1440872587,apple_music_try_harder_pass_v1,album|halsey|badlands@@1@@9@@@@colors pt ii,album_sidecar_track,track,,Colors Pt. II,2015,us,album_track_try_harder_no_safe_match,7,29,1440872587,,false
album_sidecar_track:album|halsey|manic@@1@@17@@@@you should be sad original voicenote:album_track_try_harder_no_safe_match:1479627997,apple_music_try_harder_pass_v1,album|halsey|manic@@1@@17@@@@you should be sad original voicenote,album_sidecar_track,track,,You Should Be Sad (original voicenote),2020,us,album_track_try_harder_no_safe_match,0,0,1479627997,,false
album_sidecar_track:album|halsey|manic@@1@@18@@@@i m not mad:album_track_try_harder_no_safe_match:1479627997,apple_music_try_harder_pass_v1,album|halsey|manic@@1@@18@@@@i m not mad,album_sidecar_track,track,,I’m Not Mad,2020,us,album_track_try_harder_no_safe_match,0,0,1479627997,,false
album_sidecar_track:album|hans zimmer|interstellar@@1@@22@@@@what happens now:album_track_try_harder_no_safe_match:1533983552,apple_music_try_harder_pass_v1,album|hans zimmer|interstellar@@1@@22@@@@what happens now,album_sidecar_track,track,,What Happens Now?,2014,us,album_track_try_harder_no_safe_match,9,51,1533983552,,false
album_sidecar_track:album|hans zimmer|interstellar@@1@@23@@@@do not go gentle into that good night:album_track_try_harder_no_safe_match:1533983552,apple_music_try_harder_pass_v1,album|hans zimmer|interstellar@@1@@23@@@@do not go gentle into that good night,album_sidecar_track,track,,Do Not Go Gentle Into That Good Night,2014,us,album_track_try_harder_no_safe_match,9,51,1533983552,,false
album_sidecar_track:album|head and the heart|head and the heart@@1@@2@@@@couer d alene:album_track_try_harder_no_safe_match:1771697400,apple_music_try_harder_pass_v1,album|head and the heart|head and the heart@@1@@2@@@@couer d alene,album_sidecar_track,track,,Couer d’Alene,2011,us,album_track_try_harder_no_safe_match,9,47,1771697400,,false
album_sidecar_track:album|highly suspect|mister asylum@@1@@5@@@@23:album_track_try_harder_no_safe_match:975018114,apple_music_try_harder_pass_v1,album|highly suspect|mister asylum@@1@@5@@@@23,album_sidecar_track,track,,23,2015,us,album_track_try_harder_no_safe_match,6,44,975018114,,false
album_sidecar_track:album|highly suspect|mister asylum@@1@@8@@@@fuck me up:album_track_try_harder_no_safe_match:975018114,apple_music_try_harder_pass_v1,album|highly suspect|mister asylum@@1@@8@@@@fuck me up,album_sidecar_track,track,,Fuck Me Up,2015,us,album_track_try_harder_no_safe_match,4,43,975018114,,false
album_sidecar_track:album|hikaru utada|first love@@1@@12@@@@automatic johnny vicious remix:album_track_try_harder_no_safe_match:1440763349,apple_music_try_harder_pass_v1,album|hikaru utada|first love@@1@@12@@@@automatic johnny vicious remix,album_sidecar_track,track,,Automatic (Johnny Vicious Remix),1999,us,album_track_try_harder_no_safe_match,0,0,1440763349,,false
album_sidecar_track:album|hillsong united|zion@@1@@14@@@@arise:album_track_try_harder_no_safe_match:1827110207,apple_music_try_harder_pass_v1,album|hillsong united|zion@@1@@14@@@@arise,album_sidecar_track,track,,Arise,2013,us,album_track_try_harder_no_safe_match,0,0,1827110207,,false
album_sidecar_track:album|hillsong united|zion@@1@@15@@@@mountain:album_track_try_harder_no_safe_match:1827110207,apple_music_try_harder_pass_v1,album|hillsong united|zion@@1@@15@@@@mountain,album_sidecar_track,track,,Mountain,2013,us,album_track_try_harder_no_safe_match,0,0,1827110207,,false
album_sidecar_track:album|hillsong united|zion@@1@@16@@@@mercy mercy reloaded:album_track_try_harder_no_safe_match:1827110207,apple_music_try_harder_pass_v1,album|hillsong united|zion@@1@@16@@@@mercy mercy reloaded,album_sidecar_track,track,,Mercy Mercy (reloaded),2013,us,album_track_try_harder_no_safe_match,0,0,1827110207,,false
album_sidecar_track:album|hillsong united|zion@@1@@17@@@@oceans where feet may fail reloaded:album_track_try_harder_no_safe_match:1827110207,apple_music_try_harder_pass_v1,album|hillsong united|zion@@1@@17@@@@oceans where feet may fail reloaded,album_sidecar_track,track,,Oceans (Where Feet May Fail) (reloaded),2013,us,album_track_try_harder_no_safe_match,0,0,1827110207,,false
album_sidecar_track:album|hillsong united|zion@@1@@18@@@@stay and wait reloaded:album_track_try_harder_no_safe_match:1827110207,apple_music_try_harder_pass_v1,album|hillsong united|zion@@1@@18@@@@stay and wait reloaded,album_sidecar_track,track,,Stay and Wait (reloaded),2013,us,album_track_try_harder_no_safe_match,0,0,1827110207,,false
album_sidecar_track:album|hole|live through this@@1@@12@@@@olympia:album_track_try_harder_no_safe_match:1445732603,apple_music_try_harder_pass_v1,album|hole|live through this@@1@@12@@@@olympia,album_sidecar_track,track,,Olympia,1994,us,album_track_try_harder_no_safe_match,1,43,1445732603,,false
album_sidecar_track:album|hollies|evolution@@1@@10@@@@when your light s turned on:album_track_try_harder_no_safe_match:1750074861,apple_music_try_harder_pass_v1,album|hollies|evolution@@1@@10@@@@when your light s turned on,album_sidecar_track,track,,When Your Light’s Turned On,1967,us,album_track_try_harder_no_safe_match,15,43,1750074861,,false
album_sidecar_track:album|howard shore|lord of the rings the fellowship of the ring@@1@@10@@@@council of elrond feat aniron theme for aragorn and arwen:album_track_try_harder_no_safe_match:323714092,apple_music_try_harder_pass_v1,album|howard shore|lord of the rings the fellowship of the ring@@1@@10@@@@council of elrond feat aniron theme for aragorn and arwen,album_sidecar_track,track,,"The Council of Elrond (feat. ""Aníron (Theme for Aragorn and Arwen)"")",2001,us,album_track_try_harder_no_safe_match,9,43,323714092,,false
album_sidecar_track:album|howard shore|lord of the rings the fellowship of the ring@@1@@14@@@@lothlorien lament for gandalf:album_track_try_harder_no_safe_match:323714092,apple_music_try_harder_pass_v1,album|howard shore|lord of the rings the fellowship of the ring@@1@@14@@@@lothlorien lament for gandalf,album_sidecar_track,track,,Lothlórien / Lament for Gandalf,2001,us,album_track_try_harder_no_safe_match,6,43,323714092,,false
album_sidecar_track:album|howard shore|lord of the rings the fellowship of the ring@@1@@17@@@@breaking of fellowship in dreams:album_track_try_harder_no_safe_match:323714092,apple_music_try_harder_pass_v1,album|howard shore|lord of the rings the fellowship of the ring@@1@@17@@@@breaking of fellowship in dreams,album_sidecar_track,track,,The Breaking of the Fellowship / In Dreams,2001,us,album_track_try_harder_no_safe_match,4,43,323714092,,false
album_sidecar_track:album|husker du|zen arcade@@2@@1@@@@somewhere:album_track_try_harder_no_safe_match:515427828,apple_music_try_harder_pass_v1,album|husker du|zen arcade@@2@@1@@@@somewhere,album_sidecar_track,track,,Somewhere,1984,us,album_track_try_harder_no_safe_match,9,51,515427828,,false
album_sidecar_track:album|husker du|zen arcade@@2@@2@@@@one step at a time:album_track_try_harder_no_safe_match:515427828,apple_music_try_harder_pass_v1,album|husker du|zen arcade@@2@@2@@@@one step at a time,album_sidecar_track,track,,One Step at a Time,1984,us,album_track_try_harder_no_safe_match,9,51,515427828,,false
album_sidecar_track:album|husker du|zen arcade@@2@@3@@@@pink turns to blue:album_track_try_harder_no_safe_match:515427828,apple_music_try_harder_pass_v1,album|husker du|zen arcade@@2@@3@@@@pink turns to blue,album_sidecar_track,track,,Pink Turns to Blue,1984,us,album_track_try_harder_no_safe_match,9,51,515427828,,false
album_sidecar_track:album|husker du|zen arcade@@2@@4@@@@newest industry:album_track_try_harder_no_safe_match:515427828,apple_music_try_harder_pass_v1,album|husker du|zen arcade@@2@@4@@@@newest industry,album_sidecar_track,track,,Newest Industry,1984,us,album_track_try_harder_no_safe_match,9,51,515427828,,false
album_sidecar_track:album|husker du|zen arcade@@2@@5@@@@monday will never be same:album_track_try_harder_no_safe_match:515427828,apple_music_try_harder_pass_v1,album|husker du|zen arcade@@2@@5@@@@monday will never be same,album_sidecar_track,track,,Monday Will Never Be the Same,1984,us,album_track_try_harder_no_safe_match,9,42,515427828,,false
album_sidecar_track:album|husker du|zen arcade@@2@@6@@@@whatever:album_track_try_harder_no_safe_match:515427828,apple_music_try_harder_pass_v1,album|husker du|zen arcade@@2@@6@@@@whatever,album_sidecar_track,track,,Whatever,1984,us,album_track_try_harder_no_safe_match,9,51,515427828,,false
album_sidecar_track:album|husker du|zen arcade@@2@@7@@@@tooth fairy and princess:album_track_try_harder_no_safe_match:515427828,apple_music_try_harder_pass_v1,album|husker du|zen arcade@@2@@7@@@@tooth fairy and princess,album_sidecar_track,track,,The Tooth Fairy and the Princess,1984,us,album_track_try_harder_no_safe_match,9,51,515427828,,false
album_sidecar_track:album|husker du|zen arcade@@2@@8@@@@turn on news:album_track_try_harder_no_safe_match:515427828,apple_music_try_harder_pass_v1,album|husker du|zen arcade@@2@@8@@@@turn on news,album_sidecar_track,track,,Turn on the News,1984,us,album_track_try_harder_no_safe_match,9,47,515427828,,false
album_sidecar_track:album|husker du|zen arcade@@2@@9@@@@reoccurring dreams:album_track_try_harder_no_safe_match:515427828,apple_music_try_harder_pass_v1,album|husker du|zen arcade@@2@@9@@@@reoccurring dreams,album_sidecar_track,track,,Reoccurring Dreams,1984,us,album_track_try_harder_no_safe_match,9,47,515427828,,false
album_sidecar_track:album|i prevail|trauma@@1@@14@@@@gasoline sped up bonus track:album_track_try_harder_no_safe_match:1452693515,apple_music_try_harder_pass_v1,album|i prevail|trauma@@1@@14@@@@gasoline sped up bonus track,album_sidecar_track,track,,Gasoline (Sped Up) [Bonus Track],2019,us,album_track_try_harder_no_safe_match,0,0,1452693515,,false
album_sidecar_track:album|ice cube|amerikkka s most wanted@@1@@1@@@@nigga ya love to hate:album_track_try_harder_no_safe_match:1422704616,apple_music_try_harder_pass_v1,album|ice cube|amerikkka s most wanted@@1@@1@@@@nigga ya love to hate,album_sidecar_track,track,,The Nigga Ya Love to Hate,1990,us,album_track_try_harder_no_safe_match,16,34,1422704616,,false
album_sidecar_track:album|ice cube|amerikkka s most wanted@@1@@10@@@@it s a man s world:album_track_try_harder_no_safe_match:1422704616,apple_music_try_harder_pass_v1,album|ice cube|amerikkka s most wanted@@1@@10@@@@it s a man s world,album_sidecar_track,track,,It’s a Man’s World,1990,us,album_track_try_harder_no_safe_match,16,29,1422704616,,false
album_sidecar_track:album|ice cube|amerikkka s most wanted@@1@@11@@@@bomb:album_track_try_harder_no_safe_match:1422704616,apple_music_try_harder_pass_v1,album|ice cube|amerikkka s most wanted@@1@@11@@@@bomb,album_sidecar_track,track,,The Bomb,1990,us,album_track_try_harder_no_safe_match,16,51,1422704616,,false
album_sidecar_track:album|ice cube|amerikkka s most wanted@@1@@2@@@@amerikkka s most wanted:album_track_try_harder_no_safe_match:1422704616,apple_music_try_harder_pass_v1,album|ice cube|amerikkka s most wanted@@1@@2@@@@amerikkka s most wanted,album_sidecar_track,track,,AmeriKKKa’s Most Wanted,1990,us,album_track_try_harder_no_safe_match,16,54,1422704616,,false
album_sidecar_track:album|ice cube|amerikkka s most wanted@@1@@3@@@@what they hittin foe:album_track_try_harder_no_safe_match:1422704616,apple_music_try_harder_pass_v1,album|ice cube|amerikkka s most wanted@@1@@3@@@@what they hittin foe,album_sidecar_track,track,,What They Hittin’ Foe?,1990,us,album_track_try_harder_no_safe_match,16,53,1422704616,,false
album_sidecar_track:album|ice cube|amerikkka s most wanted@@1@@4@@@@you can t fade me:album_track_try_harder_no_safe_match:1422704616,apple_music_try_harder_pass_v1,album|ice cube|amerikkka s most wanted@@1@@4@@@@you can t fade me,album_sidecar_track,track,,You Can’t Fade Me,1990,us,album_track_try_harder_no_safe_match,16,31,1422704616,,false
album_sidecar_track:album|ice cube|amerikkka s most wanted@@1@@5@@@@once upon a time in projects:album_track_try_harder_no_safe_match:1422704616,apple_music_try_harder_pass_v1,album|ice cube|amerikkka s most wanted@@1@@5@@@@once upon a time in projects,album_sidecar_track,track,,Once Upon a Time in the Projects,1990,us,album_track_try_harder_no_safe_match,16,42,1422704616,,false
album_sidecar_track:album|ice cube|amerikkka s most wanted@@1@@6@@@@endangered species tales from darkside:album_track_try_harder_no_safe_match:1422704616,apple_music_try_harder_pass_v1,album|ice cube|amerikkka s most wanted@@1@@6@@@@endangered species tales from darkside,album_sidecar_track,track,,Endangered Species (Tales From the Darkside),1990,us,album_track_try_harder_no_safe_match,16,39,1422704616,,false
album_sidecar_track:album|ice cube|amerikkka s most wanted@@1@@7@@@@a gangsta s fairytale:album_track_try_harder_no_safe_match:1422704616,apple_music_try_harder_pass_v1,album|ice cube|amerikkka s most wanted@@1@@7@@@@a gangsta s fairytale,album_sidecar_track,track,,A Gangsta’s Fairytale,1990,us,album_track_try_harder_no_safe_match,16,47,1422704616,,false
album_sidecar_track:album|ice cube|amerikkka s most wanted@@1@@8@@@@rollin wit lench mob:album_track_try_harder_no_safe_match:1422704616,apple_music_try_harder_pass_v1,album|ice cube|amerikkka s most wanted@@1@@8@@@@rollin wit lench mob,album_sidecar_track,track,,Rollin’ Wit the Lench Mob,1990,us,album_track_try_harder_no_safe_match,16,47,1422704616,,false
album_sidecar_track:album|ice cube|amerikkka s most wanted@@1@@9@@@@who s mack:album_track_try_harder_no_safe_match:1422704616,apple_music_try_harder_pass_v1,album|ice cube|amerikkka s most wanted@@1@@9@@@@who s mack,album_sidecar_track,track,,Who’s the Mack?,1990,us,album_track_try_harder_no_safe_match,16,47,1422704616,,false
album_sidecar_track:album|ice cube|death certificate@@1@@2@@@@wrong nigga to fuck wit:album_track_try_harder_no_safe_match:1590072758,apple_music_try_harder_pass_v1,album|ice cube|death certificate@@1@@2@@@@wrong nigga to fuck wit,album_sidecar_track,track,,The Wrong Nigga to Fuck Wit,1991,us,album_track_try_harder_no_safe_match,19,47,1590072758,,false
album_sidecar_track:album|ice cube|predator@@1@@9@@@@fuck em insert:album_track_try_harder_no_safe_match:1440858596,apple_music_try_harder_pass_v1,album|ice cube|predator@@1@@9@@@@fuck em insert,album_sidecar_track,track,,Fuck ’Em (insert),1992,us,album_track_try_harder_no_safe_match,8,43,1440858596,,false
album_sidecar_track:album|ice t|o g original gangster@@1@@9@@@@straight up nigga:album_track_try_harder_no_safe_match:345100584,apple_music_try_harder_pass_v1,album|ice t|o g original gangster@@1@@9@@@@straight up nigga,album_sidecar_track,track,,Straight Up Nigga,1991,us,album_track_try_harder_no_safe_match,16,43,345100584,,false
album_sidecar_track:album|il divo|ancora@@1@@3@@@@i believe in you je crois en tois:album_track_try_harder_no_safe_match:159707441,apple_music_try_harder_pass_v1,album|il divo|ancora@@1@@3@@@@i believe in you je crois en tois,album_sidecar_track,track,,I Believe in You (Je crois en tois),2005,us,album_track_try_harder_no_safe_match,8,46,159707441,,false
album_sidecar_track:album|iron and wine|our endless numbered days@@1@@13@@@@belated promise ring:album_track_try_harder_no_safe_match:5644896,apple_music_try_harder_pass_v1,album|iron and wine|our endless numbered days@@1@@13@@@@belated promise ring,album_sidecar_track,track,,Belated Promise Ring,2004,us,album_track_try_harder_no_safe_match,0,0,5644896,,false
album_sidecar_track:album|iron and wine|our endless numbered days@@1@@14@@@@homeward these shoes:album_track_try_harder_no_safe_match:5644896,apple_music_try_harder_pass_v1,album|iron and wine|our endless numbered days@@1@@14@@@@homeward these shoes,album_sidecar_track,track,,"Homeward, These Shoes",2004,us,album_track_try_harder_no_safe_match,0,0,5644896,,false
album_sidecar_track:album|iron and wine|our endless numbered days@@2@@1@@@@cinder and smoke demo:album_track_try_harder_no_safe_match:5644896,apple_music_try_harder_pass_v1,album|iron and wine|our endless numbered days@@2@@1@@@@cinder and smoke demo,album_sidecar_track,track,,Cinder and Smoke (demo),2004,us,album_track_try_harder_no_safe_match,0,0,5644896,,false
album_sidecar_track:album|iron and wine|our endless numbered days@@2@@2@@@@swans and swimming:album_track_try_harder_no_safe_match:5644896,apple_music_try_harder_pass_v1,album|iron and wine|our endless numbered days@@2@@2@@@@swans and swimming,album_sidecar_track,track,,Swans and the Swimming,2004,us,album_track_try_harder_no_safe_match,0,0,5644896,,false
album_sidecar_track:album|iron and wine|our endless numbered days@@2@@3@@@@free until they cut me down demo:album_track_try_harder_no_safe_match:5644896,apple_music_try_harder_pass_v1,album|iron and wine|our endless numbered days@@2@@3@@@@free until they cut me down demo,album_sidecar_track,track,,Free Until They Cut Me Down (demo),2004,us,album_track_try_harder_no_safe_match,0,0,5644896,,false
album_sidecar_track:album|iron and wine|our endless numbered days@@2@@4@@@@hickory:album_track_try_harder_no_safe_match:5644896,apple_music_try_harder_pass_v1,album|iron and wine|our endless numbered days@@2@@4@@@@hickory,album_sidecar_track,track,,Hickory,2004,us,album_track_try_harder_no_safe_match,0,0,5644896,,false
album_sidecar_track:album|iron and wine|shepherd s dog@@2@@1@@@@arms of a thief:album_track_try_harder_no_safe_match:669617227,apple_music_try_harder_pass_v1,album|iron and wine|shepherd s dog@@2@@1@@@@arms of a thief,album_sidecar_track,track,,Arms of a Thief,2007,us,album_track_try_harder_no_safe_match,0,0,669617227,,false
album_sidecar_track:album|iron and wine|shepherd s dog@@2@@2@@@@serpent charmer:album_track_try_harder_no_safe_match:669617227,apple_music_try_harder_pass_v1,album|iron and wine|shepherd s dog@@2@@2@@@@serpent charmer,album_sidecar_track,track,,Serpent Charmer,2007,us,album_track_try_harder_no_safe_match,0,0,669617227,,false
album_sidecar_track:album|iron maiden|live after death@@1@@1@@@@intro churchill s speech aces high:album_track_try_harder_no_safe_match:1713861150,apple_music_try_harder_pass_v1,album|iron maiden|live after death@@1@@1@@@@intro churchill s speech aces high,album_sidecar_track,track,,Intro: Churchill's Speech / Aces High,1985,us,album_track_try_harder_no_safe_match,18,34,1713861150,,false
album_sidecar_track:album|iron maiden|live after death@@1@@10@@@@iron maiden:album_track_try_harder_no_safe_match:1713861150,apple_music_try_harder_pass_v1,album|iron maiden|live after death@@1@@10@@@@iron maiden,album_sidecar_track,track,,Iron Maiden,1985,us,album_track_try_harder_no_safe_match,18,33,1713861150,,false
album_sidecar_track:album|iron maiden|live after death@@1@@11@@@@run to hills:album_track_try_harder_no_safe_match:1713861150,apple_music_try_harder_pass_v1,album|iron maiden|live after death@@1@@11@@@@run to hills,album_sidecar_track,track,,Run to the Hills,1985,us,album_track_try_harder_no_safe_match,18,34,1713861150,,false
album_sidecar_track:album|iron maiden|live after death@@1@@12@@@@running free:album_track_try_harder_no_safe_match:1713861150,apple_music_try_harder_pass_v1,album|iron maiden|live after death@@1@@12@@@@running free,album_sidecar_track,track,,Running Free,1985,us,album_track_try_harder_no_safe_match,18,34,1713861150,,false
album_sidecar_track:album|iron maiden|live after death@@1@@2@@@@2 minutes to midnight:album_track_try_harder_no_safe_match:1713861150,apple_music_try_harder_pass_v1,album|iron maiden|live after death@@1@@2@@@@2 minutes to midnight,album_sidecar_track,track,,2 Minutes to Midnight,1985,us,album_track_try_harder_no_safe_match,18,33,1713861150,,false
album_sidecar_track:album|iron maiden|live after death@@1@@3@@@@trooper:album_track_try_harder_no_safe_match:1713861150,apple_music_try_harder_pass_v1,album|iron maiden|live after death@@1@@3@@@@trooper,album_sidecar_track,track,,The Trooper,1985,us,album_track_try_harder_no_safe_match,18,35,1713861150,,false
album_sidecar_track:album|iron maiden|live after death@@1@@4@@@@revelations:album_track_try_harder_no_safe_match:1713861150,apple_music_try_harder_pass_v1,album|iron maiden|live after death@@1@@4@@@@revelations,album_sidecar_track,track,,Revelations,1985,us,album_track_try_harder_no_safe_match,18,34,1713861150,,false
album_sidecar_track:album|iron maiden|live after death@@1@@5@@@@flight of icarus:album_track_try_harder_no_safe_match:1713861150,apple_music_try_harder_pass_v1,album|iron maiden|live after death@@1@@5@@@@flight of icarus,album_sidecar_track,track,,Flight of Icarus,1985,us,album_track_try_harder_no_safe_match,18,30,1713861150,,false
album_sidecar_track:album|iron maiden|live after death@@1@@6@@@@rime of ancient mariner:album_track_try_harder_no_safe_match:1713861150,apple_music_try_harder_pass_v1,album|iron maiden|live after death@@1@@6@@@@rime of ancient mariner,album_sidecar_track,track,,Rime of the Ancient Mariner,1985,us,album_track_try_harder_no_safe_match,18,29,1713861150,,false
album_sidecar_track:album|iron maiden|live after death@@1@@7@@@@powerslave:album_track_try_harder_no_safe_match:1713861150,apple_music_try_harder_pass_v1,album|iron maiden|live after death@@1@@7@@@@powerslave,album_sidecar_track,track,,Powerslave,1985,us,album_track_try_harder_no_safe_match,18,29,1713861150,,false
album_sidecar_track:album|iron maiden|live after death@@1@@8@@@@number of beast:album_track_try_harder_no_safe_match:1713861150,apple_music_try_harder_pass_v1,album|iron maiden|live after death@@1@@8@@@@number of beast,album_sidecar_track,track,,The Number of the Beast,1985,us,album_track_try_harder_no_safe_match,18,29,1713861150,,false
album_sidecar_track:album|iron maiden|live after death@@1@@9@@@@hallowed be thy name:album_track_try_harder_no_safe_match:1713861150,apple_music_try_harder_pass_v1,album|iron maiden|live after death@@1@@9@@@@hallowed be thy name,album_sidecar_track,track,,Hallowed Be Thy Name,1985,us,album_track_try_harder_no_safe_match,18,29,1713861150,,false
album_sidecar_track:album|isaac hayes|black moses@@1@@8@@@@good love 6 9969:album_track_try_harder_no_safe_match:1886473322,apple_music_try_harder_pass_v1,album|isaac hayes|black moses@@1@@8@@@@good love 6 9969,album_sidecar_track,track,,Good Love 6-9969,1971,us,album_track_try_harder_no_safe_match,7,43,1886473322,,false
album_sidecar_track:album|j dilla|donuts@@1@@4@@@@light my fire:album_track_try_harder_no_safe_match:108233171,apple_music_try_harder_pass_v1,album|j dilla|donuts@@1@@4@@@@light my fire,album_sidecar_track,track,,Light My Fire,2006,us,album_track_try_harder_no_safe_match,28,45,108233171,,false
album_sidecar_track:album|ja rule|pain is love@@1@@10@@@@i m real murder remix:album_track_try_harder_no_safe_match:1450652951,apple_music_try_harder_pass_v1,album|ja rule|pain is love@@1@@10@@@@i m real murder remix,album_sidecar_track,track,,I'm Real (Murder remix),2001,us,album_track_try_harder_no_safe_match,9,29,1450652951,,false
album_sidecar_track:album|ja rule|pain is love@@1@@12@@@@x:album_track_try_harder_no_safe_match:1450652951,apple_music_try_harder_pass_v1,album|ja rule|pain is love@@1@@12@@@@x,album_sidecar_track,track,,X,2001,us,album_track_try_harder_no_safe_match,8,43,1450652951,,false
album_sidecar_track:album|ja rule|pain is love@@1@@4@@@@inc:album_track_try_harder_no_safe_match:1450652951,apple_music_try_harder_pass_v1,album|ja rule|pain is love@@1@@4@@@@inc,album_sidecar_track,track,,The Inc.,2001,us,album_track_try_harder_no_safe_match,14,45,1450652951,,false
album_sidecar_track:album|jackson 5|diana ross presents the jackson 5@@1@@8@@@@who s lovin you:album_track_try_harder_no_safe_match:1443221837,apple_music_try_harder_pass_v1,album|jackson 5|diana ross presents the jackson 5@@1@@8@@@@who s lovin you,album_sidecar_track,track,,Who's Lovin' You,1969,us,album_track_try_harder_no_safe_match,5,39,1443221837,,false
album_sidecar_track:album|james brown|payback@@2@@1@@@@forever suffering:album_track_try_harder_no_safe_match:1440814785,apple_music_try_harder_pass_v1,album|james brown|payback@@2@@1@@@@forever suffering,album_sidecar_track,track,,Forever Suffering,1973,us,album_track_try_harder_no_safe_match,4,52,1440814785,,false
album_sidecar_track:album|james brown|payback@@2@@2@@@@time is running out fast:album_track_try_harder_no_safe_match:1440814785,apple_music_try_harder_pass_v1,album|james brown|payback@@2@@2@@@@time is running out fast,album_sidecar_track,track,,Time Is Running Out Fast,1973,us,album_track_try_harder_no_safe_match,4,51,1440814785,,false
album_sidecar_track:album|james brown|payback@@2@@3@@@@stone to bone:album_track_try_harder_no_safe_match:1440814785,apple_music_try_harder_pass_v1,album|james brown|payback@@2@@3@@@@stone to bone,album_sidecar_track,track,,Stone to the Bone,1973,us,album_track_try_harder_no_safe_match,4,47,1440814785,,false
album_sidecar_track:album|james brown|payback@@2@@4@@@@mind power:album_track_try_harder_no_safe_match:1440814785,apple_music_try_harder_pass_v1,album|james brown|payback@@2@@4@@@@mind power,album_sidecar_track,track,,Mind Power,1973,us,album_track_try_harder_no_safe_match,4,37,1440814785,,false
album_sidecar_track:album|james brown|sex machine@@1@@1@@@@it s too funky in here:album_track_try_harder_no_safe_match:1442983352,apple_music_try_harder_pass_v1,album|james brown|sex machine@@1@@1@@@@it s too funky in here,album_sidecar_track,track,,It’s Too Funky in Here,1970,us,album_track_try_harder_no_safe_match,15,34,1442983352,,false
album_sidecar_track:album|james brown|sex machine@@1@@2@@@@doin it to death:album_track_try_harder_no_safe_match:1442983352,apple_music_try_harder_pass_v1,album|james brown|sex machine@@1@@2@@@@doin it to death,album_sidecar_track,track,,Doin’ It to Death,1970,us,album_track_try_harder_no_safe_match,15,33,1442983352,,false
album_sidecar_track:album|james brown|sex machine@@1@@3@@@@try me:album_track_try_harder_no_safe_match:1442983352,apple_music_try_harder_pass_v1,album|james brown|sex machine@@1@@3@@@@try me,album_sidecar_track,track,,Try Me,1970,us,album_track_try_harder_no_safe_match,15,32,1442983352,,false
album_sidecar_track:album|james brown|sex machine@@1@@4@@@@prisoner of love:album_track_try_harder_no_safe_match:1442983352,apple_music_try_harder_pass_v1,album|james brown|sex machine@@1@@4@@@@prisoner of love,album_sidecar_track,track,,Prisoner of Love,1970,us,album_track_try_harder_no_safe_match,15,31,1442983352,,false
album_sidecar_track:album|james brown|sex machine@@1@@5@@@@georgia on my mind:album_track_try_harder_no_safe_match:1442983352,apple_music_try_harder_pass_v1,album|james brown|sex machine@@1@@5@@@@georgia on my mind,album_sidecar_track,track,,Georgia on My Mind,1970,us,album_track_try_harder_no_safe_match,15,30,1442983352,,false
album_sidecar_track:album|james brown|sex machine@@1@@6@@@@super bad disco rap:album_track_try_harder_no_safe_match:1442983352,apple_music_try_harder_pass_v1,album|james brown|sex machine@@1@@6@@@@super bad disco rap,album_sidecar_track,track,,Super Bad – Disco Rap,1970,us,album_track_try_harder_no_safe_match,15,34,1442983352,,false
album_sidecar_track:album|james brown|sex machine@@1@@7@@@@get up i feel like being a sex machine:album_track_try_harder_no_safe_match:1442983352,apple_music_try_harder_pass_v1,album|james brown|sex machine@@1@@7@@@@get up i feel like being a sex machine,album_sidecar_track,track,,Get Up (I Feel Like Being a) Sex Machine,1970,us,album_track_try_harder_no_safe_match,15,29,1442983352,,false
album_sidecar_track:album|james brown|sex machine@@1@@8@@@@please please please:album_track_try_harder_no_safe_match:1442983352,apple_music_try_harder_pass_v1,album|james brown|sex machine@@1@@8@@@@please please please,album_sidecar_track,track,,"Please, Please, Please",1970,us,album_track_try_harder_no_safe_match,15,34,1442983352,,false
album_sidecar_track:album|james white and the blacks|off white@@1@@2@@@@stained sheets:album_track_try_harder_no_safe_match:258293474,apple_music_try_harder_pass_v1,album|james white and the blacks|off white@@1@@2@@@@stained sheets,album_sidecar_track,track,,Stained Sheets,1979,us,album_track_try_harder_no_safe_match,13,54,258293474,,false
album_sidecar_track:album|james white and the blacks|off white@@1@@3@@@@tropical heat wave:album_track_try_harder_no_safe_match:258293474,apple_music_try_harder_pass_v1,album|james white and the blacks|off white@@1@@3@@@@tropical heat wave,album_sidecar_track,track,,(Tropical) Heat Wave,1979,us,album_track_try_harder_no_safe_match,13,49,258293474,,false
album_sidecar_track:album|james white and the blacks|off white@@1@@4@@@@almost black part 1:album_track_try_harder_no_safe_match:258293474,apple_music_try_harder_pass_v1,album|james white and the blacks|off white@@1@@4@@@@almost black part 1,album_sidecar_track,track,,"Almost Black, Part 1",1979,us,album_track_try_harder_no_safe_match,13,31,258293474,,false
album_sidecar_track:album|james white and the blacks|off white@@1@@5@@@@white savages:album_track_try_harder_no_safe_match:258293474,apple_music_try_harder_pass_v1,album|james white and the blacks|off white@@1@@5@@@@white savages,album_sidecar_track,track,,White Savages,1979,us,album_track_try_harder_no_safe_match,13,47,258293474,,false
album_sidecar_track:album|james white and the blacks|off white@@1@@6@@@@off black:album_track_try_harder_no_safe_match:258293474,apple_music_try_harder_pass_v1,album|james white and the blacks|off white@@1@@6@@@@off black,album_sidecar_track,track,,Off Black,1979,us,album_track_try_harder_no_safe_match,13,51,258293474,,false
album_sidecar_track:album|james white and the blacks|off white@@1@@7@@@@almost black part 2:album_track_try_harder_no_safe_match:258293474,apple_music_try_harder_pass_v1,album|james white and the blacks|off white@@1@@7@@@@almost black part 2,album_sidecar_track,track,,"Almost Black, Part 2",1979,us,album_track_try_harder_no_safe_match,13,29,258293474,,false
album_sidecar_track:album|james white and the blacks|off white@@1@@8@@@@white devil:album_track_try_harder_no_safe_match:258293474,apple_music_try_harder_pass_v1,album|james white and the blacks|off white@@1@@8@@@@white devil,album_sidecar_track,track,,White Devil,1979,us,album_track_try_harder_no_safe_match,13,47,258293474,,false
album_sidecar_track:album|james white and the blacks|off white@@1@@9@@@@bleached black:album_track_try_harder_no_safe_match:258293474,apple_music_try_harder_pass_v1,album|james white and the blacks|off white@@1@@9@@@@bleached black,album_sidecar_track,track,,Bleached Black,1979,us,album_track_try_harder_no_safe_match,13,47,258293474,,false
album_sidecar_track:album|jan and dean|dead man s curve the new girl in school@@1@@11@@@@it s easy as 1 2 3:album_track_try_harder_no_safe_match:721245380,apple_music_try_harder_pass_v1,album|jan and dean|dead man s curve the new girl in school@@1@@11@@@@it s easy as 1 2 3,album_sidecar_track,track,,"It's Easy as 1, 2, 3",1964,us,album_track_try_harder_no_safe_match,2,43,721245380,,false
album_sidecar_track:album|janet jackson|janet@@1@@1@@@@say you do:album_track_try_harder_no_safe_match:1388413681,apple_music_try_harder_pass_v1,album|janet jackson|janet@@1@@1@@@@say you do,album_sidecar_track,track,,Say You Do,1993,us,album_track_try_harder_no_safe_match,28,34,1388413681,,false
album_sidecar_track:album|janet jackson|janet@@1@@2@@@@you ll never find a love like mine:album_track_try_harder_no_safe_match:1388413681,apple_music_try_harder_pass_v1,album|janet jackson|janet@@1@@2@@@@you ll never find a love like mine,album_sidecar_track,track,,You'll Never Find (A Love Like Mine),1993,us,album_track_try_harder_no_safe_match,28,38,1388413681,,false
album_sidecar_track:album|janet jackson|janet@@1@@3@@@@young love:album_track_try_harder_no_safe_match:1388413681,apple_music_try_harder_pass_v1,album|janet jackson|janet@@1@@3@@@@young love,album_sidecar_track,track,,Young Love,1993,us,album_track_try_harder_no_safe_match,28,32,1388413681,,false
album_sidecar_track:album|janet jackson|janet@@1@@4@@@@love and my best friend:album_track_try_harder_no_safe_match:1388413681,apple_music_try_harder_pass_v1,album|janet jackson|janet@@1@@4@@@@love and my best friend,album_sidecar_track,track,,Love and My Best Friend,1993,us,album_track_try_harder_no_safe_match,28,36,1388413681,,false
album_sidecar_track:album|janet jackson|janet@@1@@5@@@@don t mess up this good thing:album_track_try_harder_no_safe_match:1388413681,apple_music_try_harder_pass_v1,album|janet jackson|janet@@1@@5@@@@don t mess up this good thing,album_sidecar_track,track,,Don't Mess Up This Good Thing,1993,us,album_track_try_harder_no_safe_match,28,30,1388413681,,false
album_sidecar_track:album|janet jackson|janet@@1@@6@@@@forever yours:album_track_try_harder_no_safe_match:1388413681,apple_music_try_harder_pass_v1,album|janet jackson|janet@@1@@6@@@@forever yours,album_sidecar_track,track,,Forever Yours,1993,us,album_track_try_harder_no_safe_match,28,34,1388413681,,false
album_sidecar_track:album|janet jackson|janet@@1@@7@@@@magic is working:album_track_try_harder_no_safe_match:1388413681,apple_music_try_harder_pass_v1,album|janet jackson|janet@@1@@7@@@@magic is working,album_sidecar_track,track,,The Magic Is Working,1993,us,album_track_try_harder_no_safe_match,28,29,1388413681,,false
album_sidecar_track:album|janet jackson|janet@@1@@8@@@@come give your love to me:album_track_try_harder_no_safe_match:1388413681,apple_music_try_harder_pass_v1,album|janet jackson|janet@@1@@8@@@@come give your love to me,album_sidecar_track,track,,Come Give Your Love to Me,1993,us,album_track_try_harder_no_safe_match,28,29,1388413681,,false
album_sidecar_track:album|jay z|blueprint@@1@@13@@@@blueprint momma loves me breathe easy lyrical exercise girls girls girls part 2:album_track_try_harder_no_safe_match:1440935272,apple_music_try_harder_pass_v1,album|jay z|blueprint@@1@@13@@@@blueprint momma loves me breathe easy lyrical exercise girls girls girls part 2,album_sidecar_track,track,,"Blueprint (Momma Loves Me) / Breathe Easy (Lyrical Exercise) / Girls, Girls, Girls (Part 2)",2001,us,album_track_try_harder_no_safe_match,4,53,1440935272,,false
album_sidecar_track:album|jay z|blueprint@@1@@5@@@@jigga that nigga:album_track_try_harder_no_safe_match:1440935272,apple_music_try_harder_pass_v1,album|jay z|blueprint@@1@@5@@@@jigga that nigga,album_sidecar_track,track,,Jigga That Nigga,2001,us,album_track_try_harder_no_safe_match,11,44,1440935272,,false
album_sidecar_track:album|jay z|reasonable doubt@@1@@9@@@@ain t no nigga:album_track_try_harder_no_safe_match:1636373860,apple_music_try_harder_pass_v1,album|jay z|reasonable doubt@@1@@9@@@@ain t no nigga,album_sidecar_track,track,,Ain’t No Nigga,1996,us,album_track_try_harder_no_safe_match,8,43,1636373860,,false
album_sidecar_track:album|jay z|vol 2 hard knock life@@1@@5@@@@nigga what nigga who originator 99:album_track_try_harder_no_safe_match:1440914180,apple_music_try_harder_pass_v1,album|jay z|vol 2 hard knock life@@1@@5@@@@nigga what nigga who originator 99,album_sidecar_track,track,,"Nigga What, Nigga Who (Originator 99)",1998,us,album_track_try_harder_no_safe_match,10,44,1440914180,,false
album_sidecar_track:album|jay z|vol 2 hard knock life@@2@@1@@@@dj clue snippets:album_track_try_harder_no_safe_match:1440914180,apple_music_try_harder_pass_v1,album|jay z|vol 2 hard knock life@@2@@1@@@@dj clue snippets,album_sidecar_track,track,,DJ Clue Snippets,1998,us,album_track_try_harder_no_safe_match,1,-4,1440914180,,false
album_sidecar_track:album|jay z|vol 2 hard knock life@@2@@2@@@@cru love:album_track_try_harder_no_safe_match:1440914180,apple_music_try_harder_pass_v1,album|jay z|vol 2 hard knock life@@2@@2@@@@cru love,album_sidecar_track,track,,Cru Love,1998,us,album_track_try_harder_no_safe_match,1,1,1440914180,,false
album_sidecar_track:album|jay z|vol 2 hard knock life@@2@@3@@@@respect:album_track_try_harder_no_safe_match:1440914180,apple_music_try_harder_pass_v1,album|jay z|vol 2 hard knock life@@2@@3@@@@respect,album_sidecar_track,track,,Respect,1998,us,album_track_try_harder_no_safe_match,1,-4,1440914180,,false
album_sidecar_track:album|jay z|vol 2 hard knock life@@2@@4@@@@are you ready sweaty:album_track_try_harder_no_safe_match:1440914180,apple_music_try_harder_pass_v1,album|jay z|vol 2 hard knock life@@2@@4@@@@are you ready sweaty,album_sidecar_track,track,,Are You Ready (Sweaty),1998,us,album_track_try_harder_no_safe_match,1,1,1440914180,,false
album_sidecar_track:album|jay z|vol 2 hard knock life@@2@@5@@@@can i live:album_track_try_harder_no_safe_match:1440914180,apple_music_try_harder_pass_v1,album|jay z|vol 2 hard knock life@@2@@5@@@@can i live,album_sidecar_track,track,,Can I Live,1998,us,album_track_try_harder_no_safe_match,1,6,1440914180,,false
album_sidecar_track:album|jay z|vol 2 hard knock life@@2@@6@@@@beanie sigel freestyle:album_track_try_harder_no_safe_match:1440914180,apple_music_try_harder_pass_v1,album|jay z|vol 2 hard knock life@@2@@6@@@@beanie sigel freestyle,album_sidecar_track,track,,Beanie Sigel Freestyle,1998,us,album_track_try_harder_no_safe_match,1,-4,1440914180,,false
album_sidecar_track:album|jay z|vol 2 hard knock life@@2@@7@@@@things groupies say skit:album_track_try_harder_no_safe_match:1440914180,apple_music_try_harder_pass_v1,album|jay z|vol 2 hard knock life@@2@@7@@@@things groupies say skit,album_sidecar_track,track,,Things Groupies Say (skit),1998,us,album_track_try_harder_no_safe_match,1,1,1440914180,,false
album_sidecar_track:album|jay z|vol 2 hard knock life@@2@@8@@@@pain in da ass outro:album_track_try_harder_no_safe_match:1440914180,apple_music_try_harder_pass_v1,album|jay z|vol 2 hard knock life@@2@@8@@@@pain in da ass outro,album_sidecar_track,track,,Pain in da Ass (outro),1998,us,album_track_try_harder_no_safe_match,1,-4,1440914180,,false
album_sidecar_track:album|jean michel jarre|oxygene@@1@@1@@@@oxygene part i:album_track_try_harder_no_safe_match:1719812323,apple_music_try_harder_pass_v1,album|jean michel jarre|oxygene@@1@@1@@@@oxygene part i,album_sidecar_track,track,,"Oxygène, Part I",1976,us,album_track_try_harder_no_safe_match,6,48,1719812323,,false
album_sidecar_track:album|jean michel jarre|oxygene@@1@@2@@@@oxygene part ii:album_track_try_harder_no_safe_match:1719812323,apple_music_try_harder_pass_v1,album|jean michel jarre|oxygene@@1@@2@@@@oxygene part ii,album_sidecar_track,track,,"Oxygène, Part II",1976,us,album_track_try_harder_no_safe_match,6,33,1719812323,,false
album_sidecar_track:album|jean michel jarre|oxygene@@1@@3@@@@oxygene part iii:album_track_try_harder_no_safe_match:1719812323,apple_music_try_harder_pass_v1,album|jean michel jarre|oxygene@@1@@3@@@@oxygene part iii,album_sidecar_track,track,,"Oxygène, Part III",1976,us,album_track_try_harder_no_safe_match,6,37,1719812323,,false
album_sidecar_track:album|jean michel jarre|oxygene@@1@@4@@@@oxygene part iv:album_track_try_harder_no_safe_match:1719812323,apple_music_try_harder_pass_v1,album|jean michel jarre|oxygene@@1@@4@@@@oxygene part iv,album_sidecar_track,track,,"Oxygène, Part IV",1976,us,album_track_try_harder_no_safe_match,6,36,1719812323,,false
album_sidecar_track:album|jean michel jarre|oxygene@@1@@5@@@@oxygene part v:album_track_try_harder_no_safe_match:1719812323,apple_music_try_harder_pass_v1,album|jean michel jarre|oxygene@@1@@5@@@@oxygene part v,album_sidecar_track,track,,"Oxygène, Part V",1976,us,album_track_try_harder_no_safe_match,6,30,1719812323,,false
album_sidecar_track:album|jean michel jarre|oxygene@@1@@6@@@@oxygene part vi:album_track_try_harder_no_safe_match:1719812323,apple_music_try_harder_pass_v1,album|jean michel jarre|oxygene@@1@@6@@@@oxygene part vi,album_sidecar_track,track,,"Oxygène, Part VI",1976,us,album_track_try_harder_no_safe_match,6,29,1719812323,,false
album_sidecar_track:album|jellyfish|bellybutton@@1@@6@@@@all i want is everything:album_track_try_harder_no_safe_match:723693536,apple_music_try_harder_pass_v1,album|jellyfish|bellybutton@@1@@6@@@@all i want is everything,album_sidecar_track,track,,All I Want Is Everything,1990,us,album_track_try_harder_no_safe_match,5,43,723693536,,false
album_sidecar_track:album|jerry lee lewis|jerry lee s greatest@@1@@10@@@@great balls of fire:album_track_try_harder_no_safe_match:1890334969,apple_music_try_harder_pass_v1,album|jerry lee lewis|jerry lee s greatest@@1@@10@@@@great balls of fire,album_sidecar_track,track,,Great Balls of Fire,1959,us,album_track_try_harder_no_safe_match,9,51,1890334969,,false
album_sidecar_track:album|jerry lee lewis|jerry lee s greatest@@1@@11@@@@cold cold heart:album_track_try_harder_no_safe_match:1890334969,apple_music_try_harder_pass_v1,album|jerry lee lewis|jerry lee s greatest@@1@@11@@@@cold cold heart,album_sidecar_track,track,,"Cold, Cold Heart",1959,us,album_track_try_harder_no_safe_match,9,51,1890334969,,false
album_sidecar_track:album|jerry lee lewis|jerry lee s greatest@@1@@3@@@@country music is here to stay:album_track_try_harder_no_safe_match:1890334969,apple_music_try_harder_pass_v1,album|jerry lee lewis|jerry lee s greatest@@1@@3@@@@country music is here to stay,album_sidecar_track,track,,Country Music Is Here To Stay,1959,us,album_track_try_harder_no_safe_match,10,46,1890334969,,false
album_sidecar_track:album|jerry lee lewis|jerry lee s greatest@@1@@4@@@@frankie and johnny:album_track_try_harder_no_safe_match:1890334969,apple_music_try_harder_pass_v1,album|jerry lee lewis|jerry lee s greatest@@1@@4@@@@frankie and johnny,album_sidecar_track,track,,Frankie and Johnny,1959,us,album_track_try_harder_no_safe_match,10,51,1890334969,,false
album_sidecar_track:album|jerry lee lewis|jerry lee s greatest@@1@@5@@@@home:album_track_try_harder_no_safe_match:1890334969,apple_music_try_harder_pass_v1,album|jerry lee lewis|jerry lee s greatest@@1@@5@@@@home,album_sidecar_track,track,,Home,1959,us,album_track_try_harder_no_safe_match,10,51,1890334969,,false
album_sidecar_track:album|jerry lee lewis|jerry lee s greatest@@1@@6@@@@hello hello baby:album_track_try_harder_no_safe_match:1890334969,apple_music_try_harder_pass_v1,album|jerry lee lewis|jerry lee s greatest@@1@@6@@@@hello hello baby,album_sidecar_track,track,,"Hello, Hello Baby",1959,us,album_track_try_harder_no_safe_match,10,52,1890334969,,false
album_sidecar_track:album|jerry lee lewis|jerry lee s greatest@@1@@8@@@@what d i say:album_track_try_harder_no_safe_match:1890334969,apple_music_try_harder_pass_v1,album|jerry lee lewis|jerry lee s greatest@@1@@8@@@@what d i say,album_sidecar_track,track,,What'd I Say,1959,us,album_track_try_harder_no_safe_match,9,51,1890334969,,false
album_sidecar_track:album|jerry lee lewis|jerry lee s greatest@@1@@9@@@@breakup:album_track_try_harder_no_safe_match:1890334969,apple_music_try_harder_pass_v1,album|jerry lee lewis|jerry lee s greatest@@1@@9@@@@breakup,album_sidecar_track,track,,Breakup,1959,us,album_track_try_harder_no_safe_match,9,43,1890334969,,false
album_sidecar_track:album|jesus lizard|goat@@1@@9@@@@rodeo in joliet:album_track_try_harder_no_safe_match:1120152897,apple_music_try_harder_pass_v1,album|jesus lizard|goat@@1@@9@@@@rodeo in joliet,album_sidecar_track,track,,Rodeo in Joliet,1991,us,album_track_try_harder_no_safe_match,6,43,1120152897,,false
album_sidecar_track:album|jet|get born@@1@@14@@@@sgt major:album_track_try_harder_no_safe_match:1778047969,apple_music_try_harder_pass_v1,album|jet|get born@@1@@14@@@@sgt major,album_sidecar_track,track,,Sgt. Major,2003,us,album_track_try_harder_no_safe_match,0,0,1778047969,,false
album_sidecar_track:album|jet|get born@@2@@1@@@@are you gonna be my girl acoustic version:album_track_try_harder_no_safe_match:1778047969,apple_music_try_harder_pass_v1,album|jet|get born@@2@@1@@@@are you gonna be my girl acoustic version,album_sidecar_track,track,,Are You Gonna Be My Girl (acoustic version),2003,us,album_track_try_harder_no_safe_match,0,0,1778047969,,false
album_sidecar_track:album|jet|get born@@2@@2@@@@bruises demo:album_track_try_harder_no_safe_match:1778047969,apple_music_try_harder_pass_v1,album|jet|get born@@2@@2@@@@bruises demo,album_sidecar_track,track,,Bruises (demo),2003,us,album_track_try_harder_no_safe_match,0,0,1778047969,,false
album_sidecar_track:album|jet|get born@@2@@3@@@@hey kids:album_track_try_harder_no_safe_match:1778047969,apple_music_try_harder_pass_v1,album|jet|get born@@2@@3@@@@hey kids,album_sidecar_track,track,,Hey Kids,2003,us,album_track_try_harder_no_safe_match,0,0,1778047969,,false
album_sidecar_track:album|jet|get born@@2@@4@@@@move on live:album_track_try_harder_no_safe_match:1778047969,apple_music_try_harder_pass_v1,album|jet|get born@@2@@4@@@@move on live,album_sidecar_track,track,,Move On (live),2003,us,album_track_try_harder_no_safe_match,0,0,1778047969,,false
album_sidecar_track:album|jet|get born@@2@@5@@@@cold hard bitch live:album_track_try_harder_no_safe_match:1778047969,apple_music_try_harder_pass_v1,album|jet|get born@@2@@5@@@@cold hard bitch live,album_sidecar_track,track,,Cold Hard Bitch (live),2003,us,album_track_try_harder_no_safe_match,0,0,1778047969,,false
album_sidecar_track:album|jet|get born@@2@@6@@@@you don t look same demo:album_track_try_harder_no_safe_match:1778047969,apple_music_try_harder_pass_v1,album|jet|get born@@2@@6@@@@you don t look same demo,album_sidecar_track,track,,You Don’t Look the Same (demo),2003,us,album_track_try_harder_no_safe_match,0,0,1778047969,,false
album_sidecar_track:album|jet|get born@@2@@7@@@@look what you ve done live:album_track_try_harder_no_safe_match:1778047969,apple_music_try_harder_pass_v1,album|jet|get born@@2@@7@@@@look what you ve done live,album_sidecar_track,track,,Look What You’ve Done (live),2003,us,album_track_try_harder_no_safe_match,0,0,1778047969,,false
album_sidecar_track:album|jill scott|who is jill scott words and sounds vol 1@@1@@18@@@@silence:album_track_try_harder_no_safe_match:1416153023,apple_music_try_harder_pass_v1,album|jill scott|who is jill scott words and sounds vol 1@@1@@18@@@@silence,album_sidecar_track,track,,[silence],2000,us,album_track_try_harder_no_safe_match,2,29,1416153023,,false
album_sidecar_track:album|jill scott|who is jill scott words and sounds vol 1@@1@@19@@@@silence:album_track_try_harder_no_safe_match:1416153023,apple_music_try_harder_pass_v1,album|jill scott|who is jill scott words and sounds vol 1@@1@@19@@@@silence,album_sidecar_track,track,,[silence],2000,us,album_track_try_harder_no_safe_match,2,29,1416153023,,false
album_sidecar_track:album|jill scott|who is jill scott words and sounds vol 1@@1@@20@@@@silence:album_track_try_harder_no_safe_match:1416153023,apple_music_try_harder_pass_v1,album|jill scott|who is jill scott words and sounds vol 1@@1@@20@@@@silence,album_sidecar_track,track,,[silence],2000,us,album_track_try_harder_no_safe_match,2,-5,1416153023,,false
album_sidecar_track:album|jill scott|who is jill scott words and sounds vol 1@@1@@21@@@@silence:album_track_try_harder_no_safe_match:1416153023,apple_music_try_harder_pass_v1,album|jill scott|who is jill scott words and sounds vol 1@@1@@21@@@@silence,album_sidecar_track,track,,[silence],2000,us,album_track_try_harder_no_safe_match,2,-5,1416153023,,false
album_sidecar_track:album|jill scott|who is jill scott words and sounds vol 1@@1@@22@@@@silence:album_track_try_harder_no_safe_match:1416153023,apple_music_try_harder_pass_v1,album|jill scott|who is jill scott words and sounds vol 1@@1@@22@@@@silence,album_sidecar_track,track,,[silence],2000,us,album_track_try_harder_no_safe_match,2,-5,1416153023,,false
album_sidecar_track:album|jill scott|who is jill scott words and sounds vol 1@@1@@23@@@@silence:album_track_try_harder_no_safe_match:1416153023,apple_music_try_harder_pass_v1,album|jill scott|who is jill scott words and sounds vol 1@@1@@23@@@@silence,album_sidecar_track,track,,[silence],2000,us,album_track_try_harder_no_safe_match,2,-5,1416153023,,false
album_sidecar_track:album|jill scott|who is jill scott words and sounds vol 1@@1@@24@@@@silence:album_track_try_harder_no_safe_match:1416153023,apple_music_try_harder_pass_v1,album|jill scott|who is jill scott words and sounds vol 1@@1@@24@@@@silence,album_sidecar_track,track,,[silence],2000,us,album_track_try_harder_no_safe_match,2,-5,1416153023,,false
album_sidecar_track:album|jill scott|who is jill scott words and sounds vol 1@@1@@25@@@@silence:album_track_try_harder_no_safe_match:1416153023,apple_music_try_harder_pass_v1,album|jill scott|who is jill scott words and sounds vol 1@@1@@25@@@@silence,album_sidecar_track,track,,[silence],2000,us,album_track_try_harder_no_safe_match,2,-5,1416153023,,false
album_sidecar_track:album|jill scott|who is jill scott words and sounds vol 1@@1@@26@@@@silence:album_track_try_harder_no_safe_match:1416153023,apple_music_try_harder_pass_v1,album|jill scott|who is jill scott words and sounds vol 1@@1@@26@@@@silence,album_sidecar_track,track,,[silence],2000,us,album_track_try_harder_no_safe_match,2,-5,1416153023,,false
album_sidecar_track:album|jill scott|who is jill scott words and sounds vol 1@@1@@27@@@@silence:album_track_try_harder_no_safe_match:1416153023,apple_music_try_harder_pass_v1,album|jill scott|who is jill scott words and sounds vol 1@@1@@27@@@@silence,album_sidecar_track,track,,[silence],2000,us,album_track_try_harder_no_safe_match,2,-5,1416153023,,false
album_sidecar_track:album|jill scott|who is jill scott words and sounds vol 1@@1@@28@@@@silence:album_track_try_harder_no_safe_match:1416153023,apple_music_try_harder_pass_v1,album|jill scott|who is jill scott words and sounds vol 1@@1@@28@@@@silence,album_sidecar_track,track,,[silence],2000,us,album_track_try_harder_no_safe_match,2,-5,1416153023,,false
album_sidecar_track:album|jill scott|who is jill scott words and sounds vol 1@@1@@29@@@@silence:album_track_try_harder_no_safe_match:1416153023,apple_music_try_harder_pass_v1,album|jill scott|who is jill scott words and sounds vol 1@@1@@29@@@@silence,album_sidecar_track,track,,[silence],2000,us,album_track_try_harder_no_safe_match,2,-5,1416153023,,false
album_sidecar_track:album|jill scott|who is jill scott words and sounds vol 1@@1@@30@@@@silence:album_track_try_harder_no_safe_match:1416153023,apple_music_try_harder_pass_v1,album|jill scott|who is jill scott words and sounds vol 1@@1@@30@@@@silence,album_sidecar_track,track,,[silence],2000,us,album_track_try_harder_no_safe_match,2,-5,1416153023,,false
album_sidecar_track:album|jill scott|who is jill scott words and sounds vol 1@@1@@31@@@@silence:album_track_try_harder_no_safe_match:1416153023,apple_music_try_harder_pass_v1,album|jill scott|who is jill scott words and sounds vol 1@@1@@31@@@@silence,album_sidecar_track,track,,[silence],2000,us,album_track_try_harder_no_safe_match,2,-5,1416153023,,false
album_sidecar_track:album|jill scott|who is jill scott words and sounds vol 1@@1@@32@@@@silence:album_track_try_harder_no_safe_match:1416153023,apple_music_try_harder_pass_v1,album|jill scott|who is jill scott words and sounds vol 1@@1@@32@@@@silence,album_sidecar_track,track,,[silence],2000,us,album_track_try_harder_no_safe_match,2,-5,1416153023,,false
album_sidecar_track:album|jill scott|who is jill scott words and sounds vol 1@@1@@33@@@@silence:album_track_try_harder_no_safe_match:1416153023,apple_music_try_harder_pass_v1,album|jill scott|who is jill scott words and sounds vol 1@@1@@33@@@@silence,album_sidecar_track,track,,[silence],2000,us,album_track_try_harder_no_safe_match,2,-5,1416153023,,false
album_sidecar_track:album|jill scott|who is jill scott words and sounds vol 1@@1@@34@@@@silence:album_track_try_harder_no_safe_match:1416153023,apple_music_try_harder_pass_v1,album|jill scott|who is jill scott words and sounds vol 1@@1@@34@@@@silence,album_sidecar_track,track,,[silence],2000,us,album_track_try_harder_no_safe_match,2,-5,1416153023,,false
album_sidecar_track:album|jill scott|who is jill scott words and sounds vol 1@@1@@35@@@@silence:album_track_try_harder_no_safe_match:1416153023,apple_music_try_harder_pass_v1,album|jill scott|who is jill scott words and sounds vol 1@@1@@35@@@@silence,album_sidecar_track,track,,[silence],2000,us,album_track_try_harder_no_safe_match,2,-5,1416153023,,false
album_sidecar_track:album|jill scott|who is jill scott words and sounds vol 1@@1@@36@@@@silence:album_track_try_harder_no_safe_match:1416153023,apple_music_try_harder_pass_v1,album|jill scott|who is jill scott words and sounds vol 1@@1@@36@@@@silence,album_sidecar_track,track,,[silence],2000,us,album_track_try_harder_no_safe_match,2,-5,1416153023,,false
album_sidecar_track:album|jill scott|who is jill scott words and sounds vol 1@@1@@37@@@@silence:album_track_try_harder_no_safe_match:1416153023,apple_music_try_harder_pass_v1,album|jill scott|who is jill scott words and sounds vol 1@@1@@37@@@@silence,album_sidecar_track,track,,[silence],2000,us,album_track_try_harder_no_safe_match,2,-5,1416153023,,false
album_sidecar_track:album|jill scott|who is jill scott words and sounds vol 1@@1@@38@@@@silence:album_track_try_harder_no_safe_match:1416153023,apple_music_try_harder_pass_v1,album|jill scott|who is jill scott words and sounds vol 1@@1@@38@@@@silence,album_sidecar_track,track,,[silence],2000,us,album_track_try_harder_no_safe_match,2,-5,1416153023,,false
album_sidecar_track:album|jill scott|who is jill scott words and sounds vol 1@@1@@39@@@@silence:album_track_try_harder_no_safe_match:1416153023,apple_music_try_harder_pass_v1,album|jill scott|who is jill scott words and sounds vol 1@@1@@39@@@@silence,album_sidecar_track,track,,[silence],2000,us,album_track_try_harder_no_safe_match,2,-5,1416153023,,false
album_sidecar_track:album|jill scott|who is jill scott words and sounds vol 1@@1@@40@@@@silence:album_track_try_harder_no_safe_match:1416153023,apple_music_try_harder_pass_v1,album|jill scott|who is jill scott words and sounds vol 1@@1@@40@@@@silence,album_sidecar_track,track,,[silence],2000,us,album_track_try_harder_no_safe_match,2,-5,1416153023,,false
album_sidecar_track:album|jill scott|who is jill scott words and sounds vol 1@@1@@41@@@@silence:album_track_try_harder_no_safe_match:1416153023,apple_music_try_harder_pass_v1,album|jill scott|who is jill scott words and sounds vol 1@@1@@41@@@@silence,album_sidecar_track,track,,[silence],2000,us,album_track_try_harder_no_safe_match,2,-5,1416153023,,false
album_sidecar_track:album|jill scott|who is jill scott words and sounds vol 1@@1@@42@@@@silence:album_track_try_harder_no_safe_match:1416153023,apple_music_try_harder_pass_v1,album|jill scott|who is jill scott words and sounds vol 1@@1@@42@@@@silence,album_sidecar_track,track,,[silence],2000,us,album_track_try_harder_no_safe_match,2,-5,1416153023,,false
album_sidecar_track:album|jill scott|who is jill scott words and sounds vol 1@@1@@43@@@@silence:album_track_try_harder_no_safe_match:1416153023,apple_music_try_harder_pass_v1,album|jill scott|who is jill scott words and sounds vol 1@@1@@43@@@@silence,album_sidecar_track,track,,[silence],2000,us,album_track_try_harder_no_safe_match,2,-5,1416153023,,false
album_sidecar_track:album|jill scott|who is jill scott words and sounds vol 1@@1@@44@@@@try love rain remix:album_track_try_harder_no_safe_match:1416153023,apple_music_try_harder_pass_v1,album|jill scott|who is jill scott words and sounds vol 1@@1@@44@@@@try love rain remix,album_sidecar_track,track,,Try / Love Rain (remix),2000,us,album_track_try_harder_no_safe_match,2,19,1416153023,,false
album_sidecar_track:album|jimi hendrix experience|are you experienced@@1@@10@@@@foxy lady:album_track_try_harder_no_safe_match:357225315,apple_music_try_harder_pass_v1,album|jimi hendrix experience|are you experienced@@1@@10@@@@foxy lady,album_sidecar_track,track,,Foxy Lady,1967,us,album_track_try_harder_no_safe_match,8,43,357225315,,false
album_sidecar_track:album|jimi hendrix experience|electric ladyland@@1@@7@@@@come on part 1:album_track_try_harder_no_safe_match:357652252,apple_music_try_harder_pass_v1,album|jimi hendrix experience|electric ladyland@@1@@7@@@@come on part 1,album_sidecar_track,track,,"Come On, Part 1",1968,us,album_track_try_harder_no_safe_match,10,43,357652252,,false
album_sidecar_track:album|jimi hendrix experience|electric ladyland@@2@@1@@@@rainy day dream away:album_track_try_harder_no_safe_match:357652252,apple_music_try_harder_pass_v1,album|jimi hendrix experience|electric ladyland@@2@@1@@@@rainy day dream away,album_sidecar_track,track,,"Rainy Day, Dream Away",1968,us,album_track_try_harder_no_safe_match,8,51,357652252,,false
album_sidecar_track:album|jimi hendrix experience|electric ladyland@@2@@2@@@@1983 a merman i should turn to be:album_track_try_harder_no_safe_match:357652252,apple_music_try_harder_pass_v1,album|jimi hendrix experience|electric ladyland@@2@@2@@@@1983 a merman i should turn to be,album_sidecar_track,track,,1983…(A Merman I Should Turn to Be),1968,us,album_track_try_harder_no_safe_match,8,51,357652252,,false
album_sidecar_track:album|jimi hendrix experience|electric ladyland@@2@@3@@@@moon turn tides gently gently away:album_track_try_harder_no_safe_match:357652252,apple_music_try_harder_pass_v1,album|jimi hendrix experience|electric ladyland@@2@@3@@@@moon turn tides gently gently away,album_sidecar_track,track,,"Moon, Turn the Tides…gently gently away",1968,us,album_track_try_harder_no_safe_match,8,51,357652252,,false
album_sidecar_track:album|jimi hendrix experience|electric ladyland@@2@@4@@@@still raining still dreaming:album_track_try_harder_no_safe_match:357652252,apple_music_try_harder_pass_v1,album|jimi hendrix experience|electric ladyland@@2@@4@@@@still raining still dreaming,album_sidecar_track,track,,"Still Raining, Still Dreaming",1968,us,album_track_try_harder_no_safe_match,8,51,357652252,,false
album_sidecar_track:album|jimi hendrix experience|electric ladyland@@2@@5@@@@house burning down:album_track_try_harder_no_safe_match:357652252,apple_music_try_harder_pass_v1,album|jimi hendrix experience|electric ladyland@@2@@5@@@@house burning down,album_sidecar_track,track,,House Burning Down,1968,us,album_track_try_harder_no_safe_match,8,51,357652252,,false
album_sidecar_track:album|jimi hendrix experience|electric ladyland@@2@@6@@@@all along watchtower:album_track_try_harder_no_safe_match:357652252,apple_music_try_harder_pass_v1,album|jimi hendrix experience|electric ladyland@@2@@6@@@@all along watchtower,album_sidecar_track,track,,All Along the Watchtower,1968,us,album_track_try_harder_no_safe_match,8,51,357652252,,false
album_sidecar_track:album|jimi hendrix experience|electric ladyland@@2@@7@@@@voodoo child slight return:album_track_try_harder_no_safe_match:357652252,apple_music_try_harder_pass_v1,album|jimi hendrix experience|electric ladyland@@2@@7@@@@voodoo child slight return,album_sidecar_track,track,,Voodoo Child (slight return),1968,us,album_track_try_harder_no_safe_match,8,51,357652252,,false
album_sidecar_track:album|joan baez|farewell angelina@@1@@2@@@@daddy you been on my mind:album_track_try_harder_no_safe_match:712077351,apple_music_try_harder_pass_v1,album|joan baez|farewell angelina@@1@@2@@@@daddy you been on my mind,album_sidecar_track,track,,"Daddy, You Been on My Mind",1965,us,album_track_try_harder_no_safe_match,13,47,712077351,,false
album_sidecar_track:album|john coltrane|a love supreme@@1@@1@@@@a love supreme part 1 acknowledgement:album_track_try_harder_no_safe_match:1440713018,apple_music_try_harder_pass_v1,album|john coltrane|a love supreme@@1@@1@@@@a love supreme part 1 acknowledgement,album_sidecar_track,track,,"A Love Supreme, Part 1: Acknowledgement",1965,us,album_track_try_harder_no_safe_match,4,48,1440713018,,false
album_sidecar_track:album|john coltrane|a love supreme@@1@@2@@@@a love supreme part 2 resolution:album_track_try_harder_no_safe_match:1440713018,apple_music_try_harder_pass_v1,album|john coltrane|a love supreme@@1@@2@@@@a love supreme part 2 resolution,album_sidecar_track,track,,"A Love Supreme, Part 2: Resolution",1965,us,album_track_try_harder_no_safe_match,4,43,1440713018,,false
album_sidecar_track:album|john coltrane|a love supreme@@1@@3@@@@a love supreme part 3 pursuance a love supreme part 4 psalm:album_track_try_harder_no_safe_match:1440713018,apple_music_try_harder_pass_v1,album|john coltrane|a love supreme@@1@@3@@@@a love supreme part 3 pursuance a love supreme part 4 psalm,album_sidecar_track,track,,"A Love Supreme, Part 3: Pursuance / A Love Supreme, Part 4: Psalm",1965,us,album_track_try_harder_no_safe_match,4,32,1440713018,,false
album_sidecar_track:album|john martyn|solid air@@1@@9@@@@easy blues:album_track_try_harder_no_safe_match:1443804309,apple_music_try_harder_pass_v1,album|john martyn|solid air@@1@@9@@@@easy blues,album_sidecar_track,track,,The Easy Blues,1973,us,album_track_try_harder_no_safe_match,2,53,1443804309,,false
album_sidecar_track:album|john williams|jurassic park@@1@@1@@@@theme from jurassic park:album_track_try_harder_no_safe_match:1440800206,apple_music_try_harder_pass_v1,album|john williams|jurassic park@@1@@1@@@@theme from jurassic park,album_sidecar_track,track,,Theme From Jurassic Park,1993,us,album_track_try_harder_no_safe_match,16,55,1440800206,,false
album_sidecar_track:album|john williams|jurassic park@@1@@2@@@@end credits:album_track_try_harder_no_safe_match:1440800206,apple_music_try_harder_pass_v1,album|john williams|jurassic park@@1@@2@@@@end credits,album_sidecar_track,track,,End Credits,1993,us,album_track_try_harder_no_safe_match,16,51,1440800206,,false
album_sidecar_track:album|johnny and the hurricanes|red river rock@@1@@1@@@@crossfire:album_track_try_harder_no_safe_match:1563530680,apple_music_try_harder_pass_v1,album|johnny and the hurricanes|red river rock@@1@@1@@@@crossfire,album_sidecar_track,track,,Crossfire,1959,us,album_track_try_harder_no_safe_match,12,51,1563530680,,false
album_sidecar_track:album|johnny and the hurricanes|red river rock@@1@@2@@@@lazy:album_track_try_harder_no_safe_match:1563530680,apple_music_try_harder_pass_v1,album|johnny and the hurricanes|red river rock@@1@@2@@@@lazy,album_sidecar_track,track,,Lazy,1959,us,album_track_try_harder_no_safe_match,12,52,1563530680,,false
album_sidecar_track:album|johnny and the hurricanes|red river rock@@1@@3@@@@red river rock:album_track_try_harder_no_safe_match:1563530680,apple_music_try_harder_pass_v1,album|johnny and the hurricanes|red river rock@@1@@3@@@@red river rock,album_sidecar_track,track,,Red River Rock,1959,us,album_track_try_harder_no_safe_match,12,56,1563530680,,false
album_sidecar_track:album|johnny and the hurricanes|red river rock@@1@@4@@@@buckeye:album_track_try_harder_no_safe_match:1563530680,apple_music_try_harder_pass_v1,album|johnny and the hurricanes|red river rock@@1@@4@@@@buckeye,album_sidecar_track,track,,Buckeye,1959,us,album_track_try_harder_no_safe_match,12,54,1563530680,,false
album_sidecar_track:album|johnny cash|fabulous johnny cash@@1@@11@@@@shepard of my heart:album_track_try_harder_no_safe_match:824805241,apple_music_try_harder_pass_v1,album|johnny cash|fabulous johnny cash@@1@@11@@@@shepard of my heart,album_sidecar_track,track,,Shepard of My Heart,1958,us,album_track_try_harder_no_safe_match,3,43,824805241,,false
album_sidecar_track:album|johnny cash|fabulous johnny cash@@1@@12@@@@supper time:album_track_try_harder_no_safe_match:824805241,apple_music_try_harder_pass_v1,album|johnny cash|fabulous johnny cash@@1@@12@@@@supper time,album_sidecar_track,track,,Supper Time,1958,us,album_track_try_harder_no_safe_match,3,43,824805241,,false
album_sidecar_track:album|johnny cash|fabulous johnny cash@@1@@4@@@@troubador:album_track_try_harder_no_safe_match:824805241,apple_music_try_harder_pass_v1,album|johnny cash|fabulous johnny cash@@1@@4@@@@troubador,album_sidecar_track,track,,The Troubador,1958,us,album_track_try_harder_no_safe_match,9,45,824805241,,false
album_sidecar_track:album|josh groban|closer@@1@@13@@@@never let go feat deep forest:album_track_try_harder_no_safe_match:986497062,apple_music_try_harder_pass_v1,album|josh groban|closer@@1@@13@@@@never let go feat deep forest,album_sidecar_track,track,,Never Let Go (feat. Deep Forest),2003,us,album_track_try_harder_no_safe_match,1,43,986497062,,false
album_sidecar_track:album|josh groban|closer@@1@@14@@@@mi morena:album_track_try_harder_no_safe_match:986497062,apple_music_try_harder_pass_v1,album|josh groban|closer@@1@@14@@@@mi morena,album_sidecar_track,track,,Mi Morena,2003,us,album_track_try_harder_no_safe_match,1,-5,986497062,,false
album_sidecar_track:album|josh groban|closer@@1@@15@@@@she s out of my life:album_track_try_harder_no_safe_match:986497062,apple_music_try_harder_pass_v1,album|josh groban|closer@@1@@15@@@@she s out of my life,album_sidecar_track,track,,She's Out of My Life,2003,us,album_track_try_harder_no_safe_match,1,5,986497062,,false
album_sidecar_track:album|josh groban|closer@@1@@16@@@@you re only place:album_track_try_harder_no_safe_match:986497062,apple_music_try_harder_pass_v1,album|josh groban|closer@@1@@16@@@@you re only place,album_sidecar_track,track,,You're the Only Place,2003,us,album_track_try_harder_no_safe_match,1,-5,986497062,,false
album_sidecar_track:album|josh groban|closer@@1@@17@@@@my december:album_track_try_harder_no_safe_match:986497062,apple_music_try_harder_pass_v1,album|josh groban|closer@@1@@17@@@@my december,album_sidecar_track,track,,My December,2003,us,album_track_try_harder_no_safe_match,1,-5,986497062,,false
album_sidecar_track:album|juan gabriel|recuerdos ii@@1@@1@@@@juarez es el numero uno:album_track_try_harder_no_safe_match:404411092,apple_music_try_harder_pass_v1,album|juan gabriel|recuerdos ii@@1@@1@@@@juarez es el numero uno,album_sidecar_track,track,,Juárez es el número uno,1984,us,album_track_try_harder_no_safe_match,10,48,404411092,,false
album_sidecar_track:album|judas priest|british steel@@1@@1@@@@breaking law:album_track_try_harder_no_safe_match:207346194,apple_music_try_harder_pass_v1,album|judas priest|british steel@@1@@1@@@@breaking law,album_sidecar_track,track,,Breaking the Law,1980,us,album_track_try_harder_no_safe_match,11,54,207346194,,false
album_sidecar_track:album|judas priest|british steel@@1@@2@@@@rapid fire:album_track_try_harder_no_safe_match:207346194,apple_music_try_harder_pass_v1,album|judas priest|british steel@@1@@2@@@@rapid fire,album_sidecar_track,track,,Rapid Fire,1980,us,album_track_try_harder_no_safe_match,11,52,207346194,,false
album_sidecar_track:album|judas priest|british steel@@1@@3@@@@metal gods:album_track_try_harder_no_safe_match:207346194,apple_music_try_harder_pass_v1,album|judas priest|british steel@@1@@3@@@@metal gods,album_sidecar_track,track,,Metal Gods,1980,us,album_track_try_harder_no_safe_match,11,51,207346194,,false
album_sidecar_track:album|judas priest|british steel@@1@@6@@@@living after midnight:album_track_try_harder_no_safe_match:207346194,apple_music_try_harder_pass_v1,album|judas priest|british steel@@1@@6@@@@living after midnight,album_sidecar_track,track,,Living After Midnight,1980,us,album_track_try_harder_no_safe_match,9,51,207346194,,false
album_sidecar_track:album|judas priest|british steel@@1@@7@@@@don t have to be old to be wise:album_track_try_harder_no_safe_match:207346194,apple_music_try_harder_pass_v1,album|judas priest|british steel@@1@@7@@@@don t have to be old to be wise,album_sidecar_track,track,,Don’t Have to Be Old to Be Wise,1980,us,album_track_try_harder_no_safe_match,9,33,207346194,,false
album_sidecar_track:album|juice wrld|goodbye and good riddance@@1@@10@@@@karma skit:album_track_try_harder_no_safe_match:1407165109,apple_music_try_harder_pass_v1,album|juice wrld|goodbye and good riddance@@1@@10@@@@karma skit,album_sidecar_track,track,,Karma (skit),2018,us,album_track_try_harder_no_safe_match,12,51,1407165109,,false
album_sidecar_track:album|juice wrld|goodbye and good riddance@@1@@11@@@@hurt me:album_track_try_harder_no_safe_match:1407165109,apple_music_try_harder_pass_v1,album|juice wrld|goodbye and good riddance@@1@@11@@@@hurt me,album_sidecar_track,track,,Hurt Me,2018,us,album_track_try_harder_no_safe_match,12,51,1407165109,,false
album_sidecar_track:album|juice wrld|goodbye and good riddance@@1@@12@@@@black and white:album_track_try_harder_no_safe_match:1407165109,apple_music_try_harder_pass_v1,album|juice wrld|goodbye and good riddance@@1@@12@@@@black and white,album_sidecar_track,track,,Black & White,2018,us,album_track_try_harder_no_safe_match,12,51,1407165109,,false
album_sidecar_track:album|juice wrld|goodbye and good riddance@@1@@13@@@@long gone:album_track_try_harder_no_safe_match:1407165109,apple_music_try_harder_pass_v1,album|juice wrld|goodbye and good riddance@@1@@13@@@@long gone,album_sidecar_track,track,,Long Gone,2018,us,album_track_try_harder_no_safe_match,12,51,1407165109,,false
album_sidecar_track:album|juice wrld|goodbye and good riddance@@1@@14@@@@end of road:album_track_try_harder_no_safe_match:1407165109,apple_music_try_harder_pass_v1,album|juice wrld|goodbye and good riddance@@1@@14@@@@end of road,album_sidecar_track,track,,End of the Road,2018,us,album_track_try_harder_no_safe_match,12,51,1407165109,,false
album_sidecar_track:album|juice wrld|goodbye and good riddance@@1@@15@@@@i ll be fine:album_track_try_harder_no_safe_match:1407165109,apple_music_try_harder_pass_v1,album|juice wrld|goodbye and good riddance@@1@@15@@@@i ll be fine,album_sidecar_track,track,,I’ll Be Fine,2018,us,album_track_try_harder_no_safe_match,12,51,1407165109,,false
album_sidecar_track:album|juice wrld|goodbye and good riddance@@1@@5@@@@i m still:album_track_try_harder_no_safe_match:1407165109,apple_music_try_harder_pass_v1,album|juice wrld|goodbye and good riddance@@1@@5@@@@i m still,album_sidecar_track,track,,I’m Still,2018,us,album_track_try_harder_no_safe_match,12,51,1407165109,,false
album_sidecar_track:album|juice wrld|goodbye and good riddance@@1@@6@@@@betrayal skit:album_track_try_harder_no_safe_match:1407165109,apple_music_try_harder_pass_v1,album|juice wrld|goodbye and good riddance@@1@@6@@@@betrayal skit,album_sidecar_track,track,,Betrayal (skit),2018,us,album_track_try_harder_no_safe_match,12,51,1407165109,,false
album_sidecar_track:album|juice wrld|goodbye and good riddance@@1@@7@@@@candles:album_track_try_harder_no_safe_match:1407165109,apple_music_try_harder_pass_v1,album|juice wrld|goodbye and good riddance@@1@@7@@@@candles,album_sidecar_track,track,,Candles,2018,us,album_track_try_harder_no_safe_match,12,51,1407165109,,false
album_sidecar_track:album|juice wrld|goodbye and good riddance@@1@@8@@@@scared of love:album_track_try_harder_no_safe_match:1407165109,apple_music_try_harder_pass_v1,album|juice wrld|goodbye and good riddance@@1@@8@@@@scared of love,album_sidecar_track,track,,Scared of Love,2018,us,album_track_try_harder_no_safe_match,12,39,1407165109,,false
album_sidecar_track:album|juice wrld|goodbye and good riddance@@1@@9@@@@used to:album_track_try_harder_no_safe_match:1407165109,apple_music_try_harder_pass_v1,album|juice wrld|goodbye and good riddance@@1@@9@@@@used to,album_sidecar_track,track,,Used To,2018,us,album_track_try_harder_no_safe_match,12,51,1407165109,,false
album_sidecar_track:album|juvenile|400 degreez@@1@@11@@@@ha remix:album_track_try_harder_no_safe_match:1440644146,apple_music_try_harder_pass_v1,album|juvenile|400 degreez@@1@@11@@@@ha remix,album_sidecar_track,track,,Ha (remix),1998,us,album_track_try_harder_no_safe_match,8,43,1440644146,,false
album_sidecar_track:album|juvenile|400 degreez@@1@@12@@@@rich niggaz:album_track_try_harder_no_safe_match:1440644146,apple_music_try_harder_pass_v1,album|juvenile|400 degreez@@1@@12@@@@rich niggaz,album_sidecar_track,track,,Rich Niggaz,1998,us,album_track_try_harder_no_safe_match,8,43,1440644146,,false
album_sidecar_track:album|juvenile|400 degreez@@1@@18@@@@ha remix:album_track_try_harder_no_safe_match:1440644146,apple_music_try_harder_pass_v1,album|juvenile|400 degreez@@1@@18@@@@ha remix,album_sidecar_track,track,,Ha (remix),1998,us,album_track_try_harder_no_safe_match,3,43,1440644146,,false
album_sidecar_track:album|kaleidoscope|tangerine dream@@1@@9@@@@holidaymaker:album_track_try_harder_no_safe_match:1443997135,apple_music_try_harder_pass_v1,album|kaleidoscope|tangerine dream@@1@@9@@@@holidaymaker,album_sidecar_track,track,,Holidaymaker,1967,us,album_track_try_harder_no_safe_match,3,43,1443997135,,false
album_sidecar_track:album|kanye west|late registration@@1@@13@@@@diamonds from sierra leone remix:album_track_try_harder_no_safe_match:1440668749,apple_music_try_harder_pass_v1,album|kanye west|late registration@@1@@13@@@@diamonds from sierra leone remix,album_sidecar_track,track,,Diamonds From Sierra Leone (remix),2005,us,album_track_try_harder_no_safe_match,9,43,1440668749,,false
album_sidecar_track:album|kathleen edwards|failer@@1@@10@@@@sweet little duck:album_track_try_harder_no_safe_match:1466258211,apple_music_try_harder_pass_v1,album|kathleen edwards|failer@@1@@10@@@@sweet little duck,album_sidecar_track,track,,Sweet Little Duck,2003,us,album_track_try_harder_no_safe_match,1,43,1466258211,,false
album_sidecar_track:album|katy perry|teenage dream@@1@@13@@@@california gurls passion pit main mix:album_track_try_harder_no_safe_match:716192216,apple_music_try_harder_pass_v1,album|katy perry|teenage dream@@1@@13@@@@california gurls passion pit main mix,album_sidecar_track,track,,California Gurls (Passion Pit main mix),2010,us,album_track_try_harder_no_safe_match,0,0,716192216,,false
album_sidecar_track:album|katy perry|teenage dream@@1@@14@@@@california gurls mstrkrft main mix:album_track_try_harder_no_safe_match:716192216,apple_music_try_harder_pass_v1,album|katy perry|teenage dream@@1@@14@@@@california gurls mstrkrft main mix,album_sidecar_track,track,,California Gurls (Mstrkrft main mix),2010,us,album_track_try_harder_no_safe_match,0,0,716192216,,false
album_sidecar_track:album|katy perry|teenage dream@@1@@15@@@@teenage dream kaskade club remix:album_track_try_harder_no_safe_match:716192216,apple_music_try_harder_pass_v1,album|katy perry|teenage dream@@1@@15@@@@teenage dream kaskade club remix,album_sidecar_track,track,,Teenage Dream (Kaskade club remix),2010,us,album_track_try_harder_no_safe_match,0,0,716192216,,false
album_sidecar_track:album|katy perry|teenage dream@@1@@16@@@@peacock cory enemy and mia moretti vocal club mix:album_track_try_harder_no_safe_match:716192216,apple_music_try_harder_pass_v1,album|katy perry|teenage dream@@1@@16@@@@peacock cory enemy and mia moretti vocal club mix,album_sidecar_track,track,,Peacock (Cory Enemy & Mia Moretti vocal club mix),2010,us,album_track_try_harder_no_safe_match,0,0,716192216,,false
album_sidecar_track:album|katy perry|teenage dream@@2@@1@@@@teenage dream:album_track_try_harder_no_safe_match:716192216,apple_music_try_harder_pass_v1,album|katy perry|teenage dream@@2@@1@@@@teenage dream,album_sidecar_track,track,,Teenage Dream,2010,us,album_track_try_harder_no_safe_match,0,0,716192216,,false
album_sidecar_track:album|kavinsky|outrun@@1@@14@@@@protovision red sky mix:album_track_try_harder_no_safe_match:1440873249,apple_music_try_harder_pass_v1,album|kavinsky|outrun@@1@@14@@@@protovision red sky mix,album_sidecar_track,track,,ProtoVision (Red Sky mix),2013,us,album_track_try_harder_no_safe_match,1,43,1440873249,,false
album_sidecar_track:album|kc and the sunshine band|kc and the sunshine band@@1@@1@@@@let it go part one:album_track_try_harder_no_safe_match:814050390,apple_music_try_harder_pass_v1,album|kc and the sunshine band|kc and the sunshine band@@1@@1@@@@let it go part one,album_sidecar_track,track,,"Let It Go, Part One",1975,us,album_track_try_harder_no_safe_match,9,48,814050390,,false
album_sidecar_track:album|kc and the sunshine band|kc and the sunshine band@@1@@9@@@@let it go part two:album_track_try_harder_no_safe_match:814050390,apple_music_try_harder_pass_v1,album|kc and the sunshine band|kc and the sunshine band@@1@@9@@@@let it go part two,album_sidecar_track,track,,"Let It Go, Part Two",1975,us,album_track_try_harder_no_safe_match,2,43,814050390,,false
album_sidecar_track:album|kendrick lamar|damn@@1@@11@@@@xxx:album_track_try_harder_no_safe_match:1440881047,apple_music_try_harder_pass_v1,album|kendrick lamar|damn@@1@@11@@@@xxx,album_sidecar_track,track,,XXX.,2017,us,album_track_try_harder_no_safe_match,4,43,1440881047,,false
album_sidecar_track:album|kendrick lamar|good kid m a a d city@@1@@13@@@@recipe:album_track_try_harder_no_safe_match:1471263898,apple_music_try_harder_pass_v1,album|kendrick lamar|good kid m a a d city@@1@@13@@@@recipe,album_sidecar_track,track,,The Recipe,2012,us,album_track_try_harder_no_safe_match,0,0,1471263898,,false
album_sidecar_track:album|kendrick lamar|good kid m a a d city@@1@@14@@@@black boy fly:album_track_try_harder_no_safe_match:1471263898,apple_music_try_harder_pass_v1,album|kendrick lamar|good kid m a a d city@@1@@14@@@@black boy fly,album_sidecar_track,track,,Black Boy Fly,2012,us,album_track_try_harder_no_safe_match,0,0,1471263898,,false
album_sidecar_track:album|kendrick lamar|good kid m a a d city@@1@@15@@@@now or never:album_track_try_harder_no_safe_match:1471263898,apple_music_try_harder_pass_v1,album|kendrick lamar|good kid m a a d city@@1@@15@@@@now or never,album_sidecar_track,track,,Now or Never,2012,us,album_track_try_harder_no_safe_match,0,0,1471263898,,false
album_sidecar_track:album|kendrick lamar|good kid m a a d city@@1@@16@@@@collect calls:album_track_try_harder_no_safe_match:1471263898,apple_music_try_harder_pass_v1,album|kendrick lamar|good kid m a a d city@@1@@16@@@@collect calls,album_sidecar_track,track,,Collect Calls,2012,us,album_track_try_harder_no_safe_match,0,0,1471263898,,false
album_sidecar_track:album|kendrick lamar|good kid m a a d city@@1@@17@@@@swimming pools drank:album_track_try_harder_no_safe_match:1471263898,apple_music_try_harder_pass_v1,album|kendrick lamar|good kid m a a d city@@1@@17@@@@swimming pools drank,album_sidecar_track,track,,Swimming Pools (Drank),2012,us,album_track_try_harder_no_safe_match,0,0,1471263898,,false
album_sidecar_track:album|kendrick lamar|good kid m a a d city@@1@@18@@@@recipe black hippy remix:album_track_try_harder_no_safe_match:1471263898,apple_music_try_harder_pass_v1,album|kendrick lamar|good kid m a a d city@@1@@18@@@@recipe black hippy remix,album_sidecar_track,track,,The Recipe (Black Hippy remix),2012,us,album_track_try_harder_no_safe_match,0,0,1471263898,,false
album_sidecar_track:album|kendrick lamar|good kid m a a d city@@1@@19@@@@swimming pools black hippy remix:album_track_try_harder_no_safe_match:1471263898,apple_music_try_harder_pass_v1,album|kendrick lamar|good kid m a a d city@@1@@19@@@@swimming pools black hippy remix,album_sidecar_track,track,,Swimming Pools (Black Hippy remix),2012,us,album_track_try_harder_no_safe_match,0,0,1471263898,,false
album_sidecar_track:album|kenny g|classics in the key of g@@1@@3@@@@what a wonderful world:album_track_try_harder_no_safe_match:271367813,apple_music_try_harder_pass_v1,album|kenny g|classics in the key of g@@1@@3@@@@what a wonderful world,album_sidecar_track,track,,What a Wonderful World,1999,us,album_track_try_harder_no_safe_match,9,56,271367813,,false
album_sidecar_track:album|kenny g|classics in the key of g@@2@@1@@@@jasmine flower:album_track_try_harder_no_safe_match:271367813,apple_music_try_harder_pass_v1,album|kenny g|classics in the key of g@@2@@1@@@@jasmine flower,album_sidecar_track,track,,Jasmine Flower,1999,us,album_track_try_harder_no_safe_match,2,0,271367813,,false
album_sidecar_track:album|kenny g|classics in the key of g@@2@@2@@@@natural ride:album_track_try_harder_no_safe_match:271367813,apple_music_try_harder_pass_v1,album|kenny g|classics in the key of g@@2@@2@@@@natural ride,album_sidecar_track,track,,Natural Ride,1999,us,album_track_try_harder_no_safe_match,2,5,271367813,,false
album_sidecar_track:album|kenny g|classics in the key of g@@2@@3@@@@waiting for you:album_track_try_harder_no_safe_match:271367813,apple_music_try_harder_pass_v1,album|kenny g|classics in the key of g@@2@@3@@@@waiting for you,album_sidecar_track,track,,Waiting For You,1999,us,album_track_try_harder_no_safe_match,2,5,271367813,,false
album_sidecar_track:album|kenny g|duotones@@1@@1@@@@what does it take to win your love:album_track_try_harder_no_safe_match:299723498,apple_music_try_harder_pass_v1,album|kenny g|duotones@@1@@1@@@@what does it take to win your love,album_sidecar_track,track,,What Does It Take (To Win Your Love),1986,us,album_track_try_harder_no_safe_match,10,48,299723498,,false
album_sidecar_track:album|kenny g|duotones@@1@@10@@@@three of a kind:album_track_try_harder_no_safe_match:299723498,apple_music_try_harder_pass_v1,album|kenny g|duotones@@1@@10@@@@three of a kind,album_sidecar_track,track,,Three of a Kind,1986,us,album_track_try_harder_no_safe_match,5,51,299723498,,false
album_sidecar_track:album|kenny g|duotones@@1@@11@@@@esther:album_track_try_harder_no_safe_match:299723498,apple_music_try_harder_pass_v1,album|kenny g|duotones@@1@@11@@@@esther,album_sidecar_track,track,,Esther,1986,us,album_track_try_harder_no_safe_match,5,51,299723498,,false
album_sidecar_track:album|kenny g|duotones@@1@@6@@@@and you know that:album_track_try_harder_no_safe_match:299723498,apple_music_try_harder_pass_v1,album|kenny g|duotones@@1@@6@@@@and you know that,album_sidecar_track,track,,And You Know That,1986,us,album_track_try_harder_no_safe_match,6,29,299723498,,false
album_sidecar_track:album|kenny g|duotones@@1@@8@@@@you make me believe:album_track_try_harder_no_safe_match:299723498,apple_music_try_harder_pass_v1,album|kenny g|duotones@@1@@8@@@@you make me believe,album_sidecar_track,track,,You Make Me Believe,1986,us,album_track_try_harder_no_safe_match,5,51,299723498,,false
album_sidecar_track:album|kenny g|duotones@@1@@9@@@@songbird:album_track_try_harder_no_safe_match:299723498,apple_music_try_harder_pass_v1,album|kenny g|duotones@@1@@9@@@@songbird,album_sidecar_track,track,,Songbird,1986,us,album_track_try_harder_no_safe_match,5,56,299723498,,false
album_sidecar_track:album|kid cudi|man on the moon the end of day@@1@@9@@@@enter galactic love connection part 1:album_track_try_harder_no_safe_match:1443864602,apple_music_try_harder_pass_v1,album|kid cudi|man on the moon the end of day@@1@@9@@@@enter galactic love connection part 1,album_sidecar_track,track,,"Enter Galactic (Love Connection, Part 1)",2009,us,album_track_try_harder_no_safe_match,7,43,1443864602,,false
album_sidecar_track:album|kid laroi|first time@@1@@14@@@@line:album_track_try_harder_no_safe_match:1895174191,apple_music_try_harder_pass_v1,album|kid laroi|first time@@1@@14@@@@line,album_sidecar_track,track,,THE LINE,2023,us,album_track_try_harder_no_safe_match,6,39,1895174191,,false
album_sidecar_track:album|kid laroi|first time@@1@@15@@@@what just happened:album_track_try_harder_no_safe_match:1895174191,apple_music_try_harder_pass_v1,album|kid laroi|first time@@1@@15@@@@what just happened,album_sidecar_track,track,,WHAT JUST HAPPENED,2023,us,album_track_try_harder_no_safe_match,6,51,1895174191,,false
album_sidecar_track:album|kid laroi|first time@@1@@16@@@@you:album_track_try_harder_no_safe_match:1895174191,apple_music_try_harder_pass_v1,album|kid laroi|first time@@1@@16@@@@you,album_sidecar_track,track,,YOU,2023,us,album_track_try_harder_no_safe_match,6,51,1895174191,,false
album_sidecar_track:album|kid laroi|first time@@1@@17@@@@love again:album_track_try_harder_no_safe_match:1895174191,apple_music_try_harder_pass_v1,album|kid laroi|first time@@1@@17@@@@love again,album_sidecar_track,track,,LOVE AGAIN,2023,us,album_track_try_harder_no_safe_match,6,51,1895174191,,false
album_sidecar_track:album|kid laroi|first time@@1@@18@@@@where does your spirit go:album_track_try_harder_no_safe_match:1895174191,apple_music_try_harder_pass_v1,album|kid laroi|first time@@1@@18@@@@where does your spirit go,album_sidecar_track,track,,WHERE DOES YOUR SPIRIT GO?,2023,us,album_track_try_harder_no_safe_match,6,51,1895174191,,false
album_sidecar_track:album|kid laroi|first time@@1@@19@@@@you never forget your first time:album_track_try_harder_no_safe_match:1895174191,apple_music_try_harder_pass_v1,album|kid laroi|first time@@1@@19@@@@you never forget your first time,album_sidecar_track,track,,YOU NEVER FORGET YOUR FIRST TIME...,2023,us,album_track_try_harder_no_safe_match,6,51,1895174191,,false
album_sidecar_track:album|kid laroi|first time@@1@@20@@@@kids are growing up:album_track_try_harder_no_safe_match:1895174191,apple_music_try_harder_pass_v1,album|kid laroi|first time@@1@@20@@@@kids are growing up,album_sidecar_track,track,,KIDS ARE GROWING UP,2023,us,album_track_try_harder_no_safe_match,6,51,1895174191,,false
album_sidecar_track:album|killers|direct hits@@1@@16@@@@mr brightside original demo:album_track_try_harder_no_safe_match:1440891166,apple_music_try_harder_pass_v1,album|killers|direct hits@@1@@16@@@@mr brightside original demo,album_sidecar_track,track,,Mr. Brightside (original demo),2013,us,album_track_try_harder_no_safe_match,0,0,1440891166,,false
album_sidecar_track:album|killers|direct hits@@1@@17@@@@when you were young calvin harris remix:album_track_try_harder_no_safe_match:1440891166,apple_music_try_harder_pass_v1,album|killers|direct hits@@1@@17@@@@when you were young calvin harris remix,album_sidecar_track,track,,When You Were Young (Calvin Harris remix),2013,us,album_track_try_harder_no_safe_match,0,0,1440891166,,false
album_sidecar_track:album|killers|direct hits@@1@@18@@@@be still:album_track_try_harder_no_safe_match:1440891166,apple_music_try_harder_pass_v1,album|killers|direct hits@@1@@18@@@@be still,album_sidecar_track,track,,Be Still,2013,us,album_track_try_harder_no_safe_match,0,0,1440891166,,false
album_sidecar_track:album|killing joke|killing joke@@1@@7@@@@change:album_track_try_harder_no_safe_match:1698411208,apple_music_try_harder_pass_v1,album|killing joke|killing joke@@1@@7@@@@change,album_sidecar_track,track,,Change,1980,us,album_track_try_harder_no_safe_match,7,33,1698411208,,false
album_sidecar_track:album|killing joke|killing joke@@1@@8@@@@s o 36:album_track_try_harder_no_safe_match:1698411208,apple_music_try_harder_pass_v1,album|killing joke|killing joke@@1@@8@@@@s o 36,album_sidecar_track,track,,S.O.36,1980,us,album_track_try_harder_no_safe_match,7,33,1698411208,,false
album_sidecar_track:album|killing joke|killing joke@@1@@9@@@@primitive:album_track_try_harder_no_safe_match:1698411208,apple_music_try_harder_pass_v1,album|killing joke|killing joke@@1@@9@@@@primitive,album_sidecar_track,track,,Primitive,1980,us,album_track_try_harder_no_safe_match,7,34,1698411208,,false
album_sidecar_track:album|kills|keep on your mean side@@1@@10@@@@fuck people:album_track_try_harder_no_safe_match:1801960090,apple_music_try_harder_pass_v1,album|kills|keep on your mean side@@1@@10@@@@fuck people,album_sidecar_track,track,,Fuck the People,2003,us,album_track_try_harder_no_safe_match,8,43,1801960090,,false
album_sidecar_track:album|kitchens of distinction|strange free world@@1@@5@@@@polaroids:album_track_try_harder_no_safe_match:1299907534,apple_music_try_harder_pass_v1,album|kitchens of distinction|strange free world@@1@@5@@@@polaroids,album_sidecar_track,track,,Polaroids,1991,us,album_track_try_harder_no_safe_match,6,44,1299907534,,false
album_sidecar_track:album|kmfdm|nihil@@1@@10@@@@trust nihil:album_track_try_harder_no_safe_match:413176758,apple_music_try_harder_pass_v1,album|kmfdm|nihil@@1@@10@@@@trust nihil,album_sidecar_track,track,,Trust / Nihil,1995,us,album_track_try_harder_no_safe_match,3,53,413176758,,false
album_sidecar_track:album|kmfdm|nihil@@1@@7@@@@disobedience:album_track_try_harder_no_safe_match:413176758,apple_music_try_harder_pass_v1,album|kmfdm|nihil@@1@@7@@@@disobedience,album_sidecar_track,track,,Disobedience,1995,us,album_track_try_harder_no_safe_match,5,43,413176758,,false
album_sidecar_track:album|korn|follow the leader@@1@@1@@@@silence:album_track_try_harder_no_safe_match:1165630592,apple_music_try_harder_pass_v1,album|korn|follow the leader@@1@@1@@@@silence,album_sidecar_track,track,,[silence],1998,us,album_track_try_harder_no_safe_match,14,34,1165630592,,false
album_sidecar_track:album|korn|follow the leader@@1@@10@@@@silence:album_track_try_harder_no_safe_match:1165630592,apple_music_try_harder_pass_v1,album|korn|follow the leader@@1@@10@@@@silence,album_sidecar_track,track,,[silence],1998,us,album_track_try_harder_no_safe_match,14,29,1165630592,,false
album_sidecar_track:album|korn|follow the leader@@1@@11@@@@silence:album_track_try_harder_no_safe_match:1165630592,apple_music_try_harder_pass_v1,album|korn|follow the leader@@1@@11@@@@silence,album_sidecar_track,track,,[silence],1998,us,album_track_try_harder_no_safe_match,14,29,1165630592,,false
album_sidecar_track:album|korn|follow the leader@@1@@12@@@@silence:album_track_try_harder_no_safe_match:1165630592,apple_music_try_harder_pass_v1,album|korn|follow the leader@@1@@12@@@@silence,album_sidecar_track,track,,[silence],1998,us,album_track_try_harder_no_safe_match,14,29,1165630592,,false
album_sidecar_track:album|korn|follow the leader@@1@@13@@@@it s on:album_track_try_harder_no_safe_match:1165630592,apple_music_try_harder_pass_v1,album|korn|follow the leader@@1@@13@@@@it s on,album_sidecar_track,track,,It’s On!,1998,us,album_track_try_harder_no_safe_match,14,56,1165630592,,false
album_sidecar_track:album|korn|follow the leader@@1@@14@@@@freak on a leash:album_track_try_harder_no_safe_match:1165630592,apple_music_try_harder_pass_v1,album|korn|follow the leader@@1@@14@@@@freak on a leash,album_sidecar_track,track,,Freak on a Leash,1998,us,album_track_try_harder_no_safe_match,14,55,1165630592,,false
album_sidecar_track:album|korn|follow the leader@@1@@15@@@@got life:album_track_try_harder_no_safe_match:1165630592,apple_music_try_harder_pass_v1,album|korn|follow the leader@@1@@15@@@@got life,album_sidecar_track,track,,Got the Life,1998,us,album_track_try_harder_no_safe_match,14,54,1165630592,,false
album_sidecar_track:album|korn|follow the leader@@1@@16@@@@dead bodies everywhere:album_track_try_harder_no_safe_match:1165630592,apple_music_try_harder_pass_v1,album|korn|follow the leader@@1@@16@@@@dead bodies everywhere,album_sidecar_track,track,,Dead Bodies Everywhere,1998,us,album_track_try_harder_no_safe_match,14,53,1165630592,,false
album_sidecar_track:album|korn|follow the leader@@1@@17@@@@children of korn:album_track_try_harder_no_safe_match:1165630592,apple_music_try_harder_pass_v1,album|korn|follow the leader@@1@@17@@@@children of korn,album_sidecar_track,track,,Children of the Korn,1998,us,album_track_try_harder_no_safe_match,14,34,1165630592,,false
album_sidecar_track:album|korn|follow the leader@@1@@18@@@@b b k:album_track_try_harder_no_safe_match:1165630592,apple_music_try_harder_pass_v1,album|korn|follow the leader@@1@@18@@@@b b k,album_sidecar_track,track,,B.B.K.,1998,us,album_track_try_harder_no_safe_match,14,51,1165630592,,false
album_sidecar_track:album|korn|follow the leader@@1@@19@@@@pretty:album_track_try_harder_no_safe_match:1165630592,apple_music_try_harder_pass_v1,album|korn|follow the leader@@1@@19@@@@pretty,album_sidecar_track,track,,Pretty,1998,us,album_track_try_harder_no_safe_match,14,51,1165630592,,false
album_sidecar_track:album|korn|follow the leader@@1@@2@@@@silence:album_track_try_harder_no_safe_match:1165630592,apple_music_try_harder_pass_v1,album|korn|follow the leader@@1@@2@@@@silence,album_sidecar_track,track,,[silence],1998,us,album_track_try_harder_no_safe_match,14,33,1165630592,,false
album_sidecar_track:album|korn|follow the leader@@1@@20@@@@all in family:album_track_try_harder_no_safe_match:1165630592,apple_music_try_harder_pass_v1,album|korn|follow the leader@@1@@20@@@@all in family,album_sidecar_track,track,,All in the Family,1998,us,album_track_try_harder_no_safe_match,14,33,1165630592,,false
album_sidecar_track:album|korn|follow the leader@@1@@21@@@@reclaim my place:album_track_try_harder_no_safe_match:1165630592,apple_music_try_harder_pass_v1,album|korn|follow the leader@@1@@21@@@@reclaim my place,album_sidecar_track,track,,Reclaim My Place,1998,us,album_track_try_harder_no_safe_match,14,51,1165630592,,false
album_sidecar_track:album|korn|follow the leader@@1@@22@@@@justin:album_track_try_harder_no_safe_match:1165630592,apple_music_try_harder_pass_v1,album|korn|follow the leader@@1@@22@@@@justin,album_sidecar_track,track,,Justin,1998,us,album_track_try_harder_no_safe_match,14,51,1165630592,,false
album_sidecar_track:album|korn|follow the leader@@1@@23@@@@seed:album_track_try_harder_no_safe_match:1165630592,apple_music_try_harder_pass_v1,album|korn|follow the leader@@1@@23@@@@seed,album_sidecar_track,track,,Seed,1998,us,album_track_try_harder_no_safe_match,14,51,1165630592,,false
album_sidecar_track:album|korn|follow the leader@@1@@24@@@@cameltosis:album_track_try_harder_no_safe_match:1165630592,apple_music_try_harder_pass_v1,album|korn|follow the leader@@1@@24@@@@cameltosis,album_sidecar_track,track,,Cameltosis,1998,us,album_track_try_harder_no_safe_match,14,33,1165630592,,false
album_sidecar_track:album|korn|follow the leader@@1@@25@@@@my gift to you earache my eye:album_track_try_harder_no_safe_match:1165630592,apple_music_try_harder_pass_v1,album|korn|follow the leader@@1@@25@@@@my gift to you earache my eye,album_sidecar_track,track,,My Gift to You / Earache My Eye,1998,us,album_track_try_harder_no_safe_match,14,19,1165630592,,false
album_sidecar_track:album|korn|follow the leader@@1@@3@@@@silence:album_track_try_harder_no_safe_match:1165630592,apple_music_try_harder_pass_v1,album|korn|follow the leader@@1@@3@@@@silence,album_sidecar_track,track,,[silence],1998,us,album_track_try_harder_no_safe_match,14,32,1165630592,,false
album_sidecar_track:album|korn|follow the leader@@1@@4@@@@silence:album_track_try_harder_no_safe_match:1165630592,apple_music_try_harder_pass_v1,album|korn|follow the leader@@1@@4@@@@silence,album_sidecar_track,track,,[silence],1998,us,album_track_try_harder_no_safe_match,14,31,1165630592,,false
album_sidecar_track:album|korn|follow the leader@@1@@5@@@@silence:album_track_try_harder_no_safe_match:1165630592,apple_music_try_harder_pass_v1,album|korn|follow the leader@@1@@5@@@@silence,album_sidecar_track,track,,[silence],1998,us,album_track_try_harder_no_safe_match,14,30,1165630592,,false
album_sidecar_track:album|korn|follow the leader@@1@@6@@@@silence:album_track_try_harder_no_safe_match:1165630592,apple_music_try_harder_pass_v1,album|korn|follow the leader@@1@@6@@@@silence,album_sidecar_track,track,,[silence],1998,us,album_track_try_harder_no_safe_match,14,29,1165630592,,false
album_sidecar_track:album|korn|follow the leader@@1@@7@@@@silence:album_track_try_harder_no_safe_match:1165630592,apple_music_try_harder_pass_v1,album|korn|follow the leader@@1@@7@@@@silence,album_sidecar_track,track,,[silence],1998,us,album_track_try_harder_no_safe_match,14,29,1165630592,,false
album_sidecar_track:album|korn|follow the leader@@1@@8@@@@silence:album_track_try_harder_no_safe_match:1165630592,apple_music_try_harder_pass_v1,album|korn|follow the leader@@1@@8@@@@silence,album_sidecar_track,track,,[silence],1998,us,album_track_try_harder_no_safe_match,14,29,1165630592,,false
album_sidecar_track:album|korn|follow the leader@@1@@9@@@@silence:album_track_try_harder_no_safe_match:1165630592,apple_music_try_harder_pass_v1,album|korn|follow the leader@@1@@9@@@@silence,album_sidecar_track,track,,[silence],1998,us,album_track_try_harder_no_safe_match,14,29,1165630592,,false
album_sidecar_track:album|korn|issues@@1@@4@@@@4 u:album_track_try_harder_no_safe_match:193152832,apple_music_try_harder_pass_v1,album|korn|issues@@1@@4@@@@4 u,album_sidecar_track,track,,4 U,1999,us,album_track_try_harder_no_safe_match,13,45,193152832,,false
album_sidecar_track:album|kurtis blow|kurtis blow@@1@@1@@@@rappin blow part 2:album_track_try_harder_no_safe_match:1442217354,apple_music_try_harder_pass_v1,album|kurtis blow|kurtis blow@@1@@1@@@@rappin blow part 2,album_sidecar_track,track,,"Rappin’ Blow, Part 2",1980,us,album_track_try_harder_no_safe_match,9,48,1442217354,,false
album_sidecar_track:album|kyuss|welcome to sky valley@@1@@1@@@@i gardenia asteroid supa scoopa and mighty scoop:album_track_try_harder_no_safe_match:207973376,apple_music_try_harder_pass_v1,album|kyuss|welcome to sky valley@@1@@1@@@@i gardenia asteroid supa scoopa and mighty scoop,album_sidecar_track,track,,I: Gardenia / Asteroid / Supa Scoopa and Mighty Scoop,1994,us,album_track_try_harder_no_safe_match,10,58,207973376,,false
album_sidecar_track:album|kyuss|welcome to sky valley@@1@@2@@@@ii 100 space cadet demon cleaner:album_track_try_harder_no_safe_match:207973376,apple_music_try_harder_pass_v1,album|kyuss|welcome to sky valley@@1@@2@@@@ii 100 space cadet demon cleaner,album_sidecar_track,track,,II: 100° / Space Cadet / Demon Cleaner,1994,us,album_track_try_harder_no_safe_match,10,33,207973376,,false
album_sidecar_track:album|kyuss|welcome to sky valley@@1@@3@@@@iii odyssey conan troutman n o whitewater:album_track_try_harder_no_safe_match:207973376,apple_music_try_harder_pass_v1,album|kyuss|welcome to sky valley@@1@@3@@@@iii odyssey conan troutman n o whitewater,album_sidecar_track,track,,III: Odyssey / Conan Troutman / N.O. / Whitewater,1994,us,album_track_try_harder_no_safe_match,10,32,207973376,,false
album_sidecar_track:album|kyuss|welcome to sky valley@@1@@4@@@@lick my doo:album_track_try_harder_no_safe_match:207973376,apple_music_try_harder_pass_v1,album|kyuss|welcome to sky valley@@1@@4@@@@lick my doo,album_sidecar_track,track,,Lick My Doo,1994,us,album_track_try_harder_no_safe_match,10,31,207973376,,false
album_sidecar_track:album|lady gaga|artpop@@1@@10@@@@donatella:album_track_try_harder_no_safe_match:1451767863,apple_music_try_harder_pass_v1,album|lady gaga|artpop@@1@@10@@@@donatella,album_sidecar_track,track,,Donatella,2013,us,album_track_try_harder_no_safe_match,8,51,1451767863,,false
album_sidecar_track:album|lady gaga|artpop@@1@@11@@@@fashion:album_track_try_harder_no_safe_match:1451767863,apple_music_try_harder_pass_v1,album|lady gaga|artpop@@1@@11@@@@fashion,album_sidecar_track,track,,Fashion!,2013,us,album_track_try_harder_no_safe_match,8,51,1451767863,,false
album_sidecar_track:album|lady gaga|artpop@@1@@12@@@@mary jane holland:album_track_try_harder_no_safe_match:1451767863,apple_music_try_harder_pass_v1,album|lady gaga|artpop@@1@@12@@@@mary jane holland,album_sidecar_track,track,,Mary Jane Holland,2013,us,album_track_try_harder_no_safe_match,8,51,1451767863,,false
album_sidecar_track:album|lady gaga|artpop@@1@@13@@@@dope:album_track_try_harder_no_safe_match:1451767863,apple_music_try_harder_pass_v1,album|lady gaga|artpop@@1@@13@@@@dope,album_sidecar_track,track,,Dope,2013,us,album_track_try_harder_no_safe_match,8,51,1451767863,,false
album_sidecar_track:album|lady gaga|artpop@@1@@14@@@@gypsy:album_track_try_harder_no_safe_match:1451767863,apple_music_try_harder_pass_v1,album|lady gaga|artpop@@1@@14@@@@gypsy,album_sidecar_track,track,,Gypsy,2013,us,album_track_try_harder_no_safe_match,8,51,1451767863,,false
album_sidecar_track:album|lady gaga|artpop@@1@@15@@@@applause:album_track_try_harder_no_safe_match:1451767863,apple_music_try_harder_pass_v1,album|lady gaga|artpop@@1@@15@@@@applause,album_sidecar_track,track,,Applause,2013,us,album_track_try_harder_no_safe_match,8,51,1451767863,,false
album_sidecar_track:album|lady gaga|artpop@@1@@7@@@@do what u want:album_track_try_harder_no_safe_match:1451767863,apple_music_try_harder_pass_v1,album|lady gaga|artpop@@1@@7@@@@do what u want,album_sidecar_track,track,,Do What U Want,2013,us,album_track_try_harder_no_safe_match,8,34,1451767863,,false
album_sidecar_track:album|lady gaga|artpop@@1@@8@@@@artpop:album_track_try_harder_no_safe_match:1451767863,apple_music_try_harder_pass_v1,album|lady gaga|artpop@@1@@8@@@@artpop,album_sidecar_track,track,,ARTPOP,2013,us,album_track_try_harder_no_safe_match,8,51,1451767863,,false
album_sidecar_track:album|lady gaga|artpop@@1@@9@@@@swine:album_track_try_harder_no_safe_match:1451767863,apple_music_try_harder_pass_v1,album|lady gaga|artpop@@1@@9@@@@swine,album_sidecar_track,track,,Swine,2013,us,album_track_try_harder_no_safe_match,8,51,1451767863,,false
album_sidecar_track:album|lady gaga|joanne@@1@@12@@@@grigio girls:album_track_try_harder_no_safe_match:1440895544,apple_music_try_harder_pass_v1,album|lady gaga|joanne@@1@@12@@@@grigio girls,album_sidecar_track,track,,Grigio Girls,2016,us,album_track_try_harder_no_safe_match,0,0,1440895544,,false
album_sidecar_track:album|lady gaga|joanne@@1@@13@@@@just another day:album_track_try_harder_no_safe_match:1440895544,apple_music_try_harder_pass_v1,album|lady gaga|joanne@@1@@13@@@@just another day,album_sidecar_track,track,,Just Another Day,2016,us,album_track_try_harder_no_safe_match,0,0,1440895544,,false
album_sidecar_track:album|lady gaga|joanne@@1@@14@@@@angel down work tape:album_track_try_harder_no_safe_match:1440895544,apple_music_try_harder_pass_v1,album|lady gaga|joanne@@1@@14@@@@angel down work tape,album_sidecar_track,track,,Angel Down (work tape),2016,us,album_track_try_harder_no_safe_match,0,0,1440895544,,false
album_sidecar_track:album|lana del rey|born to die@@1@@13@@@@without you:album_track_try_harder_no_safe_match:1440811595,apple_music_try_harder_pass_v1,album|lana del rey|born to die@@1@@13@@@@without you,album_sidecar_track,track,,Without You,2012,us,album_track_try_harder_no_safe_match,1,29,1440811595,,false
album_sidecar_track:album|lana del rey|born to die@@1@@14@@@@lolita:album_track_try_harder_no_safe_match:1440811595,apple_music_try_harder_pass_v1,album|lana del rey|born to die@@1@@14@@@@lolita,album_sidecar_track,track,,Lolita,2012,us,album_track_try_harder_no_safe_match,1,-5,1440811595,,false
album_sidecar_track:album|lana del rey|born to die@@1@@15@@@@lucky ones:album_track_try_harder_no_safe_match:1440811595,apple_music_try_harder_pass_v1,album|lana del rey|born to die@@1@@15@@@@lucky ones,album_sidecar_track,track,,Lucky Ones,2012,us,album_track_try_harder_no_safe_match,1,-5,1440811595,,false
album_sidecar_track:album|larsen feiten band|larsen feiten band@@1@@10@@@@visitor:album_track_try_harder_no_safe_match:375620554,apple_music_try_harder_pass_v1,album|larsen feiten band|larsen feiten band@@1@@10@@@@visitor,album_sidecar_track,track,,The Visitor,1980,us,album_track_try_harder_no_safe_match,0,0,375620554,,false
album_sidecar_track:album|larsen feiten band|larsen feiten band@@1@@11@@@@twilight moon:album_track_try_harder_no_safe_match:375620554,apple_music_try_harder_pass_v1,album|larsen feiten band|larsen feiten band@@1@@11@@@@twilight moon,album_sidecar_track,track,,Twilight Moon,1980,us,album_track_try_harder_no_safe_match,0,0,375620554,,false
album_sidecar_track:album|larsen feiten band|larsen feiten band@@1@@12@@@@sierra:album_track_try_harder_no_safe_match:375620554,apple_music_try_harder_pass_v1,album|larsen feiten band|larsen feiten band@@1@@12@@@@sierra,album_sidecar_track,track,,Sierra,1980,us,album_track_try_harder_no_safe_match,0,0,375620554,,false
album_sidecar_track:album|larsen feiten band|larsen feiten band@@1@@13@@@@brown eyes:album_track_try_harder_no_safe_match:375620554,apple_music_try_harder_pass_v1,album|larsen feiten band|larsen feiten band@@1@@13@@@@brown eyes,album_sidecar_track,track,,Brown Eyes,1980,us,album_track_try_harder_no_safe_match,0,0,375620554,,false
album_sidecar_track:album|larsen feiten band|larsen feiten band@@1@@14@@@@hero s welcome:album_track_try_harder_no_safe_match:375620554,apple_music_try_harder_pass_v1,album|larsen feiten band|larsen feiten band@@1@@14@@@@hero s welcome,album_sidecar_track,track,,Hero's Welcome,1980,us,album_track_try_harder_no_safe_match,0,0,375620554,,false
album_sidecar_track:album|larsen feiten band|larsen feiten band@@1@@15@@@@standing in line:album_track_try_harder_no_safe_match:375620554,apple_music_try_harder_pass_v1,album|larsen feiten band|larsen feiten band@@1@@15@@@@standing in line,album_sidecar_track,track,,Standing in Line,1980,us,album_track_try_harder_no_safe_match,0,0,375620554,,false
album_sidecar_track:album|larsen feiten band|larsen feiten band@@1@@16@@@@little cowboys:album_track_try_harder_no_safe_match:375620554,apple_music_try_harder_pass_v1,album|larsen feiten band|larsen feiten band@@1@@16@@@@little cowboys,album_sidecar_track,track,,Little Cowboys,1980,us,album_track_try_harder_no_safe_match,0,0,375620554,,false
album_sidecar_track:album|larsen feiten band|larsen feiten band@@1@@9@@@@phantom of footlights:album_track_try_harder_no_safe_match:375620554,apple_music_try_harder_pass_v1,album|larsen feiten band|larsen feiten band@@1@@9@@@@phantom of footlights,album_sidecar_track,track,,Phantom of the Footlights,1980,us,album_track_try_harder_no_safe_match,0,0,375620554,,false
album_sidecar_track:album|led zeppelin|physical graffiti@@2@@1@@@@in light:album_track_try_harder_no_safe_match:580707980,apple_music_try_harder_pass_v1,album|led zeppelin|physical graffiti@@2@@1@@@@in light,album_sidecar_track,track,,In the Light,1975,us,album_track_try_harder_no_safe_match,9,51,580707980,,false
album_sidecar_track:album|led zeppelin|physical graffiti@@2@@2@@@@bron yr aur:album_track_try_harder_no_safe_match:580707980,apple_music_try_harder_pass_v1,album|led zeppelin|physical graffiti@@2@@2@@@@bron yr aur,album_sidecar_track,track,,Bron‐Yr‐Aur,1975,us,album_track_try_harder_no_safe_match,9,51,580707980,,false
album_sidecar_track:album|led zeppelin|physical graffiti@@2@@3@@@@down by seaside:album_track_try_harder_no_safe_match:580707980,apple_music_try_harder_pass_v1,album|led zeppelin|physical graffiti@@2@@3@@@@down by seaside,album_sidecar_track,track,,Down by the Seaside,1975,us,album_track_try_harder_no_safe_match,9,51,580707980,,false
album_sidecar_track:album|led zeppelin|physical graffiti@@2@@4@@@@ten years gone:album_track_try_harder_no_safe_match:580707980,apple_music_try_harder_pass_v1,album|led zeppelin|physical graffiti@@2@@4@@@@ten years gone,album_sidecar_track,track,,Ten Years Gone,1975,us,album_track_try_harder_no_safe_match,9,51,580707980,,false
album_sidecar_track:album|led zeppelin|physical graffiti@@2@@5@@@@night flight:album_track_try_harder_no_safe_match:580707980,apple_music_try_harder_pass_v1,album|led zeppelin|physical graffiti@@2@@5@@@@night flight,album_sidecar_track,track,,Night Flight,1975,us,album_track_try_harder_no_safe_match,9,51,580707980,,false
album_sidecar_track:album|led zeppelin|physical graffiti@@2@@6@@@@wanton song:album_track_try_harder_no_safe_match:580707980,apple_music_try_harder_pass_v1,album|led zeppelin|physical graffiti@@2@@6@@@@wanton song,album_sidecar_track,track,,The Wanton Song,1975,us,album_track_try_harder_no_safe_match,9,51,580707980,,false
album_sidecar_track:album|led zeppelin|physical graffiti@@2@@7@@@@boogie with stu:album_track_try_harder_no_safe_match:580707980,apple_music_try_harder_pass_v1,album|led zeppelin|physical graffiti@@2@@7@@@@boogie with stu,album_sidecar_track,track,,Boogie With Stu,1975,us,album_track_try_harder_no_safe_match,9,51,580707980,,false
album_sidecar_track:album|led zeppelin|physical graffiti@@2@@8@@@@black country woman:album_track_try_harder_no_safe_match:580707980,apple_music_try_harder_pass_v1,album|led zeppelin|physical graffiti@@2@@8@@@@black country woman,album_sidecar_track,track,,Black Country Woman,1975,us,album_track_try_harder_no_safe_match,9,47,580707980,,false
album_sidecar_track:album|led zeppelin|physical graffiti@@2@@9@@@@sick again:album_track_try_harder_no_safe_match:580707980,apple_music_try_harder_pass_v1,album|led zeppelin|physical graffiti@@2@@9@@@@sick again,album_sidecar_track,track,,Sick Again,1975,us,album_track_try_harder_no_safe_match,9,51,580707980,,false
album_sidecar_track:album|leonard cohen|songs from a room@@1@@1@@@@bird on wire:album_track_try_harder_no_safe_match:185985535,apple_music_try_harder_pass_v1,album|leonard cohen|songs from a room@@1@@1@@@@bird on wire,album_sidecar_track,track,,Bird on the Wire,1969,us,album_track_try_harder_no_safe_match,10,48,185985535,,false
album_sidecar_track:album|leonard cohen|songs from a room@@1@@3@@@@a bunch of lonesome heroes:album_track_try_harder_no_safe_match:185985535,apple_music_try_harder_pass_v1,album|leonard cohen|songs from a room@@1@@3@@@@a bunch of lonesome heroes,album_sidecar_track,track,,A Bunch of Lonesome Heroes,1969,us,album_track_try_harder_no_safe_match,9,42,185985535,,false
album_sidecar_track:album|less than jake|losing streak@@1@@12@@@@ask magic 8 ball:album_track_try_harder_no_safe_match:723527271,apple_music_try_harder_pass_v1,album|less than jake|losing streak@@1@@12@@@@ask magic 8 ball,album_sidecar_track,track,,Ask the Magic 8 Ball,1996,us,album_track_try_harder_no_safe_match,6,43,723527271,,false
album_sidecar_track:album|less than jake|losing streak@@1@@7@@@@johnny quest thinks we re sellouts:album_track_try_harder_no_safe_match:723527271,apple_music_try_harder_pass_v1,album|less than jake|losing streak@@1@@7@@@@johnny quest thinks we re sellouts,album_sidecar_track,track,,Johnny Quest Thinks We're Sellouts,1996,us,album_track_try_harder_no_safe_match,10,43,723527271,,false
album_sidecar_track:album|letters to cleo|aurora gory alice@@1@@3@@@@rim shak:album_track_try_harder_no_safe_match:298888785,apple_music_try_harder_pass_v1,album|letters to cleo|aurora gory alice@@1@@3@@@@rim shak,album_sidecar_track,track,,Rim Shak,1993,us,album_track_try_harder_no_safe_match,8,32,298888785,,false
album_sidecar_track:album|lewis capaldi|divinely uninspired to a hellish extent@@1@@13@@@@before you go:album_track_try_harder_no_safe_match:1452618876,apple_music_try_harder_pass_v1,album|lewis capaldi|divinely uninspired to a hellish extent@@1@@13@@@@before you go,album_sidecar_track,track,,Before You Go,2019,us,album_track_try_harder_no_safe_match,0,0,1452618876,,false
album_sidecar_track:album|lewis capaldi|divinely uninspired to a hellish extent@@1@@14@@@@leaving my love behind:album_track_try_harder_no_safe_match:1452618876,apple_music_try_harder_pass_v1,album|lewis capaldi|divinely uninspired to a hellish extent@@1@@14@@@@leaving my love behind,album_sidecar_track,track,,Leaving My Love Behind,2019,us,album_track_try_harder_no_safe_match,0,0,1452618876,,false
album_sidecar_track:album|lewis capaldi|divinely uninspired to a hellish extent@@1@@15@@@@let it roll:album_track_try_harder_no_safe_match:1452618876,apple_music_try_harder_pass_v1,album|lewis capaldi|divinely uninspired to a hellish extent@@1@@15@@@@let it roll,album_sidecar_track,track,,Let It Roll,2019,us,album_track_try_harder_no_safe_match,0,0,1452618876,,false
album_sidecar_track:album|libertines|up the bracket@@1@@13@@@@what a waster:album_track_try_harder_no_safe_match:260021836,apple_music_try_harder_pass_v1,album|libertines|up the bracket@@1@@13@@@@what a waster,album_sidecar_track,track,,What a Waster,2002,us,album_track_try_harder_no_safe_match,0,0,260021836,,false
album_sidecar_track:album|libertines|up the bracket@@1@@14@@@@mocking bird:album_track_try_harder_no_safe_match:260021836,apple_music_try_harder_pass_v1,album|libertines|up the bracket@@1@@14@@@@mocking bird,album_sidecar_track,track,,Mocking Bird,2002,us,album_track_try_harder_no_safe_match,0,0,260021836,,false
album_sidecar_track:album|lifehouse|no name face@@1@@4@@@@somebody else s song:album_track_try_harder_no_safe_match:1440768163,apple_music_try_harder_pass_v1,album|lifehouse|no name face@@1@@4@@@@somebody else s song,album_sidecar_track,track,,Somebody Else’s Song,2000,us,album_track_try_harder_no_safe_match,9,45,1440768163,,false
album_sidecar_track:album|lil jon and the east side boyz|kings of crunk@@1@@11@@@@weedman skit:album_track_try_harder_no_safe_match:311288074,apple_music_try_harder_pass_v1,album|lil jon and the east side boyz|kings of crunk@@1@@11@@@@weedman skit,album_sidecar_track,track,,Weedman (skit),2002,us,album_track_try_harder_no_safe_match,11,29,311288074,,false
album_sidecar_track:album|lil jon and the east side boyz|kings of crunk@@1@@12@@@@weedman:album_track_try_harder_no_safe_match:311288074,apple_music_try_harder_pass_v1,album|lil jon and the east side boyz|kings of crunk@@1@@12@@@@weedman,album_sidecar_track,track,,The Weedman,2002,us,album_track_try_harder_no_safe_match,11,29,311288074,,false
album_sidecar_track:album|lil jon and the east side boyz|kings of crunk@@1@@13@@@@nothin on:album_track_try_harder_no_safe_match:311288074,apple_music_try_harder_pass_v1,album|lil jon and the east side boyz|kings of crunk@@1@@13@@@@nothin on,album_sidecar_track,track,,Nothin On,2002,us,album_track_try_harder_no_safe_match,11,34,311288074,,false
album_sidecar_track:album|lil jon and the east side boyz|kings of crunk@@1@@14@@@@luke talkin shit:album_track_try_harder_no_safe_match:311288074,apple_music_try_harder_pass_v1,album|lil jon and the east side boyz|kings of crunk@@1@@14@@@@luke talkin shit,album_sidecar_track,track,,Luke Talkin Shit,2002,us,album_track_try_harder_no_safe_match,11,29,311288074,,false
album_sidecar_track:album|lil jon and the east side boyz|kings of crunk@@1@@15@@@@ooh na na naa naa:album_track_try_harder_no_safe_match:311288074,apple_music_try_harder_pass_v1,album|lil jon and the east side boyz|kings of crunk@@1@@15@@@@ooh na na naa naa,album_sidecar_track,track,,Ooh Na Na Naa Naa,2002,us,album_track_try_harder_no_safe_match,11,33,311288074,,false
album_sidecar_track:album|lil jon and the east side boyz|kings of crunk@@1@@16@@@@nothin s free:album_track_try_harder_no_safe_match:311288074,apple_music_try_harder_pass_v1,album|lil jon and the east side boyz|kings of crunk@@1@@16@@@@nothin s free,album_sidecar_track,track,,Nothin’s Free,2002,us,album_track_try_harder_no_safe_match,11,29,311288074,,false
album_sidecar_track:album|lil jon and the east side boyz|kings of crunk@@1@@17@@@@play no games:album_track_try_harder_no_safe_match:311288074,apple_music_try_harder_pass_v1,album|lil jon and the east side boyz|kings of crunk@@1@@17@@@@play no games,album_sidecar_track,track,,Play No Games,2002,us,album_track_try_harder_no_safe_match,11,33,311288074,,false
album_sidecar_track:album|lil jon and the east side boyz|kings of crunk@@1@@18@@@@pitbull s cuban rideout:album_track_try_harder_no_safe_match:311288074,apple_music_try_harder_pass_v1,album|lil jon and the east side boyz|kings of crunk@@1@@18@@@@pitbull s cuban rideout,album_sidecar_track,track,,Pitbull’s Cuban Rideout,2002,us,album_track_try_harder_no_safe_match,11,29,311288074,,false
album_sidecar_track:album|lil jon and the east side boyz|kings of crunk@@1@@19@@@@get low:album_track_try_harder_no_safe_match:311288074,apple_music_try_harder_pass_v1,album|lil jon and the east side boyz|kings of crunk@@1@@19@@@@get low,album_sidecar_track,track,,Get Low,2002,us,album_track_try_harder_no_safe_match,11,33,311288074,,false
album_sidecar_track:album|lil jon and the east side boyz|kings of crunk@@1@@20@@@@t i p:album_track_try_harder_no_safe_match:311288074,apple_music_try_harder_pass_v1,album|lil jon and the east side boyz|kings of crunk@@1@@20@@@@t i p,album_sidecar_track,track,,T.I.P.,2002,us,album_track_try_harder_no_safe_match,11,51,311288074,,false
album_sidecar_track:album|lil jon and the east side boyz|kings of crunk@@1@@21@@@@bme click:album_track_try_harder_no_safe_match:311288074,apple_music_try_harder_pass_v1,album|lil jon and the east side boyz|kings of crunk@@1@@21@@@@bme click,album_sidecar_track,track,,BME Click,2002,us,album_track_try_harder_no_safe_match,11,33,311288074,,false
album_sidecar_track:album|lil jon and the east side boyz|kings of crunk@@1@@5@@@@bitch:album_track_try_harder_no_safe_match:311288074,apple_music_try_harder_pass_v1,album|lil jon and the east side boyz|kings of crunk@@1@@5@@@@bitch,album_sidecar_track,track,,Bitch,2002,us,album_track_try_harder_no_safe_match,15,44,311288074,,false
album_sidecar_track:album|lil jon and the east side boyz|kings of crunk@@1@@8@@@@push that nigga push that hoe:album_track_try_harder_no_safe_match:311288074,apple_music_try_harder_pass_v1,album|lil jon and the east side boyz|kings of crunk@@1@@8@@@@push that nigga push that hoe,album_sidecar_track,track,,"Push That Nigga, Push That Hoe",2002,us,album_track_try_harder_no_safe_match,13,43,311288074,,false
album_sidecar_track:album|lil uzi vert|luv is rage 2@@1@@17@@@@skir skirr:album_track_try_harder_no_safe_match:1274150514,apple_music_try_harder_pass_v1,album|lil uzi vert|luv is rage 2@@1@@17@@@@skir skirr,album_sidecar_track,track,,Skir Skirr,2017,us,album_track_try_harder_no_safe_match,0,0,1274150514,,false
album_sidecar_track:album|lil uzi vert|luv is rage 2@@1@@18@@@@loaded:album_track_try_harder_no_safe_match:1274150514,apple_music_try_harder_pass_v1,album|lil uzi vert|luv is rage 2@@1@@18@@@@loaded,album_sidecar_track,track,,Loaded,2017,us,album_track_try_harder_no_safe_match,0,0,1274150514,,false
album_sidecar_track:album|lil uzi vert|luv is rage 2@@1@@19@@@@diamonds all on my wrist:album_track_try_harder_no_safe_match:1274150514,apple_music_try_harder_pass_v1,album|lil uzi vert|luv is rage 2@@1@@19@@@@diamonds all on my wrist,album_sidecar_track,track,,Diamonds All on My Wrist,2017,us,album_track_try_harder_no_safe_match,0,0,1274150514,,false
album_sidecar_track:album|lil uzi vert|luv is rage 2@@1@@20@@@@20 min:album_track_try_harder_no_safe_match:1274150514,apple_music_try_harder_pass_v1,album|lil uzi vert|luv is rage 2@@1@@20@@@@20 min,album_sidecar_track,track,,20 Min,2017,us,album_track_try_harder_no_safe_match,0,0,1274150514,,false
album_sidecar_track:album|lil wayne|tha carter iii@@1@@14@@@@pussy monster:album_track_try_harder_no_safe_match:1440737099,apple_music_try_harder_pass_v1,album|lil wayne|tha carter iii@@1@@14@@@@pussy monster,album_sidecar_track,track,,Pussy Monster,2008,us,album_track_try_harder_no_safe_match,5,43,1440737099,,false
album_sidecar_track:album|limp bizkit|significant other@@1@@15@@@@outro radio sucks mind of les:album_track_try_harder_no_safe_match:1440754472,apple_music_try_harder_pass_v1,album|limp bizkit|significant other@@1@@15@@@@outro radio sucks mind of les,album_sidecar_track,track,,Outro / Radio Sucks / The Mind of Les,1999,us,album_track_try_harder_no_safe_match,2,53,1440754472,,false
album_sidecar_track:album|linda ronstadt|what s new@@1@@9@@@@goodbye:album_track_try_harder_no_safe_match:872636535,apple_music_try_harder_pass_v1,album|linda ronstadt|what s new@@1@@9@@@@goodbye,album_sidecar_track,track,,Goodbye,1983,us,album_track_try_harder_no_safe_match,1,43,872636535,,false
album_sidecar_track:album|linkin park|hybrid theory@@2@@1@@@@opening:album_track_try_harder_no_safe_match:528436018,apple_music_try_harder_pass_v1,album|linkin park|hybrid theory@@2@@1@@@@opening,album_sidecar_track,track,,Opening,2000,us,album_track_try_harder_no_safe_match,0,0,528436018,,false
album_sidecar_track:album|linkin park|hybrid theory@@2@@10@@@@riff raff:album_track_try_harder_no_safe_match:528436018,apple_music_try_harder_pass_v1,album|linkin park|hybrid theory@@2@@10@@@@riff raff,album_sidecar_track,track,,[Riff Raff],2000,us,album_track_try_harder_no_safe_match,0,0,528436018,,false
album_sidecar_track:album|linkin park|hybrid theory@@2@@11@@@@wth you chairman hahn reanimation feat aceyalone:album_track_try_harder_no_safe_match:528436018,apple_music_try_harder_pass_v1,album|linkin park|hybrid theory@@2@@11@@@@wth you chairman hahn reanimation feat aceyalone,album_sidecar_track,track,,Wth>You (Chairman Hahn Reanimation) [feat. Aceyalone],2000,us,album_track_try_harder_no_safe_match,0,0,528436018,,false
album_sidecar_track:album|linkin park|hybrid theory@@2@@12@@@@ntr mssion:album_track_try_harder_no_safe_match:528436018,apple_music_try_harder_pass_v1,album|linkin park|hybrid theory@@2@@12@@@@ntr mssion,album_sidecar_track,track,,Ntr\mssion,2000,us,album_track_try_harder_no_safe_match,0,0,528436018,,false
album_sidecar_track:album|linkin park|hybrid theory@@2@@13@@@@ppr kut cheapshot and jubacca reanimation feat rasco and planet asia:album_track_try_harder_no_safe_match:528436018,apple_music_try_harder_pass_v1,album|linkin park|hybrid theory@@2@@13@@@@ppr kut cheapshot and jubacca reanimation feat rasco and planet asia,album_sidecar_track,track,,Ppr:kut (Cheapshot and Jubacca Reanimation) [feat. Rasco and Planet Asia],2000,us,album_track_try_harder_no_safe_match,0,0,528436018,,false
album_sidecar_track:album|linkin park|hybrid theory@@2@@14@@@@rnw y backyard bangers reanimation feat phoenix orion:album_track_try_harder_no_safe_match:528436018,apple_music_try_harder_pass_v1,album|linkin park|hybrid theory@@2@@14@@@@rnw y backyard bangers reanimation feat phoenix orion,album_sidecar_track,track,,Rnw@y (Backyard Bangers Reanimation) [feat. Phoenix Orion],2000,us,album_track_try_harder_no_safe_match,0,0,528436018,,false
album_sidecar_track:album|linkin park|hybrid theory@@2@@15@@@@my dsmbr mickey p reanimation feat kelli ali:album_track_try_harder_no_safe_match:528436018,apple_music_try_harder_pass_v1,album|linkin park|hybrid theory@@2@@15@@@@my dsmbr mickey p reanimation feat kelli ali,album_sidecar_track,track,,My<Dsmbr (Mickey P. Reanimation) [feat. Kelli Ali],2000,us,album_track_try_harder_no_safe_match,0,0,528436018,,false
album_sidecar_track:album|linkin park|hybrid theory@@2@@16@@@@stef:album_track_try_harder_no_safe_match:528436018,apple_music_try_harder_pass_v1,album|linkin park|hybrid theory@@2@@16@@@@stef,album_sidecar_track,track,,[Stef],2000,us,album_track_try_harder_no_safe_match,0,0,528436018,,false
album_sidecar_track:album|linkin park|hybrid theory@@2@@17@@@@by myslf josh abraham and mike shinoda reanimation:album_track_try_harder_no_safe_match:528436018,apple_music_try_harder_pass_v1,album|linkin park|hybrid theory@@2@@17@@@@by myslf josh abraham and mike shinoda reanimation,album_sidecar_track,track,,By_Myslf (Josh Abraham and Mike Shinoda Reanimation),2000,us,album_track_try_harder_no_safe_match,0,0,528436018,,false
album_sidecar_track:album|linkin park|hybrid theory@@2@@18@@@@kyur4 th ich chairman hahn reanimation:album_track_try_harder_no_safe_match:528436018,apple_music_try_harder_pass_v1,album|linkin park|hybrid theory@@2@@18@@@@kyur4 th ich chairman hahn reanimation,album_sidecar_track,track,,Kyur4 Th Ich (Chairman Hahn Reanimation),2000,us,album_track_try_harder_no_safe_match,0,0,528436018,,false
album_sidecar_track:album|linkin park|hybrid theory@@2@@19@@@@1stp klosr humble brothers reanimation feat jonathan davis:album_track_try_harder_no_safe_match:528436018,apple_music_try_harder_pass_v1,album|linkin park|hybrid theory@@2@@19@@@@1stp klosr humble brothers reanimation feat jonathan davis,album_sidecar_track,track,,1Stp Klosr (The Humble Brothers Reanimation) [feat. Jonathan Davis],2000,us,album_track_try_harder_no_safe_match,0,0,528436018,,false
album_sidecar_track:album|linkin park|hybrid theory@@2@@2@@@@pts of athrty:album_track_try_harder_no_safe_match:528436018,apple_music_try_harder_pass_v1,album|linkin park|hybrid theory@@2@@2@@@@pts of athrty,album_sidecar_track,track,,Pts.Of.Athrty,2000,us,album_track_try_harder_no_safe_match,0,0,528436018,,false
album_sidecar_track:album|linkin park|hybrid theory@@2@@20@@@@krwlng mike shinoda reanimation feat aaron lewis:album_track_try_harder_no_safe_match:528436018,apple_music_try_harder_pass_v1,album|linkin park|hybrid theory@@2@@20@@@@krwlng mike shinoda reanimation feat aaron lewis,album_sidecar_track,track,,Krwlng (Mike Shinoda Reanimation) [feat. Aaron Lewis],2000,us,album_track_try_harder_no_safe_match,0,0,528436018,,false
album_sidecar_track:album|linkin park|hybrid theory@@2@@3@@@@enth e nd kutmasta kurt reanimation feat motion man:album_track_try_harder_no_safe_match:528436018,apple_music_try_harder_pass_v1,album|linkin park|hybrid theory@@2@@3@@@@enth e nd kutmasta kurt reanimation feat motion man,album_sidecar_track,track,,Enth E Nd (Kutmasta Kurt Reanimation) [feat. Motion Man],2000,us,album_track_try_harder_no_safe_match,0,0,528436018,,false
album_sidecar_track:album|linkin park|hybrid theory@@2@@4@@@@chali:album_track_try_harder_no_safe_match:528436018,apple_music_try_harder_pass_v1,album|linkin park|hybrid theory@@2@@4@@@@chali,album_sidecar_track,track,,[Chali],2000,us,album_track_try_harder_no_safe_match,0,0,528436018,,false
album_sidecar_track:album|linkin park|hybrid theory@@2@@5@@@@frgt 10 alchemist reanimation feat chali 2na:album_track_try_harder_no_safe_match:528436018,apple_music_try_harder_pass_v1,album|linkin park|hybrid theory@@2@@5@@@@frgt 10 alchemist reanimation feat chali 2na,album_sidecar_track,track,,Frgt/10 (Alchemist Reanimation) [feat. Chali 2na],2000,us,album_track_try_harder_no_safe_match,0,0,528436018,,false
album_sidecar_track:album|linkin park|hybrid theory@@2@@6@@@@p5hng me a wy mike shinoda reanimation feat stephen richards:album_track_try_harder_no_safe_match:528436018,apple_music_try_harder_pass_v1,album|linkin park|hybrid theory@@2@@6@@@@p5hng me a wy mike shinoda reanimation feat stephen richards,album_sidecar_track,track,,P5hng Me A*wy (Mike Shinoda Reanimation) [feat. Stephen Richards],2000,us,album_track_try_harder_no_safe_match,0,0,528436018,,false
album_sidecar_track:album|linkin park|hybrid theory@@2@@7@@@@plc 4 mie h d amp live reanimation feat zion:album_track_try_harder_no_safe_match:528436018,apple_music_try_harder_pass_v1,album|linkin park|hybrid theory@@2@@7@@@@plc 4 mie h d amp live reanimation feat zion,album_sidecar_track,track,,Plc.4 Mie Hæd (Amp Live Reanimation) [feat. Zion],2000,us,album_track_try_harder_no_safe_match,0,0,528436018,,false
album_sidecar_track:album|linkin park|hybrid theory@@2@@8@@@@x ecutioner style feat black thought:album_track_try_harder_no_safe_match:528436018,apple_music_try_harder_pass_v1,album|linkin park|hybrid theory@@2@@8@@@@x ecutioner style feat black thought,album_sidecar_track,track,,X-Ecutioner Style (feat. Black Thought),2000,us,album_track_try_harder_no_safe_match,0,0,528436018,,false
album_sidecar_track:album|linkin park|hybrid theory@@2@@9@@@@h vltg3 evidence reanimation feat pharoahe monch and dj babu:album_track_try_harder_no_safe_match:528436018,apple_music_try_harder_pass_v1,album|linkin park|hybrid theory@@2@@9@@@@h vltg3 evidence reanimation feat pharoahe monch and dj babu,album_sidecar_track,track,,H! Vltg3 (Evidence Reanimation) [feat. Pharoahe Monch and DJ Babu],2000,us,album_track_try_harder_no_safe_match,0,0,528436018,,false
album_sidecar_track:album|linkin park|hybrid theory@@3@@1@@@@carousel:album_track_try_harder_no_safe_match:528436018,apple_music_try_harder_pass_v1,album|linkin park|hybrid theory@@3@@1@@@@carousel,album_sidecar_track,track,,Carousel,2000,us,album_track_try_harder_no_safe_match,0,0,528436018,,false
album_sidecar_track:album|linkin park|hybrid theory@@3@@2@@@@technique short:album_track_try_harder_no_safe_match:528436018,apple_music_try_harder_pass_v1,album|linkin park|hybrid theory@@3@@2@@@@technique short,album_sidecar_track,track,,Technique (Short),2000,us,album_track_try_harder_no_safe_match,0,0,528436018,,false
album_sidecar_track:album|linkin park|hybrid theory@@3@@3@@@@step up:album_track_try_harder_no_safe_match:528436018,apple_music_try_harder_pass_v1,album|linkin park|hybrid theory@@3@@3@@@@step up,album_sidecar_track,track,,Step Up,2000,us,album_track_try_harder_no_safe_match,0,0,528436018,,false
album_sidecar_track:album|linkin park|hybrid theory@@3@@4@@@@and one:album_track_try_harder_no_safe_match:528436018,apple_music_try_harder_pass_v1,album|linkin park|hybrid theory@@3@@4@@@@and one,album_sidecar_track,track,,And One,2000,us,album_track_try_harder_no_safe_match,0,0,528436018,,false
album_sidecar_track:album|linkin park|hybrid theory@@3@@5@@@@high voltage:album_track_try_harder_no_safe_match:528436018,apple_music_try_harder_pass_v1,album|linkin park|hybrid theory@@3@@5@@@@high voltage,album_sidecar_track,track,,High Voltage,2000,us,album_track_try_harder_no_safe_match,0,0,528436018,,false
album_sidecar_track:album|linkin park|hybrid theory@@3@@6@@@@part of me:album_track_try_harder_no_safe_match:528436018,apple_music_try_harder_pass_v1,album|linkin park|hybrid theory@@3@@6@@@@part of me,album_sidecar_track,track,,Part of Me,2000,us,album_track_try_harder_no_safe_match,0,0,528436018,,false
album_sidecar_track:album|linkin park|hybrid theory@@4@@1@@@@one step closer rock mix:album_track_try_harder_no_safe_match:528436018,apple_music_try_harder_pass_v1,album|linkin park|hybrid theory@@4@@1@@@@one step closer rock mix,album_sidecar_track,track,,One Step Closer (Rock Mix),2000,us,album_track_try_harder_no_safe_match,0,0,528436018,,false
album_sidecar_track:album|linkin park|hybrid theory@@4@@10@@@@points of authority live at docklands arena london:album_track_try_harder_no_safe_match:528436018,apple_music_try_harder_pass_v1,album|linkin park|hybrid theory@@4@@10@@@@points of authority live at docklands arena london,album_sidecar_track,track,,"Points of Authority (Live at Docklands Arena, London)",2000,us,album_track_try_harder_no_safe_match,0,0,528436018,,false
album_sidecar_track:album|linkin park|hybrid theory@@4@@11@@@@papercut live at docklands arena london:album_track_try_harder_no_safe_match:528436018,apple_music_try_harder_pass_v1,album|linkin park|hybrid theory@@4@@11@@@@papercut live at docklands arena london,album_sidecar_track,track,,"Papercut (Live at Docklands Arena, London)",2000,us,album_track_try_harder_no_safe_match,0,0,528436018,,false
album_sidecar_track:album|linkin park|hybrid theory@@4@@12@@@@buy myself marilyn manson remix:album_track_try_harder_no_safe_match:528436018,apple_music_try_harder_pass_v1,album|linkin park|hybrid theory@@4@@12@@@@buy myself marilyn manson remix,album_sidecar_track,track,,Buy Myself (Marilyn Manson Remix),2000,us,album_track_try_harder_no_safe_match,0,0,528436018,,false
album_sidecar_track:album|linkin park|hybrid theory@@4@@2@@@@it s goin down feat mike shinoda and mr hahn:album_track_try_harder_no_safe_match:528436018,apple_music_try_harder_pass_v1,album|linkin park|hybrid theory@@4@@2@@@@it s goin down feat mike shinoda and mr hahn,album_sidecar_track,track,,It's Goin' Down (feat. Mike Shinoda and Mr. Hahn),2000,us,album_track_try_harder_no_safe_match,0,0,528436018,,false
album_sidecar_track:album|linkin park|hybrid theory@@4@@3@@@@papercut live from bbc:album_track_try_harder_no_safe_match:528436018,apple_music_try_harder_pass_v1,album|linkin park|hybrid theory@@4@@3@@@@papercut live from bbc,album_sidecar_track,track,,Papercut (Live from the BBC),2000,us,album_track_try_harder_no_safe_match,0,0,528436018,,false
album_sidecar_track:album|linkin park|hybrid theory@@4@@4@@@@in end live bbc radio one:album_track_try_harder_no_safe_match:528436018,apple_music_try_harder_pass_v1,album|linkin park|hybrid theory@@4@@4@@@@in end live bbc radio one,album_sidecar_track,track,,In The End (Live BBC Radio One),2000,us,album_track_try_harder_no_safe_match,0,0,528436018,,false
album_sidecar_track:album|linkin park|hybrid theory@@4@@5@@@@points of authority live bbc radio one:album_track_try_harder_no_safe_match:528436018,apple_music_try_harder_pass_v1,album|linkin park|hybrid theory@@4@@5@@@@points of authority live bbc radio one,album_sidecar_track,track,,Points of Authority (Live BBC Radio One),2000,us,album_track_try_harder_no_safe_match,0,0,528436018,,false
album_sidecar_track:album|linkin park|hybrid theory@@4@@6@@@@high voltage:album_track_try_harder_no_safe_match:528436018,apple_music_try_harder_pass_v1,album|linkin park|hybrid theory@@4@@6@@@@high voltage,album_sidecar_track,track,,High Voltage,2000,us,album_track_try_harder_no_safe_match,0,0,528436018,,false
album_sidecar_track:album|linkin park|hybrid theory@@4@@7@@@@step up 1999 demo:album_track_try_harder_no_safe_match:528436018,apple_music_try_harder_pass_v1,album|linkin park|hybrid theory@@4@@7@@@@step up 1999 demo,album_sidecar_track,track,,Step Up (1999 Demo),2000,us,album_track_try_harder_no_safe_match,0,0,528436018,,false
album_sidecar_track:album|linkin park|hybrid theory@@4@@8@@@@my december:album_track_try_harder_no_safe_match:528436018,apple_music_try_harder_pass_v1,album|linkin park|hybrid theory@@4@@8@@@@my december,album_sidecar_track,track,,My December,2000,us,album_track_try_harder_no_safe_match,0,0,528436018,,false
album_sidecar_track:album|linkin park|hybrid theory@@4@@9@@@@a place for my head live at docklands arena london:album_track_try_harder_no_safe_match:528436018,apple_music_try_harder_pass_v1,album|linkin park|hybrid theory@@4@@9@@@@a place for my head live at docklands arena london,album_sidecar_track,track,,"A Place for My Head (Live at Docklands Arena, London)",2000,us,album_track_try_harder_no_safe_match,0,0,528436018,,false
album_sidecar_track:album|linkin park|hybrid theory@@5@@1@@@@in end demo:album_track_try_harder_no_safe_match:528436018,apple_music_try_harder_pass_v1,album|linkin park|hybrid theory@@5@@1@@@@in end demo,album_sidecar_track,track,,In the End (Demo),2000,us,album_track_try_harder_no_safe_match,0,0,528436018,,false
album_sidecar_track:album|linkin park|hybrid theory@@5@@10@@@@grr 1999 demo:album_track_try_harder_no_safe_match:528436018,apple_music_try_harder_pass_v1,album|linkin park|hybrid theory@@5@@10@@@@grr 1999 demo,album_sidecar_track,track,,Grr (1999 Demo),2000,us,album_track_try_harder_no_safe_match,0,0,528436018,,false
album_sidecar_track:album|linkin park|hybrid theory@@5@@11@@@@so far away unreleased 1998:album_track_try_harder_no_safe_match:528436018,apple_music_try_harder_pass_v1,album|linkin park|hybrid theory@@5@@11@@@@so far away unreleased 1998,album_sidecar_track,track,,So Far Away (Unreleased 1998),2000,us,album_track_try_harder_no_safe_match,0,0,528436018,,false
album_sidecar_track:album|linkin park|hybrid theory@@5@@12@@@@coal unreleased demo 1997:album_track_try_harder_no_safe_match:528436018,apple_music_try_harder_pass_v1,album|linkin park|hybrid theory@@5@@12@@@@coal unreleased demo 1997,album_sidecar_track,track,,Coal (Unreleased Demo 1997),2000,us,album_track_try_harder_no_safe_match,0,0,528436018,,false
album_sidecar_track:album|linkin park|hybrid theory@@5@@13@@@@forgotten demo:album_track_try_harder_no_safe_match:528436018,apple_music_try_harder_pass_v1,album|linkin park|hybrid theory@@5@@13@@@@forgotten demo,album_sidecar_track,track,,Forgotten (Demo),2000,us,album_track_try_harder_no_safe_match,0,0,528436018,,false
album_sidecar_track:album|linkin park|hybrid theory@@5@@14@@@@sad by myself demo 1999:album_track_try_harder_no_safe_match:528436018,apple_music_try_harder_pass_v1,album|linkin park|hybrid theory@@5@@14@@@@sad by myself demo 1999,album_sidecar_track,track,,"Sad (""By Myself"" Demo 1999)",2000,us,album_track_try_harder_no_safe_match,0,0,528436018,,false
album_sidecar_track:album|linkin park|hybrid theory@@5@@15@@@@hurry 1999 demo:album_track_try_harder_no_safe_match:528436018,apple_music_try_harder_pass_v1,album|linkin park|hybrid theory@@5@@15@@@@hurry 1999 demo,album_sidecar_track,track,,Hurry (1999 Demo),2000,us,album_track_try_harder_no_safe_match,0,0,528436018,,false
album_sidecar_track:album|linkin park|hybrid theory@@5@@16@@@@blue 1998 unreleased hybrid theory demo:album_track_try_harder_no_safe_match:528436018,apple_music_try_harder_pass_v1,album|linkin park|hybrid theory@@5@@16@@@@blue 1998 unreleased hybrid theory demo,album_sidecar_track,track,,Blue (1998 Unreleased Hybrid Theory Demo),2000,us,album_track_try_harder_no_safe_match,0,0,528436018,,false
album_sidecar_track:album|linkin park|hybrid theory@@5@@17@@@@chair 1999 part of me demo:album_track_try_harder_no_safe_match:528436018,apple_music_try_harder_pass_v1,album|linkin park|hybrid theory@@5@@17@@@@chair 1999 part of me demo,album_sidecar_track,track,,"Chair (1999 ""Part of Me"" Demo)",2000,us,album_track_try_harder_no_safe_match,0,0,528436018,,false
album_sidecar_track:album|linkin park|hybrid theory@@5@@18@@@@pts of athrty crystal method remix:album_track_try_harder_no_safe_match:528436018,apple_music_try_harder_pass_v1,album|linkin park|hybrid theory@@5@@18@@@@pts of athrty crystal method remix,album_sidecar_track,track,,Pts.Of.Athrty (Crystal Method Remix),2000,us,album_track_try_harder_no_safe_match,0,0,528436018,,false
album_sidecar_track:album|linkin park|hybrid theory@@5@@2@@@@dedicated 1999 demo:album_track_try_harder_no_safe_match:528436018,apple_music_try_harder_pass_v1,album|linkin park|hybrid theory@@5@@2@@@@dedicated 1999 demo,album_sidecar_track,track,,Dedicated (1999 Demo),2000,us,album_track_try_harder_no_safe_match,0,0,528436018,,false
album_sidecar_track:album|linkin park|hybrid theory@@5@@3@@@@with you live at docklands arena london:album_track_try_harder_no_safe_match:528436018,apple_music_try_harder_pass_v1,album|linkin park|hybrid theory@@5@@3@@@@with you live at docklands arena london,album_sidecar_track,track,,"With You (Live at Docklands Arena, London)",2000,us,album_track_try_harder_no_safe_match,0,0,528436018,,false
album_sidecar_track:album|linkin park|hybrid theory@@5@@4@@@@high voltage live at docklands arena london:album_track_try_harder_no_safe_match:528436018,apple_music_try_harder_pass_v1,album|linkin park|hybrid theory@@5@@4@@@@high voltage live at docklands arena london,album_sidecar_track,track,,"High Voltage (Live at Docklands Arena, London)",2000,us,album_track_try_harder_no_safe_match,0,0,528436018,,false
album_sidecar_track:album|linkin park|hybrid theory@@5@@5@@@@points of authority demo:album_track_try_harder_no_safe_match:528436018,apple_music_try_harder_pass_v1,album|linkin park|hybrid theory@@5@@5@@@@points of authority demo,album_sidecar_track,track,,Points of Authority (Demo),2000,us,album_track_try_harder_no_safe_match,0,0,528436018,,false
album_sidecar_track:album|linkin park|hybrid theory@@5@@6@@@@stick and move runaway demo 1998:album_track_try_harder_no_safe_match:528436018,apple_music_try_harder_pass_v1,album|linkin park|hybrid theory@@5@@6@@@@stick and move runaway demo 1998,album_sidecar_track,track,,"Stick and Move (""Runaway"" Demo 1998)",2000,us,album_track_try_harder_no_safe_match,0,0,528436018,,false
album_sidecar_track:album|linkin park|hybrid theory@@5@@7@@@@esaul a place for my head demo:album_track_try_harder_no_safe_match:528436018,apple_music_try_harder_pass_v1,album|linkin park|hybrid theory@@5@@7@@@@esaul a place for my head demo,album_sidecar_track,track,,"Esaul (""A Place for My Head"" Demo)",2000,us,album_track_try_harder_no_safe_match,0,0,528436018,,false
album_sidecar_track:album|linkin park|hybrid theory@@5@@8@@@@oh no points of authority demo:album_track_try_harder_no_safe_match:528436018,apple_music_try_harder_pass_v1,album|linkin park|hybrid theory@@5@@8@@@@oh no points of authority demo,album_sidecar_track,track,,"Oh No (""Points of Authority"" Demo)",2000,us,album_track_try_harder_no_safe_match,0,0,528436018,,false
album_sidecar_track:album|linkin park|hybrid theory@@5@@9@@@@slip 1998 unreleased hybrid theory demo:album_track_try_harder_no_safe_match:528436018,apple_music_try_harder_pass_v1,album|linkin park|hybrid theory@@5@@9@@@@slip 1998 unreleased hybrid theory demo,album_sidecar_track,track,,Slip (1998 Unreleased Hybrid Theory Demo),2000,us,album_track_try_harder_no_safe_match,0,0,528436018,,false
album_sidecar_track:album|linkin park|hybrid theory@@6@@1@@@@dialate:album_track_try_harder_no_safe_match:528436018,apple_music_try_harder_pass_v1,album|linkin park|hybrid theory@@6@@1@@@@dialate,album_sidecar_track,track,,Dialate,2000,us,album_track_try_harder_no_safe_match,0,0,528436018,,false
album_sidecar_track:album|linkin park|hybrid theory@@6@@10@@@@points of authority:album_track_try_harder_no_safe_match:528436018,apple_music_try_harder_pass_v1,album|linkin park|hybrid theory@@6@@10@@@@points of authority,album_sidecar_track,track,,Points of Authority,2000,us,album_track_try_harder_no_safe_match,0,0,528436018,,false
album_sidecar_track:album|linkin park|hybrid theory@@6@@11@@@@crawling:album_track_try_harder_no_safe_match:528436018,apple_music_try_harder_pass_v1,album|linkin park|hybrid theory@@6@@11@@@@crawling,album_sidecar_track,track,,Crawling,2000,us,album_track_try_harder_no_safe_match,0,0,528436018,,false
album_sidecar_track:album|linkin park|hybrid theory@@6@@12@@@@superxero:album_track_try_harder_no_safe_match:528436018,apple_music_try_harder_pass_v1,album|linkin park|hybrid theory@@6@@12@@@@superxero,album_sidecar_track,track,,SuperXero,2000,us,album_track_try_harder_no_safe_match,0,0,528436018,,false
album_sidecar_track:album|linkin park|hybrid theory@@6@@2@@@@pictureboard:album_track_try_harder_no_safe_match:528436018,apple_music_try_harder_pass_v1,album|linkin park|hybrid theory@@6@@2@@@@pictureboard,album_sidecar_track,track,,Pictureboard,2000,us,album_track_try_harder_no_safe_match,0,0,528436018,,false
album_sidecar_track:album|linkin park|hybrid theory@@6@@3@@@@she couldn t:album_track_try_harder_no_safe_match:528436018,apple_music_try_harder_pass_v1,album|linkin park|hybrid theory@@6@@3@@@@she couldn t,album_sidecar_track,track,,She Couldn't,2000,us,album_track_try_harder_no_safe_match,0,0,528436018,,false
album_sidecar_track:album|linkin park|hybrid theory@@6@@4@@@@could have been:album_track_try_harder_no_safe_match:528436018,apple_music_try_harder_pass_v1,album|linkin park|hybrid theory@@6@@4@@@@could have been,album_sidecar_track,track,,Could Have Been,2000,us,album_track_try_harder_no_safe_match,0,0,528436018,,false
album_sidecar_track:album|linkin park|hybrid theory@@6@@5@@@@reading my eyes:album_track_try_harder_no_safe_match:528436018,apple_music_try_harder_pass_v1,album|linkin park|hybrid theory@@6@@5@@@@reading my eyes,album_sidecar_track,track,,Reading My Eyes,2000,us,album_track_try_harder_no_safe_match,0,0,528436018,,false
album_sidecar_track:album|linkin park|hybrid theory@@6@@6@@@@rhinestone:album_track_try_harder_no_safe_match:528436018,apple_music_try_harder_pass_v1,album|linkin park|hybrid theory@@6@@6@@@@rhinestone,album_sidecar_track,track,,Rhinestone,2000,us,album_track_try_harder_no_safe_match,0,0,528436018,,false
album_sidecar_track:album|linkin park|hybrid theory@@6@@7@@@@esaul:album_track_try_harder_no_safe_match:528436018,apple_music_try_harder_pass_v1,album|linkin park|hybrid theory@@6@@7@@@@esaul,album_sidecar_track,track,,Esaul,2000,us,album_track_try_harder_no_safe_match,0,0,528436018,,false
album_sidecar_track:album|linkin park|hybrid theory@@6@@8@@@@stick n move:album_track_try_harder_no_safe_match:528436018,apple_music_try_harder_pass_v1,album|linkin park|hybrid theory@@6@@8@@@@stick n move,album_sidecar_track,track,,Stick N Move,2000,us,album_track_try_harder_no_safe_match,0,0,528436018,,false
album_sidecar_track:album|linkin park|hybrid theory@@6@@9@@@@carousel:album_track_try_harder_no_safe_match:528436018,apple_music_try_harder_pass_v1,album|linkin park|hybrid theory@@6@@9@@@@carousel,album_sidecar_track,track,,Carousel,2000,us,album_track_try_harder_no_safe_match,0,0,528436018,,false
album_sidecar_track:album|litter|distortions@@1@@2@@@@whatcha gonna do about it:album_track_try_harder_no_safe_match:1470158161,apple_music_try_harder_pass_v1,album|litter|distortions@@1@@2@@@@whatcha gonna do about it,album_sidecar_track,track,,Whatcha Gonna Do About it,1967,us,album_track_try_harder_no_safe_match,9,33,1470158161,,false
album_sidecar_track:album|liz phair|exile in guyville@@1@@10@@@@fuck and run:album_track_try_harder_no_safe_match:1589236833,apple_music_try_harder_pass_v1,album|liz phair|exile in guyville@@1@@10@@@@fuck and run,album_sidecar_track,track,,Fuck and Run,1993,us,album_track_try_harder_no_safe_match,9,43,1589236833,,false
album_sidecar_track:album|lmfao|sorry for party rocking@@1@@11@@@@party rock anthem alesso remix:album_track_try_harder_no_safe_match:1443124632,apple_music_try_harder_pass_v1,album|lmfao|sorry for party rocking@@1@@11@@@@party rock anthem alesso remix,album_sidecar_track,track,,Party Rock Anthem (Alesso remix),2011,us,album_track_try_harder_no_safe_match,1,34,1443124632,,false
album_sidecar_track:album|los tigres del norte|jefe de jefes@@2@@1@@@@el mojado acaudalado:album_track_try_harder_no_safe_match:1442962139,apple_music_try_harder_pass_v1,album|los tigres del norte|jefe de jefes@@2@@1@@@@el mojado acaudalado,album_sidecar_track,track,,El mojado acaudalado,1997,us,album_track_try_harder_no_safe_match,10,51,1442962139,,false
album_sidecar_track:album|los tigres del norte|jefe de jefes@@2@@10@@@@el mojado acaudalado acustico:album_track_try_harder_no_safe_match:1442962139,apple_music_try_harder_pass_v1,album|los tigres del norte|jefe de jefes@@2@@10@@@@el mojado acaudalado acustico,album_sidecar_track,track,,El mojado acaudalado (acústico),1997,us,album_track_try_harder_no_safe_match,10,19,1442962139,,false
album_sidecar_track:album|los tigres del norte|jefe de jefes@@2@@2@@@@ni aqui ni alla:album_track_try_harder_no_safe_match:1442962139,apple_music_try_harder_pass_v1,album|los tigres del norte|jefe de jefes@@2@@2@@@@ni aqui ni alla,album_sidecar_track,track,,"Ni aquí, ni allá",1997,us,album_track_try_harder_no_safe_match,10,51,1442962139,,false
album_sidecar_track:album|los tigres del norte|jefe de jefes@@2@@3@@@@el tarasco:album_track_try_harder_no_safe_match:1442962139,apple_music_try_harder_pass_v1,album|los tigres del norte|jefe de jefes@@2@@3@@@@el tarasco,album_sidecar_track,track,,El tarasco,1997,us,album_track_try_harder_no_safe_match,10,51,1442962139,,false
album_sidecar_track:album|los tigres del norte|jefe de jefes@@2@@4@@@@la paloma:album_track_try_harder_no_safe_match:1442962139,apple_music_try_harder_pass_v1,album|los tigres del norte|jefe de jefes@@2@@4@@@@la paloma,album_sidecar_track,track,,La paloma,1997,us,album_track_try_harder_no_safe_match,10,51,1442962139,,false
album_sidecar_track:album|los tigres del norte|jefe de jefes@@2@@5@@@@jesus amado:album_track_try_harder_no_safe_match:1442962139,apple_music_try_harder_pass_v1,album|los tigres del norte|jefe de jefes@@2@@5@@@@jesus amado,album_sidecar_track,track,,Jesús Amado,1997,us,album_track_try_harder_no_safe_match,10,51,1442962139,,false
album_sidecar_track:album|los tigres del norte|jefe de jefes@@2@@6@@@@lo que sembre alla en la sierra:album_track_try_harder_no_safe_match:1442962139,apple_music_try_harder_pass_v1,album|los tigres del norte|jefe de jefes@@2@@6@@@@lo que sembre alla en la sierra,album_sidecar_track,track,,Lo que sembré allá en la sierra,1997,us,album_track_try_harder_no_safe_match,10,51,1442962139,,false
album_sidecar_track:album|los tigres del norte|jefe de jefes@@2@@7@@@@el planton:album_track_try_harder_no_safe_match:1442962139,apple_music_try_harder_pass_v1,album|los tigres del norte|jefe de jefes@@2@@7@@@@el planton,album_sidecar_track,track,,El plantón,1997,us,album_track_try_harder_no_safe_match,10,51,1442962139,,false
album_sidecar_track:album|los tigres del norte|jefe de jefes@@2@@8@@@@las novias del traficante:album_track_try_harder_no_safe_match:1442962139,apple_music_try_harder_pass_v1,album|los tigres del norte|jefe de jefes@@2@@8@@@@las novias del traficante,album_sidecar_track,track,,Las novias del traficante,1997,us,album_track_try_harder_no_safe_match,10,51,1442962139,,false
album_sidecar_track:album|los tigres del norte|jefe de jefes@@2@@9@@@@el general:album_track_try_harder_no_safe_match:1442962139,apple_music_try_harder_pass_v1,album|los tigres del norte|jefe de jefes@@2@@9@@@@el general,album_sidecar_track,track,,El general,1997,us,album_track_try_harder_no_safe_match,10,42,1442962139,,false
album_sidecar_track:album|lovin spoonful|daydream@@1@@6@@@@let boy rock and roll:album_track_try_harder_no_safe_match:253838626,apple_music_try_harder_pass_v1,album|lovin spoonful|daydream@@1@@6@@@@let boy rock and roll,album_sidecar_track,track,,Let the Boy Rock and Roll,1966,us,album_track_try_harder_no_safe_match,12,43,253838626,,false
album_sidecar_track:album|ludacris|word of mouf@@1@@1@@@@coming to america:album_track_try_harder_no_safe_match:1440920531,apple_music_try_harder_pass_v1,album|ludacris|word of mouf@@1@@1@@@@coming to america,album_sidecar_track,track,,Coming to America,2001,us,album_track_try_harder_no_safe_match,18,48,1440920531,,false
album_sidecar_track:album|ludacris|word of mouf@@1@@15@@@@get fuck back:album_track_try_harder_no_safe_match:1440920531,apple_music_try_harder_pass_v1,album|ludacris|word of mouf@@1@@15@@@@get fuck back,album_sidecar_track,track,,Get the Fuck Back,2001,us,album_track_try_harder_no_safe_match,7,43,1440920531,,false
album_sidecar_track:album|ludacris|word of mouf@@1@@2@@@@roll out my business:album_track_try_harder_no_safe_match:1440920531,apple_music_try_harder_pass_v1,album|ludacris|word of mouf@@1@@2@@@@roll out my business,album_sidecar_track,track,,Roll Out (My Business),2001,us,album_track_try_harder_no_safe_match,18,47,1440920531,,false
album_sidecar_track:album|ludacris|word of mouf@@1@@3@@@@go to sleep:album_track_try_harder_no_safe_match:1440920531,apple_music_try_harder_pass_v1,album|ludacris|word of mouf@@1@@3@@@@go to sleep,album_sidecar_track,track,,Go to Sleep,2001,us,album_track_try_harder_no_safe_match,18,46,1440920531,,false
album_sidecar_track:album|lumineers|cleopatra@@1@@12@@@@sailor song moitessier:album_track_try_harder_no_safe_match:1754016727,apple_music_try_harder_pass_v1,album|lumineers|cleopatra@@1@@12@@@@sailor song moitessier,album_sidecar_track,track,,Sailor Song (Moitessier),2016,us,album_track_try_harder_no_safe_match,0,0,1754016727,,false
album_sidecar_track:album|lumineers|cleopatra@@1@@13@@@@for fra:album_track_try_harder_no_safe_match:1754016727,apple_music_try_harder_pass_v1,album|lumineers|cleopatra@@1@@13@@@@for fra,album_sidecar_track,track,,For Fra,2016,us,album_track_try_harder_no_safe_match,0,0,1754016727,,false
album_sidecar_track:album|lumineers|cleopatra@@1@@14@@@@boots of spanish leather:album_track_try_harder_no_safe_match:1754016727,apple_music_try_harder_pass_v1,album|lumineers|cleopatra@@1@@14@@@@boots of spanish leather,album_sidecar_track,track,,Boots of Spanish Leather,2016,us,album_track_try_harder_no_safe_match,0,0,1754016727,,false
album_sidecar_track:album|lumineers|lumineers@@1@@12@@@@ain t nobody s problem:album_track_try_harder_no_safe_match:1754219081,apple_music_try_harder_pass_v1,album|lumineers|lumineers@@1@@12@@@@ain t nobody s problem,album_sidecar_track,track,,Ain’t Nobody’s Problem,2012,us,album_track_try_harder_no_safe_match,0,0,1754219081,,false
album_sidecar_track:album|lumineers|lumineers@@1@@13@@@@this must be place naive melody:album_track_try_harder_no_safe_match:1754219081,apple_music_try_harder_pass_v1,album|lumineers|lumineers@@1@@13@@@@this must be place naive melody,album_sidecar_track,track,,This Must Be the Place (Naïve Melody),2012,us,album_track_try_harder_no_safe_match,0,0,1754219081,,false
album_sidecar_track:album|lumineers|lumineers@@1@@14@@@@elouise:album_track_try_harder_no_safe_match:1754219081,apple_music_try_harder_pass_v1,album|lumineers|lumineers@@1@@14@@@@elouise,album_sidecar_track,track,,Elouise,2012,us,album_track_try_harder_no_safe_match,0,0,1754219081,,false
album_sidecar_track:album|lumineers|lumineers@@1@@15@@@@darlene:album_track_try_harder_no_safe_match:1754219081,apple_music_try_harder_pass_v1,album|lumineers|lumineers@@1@@15@@@@darlene,album_sidecar_track,track,,Darlene,2012,us,album_track_try_harder_no_safe_match,0,0,1754219081,,false
album_sidecar_track:album|lumineers|lumineers@@1@@16@@@@slow it down live:album_track_try_harder_no_safe_match:1754219081,apple_music_try_harder_pass_v1,album|lumineers|lumineers@@1@@16@@@@slow it down live,album_sidecar_track,track,,Slow It Down (live),2012,us,album_track_try_harder_no_safe_match,0,0,1754219081,,false
album_sidecar_track:album|m i a|kala@@1@@2@@@@bird flu:album_track_try_harder_no_safe_match:296393419,apple_music_try_harder_pass_v1,album|m i a|kala@@1@@2@@@@bird flu,album_sidecar_track,track,,Bird Flu,2007,us,album_track_try_harder_no_safe_match,17,47,296393419,,false
album_sidecar_track:album|mac demarco|salad days@@1@@12@@@@go easy demo:album_track_try_harder_no_safe_match:799685692,apple_music_try_harder_pass_v1,album|mac demarco|salad days@@1@@12@@@@go easy demo,album_sidecar_track,track,,Go Easy (demo),2014,us,album_track_try_harder_no_safe_match,0,0,799685692,,false
album_sidecar_track:album|mac demarco|salad days@@1@@13@@@@passing out pieces demo:album_track_try_harder_no_safe_match:799685692,apple_music_try_harder_pass_v1,album|mac demarco|salad days@@1@@13@@@@passing out pieces demo,album_sidecar_track,track,,Passing Out Pieces (demo),2014,us,album_track_try_harder_no_safe_match,0,0,799685692,,false
album_sidecar_track:album|magnapop|hot boxing@@1@@13@@@@emergency:album_track_try_harder_no_safe_match:285956517,apple_music_try_harder_pass_v1,album|magnapop|hot boxing@@1@@13@@@@emergency,album_sidecar_track,track,,Emergency,1994,us,album_track_try_harder_no_safe_match,2,43,285956517,,false
album_sidecar_track:album|mantronix|album@@1@@6@@@@get stupid fresh part 1:album_track_try_harder_no_safe_match:341928107,apple_music_try_harder_pass_v1,album|mantronix|album@@1@@6@@@@get stupid fresh part 1,album_sidecar_track,track,,"Get Stupid “Fresh”, Part 1",1985,us,album_track_try_harder_no_safe_match,2,43,341928107,,false
album_sidecar_track:album|marcels|blue moon@@1@@10@@@@teeter totter love:album_track_try_harder_no_safe_match:1439881921,apple_music_try_harder_pass_v1,album|marcels|blue moon@@1@@10@@@@teeter totter love,album_sidecar_track,track,,Teeter Totter Love,1961,us,album_track_try_harder_no_safe_match,32,51,1439881921,,false
album_sidecar_track:album|marcels|blue moon@@1@@11@@@@sunday kind of love:album_track_try_harder_no_safe_match:1439881921,apple_music_try_harder_pass_v1,album|marcels|blue moon@@1@@11@@@@sunday kind of love,album_sidecar_track,track,,Sunday Kind of Love,1961,us,album_track_try_harder_no_safe_match,32,51,1439881921,,false
album_sidecar_track:album|marcels|blue moon@@1@@12@@@@crazy bells:album_track_try_harder_no_safe_match:1439881921,apple_music_try_harder_pass_v1,album|marcels|blue moon@@1@@12@@@@crazy bells,album_sidecar_track,track,,Crazy Bells,1961,us,album_track_try_harder_no_safe_match,32,51,1439881921,,false
album_sidecar_track:album|marcels|blue moon@@1@@2@@@@goodbye to love:album_track_try_harder_no_safe_match:1439881921,apple_music_try_harder_pass_v1,album|marcels|blue moon@@1@@2@@@@goodbye to love,album_sidecar_track,track,,Goodbye to Love,1961,us,album_track_try_harder_no_safe_match,32,47,1439881921,,false
album_sidecar_track:album|marcels|blue moon@@1@@3@@@@sweet was wine:album_track_try_harder_no_safe_match:1439881921,apple_music_try_harder_pass_v1,album|marcels|blue moon@@1@@3@@@@sweet was wine,album_sidecar_track,track,,Sweet Was the Wine,1961,us,album_track_try_harder_no_safe_match,32,51,1439881921,,false
album_sidecar_track:album|marcels|blue moon@@1@@4@@@@peace of mind:album_track_try_harder_no_safe_match:1439881921,apple_music_try_harder_pass_v1,album|marcels|blue moon@@1@@4@@@@peace of mind,album_sidecar_track,track,,Peace of Mind,1961,us,album_track_try_harder_no_safe_match,32,45,1439881921,,false
album_sidecar_track:album|marcels|blue moon@@1@@5@@@@a fallen tear:album_track_try_harder_no_safe_match:1439881921,apple_music_try_harder_pass_v1,album|marcels|blue moon@@1@@5@@@@a fallen tear,album_sidecar_track,track,,A Fallen Tear,1961,us,album_track_try_harder_no_safe_match,32,47,1439881921,,false
album_sidecar_track:album|marcels|blue moon@@1@@6@@@@over rainbow:album_track_try_harder_no_safe_match:1439881921,apple_music_try_harder_pass_v1,album|marcels|blue moon@@1@@6@@@@over rainbow,album_sidecar_track,track,,Over the Rainbow,1961,us,album_track_try_harder_no_safe_match,32,34,1439881921,,false
album_sidecar_track:album|marcels|blue moon@@1@@7@@@@i ll be forever loving you:album_track_try_harder_no_safe_match:1439881921,apple_music_try_harder_pass_v1,album|marcels|blue moon@@1@@7@@@@i ll be forever loving you,album_sidecar_track,track,,I'll Be Forever Loving You,1961,us,album_track_try_harder_no_safe_match,32,47,1439881921,,false
album_sidecar_track:album|marcels|blue moon@@1@@8@@@@two people in world:album_track_try_harder_no_safe_match:1439881921,apple_music_try_harder_pass_v1,album|marcels|blue moon@@1@@8@@@@two people in world,album_sidecar_track,track,,Two People in the World,1961,us,album_track_try_harder_no_safe_match,32,51,1439881921,,false
album_sidecar_track:album|marcels|blue moon@@1@@9@@@@most of all:album_track_try_harder_no_safe_match:1439881921,apple_music_try_harder_pass_v1,album|marcels|blue moon@@1@@9@@@@most of all,album_sidecar_track,track,,Most of All,1961,us,album_track_try_harder_no_safe_match,32,51,1439881921,,false
album_sidecar_track:album|marilyn manson|antichrist superstar@@1@@17@@@@silence:album_track_try_harder_no_safe_match:1440804350,apple_music_try_harder_pass_v1,album|marilyn manson|antichrist superstar@@1@@17@@@@silence,album_sidecar_track,track,,[silence],1996,us,album_track_try_harder_no_safe_match,1,29,1440804350,,false
album_sidecar_track:album|marilyn manson|antichrist superstar@@1@@18@@@@silence:album_track_try_harder_no_safe_match:1440804350,apple_music_try_harder_pass_v1,album|marilyn manson|antichrist superstar@@1@@18@@@@silence,album_sidecar_track,track,,[silence],1996,us,album_track_try_harder_no_safe_match,1,-5,1440804350,,false
album_sidecar_track:album|marilyn manson|antichrist superstar@@1@@19@@@@silence:album_track_try_harder_no_safe_match:1440804350,apple_music_try_harder_pass_v1,album|marilyn manson|antichrist superstar@@1@@19@@@@silence,album_sidecar_track,track,,[silence],1996,us,album_track_try_harder_no_safe_match,1,-5,1440804350,,false
album_sidecar_track:album|marilyn manson|antichrist superstar@@1@@20@@@@silence:album_track_try_harder_no_safe_match:1440804350,apple_music_try_harder_pass_v1,album|marilyn manson|antichrist superstar@@1@@20@@@@silence,album_sidecar_track,track,,[silence],1996,us,album_track_try_harder_no_safe_match,1,-5,1440804350,,false
album_sidecar_track:album|marilyn manson|antichrist superstar@@1@@21@@@@silence:album_track_try_harder_no_safe_match:1440804350,apple_music_try_harder_pass_v1,album|marilyn manson|antichrist superstar@@1@@21@@@@silence,album_sidecar_track,track,,[silence],1996,us,album_track_try_harder_no_safe_match,1,-5,1440804350,,false
album_sidecar_track:album|marilyn manson|antichrist superstar@@1@@22@@@@silence:album_track_try_harder_no_safe_match:1440804350,apple_music_try_harder_pass_v1,album|marilyn manson|antichrist superstar@@1@@22@@@@silence,album_sidecar_track,track,,[silence],1996,us,album_track_try_harder_no_safe_match,1,-5,1440804350,,false
album_sidecar_track:album|marilyn manson|antichrist superstar@@1@@23@@@@silence:album_track_try_harder_no_safe_match:1440804350,apple_music_try_harder_pass_v1,album|marilyn manson|antichrist superstar@@1@@23@@@@silence,album_sidecar_track,track,,[silence],1996,us,album_track_try_harder_no_safe_match,1,-5,1440804350,,false
album_sidecar_track:album|marilyn manson|antichrist superstar@@1@@24@@@@silence:album_track_try_harder_no_safe_match:1440804350,apple_music_try_harder_pass_v1,album|marilyn manson|antichrist superstar@@1@@24@@@@silence,album_sidecar_track,track,,[silence],1996,us,album_track_try_harder_no_safe_match,1,-5,1440804350,,false
album_sidecar_track:album|marilyn manson|antichrist superstar@@1@@25@@@@silence:album_track_try_harder_no_safe_match:1440804350,apple_music_try_harder_pass_v1,album|marilyn manson|antichrist superstar@@1@@25@@@@silence,album_sidecar_track,track,,[silence],1996,us,album_track_try_harder_no_safe_match,1,-5,1440804350,,false
album_sidecar_track:album|marilyn manson|antichrist superstar@@1@@26@@@@silence:album_track_try_harder_no_safe_match:1440804350,apple_music_try_harder_pass_v1,album|marilyn manson|antichrist superstar@@1@@26@@@@silence,album_sidecar_track,track,,[silence],1996,us,album_track_try_harder_no_safe_match,1,-5,1440804350,,false
album_sidecar_track:album|marilyn manson|antichrist superstar@@1@@27@@@@silence:album_track_try_harder_no_safe_match:1440804350,apple_music_try_harder_pass_v1,album|marilyn manson|antichrist superstar@@1@@27@@@@silence,album_sidecar_track,track,,[silence],1996,us,album_track_try_harder_no_safe_match,1,-5,1440804350,,false
album_sidecar_track:album|marilyn manson|antichrist superstar@@1@@28@@@@silence:album_track_try_harder_no_safe_match:1440804350,apple_music_try_harder_pass_v1,album|marilyn manson|antichrist superstar@@1@@28@@@@silence,album_sidecar_track,track,,[silence],1996,us,album_track_try_harder_no_safe_match,1,-5,1440804350,,false
album_sidecar_track:album|marilyn manson|antichrist superstar@@1@@29@@@@silence:album_track_try_harder_no_safe_match:1440804350,apple_music_try_harder_pass_v1,album|marilyn manson|antichrist superstar@@1@@29@@@@silence,album_sidecar_track,track,,[silence],1996,us,album_track_try_harder_no_safe_match,1,-5,1440804350,,false
album_sidecar_track:album|marilyn manson|antichrist superstar@@1@@30@@@@silence:album_track_try_harder_no_safe_match:1440804350,apple_music_try_harder_pass_v1,album|marilyn manson|antichrist superstar@@1@@30@@@@silence,album_sidecar_track,track,,[silence],1996,us,album_track_try_harder_no_safe_match,1,-5,1440804350,,false
album_sidecar_track:album|marilyn manson|antichrist superstar@@1@@31@@@@silence:album_track_try_harder_no_safe_match:1440804350,apple_music_try_harder_pass_v1,album|marilyn manson|antichrist superstar@@1@@31@@@@silence,album_sidecar_track,track,,[silence],1996,us,album_track_try_harder_no_safe_match,1,-5,1440804350,,false
album_sidecar_track:album|marilyn manson|antichrist superstar@@1@@32@@@@silence:album_track_try_harder_no_safe_match:1440804350,apple_music_try_harder_pass_v1,album|marilyn manson|antichrist superstar@@1@@32@@@@silence,album_sidecar_track,track,,[silence],1996,us,album_track_try_harder_no_safe_match,1,-5,1440804350,,false
album_sidecar_track:album|marilyn manson|antichrist superstar@@1@@33@@@@silence:album_track_try_harder_no_safe_match:1440804350,apple_music_try_harder_pass_v1,album|marilyn manson|antichrist superstar@@1@@33@@@@silence,album_sidecar_track,track,,[silence],1996,us,album_track_try_harder_no_safe_match,1,-5,1440804350,,false
album_sidecar_track:album|marilyn manson|antichrist superstar@@1@@34@@@@silence:album_track_try_harder_no_safe_match:1440804350,apple_music_try_harder_pass_v1,album|marilyn manson|antichrist superstar@@1@@34@@@@silence,album_sidecar_track,track,,[silence],1996,us,album_track_try_harder_no_safe_match,1,-5,1440804350,,false
album_sidecar_track:album|marilyn manson|antichrist superstar@@1@@35@@@@silence:album_track_try_harder_no_safe_match:1440804350,apple_music_try_harder_pass_v1,album|marilyn manson|antichrist superstar@@1@@35@@@@silence,album_sidecar_track,track,,[silence],1996,us,album_track_try_harder_no_safe_match,1,-5,1440804350,,false
album_sidecar_track:album|marilyn manson|antichrist superstar@@1@@36@@@@silence:album_track_try_harder_no_safe_match:1440804350,apple_music_try_harder_pass_v1,album|marilyn manson|antichrist superstar@@1@@36@@@@silence,album_sidecar_track,track,,[silence],1996,us,album_track_try_harder_no_safe_match,1,-5,1440804350,,false
album_sidecar_track:album|marilyn manson|antichrist superstar@@1@@37@@@@silence:album_track_try_harder_no_safe_match:1440804350,apple_music_try_harder_pass_v1,album|marilyn manson|antichrist superstar@@1@@37@@@@silence,album_sidecar_track,track,,[silence],1996,us,album_track_try_harder_no_safe_match,1,-5,1440804350,,false
album_sidecar_track:album|marilyn manson|antichrist superstar@@1@@38@@@@silence:album_track_try_harder_no_safe_match:1440804350,apple_music_try_harder_pass_v1,album|marilyn manson|antichrist superstar@@1@@38@@@@silence,album_sidecar_track,track,,[silence],1996,us,album_track_try_harder_no_safe_match,1,-5,1440804350,,false
album_sidecar_track:album|marilyn manson|antichrist superstar@@1@@39@@@@silence:album_track_try_harder_no_safe_match:1440804350,apple_music_try_harder_pass_v1,album|marilyn manson|antichrist superstar@@1@@39@@@@silence,album_sidecar_track,track,,[silence],1996,us,album_track_try_harder_no_safe_match,1,-5,1440804350,,false
album_sidecar_track:album|marilyn manson|antichrist superstar@@1@@40@@@@silence:album_track_try_harder_no_safe_match:1440804350,apple_music_try_harder_pass_v1,album|marilyn manson|antichrist superstar@@1@@40@@@@silence,album_sidecar_track,track,,[silence],1996,us,album_track_try_harder_no_safe_match,1,-5,1440804350,,false
album_sidecar_track:album|marilyn manson|antichrist superstar@@1@@41@@@@silence:album_track_try_harder_no_safe_match:1440804350,apple_music_try_harder_pass_v1,album|marilyn manson|antichrist superstar@@1@@41@@@@silence,album_sidecar_track,track,,[silence],1996,us,album_track_try_harder_no_safe_match,1,-5,1440804350,,false
album_sidecar_track:album|marilyn manson|antichrist superstar@@1@@42@@@@silence:album_track_try_harder_no_safe_match:1440804350,apple_music_try_harder_pass_v1,album|marilyn manson|antichrist superstar@@1@@42@@@@silence,album_sidecar_track,track,,[silence],1996,us,album_track_try_harder_no_safe_match,1,-5,1440804350,,false
album_sidecar_track:album|marilyn manson|antichrist superstar@@1@@43@@@@silence:album_track_try_harder_no_safe_match:1440804350,apple_music_try_harder_pass_v1,album|marilyn manson|antichrist superstar@@1@@43@@@@silence,album_sidecar_track,track,,[silence],1996,us,album_track_try_harder_no_safe_match,1,-5,1440804350,,false
album_sidecar_track:album|marilyn manson|antichrist superstar@@1@@44@@@@silence:album_track_try_harder_no_safe_match:1440804350,apple_music_try_harder_pass_v1,album|marilyn manson|antichrist superstar@@1@@44@@@@silence,album_sidecar_track,track,,[silence],1996,us,album_track_try_harder_no_safe_match,1,-5,1440804350,,false
album_sidecar_track:album|marilyn manson|antichrist superstar@@1@@45@@@@silence:album_track_try_harder_no_safe_match:1440804350,apple_music_try_harder_pass_v1,album|marilyn manson|antichrist superstar@@1@@45@@@@silence,album_sidecar_track,track,,[silence],1996,us,album_track_try_harder_no_safe_match,1,-5,1440804350,,false
album_sidecar_track:album|marilyn manson|antichrist superstar@@1@@46@@@@silence:album_track_try_harder_no_safe_match:1440804350,apple_music_try_harder_pass_v1,album|marilyn manson|antichrist superstar@@1@@46@@@@silence,album_sidecar_track,track,,[silence],1996,us,album_track_try_harder_no_safe_match,1,-5,1440804350,,false
album_sidecar_track:album|marilyn manson|antichrist superstar@@1@@47@@@@silence:album_track_try_harder_no_safe_match:1440804350,apple_music_try_harder_pass_v1,album|marilyn manson|antichrist superstar@@1@@47@@@@silence,album_sidecar_track,track,,[silence],1996,us,album_track_try_harder_no_safe_match,1,-5,1440804350,,false
album_sidecar_track:album|marilyn manson|antichrist superstar@@1@@48@@@@silence:album_track_try_harder_no_safe_match:1440804350,apple_music_try_harder_pass_v1,album|marilyn manson|antichrist superstar@@1@@48@@@@silence,album_sidecar_track,track,,[silence],1996,us,album_track_try_harder_no_safe_match,1,-5,1440804350,,false
album_sidecar_track:album|marilyn manson|antichrist superstar@@1@@49@@@@silence:album_track_try_harder_no_safe_match:1440804350,apple_music_try_harder_pass_v1,album|marilyn manson|antichrist superstar@@1@@49@@@@silence,album_sidecar_track,track,,[silence],1996,us,album_track_try_harder_no_safe_match,1,-5,1440804350,,false
album_sidecar_track:album|marilyn manson|antichrist superstar@@1@@50@@@@silence:album_track_try_harder_no_safe_match:1440804350,apple_music_try_harder_pass_v1,album|marilyn manson|antichrist superstar@@1@@50@@@@silence,album_sidecar_track,track,,[silence],1996,us,album_track_try_harder_no_safe_match,1,-5,1440804350,,false
album_sidecar_track:album|marilyn manson|antichrist superstar@@1@@51@@@@silence:album_track_try_harder_no_safe_match:1440804350,apple_music_try_harder_pass_v1,album|marilyn manson|antichrist superstar@@1@@51@@@@silence,album_sidecar_track,track,,[silence],1996,us,album_track_try_harder_no_safe_match,1,-5,1440804350,,false
album_sidecar_track:album|marilyn manson|antichrist superstar@@1@@52@@@@silence:album_track_try_harder_no_safe_match:1440804350,apple_music_try_harder_pass_v1,album|marilyn manson|antichrist superstar@@1@@52@@@@silence,album_sidecar_track,track,,[silence],1996,us,album_track_try_harder_no_safe_match,1,-5,1440804350,,false
album_sidecar_track:album|marilyn manson|antichrist superstar@@1@@53@@@@silence:album_track_try_harder_no_safe_match:1440804350,apple_music_try_harder_pass_v1,album|marilyn manson|antichrist superstar@@1@@53@@@@silence,album_sidecar_track,track,,[silence],1996,us,album_track_try_harder_no_safe_match,1,-5,1440804350,,false
album_sidecar_track:album|marilyn manson|antichrist superstar@@1@@54@@@@silence:album_track_try_harder_no_safe_match:1440804350,apple_music_try_harder_pass_v1,album|marilyn manson|antichrist superstar@@1@@54@@@@silence,album_sidecar_track,track,,[silence],1996,us,album_track_try_harder_no_safe_match,1,-5,1440804350,,false
album_sidecar_track:album|marilyn manson|antichrist superstar@@1@@55@@@@silence:album_track_try_harder_no_safe_match:1440804350,apple_music_try_harder_pass_v1,album|marilyn manson|antichrist superstar@@1@@55@@@@silence,album_sidecar_track,track,,[silence],1996,us,album_track_try_harder_no_safe_match,1,-5,1440804350,,false
album_sidecar_track:album|marilyn manson|antichrist superstar@@1@@56@@@@silence:album_track_try_harder_no_safe_match:1440804350,apple_music_try_harder_pass_v1,album|marilyn manson|antichrist superstar@@1@@56@@@@silence,album_sidecar_track,track,,[silence],1996,us,album_track_try_harder_no_safe_match,1,-5,1440804350,,false
album_sidecar_track:album|marilyn manson|antichrist superstar@@1@@57@@@@silence:album_track_try_harder_no_safe_match:1440804350,apple_music_try_harder_pass_v1,album|marilyn manson|antichrist superstar@@1@@57@@@@silence,album_sidecar_track,track,,[silence],1996,us,album_track_try_harder_no_safe_match,1,-5,1440804350,,false
album_sidecar_track:album|marilyn manson|antichrist superstar@@1@@58@@@@silence:album_track_try_harder_no_safe_match:1440804350,apple_music_try_harder_pass_v1,album|marilyn manson|antichrist superstar@@1@@58@@@@silence,album_sidecar_track,track,,[silence],1996,us,album_track_try_harder_no_safe_match,1,-5,1440804350,,false
album_sidecar_track:album|marilyn manson|antichrist superstar@@1@@59@@@@silence:album_track_try_harder_no_safe_match:1440804350,apple_music_try_harder_pass_v1,album|marilyn manson|antichrist superstar@@1@@59@@@@silence,album_sidecar_track,track,,[silence],1996,us,album_track_try_harder_no_safe_match,1,-5,1440804350,,false
album_sidecar_track:album|marilyn manson|antichrist superstar@@1@@60@@@@silence:album_track_try_harder_no_safe_match:1440804350,apple_music_try_harder_pass_v1,album|marilyn manson|antichrist superstar@@1@@60@@@@silence,album_sidecar_track,track,,[silence],1996,us,album_track_try_harder_no_safe_match,1,-5,1440804350,,false
album_sidecar_track:album|marilyn manson|antichrist superstar@@1@@61@@@@silence:album_track_try_harder_no_safe_match:1440804350,apple_music_try_harder_pass_v1,album|marilyn manson|antichrist superstar@@1@@61@@@@silence,album_sidecar_track,track,,[silence],1996,us,album_track_try_harder_no_safe_match,1,-5,1440804350,,false
album_sidecar_track:album|marilyn manson|antichrist superstar@@1@@62@@@@silence:album_track_try_harder_no_safe_match:1440804350,apple_music_try_harder_pass_v1,album|marilyn manson|antichrist superstar@@1@@62@@@@silence,album_sidecar_track,track,,[silence],1996,us,album_track_try_harder_no_safe_match,1,-5,1440804350,,false
album_sidecar_track:album|marilyn manson|antichrist superstar@@1@@63@@@@silence:album_track_try_harder_no_safe_match:1440804350,apple_music_try_harder_pass_v1,album|marilyn manson|antichrist superstar@@1@@63@@@@silence,album_sidecar_track,track,,[silence],1996,us,album_track_try_harder_no_safe_match,1,-5,1440804350,,false
album_sidecar_track:album|marilyn manson|antichrist superstar@@1@@64@@@@silence:album_track_try_harder_no_safe_match:1440804350,apple_music_try_harder_pass_v1,album|marilyn manson|antichrist superstar@@1@@64@@@@silence,album_sidecar_track,track,,[silence],1996,us,album_track_try_harder_no_safe_match,1,-5,1440804350,,false
album_sidecar_track:album|marilyn manson|antichrist superstar@@1@@65@@@@silence:album_track_try_harder_no_safe_match:1440804350,apple_music_try_harder_pass_v1,album|marilyn manson|antichrist superstar@@1@@65@@@@silence,album_sidecar_track,track,,[silence],1996,us,album_track_try_harder_no_safe_match,1,-5,1440804350,,false
album_sidecar_track:album|marilyn manson|antichrist superstar@@1@@66@@@@silence:album_track_try_harder_no_safe_match:1440804350,apple_music_try_harder_pass_v1,album|marilyn manson|antichrist superstar@@1@@66@@@@silence,album_sidecar_track,track,,[silence],1996,us,album_track_try_harder_no_safe_match,1,-5,1440804350,,false
album_sidecar_track:album|marilyn manson|antichrist superstar@@1@@67@@@@silence:album_track_try_harder_no_safe_match:1440804350,apple_music_try_harder_pass_v1,album|marilyn manson|antichrist superstar@@1@@67@@@@silence,album_sidecar_track,track,,[silence],1996,us,album_track_try_harder_no_safe_match,1,-5,1440804350,,false
album_sidecar_track:album|marilyn manson|antichrist superstar@@1@@68@@@@silence:album_track_try_harder_no_safe_match:1440804350,apple_music_try_harder_pass_v1,album|marilyn manson|antichrist superstar@@1@@68@@@@silence,album_sidecar_track,track,,[silence],1996,us,album_track_try_harder_no_safe_match,1,-5,1440804350,,false
album_sidecar_track:album|marilyn manson|antichrist superstar@@1@@69@@@@silence:album_track_try_harder_no_safe_match:1440804350,apple_music_try_harder_pass_v1,album|marilyn manson|antichrist superstar@@1@@69@@@@silence,album_sidecar_track,track,,[silence],1996,us,album_track_try_harder_no_safe_match,1,-5,1440804350,,false
album_sidecar_track:album|marilyn manson|antichrist superstar@@1@@70@@@@silence:album_track_try_harder_no_safe_match:1440804350,apple_music_try_harder_pass_v1,album|marilyn manson|antichrist superstar@@1@@70@@@@silence,album_sidecar_track,track,,[silence],1996,us,album_track_try_harder_no_safe_match,1,-5,1440804350,,false
album_sidecar_track:album|marilyn manson|antichrist superstar@@1@@71@@@@silence:album_track_try_harder_no_safe_match:1440804350,apple_music_try_harder_pass_v1,album|marilyn manson|antichrist superstar@@1@@71@@@@silence,album_sidecar_track,track,,[silence],1996,us,album_track_try_harder_no_safe_match,1,-5,1440804350,,false
album_sidecar_track:album|marilyn manson|antichrist superstar@@1@@72@@@@silence:album_track_try_harder_no_safe_match:1440804350,apple_music_try_harder_pass_v1,album|marilyn manson|antichrist superstar@@1@@72@@@@silence,album_sidecar_track,track,,[silence],1996,us,album_track_try_harder_no_safe_match,1,-5,1440804350,,false
album_sidecar_track:album|marilyn manson|antichrist superstar@@1@@73@@@@silence:album_track_try_harder_no_safe_match:1440804350,apple_music_try_harder_pass_v1,album|marilyn manson|antichrist superstar@@1@@73@@@@silence,album_sidecar_track,track,,[silence],1996,us,album_track_try_harder_no_safe_match,1,-5,1440804350,,false
album_sidecar_track:album|marilyn manson|antichrist superstar@@1@@74@@@@silence:album_track_try_harder_no_safe_match:1440804350,apple_music_try_harder_pass_v1,album|marilyn manson|antichrist superstar@@1@@74@@@@silence,album_sidecar_track,track,,[silence],1996,us,album_track_try_harder_no_safe_match,1,-5,1440804350,,false
album_sidecar_track:album|marilyn manson|antichrist superstar@@1@@75@@@@silence:album_track_try_harder_no_safe_match:1440804350,apple_music_try_harder_pass_v1,album|marilyn manson|antichrist superstar@@1@@75@@@@silence,album_sidecar_track,track,,[silence],1996,us,album_track_try_harder_no_safe_match,1,-5,1440804350,,false
album_sidecar_track:album|marilyn manson|antichrist superstar@@1@@76@@@@silence:album_track_try_harder_no_safe_match:1440804350,apple_music_try_harder_pass_v1,album|marilyn manson|antichrist superstar@@1@@76@@@@silence,album_sidecar_track,track,,[silence],1996,us,album_track_try_harder_no_safe_match,1,-5,1440804350,,false
album_sidecar_track:album|marilyn manson|antichrist superstar@@1@@77@@@@silence:album_track_try_harder_no_safe_match:1440804350,apple_music_try_harder_pass_v1,album|marilyn manson|antichrist superstar@@1@@77@@@@silence,album_sidecar_track,track,,[silence],1996,us,album_track_try_harder_no_safe_match,1,-5,1440804350,,false
album_sidecar_track:album|marilyn manson|antichrist superstar@@1@@78@@@@silence:album_track_try_harder_no_safe_match:1440804350,apple_music_try_harder_pass_v1,album|marilyn manson|antichrist superstar@@1@@78@@@@silence,album_sidecar_track,track,,[silence],1996,us,album_track_try_harder_no_safe_match,1,-5,1440804350,,false
album_sidecar_track:album|marilyn manson|antichrist superstar@@1@@79@@@@silence:album_track_try_harder_no_safe_match:1440804350,apple_music_try_harder_pass_v1,album|marilyn manson|antichrist superstar@@1@@79@@@@silence,album_sidecar_track,track,,[silence],1996,us,album_track_try_harder_no_safe_match,1,-5,1440804350,,false
album_sidecar_track:album|marilyn manson|antichrist superstar@@1@@80@@@@silence:album_track_try_harder_no_safe_match:1440804350,apple_music_try_harder_pass_v1,album|marilyn manson|antichrist superstar@@1@@80@@@@silence,album_sidecar_track,track,,[silence],1996,us,album_track_try_harder_no_safe_match,1,-5,1440804350,,false
album_sidecar_track:album|marilyn manson|antichrist superstar@@1@@81@@@@silence:album_track_try_harder_no_safe_match:1440804350,apple_music_try_harder_pass_v1,album|marilyn manson|antichrist superstar@@1@@81@@@@silence,album_sidecar_track,track,,[silence],1996,us,album_track_try_harder_no_safe_match,1,-5,1440804350,,false
album_sidecar_track:album|marilyn manson|antichrist superstar@@1@@82@@@@silence:album_track_try_harder_no_safe_match:1440804350,apple_music_try_harder_pass_v1,album|marilyn manson|antichrist superstar@@1@@82@@@@silence,album_sidecar_track,track,,[silence],1996,us,album_track_try_harder_no_safe_match,1,-5,1440804350,,false
album_sidecar_track:album|marilyn manson|antichrist superstar@@1@@83@@@@silence:album_track_try_harder_no_safe_match:1440804350,apple_music_try_harder_pass_v1,album|marilyn manson|antichrist superstar@@1@@83@@@@silence,album_sidecar_track,track,,[silence],1996,us,album_track_try_harder_no_safe_match,1,-5,1440804350,,false
album_sidecar_track:album|marilyn manson|antichrist superstar@@1@@84@@@@silence:album_track_try_harder_no_safe_match:1440804350,apple_music_try_harder_pass_v1,album|marilyn manson|antichrist superstar@@1@@84@@@@silence,album_sidecar_track,track,,[silence],1996,us,album_track_try_harder_no_safe_match,1,-5,1440804350,,false
album_sidecar_track:album|marilyn manson|antichrist superstar@@1@@85@@@@silence:album_track_try_harder_no_safe_match:1440804350,apple_music_try_harder_pass_v1,album|marilyn manson|antichrist superstar@@1@@85@@@@silence,album_sidecar_track,track,,[silence],1996,us,album_track_try_harder_no_safe_match,1,-5,1440804350,,false
album_sidecar_track:album|marilyn manson|antichrist superstar@@1@@86@@@@silence:album_track_try_harder_no_safe_match:1440804350,apple_music_try_harder_pass_v1,album|marilyn manson|antichrist superstar@@1@@86@@@@silence,album_sidecar_track,track,,[silence],1996,us,album_track_try_harder_no_safe_match,1,-5,1440804350,,false
album_sidecar_track:album|marilyn manson|antichrist superstar@@1@@87@@@@silence:album_track_try_harder_no_safe_match:1440804350,apple_music_try_harder_pass_v1,album|marilyn manson|antichrist superstar@@1@@87@@@@silence,album_sidecar_track,track,,[silence],1996,us,album_track_try_harder_no_safe_match,1,-5,1440804350,,false
album_sidecar_track:album|marilyn manson|antichrist superstar@@1@@88@@@@silence:album_track_try_harder_no_safe_match:1440804350,apple_music_try_harder_pass_v1,album|marilyn manson|antichrist superstar@@1@@88@@@@silence,album_sidecar_track,track,,[silence],1996,us,album_track_try_harder_no_safe_match,1,-5,1440804350,,false
album_sidecar_track:album|marilyn manson|antichrist superstar@@1@@89@@@@silence:album_track_try_harder_no_safe_match:1440804350,apple_music_try_harder_pass_v1,album|marilyn manson|antichrist superstar@@1@@89@@@@silence,album_sidecar_track,track,,[silence],1996,us,album_track_try_harder_no_safe_match,1,-5,1440804350,,false
album_sidecar_track:album|marilyn manson|antichrist superstar@@1@@90@@@@silence:album_track_try_harder_no_safe_match:1440804350,apple_music_try_harder_pass_v1,album|marilyn manson|antichrist superstar@@1@@90@@@@silence,album_sidecar_track,track,,[silence],1996,us,album_track_try_harder_no_safe_match,1,-5,1440804350,,false
album_sidecar_track:album|marilyn manson|antichrist superstar@@1@@91@@@@silence:album_track_try_harder_no_safe_match:1440804350,apple_music_try_harder_pass_v1,album|marilyn manson|antichrist superstar@@1@@91@@@@silence,album_sidecar_track,track,,[silence],1996,us,album_track_try_harder_no_safe_match,1,-5,1440804350,,false
album_sidecar_track:album|marilyn manson|antichrist superstar@@1@@92@@@@silence:album_track_try_harder_no_safe_match:1440804350,apple_music_try_harder_pass_v1,album|marilyn manson|antichrist superstar@@1@@92@@@@silence,album_sidecar_track,track,,[silence],1996,us,album_track_try_harder_no_safe_match,1,-5,1440804350,,false
album_sidecar_track:album|marilyn manson|antichrist superstar@@1@@93@@@@silence:album_track_try_harder_no_safe_match:1440804350,apple_music_try_harder_pass_v1,album|marilyn manson|antichrist superstar@@1@@93@@@@silence,album_sidecar_track,track,,[silence],1996,us,album_track_try_harder_no_safe_match,1,-5,1440804350,,false
album_sidecar_track:album|marilyn manson|antichrist superstar@@1@@94@@@@silence:album_track_try_harder_no_safe_match:1440804350,apple_music_try_harder_pass_v1,album|marilyn manson|antichrist superstar@@1@@94@@@@silence,album_sidecar_track,track,,[silence],1996,us,album_track_try_harder_no_safe_match,1,-5,1440804350,,false
album_sidecar_track:album|marilyn manson|antichrist superstar@@1@@95@@@@silence:album_track_try_harder_no_safe_match:1440804350,apple_music_try_harder_pass_v1,album|marilyn manson|antichrist superstar@@1@@95@@@@silence,album_sidecar_track,track,,[silence],1996,us,album_track_try_harder_no_safe_match,1,-5,1440804350,,false
album_sidecar_track:album|marilyn manson|antichrist superstar@@1@@96@@@@silence:album_track_try_harder_no_safe_match:1440804350,apple_music_try_harder_pass_v1,album|marilyn manson|antichrist superstar@@1@@96@@@@silence,album_sidecar_track,track,,[silence],1996,us,album_track_try_harder_no_safe_match,1,-5,1440804350,,false
album_sidecar_track:album|marilyn manson|antichrist superstar@@1@@97@@@@silence:album_track_try_harder_no_safe_match:1440804350,apple_music_try_harder_pass_v1,album|marilyn manson|antichrist superstar@@1@@97@@@@silence,album_sidecar_track,track,,[silence],1996,us,album_track_try_harder_no_safe_match,1,-5,1440804350,,false
album_sidecar_track:album|marilyn manson|antichrist superstar@@1@@98@@@@silence:album_track_try_harder_no_safe_match:1440804350,apple_music_try_harder_pass_v1,album|marilyn manson|antichrist superstar@@1@@98@@@@silence,album_sidecar_track,track,,[silence],1996,us,album_track_try_harder_no_safe_match,1,-5,1440804350,,false
album_sidecar_track:album|marilyn manson|antichrist superstar@@1@@99@@@@unknown:album_track_try_harder_no_safe_match:1440804350,apple_music_try_harder_pass_v1,album|marilyn manson|antichrist superstar@@1@@99@@@@unknown,album_sidecar_track,track,,[unknown],1996,us,album_track_try_harder_no_safe_match,1,9,1440804350,,false
album_sidecar_track:album|marilyn manson|mechanical animals@@1@@10@@@@fundamentally loathsome:album_track_try_harder_no_safe_match:1440738173,apple_music_try_harder_pass_v1,album|marilyn manson|mechanical animals@@1@@10@@@@fundamentally loathsome,album_sidecar_track,track,,Fundamentally Loathsome,1998,us,album_track_try_harder_no_safe_match,7,51,1440738173,,false
album_sidecar_track:album|marilyn manson|mechanical animals@@1@@11@@@@last day on earth:album_track_try_harder_no_safe_match:1440738173,apple_music_try_harder_pass_v1,album|marilyn manson|mechanical animals@@1@@11@@@@last day on earth,album_sidecar_track,track,,The Last Day on Earth,1998,us,album_track_try_harder_no_safe_match,7,51,1440738173,,false
album_sidecar_track:album|marilyn manson|mechanical animals@@1@@12@@@@coma white:album_track_try_harder_no_safe_match:1440738173,apple_music_try_harder_pass_v1,album|marilyn manson|mechanical animals@@1@@12@@@@coma white,album_sidecar_track,track,,Coma White,1998,us,album_track_try_harder_no_safe_match,7,51,1440738173,,false
album_sidecar_track:album|marilyn manson|mechanical animals@@1@@8@@@@i don t like drugs but drugs like me:album_track_try_harder_no_safe_match:1440738173,apple_music_try_harder_pass_v1,album|marilyn manson|mechanical animals@@1@@8@@@@i don t like drugs but drugs like me,album_sidecar_track,track,,I Don’t Like the Drugs (but the Drugs Like Me),1998,us,album_track_try_harder_no_safe_match,7,51,1440738173,,false
album_sidecar_track:album|marilyn manson|mechanical animals@@1@@9@@@@new model no 15:album_track_try_harder_no_safe_match:1440738173,apple_music_try_harder_pass_v1,album|marilyn manson|mechanical animals@@1@@9@@@@new model no 15,album_sidecar_track,track,,New Model No. 15,1998,us,album_track_try_harder_no_safe_match,7,51,1440738173,,false
album_sidecar_track:album|marshall tucker band|marshall tucker band@@1@@10@@@@where a country boy belongs:album_track_try_harder_no_safe_match:1794391879,apple_music_try_harder_pass_v1,album|marshall tucker band|marshall tucker band@@1@@10@@@@where a country boy belongs,album_sidecar_track,track,,Where a Country Boy Belongs,1973,us,album_track_try_harder_no_safe_match,7,-2,1794391879,,false
album_sidecar_track:album|marshall tucker band|marshall tucker band@@1@@11@@@@heard it in a love song:album_track_try_harder_no_safe_match:1794391879,apple_music_try_harder_pass_v1,album|marshall tucker band|marshall tucker band@@1@@11@@@@heard it in a love song,album_sidecar_track,track,,Heard It in a Love Song,1973,us,album_track_try_harder_no_safe_match,7,8,1794391879,,false
album_sidecar_track:album|marshall tucker band|marshall tucker band@@1@@12@@@@i ll be loving you:album_track_try_harder_no_safe_match:1794391879,apple_music_try_harder_pass_v1,album|marshall tucker band|marshall tucker band@@1@@12@@@@i ll be loving you,album_sidecar_track,track,,I'll Be Loving You,1973,us,album_track_try_harder_no_safe_match,7,9,1794391879,,false
album_sidecar_track:album|marshall tucker band|marshall tucker band@@1@@13@@@@searchin for a rainbow:album_track_try_harder_no_safe_match:1794391879,apple_music_try_harder_pass_v1,album|marshall tucker band|marshall tucker band@@1@@13@@@@searchin for a rainbow,album_sidecar_track,track,,Searchin' for a Rainbow,1973,us,album_track_try_harder_no_safe_match,7,-2,1794391879,,false
album_sidecar_track:album|marshall tucker band|marshall tucker band@@1@@14@@@@windy city blues:album_track_try_harder_no_safe_match:1794391879,apple_music_try_harder_pass_v1,album|marshall tucker band|marshall tucker band@@1@@14@@@@windy city blues,album_sidecar_track,track,,Windy City Blues,1973,us,album_track_try_harder_no_safe_match,7,8,1794391879,,false
album_sidecar_track:album|marshall tucker band|marshall tucker band@@1@@15@@@@i should have never started lovin you:album_track_try_harder_no_safe_match:1794391879,apple_music_try_harder_pass_v1,album|marshall tucker band|marshall tucker band@@1@@15@@@@i should have never started lovin you,album_sidecar_track,track,,I Should Have Never Started Lovin' You,1973,us,album_track_try_harder_no_safe_match,7,-2,1794391879,,false
album_sidecar_track:album|marshall tucker band|marshall tucker band@@1@@3@@@@24 hours at a time:album_track_try_harder_no_safe_match:1794391879,apple_music_try_harder_pass_v1,album|marshall tucker band|marshall tucker band@@1@@3@@@@24 hours at a time,album_sidecar_track,track,,24 Hours at a Time,1973,us,album_track_try_harder_no_safe_match,7,46,1794391879,,false
album_sidecar_track:album|marshall tucker band|marshall tucker band@@1@@4@@@@fire on mountain:album_track_try_harder_no_safe_match:1794391879,apple_music_try_harder_pass_v1,album|marshall tucker band|marshall tucker band@@1@@4@@@@fire on mountain,album_sidecar_track,track,,Fire on the Mountain,1973,us,album_track_try_harder_no_safe_match,7,31,1794391879,,false
album_sidecar_track:album|marshall tucker band|marshall tucker band@@1@@5@@@@too stubborn:album_track_try_harder_no_safe_match:1794391879,apple_music_try_harder_pass_v1,album|marshall tucker band|marshall tucker band@@1@@5@@@@too stubborn,album_sidecar_track,track,,Too Stubborn,1973,us,album_track_try_harder_no_safe_match,7,30,1794391879,,false
album_sidecar_track:album|marshall tucker band|marshall tucker band@@1@@6@@@@a new life:album_track_try_harder_no_safe_match:1794391879,apple_music_try_harder_pass_v1,album|marshall tucker band|marshall tucker band@@1@@6@@@@a new life,album_sidecar_track,track,,A New Life,1973,us,album_track_try_harder_no_safe_match,7,29,1794391879,,false
album_sidecar_track:album|marshall tucker band|marshall tucker band@@1@@7@@@@long hard ride:album_track_try_harder_no_safe_match:1794391879,apple_music_try_harder_pass_v1,album|marshall tucker band|marshall tucker band@@1@@7@@@@long hard ride,album_sidecar_track,track,,Long Hard Ride,1973,us,album_track_try_harder_no_safe_match,7,29,1794391879,,false
album_sidecar_track:album|marshall tucker band|marshall tucker band@@1@@8@@@@everybody needs somebody:album_track_try_harder_no_safe_match:1794391879,apple_music_try_harder_pass_v1,album|marshall tucker band|marshall tucker band@@1@@8@@@@everybody needs somebody,album_sidecar_track,track,,Everybody Needs Somebody,1973,us,album_track_try_harder_no_safe_match,7,29,1794391879,,false
album_sidecar_track:album|marshall tucker band|marshall tucker band@@1@@9@@@@in my own way:album_track_try_harder_no_safe_match:1794391879,apple_music_try_harder_pass_v1,album|marshall tucker band|marshall tucker band@@1@@9@@@@in my own way,album_sidecar_track,track,,In My Own Way,1973,us,album_track_try_harder_no_safe_match,7,29,1794391879,,false
album_sidecar_track:album|marshall tucker band|marshall tucker band@@2@@1@@@@running like wind:album_track_try_harder_no_safe_match:1794391879,apple_music_try_harder_pass_v1,album|marshall tucker band|marshall tucker band@@2@@1@@@@running like wind,album_sidecar_track,track,,Running Like the Wind,1973,us,album_track_try_harder_no_safe_match,7,-2,1794391879,,false
album_sidecar_track:album|marshall tucker band|marshall tucker band@@2@@10@@@@stay in country:album_track_try_harder_no_safe_match:1794391879,apple_music_try_harder_pass_v1,album|marshall tucker band|marshall tucker band@@2@@10@@@@stay in country,album_sidecar_track,track,,Stay in the Country,1973,us,album_track_try_harder_no_safe_match,7,-2,1794391879,,false
album_sidecar_track:album|marshall tucker band|marshall tucker band@@2@@11@@@@driving you out of my mind:album_track_try_harder_no_safe_match:1794391879,apple_music_try_harder_pass_v1,album|marshall tucker band|marshall tucker band@@2@@11@@@@driving you out of my mind,album_sidecar_track,track,,Driving You Out of My Mind,1973,us,album_track_try_harder_no_safe_match,7,-2,1794391879,,false
album_sidecar_track:album|marshall tucker band|marshall tucker band@@2@@12@@@@if that isn t love:album_track_try_harder_no_safe_match:1794391879,apple_music_try_harder_pass_v1,album|marshall tucker band|marshall tucker band@@2@@12@@@@if that isn t love,album_sidecar_track,track,,If That Isn't Love,1973,us,album_track_try_harder_no_safe_match,7,-2,1794391879,,false
album_sidecar_track:album|marshall tucker band|marshall tucker band@@2@@13@@@@face down in blues:album_track_try_harder_no_safe_match:1794391879,apple_music_try_harder_pass_v1,album|marshall tucker band|marshall tucker band@@2@@13@@@@face down in blues,album_sidecar_track,track,,Face Down in the Blues,1973,us,album_track_try_harder_no_safe_match,7,6,1794391879,,false
album_sidecar_track:album|marshall tucker band|marshall tucker band@@2@@14@@@@time don t pass by here:album_track_try_harder_no_safe_match:1794391879,apple_music_try_harder_pass_v1,album|marshall tucker band|marshall tucker band@@2@@14@@@@time don t pass by here,album_sidecar_track,track,,Time Don't Pass by Here,1973,us,album_track_try_harder_no_safe_match,7,-2,1794391879,,false
album_sidecar_track:album|marshall tucker band|marshall tucker band@@2@@15@@@@ramblin:album_track_try_harder_no_safe_match:1794391879,apple_music_try_harder_pass_v1,album|marshall tucker band|marshall tucker band@@2@@15@@@@ramblin,album_sidecar_track,track,,Ramblin',1973,us,album_track_try_harder_no_safe_match,7,37,1794391879,,false
album_sidecar_track:album|marshall tucker band|marshall tucker band@@2@@16@@@@texas on my mind:album_track_try_harder_no_safe_match:1794391879,apple_music_try_harder_pass_v1,album|marshall tucker band|marshall tucker band@@2@@16@@@@texas on my mind,album_sidecar_track,track,,Texas on My Mind,1973,us,album_track_try_harder_no_safe_match,7,-2,1794391879,,false
album_sidecar_track:album|marshall tucker band|marshall tucker band@@2@@17@@@@ride of your life:album_track_try_harder_no_safe_match:1794391879,apple_music_try_harder_pass_v1,album|marshall tucker band|marshall tucker band@@2@@17@@@@ride of your life,album_sidecar_track,track,,Ride of Your Life,1973,us,album_track_try_harder_no_safe_match,7,-2,1794391879,,false
album_sidecar_track:album|marshall tucker band|marshall tucker band@@2@@2@@@@cattle drive:album_track_try_harder_no_safe_match:1794391879,apple_music_try_harder_pass_v1,album|marshall tucker band|marshall tucker band@@2@@2@@@@cattle drive,album_sidecar_track,track,,Cattle Drive,1973,us,album_track_try_harder_no_safe_match,7,-2,1794391879,,false
album_sidecar_track:album|marshall tucker band|marshall tucker band@@2@@3@@@@last of singing cowboys:album_track_try_harder_no_safe_match:1794391879,apple_music_try_harder_pass_v1,album|marshall tucker band|marshall tucker band@@2@@3@@@@last of singing cowboys,album_sidecar_track,track,,Last of the Singing Cowboys,1973,us,album_track_try_harder_no_safe_match,7,-2,1794391879,,false
album_sidecar_track:album|marshall tucker band|marshall tucker band@@2@@4@@@@foolish dreaming:album_track_try_harder_no_safe_match:1794391879,apple_music_try_harder_pass_v1,album|marshall tucker band|marshall tucker band@@2@@4@@@@foolish dreaming,album_sidecar_track,track,,Foolish Dreaming,1973,us,album_track_try_harder_no_safe_match,7,3,1794391879,,false
album_sidecar_track:album|marshall tucker band|marshall tucker band@@2@@5@@@@ride in peace:album_track_try_harder_no_safe_match:1794391879,apple_music_try_harder_pass_v1,album|marshall tucker band|marshall tucker band@@2@@5@@@@ride in peace,album_sidecar_track,track,,Ride in Peace,1973,us,album_track_try_harder_no_safe_match,7,-2,1794391879,,false
album_sidecar_track:album|marshall tucker band|marshall tucker band@@2@@6@@@@silverado:album_track_try_harder_no_safe_match:1794391879,apple_music_try_harder_pass_v1,album|marshall tucker band|marshall tucker band@@2@@6@@@@silverado,album_sidecar_track,track,,Silverado,1973,us,album_track_try_harder_no_safe_match,7,-2,1794391879,,false
album_sidecar_track:album|marshall tucker band|marshall tucker band@@2@@7@@@@good ole hurtin song:album_track_try_harder_no_safe_match:1794391879,apple_music_try_harder_pass_v1,album|marshall tucker band|marshall tucker band@@2@@7@@@@good ole hurtin song,album_sidecar_track,track,,Good Ole Hurtin' Song,1973,us,album_track_try_harder_no_safe_match,7,6,1794391879,,false
album_sidecar_track:album|marshall tucker band|marshall tucker band@@2@@8@@@@anyway wind blows rider:album_track_try_harder_no_safe_match:1794391879,apple_music_try_harder_pass_v1,album|marshall tucker band|marshall tucker band@@2@@8@@@@anyway wind blows rider,album_sidecar_track,track,,Anyway the Wind Blows Rider,1973,us,album_track_try_harder_no_safe_match,7,-2,1794391879,,false
album_sidecar_track:album|marshall tucker band|marshall tucker band@@2@@9@@@@going down road feeling bad:album_track_try_harder_no_safe_match:1794391879,apple_music_try_harder_pass_v1,album|marshall tucker band|marshall tucker band@@2@@9@@@@going down road feeling bad,album_sidecar_track,track,,Going Down the Road Feeling Bad,1973,us,album_track_try_harder_no_safe_match,7,1,1794391879,,false
album_sidecar_track:album|marty robbins|gunfighter ballads and trail songs@@1@@10@@@@running gun:album_track_try_harder_no_safe_match:158516933,apple_music_try_harder_pass_v1,album|marty robbins|gunfighter ballads and trail songs@@1@@10@@@@running gun,album_sidecar_track,track,,Running Gun,1959,us,album_track_try_harder_no_safe_match,14,51,158516933,,false
album_sidecar_track:album|marty robbins|gunfighter ballads and trail songs@@1@@11@@@@little green valley:album_track_try_harder_no_safe_match:158516933,apple_music_try_harder_pass_v1,album|marty robbins|gunfighter ballads and trail songs@@1@@11@@@@little green valley,album_sidecar_track,track,,Little Green Valley,1959,us,album_track_try_harder_no_safe_match,14,51,158516933,,false
album_sidecar_track:album|marty robbins|gunfighter ballads and trail songs@@1@@12@@@@utah carol:album_track_try_harder_no_safe_match:158516933,apple_music_try_harder_pass_v1,album|marty robbins|gunfighter ballads and trail songs@@1@@12@@@@utah carol,album_sidecar_track,track,,Utah Carol,1959,us,album_track_try_harder_no_safe_match,14,51,158516933,,false
album_sidecar_track:album|marty robbins|gunfighter ballads and trail songs@@1@@2@@@@cool water:album_track_try_harder_no_safe_match:158516933,apple_music_try_harder_pass_v1,album|marty robbins|gunfighter ballads and trail songs@@1@@2@@@@cool water,album_sidecar_track,track,,Cool Water,1959,us,album_track_try_harder_no_safe_match,14,53,158516933,,false
album_sidecar_track:album|marty robbins|gunfighter ballads and trail songs@@1@@3@@@@billy kid:album_track_try_harder_no_safe_match:158516933,apple_music_try_harder_pass_v1,album|marty robbins|gunfighter ballads and trail songs@@1@@3@@@@billy kid,album_sidecar_track,track,,Billy the Kid,1959,us,album_track_try_harder_no_safe_match,14,52,158516933,,false
album_sidecar_track:album|marty robbins|gunfighter ballads and trail songs@@1@@4@@@@a hundred and sixty acres:album_track_try_harder_no_safe_match:158516933,apple_music_try_harder_pass_v1,album|marty robbins|gunfighter ballads and trail songs@@1@@4@@@@a hundred and sixty acres,album_sidecar_track,track,,A Hundred and Sixty Acres,1959,us,album_track_try_harder_no_safe_match,14,55,158516933,,false
album_sidecar_track:album|marty robbins|gunfighter ballads and trail songs@@1@@5@@@@they re hanging me tonight:album_track_try_harder_no_safe_match:158516933,apple_music_try_harder_pass_v1,album|marty robbins|gunfighter ballads and trail songs@@1@@5@@@@they re hanging me tonight,album_sidecar_track,track,,They’re Hanging Me Tonight,1959,us,album_track_try_harder_no_safe_match,14,54,158516933,,false
album_sidecar_track:album|marty robbins|gunfighter ballads and trail songs@@1@@6@@@@strawberry roan:album_track_try_harder_no_safe_match:158516933,apple_music_try_harder_pass_v1,album|marty robbins|gunfighter ballads and trail songs@@1@@6@@@@strawberry roan,album_sidecar_track,track,,The Strawberry Roan,1959,us,album_track_try_harder_no_safe_match,14,51,158516933,,false
album_sidecar_track:album|marty robbins|gunfighter ballads and trail songs@@1@@7@@@@el paso:album_track_try_harder_no_safe_match:158516933,apple_music_try_harder_pass_v1,album|marty robbins|gunfighter ballads and trail songs@@1@@7@@@@el paso,album_sidecar_track,track,,El Paso,1959,us,album_track_try_harder_no_safe_match,14,51,158516933,,false
album_sidecar_track:album|marty robbins|gunfighter ballads and trail songs@@1@@8@@@@in valley:album_track_try_harder_no_safe_match:158516933,apple_music_try_harder_pass_v1,album|marty robbins|gunfighter ballads and trail songs@@1@@8@@@@in valley,album_sidecar_track,track,,In the Valley,1959,us,album_track_try_harder_no_safe_match,14,51,158516933,,false
album_sidecar_track:album|marty robbins|gunfighter ballads and trail songs@@1@@9@@@@master s call:album_track_try_harder_no_safe_match:158516933,apple_music_try_harder_pass_v1,album|marty robbins|gunfighter ballads and trail songs@@1@@9@@@@master s call,album_sidecar_track,track,,The Master’s Call,1959,us,album_track_try_harder_no_safe_match,14,51,158516933,,false
album_sidecar_track:album|marvelettes|please mr postman@@1@@9@@@@all love i got:album_track_try_harder_no_safe_match:1444133030,apple_music_try_harder_pass_v1,album|marvelettes|please mr postman@@1@@9@@@@all love i got,album_sidecar_track,track,,All the Love I Got,1962,us,album_track_try_harder_no_safe_match,3,43,1444133030,,false
album_sidecar_track:album|marvin gaye|i want you@@1@@10@@@@i want you intro jam:album_track_try_harder_no_safe_match:1440815358,apple_music_try_harder_pass_v1,album|marvin gaye|i want you@@1@@10@@@@i want you intro jam,album_sidecar_track,track,,I Want You (intro jam),1976,us,album_track_try_harder_no_safe_match,2,43,1440815358,,false
album_sidecar_track:album|marvin gaye|let s get it on@@1@@2@@@@please stay once you go away:album_track_try_harder_no_safe_match:1442835298,apple_music_try_harder_pass_v1,album|marvin gaye|let s get it on@@1@@2@@@@please stay once you go away,album_sidecar_track,track,,Please Stay (Once You Go Away),1973,us,album_track_try_harder_no_safe_match,7,47,1442835298,,false
album_sidecar_track:album|mary j blige|my life@@1@@5@@@@i m only women:album_track_try_harder_no_safe_match:1488020290,apple_music_try_harder_pass_v1,album|mary j blige|my life@@1@@5@@@@i m only women,album_sidecar_track,track,,I'm the Only Women,1994,us,album_track_try_harder_no_safe_match,13,44,1488020290,,false
album_sidecar_track:album|master p|ghetto d@@1@@12@@@@make em say ugh:album_track_try_harder_no_safe_match:721278963,apple_music_try_harder_pass_v1,album|master p|ghetto d@@1@@12@@@@make em say ugh,album_sidecar_track,track,,Make ’Em Say Ugh,1997,us,album_track_try_harder_no_safe_match,8,43,721278963,,false
album_sidecar_track:album|masters at work|album@@1@@2@@@@donde lo conseguiste:album_track_try_harder_no_safe_match:115691982,apple_music_try_harder_pass_v1,album|masters at work|album@@1@@2@@@@donde lo conseguiste,album_sidecar_track,track,,Donde Lo Conseguiste,1993,us,album_track_try_harder_no_safe_match,6,5,115691982,,false
album_sidecar_track:album|masters at work|album@@1@@3@@@@buddah chant:album_track_try_harder_no_safe_match:115691982,apple_music_try_harder_pass_v1,album|masters at work|album@@1@@3@@@@buddah chant,album_sidecar_track,track,,The Buddah Chant,1993,us,album_track_try_harder_no_safe_match,6,7,115691982,,false
album_sidecar_track:album|masters at work|album@@1@@4@@@@too smooth:album_track_try_harder_no_safe_match:115691982,apple_music_try_harder_pass_v1,album|masters at work|album@@1@@4@@@@too smooth,album_sidecar_track,track,,Too Smooth,1993,us,album_track_try_harder_no_safe_match,6,-1,115691982,,false
album_sidecar_track:album|masters at work|album@@1@@5@@@@get up:album_track_try_harder_no_safe_match:115691982,apple_music_try_harder_pass_v1,album|masters at work|album@@1@@5@@@@get up,album_sidecar_track,track,,Get Up,1993,us,album_track_try_harder_no_safe_match,6,-1,115691982,,false
album_sidecar_track:album|masters at work|album@@1@@6@@@@blood vibes:album_track_try_harder_no_safe_match:115691982,apple_music_try_harder_pass_v1,album|masters at work|album@@1@@6@@@@blood vibes,album_sidecar_track,track,,Blood Vibes,1993,us,album_track_try_harder_no_safe_match,6,-1,115691982,,false
album_sidecar_track:album|max richter|sleep@@1@@1@@@@dream 1 before wind blows it all away:album_track_try_harder_no_safe_match:1452629309,apple_music_try_harder_pass_v1,album|max richter|sleep@@1@@1@@@@dream 1 before wind blows it all away,album_sidecar_track,track,,Dream 1 (before the wind blows it all away),2015,us,album_track_try_harder_no_safe_match,204,58,1452629309,,false
album_sidecar_track:album|max richter|sleep@@1@@10@@@@nor earth nor boundless sea:album_track_try_harder_no_safe_match:1452629309,apple_music_try_harder_pass_v1,album|max richter|sleep@@1@@10@@@@nor earth nor boundless sea,album_sidecar_track,track,,"nor earth, nor boundless sea",2015,us,album_track_try_harder_no_safe_match,204,29,1452629309,,false
album_sidecar_track:album|max richter|sleep@@1@@11@@@@dream 11 whisper music:album_track_try_harder_no_safe_match:1452629309,apple_music_try_harder_pass_v1,album|max richter|sleep@@1@@11@@@@dream 11 whisper music,album_sidecar_track,track,,Dream 11 (whisper music),2015,us,album_track_try_harder_no_safe_match,204,29,1452629309,,false
album_sidecar_track:album|max richter|sleep@@1@@12@@@@moth like stars:album_track_try_harder_no_safe_match:1452629309,apple_music_try_harder_pass_v1,album|max richter|sleep@@1@@12@@@@moth like stars,album_sidecar_track,track,,moth‐like stars,2015,us,album_track_try_harder_no_safe_match,204,29,1452629309,,false
album_sidecar_track:album|max richter|sleep@@1@@13@@@@path 17 before ending of daylight:album_track_try_harder_no_safe_match:1452629309,apple_music_try_harder_pass_v1,album|max richter|sleep@@1@@13@@@@path 17 before ending of daylight,album_sidecar_track,track,,Path 17 (before the ending of daylight),2015,us,album_track_try_harder_no_safe_match,204,29,1452629309,,false
album_sidecar_track:album|max richter|sleep@@1@@14@@@@space 26 epicardium:album_track_try_harder_no_safe_match:1452629309,apple_music_try_harder_pass_v1,album|max richter|sleep@@1@@14@@@@space 26 epicardium,album_sidecar_track,track,,Space 26 (epicardium),2015,us,album_track_try_harder_no_safe_match,204,29,1452629309,,false
album_sidecar_track:album|max richter|sleep@@1@@15@@@@patterns lux:album_track_try_harder_no_safe_match:1452629309,apple_music_try_harder_pass_v1,album|max richter|sleep@@1@@15@@@@patterns lux,album_sidecar_track,track,,Patterns (lux),2015,us,album_track_try_harder_no_safe_match,204,29,1452629309,,false
album_sidecar_track:album|max richter|sleep@@1@@16@@@@constellation 1:album_track_try_harder_no_safe_match:1452629309,apple_music_try_harder_pass_v1,album|max richter|sleep@@1@@16@@@@constellation 1,album_sidecar_track,track,,Constellation 1,2015,us,album_track_try_harder_no_safe_match,204,29,1452629309,,false
album_sidecar_track:album|max richter|sleep@@1@@17@@@@constellation 2:album_track_try_harder_no_safe_match:1452629309,apple_music_try_harder_pass_v1,album|max richter|sleep@@1@@17@@@@constellation 2,album_sidecar_track,track,,Constellation 2,2015,us,album_track_try_harder_no_safe_match,204,29,1452629309,,false
album_sidecar_track:album|max richter|sleep@@1@@18@@@@space 2 slow waves:album_track_try_harder_no_safe_match:1452629309,apple_music_try_harder_pass_v1,album|max richter|sleep@@1@@18@@@@space 2 slow waves,album_sidecar_track,track,,Space 2 (slow waves),2015,us,album_track_try_harder_no_safe_match,204,29,1452629309,,false
album_sidecar_track:album|max richter|sleep@@1@@19@@@@chorale glow:album_track_try_harder_no_safe_match:1452629309,apple_music_try_harder_pass_v1,album|max richter|sleep@@1@@19@@@@chorale glow,album_sidecar_track,track,,Chorale / glow,2015,us,album_track_try_harder_no_safe_match,204,29,1452629309,,false
album_sidecar_track:album|max richter|sleep@@1@@2@@@@cumulonimbus:album_track_try_harder_no_safe_match:1452629309,apple_music_try_harder_pass_v1,album|max richter|sleep@@1@@2@@@@cumulonimbus,album_sidecar_track,track,,Cumulonimbus,2015,us,album_track_try_harder_no_safe_match,204,33,1452629309,,false
album_sidecar_track:album|max richter|sleep@@1@@20@@@@dream 19 pulse:album_track_try_harder_no_safe_match:1452629309,apple_music_try_harder_pass_v1,album|max richter|sleep@@1@@20@@@@dream 19 pulse,album_sidecar_track,track,,Dream 19 (pulse),2015,us,album_track_try_harder_no_safe_match,204,29,1452629309,,false
album_sidecar_track:album|max richter|sleep@@1@@21@@@@cassiopeia:album_track_try_harder_no_safe_match:1452629309,apple_music_try_harder_pass_v1,album|max richter|sleep@@1@@21@@@@cassiopeia,album_sidecar_track,track,,Cassiopeia,2015,us,album_track_try_harder_no_safe_match,204,29,1452629309,,false
album_sidecar_track:album|max richter|sleep@@1@@22@@@@non eternal:album_track_try_harder_no_safe_match:1452629309,apple_music_try_harder_pass_v1,album|max richter|sleep@@1@@22@@@@non eternal,album_sidecar_track,track,,Non‐eternal,2015,us,album_track_try_harder_no_safe_match,204,29,1452629309,,false
album_sidecar_track:album|max richter|sleep@@1@@23@@@@song echo:album_track_try_harder_no_safe_match:1452629309,apple_music_try_harder_pass_v1,album|max richter|sleep@@1@@23@@@@song echo,album_sidecar_track,track,,Song / echo,2015,us,album_track_try_harder_no_safe_match,204,51,1452629309,,false
album_sidecar_track:album|max richter|sleep@@1@@24@@@@aria 2:album_track_try_harder_no_safe_match:1452629309,apple_music_try_harder_pass_v1,album|max richter|sleep@@1@@24@@@@aria 2,album_sidecar_track,track,,Aria 2,2015,us,album_track_try_harder_no_safe_match,204,29,1452629309,,false
album_sidecar_track:album|max richter|sleep@@1@@25@@@@never fade into nothingness:album_track_try_harder_no_safe_match:1452629309,apple_music_try_harder_pass_v1,album|max richter|sleep@@1@@25@@@@never fade into nothingness,album_sidecar_track,track,,never fade into nothingness,2015,us,album_track_try_harder_no_safe_match,204,29,1452629309,,false
album_sidecar_track:album|max richter|sleep@@1@@26@@@@return 16 time capsule:album_track_try_harder_no_safe_match:1452629309,apple_music_try_harder_pass_v1,album|max richter|sleep@@1@@26@@@@return 16 time capsule,album_sidecar_track,track,,Return 16 (time capsule),2015,us,album_track_try_harder_no_safe_match,204,29,1452629309,,false
album_sidecar_track:album|max richter|sleep@@1@@27@@@@if you came this way:album_track_try_harder_no_safe_match:1452629309,apple_music_try_harder_pass_v1,album|max richter|sleep@@1@@27@@@@if you came this way,album_sidecar_track,track,,if you came this way,2015,us,album_track_try_harder_no_safe_match,204,29,1452629309,,false
album_sidecar_track:album|max richter|sleep@@1@@28@@@@space 17 chains:album_track_try_harder_no_safe_match:1452629309,apple_music_try_harder_pass_v1,album|max richter|sleep@@1@@28@@@@space 17 chains,album_sidecar_track,track,,Space 17 (chains),2015,us,album_track_try_harder_no_safe_match,204,29,1452629309,,false
album_sidecar_track:album|max richter|sleep@@1@@29@@@@sublunar:album_track_try_harder_no_safe_match:1452629309,apple_music_try_harder_pass_v1,album|max richter|sleep@@1@@29@@@@sublunar,album_sidecar_track,track,,Sublunar,2015,us,album_track_try_harder_no_safe_match,204,29,1452629309,,false
album_sidecar_track:album|max richter|sleep@@1@@3@@@@dream 2 entropy:album_track_try_harder_no_safe_match:1452629309,apple_music_try_harder_pass_v1,album|max richter|sleep@@1@@3@@@@dream 2 entropy,album_sidecar_track,track,,Dream 2 (entropy),2015,us,album_track_try_harder_no_safe_match,204,32,1452629309,,false
album_sidecar_track:album|max richter|sleep@@1@@30@@@@dream 17 alpha:album_track_try_harder_no_safe_match:1452629309,apple_music_try_harder_pass_v1,album|max richter|sleep@@1@@30@@@@dream 17 alpha,album_sidecar_track,track,,Dream 17 (Alpha),2015,us,album_track_try_harder_no_safe_match,204,29,1452629309,,false
album_sidecar_track:album|max richter|sleep@@1@@31@@@@dream 0 till break of day:album_track_try_harder_no_safe_match:1452629309,apple_music_try_harder_pass_v1,album|max richter|sleep@@1@@31@@@@dream 0 till break of day,album_sidecar_track,track,,Dream 0 (till break of day),2015,us,album_track_try_harder_no_safe_match,204,29,1452629309,,false
album_sidecar_track:album|max richter|sleep@@1@@4@@@@path 3 7676:album_track_try_harder_no_safe_match:1452629309,apple_music_try_harder_pass_v1,album|max richter|sleep@@1@@4@@@@path 3 7676,album_sidecar_track,track,,Path 3 (7676),2015,us,album_track_try_harder_no_safe_match,204,31,1452629309,,false
album_sidecar_track:album|max richter|sleep@@1@@5@@@@whose name is written on water:album_track_try_harder_no_safe_match:1452629309,apple_music_try_harder_pass_v1,album|max richter|sleep@@1@@5@@@@whose name is written on water,album_sidecar_track,track,,whose name is written on water,2015,us,album_track_try_harder_no_safe_match,204,30,1452629309,,false
album_sidecar_track:album|max richter|sleep@@1@@6@@@@patterns cypher:album_track_try_harder_no_safe_match:1452629309,apple_music_try_harder_pass_v1,album|max richter|sleep@@1@@6@@@@patterns cypher,album_sidecar_track,track,,Patterns (cypher),2015,us,album_track_try_harder_no_safe_match,204,51,1452629309,,false
album_sidecar_track:album|max richter|sleep@@1@@7@@@@solo:album_track_try_harder_no_safe_match:1452629309,apple_music_try_harder_pass_v1,album|max richter|sleep@@1@@7@@@@solo,album_sidecar_track,track,,Solo,2015,us,album_track_try_harder_no_safe_match,204,29,1452629309,,false
album_sidecar_track:album|max richter|sleep@@1@@8@@@@aria 1:album_track_try_harder_no_safe_match:1452629309,apple_music_try_harder_pass_v1,album|max richter|sleep@@1@@8@@@@aria 1,album_sidecar_track,track,,Aria 1,2015,us,album_track_try_harder_no_safe_match,204,29,1452629309,,false
album_sidecar_track:album|max richter|sleep@@1@@9@@@@return 2 song:album_track_try_harder_no_safe_match:1452629309,apple_music_try_harder_pass_v1,album|max richter|sleep@@1@@9@@@@return 2 song,album_sidecar_track,track,,Return 2 (song),2015,us,album_track_try_harder_no_safe_match,204,29,1452629309,,false
album_sidecar_track:album|maximo park|a certain trigger@@1@@14@@@@a year of doubt:album_track_try_harder_no_safe_match:1847978133,apple_music_try_harder_pass_v1,album|maximo park|a certain trigger@@1@@14@@@@a year of doubt,album_sidecar_track,track,,A Year of Doubt,2005,us,album_track_try_harder_no_safe_match,0,0,1847978133,,false
album_sidecar_track:album|maximo park|a certain trigger@@1@@15@@@@i want you to leave:album_track_try_harder_no_safe_match:1847978133,apple_music_try_harder_pass_v1,album|maximo park|a certain trigger@@1@@15@@@@i want you to leave,album_sidecar_track,track,,I Want You to Leave,2005,us,album_track_try_harder_no_safe_match,0,0,1847978133,,false
album_sidecar_track:album|meat puppets|up on the sun@@1@@9@@@@enchanted pork fist:album_track_try_harder_no_safe_match:444775710,apple_music_try_harder_pass_v1,album|meat puppets|up on the sun@@1@@9@@@@enchanted pork fist,album_sidecar_track,track,,Enchanted Pork Fist,1985,us,album_track_try_harder_no_safe_match,9,43,444775710,,false
album_sidecar_track:album|mercyme|almost there@@1@@12@@@@i can only imagine independent release:album_track_try_harder_no_safe_match:1555203606,apple_music_try_harder_pass_v1,album|mercyme|almost there@@1@@12@@@@i can only imagine independent release,album_sidecar_track,track,,I Can Only Imagine (independent release),2001,us,album_track_try_harder_no_safe_match,0,0,1555203606,,false
album_sidecar_track:album|mercyme|almost there@@1@@13@@@@i can only imagine acoustic version:album_track_try_harder_no_safe_match:1555203606,apple_music_try_harder_pass_v1,album|mercyme|almost there@@1@@13@@@@i can only imagine acoustic version,album_sidecar_track,track,,I Can Only Imagine (acoustic version),2001,us,album_track_try_harder_no_safe_match,0,0,1555203606,,false
album_sidecar_track:album|mercyme|almost there@@1@@14@@@@i can only imagine live at door:album_track_try_harder_no_safe_match:1555203606,apple_music_try_harder_pass_v1,album|mercyme|almost there@@1@@14@@@@i can only imagine live at door,album_sidecar_track,track,,I Can Only Imagine (live at the Door),2001,us,album_track_try_harder_no_safe_match,0,0,1555203606,,false
album_sidecar_track:album|mercyme|almost there@@1@@15@@@@interview with bart pt 1:album_track_try_harder_no_safe_match:1555203606,apple_music_try_harder_pass_v1,album|mercyme|almost there@@1@@15@@@@interview with bart pt 1,album_sidecar_track,track,,"Interview With Bart, Pt. 1",2001,us,album_track_try_harder_no_safe_match,0,0,1555203606,,false
album_sidecar_track:album|mercyme|almost there@@1@@16@@@@interview with bart pt 2:album_track_try_harder_no_safe_match:1555203606,apple_music_try_harder_pass_v1,album|mercyme|almost there@@1@@16@@@@interview with bart pt 2,album_sidecar_track,track,,"Interview With Bart, Pt. 2",2001,us,album_track_try_harder_no_safe_match,0,0,1555203606,,false
album_sidecar_track:album|mercyme|almost there@@1@@17@@@@interview with bart pt 3:album_track_try_harder_no_safe_match:1555203606,apple_music_try_harder_pass_v1,album|mercyme|almost there@@1@@17@@@@interview with bart pt 3,album_sidecar_track,track,,"Interview With Bart, Pt. 3",2001,us,album_track_try_harder_no_safe_match,0,0,1555203606,,false
album_sidecar_track:album|mercyme|almost there@@1@@18@@@@interview with bart pt 4:album_track_try_harder_no_safe_match:1555203606,apple_music_try_harder_pass_v1,album|mercyme|almost there@@1@@18@@@@interview with bart pt 4,album_sidecar_track,track,,"Interview With Bart, Pt. 4",2001,us,album_track_try_harder_no_safe_match,0,0,1555203606,,false
album_sidecar_track:album|mercyme|almost there@@1@@19@@@@interview with bart pt 5:album_track_try_harder_no_safe_match:1555203606,apple_music_try_harder_pass_v1,album|mercyme|almost there@@1@@19@@@@interview with bart pt 5,album_sidecar_track,track,,"Interview With Bart, Pt. 5",2001,us,album_track_try_harder_no_safe_match,0,0,1555203606,,false
album_sidecar_track:album|mercyme|almost there@@1@@20@@@@interview with bart pt 6:album_track_try_harder_no_safe_match:1555203606,apple_music_try_harder_pass_v1,album|mercyme|almost there@@1@@20@@@@interview with bart pt 6,album_sidecar_track,track,,"Interview With Bart, Pt. 6",2001,us,album_track_try_harder_no_safe_match,0,0,1555203606,,false
album_sidecar_track:album|mercyme|almost there@@1@@21@@@@interview with bart pt 7:album_track_try_harder_no_safe_match:1555203606,apple_music_try_harder_pass_v1,album|mercyme|almost there@@1@@21@@@@interview with bart pt 7,album_sidecar_track,track,,"Interview With Bart, Pt. 7",2001,us,album_track_try_harder_no_safe_match,0,0,1555203606,,false
album_sidecar_track:album|mercyme|almost there@@1@@22@@@@interview with bart pt 8:album_track_try_harder_no_safe_match:1555203606,apple_music_try_harder_pass_v1,album|mercyme|almost there@@1@@22@@@@interview with bart pt 8,album_sidecar_track,track,,"Interview With Bart, Pt. 8",2001,us,album_track_try_harder_no_safe_match,0,0,1555203606,,false
album_sidecar_track:album|mercyme|almost there@@1@@23@@@@interview with bart pt 9:album_track_try_harder_no_safe_match:1555203606,apple_music_try_harder_pass_v1,album|mercyme|almost there@@1@@23@@@@interview with bart pt 9,album_sidecar_track,track,,"Interview With Bart, Pt. 9",2001,us,album_track_try_harder_no_safe_match,0,0,1555203606,,false
album_sidecar_track:album|mercyme|almost there@@1@@24@@@@interview with bart pt 10:album_track_try_harder_no_safe_match:1555203606,apple_music_try_harder_pass_v1,album|mercyme|almost there@@1@@24@@@@interview with bart pt 10,album_sidecar_track,track,,"Interview With Bart, Pt. 10",2001,us,album_track_try_harder_no_safe_match,0,0,1555203606,,false
album_sidecar_track:album|mercyme|almost there@@1@@25@@@@interview with bart pt 11:album_track_try_harder_no_safe_match:1555203606,apple_music_try_harder_pass_v1,album|mercyme|almost there@@1@@25@@@@interview with bart pt 11,album_sidecar_track,track,,"Interview With Bart, Pt. 11",2001,us,album_track_try_harder_no_safe_match,0,0,1555203606,,false
album_sidecar_track:album|mercyme|almost there@@1@@26@@@@interview with bart pt 12:album_track_try_harder_no_safe_match:1555203606,apple_music_try_harder_pass_v1,album|mercyme|almost there@@1@@26@@@@interview with bart pt 12,album_sidecar_track,track,,"Interview With Bart, Pt. 12",2001,us,album_track_try_harder_no_safe_match,0,0,1555203606,,false
album_sidecar_track:album|mercyme|almost there@@1@@27@@@@interview with bart pt 13:album_track_try_harder_no_safe_match:1555203606,apple_music_try_harder_pass_v1,album|mercyme|almost there@@1@@27@@@@interview with bart pt 13,album_sidecar_track,track,,"Interview With Bart, Pt. 13",2001,us,album_track_try_harder_no_safe_match,0,0,1555203606,,false
album_sidecar_track:album|mercyme|almost there@@1@@28@@@@interview with bart pt 14:album_track_try_harder_no_safe_match:1555203606,apple_music_try_harder_pass_v1,album|mercyme|almost there@@1@@28@@@@interview with bart pt 14,album_sidecar_track,track,,"Interview With Bart, Pt. 14",2001,us,album_track_try_harder_no_safe_match,0,0,1555203606,,false
album_sidecar_track:album|mercyme|almost there@@1@@29@@@@interview with bart pt 15:album_track_try_harder_no_safe_match:1555203606,apple_music_try_harder_pass_v1,album|mercyme|almost there@@1@@29@@@@interview with bart pt 15,album_sidecar_track,track,,"Interview With Bart, Pt. 15",2001,us,album_track_try_harder_no_safe_match,0,0,1555203606,,false
album_sidecar_track:album|mercyme|almost there@@1@@30@@@@interview with bart pt 16:album_track_try_harder_no_safe_match:1555203606,apple_music_try_harder_pass_v1,album|mercyme|almost there@@1@@30@@@@interview with bart pt 16,album_sidecar_track,track,,"Interview With Bart, Pt. 16",2001,us,album_track_try_harder_no_safe_match,0,0,1555203606,,false
album_sidecar_track:album|mercyme|almost there@@1@@31@@@@song by song:album_track_try_harder_no_safe_match:1555203606,apple_music_try_harder_pass_v1,album|mercyme|almost there@@1@@31@@@@song by song,album_sidecar_track,track,,Song by Song,2001,us,album_track_try_harder_no_safe_match,0,0,1555203606,,false
album_sidecar_track:album|merry go round|merry go round@@1@@8@@@@where have you been all my life:album_track_try_harder_no_safe_match:1424533234,apple_music_try_harder_pass_v1,album|merry go round|merry go round@@1@@8@@@@where have you been all my life,album_sidecar_track,track,,Where Have You Been All My Life?,1967,us,album_track_try_harder_no_safe_match,5,39,1424533234,,false
album_sidecar_track:album|mf doom|mm food@@1@@11@@@@guinesses:album_track_try_harder_no_safe_match:1516750770,apple_music_try_harder_pass_v1,album|mf doom|mm food@@1@@11@@@@guinesses,album_sidecar_track,track,,Guinesses,2004,us,album_track_try_harder_no_safe_match,5,43,1516750770,,false
album_sidecar_track:album|michael buble|christmas@@1@@17@@@@winter wonderland:album_track_try_harder_no_safe_match:669854820,apple_music_try_harder_pass_v1,album|michael buble|christmas@@1@@17@@@@winter wonderland,album_sidecar_track,track,,Winter Wonderland,2011,us,album_track_try_harder_no_safe_match,0,0,669854820,,false
album_sidecar_track:album|michael buble|christmas@@1@@18@@@@frosty snowman:album_track_try_harder_no_safe_match:669854820,apple_music_try_harder_pass_v1,album|michael buble|christmas@@1@@18@@@@frosty snowman,album_sidecar_track,track,,Frosty the Snowman,2011,us,album_track_try_harder_no_safe_match,0,0,669854820,,false
album_sidecar_track:album|michael buble|christmas@@1@@19@@@@silver bells:album_track_try_harder_no_safe_match:669854820,apple_music_try_harder_pass_v1,album|michael buble|christmas@@1@@19@@@@silver bells,album_sidecar_track,track,,Silver Bells,2011,us,album_track_try_harder_no_safe_match,0,0,669854820,,false
album_sidecar_track:album|miguel|kaleidoscope dream@@1@@10@@@@pussy is mine:album_track_try_harder_no_safe_match:561709112,apple_music_try_harder_pass_v1,album|miguel|kaleidoscope dream@@1@@10@@@@pussy is mine,album_sidecar_track,track,,Pussy Is Mine,2012,us,album_track_try_harder_no_safe_match,3,43,561709112,,false
album_sidecar_track:album|miguel|wildheart@@1@@10@@@@flesh:album_track_try_harder_no_safe_match:1005194169,apple_music_try_harder_pass_v1,album|miguel|wildheart@@1@@10@@@@flesh,album_sidecar_track,track,,FLESH,2015,us,album_track_try_harder_no_safe_match,6,51,1005194169,,false
album_sidecar_track:album|miguel|wildheart@@1@@11@@@@leaves:album_track_try_harder_no_safe_match:1005194169,apple_music_try_harder_pass_v1,album|miguel|wildheart@@1@@11@@@@leaves,album_sidecar_track,track,,leaves,2015,us,album_track_try_harder_no_safe_match,6,51,1005194169,,false
album_sidecar_track:album|miguel|wildheart@@1@@12@@@@face sun:album_track_try_harder_no_safe_match:1005194169,apple_music_try_harder_pass_v1,album|miguel|wildheart@@1@@12@@@@face sun,album_sidecar_track,track,,face the sun,2015,us,album_track_try_harder_no_safe_match,6,33,1005194169,,false
album_sidecar_track:album|miguel|wildheart@@1@@13@@@@gfg:album_track_try_harder_no_safe_match:1005194169,apple_music_try_harder_pass_v1,album|miguel|wildheart@@1@@13@@@@gfg,album_sidecar_track,track,,gfg,2015,us,album_track_try_harder_no_safe_match,6,29,1005194169,,false
album_sidecar_track:album|miguel|wildheart@@1@@14@@@@destinado a morir:album_track_try_harder_no_safe_match:1005194169,apple_music_try_harder_pass_v1,album|miguel|wildheart@@1@@14@@@@destinado a morir,album_sidecar_track,track,,destinado a morir,2015,us,album_track_try_harder_no_safe_match,6,19,1005194169,,false
album_sidecar_track:album|miguel|wildheart@@1@@15@@@@simple things:album_track_try_harder_no_safe_match:1005194169,apple_music_try_harder_pass_v1,album|miguel|wildheart@@1@@15@@@@simple things,album_sidecar_track,track,,Simple Things,2015,us,album_track_try_harder_no_safe_match,6,5,1005194169,,false
album_sidecar_track:album|miguel|wildheart@@1@@16@@@@damned:album_track_try_harder_no_safe_match:1005194169,apple_music_try_harder_pass_v1,album|miguel|wildheart@@1@@16@@@@damned,album_sidecar_track,track,,damned,2015,us,album_track_try_harder_no_safe_match,6,9,1005194169,,false
album_sidecar_track:album|miguel|wildheart@@1@@5@@@@nwa:album_track_try_harder_no_safe_match:1005194169,apple_music_try_harder_pass_v1,album|miguel|wildheart@@1@@5@@@@nwa,album_sidecar_track,track,,NWA,2015,us,album_track_try_harder_no_safe_match,9,44,1005194169,,false
album_sidecar_track:album|miguel|wildheart@@1@@9@@@@goingtohell:album_track_try_harder_no_safe_match:1005194169,apple_music_try_harder_pass_v1,album|miguel|wildheart@@1@@9@@@@goingtohell,album_sidecar_track,track,,...goingtohell,2015,us,album_track_try_harder_no_safe_match,6,51,1005194169,,false
album_sidecar_track:album|mike oldfield|tubular bells@@1@@1@@@@tubular bells part one:album_track_try_harder_no_safe_match:1440852773,apple_music_try_harder_pass_v1,album|mike oldfield|tubular bells@@1@@1@@@@tubular bells part one,album_sidecar_track,track,,"Tubular Bells, Part One",1973,us,album_track_try_harder_no_safe_match,4,34,1440852773,,false
album_sidecar_track:album|mike oldfield|tubular bells@@1@@2@@@@tubular bells part two:album_track_try_harder_no_safe_match:1440852773,apple_music_try_harder_pass_v1,album|mike oldfield|tubular bells@@1@@2@@@@tubular bells part two,album_sidecar_track,track,,"Tubular Bells, Part Two",1973,us,album_track_try_harder_no_safe_match,4,47,1440852773,,false
album_sidecar_track:album|miles davis|kind of blue@@1@@2@@@@blue in green:album_track_try_harder_no_safe_match:268443092,apple_music_try_harder_pass_v1,album|miles davis|kind of blue@@1@@2@@@@blue in green,album_sidecar_track,track,,Blue in Green,1959,us,album_track_try_harder_no_safe_match,4,50,268443092,,false
album_sidecar_track:album|miles davis|kind of blue@@1@@3@@@@all blues:album_track_try_harder_no_safe_match:268443092,apple_music_try_harder_pass_v1,album|miles davis|kind of blue@@1@@3@@@@all blues,album_sidecar_track,track,,All Blues,1959,us,album_track_try_harder_no_safe_match,4,53,268443092,,false
album_sidecar_track:album|miley cyrus|bangerz@@1@@10@@@@fu:album_track_try_harder_no_safe_match:1460315055,apple_music_try_harder_pass_v1,album|miley cyrus|bangerz@@1@@10@@@@fu,album_sidecar_track,track,,FU,2013,us,album_track_try_harder_no_safe_match,8,43,1460315055,,false
album_sidecar_track:album|miley cyrus|bangerz@@1@@4@@@@4x4:album_track_try_harder_no_safe_match:1460315055,apple_music_try_harder_pass_v1,album|miley cyrus|bangerz@@1@@4@@@@4x4,album_sidecar_track,track,,4x4,2013,us,album_track_try_harder_no_safe_match,13,45,1460315055,,false
album_sidecar_track:album|ministry|psalm 69@@1@@6@@@@scarecrow:album_track_try_harder_no_safe_match:297744447,apple_music_try_harder_pass_v1,album|ministry|psalm 69@@1@@6@@@@scarecrow,album_sidecar_track,track,,Scarecrow,1992,us,album_track_try_harder_no_safe_match,4,43,297744447,,false
album_sidecar_track:album|minutemen|double nickels on the dime@@1@@12@@@@one reporter s opinion:album_track_try_harder_no_safe_match:117012391,apple_music_try_harder_pass_v1,album|minutemen|double nickels on the dime@@1@@12@@@@one reporter s opinion,album_sidecar_track,track,,One Reporter’s Opinion,1984,us,album_track_try_harder_no_safe_match,32,43,117012391,,false
album_sidecar_track:album|minutemen|double nickels on the dime@@1@@23@@@@history lesson part ii:album_track_try_harder_no_safe_match:117012391,apple_music_try_harder_pass_v1,album|minutemen|double nickels on the dime@@1@@23@@@@history lesson part ii,album_sidecar_track,track,,History Lesson – Part II,1984,us,album_track_try_harder_no_safe_match,22,43,117012391,,false
album_sidecar_track:album|minutemen|double nickels on the dime@@2@@1@@@@you need glory:album_track_try_harder_no_safe_match:117012391,apple_music_try_harder_pass_v1,album|minutemen|double nickels on the dime@@2@@1@@@@you need glory,album_sidecar_track,track,,You Need the Glory,1984,us,album_track_try_harder_no_safe_match,22,51,117012391,,false
album_sidecar_track:album|minutemen|double nickels on the dime@@2@@10@@@@there ain t shit on t v tonight:album_track_try_harder_no_safe_match:117012391,apple_music_try_harder_pass_v1,album|minutemen|double nickels on the dime@@2@@10@@@@there ain t shit on t v tonight,album_sidecar_track,track,,There Ain’t Shit on T.V. Tonight,1984,us,album_track_try_harder_no_safe_match,22,51,117012391,,false
album_sidecar_track:album|minutemen|double nickels on the dime@@2@@11@@@@this ain t no picnic:album_track_try_harder_no_safe_match:117012391,apple_music_try_harder_pass_v1,album|minutemen|double nickels on the dime@@2@@11@@@@this ain t no picnic,album_sidecar_track,track,,This Ain’t No Picnic,1984,us,album_track_try_harder_no_safe_match,22,51,117012391,,false
album_sidecar_track:album|minutemen|double nickels on the dime@@2@@12@@@@spillage:album_track_try_harder_no_safe_match:117012391,apple_music_try_harder_pass_v1,album|minutemen|double nickels on the dime@@2@@12@@@@spillage,album_sidecar_track,track,,Spillage,1984,us,album_track_try_harder_no_safe_match,22,47,117012391,,false
album_sidecar_track:album|minutemen|double nickels on the dime@@2@@13@@@@untitled song for latin america:album_track_try_harder_no_safe_match:117012391,apple_music_try_harder_pass_v1,album|minutemen|double nickels on the dime@@2@@13@@@@untitled song for latin america,album_sidecar_track,track,,Untitled Song for Latin America,1984,us,album_track_try_harder_no_safe_match,22,51,117012391,,false
album_sidecar_track:album|minutemen|double nickels on the dime@@2@@14@@@@jesus and tequila:album_track_try_harder_no_safe_match:117012391,apple_music_try_harder_pass_v1,album|minutemen|double nickels on the dime@@2@@14@@@@jesus and tequila,album_sidecar_track,track,,Jesus and Tequila,1984,us,album_track_try_harder_no_safe_match,22,51,117012391,,false
album_sidecar_track:album|minutemen|double nickels on the dime@@2@@15@@@@june 16th:album_track_try_harder_no_safe_match:117012391,apple_music_try_harder_pass_v1,album|minutemen|double nickels on the dime@@2@@15@@@@june 16th,album_sidecar_track,track,,June 16th,1984,us,album_track_try_harder_no_safe_match,22,51,117012391,,false
album_sidecar_track:album|minutemen|double nickels on the dime@@2@@16@@@@storm in my house:album_track_try_harder_no_safe_match:117012391,apple_music_try_harder_pass_v1,album|minutemen|double nickels on the dime@@2@@16@@@@storm in my house,album_sidecar_track,track,,Storm in My House,1984,us,album_track_try_harder_no_safe_match,22,51,117012391,,false
album_sidecar_track:album|minutemen|double nickels on the dime@@2@@17@@@@martin s story:album_track_try_harder_no_safe_match:117012391,apple_music_try_harder_pass_v1,album|minutemen|double nickels on the dime@@2@@17@@@@martin s story,album_sidecar_track,track,,Martin’s Story,1984,us,album_track_try_harder_no_safe_match,22,51,117012391,,false
album_sidecar_track:album|minutemen|double nickels on the dime@@2@@18@@@@ain t talkin bout love:album_track_try_harder_no_safe_match:117012391,apple_music_try_harder_pass_v1,album|minutemen|double nickels on the dime@@2@@18@@@@ain t talkin bout love,album_sidecar_track,track,,Ain’t Talkin’ ’Bout Love,1984,us,album_track_try_harder_no_safe_match,22,9,117012391,,false
album_sidecar_track:album|minutemen|double nickels on the dime@@2@@19@@@@doctor wu:album_track_try_harder_no_safe_match:117012391,apple_music_try_harder_pass_v1,album|minutemen|double nickels on the dime@@2@@19@@@@doctor wu,album_sidecar_track,track,,Doctor Wu,1984,us,album_track_try_harder_no_safe_match,22,9,117012391,,false
album_sidecar_track:album|minutemen|double nickels on the dime@@2@@2@@@@roar of masses could be farts:album_track_try_harder_no_safe_match:117012391,apple_music_try_harder_pass_v1,album|minutemen|double nickels on the dime@@2@@2@@@@roar of masses could be farts,album_sidecar_track,track,,The Roar of the Masses Could Be Farts,1984,us,album_track_try_harder_no_safe_match,22,51,117012391,,false
album_sidecar_track:album|minutemen|double nickels on the dime@@2@@20@@@@little man with a gun in his hand:album_track_try_harder_no_safe_match:117012391,apple_music_try_harder_pass_v1,album|minutemen|double nickels on the dime@@2@@20@@@@little man with a gun in his hand,album_sidecar_track,track,,Little Man With a Gun in His Hand,1984,us,album_track_try_harder_no_safe_match,22,9,117012391,,false
album_sidecar_track:album|minutemen|double nickels on the dime@@2@@21@@@@world according to nouns:album_track_try_harder_no_safe_match:117012391,apple_music_try_harder_pass_v1,album|minutemen|double nickels on the dime@@2@@21@@@@world according to nouns,album_sidecar_track,track,,The World According to Nouns,1984,us,album_track_try_harder_no_safe_match,22,47,117012391,,false
album_sidecar_track:album|minutemen|double nickels on the dime@@2@@22@@@@love dance:album_track_try_harder_no_safe_match:117012391,apple_music_try_harder_pass_v1,album|minutemen|double nickels on the dime@@2@@22@@@@love dance,album_sidecar_track,track,,Love Dance,1984,us,album_track_try_harder_no_safe_match,22,51,117012391,,false
album_sidecar_track:album|minutemen|double nickels on the dime@@2@@3@@@@mr robot s holy orders:album_track_try_harder_no_safe_match:117012391,apple_music_try_harder_pass_v1,album|minutemen|double nickels on the dime@@2@@3@@@@mr robot s holy orders,album_sidecar_track,track,,Mr. Robot’s Holy Orders,1984,us,album_track_try_harder_no_safe_match,22,5,117012391,,false
album_sidecar_track:album|minutemen|double nickels on the dime@@2@@4@@@@west germany:album_track_try_harder_no_safe_match:117012391,apple_music_try_harder_pass_v1,album|minutemen|double nickels on the dime@@2@@4@@@@west germany,album_sidecar_track,track,,West Germany,1984,us,album_track_try_harder_no_safe_match,22,51,117012391,,false
album_sidecar_track:album|minutemen|double nickels on the dime@@2@@5@@@@politics of time:album_track_try_harder_no_safe_match:117012391,apple_music_try_harder_pass_v1,album|minutemen|double nickels on the dime@@2@@5@@@@politics of time,album_sidecar_track,track,,The Politics of Time,1984,us,album_track_try_harder_no_safe_match,22,51,117012391,,false
album_sidecar_track:album|minutemen|double nickels on the dime@@2@@6@@@@themselves:album_track_try_harder_no_safe_match:117012391,apple_music_try_harder_pass_v1,album|minutemen|double nickels on the dime@@2@@6@@@@themselves,album_sidecar_track,track,,Themselves,1984,us,album_track_try_harder_no_safe_match,22,51,117012391,,false
album_sidecar_track:album|minutemen|double nickels on the dime@@2@@7@@@@please don t be gentle with me:album_track_try_harder_no_safe_match:117012391,apple_music_try_harder_pass_v1,album|minutemen|double nickels on the dime@@2@@7@@@@please don t be gentle with me,album_sidecar_track,track,,Please Don’t Be Gentle With Me,1984,us,album_track_try_harder_no_safe_match,22,51,117012391,,false
album_sidecar_track:album|minutemen|double nickels on the dime@@2@@8@@@@nothing indeed:album_track_try_harder_no_safe_match:117012391,apple_music_try_harder_pass_v1,album|minutemen|double nickels on the dime@@2@@8@@@@nothing indeed,album_sidecar_track,track,,Nothing Indeed,1984,us,album_track_try_harder_no_safe_match,22,51,117012391,,false
album_sidecar_track:album|minutemen|double nickels on the dime@@2@@9@@@@no exchange:album_track_try_harder_no_safe_match:117012391,apple_music_try_harder_pass_v1,album|minutemen|double nickels on the dime@@2@@9@@@@no exchange,album_sidecar_track,track,,No Exchange,1984,us,album_track_try_harder_no_safe_match,22,51,117012391,,false
album_sidecar_track:album|miriam makeba|pata pata@@1@@6@@@@click song number 1:album_track_try_harder_no_safe_match:1472549617,apple_music_try_harder_pass_v1,album|miriam makeba|pata pata@@1@@6@@@@click song number 1,album_sidecar_track,track,,Click Song Number 1,1967,us,album_track_try_harder_no_safe_match,17,43,1472549617,,false
album_sidecar_track:album|missy elliott|under construction@@1@@14@@@@work it remix:album_track_try_harder_no_safe_match:254167732,apple_music_try_harder_pass_v1,album|missy elliott|under construction@@1@@14@@@@work it remix,album_sidecar_track,track,,Work It (remix),2002,us,album_track_try_harder_no_safe_match,1,43,254167732,,false
album_sidecar_track:album|mobb deep|infamous@@1@@15@@@@shook ones part ii:album_track_try_harder_no_safe_match:255342338,apple_music_try_harder_pass_v1,album|mobb deep|infamous@@1@@15@@@@shook ones part ii,album_sidecar_track,track,,"Shook Ones, Part II",1995,us,album_track_try_harder_no_safe_match,3,43,255342338,,false
album_sidecar_track:album|mobb deep|infamous@@1@@4@@@@eye for an eye your beef is mines:album_track_try_harder_no_safe_match:255342338,apple_music_try_harder_pass_v1,album|mobb deep|infamous@@1@@4@@@@eye for an eye your beef is mines,album_sidecar_track,track,,Eye for an Eye (Your Beef Is Mines),1995,us,album_track_try_harder_no_safe_match,13,45,255342338,,false
album_sidecar_track:album|modest mouse|lonesome crowded west@@1@@15@@@@styrofoam boots it s all nice on ice alright:album_track_try_harder_no_safe_match:1566174024,apple_music_try_harder_pass_v1,album|modest mouse|lonesome crowded west@@1@@15@@@@styrofoam boots it s all nice on ice alright,album_sidecar_track,track,,"Styrofoam Boots / It’s All Nice on Ice, Alright",1997,us,album_track_try_harder_no_safe_match,1,43,1566174024,,false
album_sidecar_track:album|monkees|pisces aquarius capricorn and jones ltd@@1@@10@@@@daily nightly:album_track_try_harder_no_safe_match:1114230648,apple_music_try_harder_pass_v1,album|monkees|pisces aquarius capricorn and jones ltd@@1@@10@@@@daily nightly,album_sidecar_track,track,,Daily Nightly,1967,us,album_track_try_harder_no_safe_match,5,47,1114230648,,false
album_sidecar_track:album|monkees|pisces aquarius capricorn and jones ltd@@1@@11@@@@don t call on me:album_track_try_harder_no_safe_match:1114230648,apple_music_try_harder_pass_v1,album|monkees|pisces aquarius capricorn and jones ltd@@1@@11@@@@don t call on me,album_sidecar_track,track,,Don’t Call on Me,1967,us,album_track_try_harder_no_safe_match,5,43,1114230648,,false
album_sidecar_track:album|monkees|pisces aquarius capricorn and jones ltd@@1@@12@@@@star collector:album_track_try_harder_no_safe_match:1114230648,apple_music_try_harder_pass_v1,album|monkees|pisces aquarius capricorn and jones ltd@@1@@12@@@@star collector,album_sidecar_track,track,,Star Collector,1967,us,album_track_try_harder_no_safe_match,5,37,1114230648,,false
album_sidecar_track:album|monkees|pisces aquarius capricorn and jones ltd@@1@@9@@@@peter percival patterson s pet pig porky pleasant valley sunday:album_track_try_harder_no_safe_match:1114230648,apple_music_try_harder_pass_v1,album|monkees|pisces aquarius capricorn and jones ltd@@1@@9@@@@peter percival patterson s pet pig porky pleasant valley sunday,album_sidecar_track,track,,Peter Percival Patterson’s Pet Pig Porky / Pleasant Valley Sunday,1967,us,album_track_try_harder_no_safe_match,5,53,1114230648,,false
album_sidecar_track:album|moody blues|days of future passed@@1@@7@@@@night nights in white satin:album_track_try_harder_no_safe_match:1440798214,apple_music_try_harder_pass_v1,album|moody blues|days of future passed@@1@@7@@@@night nights in white satin,album_sidecar_track,track,,The Night: Nights in White Satin,1967,us,album_track_try_harder_no_safe_match,1,39,1440798214,,false
album_sidecar_track:album|moodymann|silentintroduction@@1@@2@@@@i can t kick this feelin when it hits:album_track_try_harder_no_safe_match:1117140118,apple_music_try_harder_pass_v1,album|moodymann|silentintroduction@@1@@2@@@@i can t kick this feelin when it hits,album_sidecar_track,track,,I Can’t Kick This Feelin’ When It Hits,1997,us,album_track_try_harder_no_safe_match,9,47,1117140118,,false
album_sidecar_track:album|mooney suzuki|electric sweat@@1@@7@@@@it s showtime part ii:album_track_try_harder_no_safe_match:315022465,apple_music_try_harder_pass_v1,album|mooney suzuki|electric sweat@@1@@7@@@@it s showtime part ii,album_sidecar_track,track,,"It’s Showtime, Part II",2002,us,album_track_try_harder_no_safe_match,4,43,315022465,,false
album_sidecar_track:album|morbid angel|altars of madness@@1@@5@@@@chapel of ghouls:album_track_try_harder_no_safe_match:63616899,apple_music_try_harder_pass_v1,album|morbid angel|altars of madness@@1@@5@@@@chapel of ghouls,album_sidecar_track,track,,Chapel of Ghouls,1989,us,album_track_try_harder_no_safe_match,9,51,63616899,,false
album_sidecar_track:album|morbid angel|altars of madness@@1@@6@@@@bleed for devil:album_track_try_harder_no_safe_match:63616899,apple_music_try_harder_pass_v1,album|morbid angel|altars of madness@@1@@6@@@@bleed for devil,album_sidecar_track,track,,Bleed for the Devil,1989,us,album_track_try_harder_no_safe_match,9,51,63616899,,false
album_sidecar_track:album|morbid angel|altars of madness@@1@@7@@@@damnation:album_track_try_harder_no_safe_match:63616899,apple_music_try_harder_pass_v1,album|morbid angel|altars of madness@@1@@7@@@@damnation,album_sidecar_track,track,,Damnation,1989,us,album_track_try_harder_no_safe_match,9,51,63616899,,false
album_sidecar_track:album|morbid angel|altars of madness@@1@@8@@@@blasphemy:album_track_try_harder_no_safe_match:63616899,apple_music_try_harder_pass_v1,album|morbid angel|altars of madness@@1@@8@@@@blasphemy,album_sidecar_track,track,,Blasphemy,1989,us,album_track_try_harder_no_safe_match,9,51,63616899,,false
album_sidecar_track:album|morbid angel|altars of madness@@1@@9@@@@evil spells:album_track_try_harder_no_safe_match:63616899,apple_music_try_harder_pass_v1,album|morbid angel|altars of madness@@1@@9@@@@evil spells,album_sidecar_track,track,,Evil Spells,1989,us,album_track_try_harder_no_safe_match,9,51,63616899,,false
album_sidecar_track:album|morcheeba|big calm@@1@@6@@@@bullet proof:album_track_try_harder_no_safe_match:358317593,apple_music_try_harder_pass_v1,album|morcheeba|big calm@@1@@6@@@@bullet proof,album_sidecar_track,track,,Bullet Proof,1998,us,album_track_try_harder_no_safe_match,7,43,358317593,,false
album_sidecar_track:album|morgan wallen|one thing at a time@@2@@1@@@@neon star country boy lullaby:album_track_try_harder_no_safe_match:1818423949,apple_music_try_harder_pass_v1,album|morgan wallen|one thing at a time@@2@@1@@@@neon star country boy lullaby,album_sidecar_track,track,,Neon Star (Country Boy Lullaby),2023,us,album_track_try_harder_no_safe_match,18,51,1818423949,,false
album_sidecar_track:album|morgan wallen|one thing at a time@@2@@10@@@@last drive down main:album_track_try_harder_no_safe_match:1818423949,apple_music_try_harder_pass_v1,album|morgan wallen|one thing at a time@@2@@10@@@@last drive down main,album_sidecar_track,track,,Last Drive Down Main,2023,us,album_track_try_harder_no_safe_match,18,51,1818423949,,false
album_sidecar_track:album|morgan wallen|one thing at a time@@2@@11@@@@me to me:album_track_try_harder_no_safe_match:1818423949,apple_music_try_harder_pass_v1,album|morgan wallen|one thing at a time@@2@@11@@@@me to me,album_sidecar_track,track,,Me to Me,2023,us,album_track_try_harder_no_safe_match,18,51,1818423949,,false
album_sidecar_track:album|morgan wallen|one thing at a time@@2@@12@@@@don t think jesus:album_track_try_harder_no_safe_match:1818423949,apple_music_try_harder_pass_v1,album|morgan wallen|one thing at a time@@2@@12@@@@don t think jesus,album_sidecar_track,track,,Don’t Think Jesus,2023,us,album_track_try_harder_no_safe_match,18,51,1818423949,,false
album_sidecar_track:album|morgan wallen|one thing at a time@@2@@13@@@@180 lifestyle:album_track_try_harder_no_safe_match:1818423949,apple_music_try_harder_pass_v1,album|morgan wallen|one thing at a time@@2@@13@@@@180 lifestyle,album_sidecar_track,track,,180 (Lifestyle),2023,us,album_track_try_harder_no_safe_match,18,51,1818423949,,false
album_sidecar_track:album|morgan wallen|one thing at a time@@2@@14@@@@had it:album_track_try_harder_no_safe_match:1818423949,apple_music_try_harder_pass_v1,album|morgan wallen|one thing at a time@@2@@14@@@@had it,album_sidecar_track,track,,Had It,2023,us,album_track_try_harder_no_safe_match,18,51,1818423949,,false
album_sidecar_track:album|morgan wallen|one thing at a time@@2@@15@@@@cowgirls:album_track_try_harder_no_safe_match:1818423949,apple_music_try_harder_pass_v1,album|morgan wallen|one thing at a time@@2@@15@@@@cowgirls,album_sidecar_track,track,,Cowgirls,2023,us,album_track_try_harder_no_safe_match,18,33,1818423949,,false
album_sidecar_track:album|morgan wallen|one thing at a time@@2@@16@@@@good girl gone missin:album_track_try_harder_no_safe_match:1818423949,apple_music_try_harder_pass_v1,album|morgan wallen|one thing at a time@@2@@16@@@@good girl gone missin,album_sidecar_track,track,,Good Girl Gone Missin’,2023,us,album_track_try_harder_no_safe_match,18,51,1818423949,,false
album_sidecar_track:album|morgan wallen|one thing at a time@@2@@17@@@@outlook:album_track_try_harder_no_safe_match:1818423949,apple_music_try_harder_pass_v1,album|morgan wallen|one thing at a time@@2@@17@@@@outlook,album_sidecar_track,track,,Outlook,2023,us,album_track_try_harder_no_safe_match,18,51,1818423949,,false
album_sidecar_track:album|morgan wallen|one thing at a time@@2@@18@@@@dying man:album_track_try_harder_no_safe_match:1818423949,apple_music_try_harder_pass_v1,album|morgan wallen|one thing at a time@@2@@18@@@@dying man,album_sidecar_track,track,,Dying Man,2023,us,album_track_try_harder_no_safe_match,18,51,1818423949,,false
album_sidecar_track:album|morgan wallen|one thing at a time@@2@@2@@@@i deserve a drink:album_track_try_harder_no_safe_match:1818423949,apple_music_try_harder_pass_v1,album|morgan wallen|one thing at a time@@2@@2@@@@i deserve a drink,album_sidecar_track,track,,I Deserve a Drink,2023,us,album_track_try_harder_no_safe_match,18,51,1818423949,,false
album_sidecar_track:album|morgan wallen|one thing at a time@@2@@3@@@@wine into water:album_track_try_harder_no_safe_match:1818423949,apple_music_try_harder_pass_v1,album|morgan wallen|one thing at a time@@2@@3@@@@wine into water,album_sidecar_track,track,,Wine Into Water,2023,us,album_track_try_harder_no_safe_match,18,51,1818423949,,false
album_sidecar_track:album|morgan wallen|one thing at a time@@2@@4@@@@me all your reasons:album_track_try_harder_no_safe_match:1818423949,apple_music_try_harder_pass_v1,album|morgan wallen|one thing at a time@@2@@4@@@@me all your reasons,album_sidecar_track,track,,Me + All Your Reasons,2023,us,album_track_try_harder_no_safe_match,18,51,1818423949,,false
album_sidecar_track:album|morgan wallen|one thing at a time@@2@@5@@@@tennessee fan:album_track_try_harder_no_safe_match:1818423949,apple_music_try_harder_pass_v1,album|morgan wallen|one thing at a time@@2@@5@@@@tennessee fan,album_sidecar_track,track,,Tennessee Fan,2023,us,album_track_try_harder_no_safe_match,18,51,1818423949,,false
album_sidecar_track:album|morgan wallen|one thing at a time@@2@@6@@@@money on me:album_track_try_harder_no_safe_match:1818423949,apple_music_try_harder_pass_v1,album|morgan wallen|one thing at a time@@2@@6@@@@money on me,album_sidecar_track,track,,Money on Me,2023,us,album_track_try_harder_no_safe_match,18,51,1818423949,,false
album_sidecar_track:album|morgan wallen|one thing at a time@@2@@7@@@@thinkin bout me:album_track_try_harder_no_safe_match:1818423949,apple_music_try_harder_pass_v1,album|morgan wallen|one thing at a time@@2@@7@@@@thinkin bout me,album_sidecar_track,track,,Thinkin’ Bout Me,2023,us,album_track_try_harder_no_safe_match,18,51,1818423949,,false
album_sidecar_track:album|morgan wallen|one thing at a time@@2@@8@@@@single than she was:album_track_try_harder_no_safe_match:1818423949,apple_music_try_harder_pass_v1,album|morgan wallen|one thing at a time@@2@@8@@@@single than she was,album_sidecar_track,track,,Single Than She Was,2023,us,album_track_try_harder_no_safe_match,18,51,1818423949,,false
album_sidecar_track:album|morgan wallen|one thing at a time@@2@@9@@@@days that end in why:album_track_try_harder_no_safe_match:1818423949,apple_music_try_harder_pass_v1,album|morgan wallen|one thing at a time@@2@@9@@@@days that end in why,album_sidecar_track,track,,Days That End in Why,2023,us,album_track_try_harder_no_safe_match,18,51,1818423949,,false
album_sidecar_track:album|mothers of invention|absolutely free@@1@@10@@@@uncle bernie s farm:album_track_try_harder_no_safe_match:1442926805,apple_music_try_harder_pass_v1,album|mothers of invention|absolutely free@@1@@10@@@@uncle bernie s farm,album_sidecar_track,track,,Uncle Bernie’s Farm,1967,us,album_track_try_harder_no_safe_match,8,51,1442926805,,false
album_sidecar_track:album|mothers of invention|absolutely free@@1@@11@@@@son of suzy creamcheese:album_track_try_harder_no_safe_match:1442926805,apple_music_try_harder_pass_v1,album|mothers of invention|absolutely free@@1@@11@@@@son of suzy creamcheese,album_sidecar_track,track,,Son of Suzy Creamcheese,1967,us,album_track_try_harder_no_safe_match,8,51,1442926805,,false
album_sidecar_track:album|mothers of invention|absolutely free@@1@@12@@@@brown shoes don t make it:album_track_try_harder_no_safe_match:1442926805,apple_music_try_harder_pass_v1,album|mothers of invention|absolutely free@@1@@12@@@@brown shoes don t make it,album_sidecar_track,track,,Brown Shoes Don’t Make It,1967,us,album_track_try_harder_no_safe_match,8,51,1442926805,,false
album_sidecar_track:album|mothers of invention|absolutely free@@1@@13@@@@america drinks and goes home:album_track_try_harder_no_safe_match:1442926805,apple_music_try_harder_pass_v1,album|mothers of invention|absolutely free@@1@@13@@@@america drinks and goes home,album_sidecar_track,track,,America Drinks & Goes Home,1967,us,album_track_try_harder_no_safe_match,8,47,1442926805,,false
album_sidecar_track:album|mothers of invention|absolutely free@@1@@8@@@@america drinks:album_track_try_harder_no_safe_match:1442926805,apple_music_try_harder_pass_v1,album|mothers of invention|absolutely free@@1@@8@@@@america drinks,album_sidecar_track,track,,America Drinks,1967,us,album_track_try_harder_no_safe_match,8,51,1442926805,,false
album_sidecar_track:album|mothers of invention|absolutely free@@1@@9@@@@status back baby:album_track_try_harder_no_safe_match:1442926805,apple_music_try_harder_pass_v1,album|mothers of invention|absolutely free@@1@@9@@@@status back baby,album_sidecar_track,track,,Status Back Baby,1967,us,album_track_try_harder_no_safe_match,8,51,1442926805,,false
album_sidecar_track:album|mothers of invention|freak out@@2@@1@@@@trouble every day:album_track_try_harder_no_safe_match:1440928854,apple_music_try_harder_pass_v1,album|mothers of invention|freak out@@2@@1@@@@trouble every day,album_sidecar_track,track,,Trouble Every Day,1966,us,album_track_try_harder_no_safe_match,4,51,1440928854,,false
album_sidecar_track:album|mothers of invention|freak out@@2@@2@@@@help i m a rock:album_track_try_harder_no_safe_match:1440928854,apple_music_try_harder_pass_v1,album|mothers of invention|freak out@@2@@2@@@@help i m a rock,album_sidecar_track,track,,"Help, I’m a Rock",1966,us,album_track_try_harder_no_safe_match,4,51,1440928854,,false
album_sidecar_track:album|mothers of invention|freak out@@2@@3@@@@return of son of monster magnet:album_track_try_harder_no_safe_match:1440928854,apple_music_try_harder_pass_v1,album|mothers of invention|freak out@@2@@3@@@@return of son of monster magnet,album_sidecar_track,track,,The Return of the Son of Monster Magnet,1966,us,album_track_try_harder_no_safe_match,4,51,1440928854,,false
album_sidecar_track:album|mothers of invention|we re only in it for the money@@1@@10@@@@hot poop:album_track_try_harder_no_safe_match:1443746670,apple_music_try_harder_pass_v1,album|mothers of invention|we re only in it for the money@@1@@10@@@@hot poop,album_sidecar_track,track,,Hot Poop,1968,us,album_track_try_harder_no_safe_match,15,47,1443746670,,false
album_sidecar_track:album|mothers of invention|we re only in it for the money@@1@@11@@@@nasal retentive caliope:album_track_try_harder_no_safe_match:1443746670,apple_music_try_harder_pass_v1,album|mothers of invention|we re only in it for the money@@1@@11@@@@nasal retentive caliope,album_sidecar_track,track,,Nasal Retentive Caliope,1968,us,album_track_try_harder_no_safe_match,15,29,1443746670,,false
album_sidecar_track:album|mothers of invention|we re only in it for the money@@1@@12@@@@let s make water turn black:album_track_try_harder_no_safe_match:1443746670,apple_music_try_harder_pass_v1,album|mothers of invention|we re only in it for the money@@1@@12@@@@let s make water turn black,album_sidecar_track,track,,Let’s Make the Water Turn Black,1968,us,album_track_try_harder_no_safe_match,15,47,1443746670,,false
album_sidecar_track:album|mothers of invention|we re only in it for the money@@1@@13@@@@idiot bastard son:album_track_try_harder_no_safe_match:1443746670,apple_music_try_harder_pass_v1,album|mothers of invention|we re only in it for the money@@1@@13@@@@idiot bastard son,album_sidecar_track,track,,The Idiot Bastard Son,1968,us,album_track_try_harder_no_safe_match,15,47,1443746670,,false
album_sidecar_track:album|mothers of invention|we re only in it for the money@@1@@14@@@@lonely little girl:album_track_try_harder_no_safe_match:1443746670,apple_music_try_harder_pass_v1,album|mothers of invention|we re only in it for the money@@1@@14@@@@lonely little girl,album_sidecar_track,track,,Lonely Little Girl,1968,us,album_track_try_harder_no_safe_match,15,51,1443746670,,false
album_sidecar_track:album|mothers of invention|we re only in it for the money@@1@@15@@@@take your clothes off when you dance:album_track_try_harder_no_safe_match:1443746670,apple_music_try_harder_pass_v1,album|mothers of invention|we re only in it for the money@@1@@15@@@@take your clothes off when you dance,album_sidecar_track,track,,Take Your Clothes Off When You Dance,1968,us,album_track_try_harder_no_safe_match,15,51,1443746670,,false
album_sidecar_track:album|mothers of invention|we re only in it for the money@@1@@16@@@@what s ugliest part of your body reprise:album_track_try_harder_no_safe_match:1443746670,apple_music_try_harder_pass_v1,album|mothers of invention|we re only in it for the money@@1@@16@@@@what s ugliest part of your body reprise,album_sidecar_track,track,,What’s the Ugliest Part of Your Body? (reprise),1968,us,album_track_try_harder_no_safe_match,15,51,1443746670,,false
album_sidecar_track:album|mothers of invention|we re only in it for the money@@1@@17@@@@mother people:album_track_try_harder_no_safe_match:1443746670,apple_music_try_harder_pass_v1,album|mothers of invention|we re only in it for the money@@1@@17@@@@mother people,album_sidecar_track,track,,Mother People,1968,us,album_track_try_harder_no_safe_match,15,51,1443746670,,false
album_sidecar_track:album|mothers of invention|we re only in it for the money@@1@@18@@@@chrome plated megaphone of destiny:album_track_try_harder_no_safe_match:1443746670,apple_music_try_harder_pass_v1,album|mothers of invention|we re only in it for the money@@1@@18@@@@chrome plated megaphone of destiny,album_sidecar_track,track,,The Chrome Plated Megaphone of Destiny,1968,us,album_track_try_harder_no_safe_match,15,47,1443746670,,false
album_sidecar_track:album|mothers of invention|we re only in it for the money@@1@@5@@@@bow tie daddy:album_track_try_harder_no_safe_match:1443746670,apple_music_try_harder_pass_v1,album|mothers of invention|we re only in it for the money@@1@@5@@@@bow tie daddy,album_sidecar_track,track,,Bow Tie Daddy,1968,us,album_track_try_harder_no_safe_match,15,37,1443746670,,false
album_sidecar_track:album|mothers of invention|we re only in it for the money@@1@@6@@@@harry you re a beast:album_track_try_harder_no_safe_match:1443746670,apple_music_try_harder_pass_v1,album|mothers of invention|we re only in it for the money@@1@@6@@@@harry you re a beast,album_sidecar_track,track,,"Harry, You’re a Beast",1968,us,album_track_try_harder_no_safe_match,15,51,1443746670,,false
album_sidecar_track:album|mothers of invention|we re only in it for the money@@1@@7@@@@what s ugliest part of your body:album_track_try_harder_no_safe_match:1443746670,apple_music_try_harder_pass_v1,album|mothers of invention|we re only in it for the money@@1@@7@@@@what s ugliest part of your body,album_sidecar_track,track,,What’s the Ugliest Part of Your Body?,1968,us,album_track_try_harder_no_safe_match,15,51,1443746670,,false
album_sidecar_track:album|mothers of invention|we re only in it for the money@@1@@8@@@@absolutely free:album_track_try_harder_no_safe_match:1443746670,apple_music_try_harder_pass_v1,album|mothers of invention|we re only in it for the money@@1@@8@@@@absolutely free,album_sidecar_track,track,,Absolutely Free,1968,us,album_track_try_harder_no_safe_match,15,51,1443746670,,false
album_sidecar_track:album|mothers of invention|we re only in it for the money@@1@@9@@@@flower punk:album_track_try_harder_no_safe_match:1443746670,apple_music_try_harder_pass_v1,album|mothers of invention|we re only in it for the money@@1@@9@@@@flower punk,album_sidecar_track,track,,Flower Punk,1968,us,album_track_try_harder_no_safe_match,15,37,1443746670,,false
album_sidecar_track:album|motorhead|ace of spades@@1@@2@@@@dirty love:album_track_try_harder_no_safe_match:1614256828,apple_music_try_harder_pass_v1,album|motorhead|ace of spades@@1@@2@@@@dirty love,album_sidecar_track,track,,Dirty Love,1980,us,album_track_try_harder_no_safe_match,11,38,1614256828,,false
album_sidecar_track:album|mountain|climbing@@1@@2@@@@theme for an imaginary western:album_track_try_harder_no_safe_match:157308020,apple_music_try_harder_pass_v1,album|mountain|climbing@@1@@2@@@@theme for an imaginary western,album_sidecar_track,track,,Theme for an Imaginary Western,1970,us,album_track_try_harder_no_safe_match,8,47,157308020,,false
album_sidecar_track:album|mudhoney|superfuzz bigmuff@@1@@1@@@@need:album_track_try_harder_no_safe_match:279888941,apple_music_try_harder_pass_v1,album|mudhoney|superfuzz bigmuff@@1@@1@@@@need,album_sidecar_track,track,,Need,1988,us,album_track_try_harder_no_safe_match,32,53,279888941,,false
album_sidecar_track:album|mudhoney|superfuzz bigmuff@@1@@2@@@@chain that door:album_track_try_harder_no_safe_match:279888941,apple_music_try_harder_pass_v1,album|mudhoney|superfuzz bigmuff@@1@@2@@@@chain that door,album_sidecar_track,track,,Chain That Door,1988,us,album_track_try_harder_no_safe_match,32,38,279888941,,false
album_sidecar_track:album|mudhoney|superfuzz bigmuff@@1@@3@@@@mudride:album_track_try_harder_no_safe_match:279888941,apple_music_try_harder_pass_v1,album|mudhoney|superfuzz bigmuff@@1@@3@@@@mudride,album_sidecar_track,track,,Mudride,1988,us,album_track_try_harder_no_safe_match,32,51,279888941,,false
album_sidecar_track:album|mudhoney|superfuzz bigmuff@@1@@4@@@@no one has:album_track_try_harder_no_safe_match:279888941,apple_music_try_harder_pass_v1,album|mudhoney|superfuzz bigmuff@@1@@4@@@@no one has,album_sidecar_track,track,,No One Has,1988,us,album_track_try_harder_no_safe_match,32,51,279888941,,false
album_sidecar_track:album|mudhoney|superfuzz bigmuff@@1@@5@@@@if i think:album_track_try_harder_no_safe_match:279888941,apple_music_try_harder_pass_v1,album|mudhoney|superfuzz bigmuff@@1@@5@@@@if i think,album_sidecar_track,track,,If I Think,1988,us,album_track_try_harder_no_safe_match,32,51,279888941,,false
album_sidecar_track:album|mudhoney|superfuzz bigmuff@@1@@6@@@@in n out of grace:album_track_try_harder_no_safe_match:279888941,apple_music_try_harder_pass_v1,album|mudhoney|superfuzz bigmuff@@1@@6@@@@in n out of grace,album_sidecar_track,track,,In ’n’ Out of Grace,1988,us,album_track_try_harder_no_safe_match,32,51,279888941,,false
album_sidecar_track:album|mumford and sons|sigh no more@@1@@13@@@@to darkness:album_track_try_harder_no_safe_match:1771710636,apple_music_try_harder_pass_v1,album|mumford and sons|sigh no more@@1@@13@@@@to darkness,album_sidecar_track,track,,To Darkness,2009,us,album_track_try_harder_no_safe_match,0,0,1771710636,,false
album_sidecar_track:album|musiq soulchild|aijuswanaseing@@1@@14@@@@settle for my love intermission:album_track_try_harder_no_safe_match:1440921030,apple_music_try_harder_pass_v1,album|musiq soulchild|aijuswanaseing@@1@@14@@@@settle for my love intermission,album_sidecar_track,track,,Settle for My Love (Intermission),2000,us,album_track_try_harder_no_safe_match,2,43,1440921030,,false
album_sidecar_track:album|musiq soulchild|aijuswanaseing@@2@@1@@@@just friends sunny masters at work 12 mix:album_track_try_harder_no_safe_match:1440921030,apple_music_try_harder_pass_v1,album|musiq soulchild|aijuswanaseing@@2@@1@@@@just friends sunny masters at work 12 mix,album_sidecar_track,track,,"Just Friends (Sunny) (Masters At Work 12"" Mix)",2000,us,album_track_try_harder_no_safe_match,1,-5,1440921030,,false
album_sidecar_track:album|musiq soulchild|aijuswanaseing@@2@@2@@@@just friends sunny masters at work dub:album_track_try_harder_no_safe_match:1440921030,apple_music_try_harder_pass_v1,album|musiq soulchild|aijuswanaseing@@2@@2@@@@just friends sunny masters at work dub,album_sidecar_track,track,,Just Friends (Sunny) (Masters At Work Dub),2000,us,album_track_try_harder_no_safe_match,1,9,1440921030,,false
album_sidecar_track:album|musiq soulchild|aijuswanaseing@@2@@3@@@@just friends sunny beat box mix:album_track_try_harder_no_safe_match:1440921030,apple_music_try_harder_pass_v1,album|musiq soulchild|aijuswanaseing@@2@@3@@@@just friends sunny beat box mix,album_sidecar_track,track,,Just Friends (Sunny) (Beat Box Mix),2000,us,album_track_try_harder_no_safe_match,1,0,1440921030,,false
album_sidecar_track:album|musiq soulchild|aijuswanaseing@@2@@4@@@@just friends sunny e smoove s soul revival:album_track_try_harder_no_safe_match:1440921030,apple_music_try_harder_pass_v1,album|musiq soulchild|aijuswanaseing@@2@@4@@@@just friends sunny e smoove s soul revival,album_sidecar_track,track,,Just Friends (Sunny) (E-Smoove's Soul Revival),2000,us,album_track_try_harder_no_safe_match,1,-5,1440921030,,false
album_sidecar_track:album|musiq soulchild|aijuswanaseing@@2@@5@@@@love instrumental:album_track_try_harder_no_safe_match:1440921030,apple_music_try_harder_pass_v1,album|musiq soulchild|aijuswanaseing@@2@@5@@@@love instrumental,album_sidecar_track,track,,Love (Instrumental),2000,us,album_track_try_harder_no_safe_match,1,-5,1440921030,,false
album_sidecar_track:album|musiq soulchild|aijuswanaseing@@2@@6@@@@aimewitue:album_track_try_harder_no_safe_match:1440921030,apple_music_try_harder_pass_v1,album|musiq soulchild|aijuswanaseing@@2@@6@@@@aimewitue,album_sidecar_track,track,,Aimewitue,2000,us,album_track_try_harder_no_safe_match,1,0,1440921030,,false
album_sidecar_track:album|musiq soulchild|aijuswanaseing@@2@@7@@@@ingredients of love:album_track_try_harder_no_safe_match:1440921030,apple_music_try_harder_pass_v1,album|musiq soulchild|aijuswanaseing@@2@@7@@@@ingredients of love,album_sidecar_track,track,,The Ingredients Of Love,2000,us,album_track_try_harder_no_safe_match,1,-5,1440921030,,false
album_sidecar_track:album|n w a|straight outta compton@@1@@10@@@@dopeman remix:album_track_try_harder_no_safe_match:1440816032,apple_music_try_harder_pass_v1,album|n w a|straight outta compton@@1@@10@@@@dopeman remix,album_sidecar_track,track,,Dopeman (remix),1988,us,album_track_try_harder_no_safe_match,12,42,1440816032,,false
album_sidecar_track:album|n w a|straight outta compton@@1@@11@@@@quiet on tha set:album_track_try_harder_no_safe_match:1440816032,apple_music_try_harder_pass_v1,album|n w a|straight outta compton@@1@@11@@@@quiet on tha set,album_sidecar_track,track,,Quiet on tha Set,1988,us,album_track_try_harder_no_safe_match,12,51,1440816032,,false
album_sidecar_track:album|n w a|straight outta compton@@1@@12@@@@something 2 dance 2:album_track_try_harder_no_safe_match:1440816032,apple_music_try_harder_pass_v1,album|n w a|straight outta compton@@1@@12@@@@something 2 dance 2,album_sidecar_track,track,,Something 2 Dance 2,1988,us,album_track_try_harder_no_safe_match,12,51,1440816032,,false
album_sidecar_track:album|n w a|straight outta compton@@1@@2@@@@gangsta gangsta:album_track_try_harder_no_safe_match:1440816032,apple_music_try_harder_pass_v1,album|n w a|straight outta compton@@1@@2@@@@gangsta gangsta,album_sidecar_track,track,,Gangsta Gangsta,1988,us,album_track_try_harder_no_safe_match,12,40,1440816032,,false
album_sidecar_track:album|n w a|straight outta compton@@1@@3@@@@if it ain t ruff:album_track_try_harder_no_safe_match:1440816032,apple_music_try_harder_pass_v1,album|n w a|straight outta compton@@1@@3@@@@if it ain t ruff,album_sidecar_track,track,,If It Ain’t Ruff,1988,us,album_track_try_harder_no_safe_match,12,53,1440816032,,false
album_sidecar_track:album|n w a|straight outta compton@@1@@4@@@@parental discretion iz advised:album_track_try_harder_no_safe_match:1440816032,apple_music_try_harder_pass_v1,album|n w a|straight outta compton@@1@@4@@@@parental discretion iz advised,album_sidecar_track,track,,Parental Discretion Iz Advised,1988,us,album_track_try_harder_no_safe_match,12,52,1440816032,,false
album_sidecar_track:album|n w a|straight outta compton@@1@@5@@@@8 ball remix:album_track_try_harder_no_safe_match:1440816032,apple_music_try_harder_pass_v1,album|n w a|straight outta compton@@1@@5@@@@8 ball remix,album_sidecar_track,track,,8 Ball (remix),1988,us,album_track_try_harder_no_safe_match,12,37,1440816032,,false
album_sidecar_track:album|n w a|straight outta compton@@1@@6@@@@something like that:album_track_try_harder_no_safe_match:1440816032,apple_music_try_harder_pass_v1,album|n w a|straight outta compton@@1@@6@@@@something like that,album_sidecar_track,track,,Something Like That,1988,us,album_track_try_harder_no_safe_match,12,37,1440816032,,false
album_sidecar_track:album|n w a|straight outta compton@@1@@7@@@@express yourself:album_track_try_harder_no_safe_match:1440816032,apple_music_try_harder_pass_v1,album|n w a|straight outta compton@@1@@7@@@@express yourself,album_sidecar_track,track,,Express Yourself,1988,us,album_track_try_harder_no_safe_match,12,51,1440816032,,false
album_sidecar_track:album|n w a|straight outta compton@@1@@8@@@@compton s n house remix:album_track_try_harder_no_safe_match:1440816032,apple_music_try_harder_pass_v1,album|n w a|straight outta compton@@1@@8@@@@compton s n house remix,album_sidecar_track,track,,Compton’s n the House (remix),1988,us,album_track_try_harder_no_safe_match,12,51,1440816032,,false
album_sidecar_track:album|n w a|straight outta compton@@1@@9@@@@i ain t tha 1:album_track_try_harder_no_safe_match:1440816032,apple_music_try_harder_pass_v1,album|n w a|straight outta compton@@1@@9@@@@i ain t tha 1,album_sidecar_track,track,,I Ain’t tha 1,1988,us,album_track_try_harder_no_safe_match,12,51,1440816032,,false
album_sidecar_track:album|napalm death|scum@@1@@19@@@@c s:album_track_try_harder_no_safe_match:310612125,apple_music_try_harder_pass_v1,album|napalm death|scum@@1@@19@@@@c s,album_sidecar_track,track,,C.S.,1987,us,album_track_try_harder_no_safe_match,10,43,310612125,,false
album_sidecar_track:album|napalm death|scum@@1@@26@@@@stigmatised:album_track_try_harder_no_safe_match:310612125,apple_music_try_harder_pass_v1,album|napalm death|scum@@1@@26@@@@stigmatised,album_sidecar_track,track,,Stigmatised,1987,us,album_track_try_harder_no_safe_match,4,43,310612125,,false
album_sidecar_track:album|napalm death|scum@@1@@27@@@@m a d:album_track_try_harder_no_safe_match:310612125,apple_music_try_harder_pass_v1,album|napalm death|scum@@1@@27@@@@m a d,album_sidecar_track,track,,M.A.D.,1987,us,album_track_try_harder_no_safe_match,4,43,310612125,,false
album_sidecar_track:album|nat king cole|christmas song@@1@@1@@@@christmas song:album_track_try_harder_no_safe_match:716169111,apple_music_try_harder_pass_v1,album|nat king cole|christmas song@@1@@1@@@@christmas song,album_sidecar_track,track,,The Christmas Song,1960,us,album_track_try_harder_no_safe_match,20,37,716169111,,false
album_sidecar_track:album|nat king cole|christmas song@@1@@10@@@@away in a manger:album_track_try_harder_no_safe_match:716169111,apple_music_try_harder_pass_v1,album|nat king cole|christmas song@@1@@10@@@@away in a manger,album_sidecar_track,track,,Away in a Manger,1960,us,album_track_try_harder_no_safe_match,20,51,716169111,,false
album_sidecar_track:album|nat king cole|christmas song@@1@@11@@@@joy to world:album_track_try_harder_no_safe_match:716169111,apple_music_try_harder_pass_v1,album|nat king cole|christmas song@@1@@11@@@@joy to world,album_sidecar_track,track,,Joy to the World,1960,us,album_track_try_harder_no_safe_match,20,51,716169111,,false
album_sidecar_track:album|nat king cole|christmas song@@1@@12@@@@first noel:album_track_try_harder_no_safe_match:716169111,apple_music_try_harder_pass_v1,album|nat king cole|christmas song@@1@@12@@@@first noel,album_sidecar_track,track,,The First Noel,1960,us,album_track_try_harder_no_safe_match,20,51,716169111,,false
album_sidecar_track:album|nat king cole|christmas song@@1@@13@@@@caroling caroling:album_track_try_harder_no_safe_match:716169111,apple_music_try_harder_pass_v1,album|nat king cole|christmas song@@1@@13@@@@caroling caroling,album_sidecar_track,track,,"Caroling, Caroling",1960,us,album_track_try_harder_no_safe_match,20,51,716169111,,false
album_sidecar_track:album|nat king cole|christmas song@@1@@14@@@@silent night:album_track_try_harder_no_safe_match:716169111,apple_music_try_harder_pass_v1,album|nat king cole|christmas song@@1@@14@@@@silent night,album_sidecar_track,track,,Silent Night,1960,us,album_track_try_harder_no_safe_match,20,51,716169111,,false
album_sidecar_track:album|nat king cole|christmas song@@1@@2@@@@deck hall:album_track_try_harder_no_safe_match:716169111,apple_music_try_harder_pass_v1,album|nat king cole|christmas song@@1@@2@@@@deck hall,album_sidecar_track,track,,Deck the Hall,1960,us,album_track_try_harder_no_safe_match,20,54,716169111,,false
album_sidecar_track:album|nat king cole|christmas song@@1@@3@@@@adeste fideles:album_track_try_harder_no_safe_match:716169111,apple_music_try_harder_pass_v1,album|nat king cole|christmas song@@1@@3@@@@adeste fideles,album_sidecar_track,track,,Adeste Fideles,1960,us,album_track_try_harder_no_safe_match,20,32,716169111,,false
album_sidecar_track:album|nat king cole|christmas song@@1@@4@@@@o tannenbaum:album_track_try_harder_no_safe_match:716169111,apple_music_try_harder_pass_v1,album|nat king cole|christmas song@@1@@4@@@@o tannenbaum,album_sidecar_track,track,,O Tannenbaum,1960,us,album_track_try_harder_no_safe_match,20,51,716169111,,false
album_sidecar_track:album|nat king cole|christmas song@@1@@5@@@@o little town of bethlehem:album_track_try_harder_no_safe_match:716169111,apple_music_try_harder_pass_v1,album|nat king cole|christmas song@@1@@5@@@@o little town of bethlehem,album_sidecar_track,track,,"O, Little Town of Bethlehem",1960,us,album_track_try_harder_no_safe_match,20,51,716169111,,false
album_sidecar_track:album|nat king cole|christmas song@@1@@6@@@@i saw three ships:album_track_try_harder_no_safe_match:716169111,apple_music_try_harder_pass_v1,album|nat king cole|christmas song@@1@@6@@@@i saw three ships,album_sidecar_track,track,,I Saw Three Ships,1960,us,album_track_try_harder_no_safe_match,20,51,716169111,,false
album_sidecar_track:album|nat king cole|christmas song@@1@@7@@@@o holy night:album_track_try_harder_no_safe_match:716169111,apple_music_try_harder_pass_v1,album|nat king cole|christmas song@@1@@7@@@@o holy night,album_sidecar_track,track,,O Holy Night,1960,us,album_track_try_harder_no_safe_match,20,51,716169111,,false
album_sidecar_track:album|nat king cole|christmas song@@1@@8@@@@hark herald angels sing:album_track_try_harder_no_safe_match:716169111,apple_music_try_harder_pass_v1,album|nat king cole|christmas song@@1@@8@@@@hark herald angels sing,album_sidecar_track,track,,"Hark, the Herald Angels Sing",1960,us,album_track_try_harder_no_safe_match,20,51,716169111,,false
album_sidecar_track:album|nat king cole|christmas song@@1@@9@@@@a cradle in bethlehem:album_track_try_harder_no_safe_match:716169111,apple_music_try_harder_pass_v1,album|nat king cole|christmas song@@1@@9@@@@a cradle in bethlehem,album_sidecar_track,track,,A Cradle in Bethlehem,1960,us,album_track_try_harder_no_safe_match,20,51,716169111,,false
album_sidecar_track:album|nat king cole|unforgettable@@1@@1@@@@darling je vous aime beaucoup:album_track_try_harder_no_safe_match:1444030068,apple_music_try_harder_pass_v1,album|nat king cole|unforgettable@@1@@1@@@@darling je vous aime beaucoup,album_sidecar_track,track,,Darling Je Vous Aime Beaucoup,1954,us,album_track_try_harder_no_safe_match,12,48,1444030068,,false
album_sidecar_track:album|nat king cole|unforgettable@@1@@10@@@@mona lisa:album_track_try_harder_no_safe_match:1444030068,apple_music_try_harder_pass_v1,album|nat king cole|unforgettable@@1@@10@@@@mona lisa,album_sidecar_track,track,,Mona Lisa,1954,us,album_track_try_harder_no_safe_match,12,42,1444030068,,false
album_sidecar_track:album|nat king cole|unforgettable@@1@@11@@@@cuba:album_track_try_harder_no_safe_match:1444030068,apple_music_try_harder_pass_v1,album|nat king cole|unforgettable@@1@@11@@@@cuba,album_sidecar_track,track,,Cuba,1954,us,album_track_try_harder_no_safe_match,12,34,1444030068,,false
album_sidecar_track:album|nat king cole|unforgettable@@1@@12@@@@to end of earth:album_track_try_harder_no_safe_match:1444030068,apple_music_try_harder_pass_v1,album|nat king cole|unforgettable@@1@@12@@@@to end of earth,album_sidecar_track,track,,To the End of the Earth,1954,us,album_track_try_harder_no_safe_match,12,29,1444030068,,false
album_sidecar_track:album|nat king cole|unforgettable@@1@@13@@@@autumn leaves:album_track_try_harder_no_safe_match:1444030068,apple_music_try_harder_pass_v1,album|nat king cole|unforgettable@@1@@13@@@@autumn leaves,album_sidecar_track,track,,Autumn Leaves,1954,us,album_track_try_harder_no_safe_match,12,9,1444030068,,false
album_sidecar_track:album|nat king cole|unforgettable@@1@@14@@@@route 66:album_track_try_harder_no_safe_match:1444030068,apple_music_try_harder_pass_v1,album|nat king cole|unforgettable@@1@@14@@@@route 66,album_sidecar_track,track,,Route 66,1954,us,album_track_try_harder_no_safe_match,12,11,1444030068,,false
album_sidecar_track:album|nat king cole|unforgettable@@1@@15@@@@when you re smiling:album_track_try_harder_no_safe_match:1444030068,apple_music_try_harder_pass_v1,album|nat king cole|unforgettable@@1@@15@@@@when you re smiling,album_sidecar_track,track,,When You're Smiling,1954,us,album_track_try_harder_no_safe_match,12,0,1444030068,,false
album_sidecar_track:album|nat king cole|unforgettable@@1@@16@@@@unforgettable:album_track_try_harder_no_safe_match:1444030068,apple_music_try_harder_pass_v1,album|nat king cole|unforgettable@@1@@16@@@@unforgettable,album_sidecar_track,track,,Unforgettable,1954,us,album_track_try_harder_no_safe_match,12,47,1444030068,,false
album_sidecar_track:album|nat king cole|unforgettable@@1@@2@@@@it s crazy but i m in love:album_track_try_harder_no_safe_match:1444030068,apple_music_try_harder_pass_v1,album|nat king cole|unforgettable@@1@@2@@@@it s crazy but i m in love,album_sidecar_track,track,,It's Crazy but I'm in Love,1954,us,album_track_try_harder_no_safe_match,12,33,1444030068,,false
album_sidecar_track:album|nat king cole|unforgettable@@1@@3@@@@sand and sea:album_track_try_harder_no_safe_match:1444030068,apple_music_try_harder_pass_v1,album|nat king cole|unforgettable@@1@@3@@@@sand and sea,album_sidecar_track,track,,The Sand and the Sea,1954,us,album_track_try_harder_no_safe_match,12,37,1444030068,,false
album_sidecar_track:album|nat king cole|unforgettable@@1@@4@@@@crazy rhythm:album_track_try_harder_no_safe_match:1444030068,apple_music_try_harder_pass_v1,album|nat king cole|unforgettable@@1@@4@@@@crazy rhythm,album_sidecar_track,track,,Crazy Rhythm,1954,us,album_track_try_harder_no_safe_match,12,31,1444030068,,false
album_sidecar_track:album|nat king cole|unforgettable@@1@@5@@@@thou swell:album_track_try_harder_no_safe_match:1444030068,apple_music_try_harder_pass_v1,album|nat king cole|unforgettable@@1@@5@@@@thou swell,album_sidecar_track,track,,Thou Swell,1954,us,album_track_try_harder_no_safe_match,12,30,1444030068,,false
album_sidecar_track:album|nat king cole|unforgettable@@1@@6@@@@end of a beautiful friendship:album_track_try_harder_no_safe_match:1444030068,apple_music_try_harder_pass_v1,album|nat king cole|unforgettable@@1@@6@@@@end of a beautiful friendship,album_sidecar_track,track,,The End of a Beautiful Friendship,1954,us,album_track_try_harder_no_safe_match,12,29,1444030068,,false
album_sidecar_track:album|nat king cole|unforgettable@@1@@7@@@@it s only a paper moon:album_track_try_harder_no_safe_match:1444030068,apple_music_try_harder_pass_v1,album|nat king cole|unforgettable@@1@@7@@@@it s only a paper moon,album_sidecar_track,track,,It's Only a Paper Moon,1954,us,album_track_try_harder_no_safe_match,12,29,1444030068,,false
album_sidecar_track:album|nat king cole|unforgettable@@1@@8@@@@you stepped out of a dream:album_track_try_harder_no_safe_match:1444030068,apple_music_try_harder_pass_v1,album|nat king cole|unforgettable@@1@@8@@@@you stepped out of a dream,album_sidecar_track,track,,You Stepped Out of a Dream,1954,us,album_track_try_harder_no_safe_match,12,29,1444030068,,false
album_sidecar_track:album|nat king cole|unforgettable@@1@@9@@@@somebody loves me:album_track_try_harder_no_safe_match:1444030068,apple_music_try_harder_pass_v1,album|nat king cole|unforgettable@@1@@9@@@@somebody loves me,album_sidecar_track,track,,Somebody Loves Me,1954,us,album_track_try_harder_no_safe_match,12,29,1444030068,,false
album_sidecar_track:album|neil sedaka|neil sedaka sings little devil and his other hits@@1@@4@@@@run samson:album_track_try_harder_no_safe_match:475839326,apple_music_try_harder_pass_v1,album|neil sedaka|neil sedaka sings little devil and his other hits@@1@@4@@@@run samson,album_sidecar_track,track,,Run Samson,1961,us,album_track_try_harder_no_safe_match,9,60,475839326,,false
album_sidecar_track:album|neil sedaka|neil sedaka sings little devil and his other hits@@1@@8@@@@i must be dreaming:album_track_try_harder_no_safe_match:475839326,apple_music_try_harder_pass_v1,album|neil sedaka|neil sedaka sings little devil and his other hits@@1@@8@@@@i must be dreaming,album_sidecar_track,track,,I Must Be Dreaming,1961,us,album_track_try_harder_no_safe_match,6,51,475839326,,false
album_sidecar_track:album|neil sedaka|neil sedaka sings little devil and his other hits@@1@@9@@@@going home to mary lou:album_track_try_harder_no_safe_match:475839326,apple_music_try_harder_pass_v1,album|neil sedaka|neil sedaka sings little devil and his other hits@@1@@9@@@@going home to mary lou,album_sidecar_track,track,,Going Home to Mary Lou,1961,us,album_track_try_harder_no_safe_match,6,51,475839326,,false
album_sidecar_track:album|nelly furtado|loose@@1@@16@@@@te busque spanish version:album_track_try_harder_no_safe_match:1442463545,apple_music_try_harder_pass_v1,album|nelly furtado|loose@@1@@16@@@@te busque spanish version,album_sidecar_track,track,,Te busqué (Spanish version),2006,us,album_track_try_harder_no_safe_match,3,43,1442463545,,false
album_sidecar_track:album|nelly furtado|loose@@1@@4@@@@promiscous:album_track_try_harder_no_safe_match:1442463545,apple_music_try_harder_pass_v1,album|nelly furtado|loose@@1@@4@@@@promiscous,album_sidecar_track,track,,Promiscous,2006,us,album_track_try_harder_no_safe_match,14,45,1442463545,,false
album_sidecar_track:album|nelly|nellyville@@1@@10@@@@work it:album_track_try_harder_no_safe_match:1440769782,apple_music_try_harder_pass_v1,album|nelly|nellyville@@1@@10@@@@work it,album_sidecar_track,track,,Work It,2002,us,album_track_try_harder_no_safe_match,18,34,1440769782,,false
album_sidecar_track:album|nelly|nellyville@@1@@11@@@@roc mic remix:album_track_try_harder_no_safe_match:1440769782,apple_music_try_harder_pass_v1,album|nelly|nellyville@@1@@11@@@@roc mic remix,album_sidecar_track,track,,Roc the Mic (remix),2002,us,album_track_try_harder_no_safe_match,18,29,1440769782,,false
album_sidecar_track:album|nelly|nellyville@@1@@12@@@@gank:album_track_try_harder_no_safe_match:1440769782,apple_music_try_harder_pass_v1,album|nelly|nellyville@@1@@12@@@@gank,album_sidecar_track,track,,The Gank,2002,us,album_track_try_harder_no_safe_match,18,51,1440769782,,false
album_sidecar_track:album|nelly|nellyville@@1@@13@@@@1:album_track_try_harder_no_safe_match:1440769782,apple_music_try_harder_pass_v1,album|nelly|nellyville@@1@@13@@@@1,album_sidecar_track,track,,#1,2002,us,album_track_try_harder_no_safe_match,18,51,1440769782,,false
album_sidecar_track:album|nelly|nellyville@@1@@14@@@@cg 2:album_track_try_harder_no_safe_match:1440769782,apple_music_try_harder_pass_v1,album|nelly|nellyville@@1@@14@@@@cg 2,album_sidecar_track,track,,CG 2,2002,us,album_track_try_harder_no_safe_match,18,34,1440769782,,false
album_sidecar_track:album|nelly|nellyville@@1@@15@@@@say now:album_track_try_harder_no_safe_match:1440769782,apple_music_try_harder_pass_v1,album|nelly|nellyville@@1@@15@@@@say now,album_sidecar_track,track,,Say Now,2002,us,album_track_try_harder_no_safe_match,18,51,1440769782,,false
album_sidecar_track:album|nelly|nellyville@@1@@2@@@@hot in herre:album_track_try_harder_no_safe_match:1440769782,apple_music_try_harder_pass_v1,album|nelly|nellyville@@1@@2@@@@hot in herre,album_sidecar_track,track,,Hot in Herre,2002,us,album_track_try_harder_no_safe_match,18,54,1440769782,,false
album_sidecar_track:album|nelly|nellyville@@1@@3@@@@dem boyz:album_track_try_harder_no_safe_match:1440769782,apple_music_try_harder_pass_v1,album|nelly|nellyville@@1@@3@@@@dem boyz,album_sidecar_track,track,,Dem Boyz,2002,us,album_track_try_harder_no_safe_match,18,35,1440769782,,false
album_sidecar_track:album|nelly|nellyville@@1@@4@@@@oh nelly:album_track_try_harder_no_safe_match:1440769782,apple_music_try_harder_pass_v1,album|nelly|nellyville@@1@@4@@@@oh nelly,album_sidecar_track,track,,Oh Nelly,2002,us,album_track_try_harder_no_safe_match,18,34,1440769782,,false
album_sidecar_track:album|nelly|nellyville@@1@@5@@@@pimp juice:album_track_try_harder_no_safe_match:1440769782,apple_music_try_harder_pass_v1,album|nelly|nellyville@@1@@5@@@@pimp juice,album_sidecar_track,track,,Pimp Juice,2002,us,album_track_try_harder_no_safe_match,18,51,1440769782,,false
album_sidecar_track:album|nelly|nellyville@@1@@6@@@@air force ones:album_track_try_harder_no_safe_match:1440769782,apple_music_try_harder_pass_v1,album|nelly|nellyville@@1@@6@@@@air force ones,album_sidecar_track,track,,Air Force Ones,2002,us,album_track_try_harder_no_safe_match,18,39,1440769782,,false
album_sidecar_track:album|nelly|nellyville@@1@@7@@@@on grind:album_track_try_harder_no_safe_match:1440769782,apple_music_try_harder_pass_v1,album|nelly|nellyville@@1@@7@@@@on grind,album_sidecar_track,track,,On the Grind,2002,us,album_track_try_harder_no_safe_match,18,34,1440769782,,false
album_sidecar_track:album|nelly|nellyville@@1@@8@@@@dilemma:album_track_try_harder_no_safe_match:1440769782,apple_music_try_harder_pass_v1,album|nelly|nellyville@@1@@8@@@@dilemma,album_sidecar_track,track,,Dilemma,2002,us,album_track_try_harder_no_safe_match,18,33,1440769782,,false
album_sidecar_track:album|nelly|nellyville@@1@@9@@@@splurge:album_track_try_harder_no_safe_match:1440769782,apple_music_try_harder_pass_v1,album|nelly|nellyville@@1@@9@@@@splurge,album_sidecar_track,track,,Splurge,2002,us,album_track_try_harder_no_safe_match,18,51,1440769782,,false
album_sidecar_track:album|neutral milk hotel|in the aeroplane over the sea@@1@@1@@@@king of carrot flowers pt one:album_track_try_harder_no_safe_match:1839077554,apple_music_try_harder_pass_v1,album|neutral milk hotel|in the aeroplane over the sea@@1@@1@@@@king of carrot flowers pt one,album_sidecar_track,track,,"The King of Carrot Flowers, Pt. One",1998,us,album_track_try_harder_no_safe_match,11,48,1839077554,,false
album_sidecar_track:album|neutral milk hotel|in the aeroplane over the sea@@1@@11@@@@two headed boy pt two:album_track_try_harder_no_safe_match:1839077554,apple_music_try_harder_pass_v1,album|neutral milk hotel|in the aeroplane over the sea@@1@@11@@@@two headed boy pt two,album_sidecar_track,track,,"Two‐Headed Boy, Pt. Two",1998,us,album_track_try_harder_no_safe_match,3,43,1839077554,,false
album_sidecar_track:album|neutral milk hotel|in the aeroplane over the sea@@1@@2@@@@king of carrot flowers pts two and three:album_track_try_harder_no_safe_match:1839077554,apple_music_try_harder_pass_v1,album|neutral milk hotel|in the aeroplane over the sea@@1@@2@@@@king of carrot flowers pts two and three,album_sidecar_track,track,,"The King of Carrot Flowers, Pts. Two & Three",1998,us,album_track_try_harder_no_safe_match,11,47,1839077554,,false
album_sidecar_track:album|new edition|heart break@@1@@10@@@@competition:album_track_try_harder_no_safe_match:1440651289,apple_music_try_harder_pass_v1,album|new edition|heart break@@1@@10@@@@competition,album_sidecar_track,track,,Competition,1988,us,album_track_try_harder_no_safe_match,11,39,1440651289,,false
album_sidecar_track:album|new edition|heart break@@1@@11@@@@i m comin home:album_track_try_harder_no_safe_match:1440651289,apple_music_try_harder_pass_v1,album|new edition|heart break@@1@@11@@@@i m comin home,album_sidecar_track,track,,I'm Comin' Home,1988,us,album_track_try_harder_no_safe_match,11,51,1440651289,,false
album_sidecar_track:album|new edition|heart break@@1@@12@@@@boys to men:album_track_try_harder_no_safe_match:1440651289,apple_music_try_harder_pass_v1,album|new edition|heart break@@1@@12@@@@boys to men,album_sidecar_track,track,,Boys to Men,1988,us,album_track_try_harder_no_safe_match,11,51,1440651289,,false
album_sidecar_track:album|new edition|heart break@@1@@5@@@@n e heart break:album_track_try_harder_no_safe_match:1440651289,apple_music_try_harder_pass_v1,album|new edition|heart break@@1@@5@@@@n e heart break,album_sidecar_track,track,,N.E. Heart Break,1988,us,album_track_try_harder_no_safe_match,11,37,1440651289,,false
album_sidecar_track:album|new edition|heart break@@1@@6@@@@crucial:album_track_try_harder_no_safe_match:1440651289,apple_music_try_harder_pass_v1,album|new edition|heart break@@1@@6@@@@crucial,album_sidecar_track,track,,Crucial,1988,us,album_track_try_harder_no_safe_match,11,37,1440651289,,false
album_sidecar_track:album|new edition|heart break@@1@@7@@@@you re not my kind of girl:album_track_try_harder_no_safe_match:1440651289,apple_music_try_harder_pass_v1,album|new edition|heart break@@1@@7@@@@you re not my kind of girl,album_sidecar_track,track,,You're Not My Kind of Girl,1988,us,album_track_try_harder_no_safe_match,11,51,1440651289,,false
album_sidecar_track:album|new edition|heart break@@1@@8@@@@superlady:album_track_try_harder_no_safe_match:1440651289,apple_music_try_harder_pass_v1,album|new edition|heart break@@1@@8@@@@superlady,album_sidecar_track,track,,Superlady,1988,us,album_track_try_harder_no_safe_match,11,51,1440651289,,false
album_sidecar_track:album|new edition|heart break@@1@@9@@@@can you stand rain:album_track_try_harder_no_safe_match:1440651289,apple_music_try_harder_pass_v1,album|new edition|heart break@@1@@9@@@@can you stand rain,album_sidecar_track,track,,Can You Stand the Rain,1988,us,album_track_try_harder_no_safe_match,11,51,1440651289,,false
album_sidecar_track:album|new pornographers|twin cinema@@1@@10@@@@broken breads:album_track_try_harder_no_safe_match:1590332004,apple_music_try_harder_pass_v1,album|new pornographers|twin cinema@@1@@10@@@@broken breads,album_sidecar_track,track,,Broken Breads,2005,us,album_track_try_harder_no_safe_match,6,43,1590332004,,false
album_sidecar_track:album|nicki minaj|pink friday@@1@@5@@@@fly:album_track_try_harder_no_safe_match:1440776646,apple_music_try_harder_pass_v1,album|nicki minaj|pink friday@@1@@5@@@@fly,album_sidecar_track,track,,Fly,2010,us,album_track_try_harder_no_safe_match,9,44,1440776646,,false
album_sidecar_track:album|nicki minaj|pinkprint@@1@@17@@@@big daddy:album_track_try_harder_no_safe_match:1440848423,apple_music_try_harder_pass_v1,album|nicki minaj|pinkprint@@1@@17@@@@big daddy,album_sidecar_track,track,,Big Daddy,2014,us,album_track_try_harder_no_safe_match,1,34,1440848423,,false
album_sidecar_track:album|nicki minaj|pinkprint@@1@@18@@@@shanghai:album_track_try_harder_no_safe_match:1440848423,apple_music_try_harder_pass_v1,album|nicki minaj|pinkprint@@1@@18@@@@shanghai,album_sidecar_track,track,,Shanghai,2014,us,album_track_try_harder_no_safe_match,1,9,1440848423,,false
album_sidecar_track:album|nicki minaj|pinkprint@@1@@19@@@@win again:album_track_try_harder_no_safe_match:1440848423,apple_music_try_harder_pass_v1,album|nicki minaj|pinkprint@@1@@19@@@@win again,album_sidecar_track,track,,Win Again,2014,us,album_track_try_harder_no_safe_match,1,-5,1440848423,,false
album_sidecar_track:album|nicky jam|fenix@@1@@23@@@@hasta el amanecer remix:album_track_try_harder_no_safe_match:1189391673,apple_music_try_harder_pass_v1,album|nicky jam|fenix@@1@@23@@@@hasta el amanecer remix,album_sidecar_track,track,,Hasta el amanecer (the remix),2017,us,album_track_try_harder_no_safe_match,4,43,1189391673,,false
album_sidecar_track:album|nicky jam|fenix@@1@@26@@@@with you tonight hasta el amanecer remix:album_track_try_harder_no_safe_match:1189391673,apple_music_try_harder_pass_v1,album|nicky jam|fenix@@1@@26@@@@with you tonight hasta el amanecer remix,album_sidecar_track,track,,With You Tonight (Hasta el amanecer) (remix),2017,us,album_track_try_harder_no_safe_match,2,43,1189391673,,false
album_sidecar_track:album|nightmares on wax|smokers delight@@1@@4@@@@me you:album_track_try_harder_no_safe_match:281088001,apple_music_try_harder_pass_v1,album|nightmares on wax|smokers delight@@1@@4@@@@me you,album_sidecar_track,track,,Me + You,1995,us,album_track_try_harder_no_safe_match,13,45,281088001,,false
album_sidecar_track:album|nightmares on wax|smokers delight@@1@@6@@@@wait a minute prayin for a jeepbeat:album_track_try_harder_no_safe_match:281088001,apple_music_try_harder_pass_v1,album|nightmares on wax|smokers delight@@1@@6@@@@wait a minute prayin for a jeepbeat,album_sidecar_track,track,,Wait a Minute / Prayin’ for a Jeepbeat,1995,us,album_track_try_harder_no_safe_match,12,43,281088001,,false
album_sidecar_track:album|nine inch nails|broken@@2@@1@@@@physical:album_track_try_harder_no_safe_match:1440743805,apple_music_try_harder_pass_v1,album|nine inch nails|broken@@2@@1@@@@physical,album_sidecar_track,track,,Physical,1992,us,album_track_try_harder_no_safe_match,2,33,1440743805,,false
album_sidecar_track:album|nine inch nails|broken@@2@@2@@@@suck:album_track_try_harder_no_safe_match:1440743805,apple_music_try_harder_pass_v1,album|nine inch nails|broken@@2@@2@@@@suck,album_sidecar_track,track,,Suck,1992,us,album_track_try_harder_no_safe_match,2,51,1440743805,,false
album_sidecar_track:album|nirvana|in utero@@1@@4@@@@waif me:album_track_try_harder_no_safe_match:1440858699,apple_music_try_harder_pass_v1,album|nirvana|in utero@@1@@4@@@@waif me,album_sidecar_track,track,,Waif Me,1993,us,album_track_try_harder_no_safe_match,9,45,1440858699,,false
album_sidecar_track:album|nirvana|nevermind@@1@@12@@@@something in way endless nameless:album_track_try_harder_no_safe_match:1440783617,apple_music_try_harder_pass_v1,album|nirvana|nevermind@@1@@12@@@@something in way endless nameless,album_sidecar_track,track,,"Something in the Way / Endless, Nameless",1991,us,album_track_try_harder_no_safe_match,2,53,1440783617,,false
album_sidecar_track:album|north mississippi allstars|shake hands with shorty@@1@@8@@@@station blues:album_track_try_harder_no_safe_match:258067595,apple_music_try_harder_pass_v1,album|north mississippi allstars|shake hands with shorty@@1@@8@@@@station blues,album_sidecar_track,track,,Station Blues,2000,us,album_track_try_harder_no_safe_match,3,43,258067595,,false
album_sidecar_track:album|notorious b i g|life after death@@1@@11@@@@niggas bleed:album_track_try_harder_no_safe_match:906888433,apple_music_try_harder_pass_v1,album|notorious b i g|life after death@@1@@11@@@@niggas bleed,album_sidecar_track,track,,Niggas Bleed,1997,us,album_track_try_harder_no_safe_match,14,43,906888433,,false
album_sidecar_track:album|notorious b i g|life after death@@2@@1@@@@notorious thugs:album_track_try_harder_no_safe_match:906888433,apple_music_try_harder_pass_v1,album|notorious b i g|life after death@@2@@1@@@@notorious thugs,album_sidecar_track,track,,Notorious Thugs,1997,us,album_track_try_harder_no_safe_match,13,51,906888433,,false
album_sidecar_track:album|notorious b i g|life after death@@2@@10@@@@my downfall:album_track_try_harder_no_safe_match:906888433,apple_music_try_harder_pass_v1,album|notorious b i g|life after death@@2@@10@@@@my downfall,album_sidecar_track,track,,My Downfall,1997,us,album_track_try_harder_no_safe_match,13,33,906888433,,false
album_sidecar_track:album|notorious b i g|life after death@@2@@11@@@@long kiss goodnight:album_track_try_harder_no_safe_match:906888433,apple_music_try_harder_pass_v1,album|notorious b i g|life after death@@2@@11@@@@long kiss goodnight,album_sidecar_track,track,,Long Kiss Goodnight,1997,us,album_track_try_harder_no_safe_match,13,51,906888433,,false
album_sidecar_track:album|notorious b i g|life after death@@2@@12@@@@you re nobody til somebody kills you:album_track_try_harder_no_safe_match:906888433,apple_music_try_harder_pass_v1,album|notorious b i g|life after death@@2@@12@@@@you re nobody til somebody kills you,album_sidecar_track,track,,You’re Nobody (Til Somebody Kills You),1997,us,album_track_try_harder_no_safe_match,13,51,906888433,,false
album_sidecar_track:album|notorious b i g|life after death@@2@@2@@@@miss u:album_track_try_harder_no_safe_match:906888433,apple_music_try_harder_pass_v1,album|notorious b i g|life after death@@2@@2@@@@miss u,album_sidecar_track,track,,Miss U,1997,us,album_track_try_harder_no_safe_match,13,51,906888433,,false
album_sidecar_track:album|notorious b i g|life after death@@2@@3@@@@another:album_track_try_harder_no_safe_match:906888433,apple_music_try_harder_pass_v1,album|notorious b i g|life after death@@2@@3@@@@another,album_sidecar_track,track,,Another,1997,us,album_track_try_harder_no_safe_match,13,33,906888433,,false
album_sidecar_track:album|notorious b i g|life after death@@2@@4@@@@going back to cali:album_track_try_harder_no_safe_match:906888433,apple_music_try_harder_pass_v1,album|notorious b i g|life after death@@2@@4@@@@going back to cali,album_sidecar_track,track,,Going Back to Cali,1997,us,album_track_try_harder_no_safe_match,13,51,906888433,,false
album_sidecar_track:album|notorious b i g|life after death@@2@@5@@@@ten crack commandments:album_track_try_harder_no_safe_match:906888433,apple_music_try_harder_pass_v1,album|notorious b i g|life after death@@2@@5@@@@ten crack commandments,album_sidecar_track,track,,Ten Crack Commandments,1997,us,album_track_try_harder_no_safe_match,13,51,906888433,,false
album_sidecar_track:album|notorious b i g|life after death@@2@@6@@@@playa hater:album_track_try_harder_no_safe_match:906888433,apple_music_try_harder_pass_v1,album|notorious b i g|life after death@@2@@6@@@@playa hater,album_sidecar_track,track,,Playa Hater,1997,us,album_track_try_harder_no_safe_match,13,51,906888433,,false
album_sidecar_track:album|notorious b i g|life after death@@2@@7@@@@nasty boy:album_track_try_harder_no_safe_match:906888433,apple_music_try_harder_pass_v1,album|notorious b i g|life after death@@2@@7@@@@nasty boy,album_sidecar_track,track,,Nasty Boy,1997,us,album_track_try_harder_no_safe_match,13,51,906888433,,false
album_sidecar_track:album|notorious b i g|life after death@@2@@8@@@@sky s limit:album_track_try_harder_no_safe_match:906888433,apple_music_try_harder_pass_v1,album|notorious b i g|life after death@@2@@8@@@@sky s limit,album_sidecar_track,track,,Sky’s the Limit,1997,us,album_track_try_harder_no_safe_match,13,33,906888433,,false
album_sidecar_track:album|notorious b i g|life after death@@2@@9@@@@world is filled:album_track_try_harder_no_safe_match:906888433,apple_music_try_harder_pass_v1,album|notorious b i g|life after death@@2@@9@@@@world is filled,album_sidecar_track,track,,The World Is Filled…,1997,us,album_track_try_harder_no_safe_match,13,33,906888433,,false
album_sidecar_track:album|notorious b i g|ready to die@@1@@8@@@@fuck me interlude:album_track_try_harder_no_safe_match:204669326,apple_music_try_harder_pass_v1,album|notorious b i g|ready to die@@1@@8@@@@fuck me interlude,album_sidecar_track,track,,Fuck Me (interlude),1994,us,album_track_try_harder_no_safe_match,12,43,204669326,,false
album_sidecar_track:album|nujabes|modal soul@@1@@4@@@@luv sic part 3:album_track_try_harder_no_safe_match:1078914477,apple_music_try_harder_pass_v1,album|nujabes|modal soul@@1@@4@@@@luv sic part 3,album_sidecar_track,track,,"Luv (sic.), Part 3",2005,us,album_track_try_harder_no_safe_match,11,45,1078914477,,false
album_sidecar_track:album|nusrat fateh ali khan|mustt mustt@@1@@11@@@@mustt mustt massive attack remix:album_track_try_harder_no_safe_match:1653379088,apple_music_try_harder_pass_v1,album|nusrat fateh ali khan|mustt mustt@@1@@11@@@@mustt mustt massive attack remix,album_sidecar_track,track,,Mustt Mustt (Massive Attack remix),1990,us,album_track_try_harder_no_safe_match,2,43,1653379088,,false
album_sidecar_track:album|nusrat fateh ali khan|mustt mustt@@1@@2@@@@nothing without you tery bina:album_track_try_harder_no_safe_match:1653379088,apple_music_try_harder_pass_v1,album|nusrat fateh ali khan|mustt mustt@@1@@2@@@@nothing without you tery bina,album_sidecar_track,track,,Nothing Without You (Tery Bina),1990,us,album_track_try_harder_no_safe_match,10,47,1653379088,,false
album_sidecar_track:album|nuyorican soul|nuyorican soul@@1@@8@@@@habriendo el dominante:album_track_try_harder_no_safe_match:1443545227,apple_music_try_harder_pass_v1,album|nuyorican soul|nuyorican soul@@1@@8@@@@habriendo el dominante,album_sidecar_track,track,,Habriendo el dominante,1997,us,album_track_try_harder_no_safe_match,7,43,1443545227,,false
album_sidecar_track:album|o c|word life@@1@@6@@@@point o viewz:album_track_try_harder_no_safe_match:1565381875,apple_music_try_harder_pass_v1,album|o c|word life@@1@@6@@@@point o viewz,album_sidecar_track,track,,Point o Viewz,1994,us,album_track_try_harder_no_safe_match,9,43,1565381875,,false
album_sidecar_track:album|obituary|slowly we rot@@1@@11@@@@bloodsoaked:album_track_try_harder_no_safe_match:214477843,apple_music_try_harder_pass_v1,album|obituary|slowly we rot@@1@@11@@@@bloodsoaked,album_sidecar_track,track,,Bloodsoaked,1989,us,album_track_try_harder_no_safe_match,4,43,214477843,,false
album_sidecar_track:album|offspring|smash@@1@@1@@@@bad habit:album_track_try_harder_no_safe_match:1485034772,apple_music_try_harder_pass_v1,album|offspring|smash@@1@@1@@@@bad habit,album_sidecar_track,track,,Bad Habit,1994,us,album_track_try_harder_no_safe_match,14,54,1485034772,,false
album_sidecar_track:album|offspring|smash@@1@@10@@@@it ll be a long time:album_track_try_harder_no_safe_match:1485034772,apple_music_try_harder_pass_v1,album|offspring|smash@@1@@10@@@@it ll be a long time,album_sidecar_track,track,,It'll Be a Long Time,1994,us,album_track_try_harder_no_safe_match,13,51,1485034772,,false
album_sidecar_track:album|offspring|smash@@1@@12@@@@come out and play keep em seperated:album_track_try_harder_no_safe_match:1485034772,apple_music_try_harder_pass_v1,album|offspring|smash@@1@@12@@@@come out and play keep em seperated,album_sidecar_track,track,,Come Out and Play (Keep 'Em Seperated),1994,us,album_track_try_harder_no_safe_match,12,29,1485034772,,false
album_sidecar_track:album|offspring|smash@@1@@13@@@@get it right:album_track_try_harder_no_safe_match:1485034772,apple_music_try_harder_pass_v1,album|offspring|smash@@1@@13@@@@get it right,album_sidecar_track,track,,Get It Right,1994,us,album_track_try_harder_no_safe_match,12,43,1485034772,,false
album_sidecar_track:album|offspring|smash@@1@@14@@@@nitro youth energy:album_track_try_harder_no_safe_match:1485034772,apple_music_try_harder_pass_v1,album|offspring|smash@@1@@14@@@@nitro youth energy,album_sidecar_track,track,,Nitro (Youth Energy),1994,us,album_track_try_harder_no_safe_match,12,55,1485034772,,false
album_sidecar_track:album|offspring|smash@@1@@15@@@@undone sweater song:album_track_try_harder_no_safe_match:1485034772,apple_music_try_harder_pass_v1,album|offspring|smash@@1@@15@@@@undone sweater song,album_sidecar_track,track,,Undone (The Sweater Song),1994,us,album_track_try_harder_no_safe_match,12,5,1485034772,,false
album_sidecar_track:album|offspring|smash@@1@@16@@@@basket case:album_track_try_harder_no_safe_match:1485034772,apple_music_try_harder_pass_v1,album|offspring|smash@@1@@16@@@@basket case,album_sidecar_track,track,,Basket Case,1994,us,album_track_try_harder_no_safe_match,12,10,1485034772,,false
album_sidecar_track:album|offspring|smash@@1@@17@@@@self esteem:album_track_try_harder_no_safe_match:1485034772,apple_music_try_harder_pass_v1,album|offspring|smash@@1@@17@@@@self esteem,album_sidecar_track,track,,Self Esteem,1994,us,album_track_try_harder_no_safe_match,12,37,1485034772,,false
album_sidecar_track:album|offspring|smash@@1@@18@@@@smash:album_track_try_harder_no_safe_match:1485034772,apple_music_try_harder_pass_v1,album|offspring|smash@@1@@18@@@@smash,album_sidecar_track,track,,Smash,1994,us,album_track_try_harder_no_safe_match,12,37,1485034772,,false
album_sidecar_track:album|offspring|smash@@1@@19@@@@session:album_track_try_harder_no_safe_match:1485034772,apple_music_try_harder_pass_v1,album|offspring|smash@@1@@19@@@@session,album_sidecar_track,track,,Session,1994,us,album_track_try_harder_no_safe_match,12,9,1485034772,,false
album_sidecar_track:album|offspring|smash@@1@@2@@@@get it right:album_track_try_harder_no_safe_match:1485034772,apple_music_try_harder_pass_v1,album|offspring|smash@@1@@2@@@@get it right,album_sidecar_track,track,,Get It Right,1994,us,album_track_try_harder_no_safe_match,14,33,1485034772,,false
album_sidecar_track:album|offspring|smash@@1@@20@@@@smash it up:album_track_try_harder_no_safe_match:1485034772,apple_music_try_harder_pass_v1,album|offspring|smash@@1@@20@@@@smash it up,album_sidecar_track,track,,Smash It Up,1994,us,album_track_try_harder_no_safe_match,12,19,1485034772,,false
album_sidecar_track:album|offspring|smash@@1@@3@@@@killboy powerhead:album_track_try_harder_no_safe_match:1485034772,apple_music_try_harder_pass_v1,album|offspring|smash@@1@@3@@@@killboy powerhead,album_sidecar_track,track,,Killboy Powerhead,1994,us,album_track_try_harder_no_safe_match,14,47,1485034772,,false
album_sidecar_track:album|offspring|smash@@1@@4@@@@burn it up:album_track_try_harder_no_safe_match:1485034772,apple_music_try_harder_pass_v1,album|offspring|smash@@1@@4@@@@burn it up,album_sidecar_track,track,,Burn It Up,1994,us,album_track_try_harder_no_safe_match,14,31,1485034772,,false
album_sidecar_track:album|offspring|smash@@1@@6@@@@gotta get away:album_track_try_harder_no_safe_match:1485034772,apple_music_try_harder_pass_v1,album|offspring|smash@@1@@6@@@@gotta get away,album_sidecar_track,track,,Gotta Get Away,1994,us,album_track_try_harder_no_safe_match,13,49,1485034772,,false
album_sidecar_track:album|offspring|smash@@1@@7@@@@dirty magic:album_track_try_harder_no_safe_match:1485034772,apple_music_try_harder_pass_v1,album|offspring|smash@@1@@7@@@@dirty magic,album_sidecar_track,track,,Dirty Magic,1994,us,album_track_try_harder_no_safe_match,13,34,1485034772,,false
album_sidecar_track:album|offspring|smash@@1@@8@@@@kick him when he s down:album_track_try_harder_no_safe_match:1485034772,apple_music_try_harder_pass_v1,album|offspring|smash@@1@@8@@@@kick him when he s down,album_sidecar_track,track,,Kick Him When He's Down,1994,us,album_track_try_harder_no_safe_match,13,29,1485034772,,false
album_sidecar_track:album|offspring|smash@@1@@9@@@@so alone:album_track_try_harder_no_safe_match:1485034772,apple_music_try_harder_pass_v1,album|offspring|smash@@1@@9@@@@so alone,album_sidecar_track,track,,So Alone,1994,us,album_track_try_harder_no_safe_match,13,47,1485034772,,false
album_sidecar_track:album|old 97 s|fight songs@@1@@10@@@@nineteen:album_track_try_harder_no_safe_match:357814708,apple_music_try_harder_pass_v1,album|old 97 s|fight songs@@1@@10@@@@nineteen,album_sidecar_track,track,,Nineteen,1999,us,album_track_try_harder_no_safe_match,4,43,357814708,,false
album_sidecar_track:album|old 97 s|fight songs@@1@@6@@@@crash on barrelhead:album_track_try_harder_no_safe_match:357814708,apple_music_try_harder_pass_v1,album|old 97 s|fight songs@@1@@6@@@@crash on barrelhead,album_sidecar_track,track,,Crash on the Barrelhead,1999,us,album_track_try_harder_no_safe_match,7,43,357814708,,false
album_sidecar_track:album|onerepublic|dreaming out loud@@1@@13@@@@apologize timbaland remix:album_track_try_harder_no_safe_match:1440889649,apple_music_try_harder_pass_v1,album|onerepublic|dreaming out loud@@1@@13@@@@apologize timbaland remix,album_sidecar_track,track,,Apologize (Timbaland remix),2007,us,album_track_try_harder_no_safe_match,1,43,1440889649,,false
album_sidecar_track:album|onerepublic|native@@1@@10@@@@something i need:album_track_try_harder_no_safe_match:1440854614,apple_music_try_harder_pass_v1,album|onerepublic|native@@1@@10@@@@something i need,album_sidecar_track,track,,Something I Need,2013,us,album_track_try_harder_no_safe_match,14,51,1440854614,,false
album_sidecar_track:album|onerepublic|native@@1@@11@@@@preacher:album_track_try_harder_no_safe_match:1440854614,apple_music_try_harder_pass_v1,album|onerepublic|native@@1@@11@@@@preacher,album_sidecar_track,track,,Preacher,2013,us,album_track_try_harder_no_safe_match,14,51,1440854614,,false
album_sidecar_track:album|onerepublic|native@@1@@12@@@@don t look down:album_track_try_harder_no_safe_match:1440854614,apple_music_try_harder_pass_v1,album|onerepublic|native@@1@@12@@@@don t look down,album_sidecar_track,track,,Don't Look Down,2013,us,album_track_try_harder_no_safe_match,14,51,1440854614,,false
album_sidecar_track:album|onerepublic|native@@1@@13@@@@something s gotta give:album_track_try_harder_no_safe_match:1440854614,apple_music_try_harder_pass_v1,album|onerepublic|native@@1@@13@@@@something s gotta give,album_sidecar_track,track,,Something's Gotta Give,2013,us,album_track_try_harder_no_safe_match,14,29,1440854614,,false
album_sidecar_track:album|onerepublic|native@@1@@15@@@@if i lose myself acoustic:album_track_try_harder_no_safe_match:1440854614,apple_music_try_harder_pass_v1,album|onerepublic|native@@1@@15@@@@if i lose myself acoustic,album_sidecar_track,track,,If I Lose Myself (acoustic),2013,us,album_track_try_harder_no_safe_match,13,34,1440854614,,false
album_sidecar_track:album|onerepublic|native@@1@@16@@@@what you wanted acoustic:album_track_try_harder_no_safe_match:1440854614,apple_music_try_harder_pass_v1,album|onerepublic|native@@1@@16@@@@what you wanted acoustic,album_sidecar_track,track,,What You Wanted (acoustic),2013,us,album_track_try_harder_no_safe_match,13,20,1440854614,,false
album_sidecar_track:album|onerepublic|native@@1@@17@@@@burning bridges acoustic:album_track_try_harder_no_safe_match:1440854614,apple_music_try_harder_pass_v1,album|onerepublic|native@@1@@17@@@@burning bridges acoustic,album_sidecar_track,track,,Burning Bridges (acoustic),2013,us,album_track_try_harder_no_safe_match,13,24,1440854614,,false
album_sidecar_track:album|onerepublic|native@@1@@2@@@@if i lose myself:album_track_try_harder_no_safe_match:1440854614,apple_music_try_harder_pass_v1,album|onerepublic|native@@1@@2@@@@if i lose myself,album_sidecar_track,track,,If I Lose Myself,2013,us,album_track_try_harder_no_safe_match,14,54,1440854614,,false
album_sidecar_track:album|onerepublic|native@@1@@3@@@@feel again:album_track_try_harder_no_safe_match:1440854614,apple_music_try_harder_pass_v1,album|onerepublic|native@@1@@3@@@@feel again,album_sidecar_track,track,,Feel Again,2013,us,album_track_try_harder_no_safe_match,14,53,1440854614,,false
album_sidecar_track:album|onerepublic|native@@1@@4@@@@what you wanted:album_track_try_harder_no_safe_match:1440854614,apple_music_try_harder_pass_v1,album|onerepublic|native@@1@@4@@@@what you wanted,album_sidecar_track,track,,What You Wanted,2013,us,album_track_try_harder_no_safe_match,14,52,1440854614,,false
album_sidecar_track:album|onerepublic|native@@1@@5@@@@i lived:album_track_try_harder_no_safe_match:1440854614,apple_music_try_harder_pass_v1,album|onerepublic|native@@1@@5@@@@i lived,album_sidecar_track,track,,I Lived,2013,us,album_track_try_harder_no_safe_match,14,51,1440854614,,false
album_sidecar_track:album|onerepublic|native@@1@@6@@@@light it up:album_track_try_harder_no_safe_match:1440854614,apple_music_try_harder_pass_v1,album|onerepublic|native@@1@@6@@@@light it up,album_sidecar_track,track,,Light It Up,2013,us,album_track_try_harder_no_safe_match,14,51,1440854614,,false
album_sidecar_track:album|onerepublic|native@@1@@7@@@@can t stop:album_track_try_harder_no_safe_match:1440854614,apple_music_try_harder_pass_v1,album|onerepublic|native@@1@@7@@@@can t stop,album_sidecar_track,track,,Can’t Stop,2013,us,album_track_try_harder_no_safe_match,14,51,1440854614,,false
album_sidecar_track:album|onerepublic|native@@1@@8@@@@au revoir:album_track_try_harder_no_safe_match:1440854614,apple_music_try_harder_pass_v1,album|onerepublic|native@@1@@8@@@@au revoir,album_sidecar_track,track,,Au Revoir,2013,us,album_track_try_harder_no_safe_match,14,51,1440854614,,false
album_sidecar_track:album|onerepublic|native@@1@@9@@@@burning bridges:album_track_try_harder_no_safe_match:1440854614,apple_music_try_harder_pass_v1,album|onerepublic|native@@1@@9@@@@burning bridges,album_sidecar_track,track,,Burning Bridges,2013,us,album_track_try_harder_no_safe_match,14,51,1440854614,,false
album_sidecar_track:album|onyx|bacdafucup@@1@@10@@@@nigga bridges:album_track_try_harder_no_safe_match:1440911103,apple_music_try_harder_pass_v1,album|onyx|bacdafucup@@1@@10@@@@nigga bridges,album_sidecar_track,track,,Nigga Bridges,1993,us,album_track_try_harder_no_safe_match,10,43,1440911103,,false
album_sidecar_track:album|onyx|bacdafucup@@1@@15@@@@shifftee:album_track_try_harder_no_safe_match:1440911103,apple_music_try_harder_pass_v1,album|onyx|bacdafucup@@1@@15@@@@shifftee,album_sidecar_track,track,,Shifftee,1993,us,album_track_try_harder_no_safe_match,6,43,1440911103,,false
album_sidecar_track:album|onyx|bacdafucup@@1@@9@@@@da bounca nigga:album_track_try_harder_no_safe_match:1440911103,apple_music_try_harder_pass_v1,album|onyx|bacdafucup@@1@@9@@@@da bounca nigga,album_sidecar_track,track,,Da Bounca Nigga,1993,us,album_track_try_harder_no_safe_match,10,43,1440911103,,false
album_sidecar_track:album|orchestral manoeuvres in the dark|organisation@@1@@10@@@@promise:album_track_try_harder_no_safe_match:714776809,apple_music_try_harder_pass_v1,album|orchestral manoeuvres in the dark|organisation@@1@@10@@@@promise,album_sidecar_track,track,,Promise,1980,us,album_track_try_harder_no_safe_match,10,51,714776809,,false
album_sidecar_track:album|orchestral manoeuvres in the dark|organisation@@1@@11@@@@stanlow:album_track_try_harder_no_safe_match:714776809,apple_music_try_harder_pass_v1,album|orchestral manoeuvres in the dark|organisation@@1@@11@@@@stanlow,album_sidecar_track,track,,Stanlow,1980,us,album_track_try_harder_no_safe_match,10,51,714776809,,false
album_sidecar_track:album|orchestral manoeuvres in the dark|organisation@@1@@12@@@@introducing radios:album_track_try_harder_no_safe_match:714776809,apple_music_try_harder_pass_v1,album|orchestral manoeuvres in the dark|organisation@@1@@12@@@@introducing radios,album_sidecar_track,track,,Introducing Radios,1980,us,album_track_try_harder_no_safe_match,10,29,714776809,,false
album_sidecar_track:album|orchestral manoeuvres in the dark|organisation@@1@@13@@@@distance fades between us:album_track_try_harder_no_safe_match:714776809,apple_music_try_harder_pass_v1,album|orchestral manoeuvres in the dark|organisation@@1@@13@@@@distance fades between us,album_sidecar_track,track,,Distance Fades Between Us,1980,us,album_track_try_harder_no_safe_match,10,51,714776809,,false
album_sidecar_track:album|orchestral manoeuvres in the dark|organisation@@1@@6@@@@progress:album_track_try_harder_no_safe_match:714776809,apple_music_try_harder_pass_v1,album|orchestral manoeuvres in the dark|organisation@@1@@6@@@@progress,album_sidecar_track,track,,Progress,1980,us,album_track_try_harder_no_safe_match,10,51,714776809,,false
album_sidecar_track:album|orchestral manoeuvres in the dark|organisation@@1@@7@@@@once when i was six:album_track_try_harder_no_safe_match:714776809,apple_music_try_harder_pass_v1,album|orchestral manoeuvres in the dark|organisation@@1@@7@@@@once when i was six,album_sidecar_track,track,,Once When I Was Six,1980,us,album_track_try_harder_no_safe_match,10,51,714776809,,false
album_sidecar_track:album|orchestral manoeuvres in the dark|organisation@@1@@8@@@@misunderstanding:album_track_try_harder_no_safe_match:714776809,apple_music_try_harder_pass_v1,album|orchestral manoeuvres in the dark|organisation@@1@@8@@@@misunderstanding,album_sidecar_track,track,,The Misunderstanding,1980,us,album_track_try_harder_no_safe_match,10,51,714776809,,false
album_sidecar_track:album|orchestral manoeuvres in the dark|organisation@@1@@9@@@@more i see you:album_track_try_harder_no_safe_match:714776809,apple_music_try_harder_pass_v1,album|orchestral manoeuvres in the dark|organisation@@1@@9@@@@more i see you,album_sidecar_track,track,,The More I See You,1980,us,album_track_try_harder_no_safe_match,10,51,714776809,,false
album_sidecar_track:album|otis redding|otis blue@@1@@3@@@@a change is gonna come:album_track_try_harder_no_safe_match:922351495,apple_music_try_harder_pass_v1,album|otis redding|otis blue@@1@@3@@@@a change is gonna come,album_sidecar_track,track,,A Change Is Gonna Come,1965,us,album_track_try_harder_no_safe_match,9,42,922351495,,false
album_sidecar_track:album|outkast|aquemini@@1@@10@@@@da art of storytellin part 2:album_track_try_harder_no_safe_match:266365274,apple_music_try_harder_pass_v1,album|outkast|aquemini@@1@@10@@@@da art of storytellin part 2,album_sidecar_track,track,,"Da Art of Storytellin’, Part 2",1998,us,album_track_try_harder_no_safe_match,8,43,266365274,,false
album_sidecar_track:album|outkast|aquemini@@1@@9@@@@da art of storytellin part 1:album_track_try_harder_no_safe_match:266365274,apple_music_try_harder_pass_v1,album|outkast|aquemini@@1@@9@@@@da art of storytellin part 1,album_sidecar_track,track,,"Da Art of Storytellin’, Part 1",1998,us,album_track_try_harder_no_safe_match,8,43,266365274,,false
album_sidecar_track:album|outkast|stankonia@@1@@10@@@@i ll call before i come:album_track_try_harder_no_safe_match:255836651,apple_music_try_harder_pass_v1,album|outkast|stankonia@@1@@10@@@@i ll call before i come,album_sidecar_track,track,,I’ll Call Before I Come,2000,us,album_track_try_harder_no_safe_match,15,43,255836651,,false
album_sidecar_track:album|outkast|stankonia@@1@@20@@@@gangsta shit:album_track_try_harder_no_safe_match:255836651,apple_music_try_harder_pass_v1,album|outkast|stankonia@@1@@20@@@@gangsta shit,album_sidecar_track,track,,Gangsta Shit,2000,us,album_track_try_harder_no_safe_match,6,43,255836651,,false
album_sidecar_track:album|overkill|years of decay@@1@@5@@@@playing with spiders skullkrusher:album_track_try_harder_no_safe_match:358595407,apple_music_try_harder_pass_v1,album|overkill|years of decay@@1@@5@@@@playing with spiders skullkrusher,album_sidecar_track,track,,Playing With Spiders / Skullkrusher,1989,us,album_track_try_harder_no_safe_match,5,44,358595407,,false
album_sidecar_track:album|pantera|vulgar display of power@@1@@4@@@@fucking hostile:album_track_try_harder_no_safe_match:1049189134,apple_music_try_harder_pass_v1,album|pantera|vulgar display of power@@1@@4@@@@fucking hostile,album_sidecar_track,track,,Fucking Hostile,1992,us,album_track_try_harder_no_safe_match,8,45,1049189134,,false
album_sidecar_track:album|papa roach|infest@@1@@11@@@@thrown away tightrope:album_track_try_harder_no_safe_match:1450006102,apple_music_try_harder_pass_v1,album|papa roach|infest@@1@@11@@@@thrown away tightrope,album_sidecar_track,track,,Thrown Away / Tightrope,2000,us,album_track_try_harder_no_safe_match,4,43,1450006102,,false
album_sidecar_track:album|papa roach|infest@@1@@6@@@@legacy:album_track_try_harder_no_safe_match:1450006102,apple_music_try_harder_pass_v1,album|papa roach|infest@@1@@6@@@@legacy,album_sidecar_track,track,,Legacy,2000,us,album_track_try_harder_no_safe_match,8,51,1450006102,,false
album_sidecar_track:album|parkway drive|horizons@@1@@2@@@@sirens song:album_track_try_harder_no_safe_match:1485043733,apple_music_try_harder_pass_v1,album|parkway drive|horizons@@1@@2@@@@sirens song,album_sidecar_track,track,,The Sirens’ Song,2007,us,album_track_try_harder_no_safe_match,11,47,1485043733,,false
album_sidecar_track:album|paul anka|paul anka sings his big 15@@1@@10@@@@all of sudden my heart sings:album_track_try_harder_no_safe_match:1664605287,apple_music_try_harder_pass_v1,album|paul anka|paul anka sings his big 15@@1@@10@@@@all of sudden my heart sings,album_sidecar_track,track,,(All of Sudden) My Heart Sings,1960,us,album_track_try_harder_no_safe_match,6,43,1664605287,,false
album_sidecar_track:album|pearl jam|ten@@1@@12@@@@master slave:album_track_try_harder_no_safe_match:425465247,apple_music_try_harder_pass_v1,album|pearl jam|ten@@1@@12@@@@master slave,album_sidecar_track,track,,Master/Slave,1991,us,album_track_try_harder_no_safe_match,0,0,425465247,,false
album_sidecar_track:album|pearl jam|vitalogy@@1@@12@@@@aye davanita:album_track_try_harder_no_safe_match:1777937276,apple_music_try_harder_pass_v1,album|pearl jam|vitalogy@@1@@12@@@@aye davanita,album_sidecar_track,track,,Aye Davanita,1994,us,album_track_try_harder_no_safe_match,3,43,1777937276,,false
album_sidecar_track:album|perfume|game@@1@@1@@@@:album_track_try_harder_no_safe_match:1442861394,apple_music_try_harder_pass_v1,album|perfume|game@@1@@1@@@@,album_sidecar_track,track,,ポリリズム,2008,us,album_track_try_harder_no_safe_match,12,48,1442861394,,false
album_sidecar_track:album|perfume|game@@1@@5@@@@:album_track_try_harder_no_safe_match:1442861394,apple_music_try_harder_pass_v1,album|perfume|game@@1@@5@@@@,album_sidecar_track,track,,チョコレイト・ディスコ,2008,us,album_track_try_harder_no_safe_match,9,44,1442861394,,false
album_sidecar_track:album|perfume|game@@1@@6@@@@:album_track_try_harder_no_safe_match:1442861394,apple_music_try_harder_pass_v1,album|perfume|game@@1@@6@@@@,album_sidecar_track,track,,マカロニ,2008,us,album_track_try_harder_no_safe_match,9,43,1442861394,,false
album_sidecar_track:album|perfume|game@@1@@7@@@@:album_track_try_harder_no_safe_match:1442861394,apple_music_try_harder_pass_v1,album|perfume|game@@1@@7@@@@,album_sidecar_track,track,,セラミックガール,2008,us,album_track_try_harder_no_safe_match,9,43,1442861394,,false
album_sidecar_track:album|perfume|game@@1@@9@@@@:album_track_try_harder_no_safe_match:1442861394,apple_music_try_harder_pass_v1,album|perfume|game@@1@@9@@@@,album_sidecar_track,track,,シークレットシークレット,2008,us,album_track_try_harder_no_safe_match,8,43,1442861394,,false
album_sidecar_track:album|pet shop boys|please@@1@@6@@@@opportunities reprise:album_track_try_harder_no_safe_match:1645128742,apple_music_try_harder_pass_v1,album|pet shop boys|please@@1@@6@@@@opportunities reprise,album_sidecar_track,track,,Opportunities (reprise),1986,us,album_track_try_harder_no_safe_match,6,43,1645128742,,false
album_sidecar_track:album|peter frampton|frampton comes alive@@1@@5@@@@lines on my face:album_track_try_harder_no_safe_match:1737516352,apple_music_try_harder_pass_v1,album|peter frampton|frampton comes alive@@1@@5@@@@lines on my face,album_sidecar_track,track,,Lines on My Face,1976,us,album_track_try_harder_no_safe_match,10,33,1737516352,,false
album_sidecar_track:album|peter frampton|frampton comes alive@@1@@6@@@@do you feel like we do:album_track_try_harder_no_safe_match:1737516352,apple_music_try_harder_pass_v1,album|peter frampton|frampton comes alive@@1@@6@@@@do you feel like we do,album_sidecar_track,track,,Do You Feel Like We Do,1976,us,album_track_try_harder_no_safe_match,10,33,1737516352,,false
album_sidecar_track:album|peter frampton|frampton comes alive@@2@@1@@@@all i want to be is by your side:album_track_try_harder_no_safe_match:1737516352,apple_music_try_harder_pass_v1,album|peter frampton|frampton comes alive@@2@@1@@@@all i want to be is by your side,album_sidecar_track,track,,All I Want to Be (Is by Your Side),1976,us,album_track_try_harder_no_safe_match,10,34,1737516352,,false
album_sidecar_track:album|peter frampton|frampton comes alive@@2@@2@@@@wind of change:album_track_try_harder_no_safe_match:1737516352,apple_music_try_harder_pass_v1,album|peter frampton|frampton comes alive@@2@@2@@@@wind of change,album_sidecar_track,track,,Wind of Change,1976,us,album_track_try_harder_no_safe_match,10,33,1737516352,,false
album_sidecar_track:album|peter frampton|frampton comes alive@@2@@3@@@@baby i love your way:album_track_try_harder_no_safe_match:1737516352,apple_music_try_harder_pass_v1,album|peter frampton|frampton comes alive@@2@@3@@@@baby i love your way,album_sidecar_track,track,,"Baby, I Love Your Way",1976,us,album_track_try_harder_no_safe_match,10,29,1737516352,,false
album_sidecar_track:album|peter frampton|frampton comes alive@@2@@4@@@@i wanna go to sun:album_track_try_harder_no_safe_match:1737516352,apple_music_try_harder_pass_v1,album|peter frampton|frampton comes alive@@2@@4@@@@i wanna go to sun,album_sidecar_track,track,,I Wanna Go to the Sun,1976,us,album_track_try_harder_no_safe_match,10,29,1737516352,,false
album_sidecar_track:album|peter frampton|frampton comes alive@@2@@5@@@@penny for your thoughts:album_track_try_harder_no_safe_match:1737516352,apple_music_try_harder_pass_v1,album|peter frampton|frampton comes alive@@2@@5@@@@penny for your thoughts,album_sidecar_track,track,,Penny for Your Thoughts,1976,us,album_track_try_harder_no_safe_match,10,33,1737516352,,false
album_sidecar_track:album|peter frampton|frampton comes alive@@2@@6@@@@i ll give you money:album_track_try_harder_no_safe_match:1737516352,apple_music_try_harder_pass_v1,album|peter frampton|frampton comes alive@@2@@6@@@@i ll give you money,album_sidecar_track,track,,(I’ll Give You) Money,1976,us,album_track_try_harder_no_safe_match,10,29,1737516352,,false
album_sidecar_track:album|peter frampton|frampton comes alive@@2@@7@@@@shine on:album_track_try_harder_no_safe_match:1737516352,apple_music_try_harder_pass_v1,album|peter frampton|frampton comes alive@@2@@7@@@@shine on,album_sidecar_track,track,,Shine On,1976,us,album_track_try_harder_no_safe_match,10,29,1737516352,,false
album_sidecar_track:album|peter frampton|frampton comes alive@@2@@8@@@@jumping jack flash:album_track_try_harder_no_safe_match:1737516352,apple_music_try_harder_pass_v1,album|peter frampton|frampton comes alive@@2@@8@@@@jumping jack flash,album_sidecar_track,track,,Jumping Jack Flash,1976,us,album_track_try_harder_no_safe_match,10,29,1737516352,,false
album_sidecar_track:album|pharcyde|bizarre ride ii the pharcyde@@1@@12@@@@passing me by:album_track_try_harder_no_safe_match:1440913414,apple_music_try_harder_pass_v1,album|pharcyde|bizarre ride ii the pharcyde@@1@@12@@@@passing me by,album_sidecar_track,track,,Passing Me By,1992,us,album_track_try_harder_no_safe_match,7,43,1440913414,,false
album_sidecar_track:album|pharcyde|bizarre ride ii the pharcyde@@1@@3@@@@it s jigaboo time skit:album_track_try_harder_no_safe_match:1440913414,apple_music_try_harder_pass_v1,album|pharcyde|bizarre ride ii the pharcyde@@1@@3@@@@it s jigaboo time skit,album_sidecar_track,track,,It’s Jigaboo Time (skit),1992,us,album_track_try_harder_no_safe_match,14,46,1440913414,,false
album_sidecar_track:album|pharcyde|bizarre ride ii the pharcyde@@1@@5@@@@i m that type of nigga:album_track_try_harder_no_safe_match:1440913414,apple_music_try_harder_pass_v1,album|pharcyde|bizarre ride ii the pharcyde@@1@@5@@@@i m that type of nigga,album_sidecar_track,track,,I’m That Type of Nigga,1992,us,album_track_try_harder_no_safe_match,13,44,1440913414,,false
album_sidecar_track:album|phoenix|wolfgang amadeus phoenix@@1@@4@@@@love like a sunset part i:album_track_try_harder_no_safe_match:1771710012,apple_music_try_harder_pass_v1,album|phoenix|wolfgang amadeus phoenix@@1@@4@@@@love like a sunset part i,album_sidecar_track,track,,"Love Like a Sunset, Part I",2009,us,album_track_try_harder_no_safe_match,7,45,1771710012,,false
album_sidecar_track:album|phoenix|wolfgang amadeus phoenix@@1@@5@@@@love like a sunset part ii:album_track_try_harder_no_safe_match:1771710012,apple_music_try_harder_pass_v1,album|phoenix|wolfgang amadeus phoenix@@1@@5@@@@love like a sunset part ii,album_sidecar_track,track,,"Love Like a Sunset, Part II",2009,us,album_track_try_harder_no_safe_match,7,44,1771710012,,false
album_sidecar_track:album|pink floyd|piper at the gates of dawn@@1@@1@@@@see emily play:album_track_try_harder_no_safe_match:1065975041,apple_music_try_harder_pass_v1,album|pink floyd|piper at the gates of dawn@@1@@1@@@@see emily play,album_sidecar_track,track,,See Emily Play,1967,us,album_track_try_harder_no_safe_match,11,34,1065975041,,false
album_sidecar_track:album|pink floyd|piper at the gates of dawn@@1@@2@@@@pow r toc h:album_track_try_harder_no_safe_match:1065975041,apple_music_try_harder_pass_v1,album|pink floyd|piper at the gates of dawn@@1@@2@@@@pow r toc h,album_sidecar_track,track,,Pow R. Toc H.,1967,us,album_track_try_harder_no_safe_match,11,52,1065975041,,false
album_sidecar_track:album|pink floyd|piper at the gates of dawn@@1@@3@@@@take up thy stethoscope and walk:album_track_try_harder_no_safe_match:1065975041,apple_music_try_harder_pass_v1,album|pink floyd|piper at the gates of dawn@@1@@3@@@@take up thy stethoscope and walk,album_sidecar_track,track,,Take Up Thy Stethoscope and Walk,1967,us,album_track_try_harder_no_safe_match,11,51,1065975041,,false
album_sidecar_track:album|pink floyd|piper at the gates of dawn@@1@@4@@@@lucifer sam:album_track_try_harder_no_safe_match:1065975041,apple_music_try_harder_pass_v1,album|pink floyd|piper at the gates of dawn@@1@@4@@@@lucifer sam,album_sidecar_track,track,,Lucifer Sam,1967,us,album_track_try_harder_no_safe_match,11,55,1065975041,,false
album_sidecar_track:album|pink floyd|piper at the gates of dawn@@1@@5@@@@matilda mother:album_track_try_harder_no_safe_match:1065975041,apple_music_try_harder_pass_v1,album|pink floyd|piper at the gates of dawn@@1@@5@@@@matilda mother,album_sidecar_track,track,,Matilda Mother,1967,us,album_track_try_harder_no_safe_match,11,54,1065975041,,false
album_sidecar_track:album|pink floyd|piper at the gates of dawn@@1@@6@@@@scarecrow:album_track_try_harder_no_safe_match:1065975041,apple_music_try_harder_pass_v1,album|pink floyd|piper at the gates of dawn@@1@@6@@@@scarecrow,album_sidecar_track,track,,The Scarecrow,1967,us,album_track_try_harder_no_safe_match,11,51,1065975041,,false
album_sidecar_track:album|pink floyd|piper at the gates of dawn@@1@@7@@@@gnome:album_track_try_harder_no_safe_match:1065975041,apple_music_try_harder_pass_v1,album|pink floyd|piper at the gates of dawn@@1@@7@@@@gnome,album_sidecar_track,track,,The Gnome,1967,us,album_track_try_harder_no_safe_match,11,51,1065975041,,false
album_sidecar_track:album|pink floyd|piper at the gates of dawn@@1@@8@@@@chapter 24:album_track_try_harder_no_safe_match:1065975041,apple_music_try_harder_pass_v1,album|pink floyd|piper at the gates of dawn@@1@@8@@@@chapter 24,album_sidecar_track,track,,Chapter 24,1967,us,album_track_try_harder_no_safe_match,11,47,1065975041,,false
album_sidecar_track:album|pink floyd|piper at the gates of dawn@@1@@9@@@@interstellar overdrive:album_track_try_harder_no_safe_match:1065975041,apple_music_try_harder_pass_v1,album|pink floyd|piper at the gates of dawn@@1@@9@@@@interstellar overdrive,album_sidecar_track,track,,Interstellar Overdrive,1967,us,album_track_try_harder_no_safe_match,11,51,1065975041,,false
album_sidecar_track:album|pink floyd|wall@@1@@12@@@@another brick in wall part 3:album_track_try_harder_no_safe_match:1065975633,apple_music_try_harder_pass_v1,album|pink floyd|wall@@1@@12@@@@another brick in wall part 3,album_sidecar_track,track,,"Another Brick in the Wall, Part 3",1979,us,album_track_try_harder_no_safe_match,17,43,1065975633,,false
album_sidecar_track:album|pink floyd|wall@@1@@3@@@@another brick in wall part 1:album_track_try_harder_no_safe_match:1065975633,apple_music_try_harder_pass_v1,album|pink floyd|wall@@1@@3@@@@another brick in wall part 1,album_sidecar_track,track,,"Another Brick in the Wall, Part 1",1979,us,album_track_try_harder_no_safe_match,24,46,1065975633,,false
album_sidecar_track:album|pink floyd|wall@@1@@5@@@@another brick in wall part 2:album_track_try_harder_no_safe_match:1065975633,apple_music_try_harder_pass_v1,album|pink floyd|wall@@1@@5@@@@another brick in wall part 2,album_sidecar_track,track,,"Another Brick in the Wall, Part 2",1979,us,album_track_try_harder_no_safe_match,23,44,1065975633,,false
album_sidecar_track:album|pink floyd|wish you were here@@1@@1@@@@shine on you crazy diamond parts i v:album_track_try_harder_no_safe_match:1065973975,apple_music_try_harder_pass_v1,album|pink floyd|wish you were here@@1@@1@@@@shine on you crazy diamond parts i v,album_sidecar_track,track,,"Shine On You Crazy Diamond, Parts I–V",1975,us,album_track_try_harder_no_safe_match,5,48,1065973975,,false
album_sidecar_track:album|pink floyd|wish you were here@@1@@5@@@@shine on you crazy diamond parts vi ix:album_track_try_harder_no_safe_match:1065973975,apple_music_try_harder_pass_v1,album|pink floyd|wish you were here@@1@@5@@@@shine on you crazy diamond parts vi ix,album_sidecar_track,track,,"Shine On You Crazy Diamond, Parts VI–IX",1975,us,album_track_try_harder_no_safe_match,2,44,1065973975,,false
album_sidecar_track:album|pj harvey|rid of me@@1@@4@@@@rub til it bleeds:album_track_try_harder_no_safe_match:1440923277,apple_music_try_harder_pass_v1,album|pj harvey|rid of me@@1@@4@@@@rub til it bleeds,album_sidecar_track,track,,Rub ’Til It Bleeds,1993,us,album_track_try_harder_no_safe_match,11,45,1440923277,,false
album_sidecar_track:album|plastikman|sheet one@@1@@10@@@@smak:album_track_try_harder_no_safe_match:1506648948,apple_music_try_harder_pass_v1,album|plastikman|sheet one@@1@@10@@@@smak,album_sidecar_track,track,,Smak,1993,us,album_track_try_harder_no_safe_match,7,33,1506648948,,false
album_sidecar_track:album|plastikman|sheet one@@1@@11@@@@ovokx:album_track_try_harder_no_safe_match:1506648948,apple_music_try_harder_pass_v1,album|plastikman|sheet one@@1@@11@@@@ovokx,album_sidecar_track,track,,Ovokx,1993,us,album_track_try_harder_no_safe_match,7,47,1506648948,,false
album_sidecar_track:album|plastikman|sheet one@@1@@4@@@@okx:album_track_try_harder_no_safe_match:1506648948,apple_music_try_harder_pass_v1,album|plastikman|sheet one@@1@@4@@@@okx,album_sidecar_track,track,,Okx,1993,us,album_track_try_harder_no_safe_match,7,31,1506648948,,false
album_sidecar_track:album|plastikman|sheet one@@1@@5@@@@helikopter:album_track_try_harder_no_safe_match:1506648948,apple_music_try_harder_pass_v1,album|plastikman|sheet one@@1@@5@@@@helikopter,album_sidecar_track,track,,Helikopter,1993,us,album_track_try_harder_no_safe_match,7,49,1506648948,,false
album_sidecar_track:album|plastikman|sheet one@@1@@6@@@@glob:album_track_try_harder_no_safe_match:1506648948,apple_music_try_harder_pass_v1,album|plastikman|sheet one@@1@@6@@@@glob,album_sidecar_track,track,,Glob,1993,us,album_track_try_harder_no_safe_match,7,48,1506648948,,false
album_sidecar_track:album|plastikman|sheet one@@1@@7@@@@plasticine:album_track_try_harder_no_safe_match:1506648948,apple_music_try_harder_pass_v1,album|plastikman|sheet one@@1@@7@@@@plasticine,album_sidecar_track,track,,Plasticine,1993,us,album_track_try_harder_no_safe_match,7,47,1506648948,,false
album_sidecar_track:album|plastikman|sheet one@@1@@8@@@@koma:album_track_try_harder_no_safe_match:1506648948,apple_music_try_harder_pass_v1,album|plastikman|sheet one@@1@@8@@@@koma,album_sidecar_track,track,,Koma,1993,us,album_track_try_harder_no_safe_match,7,43,1506648948,,false
album_sidecar_track:album|plastikman|sheet one@@1@@9@@@@vokx:album_track_try_harder_no_safe_match:1506648948,apple_music_try_harder_pass_v1,album|plastikman|sheet one@@1@@9@@@@vokx,album_sidecar_track,track,,Vokx,1993,us,album_track_try_harder_no_safe_match,7,33,1506648948,,false
album_sidecar_track:album|platters|platters@@1@@1@@@@twilight time:album_track_try_harder_no_safe_match:1444149308,apple_music_try_harder_pass_v1,album|platters|platters@@1@@1@@@@twilight time,album_sidecar_track,track,,Twilight Time,1956,us,album_track_try_harder_no_safe_match,12,48,1444149308,,false
album_sidecar_track:album|platters|platters@@1@@10@@@@smoke gets in your eyes:album_track_try_harder_no_safe_match:1444149308,apple_music_try_harder_pass_v1,album|platters|platters@@1@@10@@@@smoke gets in your eyes,album_sidecar_track,track,,Smoke Gets in Your Eyes,1956,us,album_track_try_harder_no_safe_match,12,43,1444149308,,false
album_sidecar_track:album|platters|platters@@1@@11@@@@my prayer:album_track_try_harder_no_safe_match:1444149308,apple_music_try_harder_pass_v1,album|platters|platters@@1@@11@@@@my prayer,album_sidecar_track,track,,My Prayer,1956,us,album_track_try_harder_no_safe_match,12,56,1444149308,,false
album_sidecar_track:album|platters|platters@@1@@12@@@@enchanted:album_track_try_harder_no_safe_match:1444149308,apple_music_try_harder_pass_v1,album|platters|platters@@1@@12@@@@enchanted,album_sidecar_track,track,,Enchanted,1956,us,album_track_try_harder_no_safe_match,12,39,1444149308,,false
album_sidecar_track:album|platters|platters@@1@@13@@@@magic touch:album_track_try_harder_no_safe_match:1444149308,apple_music_try_harder_pass_v1,album|platters|platters@@1@@13@@@@magic touch,album_sidecar_track,track,,The Magic Touch,1956,us,album_track_try_harder_no_safe_match,12,12,1444149308,,false
album_sidecar_track:album|platters|platters@@1@@14@@@@ebb tide:album_track_try_harder_no_safe_match:1444149308,apple_music_try_harder_pass_v1,album|platters|platters@@1@@14@@@@ebb tide,album_sidecar_track,track,,Ebb Tide,1956,us,album_track_try_harder_no_safe_match,12,12,1444149308,,false
album_sidecar_track:album|platters|platters@@1@@15@@@@you ll never know:album_track_try_harder_no_safe_match:1444149308,apple_music_try_harder_pass_v1,album|platters|platters@@1@@15@@@@you ll never know,album_sidecar_track,track,,You'll Never Know,1956,us,album_track_try_harder_no_safe_match,12,10,1444149308,,false
album_sidecar_track:album|platters|platters@@1@@16@@@@remember when:album_track_try_harder_no_safe_match:1444149308,apple_music_try_harder_pass_v1,album|platters|platters@@1@@16@@@@remember when,album_sidecar_track,track,,Remember When,1956,us,album_track_try_harder_no_safe_match,12,41,1444149308,,false
album_sidecar_track:album|platters|platters@@1@@17@@@@i m just a dancing partner:album_track_try_harder_no_safe_match:1444149308,apple_music_try_harder_pass_v1,album|platters|platters@@1@@17@@@@i m just a dancing partner,album_sidecar_track,track,,I'm Just a Dancing Partner,1956,us,album_track_try_harder_no_safe_match,12,3,1444149308,,false
album_sidecar_track:album|platters|platters@@1@@18@@@@trees:album_track_try_harder_no_safe_match:1444149308,apple_music_try_harder_pass_v1,album|platters|platters@@1@@18@@@@trees,album_sidecar_track,track,,Trees,1956,us,album_track_try_harder_no_safe_match,12,12,1444149308,,false
album_sidecar_track:album|platters|platters@@1@@19@@@@i ll never smile again:album_track_try_harder_no_safe_match:1444149308,apple_music_try_harder_pass_v1,album|platters|platters@@1@@19@@@@i ll never smile again,album_sidecar_track,track,,I'll Never Smile Again,1956,us,album_track_try_harder_no_safe_match,12,11,1444149308,,false
album_sidecar_track:album|platters|platters@@1@@2@@@@great pretender:album_track_try_harder_no_safe_match:1444149308,apple_music_try_harder_pass_v1,album|platters|platters@@1@@2@@@@great pretender,album_sidecar_track,track,,The Great Pretender,1956,us,album_track_try_harder_no_safe_match,12,38,1444149308,,false
album_sidecar_track:album|platters|platters@@1@@20@@@@one in a million:album_track_try_harder_no_safe_match:1444149308,apple_music_try_harder_pass_v1,album|platters|platters@@1@@20@@@@one in a million,album_sidecar_track,track,,One in a Million,1956,us,album_track_try_harder_no_safe_match,12,14,1444149308,,false
album_sidecar_track:album|platters|platters@@1@@3@@@@only you:album_track_try_harder_no_safe_match:1444149308,apple_music_try_harder_pass_v1,album|platters|platters@@1@@3@@@@only you,album_sidecar_track,track,,Only You,1956,us,album_track_try_harder_no_safe_match,12,42,1444149308,,false
album_sidecar_track:album|platters|platters@@1@@4@@@@harbor lights:album_track_try_harder_no_safe_match:1444149308,apple_music_try_harder_pass_v1,album|platters|platters@@1@@4@@@@harbor lights,album_sidecar_track,track,,Harbor Lights,1956,us,album_track_try_harder_no_safe_match,12,36,1444149308,,false
album_sidecar_track:album|platters|platters@@1@@5@@@@to each his own:album_track_try_harder_no_safe_match:1444149308,apple_music_try_harder_pass_v1,album|platters|platters@@1@@5@@@@to each his own,album_sidecar_track,track,,To Each His Own,1956,us,album_track_try_harder_no_safe_match,12,44,1444149308,,false
album_sidecar_track:album|platters|platters@@1@@6@@@@come prima:album_track_try_harder_no_safe_match:1444149308,apple_music_try_harder_pass_v1,album|platters|platters@@1@@6@@@@come prima,album_sidecar_track,track,,Come Prima,1956,us,album_track_try_harder_no_safe_match,12,29,1444149308,,false
album_sidecar_track:album|platters|platters@@1@@7@@@@heaven on earth:album_track_try_harder_no_safe_match:1444149308,apple_music_try_harder_pass_v1,album|platters|platters@@1@@7@@@@heaven on earth,album_sidecar_track,track,,Heaven on Earth,1956,us,album_track_try_harder_no_safe_match,12,51,1444149308,,false
album_sidecar_track:album|platters|platters@@1@@8@@@@if i didn t care:album_track_try_harder_no_safe_match:1444149308,apple_music_try_harder_pass_v1,album|platters|platters@@1@@8@@@@if i didn t care,album_sidecar_track,track,,If I Didn't Care,1956,us,album_track_try_harder_no_safe_match,12,34,1444149308,,false
album_sidecar_track:album|platters|platters@@1@@9@@@@red sails in sunset:album_track_try_harder_no_safe_match:1444149308,apple_music_try_harder_pass_v1,album|platters|platters@@1@@9@@@@red sails in sunset,album_sidecar_track,track,,Red Sails in the Sunset,1956,us,album_track_try_harder_no_safe_match,12,34,1444149308,,false
album_sidecar_track:album|playboi carti|die lit@@1@@18@@@@r i p fredo notice me:album_track_try_harder_no_safe_match:1381553184,apple_music_try_harder_pass_v1,album|playboi carti|die lit@@1@@18@@@@r i p fredo notice me,album_sidecar_track,track,,R.I.P. Fredo (Notice Me),2018,us,album_track_try_harder_no_safe_match,2,43,1381553184,,false
album_sidecar_track:album|playboi carti|die lit@@1@@19@@@@top:album_track_try_harder_no_safe_match:1381553184,apple_music_try_harder_pass_v1,album|playboi carti|die lit@@1@@19@@@@top,album_sidecar_track,track,,Top,2018,us,album_track_try_harder_no_safe_match,2,43,1381553184,,false
album_sidecar_track:album|plimsouls|everywhere at once@@1@@8@@@@my life isn t easy:album_track_try_harder_no_safe_match:1444223628,apple_music_try_harder_pass_v1,album|plimsouls|everywhere at once@@1@@8@@@@my life isn t easy,album_sidecar_track,track,,My Life Isn’t Easy,1983,us,album_track_try_harder_no_safe_match,5,43,1444223628,,false
album_sidecar_track:album|police|reggatta de blanc@@2@@1@@@@walking on moon:album_track_try_harder_no_safe_match:1440744161,apple_music_try_harder_pass_v1,album|police|reggatta de blanc@@2@@1@@@@walking on moon,album_sidecar_track,track,,Walking on the Moon,1979,us,album_track_try_harder_no_safe_match,6,47,1440744161,,false
album_sidecar_track:album|police|reggatta de blanc@@2@@2@@@@on any other day:album_track_try_harder_no_safe_match:1440744161,apple_music_try_harder_pass_v1,album|police|reggatta de blanc@@2@@2@@@@on any other day,album_sidecar_track,track,,On Any Other Day,1979,us,album_track_try_harder_no_safe_match,6,47,1440744161,,false
album_sidecar_track:album|police|reggatta de blanc@@2@@3@@@@bed s too big without you:album_track_try_harder_no_safe_match:1440744161,apple_music_try_harder_pass_v1,album|police|reggatta de blanc@@2@@3@@@@bed s too big without you,album_sidecar_track,track,,The Bed’s Too Big Without You,1979,us,album_track_try_harder_no_safe_match,6,47,1440744161,,false
album_sidecar_track:album|police|reggatta de blanc@@2@@4@@@@contact:album_track_try_harder_no_safe_match:1440744161,apple_music_try_harder_pass_v1,album|police|reggatta de blanc@@2@@4@@@@contact,album_sidecar_track,track,,Contact,1979,us,album_track_try_harder_no_safe_match,6,47,1440744161,,false
album_sidecar_track:album|police|reggatta de blanc@@2@@5@@@@does everyone stare:album_track_try_harder_no_safe_match:1440744161,apple_music_try_harder_pass_v1,album|police|reggatta de blanc@@2@@5@@@@does everyone stare,album_sidecar_track,track,,Does Everyone Stare,1979,us,album_track_try_harder_no_safe_match,6,47,1440744161,,false
album_sidecar_track:album|police|reggatta de blanc@@2@@6@@@@no time this time:album_track_try_harder_no_safe_match:1440744161,apple_music_try_harder_pass_v1,album|police|reggatta de blanc@@2@@6@@@@no time this time,album_sidecar_track,track,,No Time This Time,1979,us,album_track_try_harder_no_safe_match,6,47,1440744161,,false
album_sidecar_track:album|postal service|give up@@2@@1@@@@there s never enough time:album_track_try_harder_no_safe_match:597936899,apple_music_try_harder_pass_v1,album|postal service|give up@@2@@1@@@@there s never enough time,album_sidecar_track,track,,There’s Never Enough Time,2003,us,album_track_try_harder_no_safe_match,15,51,597936899,,false
album_sidecar_track:album|postal service|give up@@2@@2@@@@we will become silhouettes:album_track_try_harder_no_safe_match:597936899,apple_music_try_harder_pass_v1,album|postal service|give up@@2@@2@@@@we will become silhouettes,album_sidecar_track,track,,We Will Become Silhouettes,2003,us,album_track_try_harder_no_safe_match,15,51,597936899,,false
album_sidecar_track:album|postal service|give up@@2@@3@@@@such great heights:album_track_try_harder_no_safe_match:597936899,apple_music_try_harder_pass_v1,album|postal service|give up@@2@@3@@@@such great heights,album_sidecar_track,track,,Such Great Heights,2003,us,album_track_try_harder_no_safe_match,15,47,597936899,,false
album_sidecar_track:album|postal service|give up@@2@@4@@@@suddenly everything has changed:album_track_try_harder_no_safe_match:597936899,apple_music_try_harder_pass_v1,album|postal service|give up@@2@@4@@@@suddenly everything has changed,album_sidecar_track,track,,Suddenly Everything Has Changed,2003,us,album_track_try_harder_no_safe_match,15,51,597936899,,false
album_sidecar_track:album|postal service|give up@@2@@5@@@@district sleeps alone tonight dj downfall persistent beat mix:album_track_try_harder_no_safe_match:597936899,apple_music_try_harder_pass_v1,album|postal service|give up@@2@@5@@@@district sleeps alone tonight dj downfall persistent beat mix,album_sidecar_track,track,,The District Sleeps Alone Tonight (DJ Downfall Persistent Beat mix),2003,us,album_track_try_harder_no_safe_match,15,51,597936899,,false
album_sidecar_track:album|postal service|give up@@2@@6@@@@such great heights john tejada remix:album_track_try_harder_no_safe_match:597936899,apple_music_try_harder_pass_v1,album|postal service|give up@@2@@6@@@@such great heights john tejada remix,album_sidecar_track,track,,Such Great Heights (John Tejada remix),2003,us,album_track_try_harder_no_safe_match,15,51,597936899,,false
album_sidecar_track:album|postal service|give up@@2@@7@@@@nothing better styrofoam remix:album_track_try_harder_no_safe_match:597936899,apple_music_try_harder_pass_v1,album|postal service|give up@@2@@7@@@@nothing better styrofoam remix,album_sidecar_track,track,,Nothing Better (Styrofoam remix),2003,us,album_track_try_harder_no_safe_match,15,51,597936899,,false
album_sidecar_track:album|procol harum|shine on brightly@@1@@7@@@@in held twas in i glimpses of nirvana twas teatime at circus in autumn of my madness look to your soul grand finale:album_track_try_harder_no_safe_match:1615624112,apple_music_try_harder_pass_v1,album|procol harum|shine on brightly@@1@@7@@@@in held twas in i glimpses of nirvana twas teatime at circus in autumn of my madness look to your soul grand finale,album_sidecar_track,track,,In Held ’Twas in I: Glimpses of Nirvana – ’Twas Teatime at the Circus – In the Autumn of My Madness – Look to Your Soul – Grand Finale,1968,us,album_track_try_harder_no_safe_match,5,29,1615624112,,false
album_sidecar_track:album|public enemy|fear of a black planet@@1@@18@@@@war at 331 3:album_track_try_harder_no_safe_match:1440837282,apple_music_try_harder_pass_v1,album|public enemy|fear of a black planet@@1@@18@@@@war at 331 3,album_sidecar_track,track,,War at 33⅓,1990,us,album_track_try_harder_no_safe_match,5,43,1440837282,,false
album_sidecar_track:album|public enemy|fear of a black planet@@1@@8@@@@anti nigger machine:album_track_try_harder_no_safe_match:1440837282,apple_music_try_harder_pass_v1,album|public enemy|fear of a black planet@@1@@8@@@@anti nigger machine,album_sidecar_track,track,,Anti‐Nigger Machine,1990,us,album_track_try_harder_no_safe_match,13,29,1440837282,,false
album_sidecar_track:album|public enemy|fear of a black planet@@1@@9@@@@burn hollywood burn:album_track_try_harder_no_safe_match:1440837282,apple_music_try_harder_pass_v1,album|public enemy|fear of a black planet@@1@@9@@@@burn hollywood burn,album_sidecar_track,track,,Burn Hollywood Burn,1990,us,album_track_try_harder_no_safe_match,13,58,1440837282,,false
album_sidecar_track:album|pussycat dolls|pcd@@1@@7@@@@hot stuff i want you back:album_track_try_harder_no_safe_match:1440762224,apple_music_try_harder_pass_v1,album|pussycat dolls|pcd@@1@@7@@@@hot stuff i want you back,album_sidecar_track,track,,Hot Stuff (I Want You Back),2005,us,album_track_try_harder_no_safe_match,6,43,1440762224,,false
album_sidecar_track:album|quasimoto|unseen@@1@@13@@@@mhbs:album_track_try_harder_no_safe_match:209084862,apple_music_try_harder_pass_v1,album|quasimoto|unseen@@1@@13@@@@mhbs,album_sidecar_track,track,,MHBs,2000,us,album_track_try_harder_no_safe_match,15,39,209084862,,false
album_sidecar_track:album|quasimoto|unseen@@1@@20@@@@phony game:album_track_try_harder_no_safe_match:209084862,apple_music_try_harder_pass_v1,album|quasimoto|unseen@@1@@20@@@@phony game,album_sidecar_track,track,,Phony Game,2000,us,album_track_try_harder_no_safe_match,9,34,209084862,,false
album_sidecar_track:album|quasimoto|unseen@@1@@22@@@@blitz:album_track_try_harder_no_safe_match:209084862,apple_music_try_harder_pass_v1,album|quasimoto|unseen@@1@@22@@@@blitz,album_sidecar_track,track,,Blitz,2000,us,album_track_try_harder_no_safe_match,8,51,209084862,,false
album_sidecar_track:album|quasimoto|unseen@@1@@23@@@@axe puzzles:album_track_try_harder_no_safe_match:209084862,apple_music_try_harder_pass_v1,album|quasimoto|unseen@@1@@23@@@@axe puzzles,album_sidecar_track,track,,Axe Puzzles,2000,us,album_track_try_harder_no_safe_match,8,51,209084862,,false
album_sidecar_track:album|quasimoto|unseen@@1@@24@@@@discipline 99 pt 1:album_track_try_harder_no_safe_match:209084862,apple_music_try_harder_pass_v1,album|quasimoto|unseen@@1@@24@@@@discipline 99 pt 1,album_sidecar_track,track,,"Discipline 99, Pt. 1",2000,us,album_track_try_harder_no_safe_match,8,37,209084862,,false
album_sidecar_track:album|quasimoto|unseen@@1@@25@@@@come on feet 12 version:album_track_try_harder_no_safe_match:209084862,apple_music_try_harder_pass_v1,album|quasimoto|unseen@@1@@25@@@@come on feet 12 version,album_sidecar_track,track,,Come On Feet (12” Version),2000,us,album_track_try_harder_no_safe_match,8,9,209084862,,false
album_sidecar_track:album|quasimoto|unseen@@1@@7@@@@low class conspiracy:album_track_try_harder_no_safe_match:209084862,apple_music_try_harder_pass_v1,album|quasimoto|unseen@@1@@7@@@@low class conspiracy,album_sidecar_track,track,,Low Class Conspiracy,2000,us,album_track_try_harder_no_safe_match,18,51,209084862,,false
album_sidecar_track:album|quasimoto|unseen@@1@@8@@@@return of loop digga:album_track_try_harder_no_safe_match:209084862,apple_music_try_harder_pass_v1,album|quasimoto|unseen@@1@@8@@@@return of loop digga,album_sidecar_track,track,,Return of the Loop Digga,2000,us,album_track_try_harder_no_safe_match,18,29,209084862,,false
album_sidecar_track:album|quasimoto|unseen@@1@@9@@@@real eyes:album_track_try_harder_no_safe_match:209084862,apple_music_try_harder_pass_v1,album|quasimoto|unseen@@1@@9@@@@real eyes,album_sidecar_track,track,,Real Eyes,2000,us,album_track_try_harder_no_safe_match,18,42,209084862,,false
album_sidecar_track:album|queens of the stone age|songs for the deaf@@1@@1@@@@you think i ain t worth a dollar but i feel like a millionaire:album_track_try_harder_no_safe_match:1440759826,apple_music_try_harder_pass_v1,album|queens of the stone age|songs for the deaf@@1@@1@@@@you think i ain t worth a dollar but i feel like a millionaire,album_sidecar_track,track,,"You Think I Ain’t Worth a Dollar, but I Feel Like a Millionaire",2002,us,album_track_try_harder_no_safe_match,15,55,1440759826,,false
album_sidecar_track:album|queens of the stone age|songs for the deaf@@1@@10@@@@do it again:album_track_try_harder_no_safe_match:1440759826,apple_music_try_harder_pass_v1,album|queens of the stone age|songs for the deaf@@1@@10@@@@do it again,album_sidecar_track,track,,Do It Again,2002,us,album_track_try_harder_no_safe_match,15,51,1440759826,,false
album_sidecar_track:album|queens of the stone age|songs for the deaf@@1@@11@@@@god is in radio:album_track_try_harder_no_safe_match:1440759826,apple_music_try_harder_pass_v1,album|queens of the stone age|songs for the deaf@@1@@11@@@@god is in radio,album_sidecar_track,track,,God Is in the Radio,2002,us,album_track_try_harder_no_safe_match,15,51,1440759826,,false
album_sidecar_track:album|queens of the stone age|songs for the deaf@@1@@12@@@@another love song:album_track_try_harder_no_safe_match:1440759826,apple_music_try_harder_pass_v1,album|queens of the stone age|songs for the deaf@@1@@12@@@@another love song,album_sidecar_track,track,,Another Love Song,2002,us,album_track_try_harder_no_safe_match,15,51,1440759826,,false
album_sidecar_track:album|queens of the stone age|songs for the deaf@@1@@13@@@@song for deaf feel good hit of summer reprise:album_track_try_harder_no_safe_match:1440759826,apple_music_try_harder_pass_v1,album|queens of the stone age|songs for the deaf@@1@@13@@@@song for deaf feel good hit of summer reprise,album_sidecar_track,track,,Song for the Deaf / Feel Good Hit of the Summer (reprise),2002,us,album_track_try_harder_no_safe_match,15,33,1440759826,,false
album_sidecar_track:album|queens of the stone age|songs for the deaf@@1@@14@@@@mosquito song:album_track_try_harder_no_safe_match:1440759826,apple_music_try_harder_pass_v1,album|queens of the stone age|songs for the deaf@@1@@14@@@@mosquito song,album_sidecar_track,track,,Mosquito Song,2002,us,album_track_try_harder_no_safe_match,15,33,1440759826,,false
album_sidecar_track:album|queens of the stone age|songs for the deaf@@1@@2@@@@no one knows:album_track_try_harder_no_safe_match:1440759826,apple_music_try_harder_pass_v1,album|queens of the stone age|songs for the deaf@@1@@2@@@@no one knows,album_sidecar_track,track,,No One Knows,2002,us,album_track_try_harder_no_safe_match,15,54,1440759826,,false
album_sidecar_track:album|queens of the stone age|songs for the deaf@@1@@3@@@@first it giveth:album_track_try_harder_no_safe_match:1440759826,apple_music_try_harder_pass_v1,album|queens of the stone age|songs for the deaf@@1@@3@@@@first it giveth,album_sidecar_track,track,,First It Giveth,2002,us,album_track_try_harder_no_safe_match,15,53,1440759826,,false
album_sidecar_track:album|queens of the stone age|songs for the deaf@@1@@4@@@@song for dead:album_track_try_harder_no_safe_match:1440759826,apple_music_try_harder_pass_v1,album|queens of the stone age|songs for the deaf@@1@@4@@@@song for dead,album_sidecar_track,track,,Song for the Dead,2002,us,album_track_try_harder_no_safe_match,15,52,1440759826,,false
album_sidecar_track:album|queens of the stone age|songs for the deaf@@1@@5@@@@sky is fallin:album_track_try_harder_no_safe_match:1440759826,apple_music_try_harder_pass_v1,album|queens of the stone age|songs for the deaf@@1@@5@@@@sky is fallin,album_sidecar_track,track,,The Sky Is Fallin’,2002,us,album_track_try_harder_no_safe_match,15,51,1440759826,,false
album_sidecar_track:album|queens of the stone age|songs for the deaf@@1@@6@@@@six shooter:album_track_try_harder_no_safe_match:1440759826,apple_music_try_harder_pass_v1,album|queens of the stone age|songs for the deaf@@1@@6@@@@six shooter,album_sidecar_track,track,,Six Shooter,2002,us,album_track_try_harder_no_safe_match,15,51,1440759826,,false
album_sidecar_track:album|queens of the stone age|songs for the deaf@@1@@7@@@@hangin tree:album_track_try_harder_no_safe_match:1440759826,apple_music_try_harder_pass_v1,album|queens of the stone age|songs for the deaf@@1@@7@@@@hangin tree,album_sidecar_track,track,,Hangin’ Tree,2002,us,album_track_try_harder_no_safe_match,15,29,1440759826,,false
album_sidecar_track:album|queens of the stone age|songs for the deaf@@1@@8@@@@go with flow:album_track_try_harder_no_safe_match:1440759826,apple_music_try_harder_pass_v1,album|queens of the stone age|songs for the deaf@@1@@8@@@@go with flow,album_sidecar_track,track,,Go With the Flow,2002,us,album_track_try_harder_no_safe_match,15,51,1440759826,,false
album_sidecar_track:album|queens of the stone age|songs for the deaf@@1@@9@@@@gonna leave you:album_track_try_harder_no_safe_match:1440759826,apple_music_try_harder_pass_v1,album|queens of the stone age|songs for the deaf@@1@@9@@@@gonna leave you,album_sidecar_track,track,,Gonna Leave You,2002,us,album_track_try_harder_no_safe_match,15,51,1440759826,,false
album_sidecar_track:album|queens of the stone age|songs for the deaf@@2@@1@@@@monsters in parasol:album_track_try_harder_no_safe_match:1440759826,apple_music_try_harder_pass_v1,album|queens of the stone age|songs for the deaf@@2@@1@@@@monsters in parasol,album_sidecar_track,track,,Monsters in the Parasol,2002,us,album_track_try_harder_no_safe_match,15,9,1440759826,,false
album_sidecar_track:album|queens of the stone age|songs for the deaf@@2@@2@@@@no one knows:album_track_try_harder_no_safe_match:1440759826,apple_music_try_harder_pass_v1,album|queens of the stone age|songs for the deaf@@2@@2@@@@no one knows,album_sidecar_track,track,,No One Knows,2002,us,album_track_try_harder_no_safe_match,15,40,1440759826,,false
album_sidecar_track:album|queens of the stone age|songs for the deaf@@2@@3@@@@lost art of keeping a secret:album_track_try_harder_no_safe_match:1440759826,apple_music_try_harder_pass_v1,album|queens of the stone age|songs for the deaf@@2@@3@@@@lost art of keeping a secret,album_sidecar_track,track,,The Lost Art of Keeping a Secret,2002,us,album_track_try_harder_no_safe_match,15,2,1440759826,,false
album_sidecar_track:album|queens of the stone age|songs for the deaf@@2@@4@@@@quick and to pointless:album_track_try_harder_no_safe_match:1440759826,apple_music_try_harder_pass_v1,album|queens of the stone age|songs for the deaf@@2@@4@@@@quick and to pointless,album_sidecar_track,track,,Quick and to the Pointless,2002,us,album_track_try_harder_no_safe_match,15,5,1440759826,,false
album_sidecar_track:album|queens of the stone age|songs for the deaf@@2@@5@@@@queens of fucking stone age:album_track_try_harder_no_safe_match:1440759826,apple_music_try_harder_pass_v1,album|queens of the stone age|songs for the deaf@@2@@5@@@@queens of fucking stone age,album_sidecar_track,track,,Queens of the Fucking Stone Age,2002,us,album_track_try_harder_no_safe_match,15,0,1440759826,,false
album_sidecar_track:album|queens of the stone age|songs for the deaf@@2@@6@@@@ode to clarissa:album_track_try_harder_no_safe_match:1440759826,apple_music_try_harder_pass_v1,album|queens of the stone age|songs for the deaf@@2@@6@@@@ode to clarissa,album_sidecar_track,track,,Ode to Clarissa,2002,us,album_track_try_harder_no_safe_match,15,9,1440759826,,false
album_sidecar_track:album|quicksilver messenger service|happy trails@@1@@1@@@@who do you love part 1:album_track_try_harder_no_safe_match:1452645811,apple_music_try_harder_pass_v1,album|quicksilver messenger service|happy trails@@1@@1@@@@who do you love part 1,album_sidecar_track,track,,"Who Do You Love, Part 1",1969,us,album_track_try_harder_no_safe_match,10,48,1452645811,,false
album_sidecar_track:album|quicksilver messenger service|happy trails@@1@@6@@@@who do you love part 2:album_track_try_harder_no_safe_match:1452645811,apple_music_try_harder_pass_v1,album|quicksilver messenger service|happy trails@@1@@6@@@@who do you love part 2,album_sidecar_track,track,,"Who Do You Love, Part 2",1969,us,album_track_try_harder_no_safe_match,6,43,1452645811,,false
album_sidecar_track:album|raekwon|only built 4 cuban linx@@1@@9@@@@shark niggas biters:album_track_try_harder_no_safe_match:258634938,apple_music_try_harder_pass_v1,album|raekwon|only built 4 cuban linx@@1@@9@@@@shark niggas biters,album_sidecar_track,track,,Shark Niggas (Biters),1995,us,album_track_try_harder_no_safe_match,10,43,258634938,,false
album_sidecar_track:album|rammstein|sehnsucht@@1@@12@@@@engel english version:album_track_try_harder_no_safe_match:1390562159,apple_music_try_harder_pass_v1,album|rammstein|sehnsucht@@1@@12@@@@engel english version,album_sidecar_track,track,,Engel (English version),1997,us,album_track_try_harder_no_safe_match,0,0,1390562159,,false
album_sidecar_track:album|rammstein|sehnsucht@@1@@13@@@@du hast english version:album_track_try_harder_no_safe_match:1390562159,apple_music_try_harder_pass_v1,album|rammstein|sehnsucht@@1@@13@@@@du hast english version,album_sidecar_track,track,,Du hast (English version),1997,us,album_track_try_harder_no_safe_match,0,0,1390562159,,false
album_sidecar_track:album|ramones|leave home@@1@@14@@@@you should never have opened that door:album_track_try_harder_no_safe_match:847970983,apple_music_try_harder_pass_v1,album|ramones|leave home@@1@@14@@@@you should never have opened that door,album_sidecar_track,track,,You Should Never Have Opened That Door,1977,us,album_track_try_harder_no_safe_match,2,43,847970983,,false
album_sidecar_track:album|ramones|leave home@@1@@5@@@@sheena is a punk rocker:album_track_try_harder_no_safe_match:847970983,apple_music_try_harder_pass_v1,album|ramones|leave home@@1@@5@@@@sheena is a punk rocker,album_sidecar_track,track,,Sheena Is a Punk Rocker,1977,us,album_track_try_harder_no_safe_match,10,30,847970983,,false
album_sidecar_track:album|randy newman|sail away@@1@@12@@@@gods song that s why i love mankind:album_track_try_harder_no_safe_match:51963348,apple_music_try_harder_pass_v1,album|randy newman|sail away@@1@@12@@@@gods song that s why i love mankind,album_sidecar_track,track,,Gods' Song (That's Why I Love Mankind),1972,us,album_track_try_harder_no_safe_match,6,43,51963348,,false
album_sidecar_track:album|raphael saadiq|way i see it@@1@@13@@@@oh girl remix:album_track_try_harder_no_safe_match:290382212,apple_music_try_harder_pass_v1,album|raphael saadiq|way i see it@@1@@13@@@@oh girl remix,album_sidecar_track,track,,Oh Girl (remix),2008,us,album_track_try_harder_no_safe_match,2,43,290382212,,false
album_sidecar_track:album|rapture|pieces of the people we love@@1@@11@@@@dance:album_track_try_harder_no_safe_match:1443750180,apple_music_try_harder_pass_v1,album|rapture|pieces of the people we love@@1@@11@@@@dance,album_sidecar_track,track,,Dance,2006,us,album_track_try_harder_no_safe_match,0,0,1443750180,,false
album_sidecar_track:album|rapture|pieces of the people we love@@1@@12@@@@to:album_track_try_harder_no_safe_match:1443750180,apple_music_try_harder_pass_v1,album|rapture|pieces of the people we love@@1@@12@@@@to,album_sidecar_track,track,,To,2006,us,album_track_try_harder_no_safe_match,0,0,1443750180,,false
album_sidecar_track:album|rapture|pieces of the people we love@@1@@13@@@@:album_track_try_harder_no_safe_match:1443750180,apple_music_try_harder_pass_v1,album|rapture|pieces of the people we love@@1@@13@@@@,album_sidecar_track,track,,The,2006,us,album_track_try_harder_no_safe_match,0,0,1443750180,,false
album_sidecar_track:album|rapture|pieces of the people we love@@1@@14@@@@silence:album_track_try_harder_no_safe_match:1443750180,apple_music_try_harder_pass_v1,album|rapture|pieces of the people we love@@1@@14@@@@silence,album_sidecar_track,track,,[silence],2006,us,album_track_try_harder_no_safe_match,0,0,1443750180,,false
album_sidecar_track:album|rapture|pieces of the people we love@@1@@15@@@@beat:album_track_try_harder_no_safe_match:1443750180,apple_music_try_harder_pass_v1,album|rapture|pieces of the people we love@@1@@15@@@@beat,album_sidecar_track,track,,Beat,2006,us,album_track_try_harder_no_safe_match,0,0,1443750180,,false
album_sidecar_track:album|rapture|pieces of the people we love@@1@@16@@@@that:album_track_try_harder_no_safe_match:1443750180,apple_music_try_harder_pass_v1,album|rapture|pieces of the people we love@@1@@16@@@@that,album_sidecar_track,track,,That,2006,us,album_track_try_harder_no_safe_match,0,0,1443750180,,false
album_sidecar_track:album|rapture|pieces of the people we love@@1@@17@@@@fills:album_track_try_harder_no_safe_match:1443750180,apple_music_try_harder_pass_v1,album|rapture|pieces of the people we love@@1@@17@@@@fills,album_sidecar_track,track,,Fills,2006,us,album_track_try_harder_no_safe_match,0,0,1443750180,,false
album_sidecar_track:album|rapture|pieces of the people we love@@1@@18@@@@:album_track_try_harder_no_safe_match:1443750180,apple_music_try_harder_pass_v1,album|rapture|pieces of the people we love@@1@@18@@@@,album_sidecar_track,track,,The,2006,us,album_track_try_harder_no_safe_match,0,0,1443750180,,false
album_sidecar_track:album|rapture|pieces of the people we love@@1@@19@@@@space:album_track_try_harder_no_safe_match:1443750180,apple_music_try_harder_pass_v1,album|rapture|pieces of the people we love@@1@@19@@@@space,album_sidecar_track,track,,Space,2006,us,album_track_try_harder_no_safe_match,0,0,1443750180,,false
album_sidecar_track:album|rapture|pieces of the people we love@@1@@20@@@@as:album_track_try_harder_no_safe_match:1443750180,apple_music_try_harder_pass_v1,album|rapture|pieces of the people we love@@1@@20@@@@as,album_sidecar_track,track,,As,2006,us,album_track_try_harder_no_safe_match,0,0,1443750180,,false
album_sidecar_track:album|rapture|pieces of the people we love@@1@@21@@@@you:album_track_try_harder_no_safe_match:1443750180,apple_music_try_harder_pass_v1,album|rapture|pieces of the people we love@@1@@21@@@@you,album_sidecar_track,track,,You,2006,us,album_track_try_harder_no_safe_match,0,0,1443750180,,false
album_sidecar_track:album|rapture|pieces of the people we love@@1@@22@@@@move:album_track_try_harder_no_safe_match:1443750180,apple_music_try_harder_pass_v1,album|rapture|pieces of the people we love@@1@@22@@@@move,album_sidecar_track,track,,Move,2006,us,album_track_try_harder_no_safe_match,0,0,1443750180,,false
album_sidecar_track:album|rapture|pieces of the people we love@@1@@23@@@@your:album_track_try_harder_no_safe_match:1443750180,apple_music_try_harder_pass_v1,album|rapture|pieces of the people we love@@1@@23@@@@your,album_sidecar_track,track,,Your,2006,us,album_track_try_harder_no_safe_match,0,0,1443750180,,false
album_sidecar_track:album|rapture|pieces of the people we love@@1@@24@@@@feet:album_track_try_harder_no_safe_match:1443750180,apple_music_try_harder_pass_v1,album|rapture|pieces of the people we love@@1@@24@@@@feet,album_sidecar_track,track,,Feet,2006,us,album_track_try_harder_no_safe_match,0,0,1443750180,,false
album_sidecar_track:album|rapture|pieces of the people we love@@1@@25@@@@can t:album_track_try_harder_no_safe_match:1443750180,apple_music_try_harder_pass_v1,album|rapture|pieces of the people we love@@1@@25@@@@can t,album_sidecar_track,track,,Can’t,2006,us,album_track_try_harder_no_safe_match,0,0,1443750180,,false
album_sidecar_track:album|rapture|pieces of the people we love@@1@@26@@@@stop:album_track_try_harder_no_safe_match:1443750180,apple_music_try_harder_pass_v1,album|rapture|pieces of the people we love@@1@@26@@@@stop,album_sidecar_track,track,,Stop,2006,us,album_track_try_harder_no_safe_match,0,0,1443750180,,false
album_sidecar_track:album|rapture|pieces of the people we love@@1@@27@@@@:album_track_try_harder_no_safe_match:1443750180,apple_music_try_harder_pass_v1,album|rapture|pieces of the people we love@@1@@27@@@@,album_sidecar_track,track,,The,2006,us,album_track_try_harder_no_safe_match,0,0,1443750180,,false
album_sidecar_track:album|rapture|pieces of the people we love@@1@@28@@@@record:album_track_try_harder_no_safe_match:1443750180,apple_music_try_harder_pass_v1,album|rapture|pieces of the people we love@@1@@28@@@@record,album_sidecar_track,track,,Record,2006,us,album_track_try_harder_no_safe_match,0,0,1443750180,,false
album_sidecar_track:album|rapture|pieces of the people we love@@1@@29@@@@until:album_track_try_harder_no_safe_match:1443750180,apple_music_try_harder_pass_v1,album|rapture|pieces of the people we love@@1@@29@@@@until,album_sidecar_track,track,,Until,2006,us,album_track_try_harder_no_safe_match,0,0,1443750180,,false
album_sidecar_track:album|rapture|pieces of the people we love@@1@@30@@@@:album_track_try_harder_no_safe_match:1443750180,apple_music_try_harder_pass_v1,album|rapture|pieces of the people we love@@1@@30@@@@,album_sidecar_track,track,,The,2006,us,album_track_try_harder_no_safe_match,0,0,1443750180,,false
album_sidecar_track:album|rapture|pieces of the people we love@@1@@31@@@@record:album_track_try_harder_no_safe_match:1443750180,apple_music_try_harder_pass_v1,album|rapture|pieces of the people we love@@1@@31@@@@record,album_sidecar_track,track,,Record,2006,us,album_track_try_harder_no_safe_match,0,0,1443750180,,false
album_sidecar_track:album|rapture|pieces of the people we love@@1@@32@@@@is:album_track_try_harder_no_safe_match:1443750180,apple_music_try_harder_pass_v1,album|rapture|pieces of the people we love@@1@@32@@@@is,album_sidecar_track,track,,Is,2006,us,album_track_try_harder_no_safe_match,0,0,1443750180,,false
album_sidecar_track:album|rapture|pieces of the people we love@@1@@33@@@@done:album_track_try_harder_no_safe_match:1443750180,apple_music_try_harder_pass_v1,album|rapture|pieces of the people we love@@1@@33@@@@done,album_sidecar_track,track,,Done,2006,us,album_track_try_harder_no_safe_match,0,0,1443750180,,false
album_sidecar_track:album|rapture|pieces of the people we love@@1@@34@@@@on:album_track_try_harder_no_safe_match:1443750180,apple_music_try_harder_pass_v1,album|rapture|pieces of the people we love@@1@@34@@@@on,album_sidecar_track,track,,On,2006,us,album_track_try_harder_no_safe_match,0,0,1443750180,,false
album_sidecar_track:album|rapture|pieces of the people we love@@1@@35@@@@and:album_track_try_harder_no_safe_match:1443750180,apple_music_try_harder_pass_v1,album|rapture|pieces of the people we love@@1@@35@@@@and,album_sidecar_track,track,,And,2006,us,album_track_try_harder_no_safe_match,0,0,1443750180,,false
album_sidecar_track:album|rapture|pieces of the people we love@@1@@36@@@@on:album_track_try_harder_no_safe_match:1443750180,apple_music_try_harder_pass_v1,album|rapture|pieces of the people we love@@1@@36@@@@on,album_sidecar_track,track,,On,2006,us,album_track_try_harder_no_safe_match,0,0,1443750180,,false
album_sidecar_track:album|rapture|pieces of the people we love@@1@@37@@@@until:album_track_try_harder_no_safe_match:1443750180,apple_music_try_harder_pass_v1,album|rapture|pieces of the people we love@@1@@37@@@@until,album_sidecar_track,track,,Until,2006,us,album_track_try_harder_no_safe_match,0,0,1443750180,,false
album_sidecar_track:album|rapture|pieces of the people we love@@1@@38@@@@we:album_track_try_harder_no_safe_match:1443750180,apple_music_try_harder_pass_v1,album|rapture|pieces of the people we love@@1@@38@@@@we,album_sidecar_track,track,,We,2006,us,album_track_try_harder_no_safe_match,0,0,1443750180,,false
album_sidecar_track:album|rapture|pieces of the people we love@@1@@39@@@@find:album_track_try_harder_no_safe_match:1443750180,apple_music_try_harder_pass_v1,album|rapture|pieces of the people we love@@1@@39@@@@find,album_sidecar_track,track,,Find,2006,us,album_track_try_harder_no_safe_match,0,0,1443750180,,false
album_sidecar_track:album|rapture|pieces of the people we love@@1@@40@@@@unknown:album_track_try_harder_no_safe_match:1443750180,apple_music_try_harder_pass_v1,album|rapture|pieces of the people we love@@1@@40@@@@unknown,album_sidecar_track,track,,[unknown],2006,us,album_track_try_harder_no_safe_match,0,0,1443750180,,false
album_sidecar_track:album|rapture|pieces of the people we love@@1@@41@@@@song:album_track_try_harder_no_safe_match:1443750180,apple_music_try_harder_pass_v1,album|rapture|pieces of the people we love@@1@@41@@@@song,album_sidecar_track,track,,Song,2006,us,album_track_try_harder_no_safe_match,0,0,1443750180,,false
album_sidecar_track:album|rapture|pieces of the people we love@@1@@42@@@@shooting star:album_track_try_harder_no_safe_match:1443750180,apple_music_try_harder_pass_v1,album|rapture|pieces of the people we love@@1@@42@@@@shooting star,album_sidecar_track,track,,Shooting Star,2006,us,album_track_try_harder_no_safe_match,0,0,1443750180,,false
album_sidecar_track:album|rauw alejandro|vice versa@@1@@4@@@@track 4:album_track_try_harder_no_safe_match:1596868386,apple_music_try_harder_pass_v1,album|rauw alejandro|vice versa@@1@@4@@@@track 4,album_sidecar_track,track,,Track 4,2021,us,album_track_try_harder_no_safe_match,11,31,1596868386,,false
album_sidecar_track:album|ray charles|what d i say@@1@@7@@@@roll with me baby:album_track_try_harder_no_safe_match:46592493,apple_music_try_harder_pass_v1,album|ray charles|what d i say@@1@@7@@@@roll with me baby,album_sidecar_track,track,,Roll With Me Baby,1959,us,album_track_try_harder_no_safe_match,4,43,46592493,,false
album_sidecar_track:album|ray price|for the good times@@1@@7@@@@help me make it through night:album_track_try_harder_no_safe_match:1153759816,apple_music_try_harder_pass_v1,album|ray price|for the good times@@1@@7@@@@help me make it through night,album_sidecar_track,track,,Help Me Make It Through the Night,1970,us,album_track_try_harder_no_safe_match,5,43,1153759816,,false
album_sidecar_track:album|redman|muddy waters@@1@@10@@@@on fire:album_track_try_harder_no_safe_match:1440923735,apple_music_try_harder_pass_v1,album|redman|muddy waters@@1@@10@@@@on fire,album_sidecar_track,track,,On Fire,1996,us,album_track_try_harder_no_safe_match,18,51,1440923735,,false
album_sidecar_track:album|redman|muddy waters@@1@@11@@@@do what ya feel:album_track_try_harder_no_safe_match:1440923735,apple_music_try_harder_pass_v1,album|redman|muddy waters@@1@@11@@@@do what ya feel,album_sidecar_track,track,,Do What Ya Feel,1996,us,album_track_try_harder_no_safe_match,18,51,1440923735,,false
album_sidecar_track:album|redman|muddy waters@@1@@12@@@@stick up skit:album_track_try_harder_no_safe_match:1440923735,apple_music_try_harder_pass_v1,album|redman|muddy waters@@1@@12@@@@stick up skit,album_sidecar_track,track,,The Stick Up (skit),1996,us,album_track_try_harder_no_safe_match,18,51,1440923735,,false
album_sidecar_track:album|redman|muddy waters@@1@@13@@@@creepin:album_track_try_harder_no_safe_match:1440923735,apple_music_try_harder_pass_v1,album|redman|muddy waters@@1@@13@@@@creepin,album_sidecar_track,track,,Creepin’,1996,us,album_track_try_harder_no_safe_match,18,51,1440923735,,false
album_sidecar_track:album|redman|muddy waters@@1@@14@@@@it s like that my big brother:album_track_try_harder_no_safe_match:1440923735,apple_music_try_harder_pass_v1,album|redman|muddy waters@@1@@14@@@@it s like that my big brother,album_sidecar_track,track,,It's Like That (My Big Brother),1996,us,album_track_try_harder_no_safe_match,18,33,1440923735,,false
album_sidecar_track:album|redman|muddy waters@@1@@15@@@@da bump:album_track_try_harder_no_safe_match:1440923735,apple_music_try_harder_pass_v1,album|redman|muddy waters@@1@@15@@@@da bump,album_sidecar_track,track,,Da Bump,1996,us,album_track_try_harder_no_safe_match,18,37,1440923735,,false
album_sidecar_track:album|redman|muddy waters@@1@@16@@@@yesh yesh ya ll:album_track_try_harder_no_safe_match:1440923735,apple_music_try_harder_pass_v1,album|redman|muddy waters@@1@@16@@@@yesh yesh ya ll,album_sidecar_track,track,,Yesh Yesh Ya’ll,1996,us,album_track_try_harder_no_safe_match,18,51,1440923735,,false
album_sidecar_track:album|redman|muddy waters@@1@@17@@@@what u lookin 4:album_track_try_harder_no_safe_match:1440923735,apple_music_try_harder_pass_v1,album|redman|muddy waters@@1@@17@@@@what u lookin 4,album_sidecar_track,track,,What U Lookin’ 4,1996,us,album_track_try_harder_no_safe_match,18,37,1440923735,,false
album_sidecar_track:album|redman|muddy waters@@1@@18@@@@soopaman luva 3:album_track_try_harder_no_safe_match:1440923735,apple_music_try_harder_pass_v1,album|redman|muddy waters@@1@@18@@@@soopaman luva 3,album_sidecar_track,track,,Soopaman Luva 3,1996,us,album_track_try_harder_no_safe_match,18,51,1440923735,,false
album_sidecar_track:album|redman|muddy waters@@1@@19@@@@rollin:album_track_try_harder_no_safe_match:1440923735,apple_music_try_harder_pass_v1,album|redman|muddy waters@@1@@19@@@@rollin,album_sidecar_track,track,,Rollin’,1996,us,album_track_try_harder_no_safe_match,18,51,1440923735,,false
album_sidecar_track:album|redman|muddy waters@@1@@20@@@@da ill out:album_track_try_harder_no_safe_match:1440923735,apple_music_try_harder_pass_v1,album|redman|muddy waters@@1@@20@@@@da ill out,album_sidecar_track,track,,Da Ill Out,1996,us,album_track_try_harder_no_safe_match,18,33,1440923735,,false
album_sidecar_track:album|redman|muddy waters@@1@@6@@@@pick it up:album_track_try_harder_no_safe_match:1440923735,apple_music_try_harder_pass_v1,album|redman|muddy waters@@1@@6@@@@pick it up,album_sidecar_track,track,,Pick It Up,1996,us,album_track_try_harder_no_safe_match,18,53,1440923735,,false
album_sidecar_track:album|redman|muddy waters@@1@@7@@@@smoke buddah:album_track_try_harder_no_safe_match:1440923735,apple_music_try_harder_pass_v1,album|redman|muddy waters@@1@@7@@@@smoke buddah,album_sidecar_track,track,,Smoke Buddah,1996,us,album_track_try_harder_no_safe_match,18,51,1440923735,,false
album_sidecar_track:album|redman|muddy waters@@1@@8@@@@whateva man:album_track_try_harder_no_safe_match:1440923735,apple_music_try_harder_pass_v1,album|redman|muddy waters@@1@@8@@@@whateva man,album_sidecar_track,track,,Whateva Man,1996,us,album_track_try_harder_no_safe_match,18,33,1440923735,,false
album_sidecar_track:album|redman|muddy waters@@1@@9@@@@chicken head convention skit:album_track_try_harder_no_safe_match:1440923735,apple_music_try_harder_pass_v1,album|redman|muddy waters@@1@@9@@@@chicken head convention skit,album_sidecar_track,track,,Chicken Head Convention (skit),1996,us,album_track_try_harder_no_safe_match,18,51,1440923735,,false
album_sidecar_track:album|refused|shape of punk to come@@1@@9@@@@refused are fucking dead:album_track_try_harder_no_safe_match:1485027854,apple_music_try_harder_pass_v1,album|refused|shape of punk to come@@1@@9@@@@refused are fucking dead,album_sidecar_track,track,,Refused Are Fucking Dead,1998,us,album_track_try_harder_no_safe_match,4,43,1485027854,,false
album_sidecar_track:album|regina spektor|begin to hope@@1@@13@@@@another town bonus version:album_track_try_harder_no_safe_match:157819402,apple_music_try_harder_pass_v1,album|regina spektor|begin to hope@@1@@13@@@@another town bonus version,album_sidecar_track,track,,Another Town (Bonus Version),2006,us,album_track_try_harder_no_safe_match,0,0,157819402,,false
album_sidecar_track:album|regina spektor|begin to hope@@1@@14@@@@uh merica bonus version:album_track_try_harder_no_safe_match:157819402,apple_music_try_harder_pass_v1,album|regina spektor|begin to hope@@1@@14@@@@uh merica bonus version,album_sidecar_track,track,,Uh‐merica (Bonus Version),2006,us,album_track_try_harder_no_safe_match,0,0,157819402,,false
album_sidecar_track:album|regina spektor|begin to hope@@1@@15@@@@baobabs bonus version:album_track_try_harder_no_safe_match:157819402,apple_music_try_harder_pass_v1,album|regina spektor|begin to hope@@1@@15@@@@baobabs bonus version,album_sidecar_track,track,,Baobabs (Bonus Version),2006,us,album_track_try_harder_no_safe_match,0,0,157819402,,false
album_sidecar_track:album|regina spektor|begin to hope@@1@@16@@@@dusseldorf bonus version:album_track_try_harder_no_safe_match:157819402,apple_music_try_harder_pass_v1,album|regina spektor|begin to hope@@1@@16@@@@dusseldorf bonus version,album_sidecar_track,track,,Düsseldorf (Bonus Version),2006,us,album_track_try_harder_no_safe_match,0,0,157819402,,false
album_sidecar_track:album|regina spektor|begin to hope@@1@@17@@@@music box bonus version:album_track_try_harder_no_safe_match:157819402,apple_music_try_harder_pass_v1,album|regina spektor|begin to hope@@1@@17@@@@music box bonus version,album_sidecar_track,track,,Music Box (Bonus Version),2006,us,album_track_try_harder_no_safe_match,0,0,157819402,,false
album_sidecar_track:album|regina spektor|begin to hope@@1@@18@@@@hero bonus track:album_track_try_harder_no_safe_match:157819402,apple_music_try_harder_pass_v1,album|regina spektor|begin to hope@@1@@18@@@@hero bonus track,album_sidecar_track,track,,Hero (Bonus Track),2006,us,album_track_try_harder_no_safe_match,0,0,157819402,,false
album_sidecar_track:album|regina spektor|begin to hope@@1@@19@@@@bartender bonus track:album_track_try_harder_no_safe_match:157819402,apple_music_try_harder_pass_v1,album|regina spektor|begin to hope@@1@@19@@@@bartender bonus track,album_sidecar_track,track,,Bartender (Bonus Track),2006,us,album_track_try_harder_no_safe_match,0,0,157819402,,false
album_sidecar_track:album|ricky martin|ricky martin@@1@@14@@@@maria spanglish radio edit:album_track_try_harder_no_safe_match:192821565,apple_music_try_harder_pass_v1,album|ricky martin|ricky martin@@1@@14@@@@maria spanglish radio edit,album_sidecar_track,track,,María (Spanglish radio edit),1999,us,album_track_try_harder_no_safe_match,2,43,192821565,,false
album_sidecar_track:album|ricky martin|ricky martin@@1@@9@@@@cup of life spanglish radio edit:album_track_try_harder_no_safe_match:192821565,apple_music_try_harder_pass_v1,album|ricky martin|ricky martin@@1@@9@@@@cup of life spanglish radio edit,album_sidecar_track,track,,The Cup of Life (Spanglish radio edit),1999,us,album_track_try_harder_no_safe_match,6,43,192821565,,false
album_sidecar_track:album|ricky martin|vuelve@@1@@8@@@@la copa de la vida spanish:album_track_try_harder_no_safe_match:185391215,apple_music_try_harder_pass_v1,album|ricky martin|vuelve@@1@@8@@@@la copa de la vida spanish,album_sidecar_track,track,,La copa de la vida (Spanish),1998,us,album_track_try_harder_no_safe_match,7,43,185391215,,false
album_sidecar_track:album|rihanna|good girl gone bad@@1@@13@@@@cry:album_track_try_harder_no_safe_match:1472503760,apple_music_try_harder_pass_v1,album|rihanna|good girl gone bad@@1@@13@@@@cry,album_sidecar_track,track,,Cry,2007,us,album_track_try_harder_no_safe_match,0,0,1472503760,,false
album_sidecar_track:album|rihanna|good girl gone bad@@1@@14@@@@umbrella acoustic:album_track_try_harder_no_safe_match:1472503760,apple_music_try_harder_pass_v1,album|rihanna|good girl gone bad@@1@@14@@@@umbrella acoustic,album_sidecar_track,track,,Umbrella (acoustic),2007,us,album_track_try_harder_no_safe_match,0,0,1472503760,,false
album_sidecar_track:album|rihanna|loud@@1@@11@@@@love way you lie part ii:album_track_try_harder_no_safe_match:1442286224,apple_music_try_harder_pass_v1,album|rihanna|loud@@1@@11@@@@love way you lie part ii,album_sidecar_track,track,,Love the Way You Lie (Part II),2010,us,album_track_try_harder_no_safe_match,3,43,1442286224,,false
album_sidecar_track:album|rina sawayama|sawayama@@1@@9@@@@fuck this world interlude:album_track_try_harder_no_safe_match:1493469433,apple_music_try_harder_pass_v1,album|rina sawayama|sawayama@@1@@9@@@@fuck this world interlude,album_sidecar_track,track,,Fuck This World (interlude),2020,us,album_track_try_harder_no_safe_match,5,43,1493469433,,false
album_sidecar_track:album|ritchie valens|ritchie valens@@1@@5@@@@bony moronie:album_track_try_harder_no_safe_match:466357972,apple_music_try_harder_pass_v1,album|ritchie valens|ritchie valens@@1@@5@@@@bony moronie,album_sidecar_track,track,,Bony‐Moronie,1959,us,album_track_try_harder_no_safe_match,8,44,466357972,,false
album_sidecar_track:album|rites of spring|rites of spring@@1@@10@@@@persistent vision:album_track_try_harder_no_safe_match:49249797,apple_music_try_harder_pass_v1,album|rites of spring|rites of spring@@1@@10@@@@persistent vision,album_sidecar_track,track,,Persistent Vision,1985,us,album_track_try_harder_no_safe_match,11,51,49249797,,false
album_sidecar_track:album|rites of spring|rites of spring@@1@@11@@@@nudes:album_track_try_harder_no_safe_match:49249797,apple_music_try_harder_pass_v1,album|rites of spring|rites of spring@@1@@11@@@@nudes,album_sidecar_track,track,,Nudes,1985,us,album_track_try_harder_no_safe_match,11,51,49249797,,false
album_sidecar_track:album|rites of spring|rites of spring@@1@@12@@@@end on end:album_track_try_harder_no_safe_match:49249797,apple_music_try_harder_pass_v1,album|rites of spring|rites of spring@@1@@12@@@@end on end,album_sidecar_track,track,,End on End,1985,us,album_track_try_harder_no_safe_match,11,47,49249797,,false
album_sidecar_track:album|rites of spring|rites of spring@@1@@7@@@@theme:album_track_try_harder_no_safe_match:49249797,apple_music_try_harder_pass_v1,album|rites of spring|rites of spring@@1@@7@@@@theme,album_sidecar_track,track,,Theme,1985,us,album_track_try_harder_no_safe_match,11,51,49249797,,false
album_sidecar_track:album|rites of spring|rites of spring@@1@@8@@@@by design:album_track_try_harder_no_safe_match:49249797,apple_music_try_harder_pass_v1,album|rites of spring|rites of spring@@1@@8@@@@by design,album_sidecar_track,track,,By Design,1985,us,album_track_try_harder_no_safe_match,11,51,49249797,,false
album_sidecar_track:album|rites of spring|rites of spring@@1@@9@@@@remainder:album_track_try_harder_no_safe_match:49249797,apple_music_try_harder_pass_v1,album|rites of spring|rites of spring@@1@@9@@@@remainder,album_sidecar_track,track,,Remainder,1985,us,album_track_try_harder_no_safe_match,11,51,49249797,,false
album_sidecar_track:album|rivieras|california sun@@1@@13@@@@let s have a party single version:album_track_try_harder_no_safe_match:1146567915,apple_music_try_harder_pass_v1,album|rivieras|california sun@@1@@13@@@@let s have a party single version,album_sidecar_track,track,,Let's Have a Party (single version),1964,us,album_track_try_harder_no_safe_match,12,34,1146567915,,false
album_sidecar_track:album|rivieras|california sun@@1@@15@@@@rip it up:album_track_try_harder_no_safe_match:1146567915,apple_music_try_harder_pass_v1,album|rivieras|california sun@@1@@15@@@@rip it up,album_sidecar_track,track,,Rip It Up,1964,us,album_track_try_harder_no_safe_match,11,51,1146567915,,false
album_sidecar_track:album|rivieras|california sun@@1@@16@@@@let s go to hawaii:album_track_try_harder_no_safe_match:1146567915,apple_music_try_harder_pass_v1,album|rivieras|california sun@@1@@16@@@@let s go to hawaii,album_sidecar_track,track,,Let's Go to Hawaii,1964,us,album_track_try_harder_no_safe_match,11,51,1146567915,,false
album_sidecar_track:album|rivieras|california sun@@1@@17@@@@battle line:album_track_try_harder_no_safe_match:1146567915,apple_music_try_harder_pass_v1,album|rivieras|california sun@@1@@17@@@@battle line,album_sidecar_track,track,,Battle Line,1964,us,album_track_try_harder_no_safe_match,11,51,1146567915,,false
album_sidecar_track:album|rivieras|california sun@@1@@19@@@@money honey:album_track_try_harder_no_safe_match:1146567915,apple_music_try_harder_pass_v1,album|rivieras|california sun@@1@@19@@@@money honey,album_sidecar_track,track,,Money Honey,1964,us,album_track_try_harder_no_safe_match,10,34,1146567915,,false
album_sidecar_track:album|rivieras|california sun@@1@@21@@@@tossin and turnin:album_track_try_harder_no_safe_match:1146567915,apple_music_try_harder_pass_v1,album|rivieras|california sun@@1@@21@@@@tossin and turnin,album_sidecar_track,track,,Tossin' and Turnin',1964,us,album_track_try_harder_no_safe_match,9,51,1146567915,,false
album_sidecar_track:album|rivieras|california sun@@1@@22@@@@church key part ii:album_track_try_harder_no_safe_match:1146567915,apple_music_try_harder_pass_v1,album|rivieras|california sun@@1@@22@@@@church key part ii,album_sidecar_track,track,,Church Key Part II,1964,us,album_track_try_harder_no_safe_match,9,39,1146567915,,false
album_sidecar_track:album|rivieras|california sun@@1@@23@@@@comin back home:album_track_try_harder_no_safe_match:1146567915,apple_music_try_harder_pass_v1,album|rivieras|california sun@@1@@23@@@@comin back home,album_sidecar_track,track,,Comin' Back Home,1964,us,album_track_try_harder_no_safe_match,9,51,1146567915,,false
album_sidecar_track:album|robert earl keen|no kinda dancer@@1@@7@@@@young lovers waltz:album_track_try_harder_no_safe_match:1769474135,apple_music_try_harder_pass_v1,album|robert earl keen|no kinda dancer@@1@@7@@@@young lovers waltz,album_sidecar_track,track,,Young Lovers Waltz,1984,us,album_track_try_harder_no_safe_match,8,43,1769474135,,false
album_sidecar_track:album|robert earl keen|no kinda dancer@@1@@8@@@@death of tail fitzsimmons:album_track_try_harder_no_safe_match:1769474135,apple_music_try_harder_pass_v1,album|robert earl keen|no kinda dancer@@1@@8@@@@death of tail fitzsimmons,album_sidecar_track,track,,Death of Tail Fitzsimmons,1984,us,album_track_try_harder_no_safe_match,8,43,1769474135,,false
album_sidecar_track:album|robert hood|minimal nation@@1@@3@@@@ride:album_track_try_harder_no_safe_match:316706585,apple_music_try_harder_pass_v1,album|robert hood|minimal nation@@1@@3@@@@ride,album_sidecar_track,track,,Ride,1994,us,album_track_try_harder_no_safe_match,8,51,316706585,,false
album_sidecar_track:album|robert hood|minimal nation@@1@@4@@@@acrylic:album_track_try_harder_no_safe_match:316706585,apple_music_try_harder_pass_v1,album|robert hood|minimal nation@@1@@4@@@@acrylic,album_sidecar_track,track,,Acrylic,1994,us,album_track_try_harder_no_safe_match,8,36,316706585,,false
album_sidecar_track:album|robert hood|minimal nation@@2@@1@@@@unix:album_track_try_harder_no_safe_match:316706585,apple_music_try_harder_pass_v1,album|robert hood|minimal nation@@2@@1@@@@unix,album_sidecar_track,track,,Unix,1994,us,album_track_try_harder_no_safe_match,8,52,316706585,,false
album_sidecar_track:album|robert hood|minimal nation@@2@@2@@@@rhythm:album_track_try_harder_no_safe_match:316706585,apple_music_try_harder_pass_v1,album|robert hood|minimal nation@@2@@2@@@@rhythm,album_sidecar_track,track,,Rhythm,1994,us,album_track_try_harder_no_safe_match,8,33,316706585,,false
album_sidecar_track:album|robert hood|minimal nation@@2@@3@@@@station rider e:album_track_try_harder_no_safe_match:316706585,apple_music_try_harder_pass_v1,album|robert hood|minimal nation@@2@@3@@@@station rider e,album_sidecar_track,track,,Station Rider E,1994,us,album_track_try_harder_no_safe_match,8,51,316706585,,false
album_sidecar_track:album|robert hood|minimal nation@@2@@4@@@@pace:album_track_try_harder_no_safe_match:316706585,apple_music_try_harder_pass_v1,album|robert hood|minimal nation@@2@@4@@@@pace,album_sidecar_track,track,,The Pace,1994,us,album_track_try_harder_no_safe_match,8,-2,316706585,,false
album_sidecar_track:album|romeo santos|formula vol 1@@1@@15@@@@aleluya:album_track_try_harder_no_safe_match:471342193,apple_music_try_harder_pass_v1,album|romeo santos|formula vol 1@@1@@15@@@@aleluya,album_sidecar_track,track,,Aleluya,2011,us,album_track_try_harder_no_safe_match,1,29,471342193,,false
album_sidecar_track:album|romeo santos|formula vol 1@@1@@16@@@@malevo:album_track_try_harder_no_safe_match:471342193,apple_music_try_harder_pass_v1,album|romeo santos|formula vol 1@@1@@16@@@@malevo,album_sidecar_track,track,,Malevo,2011,us,album_track_try_harder_no_safe_match,1,-5,471342193,,false
album_sidecar_track:album|romeo santos|formula vol 1@@1@@17@@@@promise english version:album_track_try_harder_no_safe_match:471342193,apple_music_try_harder_pass_v1,album|romeo santos|formula vol 1@@1@@17@@@@promise english version,album_sidecar_track,track,,Promise (English version),2011,us,album_track_try_harder_no_safe_match,1,-5,471342193,,false
album_sidecar_track:album|romeo santos|formula vol 1@@1@@18@@@@aleluya english version:album_track_try_harder_no_safe_match:471342193,apple_music_try_harder_pass_v1,album|romeo santos|formula vol 1@@1@@18@@@@aleluya english version,album_sidecar_track,track,,Aleluya (English version),2011,us,album_track_try_harder_no_safe_match,1,-5,471342193,,false
album_sidecar_track:album|romeo santos|formula vol 1@@1@@19@@@@outro:album_track_try_harder_no_safe_match:471342193,apple_music_try_harder_pass_v1,album|romeo santos|formula vol 1@@1@@19@@@@outro,album_sidecar_track,track,,Outro,2011,us,album_track_try_harder_no_safe_match,1,51,471342193,,false
album_sidecar_track:album|romeo santos|formula vol 1@@1@@20@@@@vale la pena el placer:album_track_try_harder_no_safe_match:471342193,apple_music_try_harder_pass_v1,album|romeo santos|formula vol 1@@1@@20@@@@vale la pena el placer,album_sidecar_track,track,,Vale la pena el placer,2011,us,album_track_try_harder_no_safe_match,1,-5,471342193,,false
album_sidecar_track:album|romeo santos|formula vol 1@@2@@1@@@@you:album_track_try_harder_no_safe_match:471342193,apple_music_try_harder_pass_v1,album|romeo santos|formula vol 1@@2@@1@@@@you,album_sidecar_track,track,,You,2011,us,album_track_try_harder_no_safe_match,1,-5,471342193,,false
album_sidecar_track:album|romeo santos|formula vol 1@@2@@2@@@@behind scenes of promise music video:album_track_try_harder_no_safe_match:471342193,apple_music_try_harder_pass_v1,album|romeo santos|formula vol 1@@2@@2@@@@behind scenes of promise music video,album_sidecar_track,track,,Behind the Scenes of Promise Music Video,2011,us,album_track_try_harder_no_safe_match,1,-5,471342193,,false
album_sidecar_track:album|ronnie self|mr frantic is boppin the blues@@1@@20@@@@boppin blues:album_track_try_harder_no_safe_match:1053995885,apple_music_try_harder_pass_v1,album|ronnie self|mr frantic is boppin the blues@@1@@20@@@@boppin blues,album_sidecar_track,track,,Boppin’ the Blues,1990,us,album_track_try_harder_no_safe_match,12,53,1053995885,,false
album_sidecar_track:album|ronnie self|mr frantic is boppin the blues@@1@@21@@@@bop a lena:album_track_try_harder_no_safe_match:1053995885,apple_music_try_harder_pass_v1,album|ronnie self|mr frantic is boppin the blues@@1@@21@@@@bop a lena,album_sidecar_track,track,,Bop a Lena,1990,us,album_track_try_harder_no_safe_match,12,53,1053995885,,false
album_sidecar_track:album|ronnie self|mr frantic is boppin the blues@@1@@28@@@@i ve been brought down:album_track_try_harder_no_safe_match:1053995885,apple_music_try_harder_pass_v1,album|ronnie self|mr frantic is boppin the blues@@1@@28@@@@i ve been brought down,album_sidecar_track,track,,I’ve Been Brought Down,1990,us,album_track_try_harder_no_safe_match,6,29,1053995885,,false
album_sidecar_track:album|roots|things fall apart@@1@@17@@@@return to innocence lost:album_track_try_harder_no_safe_match:1440632803,apple_music_try_harder_pass_v1,album|roots|things fall apart@@1@@17@@@@return to innocence lost,album_sidecar_track,track,,The Return to Innocence Lost,1999,us,album_track_try_harder_no_safe_match,4,53,1440632803,,false
album_sidecar_track:album|roots|things fall apart@@1@@2@@@@table of contents parts 1 and 2:album_track_try_harder_no_safe_match:1440632803,apple_music_try_harder_pass_v1,album|roots|things fall apart@@1@@2@@@@table of contents parts 1 and 2,album_sidecar_track,track,,Table of Contents (Parts 1 & 2),1999,us,album_track_try_harder_no_safe_match,17,47,1440632803,,false
album_sidecar_track:album|roots|things fall apart@@1@@4@@@@step into realm:album_track_try_harder_no_safe_match:1440632803,apple_music_try_harder_pass_v1,album|roots|things fall apart@@1@@4@@@@step into realm,album_sidecar_track,track,,Step Into the Realm,1999,us,album_track_try_harder_no_safe_match,16,45,1440632803,,false
album_sidecar_track:album|rosalia|motomami@@1@@13@@@@como un g:album_track_try_harder_no_safe_match:1643048319,apple_music_try_harder_pass_v1,album|rosalia|motomami@@1@@13@@@@como un g,album_sidecar_track,track,,COMO UN G,2022,us,album_track_try_harder_no_safe_match,12,51,1643048319,,false
album_sidecar_track:album|rosalia|motomami@@1@@14@@@@abcdefg:album_track_try_harder_no_safe_match:1643048319,apple_music_try_harder_pass_v1,album|rosalia|motomami@@1@@14@@@@abcdefg,album_sidecar_track,track,,Abcdefg,2022,us,album_track_try_harder_no_safe_match,12,51,1643048319,,false
album_sidecar_track:album|rosalia|motomami@@1@@15@@@@la combi versace:album_track_try_harder_no_safe_match:1643048319,apple_music_try_harder_pass_v1,album|rosalia|motomami@@1@@15@@@@la combi versace,album_sidecar_track,track,,LA COMBI VERSACE,2022,us,album_track_try_harder_no_safe_match,12,51,1643048319,,false
album_sidecar_track:album|rosalia|motomami@@1@@16@@@@sakura:album_track_try_harder_no_safe_match:1643048319,apple_music_try_harder_pass_v1,album|rosalia|motomami@@1@@16@@@@sakura,album_sidecar_track,track,,SAKURA,2022,us,album_track_try_harder_no_safe_match,12,51,1643048319,,false
album_sidecar_track:album|run the jewels|run the jewels 2@@1@@3@@@@blockbuster night part 1:album_track_try_harder_no_safe_match:1862913140,apple_music_try_harder_pass_v1,album|run the jewels|run the jewels 2@@1@@3@@@@blockbuster night part 1,album_sidecar_track,track,,"Blockbuster Night, Part 1",2014,us,album_track_try_harder_no_safe_match,10,46,1862913140,,false
album_sidecar_track:album|run the jewels|run the jewels 2@@1@@4@@@@close your eyes and count to fuck:album_track_try_harder_no_safe_match:1862913140,apple_music_try_harder_pass_v1,album|run the jewels|run the jewels 2@@1@@4@@@@close your eyes and count to fuck,album_sidecar_track,track,,Close Your Eyes (and Count to Fuck),2014,us,album_track_try_harder_no_safe_match,10,45,1862913140,,false
album_sidecar_track:album|run the jewels|run the jewels 2@@1@@9@@@@love again akinyele back:album_track_try_harder_no_safe_match:1862913140,apple_music_try_harder_pass_v1,album|run the jewels|run the jewels 2@@1@@9@@@@love again akinyele back,album_sidecar_track,track,,Love Again (Akinyele Back),2014,us,album_track_try_harder_no_safe_match,6,53,1862913140,,false
album_sidecar_track:album|rupert holmes|partners in crime@@1@@8@@@@people that you never get to love:album_track_try_harder_no_safe_match:1443846037,apple_music_try_harder_pass_v1,album|rupert holmes|partners in crime@@1@@8@@@@people that you never get to love,album_sidecar_track,track,,The People That You Never Get to Love,1979,us,album_track_try_harder_no_safe_match,3,43,1443846037,,false
album_sidecar_track:album|sam cooke|twistin the night away@@1@@8@@@@movin and a groovin:album_track_try_harder_no_safe_match:497770005,apple_music_try_harder_pass_v1,album|sam cooke|twistin the night away@@1@@8@@@@movin and a groovin,album_sidecar_track,track,,Movin’ and A’Groovin’,1962,us,album_track_try_harder_no_safe_match,5,43,497770005,,false
album_sidecar_track:album|sam smith|in the lonely hour@@1@@11@@@@restart:album_track_try_harder_no_safe_match:1440814069,apple_music_try_harder_pass_v1,album|sam smith|in the lonely hour@@1@@11@@@@restart,album_sidecar_track,track,,Restart,2014,us,album_track_try_harder_no_safe_match,0,0,1440814069,,false
album_sidecar_track:album|sam smith|in the lonely hour@@1@@12@@@@latch acoustic:album_track_try_harder_no_safe_match:1440814069,apple_music_try_harder_pass_v1,album|sam smith|in the lonely hour@@1@@12@@@@latch acoustic,album_sidecar_track,track,,Latch (acoustic),2014,us,album_track_try_harder_no_safe_match,0,0,1440814069,,false
album_sidecar_track:album|sam smith|in the lonely hour@@1@@13@@@@la la la:album_track_try_harder_no_safe_match:1440814069,apple_music_try_harder_pass_v1,album|sam smith|in the lonely hour@@1@@13@@@@la la la,album_sidecar_track,track,,La La La,2014,us,album_track_try_harder_no_safe_match,0,0,1440814069,,false
album_sidecar_track:album|sam smith|in the lonely hour@@1@@14@@@@make it to me:album_track_try_harder_no_safe_match:1440814069,apple_music_try_harder_pass_v1,album|sam smith|in the lonely hour@@1@@14@@@@make it to me,album_sidecar_track,track,,Make It to Me,2014,us,album_track_try_harder_no_safe_match,0,0,1440814069,,false
album_sidecar_track:album|sam smith|in the lonely hour@@1@@15@@@@nirvana acoustic:album_track_try_harder_no_safe_match:1440814069,apple_music_try_harder_pass_v1,album|sam smith|in the lonely hour@@1@@15@@@@nirvana acoustic,album_sidecar_track,track,,Nirvana (acoustic),2014,us,album_track_try_harder_no_safe_match,0,0,1440814069,,false
album_sidecar_track:album|sarah mclachlan|fumbling towards ecstasy@@1@@12@@@@fumbling towards ecstasy possession piano version:album_track_try_harder_no_safe_match:271361254,apple_music_try_harder_pass_v1,album|sarah mclachlan|fumbling towards ecstasy@@1@@12@@@@fumbling towards ecstasy possession piano version,album_sidecar_track,track,,Fumbling Towards Ecstasy / Possession (piano version),1993,us,album_track_try_harder_no_safe_match,2,53,271361254,,false
album_sidecar_track:album|schoolly d|schoolly d@@1@@2@@@@put your fila s on:album_track_try_harder_no_safe_match:1131445208,apple_music_try_harder_pass_v1,album|schoolly d|schoolly d@@1@@2@@@@put your fila s on,album_sidecar_track,track,,Put Your Fila’s On,1985,us,album_track_try_harder_no_safe_match,5,47,1131445208,,false
album_sidecar_track:album|sebadoh|bakesale@@1@@9@@@@s soup:album_track_try_harder_no_safe_match:444189753,apple_music_try_harder_pass_v1,album|sebadoh|bakesale@@1@@9@@@@s soup,album_sidecar_track,track,,S. Soup,1994,us,album_track_try_harder_no_safe_match,32,43,444189753,,false
album_sidecar_track:album|sebadoh|iii@@1@@16@@@@downmind:album_track_try_harder_no_safe_match:252251664,apple_music_try_harder_pass_v1,album|sebadoh|iii@@1@@16@@@@downmind,album_sidecar_track,track,,Downmind,1991,us,album_track_try_harder_no_safe_match,26,43,252251664,,false
album_sidecar_track:album|seether|disclaimer@@1@@11@@@@fuck it:album_track_try_harder_no_safe_match:1440810727,apple_music_try_harder_pass_v1,album|seether|disclaimer@@1@@11@@@@fuck it,album_sidecar_track,track,,Fuck It,2002,us,album_track_try_harder_no_safe_match,2,43,1440810727,,false
album_sidecar_track:album|selena|dreaming of you@@1@@8@@@@wherever you are dondequiera que estes:album_track_try_harder_no_safe_match:1440826979,apple_music_try_harder_pass_v1,album|selena|dreaming of you@@1@@8@@@@wherever you are dondequiera que estes,album_sidecar_track,track,,Wherever You Are (Dondequiera que estés),1995,us,album_track_try_harder_no_safe_match,7,43,1440826979,,false
album_sidecar_track:album|sex pistols|never mind the bollocks here s the sex pistols@@1@@9@@@@sub mission:album_track_try_harder_no_safe_match:266317242,apple_music_try_harder_pass_v1,album|sex pistols|never mind the bollocks here s the sex pistols@@1@@9@@@@sub mission,album_sidecar_track,track,,Sub-Mission,1977,us,album_track_try_harder_no_safe_match,4,43,266317242,,false
album_sidecar_track:album|she wants revenge|she wants revenge@@1@@13@@@@wasted air:album_track_try_harder_no_safe_match:1444219951,apple_music_try_harder_pass_v1,album|she wants revenge|she wants revenge@@1@@13@@@@wasted air,album_sidecar_track,track,,[Wasted Air],2006,us,album_track_try_harder_no_safe_match,3,29,1444219951,,false
album_sidecar_track:album|she wants revenge|she wants revenge@@1@@14@@@@wasted air:album_track_try_harder_no_safe_match:1444219951,apple_music_try_harder_pass_v1,album|she wants revenge|she wants revenge@@1@@14@@@@wasted air,album_sidecar_track,track,,[Wasted Air],2006,us,album_track_try_harder_no_safe_match,3,29,1444219951,,false
album_sidecar_track:album|she wants revenge|she wants revenge@@1@@15@@@@wasted air:album_track_try_harder_no_safe_match:1444219951,apple_music_try_harder_pass_v1,album|she wants revenge|she wants revenge@@1@@15@@@@wasted air,album_sidecar_track,track,,[Wasted Air],2006,us,album_track_try_harder_no_safe_match,3,-2,1444219951,,false
album_sidecar_track:album|she wants revenge|she wants revenge@@1@@16@@@@wasted air:album_track_try_harder_no_safe_match:1444219951,apple_music_try_harder_pass_v1,album|she wants revenge|she wants revenge@@1@@16@@@@wasted air,album_sidecar_track,track,,[Wasted Air],2006,us,album_track_try_harder_no_safe_match,3,-2,1444219951,,false
album_sidecar_track:album|she wants revenge|she wants revenge@@1@@17@@@@wasted air:album_track_try_harder_no_safe_match:1444219951,apple_music_try_harder_pass_v1,album|she wants revenge|she wants revenge@@1@@17@@@@wasted air,album_sidecar_track,track,,[Wasted Air],2006,us,album_track_try_harder_no_safe_match,3,-2,1444219951,,false
album_sidecar_track:album|she wants revenge|she wants revenge@@1@@18@@@@wasted air:album_track_try_harder_no_safe_match:1444219951,apple_music_try_harder_pass_v1,album|she wants revenge|she wants revenge@@1@@18@@@@wasted air,album_sidecar_track,track,,[Wasted Air],2006,us,album_track_try_harder_no_safe_match,3,-2,1444219951,,false
album_sidecar_track:album|she wants revenge|she wants revenge@@1@@19@@@@wasted air:album_track_try_harder_no_safe_match:1444219951,apple_music_try_harder_pass_v1,album|she wants revenge|she wants revenge@@1@@19@@@@wasted air,album_sidecar_track,track,,[Wasted Air],2006,us,album_track_try_harder_no_safe_match,3,-2,1444219951,,false
album_sidecar_track:album|she wants revenge|she wants revenge@@1@@20@@@@wasted air:album_track_try_harder_no_safe_match:1444219951,apple_music_try_harder_pass_v1,album|she wants revenge|she wants revenge@@1@@20@@@@wasted air,album_sidecar_track,track,,[Wasted Air],2006,us,album_track_try_harder_no_safe_match,3,-2,1444219951,,false
album_sidecar_track:album|she wants revenge|she wants revenge@@1@@21@@@@wasted air:album_track_try_harder_no_safe_match:1444219951,apple_music_try_harder_pass_v1,album|she wants revenge|she wants revenge@@1@@21@@@@wasted air,album_sidecar_track,track,,[Wasted Air],2006,us,album_track_try_harder_no_safe_match,3,-2,1444219951,,false
album_sidecar_track:album|she wants revenge|she wants revenge@@1@@22@@@@wasted air:album_track_try_harder_no_safe_match:1444219951,apple_music_try_harder_pass_v1,album|she wants revenge|she wants revenge@@1@@22@@@@wasted air,album_sidecar_track,track,,[Wasted Air],2006,us,album_track_try_harder_no_safe_match,3,-2,1444219951,,false
album_sidecar_track:album|she wants revenge|she wants revenge@@1@@23@@@@wasted air:album_track_try_harder_no_safe_match:1444219951,apple_music_try_harder_pass_v1,album|she wants revenge|she wants revenge@@1@@23@@@@wasted air,album_sidecar_track,track,,[Wasted Air],2006,us,album_track_try_harder_no_safe_match,3,-2,1444219951,,false
album_sidecar_track:album|she wants revenge|she wants revenge@@1@@24@@@@wasted air:album_track_try_harder_no_safe_match:1444219951,apple_music_try_harder_pass_v1,album|she wants revenge|she wants revenge@@1@@24@@@@wasted air,album_sidecar_track,track,,[Wasted Air],2006,us,album_track_try_harder_no_safe_match,3,-2,1444219951,,false
album_sidecar_track:album|she wants revenge|she wants revenge@@1@@25@@@@wasted air:album_track_try_harder_no_safe_match:1444219951,apple_music_try_harder_pass_v1,album|she wants revenge|she wants revenge@@1@@25@@@@wasted air,album_sidecar_track,track,,[Wasted Air],2006,us,album_track_try_harder_no_safe_match,3,-2,1444219951,,false
album_sidecar_track:album|she wants revenge|she wants revenge@@1@@26@@@@wasted air:album_track_try_harder_no_safe_match:1444219951,apple_music_try_harder_pass_v1,album|she wants revenge|she wants revenge@@1@@26@@@@wasted air,album_sidecar_track,track,,[Wasted Air],2006,us,album_track_try_harder_no_safe_match,3,-2,1444219951,,false
album_sidecar_track:album|she wants revenge|she wants revenge@@1@@27@@@@wasted air:album_track_try_harder_no_safe_match:1444219951,apple_music_try_harder_pass_v1,album|she wants revenge|she wants revenge@@1@@27@@@@wasted air,album_sidecar_track,track,,[Wasted Air],2006,us,album_track_try_harder_no_safe_match,3,-2,1444219951,,false
album_sidecar_track:album|she wants revenge|she wants revenge@@1@@28@@@@wasted air:album_track_try_harder_no_safe_match:1444219951,apple_music_try_harder_pass_v1,album|she wants revenge|she wants revenge@@1@@28@@@@wasted air,album_sidecar_track,track,,[Wasted Air],2006,us,album_track_try_harder_no_safe_match,3,-2,1444219951,,false
album_sidecar_track:album|she wants revenge|she wants revenge@@1@@29@@@@wasted air:album_track_try_harder_no_safe_match:1444219951,apple_music_try_harder_pass_v1,album|she wants revenge|she wants revenge@@1@@29@@@@wasted air,album_sidecar_track,track,,[Wasted Air],2006,us,album_track_try_harder_no_safe_match,3,-2,1444219951,,false
album_sidecar_track:album|she wants revenge|she wants revenge@@1@@3@@@@i don t wanna fall in love:album_track_try_harder_no_safe_match:1444219951,apple_music_try_harder_pass_v1,album|she wants revenge|she wants revenge@@1@@3@@@@i don t wanna fall in love,album_sidecar_track,track,,I Don’t Wanna Fall in Love,2006,us,album_track_try_harder_no_safe_match,12,46,1444219951,,false
album_sidecar_track:album|she wants revenge|she wants revenge@@1@@30@@@@wasted air:album_track_try_harder_no_safe_match:1444219951,apple_music_try_harder_pass_v1,album|she wants revenge|she wants revenge@@1@@30@@@@wasted air,album_sidecar_track,track,,[Wasted Air],2006,us,album_track_try_harder_no_safe_match,3,-2,1444219951,,false
album_sidecar_track:album|she wants revenge|she wants revenge@@1@@31@@@@wasted air:album_track_try_harder_no_safe_match:1444219951,apple_music_try_harder_pass_v1,album|she wants revenge|she wants revenge@@1@@31@@@@wasted air,album_sidecar_track,track,,[Wasted Air],2006,us,album_track_try_harder_no_safe_match,3,-2,1444219951,,false
album_sidecar_track:album|she wants revenge|she wants revenge@@1@@32@@@@wasted air:album_track_try_harder_no_safe_match:1444219951,apple_music_try_harder_pass_v1,album|she wants revenge|she wants revenge@@1@@32@@@@wasted air,album_sidecar_track,track,,[Wasted Air],2006,us,album_track_try_harder_no_safe_match,3,-2,1444219951,,false
album_sidecar_track:album|she wants revenge|she wants revenge@@1@@33@@@@wasted air:album_track_try_harder_no_safe_match:1444219951,apple_music_try_harder_pass_v1,album|she wants revenge|she wants revenge@@1@@33@@@@wasted air,album_sidecar_track,track,,[Wasted Air],2006,us,album_track_try_harder_no_safe_match,3,-2,1444219951,,false
album_sidecar_track:album|she wants revenge|she wants revenge@@1@@34@@@@wasted air:album_track_try_harder_no_safe_match:1444219951,apple_music_try_harder_pass_v1,album|she wants revenge|she wants revenge@@1@@34@@@@wasted air,album_sidecar_track,track,,[Wasted Air],2006,us,album_track_try_harder_no_safe_match,3,-2,1444219951,,false
album_sidecar_track:album|she wants revenge|she wants revenge@@1@@35@@@@wasted air:album_track_try_harder_no_safe_match:1444219951,apple_music_try_harder_pass_v1,album|she wants revenge|she wants revenge@@1@@35@@@@wasted air,album_sidecar_track,track,,[Wasted Air],2006,us,album_track_try_harder_no_safe_match,3,-2,1444219951,,false
album_sidecar_track:album|she wants revenge|she wants revenge@@1@@36@@@@wasted air:album_track_try_harder_no_safe_match:1444219951,apple_music_try_harder_pass_v1,album|she wants revenge|she wants revenge@@1@@36@@@@wasted air,album_sidecar_track,track,,[Wasted Air],2006,us,album_track_try_harder_no_safe_match,3,-2,1444219951,,false
album_sidecar_track:album|she wants revenge|she wants revenge@@1@@37@@@@wasted air:album_track_try_harder_no_safe_match:1444219951,apple_music_try_harder_pass_v1,album|she wants revenge|she wants revenge@@1@@37@@@@wasted air,album_sidecar_track,track,,[Wasted Air],2006,us,album_track_try_harder_no_safe_match,3,-2,1444219951,,false
album_sidecar_track:album|she wants revenge|she wants revenge@@1@@38@@@@wasted air:album_track_try_harder_no_safe_match:1444219951,apple_music_try_harder_pass_v1,album|she wants revenge|she wants revenge@@1@@38@@@@wasted air,album_sidecar_track,track,,[Wasted Air],2006,us,album_track_try_harder_no_safe_match,3,-2,1444219951,,false
album_sidecar_track:album|she wants revenge|she wants revenge@@1@@39@@@@wasted air:album_track_try_harder_no_safe_match:1444219951,apple_music_try_harder_pass_v1,album|she wants revenge|she wants revenge@@1@@39@@@@wasted air,album_sidecar_track,track,,[Wasted Air],2006,us,album_track_try_harder_no_safe_match,3,-2,1444219951,,false
album_sidecar_track:album|she wants revenge|she wants revenge@@1@@40@@@@wasted air:album_track_try_harder_no_safe_match:1444219951,apple_music_try_harder_pass_v1,album|she wants revenge|she wants revenge@@1@@40@@@@wasted air,album_sidecar_track,track,,[Wasted Air],2006,us,album_track_try_harder_no_safe_match,3,-2,1444219951,,false
album_sidecar_track:album|she wants revenge|she wants revenge@@1@@41@@@@wasted air:album_track_try_harder_no_safe_match:1444219951,apple_music_try_harder_pass_v1,album|she wants revenge|she wants revenge@@1@@41@@@@wasted air,album_sidecar_track,track,,[Wasted Air],2006,us,album_track_try_harder_no_safe_match,3,-2,1444219951,,false
album_sidecar_track:album|she wants revenge|she wants revenge@@1@@42@@@@wasted air:album_track_try_harder_no_safe_match:1444219951,apple_music_try_harder_pass_v1,album|she wants revenge|she wants revenge@@1@@42@@@@wasted air,album_sidecar_track,track,,[Wasted Air],2006,us,album_track_try_harder_no_safe_match,3,-2,1444219951,,false
album_sidecar_track:album|she wants revenge|she wants revenge@@1@@43@@@@wasted air:album_track_try_harder_no_safe_match:1444219951,apple_music_try_harder_pass_v1,album|she wants revenge|she wants revenge@@1@@43@@@@wasted air,album_sidecar_track,track,,[Wasted Air],2006,us,album_track_try_harder_no_safe_match,3,-2,1444219951,,false
album_sidecar_track:album|she wants revenge|she wants revenge@@1@@44@@@@wasted air:album_track_try_harder_no_safe_match:1444219951,apple_music_try_harder_pass_v1,album|she wants revenge|she wants revenge@@1@@44@@@@wasted air,album_sidecar_track,track,,[Wasted Air],2006,us,album_track_try_harder_no_safe_match,3,-2,1444219951,,false
album_sidecar_track:album|she wants revenge|she wants revenge@@1@@45@@@@wasted air:album_track_try_harder_no_safe_match:1444219951,apple_music_try_harder_pass_v1,album|she wants revenge|she wants revenge@@1@@45@@@@wasted air,album_sidecar_track,track,,[Wasted Air],2006,us,album_track_try_harder_no_safe_match,3,-2,1444219951,,false
album_sidecar_track:album|she wants revenge|she wants revenge@@1@@46@@@@wasted air:album_track_try_harder_no_safe_match:1444219951,apple_music_try_harder_pass_v1,album|she wants revenge|she wants revenge@@1@@46@@@@wasted air,album_sidecar_track,track,,[Wasted Air],2006,us,album_track_try_harder_no_safe_match,3,-2,1444219951,,false
album_sidecar_track:album|she wants revenge|she wants revenge@@1@@47@@@@wasted air:album_track_try_harder_no_safe_match:1444219951,apple_music_try_harder_pass_v1,album|she wants revenge|she wants revenge@@1@@47@@@@wasted air,album_sidecar_track,track,,[Wasted Air],2006,us,album_track_try_harder_no_safe_match,3,-2,1444219951,,false
album_sidecar_track:album|she wants revenge|she wants revenge@@1@@48@@@@wasted air:album_track_try_harder_no_safe_match:1444219951,apple_music_try_harder_pass_v1,album|she wants revenge|she wants revenge@@1@@48@@@@wasted air,album_sidecar_track,track,,[Wasted Air],2006,us,album_track_try_harder_no_safe_match,3,-2,1444219951,,false
album_sidecar_track:album|she wants revenge|she wants revenge@@1@@49@@@@wasted air:album_track_try_harder_no_safe_match:1444219951,apple_music_try_harder_pass_v1,album|she wants revenge|she wants revenge@@1@@49@@@@wasted air,album_sidecar_track,track,,[Wasted Air],2006,us,album_track_try_harder_no_safe_match,3,-2,1444219951,,false
album_sidecar_track:album|she wants revenge|she wants revenge@@1@@50@@@@wasted air:album_track_try_harder_no_safe_match:1444219951,apple_music_try_harder_pass_v1,album|she wants revenge|she wants revenge@@1@@50@@@@wasted air,album_sidecar_track,track,,[Wasted Air],2006,us,album_track_try_harder_no_safe_match,3,-2,1444219951,,false
album_sidecar_track:album|she wants revenge|she wants revenge@@1@@51@@@@wasted air:album_track_try_harder_no_safe_match:1444219951,apple_music_try_harder_pass_v1,album|she wants revenge|she wants revenge@@1@@51@@@@wasted air,album_sidecar_track,track,,[Wasted Air],2006,us,album_track_try_harder_no_safe_match,3,-2,1444219951,,false
album_sidecar_track:album|she wants revenge|she wants revenge@@1@@52@@@@wasted air:album_track_try_harder_no_safe_match:1444219951,apple_music_try_harder_pass_v1,album|she wants revenge|she wants revenge@@1@@52@@@@wasted air,album_sidecar_track,track,,[Wasted Air],2006,us,album_track_try_harder_no_safe_match,3,-2,1444219951,,false
album_sidecar_track:album|she wants revenge|she wants revenge@@1@@53@@@@wasted air:album_track_try_harder_no_safe_match:1444219951,apple_music_try_harder_pass_v1,album|she wants revenge|she wants revenge@@1@@53@@@@wasted air,album_sidecar_track,track,,[Wasted Air],2006,us,album_track_try_harder_no_safe_match,3,-2,1444219951,,false
album_sidecar_track:album|she wants revenge|she wants revenge@@1@@54@@@@wasted air:album_track_try_harder_no_safe_match:1444219951,apple_music_try_harder_pass_v1,album|she wants revenge|she wants revenge@@1@@54@@@@wasted air,album_sidecar_track,track,,[Wasted Air],2006,us,album_track_try_harder_no_safe_match,3,-2,1444219951,,false
album_sidecar_track:album|she wants revenge|she wants revenge@@1@@55@@@@wasted air:album_track_try_harder_no_safe_match:1444219951,apple_music_try_harder_pass_v1,album|she wants revenge|she wants revenge@@1@@55@@@@wasted air,album_sidecar_track,track,,[Wasted Air],2006,us,album_track_try_harder_no_safe_match,3,-2,1444219951,,false
album_sidecar_track:album|she wants revenge|she wants revenge@@1@@56@@@@wasted air:album_track_try_harder_no_safe_match:1444219951,apple_music_try_harder_pass_v1,album|she wants revenge|she wants revenge@@1@@56@@@@wasted air,album_sidecar_track,track,,[Wasted Air],2006,us,album_track_try_harder_no_safe_match,3,-2,1444219951,,false
album_sidecar_track:album|she wants revenge|she wants revenge@@1@@57@@@@wasted air:album_track_try_harder_no_safe_match:1444219951,apple_music_try_harder_pass_v1,album|she wants revenge|she wants revenge@@1@@57@@@@wasted air,album_sidecar_track,track,,[Wasted Air],2006,us,album_track_try_harder_no_safe_match,3,-2,1444219951,,false
album_sidecar_track:album|she wants revenge|she wants revenge@@1@@58@@@@wasted air:album_track_try_harder_no_safe_match:1444219951,apple_music_try_harder_pass_v1,album|she wants revenge|she wants revenge@@1@@58@@@@wasted air,album_sidecar_track,track,,[Wasted Air],2006,us,album_track_try_harder_no_safe_match,3,-2,1444219951,,false
album_sidecar_track:album|she wants revenge|she wants revenge@@1@@59@@@@wasted air:album_track_try_harder_no_safe_match:1444219951,apple_music_try_harder_pass_v1,album|she wants revenge|she wants revenge@@1@@59@@@@wasted air,album_sidecar_track,track,,[Wasted Air],2006,us,album_track_try_harder_no_safe_match,3,-2,1444219951,,false
album_sidecar_track:album|she wants revenge|she wants revenge@@1@@60@@@@wasted air:album_track_try_harder_no_safe_match:1444219951,apple_music_try_harder_pass_v1,album|she wants revenge|she wants revenge@@1@@60@@@@wasted air,album_sidecar_track,track,,[Wasted Air],2006,us,album_track_try_harder_no_safe_match,3,-2,1444219951,,false
album_sidecar_track:album|she wants revenge|she wants revenge@@1@@61@@@@wasted air:album_track_try_harder_no_safe_match:1444219951,apple_music_try_harder_pass_v1,album|she wants revenge|she wants revenge@@1@@61@@@@wasted air,album_sidecar_track,track,,[Wasted Air],2006,us,album_track_try_harder_no_safe_match,3,-2,1444219951,,false
album_sidecar_track:album|she wants revenge|she wants revenge@@1@@62@@@@wasted air:album_track_try_harder_no_safe_match:1444219951,apple_music_try_harder_pass_v1,album|she wants revenge|she wants revenge@@1@@62@@@@wasted air,album_sidecar_track,track,,[Wasted Air],2006,us,album_track_try_harder_no_safe_match,3,-2,1444219951,,false
album_sidecar_track:album|she wants revenge|she wants revenge@@1@@63@@@@wasted air:album_track_try_harder_no_safe_match:1444219951,apple_music_try_harder_pass_v1,album|she wants revenge|she wants revenge@@1@@63@@@@wasted air,album_sidecar_track,track,,[Wasted Air],2006,us,album_track_try_harder_no_safe_match,3,-2,1444219951,,false
album_sidecar_track:album|she wants revenge|she wants revenge@@1@@64@@@@wasted air:album_track_try_harder_no_safe_match:1444219951,apple_music_try_harder_pass_v1,album|she wants revenge|she wants revenge@@1@@64@@@@wasted air,album_sidecar_track,track,,[Wasted Air],2006,us,album_track_try_harder_no_safe_match,3,-2,1444219951,,false
album_sidecar_track:album|she wants revenge|she wants revenge@@1@@65@@@@wasted air:album_track_try_harder_no_safe_match:1444219951,apple_music_try_harder_pass_v1,album|she wants revenge|she wants revenge@@1@@65@@@@wasted air,album_sidecar_track,track,,[Wasted Air],2006,us,album_track_try_harder_no_safe_match,3,-2,1444219951,,false
album_sidecar_track:album|she wants revenge|she wants revenge@@1@@66@@@@killing time:album_track_try_harder_no_safe_match:1444219951,apple_music_try_harder_pass_v1,album|she wants revenge|she wants revenge@@1@@66@@@@killing time,album_sidecar_track,track,,Killing Time,2006,us,album_track_try_harder_no_safe_match,3,51,1444219951,,false
album_sidecar_track:album|sheryl crow|sheryl crow@@1@@1@@@@nobody needs you when you re down:album_track_try_harder_no_safe_match:1440920951,apple_music_try_harder_pass_v1,album|sheryl crow|sheryl crow@@1@@1@@@@nobody needs you when you re down,album_sidecar_track,track,,Nobody Needs You When You’re Down,1996,us,album_track_try_harder_no_safe_match,13,34,1440920951,,false
album_sidecar_track:album|sheryl crow|sheryl crow@@1@@10@@@@all i wanna do:album_track_try_harder_no_safe_match:1440920951,apple_music_try_harder_pass_v1,album|sheryl crow|sheryl crow@@1@@10@@@@all i wanna do,album_sidecar_track,track,,All I Wanna Do,1996,us,album_track_try_harder_no_safe_match,13,29,1440920951,,false
album_sidecar_track:album|sheryl crow|sheryl crow@@1@@2@@@@can t cry anymore:album_track_try_harder_no_safe_match:1440920951,apple_music_try_harder_pass_v1,album|sheryl crow|sheryl crow@@1@@2@@@@can t cry anymore,album_sidecar_track,track,,Can’t Cry Anymore,1996,us,album_track_try_harder_no_safe_match,13,33,1440920951,,false
album_sidecar_track:album|sheryl crow|sheryl crow@@1@@3@@@@run baby run:album_track_try_harder_no_safe_match:1440920951,apple_music_try_harder_pass_v1,album|sheryl crow|sheryl crow@@1@@3@@@@run baby run,album_sidecar_track,track,,Run Baby Run,1996,us,album_track_try_harder_no_safe_match,13,32,1440920951,,false
album_sidecar_track:album|sheryl crow|sheryl crow@@1@@4@@@@na na song:album_track_try_harder_no_safe_match:1440920951,apple_music_try_harder_pass_v1,album|sheryl crow|sheryl crow@@1@@4@@@@na na song,album_sidecar_track,track,,The Na‐Na Song,1996,us,album_track_try_harder_no_safe_match,13,31,1440920951,,false
album_sidecar_track:album|sheryl crow|sheryl crow@@1@@5@@@@strong enough:album_track_try_harder_no_safe_match:1440920951,apple_music_try_harder_pass_v1,album|sheryl crow|sheryl crow@@1@@5@@@@strong enough,album_sidecar_track,track,,Strong Enough,1996,us,album_track_try_harder_no_safe_match,13,30,1440920951,,false
album_sidecar_track:album|sheryl crow|sheryl crow@@1@@6@@@@no one said it would be easy:album_track_try_harder_no_safe_match:1440920951,apple_music_try_harder_pass_v1,album|sheryl crow|sheryl crow@@1@@6@@@@no one said it would be easy,album_sidecar_track,track,,No One Said It Would Be Easy,1996,us,album_track_try_harder_no_safe_match,13,29,1440920951,,false
album_sidecar_track:album|sheryl crow|sheryl crow@@1@@7@@@@leaving las vegas:album_track_try_harder_no_safe_match:1440920951,apple_music_try_harder_pass_v1,album|sheryl crow|sheryl crow@@1@@7@@@@leaving las vegas,album_sidecar_track,track,,Leaving Las Vegas,1996,us,album_track_try_harder_no_safe_match,13,29,1440920951,,false
album_sidecar_track:album|sheryl crow|sheryl crow@@1@@8@@@@what i can do for you:album_track_try_harder_no_safe_match:1440920951,apple_music_try_harder_pass_v1,album|sheryl crow|sheryl crow@@1@@8@@@@what i can do for you,album_sidecar_track,track,,What I Can Do for You,1996,us,album_track_try_harder_no_safe_match,13,29,1440920951,,false
album_sidecar_track:album|sheryl crow|sheryl crow@@1@@9@@@@i shall believe:album_track_try_harder_no_safe_match:1440920951,apple_music_try_harder_pass_v1,album|sheryl crow|sheryl crow@@1@@9@@@@i shall believe,album_sidecar_track,track,,I Shall Believe,1996,us,album_track_try_harder_no_safe_match,13,29,1440920951,,false
album_sidecar_track:album|shinedown|sound of madness@@1@@12@@@@i own you:album_track_try_harder_no_safe_match:279812098,apple_music_try_harder_pass_v1,album|shinedown|sound of madness@@1@@12@@@@i own you,album_sidecar_track,track,,I Own You,2008,us,album_track_try_harder_no_safe_match,0,0,279812098,,false
album_sidecar_track:album|shinedown|sound of madness@@1@@13@@@@energy:album_track_try_harder_no_safe_match:279812098,apple_music_try_harder_pass_v1,album|shinedown|sound of madness@@1@@13@@@@energy,album_sidecar_track,track,,Energy,2008,us,album_track_try_harder_no_safe_match,0,0,279812098,,false
album_sidecar_track:album|shinedown|sound of madness@@1@@14@@@@son of sam:album_track_try_harder_no_safe_match:279812098,apple_music_try_harder_pass_v1,album|shinedown|sound of madness@@1@@14@@@@son of sam,album_sidecar_track,track,,Son of Sam,2008,us,album_track_try_harder_no_safe_match,0,0,279812098,,false
album_sidecar_track:album|shirelles|baby it s you@@1@@11@@@@twisting in u s a:album_track_try_harder_no_safe_match:288092836,apple_music_try_harder_pass_v1,album|shirelles|baby it s you@@1@@11@@@@twisting in u s a,album_sidecar_track,track,,Twisting in the U.S.A.,1962,us,album_track_try_harder_no_safe_match,7,43,288092836,,false
album_sidecar_track:album|shirelles|baby it s you@@1@@2@@@@things i want to hear:album_track_try_harder_no_safe_match:288092836,apple_music_try_harder_pass_v1,album|shirelles|baby it s you@@1@@2@@@@things i want to hear,album_sidecar_track,track,,Things I Want to Hear,1962,us,album_track_try_harder_no_safe_match,11,38,288092836,,false
album_sidecar_track:album|shirelles|baby it s you@@1@@3@@@@big john:album_track_try_harder_no_safe_match:288092836,apple_music_try_harder_pass_v1,album|shirelles|baby it s you@@1@@3@@@@big john,album_sidecar_track,track,,Big John,1962,us,album_track_try_harder_no_safe_match,11,37,288092836,,false
album_sidecar_track:album|shirelles|baby it s you@@1@@4@@@@same old story:album_track_try_harder_no_safe_match:288092836,apple_music_try_harder_pass_v1,album|shirelles|baby it s you@@1@@4@@@@same old story,album_sidecar_track,track,,The Same Old Story,1962,us,album_track_try_harder_no_safe_match,11,52,288092836,,false
album_sidecar_track:album|shirelles|baby it s you@@1@@5@@@@voice of experience:album_track_try_harder_no_safe_match:288092836,apple_music_try_harder_pass_v1,album|shirelles|baby it s you@@1@@5@@@@voice of experience,album_sidecar_track,track,,Voice of Experience,1962,us,album_track_try_harder_no_safe_match,11,51,288092836,,false
album_sidecar_track:album|shirelles|baby it s you@@1@@6@@@@irresistible you:album_track_try_harder_no_safe_match:288092836,apple_music_try_harder_pass_v1,album|shirelles|baby it s you@@1@@6@@@@irresistible you,album_sidecar_track,track,,Irresistible You,1962,us,album_track_try_harder_no_safe_match,11,55,288092836,,false
album_sidecar_track:album|shirelles|tonight s the night@@1@@5@@@@doin rondie:album_track_try_harder_no_safe_match:453763532,apple_music_try_harder_pass_v1,album|shirelles|tonight s the night@@1@@5@@@@doin rondie,album_sidecar_track,track,,Doin’ the Rondie,1961,us,album_track_try_harder_no_safe_match,8,44,453763532,,false
album_sidecar_track:album|silver apples|contact@@1@@5@@@@you re not foolin me:album_track_try_harder_no_safe_match:1443519849,apple_music_try_harder_pass_v1,album|silver apples|contact@@1@@5@@@@you re not foolin me,album_sidecar_track,track,,You're Not Foolin' Me,1969,us,album_track_try_harder_no_safe_match,5,35,1443519849,,false
album_sidecar_track:album|simon and garfunkel|sounds of silence@@1@@1@@@@sounds of silence:album_track_try_harder_no_safe_match:192480256,apple_music_try_harder_pass_v1,album|simon and garfunkel|sounds of silence@@1@@1@@@@sounds of silence,album_sidecar_track,track,,The Sounds of Silence,1966,us,album_track_try_harder_no_safe_match,11,44,192480256,,false
album_sidecar_track:album|simon and garfunkel|sounds of silence@@1@@10@@@@we ve got a groovey thing goin:album_track_try_harder_no_safe_match:192480256,apple_music_try_harder_pass_v1,album|simon and garfunkel|sounds of silence@@1@@10@@@@we ve got a groovey thing goin,album_sidecar_track,track,,We’ve Got a Groovey Thing Goin’,1966,us,album_track_try_harder_no_safe_match,4,39,192480256,,false
album_sidecar_track:album|simon and garfunkel|sounds of silence@@1@@6@@@@angie:album_track_try_harder_no_safe_match:192480256,apple_music_try_harder_pass_v1,album|simon and garfunkel|sounds of silence@@1@@6@@@@angie,album_sidecar_track,track,,Angie,1966,us,album_track_try_harder_no_safe_match,7,43,192480256,,false
album_sidecar_track:album|simple plan|still not getting any@@2@@1@@@@shut up 5 1 mix:album_track_try_harder_no_safe_match:27295864,apple_music_try_harder_pass_v1,album|simple plan|still not getting any@@2@@1@@@@shut up 5 1 mix,album_sidecar_track,track,,Shut Up! (5.1 mix),2004,us,album_track_try_harder_no_safe_match,0,0,27295864,,false
album_sidecar_track:album|simple plan|still not getting any@@2@@10@@@@one 5 1 mix:album_track_try_harder_no_safe_match:27295864,apple_music_try_harder_pass_v1,album|simple plan|still not getting any@@2@@10@@@@one 5 1 mix,album_sidecar_track,track,,One (5.1 mix),2004,us,album_track_try_harder_no_safe_match,0,0,27295864,,false
album_sidecar_track:album|simple plan|still not getting any@@2@@11@@@@untitled 5 1 mix:album_track_try_harder_no_safe_match:27295864,apple_music_try_harder_pass_v1,album|simple plan|still not getting any@@2@@11@@@@untitled 5 1 mix,album_sidecar_track,track,,Untitled (5.1 mix),2004,us,album_track_try_harder_no_safe_match,0,0,27295864,,false
album_sidecar_track:album|simple plan|still not getting any@@2@@2@@@@welcome to my life 5 1 mix:album_track_try_harder_no_safe_match:27295864,apple_music_try_harder_pass_v1,album|simple plan|still not getting any@@2@@2@@@@welcome to my life 5 1 mix,album_sidecar_track,track,,Welcome to My Life (5.1 mix),2004,us,album_track_try_harder_no_safe_match,0,0,27295864,,false
album_sidecar_track:album|simple plan|still not getting any@@2@@3@@@@perfect world 5 1 mix:album_track_try_harder_no_safe_match:27295864,apple_music_try_harder_pass_v1,album|simple plan|still not getting any@@2@@3@@@@perfect world 5 1 mix,album_sidecar_track,track,,Perfect World (5.1 mix),2004,us,album_track_try_harder_no_safe_match,0,0,27295864,,false
album_sidecar_track:album|simple plan|still not getting any@@2@@4@@@@thank you 5 1 mix:album_track_try_harder_no_safe_match:27295864,apple_music_try_harder_pass_v1,album|simple plan|still not getting any@@2@@4@@@@thank you 5 1 mix,album_sidecar_track,track,,Thank You (5.1 mix),2004,us,album_track_try_harder_no_safe_match,0,0,27295864,,false
album_sidecar_track:album|simple plan|still not getting any@@2@@5@@@@me against world 5 1 mix:album_track_try_harder_no_safe_match:27295864,apple_music_try_harder_pass_v1,album|simple plan|still not getting any@@2@@5@@@@me against world 5 1 mix,album_sidecar_track,track,,Me Against the World (5.1 mix),2004,us,album_track_try_harder_no_safe_match,0,0,27295864,,false
album_sidecar_track:album|simple plan|still not getting any@@2@@6@@@@crazy 5 1 mix:album_track_try_harder_no_safe_match:27295864,apple_music_try_harder_pass_v1,album|simple plan|still not getting any@@2@@6@@@@crazy 5 1 mix,album_sidecar_track,track,,Crazy (5.1 mix),2004,us,album_track_try_harder_no_safe_match,0,0,27295864,,false
album_sidecar_track:album|simple plan|still not getting any@@2@@7@@@@jump 5 1 mix:album_track_try_harder_no_safe_match:27295864,apple_music_try_harder_pass_v1,album|simple plan|still not getting any@@2@@7@@@@jump 5 1 mix,album_sidecar_track,track,,Jump (5.1 mix),2004,us,album_track_try_harder_no_safe_match,0,0,27295864,,false
album_sidecar_track:album|simple plan|still not getting any@@2@@8@@@@everytime 5 1 mix:album_track_try_harder_no_safe_match:27295864,apple_music_try_harder_pass_v1,album|simple plan|still not getting any@@2@@8@@@@everytime 5 1 mix,album_sidecar_track,track,,Everytime (5.1 mix),2004,us,album_track_try_harder_no_safe_match,0,0,27295864,,false
album_sidecar_track:album|simple plan|still not getting any@@2@@9@@@@promise 5 1 mix:album_track_try_harder_no_safe_match:27295864,apple_music_try_harder_pass_v1,album|simple plan|still not getting any@@2@@9@@@@promise 5 1 mix,album_sidecar_track,track,,Promise (5.1 mix),2004,us,album_track_try_harder_no_safe_match,0,0,27295864,,false
album_sidecar_track:album|sister rosetta tharpe|gospel train@@1@@5@@@@can t no grave hold my body down:album_track_try_harder_no_safe_match:1442449575,apple_music_try_harder_pass_v1,album|sister rosetta tharpe|gospel train@@1@@5@@@@can t no grave hold my body down,album_sidecar_track,track,,Can't No Grave Hold My Body Down,1956,us,album_track_try_harder_no_safe_match,8,44,1442449575,,false
album_sidecar_track:album|sisters of mercy|floodland@@1@@10@@@@colours:album_track_try_harder_no_safe_match:1027459890,apple_music_try_harder_pass_v1,album|sisters of mercy|floodland@@1@@10@@@@colours,album_sidecar_track,track,,Colours,1987,us,album_track_try_harder_no_safe_match,2,-5,1027459890,,false
album_sidecar_track:album|sisters of mercy|floodland@@1@@6@@@@flood ii:album_track_try_harder_no_safe_match:1027459890,apple_music_try_harder_pass_v1,album|sisters of mercy|floodland@@1@@6@@@@flood ii,album_sidecar_track,track,,Flood II,1987,us,album_track_try_harder_no_safe_match,3,53,1027459890,,false
album_sidecar_track:album|sisters of mercy|floodland@@1@@7@@@@driven like snow:album_track_try_harder_no_safe_match:1027459890,apple_music_try_harder_pass_v1,album|sisters of mercy|floodland@@1@@7@@@@driven like snow,album_sidecar_track,track,,Driven Like the Snow,1987,us,album_track_try_harder_no_safe_match,3,53,1027459890,,false
album_sidecar_track:album|sisters of mercy|floodland@@1@@9@@@@torch:album_track_try_harder_no_safe_match:1027459890,apple_music_try_harder_pass_v1,album|sisters of mercy|floodland@@1@@9@@@@torch,album_sidecar_track,track,,Torch,1987,us,album_track_try_harder_no_safe_match,2,-5,1027459890,,false
album_sidecar_track:album|skid row|slave to the grind@@1@@6@@@@beggar s day:album_track_try_harder_no_safe_match:1727313193,apple_music_try_harder_pass_v1,album|skid row|slave to the grind@@1@@6@@@@beggar s day,album_sidecar_track,track,,Beggar's Day,1991,us,album_track_try_harder_no_safe_match,7,29,1727313193,,false
album_sidecar_track:album|skrillex|scary monsters and nice sprites@@1@@7@@@@scary monsters and nice sprites noisia remix:album_track_try_harder_no_safe_match:409001929,apple_music_try_harder_pass_v1,album|skrillex|scary monsters and nice sprites@@1@@7@@@@scary monsters and nice sprites noisia remix,album_sidecar_track,track,,Scary Monsters and Nice Sprites (Noisia remix),2010,us,album_track_try_harder_no_safe_match,3,43,409001929,,false
album_sidecar_track:album|sleep|dopesmoker@@1@@2@@@@sonic titan:album_track_try_harder_no_safe_match:1854884359,apple_music_try_harder_pass_v1,album|sleep|dopesmoker@@1@@2@@@@sonic titan,album_sidecar_track,track,,Sonic Titan,2003,us,album_track_try_harder_no_safe_match,1,33,1854884359,,false
album_sidecar_track:album|sloan|one chord to another@@2@@1@@@@let s get party started:album_track_try_harder_no_safe_match:347711625,apple_music_try_harder_pass_v1,album|sloan|one chord to another@@2@@1@@@@let s get party started,album_sidecar_track,track,,Let's Get the Party Started,1996,us,album_track_try_harder_no_safe_match,0,0,347711625,,false
album_sidecar_track:album|sloan|one chord to another@@2@@10@@@@i wouldn t want to lose your love:album_track_try_harder_no_safe_match:347711625,apple_music_try_harder_pass_v1,album|sloan|one chord to another@@2@@10@@@@i wouldn t want to lose your love,album_sidecar_track,track,,I Wouldn't Want to Lose Your Love,1996,us,album_track_try_harder_no_safe_match,0,0,347711625,,false
album_sidecar_track:album|sloan|one chord to another@@2@@2@@@@i can feel it:album_track_try_harder_no_safe_match:347711625,apple_music_try_harder_pass_v1,album|sloan|one chord to another@@2@@2@@@@i can feel it,album_sidecar_track,track,,I Can Feel It,1996,us,album_track_try_harder_no_safe_match,0,0,347711625,,false
album_sidecar_track:album|sloan|one chord to another@@2@@3@@@@dignified and old:album_track_try_harder_no_safe_match:347711625,apple_music_try_harder_pass_v1,album|sloan|one chord to another@@2@@3@@@@dignified and old,album_sidecar_track,track,,Dignified and Old,1996,us,album_track_try_harder_no_safe_match,0,0,347711625,,false
album_sidecar_track:album|sloan|one chord to another@@2@@4@@@@glitter and gold:album_track_try_harder_no_safe_match:347711625,apple_music_try_harder_pass_v1,album|sloan|one chord to another@@2@@4@@@@glitter and gold,album_sidecar_track,track,,Glitter and Gold,1996,us,album_track_try_harder_no_safe_match,0,0,347711625,,false
album_sidecar_track:album|sloan|one chord to another@@2@@5@@@@over you:album_track_try_harder_no_safe_match:347711625,apple_music_try_harder_pass_v1,album|sloan|one chord to another@@2@@5@@@@over you,album_sidecar_track,track,,Over You,1996,us,album_track_try_harder_no_safe_match,0,0,347711625,,false
album_sidecar_track:album|sloan|one chord to another@@2@@6@@@@i am cancer:album_track_try_harder_no_safe_match:347711625,apple_music_try_harder_pass_v1,album|sloan|one chord to another@@2@@6@@@@i am cancer,album_sidecar_track,track,,I Am the Cancer,1996,us,album_track_try_harder_no_safe_match,0,0,347711625,,false
album_sidecar_track:album|sloan|one chord to another@@2@@7@@@@i can t let go:album_track_try_harder_no_safe_match:347711625,apple_music_try_harder_pass_v1,album|sloan|one chord to another@@2@@7@@@@i can t let go,album_sidecar_track,track,,I Can't Let Go,1996,us,album_track_try_harder_no_safe_match,0,0,347711625,,false
album_sidecar_track:album|sloan|one chord to another@@2@@8@@@@stood up:album_track_try_harder_no_safe_match:347711625,apple_music_try_harder_pass_v1,album|sloan|one chord to another@@2@@8@@@@stood up,album_sidecar_track,track,,Stood Up,1996,us,album_track_try_harder_no_safe_match,0,0,347711625,,false
album_sidecar_track:album|sloan|one chord to another@@2@@9@@@@on road again transona five:album_track_try_harder_no_safe_match:347711625,apple_music_try_harder_pass_v1,album|sloan|one chord to another@@2@@9@@@@on road again transona five,album_sidecar_track,track,,On the Road Again/Transona Five,1996,us,album_track_try_harder_no_safe_match,0,0,347711625,,false
album_sidecar_track:album|slowdive|souvlaki@@1@@11@@@@some velvet morning:album_track_try_harder_no_safe_match:399211729,apple_music_try_harder_pass_v1,album|slowdive|souvlaki@@1@@11@@@@some velvet morning,album_sidecar_track,track,,Some Velvet Morning,1993,us,album_track_try_harder_no_safe_match,9,51,399211729,,false
album_sidecar_track:album|slowdive|souvlaki@@1@@12@@@@good day sunshine:album_track_try_harder_no_safe_match:399211729,apple_music_try_harder_pass_v1,album|slowdive|souvlaki@@1@@12@@@@good day sunshine,album_sidecar_track,track,,Good Day Sunshine,1993,us,album_track_try_harder_no_safe_match,9,47,399211729,,false
album_sidecar_track:album|slowdive|souvlaki@@1@@13@@@@missing you:album_track_try_harder_no_safe_match:399211729,apple_music_try_harder_pass_v1,album|slowdive|souvlaki@@1@@13@@@@missing you,album_sidecar_track,track,,Missing You,1993,us,album_track_try_harder_no_safe_match,9,47,399211729,,false
album_sidecar_track:album|slowdive|souvlaki@@1@@14@@@@country rain:album_track_try_harder_no_safe_match:399211729,apple_music_try_harder_pass_v1,album|slowdive|souvlaki@@1@@14@@@@country rain,album_sidecar_track,track,,Country Rain,1993,us,album_track_try_harder_no_safe_match,9,47,399211729,,false
album_sidecar_track:album|sly and the family stone|stand@@1@@2@@@@don t call me nigger whitey:album_track_try_harder_no_safe_match:216551517,apple_music_try_harder_pass_v1,album|sly and the family stone|stand@@1@@2@@@@don t call me nigger whitey,album_sidecar_track,track,,"Don’t Call Me Nigger, Whitey",1969,us,album_track_try_harder_no_safe_match,12,47,216551517,,false
album_sidecar_track:album|sly and the family stone|there s a riot goin on@@1@@10@@@@runnin away:album_track_try_harder_no_safe_match:1501778712,apple_music_try_harder_pass_v1,album|sly and the family stone|there s a riot goin on@@1@@10@@@@runnin away,album_sidecar_track,track,,Runnin’ Away,1971,us,album_track_try_harder_no_safe_match,7,51,1501778712,,false
album_sidecar_track:album|sly and the family stone|there s a riot goin on@@1@@11@@@@thank you for talkin to me africa:album_track_try_harder_no_safe_match:1501778712,apple_music_try_harder_pass_v1,album|sly and the family stone|there s a riot goin on@@1@@11@@@@thank you for talkin to me africa,album_sidecar_track,track,,Thank You for Talkin’ to Me Africa,1971,us,album_track_try_harder_no_safe_match,7,51,1501778712,,false
album_sidecar_track:album|sly and the family stone|there s a riot goin on@@1@@6@@@@brave and strong:album_track_try_harder_no_safe_match:1501778712,apple_music_try_harder_pass_v1,album|sly and the family stone|there s a riot goin on@@1@@6@@@@brave and strong,album_sidecar_track,track,,Brave and Strong,1971,us,album_track_try_harder_no_safe_match,7,51,1501778712,,false
album_sidecar_track:album|sly and the family stone|there s a riot goin on@@1@@7@@@@you caught me smilin:album_track_try_harder_no_safe_match:1501778712,apple_music_try_harder_pass_v1,album|sly and the family stone|there s a riot goin on@@1@@7@@@@you caught me smilin,album_sidecar_track,track,,(You Caught Me) Smilin’,1971,us,album_track_try_harder_no_safe_match,7,51,1501778712,,false
album_sidecar_track:album|sly and the family stone|there s a riot goin on@@1@@8@@@@time:album_track_try_harder_no_safe_match:1501778712,apple_music_try_harder_pass_v1,album|sly and the family stone|there s a riot goin on@@1@@8@@@@time,album_sidecar_track,track,,Time,1971,us,album_track_try_harder_no_safe_match,7,51,1501778712,,false
album_sidecar_track:album|sly and the family stone|there s a riot goin on@@1@@9@@@@spaced cowboy:album_track_try_harder_no_safe_match:1501778712,apple_music_try_harder_pass_v1,album|sly and the family stone|there s a riot goin on@@1@@9@@@@spaced cowboy,album_sidecar_track,track,,Spaced Cowboy,1971,us,album_track_try_harder_no_safe_match,7,51,1501778712,,false
album_sidecar_track:album|small faces|ogdens nut gone flake@@1@@1@@@@ogden s nut gone flake:album_track_try_harder_no_safe_match:323024349,apple_music_try_harder_pass_v1,album|small faces|ogdens nut gone flake@@1@@1@@@@ogden s nut gone flake,album_sidecar_track,track,,Ogden’s Nut Gone Flake,1968,us,album_track_try_harder_no_safe_match,7,44,323024349,,false
album_sidecar_track:album|small faces|ogdens nut gone flake@@1@@10@@@@journey:album_track_try_harder_no_safe_match:323024349,apple_music_try_harder_pass_v1,album|small faces|ogdens nut gone flake@@1@@10@@@@journey,album_sidecar_track,track,,The Journey,1968,us,album_track_try_harder_no_safe_match,1,0,323024349,,false
album_sidecar_track:album|small faces|ogdens nut gone flake@@1@@11@@@@mad john:album_track_try_harder_no_safe_match:323024349,apple_music_try_harder_pass_v1,album|small faces|ogdens nut gone flake@@1@@11@@@@mad john,album_sidecar_track,track,,Mad John,1968,us,album_track_try_harder_no_safe_match,1,0,323024349,,false
album_sidecar_track:album|small faces|ogdens nut gone flake@@1@@12@@@@happydaystoytown:album_track_try_harder_no_safe_match:323024349,apple_music_try_harder_pass_v1,album|small faces|ogdens nut gone flake@@1@@12@@@@happydaystoytown,album_sidecar_track,track,,Happydaystoytown,1968,us,album_track_try_harder_no_safe_match,1,0,323024349,,false
album_sidecar_track:album|small faces|ogdens nut gone flake@@1@@8@@@@rollin over:album_track_try_harder_no_safe_match:323024349,apple_music_try_harder_pass_v1,album|small faces|ogdens nut gone flake@@1@@8@@@@rollin over,album_sidecar_track,track,,Rollin’ Over,1968,us,album_track_try_harder_no_safe_match,1,10,323024349,,false
album_sidecar_track:album|small faces|ogdens nut gone flake@@1@@9@@@@hungry intruder:album_track_try_harder_no_safe_match:323024349,apple_music_try_harder_pass_v1,album|small faces|ogdens nut gone flake@@1@@9@@@@hungry intruder,album_sidecar_track,track,,The Hungry Intruder,1968,us,album_track_try_harder_no_safe_match,1,10,323024349,,false
album_sidecar_track:album|smokey robinson and the miracles|hi we re the miracles@@1@@12@@@@that s way i feel:album_track_try_harder_no_safe_match:1444086503,apple_music_try_harder_pass_v1,album|smokey robinson and the miracles|hi we re the miracles@@1@@12@@@@that s way i feel,album_sidecar_track,track,,That's the Way I Feel,1961,us,album_track_try_harder_no_safe_match,0,0,1444086503,,false
album_sidecar_track:album|smokey robinson and the miracles|hi we re the miracles@@1@@13@@@@everybody s gotta pay some dues:album_track_try_harder_no_safe_match:1444086503,apple_music_try_harder_pass_v1,album|smokey robinson and the miracles|hi we re the miracles@@1@@13@@@@everybody s gotta pay some dues,album_sidecar_track,track,,Everybody's Gotta Pay Some Dues,1961,us,album_track_try_harder_no_safe_match,0,0,1444086503,,false
album_sidecar_track:album|smokey robinson and the miracles|hi we re the miracles@@1@@14@@@@mama:album_track_try_harder_no_safe_match:1444086503,apple_music_try_harder_pass_v1,album|smokey robinson and the miracles|hi we re the miracles@@1@@14@@@@mama,album_sidecar_track,track,,Mama,1961,us,album_track_try_harder_no_safe_match,0,0,1444086503,,false
album_sidecar_track:album|smokey robinson and the miracles|hi we re the miracles@@1@@15@@@@ain t it baby:album_track_try_harder_no_safe_match:1444086503,apple_music_try_harder_pass_v1,album|smokey robinson and the miracles|hi we re the miracles@@1@@15@@@@ain t it baby,album_sidecar_track,track,,Ain't It Baby,1961,us,album_track_try_harder_no_safe_match,0,0,1444086503,,false
album_sidecar_track:album|smokey robinson and the miracles|hi we re the miracles@@1@@16@@@@determination:album_track_try_harder_no_safe_match:1444086503,apple_music_try_harder_pass_v1,album|smokey robinson and the miracles|hi we re the miracles@@1@@16@@@@determination,album_sidecar_track,track,,Determination,1961,us,album_track_try_harder_no_safe_match,0,0,1444086503,,false
album_sidecar_track:album|smokey robinson and the miracles|hi we re the miracles@@1@@17@@@@you never miss a good thing:album_track_try_harder_no_safe_match:1444086503,apple_music_try_harder_pass_v1,album|smokey robinson and the miracles|hi we re the miracles@@1@@17@@@@you never miss a good thing,album_sidecar_track,track,,You Never Miss a Good Thing,1961,us,album_track_try_harder_no_safe_match,0,0,1444086503,,false
album_sidecar_track:album|smokey robinson and the miracles|hi we re the miracles@@1@@18@@@@embraceable you:album_track_try_harder_no_safe_match:1444086503,apple_music_try_harder_pass_v1,album|smokey robinson and the miracles|hi we re the miracles@@1@@18@@@@embraceable you,album_sidecar_track,track,,Embraceable You,1961,us,album_track_try_harder_no_safe_match,0,0,1444086503,,false
album_sidecar_track:album|smokey robinson and the miracles|hi we re the miracles@@1@@19@@@@only one i love:album_track_try_harder_no_safe_match:1444086503,apple_music_try_harder_pass_v1,album|smokey robinson and the miracles|hi we re the miracles@@1@@19@@@@only one i love,album_sidecar_track,track,,The Only One I Love,1961,us,album_track_try_harder_no_safe_match,0,0,1444086503,,false
album_sidecar_track:album|smokey robinson and the miracles|hi we re the miracles@@1@@20@@@@broken hearted:album_track_try_harder_no_safe_match:1444086503,apple_music_try_harder_pass_v1,album|smokey robinson and the miracles|hi we re the miracles@@1@@20@@@@broken hearted,album_sidecar_track,track,,Broken Hearted,1961,us,album_track_try_harder_no_safe_match,0,0,1444086503,,false
album_sidecar_track:album|smokey robinson and the miracles|hi we re the miracles@@1@@21@@@@i can t believe:album_track_try_harder_no_safe_match:1444086503,apple_music_try_harder_pass_v1,album|smokey robinson and the miracles|hi we re the miracles@@1@@21@@@@i can t believe,album_sidecar_track,track,,I Can't Believe,1961,us,album_track_try_harder_no_safe_match,0,0,1444086503,,false
album_sidecar_track:album|smokey robinson and the miracles|hi we re the miracles@@1@@22@@@@mighty good lovin:album_track_try_harder_no_safe_match:1444086503,apple_music_try_harder_pass_v1,album|smokey robinson and the miracles|hi we re the miracles@@1@@22@@@@mighty good lovin,album_sidecar_track,track,,Mighty Good Lovin',1961,us,album_track_try_harder_no_safe_match,0,0,1444086503,,false
album_sidecar_track:album|smokey robinson and the miracles|hi we re the miracles@@1@@23@@@@i ve been good to you:album_track_try_harder_no_safe_match:1444086503,apple_music_try_harder_pass_v1,album|smokey robinson and the miracles|hi we re the miracles@@1@@23@@@@i ve been good to you,album_sidecar_track,track,,I've Been Good to You,1961,us,album_track_try_harder_no_safe_match,0,0,1444086503,,false
album_sidecar_track:album|smokey robinson and the miracles|hi we re the miracles@@1@@24@@@@what s so good about goodbye:album_track_try_harder_no_safe_match:1444086503,apple_music_try_harder_pass_v1,album|smokey robinson and the miracles|hi we re the miracles@@1@@24@@@@what s so good about goodbye,album_sidecar_track,track,,What's So Good About Goodbye,1961,us,album_track_try_harder_no_safe_match,0,0,1444086503,,false
album_sidecar_track:album|smokey robinson and the miracles|hi we re the miracles@@1@@25@@@@got a job:album_track_try_harder_no_safe_match:1444086503,apple_music_try_harder_pass_v1,album|smokey robinson and the miracles|hi we re the miracles@@1@@25@@@@got a job,album_sidecar_track,track,,Got a Job,1961,us,album_track_try_harder_no_safe_match,0,0,1444086503,,false
album_sidecar_track:album|smokey robinson and the miracles|hi we re the miracles@@1@@26@@@@bad girl:album_track_try_harder_no_safe_match:1444086503,apple_music_try_harder_pass_v1,album|smokey robinson and the miracles|hi we re the miracles@@1@@26@@@@bad girl,album_sidecar_track,track,,Bad Girl,1961,us,album_track_try_harder_no_safe_match,0,0,1444086503,,false
album_sidecar_track:album|smokey robinson and the miracles|hi we re the miracles@@1@@27@@@@it:album_track_try_harder_no_safe_match:1444086503,apple_music_try_harder_pass_v1,album|smokey robinson and the miracles|hi we re the miracles@@1@@27@@@@it,album_sidecar_track,track,,It,1961,us,album_track_try_harder_no_safe_match,0,0,1444086503,,false
album_sidecar_track:album|smokey robinson and the miracles|hi we re the miracles@@1@@28@@@@don t say bye bye:album_track_try_harder_no_safe_match:1444086503,apple_music_try_harder_pass_v1,album|smokey robinson and the miracles|hi we re the miracles@@1@@28@@@@don t say bye bye,album_sidecar_track,track,,Don't Say Bye-Bye,1961,us,album_track_try_harder_no_safe_match,0,0,1444086503,,false
album_sidecar_track:album|snoop dogg|doggystyle@@1@@1@@@@true to game unofficially released:album_track_try_harder_no_safe_match:1676306182,apple_music_try_harder_pass_v1,album|snoop dogg|doggystyle@@1@@1@@@@true to game unofficially released,album_sidecar_track,track,,True to the Game (Unofficially Released),1993,us,album_track_try_harder_no_safe_match,13,34,1676306182,,false
album_sidecar_track:album|snoop dogg|doggystyle@@1@@10@@@@pump pump:album_track_try_harder_no_safe_match:1676306182,apple_music_try_harder_pass_v1,album|snoop dogg|doggystyle@@1@@10@@@@pump pump,album_sidecar_track,track,,Pump Pump,1993,us,album_track_try_harder_no_safe_match,13,51,1676306182,,false
album_sidecar_track:album|snoop dogg|doggystyle@@1@@11@@@@gz up hoes down:album_track_try_harder_no_safe_match:1676306182,apple_music_try_harder_pass_v1,album|snoop dogg|doggystyle@@1@@11@@@@gz up hoes down,album_sidecar_track,track,,"Gz Up, Hoes Down",1993,us,album_track_try_harder_no_safe_match,13,29,1676306182,,false
album_sidecar_track:album|snoop dogg|doggystyle@@1@@2@@@@nuthin but a g thang freestyle remix:album_track_try_harder_no_safe_match:1676306182,apple_music_try_harder_pass_v1,album|snoop dogg|doggystyle@@1@@2@@@@nuthin but a g thang freestyle remix,album_sidecar_track,track,,Nuthin' but a 'G' Thang (Freestyle remix),1993,us,album_track_try_harder_no_safe_match,13,33,1676306182,,false
album_sidecar_track:album|snoop dogg|doggystyle@@1@@3@@@@county blues:album_track_try_harder_no_safe_match:1676306182,apple_music_try_harder_pass_v1,album|snoop dogg|doggystyle@@1@@3@@@@county blues,album_sidecar_track,track,,County Blues,1993,us,album_track_try_harder_no_safe_match,13,37,1676306182,,false
album_sidecar_track:album|snoop dogg|doggystyle@@1@@4@@@@187 deep cover remix:album_track_try_harder_no_safe_match:1676306182,apple_music_try_harder_pass_v1,album|snoop dogg|doggystyle@@1@@4@@@@187 deep cover remix,album_sidecar_track,track,,187 (Deep Cover remix),1993,us,album_track_try_harder_no_safe_match,13,31,1676306182,,false
album_sidecar_track:album|snoop dogg|doggystyle@@1@@5@@@@whats my name g funk remix:album_track_try_harder_no_safe_match:1676306182,apple_music_try_harder_pass_v1,album|snoop dogg|doggystyle@@1@@5@@@@whats my name g funk remix,album_sidecar_track,track,,Whats My Name (G-Funk remix),1993,us,album_track_try_harder_no_safe_match,13,30,1676306182,,false
album_sidecar_track:album|snoop dogg|doggystyle@@1@@6@@@@murder was case remix:album_track_try_harder_no_safe_match:1676306182,apple_music_try_harder_pass_v1,album|snoop dogg|doggystyle@@1@@6@@@@murder was case remix,album_sidecar_track,track,,Murder Was the Case (remix),1993,us,album_track_try_harder_no_safe_match,13,53,1676306182,,false
album_sidecar_track:album|snoop dogg|doggystyle@@1@@7@@@@ain t no fun:album_track_try_harder_no_safe_match:1676306182,apple_music_try_harder_pass_v1,album|snoop dogg|doggystyle@@1@@7@@@@ain t no fun,album_sidecar_track,track,,Ain't No Fun,1993,us,album_track_try_harder_no_safe_match,13,33,1676306182,,false
album_sidecar_track:album|snoop dogg|doggystyle@@1@@8@@@@lodi dodi remix:album_track_try_harder_no_safe_match:1676306182,apple_music_try_harder_pass_v1,album|snoop dogg|doggystyle@@1@@8@@@@lodi dodi remix,album_sidecar_track,track,,Lodi Dodi (remix),1993,us,album_track_try_harder_no_safe_match,13,34,1676306182,,false
album_sidecar_track:album|snoop dogg|doggystyle@@1@@9@@@@doggy dogg world:album_track_try_harder_no_safe_match:1676306182,apple_music_try_harder_pass_v1,album|snoop dogg|doggystyle@@1@@9@@@@doggy dogg world,album_sidecar_track,track,,Doggy Dogg World,1993,us,album_track_try_harder_no_safe_match,13,33,1676306182,,false
album_sidecar_track:album|solange|a seat at the table@@1@@6@@@@mad:album_track_try_harder_no_safe_match:1159507212,apple_music_try_harder_pass_v1,album|solange|a seat at the table@@1@@6@@@@mad,album_sidecar_track,track,,Mad,2016,us,album_track_try_harder_no_safe_match,16,43,1159507212,,false
album_sidecar_track:album|solomon burke|rock n soul@@1@@1@@@@goodbye baby baby goodbye:album_track_try_harder_no_safe_match:530966861,apple_music_try_harder_pass_v1,album|solomon burke|rock n soul@@1@@1@@@@goodbye baby baby goodbye,album_sidecar_track,track,,Goodbye Baby (Baby Goodbye),1964,us,album_track_try_harder_no_safe_match,12,54,530966861,,false
album_sidecar_track:album|solomon burke|rock n soul@@1@@10@@@@someone to love me:album_track_try_harder_no_safe_match:530966861,apple_music_try_harder_pass_v1,album|solomon burke|rock n soul@@1@@10@@@@someone to love me,album_sidecar_track,track,,Someone to Love Me,1964,us,album_track_try_harder_no_safe_match,11,51,530966861,,false
album_sidecar_track:album|solomon burke|rock n soul@@1@@2@@@@cry to me:album_track_try_harder_no_safe_match:530966861,apple_music_try_harder_pass_v1,album|solomon burke|rock n soul@@1@@2@@@@cry to me,album_sidecar_track,track,,Cry to Me,1964,us,album_track_try_harder_no_safe_match,12,56,530966861,,false
album_sidecar_track:album|solomon burke|rock n soul@@1@@3@@@@won t you give him one more chance:album_track_try_harder_no_safe_match:530966861,apple_music_try_harder_pass_v1,album|solomon burke|rock n soul@@1@@3@@@@won t you give him one more chance,album_sidecar_track,track,,Won’t You Give Him (One More Chance),1964,us,album_track_try_harder_no_safe_match,12,51,530966861,,false
album_sidecar_track:album|solomon burke|rock n soul@@1@@5@@@@hard ain t it:album_track_try_harder_no_safe_match:530966861,apple_music_try_harder_pass_v1,album|solomon burke|rock n soul@@1@@5@@@@hard ain t it,album_sidecar_track,track,,Hard Ain’t It,1964,us,album_track_try_harder_no_safe_match,11,35,530966861,,false
album_sidecar_track:album|solomon burke|rock n soul@@1@@6@@@@can t nobody love you:album_track_try_harder_no_safe_match:530966861,apple_music_try_harder_pass_v1,album|solomon burke|rock n soul@@1@@6@@@@can t nobody love you,album_sidecar_track,track,,Can’t Nobody Love You,1964,us,album_track_try_harder_no_safe_match,11,52,530966861,,false
album_sidecar_track:album|solomon burke|rock n soul@@1@@7@@@@just out of reach:album_track_try_harder_no_safe_match:530966861,apple_music_try_harder_pass_v1,album|solomon burke|rock n soul@@1@@7@@@@just out of reach,album_sidecar_track,track,,Just Out of Reach,1964,us,album_track_try_harder_no_safe_match,11,43,530966861,,false
album_sidecar_track:album|solomon burke|rock n soul@@1@@8@@@@you re good for me:album_track_try_harder_no_safe_match:530966861,apple_music_try_harder_pass_v1,album|solomon burke|rock n soul@@1@@8@@@@you re good for me,album_sidecar_track,track,,You’re Good for Me,1964,us,album_track_try_harder_no_safe_match,11,51,530966861,,false
album_sidecar_track:album|solomon burke|rock n soul@@1@@9@@@@you can t love them all:album_track_try_harder_no_safe_match:530966861,apple_music_try_harder_pass_v1,album|solomon burke|rock n soul@@1@@9@@@@you can t love them all,album_sidecar_track,track,,You Can’t Love Them All,1964,us,album_track_try_harder_no_safe_match,11,43,530966861,,false
album_sidecar_track:album|sonic youth|daydream nation@@1@@12@@@@trilogy wonder hyperstation eliminator jr:album_track_try_harder_no_safe_match:520504308,apple_music_try_harder_pass_v1,album|sonic youth|daydream nation@@1@@12@@@@trilogy wonder hyperstation eliminator jr,album_sidecar_track,track,,Trilogy: The Wonder / Hyperstation / Eliminator Jr.,1988,us,album_track_try_harder_no_safe_match,3,29,520504308,,false
album_sidecar_track:album|sonic youth|sister@@1@@10@@@@white kross:album_track_try_harder_no_safe_match:520274588,apple_music_try_harder_pass_v1,album|sonic youth|sister@@1@@10@@@@white kross,album_sidecar_track,track,,White Kross,1987,us,album_track_try_harder_no_safe_match,3,43,520274588,,false
album_sidecar_track:album|sonic youth|sister@@1@@9@@@@kotton krown:album_track_try_harder_no_safe_match:520274588,apple_music_try_harder_pass_v1,album|sonic youth|sister@@1@@9@@@@kotton krown,album_sidecar_track,track,,Kotton Krown,1987,us,album_track_try_harder_no_safe_match,3,43,520274588,,false
album_sidecar_track:album|soulwax|nite versions@@1@@10@@@@another excuse:album_track_try_harder_no_safe_match:80291470,apple_music_try_harder_pass_v1,album|soulwax|nite versions@@1@@10@@@@another excuse,album_sidecar_track,track,,Another Excuse,2005,us,album_track_try_harder_no_safe_match,7,29,80291470,,false
album_sidecar_track:album|soulwax|nite versions@@1@@4@@@@accidents and compliments:album_track_try_harder_no_safe_match:80291470,apple_music_try_harder_pass_v1,album|soulwax|nite versions@@1@@4@@@@accidents and compliments,album_sidecar_track,track,,Accidents and Compliments,2005,us,album_track_try_harder_no_safe_match,7,45,80291470,,false
album_sidecar_track:album|soulwax|nite versions@@1@@5@@@@compute:album_track_try_harder_no_safe_match:80291470,apple_music_try_harder_pass_v1,album|soulwax|nite versions@@1@@5@@@@compute,album_sidecar_track,track,,Compute,2005,us,album_track_try_harder_no_safe_match,7,39,80291470,,false
album_sidecar_track:album|soulwax|nite versions@@1@@6@@@@slowdance:album_track_try_harder_no_safe_match:80291470,apple_music_try_harder_pass_v1,album|soulwax|nite versions@@1@@6@@@@slowdance,album_sidecar_track,track,,Slowdance,2005,us,album_track_try_harder_no_safe_match,7,43,80291470,,false
album_sidecar_track:album|soulwax|nite versions@@1@@7@@@@i love techno:album_track_try_harder_no_safe_match:80291470,apple_music_try_harder_pass_v1,album|soulwax|nite versions@@1@@7@@@@i love techno,album_sidecar_track,track,,I Love Techno,2005,us,album_track_try_harder_no_safe_match,7,37,80291470,,false
album_sidecar_track:album|soulwax|nite versions@@1@@8@@@@krack:album_track_try_harder_no_safe_match:80291470,apple_music_try_harder_pass_v1,album|soulwax|nite versions@@1@@8@@@@krack,album_sidecar_track,track,,KracK,2005,us,album_track_try_harder_no_safe_match,7,51,80291470,,false
album_sidecar_track:album|soulwax|nite versions@@1@@9@@@@ny lipps:album_track_try_harder_no_safe_match:80291470,apple_music_try_harder_pass_v1,album|soulwax|nite versions@@1@@9@@@@ny lipps,album_sidecar_track,track,,NY Lipps,2005,us,album_track_try_harder_no_safe_match,7,29,80291470,,false
album_sidecar_track:album|spoon|kill the moonlight@@1@@5@@@@jonathon fisk:album_track_try_harder_no_safe_match:1589224458,apple_music_try_harder_pass_v1,album|spoon|kill the moonlight@@1@@5@@@@jonathon fisk,album_sidecar_track,track,,Jonathon Fisk,2002,us,album_track_try_harder_no_safe_match,8,44,1589224458,,false
album_sidecar_track:album|stan getz and joao gilberto|getz gilberto@@1@@1@@@@grandfather s waltz:album_track_try_harder_no_safe_match:1422655717,apple_music_try_harder_pass_v1,album|stan getz and joao gilberto|getz gilberto@@1@@1@@@@grandfather s waltz,album_sidecar_track,track,,Grandfather's Waltz,1964,us,album_track_try_harder_no_safe_match,8,39,1422655717,,false
album_sidecar_track:album|stan getz and joao gilberto|getz gilberto@@1@@10@@@@o pato duck:album_track_try_harder_no_safe_match:1422655717,apple_music_try_harder_pass_v1,album|stan getz and joao gilberto|getz gilberto@@1@@10@@@@o pato duck,album_sidecar_track,track,,O Pato (The Duck),1964,us,album_track_try_harder_no_safe_match,8,0,1422655717,,false
album_sidecar_track:album|stan getz and joao gilberto|getz gilberto@@1@@2@@@@tonight i shall sleep with a smile on my face:album_track_try_harder_no_safe_match:1422655717,apple_music_try_harder_pass_v1,album|stan getz and joao gilberto|getz gilberto@@1@@2@@@@tonight i shall sleep with a smile on my face,album_sidecar_track,track,,Tonight I Shall Sleep With a Smile on My Face,1964,us,album_track_try_harder_no_safe_match,8,47,1422655717,,false
album_sidecar_track:album|stan getz and joao gilberto|getz gilberto@@1@@3@@@@stan s blues:album_track_try_harder_no_safe_match:1422655717,apple_music_try_harder_pass_v1,album|stan getz and joao gilberto|getz gilberto@@1@@3@@@@stan s blues,album_sidecar_track,track,,Stan's Blues,1964,us,album_track_try_harder_no_safe_match,8,37,1422655717,,false
album_sidecar_track:album|stan getz and joao gilberto|getz gilberto@@1@@4@@@@here s that rainy day:album_track_try_harder_no_safe_match:1422655717,apple_music_try_harder_pass_v1,album|stan getz and joao gilberto|getz gilberto@@1@@4@@@@here s that rainy day,album_sidecar_track,track,,Here's That Rainy Day,1964,us,album_track_try_harder_no_safe_match,8,41,1422655717,,false
album_sidecar_track:album|stan getz and joao gilberto|getz gilberto@@1@@5@@@@samba da minha terra:album_track_try_harder_no_safe_match:1422655717,apple_music_try_harder_pass_v1,album|stan getz and joao gilberto|getz gilberto@@1@@5@@@@samba da minha terra,album_sidecar_track,track,,Samba Da Minha Terra,1964,us,album_track_try_harder_no_safe_match,8,30,1422655717,,false
album_sidecar_track:album|stan getz and joao gilberto|getz gilberto@@1@@6@@@@rosa morena:album_track_try_harder_no_safe_match:1422655717,apple_music_try_harder_pass_v1,album|stan getz and joao gilberto|getz gilberto@@1@@6@@@@rosa morena,album_sidecar_track,track,,Rosa Morena,1964,us,album_track_try_harder_no_safe_match,8,34,1422655717,,false
album_sidecar_track:album|stan getz and joao gilberto|getz gilberto@@1@@7@@@@um abraco no bonfa:album_track_try_harder_no_safe_match:1422655717,apple_music_try_harder_pass_v1,album|stan getz and joao gilberto|getz gilberto@@1@@7@@@@um abraco no bonfa,album_sidecar_track,track,,Um Abraço no Bonfa,1964,us,album_track_try_harder_no_safe_match,8,29,1422655717,,false
album_sidecar_track:album|stan getz and joao gilberto|getz gilberto@@1@@8@@@@bim bom:album_track_try_harder_no_safe_match:1422655717,apple_music_try_harder_pass_v1,album|stan getz and joao gilberto|getz gilberto@@1@@8@@@@bim bom,album_sidecar_track,track,,Bim Bom,1964,us,album_track_try_harder_no_safe_match,8,29,1422655717,,false
album_sidecar_track:album|stan getz and joao gilberto|getz gilberto@@1@@9@@@@meditation:album_track_try_harder_no_safe_match:1422655717,apple_music_try_harder_pass_v1,album|stan getz and joao gilberto|getz gilberto@@1@@9@@@@meditation,album_sidecar_track,track,,Meditation,1964,us,album_track_try_harder_no_safe_match,8,7,1422655717,,false
album_sidecar_track:album|staple singers|be altitude respect yourself@@1@@8@@@@who do you think you are jesus christ superstar:album_track_try_harder_no_safe_match:1488850318,apple_music_try_harder_pass_v1,album|staple singers|be altitude respect yourself@@1@@8@@@@who do you think you are jesus christ superstar,album_sidecar_track,track,,Who Do You Think You Are (Jesus Christ the Superstar)?,1972,us,album_track_try_harder_no_safe_match,3,43,1488850318,,false
album_sidecar_track:album|stevie wonder|songs in the key of life@@1@@6@@@@ngiculela es una historia i am singing:album_track_try_harder_no_safe_match:1440788438,apple_music_try_harder_pass_v1,album|stevie wonder|songs in the key of life@@1@@6@@@@ngiculela es una historia i am singing,album_sidecar_track,track,,Ngiculela – Es una historia – I Am Singing,1976,us,album_track_try_harder_no_safe_match,16,51,1440788438,,false
album_sidecar_track:album|stevie wonder|songs in the key of life@@1@@7@@@@if it s magic:album_track_try_harder_no_safe_match:1440788438,apple_music_try_harder_pass_v1,album|stevie wonder|songs in the key of life@@1@@7@@@@if it s magic,album_sidecar_track,track,,If It’s Magic,1976,us,album_track_try_harder_no_safe_match,16,51,1440788438,,false
album_sidecar_track:album|stevie wonder|songs in the key of life@@1@@8@@@@as:album_track_try_harder_no_safe_match:1440788438,apple_music_try_harder_pass_v1,album|stevie wonder|songs in the key of life@@1@@8@@@@as,album_sidecar_track,track,,As,1976,us,album_track_try_harder_no_safe_match,16,51,1440788438,,false
album_sidecar_track:album|stevie wonder|songs in the key of life@@1@@9@@@@another star:album_track_try_harder_no_safe_match:1440788438,apple_music_try_harder_pass_v1,album|stevie wonder|songs in the key of life@@1@@9@@@@another star,album_sidecar_track,track,,Another Star,1976,us,album_track_try_harder_no_safe_match,16,47,1440788438,,false
album_sidecar_track:album|stevie wonder|songs in the key of life@@2@@1@@@@i wish:album_track_try_harder_no_safe_match:1440788438,apple_music_try_harder_pass_v1,album|stevie wonder|songs in the key of life@@2@@1@@@@i wish,album_sidecar_track,track,,I Wish,1976,us,album_track_try_harder_no_safe_match,16,51,1440788438,,false
album_sidecar_track:album|stevie wonder|songs in the key of life@@2@@2@@@@knocks me off my feet:album_track_try_harder_no_safe_match:1440788438,apple_music_try_harder_pass_v1,album|stevie wonder|songs in the key of life@@2@@2@@@@knocks me off my feet,album_sidecar_track,track,,Knocks Me Off My Feet,1976,us,album_track_try_harder_no_safe_match,16,51,1440788438,,false
album_sidecar_track:album|stevie wonder|songs in the key of life@@2@@3@@@@pastime paradise:album_track_try_harder_no_safe_match:1440788438,apple_music_try_harder_pass_v1,album|stevie wonder|songs in the key of life@@2@@3@@@@pastime paradise,album_sidecar_track,track,,Pastime Paradise,1976,us,album_track_try_harder_no_safe_match,16,47,1440788438,,false
album_sidecar_track:album|stevie wonder|songs in the key of life@@2@@4@@@@summer soft:album_track_try_harder_no_safe_match:1440788438,apple_music_try_harder_pass_v1,album|stevie wonder|songs in the key of life@@2@@4@@@@summer soft,album_sidecar_track,track,,Summer Soft,1976,us,album_track_try_harder_no_safe_match,16,51,1440788438,,false
album_sidecar_track:album|stevie wonder|songs in the key of life@@2@@5@@@@ordinary pain:album_track_try_harder_no_safe_match:1440788438,apple_music_try_harder_pass_v1,album|stevie wonder|songs in the key of life@@2@@5@@@@ordinary pain,album_sidecar_track,track,,Ordinary Pain,1976,us,album_track_try_harder_no_safe_match,16,51,1440788438,,false
album_sidecar_track:album|stevie wonder|songs in the key of life@@2@@6@@@@isn t she lovely:album_track_try_harder_no_safe_match:1440788438,apple_music_try_harder_pass_v1,album|stevie wonder|songs in the key of life@@2@@6@@@@isn t she lovely,album_sidecar_track,track,,Isn’t She Lovely,1976,us,album_track_try_harder_no_safe_match,16,51,1440788438,,false
album_sidecar_track:album|stevie wonder|songs in the key of life@@2@@7@@@@joy inside my tears:album_track_try_harder_no_safe_match:1440788438,apple_music_try_harder_pass_v1,album|stevie wonder|songs in the key of life@@2@@7@@@@joy inside my tears,album_sidecar_track,track,,Joy Inside My Tears,1976,us,album_track_try_harder_no_safe_match,16,51,1440788438,,false
album_sidecar_track:album|stevie wonder|songs in the key of life@@2@@8@@@@black man:album_track_try_harder_no_safe_match:1440788438,apple_music_try_harder_pass_v1,album|stevie wonder|songs in the key of life@@2@@8@@@@black man,album_sidecar_track,track,,Black Man,1976,us,album_track_try_harder_no_safe_match,16,51,1440788438,,false
album_sidecar_track:album|stevie wonder|songs in the key of life@@3@@1@@@@saturn:album_track_try_harder_no_safe_match:1440788438,apple_music_try_harder_pass_v1,album|stevie wonder|songs in the key of life@@3@@1@@@@saturn,album_sidecar_track,track,,Saturn,1976,us,album_track_try_harder_no_safe_match,16,51,1440788438,,false
album_sidecar_track:album|stevie wonder|songs in the key of life@@3@@2@@@@ebony eyes:album_track_try_harder_no_safe_match:1440788438,apple_music_try_harder_pass_v1,album|stevie wonder|songs in the key of life@@3@@2@@@@ebony eyes,album_sidecar_track,track,,Ebony Eyes,1976,us,album_track_try_harder_no_safe_match,16,51,1440788438,,false
album_sidecar_track:album|stevie wonder|songs in the key of life@@3@@3@@@@all day sucker:album_track_try_harder_no_safe_match:1440788438,apple_music_try_harder_pass_v1,album|stevie wonder|songs in the key of life@@3@@3@@@@all day sucker,album_sidecar_track,track,,All Day Sucker,1976,us,album_track_try_harder_no_safe_match,16,51,1440788438,,false
album_sidecar_track:album|stevie wonder|songs in the key of life@@3@@4@@@@easy goin evening my mama s call:album_track_try_harder_no_safe_match:1440788438,apple_music_try_harder_pass_v1,album|stevie wonder|songs in the key of life@@3@@4@@@@easy goin evening my mama s call,album_sidecar_track,track,,Easy Goin’ Evening (My Mama’s Call),1976,us,album_track_try_harder_no_safe_match,16,47,1440788438,,false
album_sidecar_track:album|stiff little fingers|inflammable material@@1@@15@@@@78 rpm:album_track_try_harder_no_safe_match:697417504,apple_music_try_harder_pass_v1,album|stiff little fingers|inflammable material@@1@@15@@@@78 rpm,album_sidecar_track,track,,78 RPM,1979,us,album_track_try_harder_no_safe_match,2,43,697417504,,false
album_sidecar_track:album|stiff little fingers|inflammable material@@1@@16@@@@jake burns interview by alan parker 13 6 01 part 1:album_track_try_harder_no_safe_match:697417504,apple_music_try_harder_pass_v1,album|stiff little fingers|inflammable material@@1@@16@@@@jake burns interview by alan parker 13 6 01 part 1,album_sidecar_track,track,,"Jake Burns Interview by Alan Parker (13/6/01), Part 1",1979,us,album_track_try_harder_no_safe_match,2,43,697417504,,false
album_sidecar_track:album|stone temple pilots|purple@@1@@11@@@@kitchenware and candybars second album:album_track_try_harder_no_safe_match:1483792702,apple_music_try_harder_pass_v1,album|stone temple pilots|purple@@1@@11@@@@kitchenware and candybars second album,album_sidecar_track,track,,Kitchenware & Candybars / Second Album,1994,us,album_track_try_harder_no_safe_match,1,43,1483792702,,false
album_sidecar_track:album|sufjan stevens|illinois@@1@@11@@@@to workers of rockford river valley region i have an idea concerning your predicament:album_track_try_harder_no_safe_match:328074546,apple_music_try_harder_pass_v1,album|sufjan stevens|illinois@@1@@11@@@@to workers of rockford river valley region i have an idea concerning your predicament,album_sidecar_track,track,,"To the Workers of the Rockford River Valley Region, I Have an Idea Concerning Your Predicament",2005,us,album_track_try_harder_no_safe_match,16,43,328074546,,false
album_sidecar_track:album|suicide|suicide@@1@@2@@@@rocket u s a:album_track_try_harder_no_safe_match:1463179848,apple_music_try_harder_pass_v1,album|suicide|suicide@@1@@2@@@@rocket u s a,album_sidecar_track,track,,Rocket U.S.A.,1977,us,album_track_try_harder_no_safe_match,6,47,1463179848,,false
album_sidecar_track:album|summer walker|still over it@@1@@10@@@@switch a nigga out:album_track_try_harder_no_safe_match:1590029262,apple_music_try_harder_pass_v1,album|summer walker|still over it@@1@@10@@@@switch a nigga out,album_sidecar_track,track,,Switch a Nigga Out,2021,us,album_track_try_harder_no_safe_match,12,43,1590029262,,false
album_sidecar_track:album|summer walker|still over it@@1@@9@@@@constant bullshit:album_track_try_harder_no_safe_match:1590029262,apple_music_try_harder_pass_v1,album|summer walker|still over it@@1@@9@@@@constant bullshit,album_sidecar_track,track,,Constant Bullshit,2021,us,album_track_try_harder_no_safe_match,12,43,1590029262,,false
album_sidecar_track:album|supremes|where did our love go@@1@@4@@@@when lovelight starts shining through his eyes:album_track_try_harder_no_safe_match:1443150912,apple_music_try_harder_pass_v1,album|supremes|where did our love go@@1@@4@@@@when lovelight starts shining through his eyes,album_sidecar_track,track,,When the Lovelight Starts Shining Through His Eyes,1964,us,album_track_try_harder_no_safe_match,9,45,1443150912,,false
album_sidecar_track:album|sweet|desolation boulevard@@1@@2@@@@6 teens:album_track_try_harder_no_safe_match:724016552,apple_music_try_harder_pass_v1,album|sweet|desolation boulevard@@1@@2@@@@6 teens,album_sidecar_track,track,,The 6-Teens,1974,us,album_track_try_harder_no_safe_match,9,47,724016552,,false
album_sidecar_track:album|sweet|desolation boulevard@@1@@4@@@@a c d c:album_track_try_harder_no_safe_match:724016552,apple_music_try_harder_pass_v1,album|sweet|desolation boulevard@@1@@4@@@@a c d c,album_sidecar_track,track,,A.C.D.C,1974,us,album_track_try_harder_no_safe_match,8,45,724016552,,false
album_sidecar_track:album|sylvester|step ii@@1@@6@@@@was it something that i said:album_track_try_harder_no_safe_match:1517520858,apple_music_try_harder_pass_v1,album|sylvester|step ii@@1@@6@@@@was it something that i said,album_sidecar_track,track,,Was It Something That I Said,1978,us,album_track_try_harder_no_safe_match,2,39,1517520858,,false
album_sidecar_track:album|t i|trap muzik@@1@@17@@@@rubber band man remix:album_track_try_harder_no_safe_match:1258990795,apple_music_try_harder_pass_v1,album|t i|trap muzik@@1@@17@@@@rubber band man remix,album_sidecar_track,track,,Rubber Band Man (remix),2003,us,album_track_try_harder_no_safe_match,0,0,1258990795,,false
album_sidecar_track:album|taking back sunday|louder now@@1@@12@@@@brooklyn if you see something say something:album_track_try_harder_no_safe_match:1585055516,apple_music_try_harder_pass_v1,album|taking back sunday|louder now@@1@@12@@@@brooklyn if you see something say something,album_sidecar_track,track,,"Brooklyn (If You See Something, Say Something)",2006,us,album_track_try_harder_no_safe_match,0,0,1585055516,,false
album_sidecar_track:album|taking back sunday|louder now@@1@@13@@@@sleep:album_track_try_harder_no_safe_match:1585055516,apple_music_try_harder_pass_v1,album|taking back sunday|louder now@@1@@13@@@@sleep,album_sidecar_track,track,,Sleep,2006,us,album_track_try_harder_no_safe_match,0,0,1585055516,,false
album_sidecar_track:album|taking back sunday|louder now@@1@@14@@@@liar it takes one to know one live in long beach 2006:album_track_try_harder_no_safe_match:1585055516,apple_music_try_harder_pass_v1,album|taking back sunday|louder now@@1@@14@@@@liar it takes one to know one live in long beach 2006,album_sidecar_track,track,,Liar (It Takes One to Know One) (Live In Long Beach 2006),2006,us,album_track_try_harder_no_safe_match,0,0,1585055516,,false
album_sidecar_track:album|taking back sunday|louder now@@1@@15@@@@makedamnsure live in long beach 2006:album_track_try_harder_no_safe_match:1585055516,apple_music_try_harder_pass_v1,album|taking back sunday|louder now@@1@@15@@@@makedamnsure live in long beach 2006,album_sidecar_track,track,,MakeDamnSure (Live In Long Beach 2006),2006,us,album_track_try_harder_no_safe_match,0,0,1585055516,,false
album_sidecar_track:album|taking back sunday|louder now@@1@@16@@@@error operator live in long beach 2006:album_track_try_harder_no_safe_match:1585055516,apple_music_try_harder_pass_v1,album|taking back sunday|louder now@@1@@16@@@@error operator live in long beach 2006,album_sidecar_track,track,,Error: Operator (Live In Long Beach 2006),2006,us,album_track_try_harder_no_safe_match,0,0,1585055516,,false
album_sidecar_track:album|taking back sunday|louder now@@1@@17@@@@divine intervention live:album_track_try_harder_no_safe_match:1585055516,apple_music_try_harder_pass_v1,album|taking back sunday|louder now@@1@@17@@@@divine intervention live,album_sidecar_track,track,,Divine Intervention (Live),2006,us,album_track_try_harder_no_safe_match,0,0,1585055516,,false
album_sidecar_track:album|tate mcrae|think later@@1@@5@@@@stay done:album_track_try_harder_no_safe_match:1716102849,apple_music_try_harder_pass_v1,album|tate mcrae|think later@@1@@5@@@@stay done,album_sidecar_track,track,,stay done,2023,us,album_track_try_harder_no_safe_match,10,51,1716102849,,false
album_sidecar_track:album|tate mcrae|think later@@1@@6@@@@grave:album_track_try_harder_no_safe_match:1716102849,apple_music_try_harder_pass_v1,album|tate mcrae|think later@@1@@6@@@@grave,album_sidecar_track,track,,grave,2023,us,album_track_try_harder_no_safe_match,10,52,1716102849,,false
album_sidecar_track:album|taylor swift|lover@@1@@16@@@@me:album_track_try_harder_no_safe_match:1468058165,apple_music_try_harder_pass_v1,album|taylor swift|lover@@1@@16@@@@me,album_sidecar_track,track,,ME!,2019,us,album_track_try_harder_no_safe_match,3,43,1468058165,,false
album_sidecar_track:album|taylor swift|lover@@1@@19@@@@i forgot that you existed piano vocal:album_track_try_harder_no_safe_match:1468058165,apple_music_try_harder_pass_v1,album|taylor swift|lover@@1@@19@@@@i forgot that you existed piano vocal,album_sidecar_track,track,,I Forgot That You Existed (piano/vocal),2019,us,album_track_try_harder_no_safe_match,1,0,1468058165,,false
album_sidecar_track:album|taylor swift|lover@@1@@20@@@@lover piano vocal:album_track_try_harder_no_safe_match:1468058165,apple_music_try_harder_pass_v1,album|taylor swift|lover@@1@@20@@@@lover piano vocal,album_sidecar_track,track,,Lover (piano/vocal),2019,us,album_track_try_harder_no_safe_match,1,-5,1468058165,,false
album_sidecar_track:album|taylor swift|taylor swift@@1@@12@@@@taylor swift interview:album_track_try_harder_no_safe_match:1860454442,apple_music_try_harder_pass_v1,album|taylor swift|taylor swift@@1@@12@@@@taylor swift interview,album_sidecar_track,track,,Taylor Swift Interview,2006,us,album_track_try_harder_no_safe_match,0,0,1860454442,,false
album_sidecar_track:album|taylor swift|tortured poets department@@1@@17@@@@bolter:album_track_try_harder_no_safe_match:1736268215,apple_music_try_harder_pass_v1,album|taylor swift|tortured poets department@@1@@17@@@@bolter,album_sidecar_track,track,,The Bolter,2024,us,album_track_try_harder_no_safe_match,0,0,1736268215,,false
album_sidecar_track:album|ted nugent|cat scratch fever@@1@@5@@@@home bound:album_track_try_harder_no_safe_match:157436685,apple_music_try_harder_pass_v1,album|ted nugent|cat scratch fever@@1@@5@@@@home bound,album_sidecar_track,track,,Home Bound,1977,us,album_track_try_harder_no_safe_match,8,44,157436685,,false
album_sidecar_track:album|temptations|temptations sing smokey@@1@@8@@@@what s so good about goodbye:album_track_try_harder_no_safe_match:1423301162,apple_music_try_harder_pass_v1,album|temptations|temptations sing smokey@@1@@8@@@@what s so good about goodbye,album_sidecar_track,track,,What’s So Good About Goodbye,1965,us,album_track_try_harder_no_safe_match,5,43,1423301162,,false
album_sidecar_track:album|terry allen|lubbock on everything@@1@@2@@@@highplains jamboree:album_track_try_harder_no_safe_match:1125436797,apple_music_try_harder_pass_v1,album|terry allen|lubbock on everything@@1@@2@@@@highplains jamboree,album_sidecar_track,track,,Highplains Jamboree,1979,us,album_track_try_harder_no_safe_match,20,43,1125436797,,false
album_sidecar_track:album|terry allen|lubbock on everything@@2@@1@@@@cocktails for three:album_track_try_harder_no_safe_match:1125436797,apple_music_try_harder_pass_v1,album|terry allen|lubbock on everything@@2@@1@@@@cocktails for three,album_sidecar_track,track,,Cocktails for Three,1979,us,album_track_try_harder_no_safe_match,12,47,1125436797,,false
album_sidecar_track:album|terry allen|lubbock on everything@@2@@10@@@@thirty years war waltz for jo harvey:album_track_try_harder_no_safe_match:1125436797,apple_music_try_harder_pass_v1,album|terry allen|lubbock on everything@@2@@10@@@@thirty years war waltz for jo harvey,album_sidecar_track,track,,The Thirty Years War Waltz (For Jo Harvey),1979,us,album_track_try_harder_no_safe_match,12,47,1125436797,,false
album_sidecar_track:album|terry allen|lubbock on everything@@2@@11@@@@i just left myself:album_track_try_harder_no_safe_match:1125436797,apple_music_try_harder_pass_v1,album|terry allen|lubbock on everything@@2@@11@@@@i just left myself,album_sidecar_track,track,,I Just Left Myself,1979,us,album_track_try_harder_no_safe_match,12,51,1125436797,,false
album_sidecar_track:album|terry allen|lubbock on everything@@2@@2@@@@beautiful waitress:album_track_try_harder_no_safe_match:1125436797,apple_music_try_harder_pass_v1,album|terry allen|lubbock on everything@@2@@2@@@@beautiful waitress,album_sidecar_track,track,,The Beautiful Waitress,1979,us,album_track_try_harder_no_safe_match,12,51,1125436797,,false
album_sidecar_track:album|terry allen|lubbock on everything@@2@@3@@@@high horse momma:album_track_try_harder_no_safe_match:1125436797,apple_music_try_harder_pass_v1,album|terry allen|lubbock on everything@@2@@3@@@@high horse momma,album_sidecar_track,track,,High Horse Momma,1979,us,album_track_try_harder_no_safe_match,12,51,1125436797,,false
album_sidecar_track:album|terry allen|lubbock on everything@@2@@4@@@@blue asian reds for roadrunner:album_track_try_harder_no_safe_match:1125436797,apple_music_try_harder_pass_v1,album|terry allen|lubbock on everything@@2@@4@@@@blue asian reds for roadrunner,album_sidecar_track,track,,Blue Asian Reds (For Roadrunner),1979,us,album_track_try_harder_no_safe_match,12,51,1125436797,,false
album_sidecar_track:album|terry allen|lubbock on everything@@2@@5@@@@new delhi freight train:album_track_try_harder_no_safe_match:1125436797,apple_music_try_harder_pass_v1,album|terry allen|lubbock on everything@@2@@5@@@@new delhi freight train,album_sidecar_track,track,,New Delhi Freight Train,1979,us,album_track_try_harder_no_safe_match,12,47,1125436797,,false
album_sidecar_track:album|terry allen|lubbock on everything@@2@@6@@@@ffa:album_track_try_harder_no_safe_match:1125436797,apple_music_try_harder_pass_v1,album|terry allen|lubbock on everything@@2@@6@@@@ffa,album_sidecar_track,track,,FFA,1979,us,album_track_try_harder_no_safe_match,12,47,1125436797,,false
album_sidecar_track:album|terry allen|lubbock on everything@@2@@7@@@@flatland farmer:album_track_try_harder_no_safe_match:1125436797,apple_music_try_harder_pass_v1,album|terry allen|lubbock on everything@@2@@7@@@@flatland farmer,album_sidecar_track,track,,Flatland Farmer,1979,us,album_track_try_harder_no_safe_match,12,51,1125436797,,false
album_sidecar_track:album|terry allen|lubbock on everything@@2@@8@@@@my amigo:album_track_try_harder_no_safe_match:1125436797,apple_music_try_harder_pass_v1,album|terry allen|lubbock on everything@@2@@8@@@@my amigo,album_sidecar_track,track,,My Amigo,1979,us,album_track_try_harder_no_safe_match,12,47,1125436797,,false
album_sidecar_track:album|terry allen|lubbock on everything@@2@@9@@@@pink and black song:album_track_try_harder_no_safe_match:1125436797,apple_music_try_harder_pass_v1,album|terry allen|lubbock on everything@@2@@9@@@@pink and black song,album_sidecar_track,track,,The Pink and Black Song,1979,us,album_track_try_harder_no_safe_match,12,51,1125436797,,false
album_sidecar_track:album|tesla|mechanical resonance@@1@@2@@@@cumin atcha live:album_track_try_harder_no_safe_match:1440913028,apple_music_try_harder_pass_v1,album|tesla|mechanical resonance@@1@@2@@@@cumin atcha live,album_sidecar_track,track,,Cumin’ Atcha Live,1986,us,album_track_try_harder_no_safe_match,11,47,1440913028,,false
album_sidecar_track:album|tha dogg pound|dogg food@@1@@13@@@@some bomb azz pussy:album_track_try_harder_no_safe_match:1676264771,apple_music_try_harder_pass_v1,album|tha dogg pound|dogg food@@1@@13@@@@some bomb azz pussy,album_sidecar_track,track,,Some Bomb Azz Pussy,1995,us,album_track_try_harder_no_safe_match,6,43,1676264771,,false
album_sidecar_track:album|tha dogg pound|dogg food@@1@@6@@@@cyco lic no bitch azz niggaz:album_track_try_harder_no_safe_match:1676264771,apple_music_try_harder_pass_v1,album|tha dogg pound|dogg food@@1@@6@@@@cyco lic no bitch azz niggaz,album_sidecar_track,track,,Cyco‐Lic‐No (Bitch Azz Niggaz),1995,us,album_track_try_harder_no_safe_match,12,43,1676264771,,false
album_sidecar_track:album|theory of a deadman|scars and souvenirs@@1@@14@@@@great pretender:album_track_try_harder_no_safe_match:273890964,apple_music_try_harder_pass_v1,album|theory of a deadman|scars and souvenirs@@1@@14@@@@great pretender,album_sidecar_track,track,,Great Pretender,2008,us,album_track_try_harder_no_safe_match,0,0,273890964,,false
album_sidecar_track:album|theory of a deadman|scars and souvenirs@@1@@15@@@@shadow:album_track_try_harder_no_safe_match:273890964,apple_music_try_harder_pass_v1,album|theory of a deadman|scars and souvenirs@@1@@15@@@@shadow,album_sidecar_track,track,,Shadow,2008,us,album_track_try_harder_no_safe_match,0,0,273890964,,false
album_sidecar_track:album|theory of a deadman|scars and souvenirs@@1@@16@@@@so happy acoustic:album_track_try_harder_no_safe_match:273890964,apple_music_try_harder_pass_v1,album|theory of a deadman|scars and souvenirs@@1@@16@@@@so happy acoustic,album_sidecar_track,track,,So Happy (acoustic),2008,us,album_track_try_harder_no_safe_match,0,0,273890964,,false
album_sidecar_track:album|theory of a deadman|scars and souvenirs@@1@@17@@@@by way acoustic:album_track_try_harder_no_safe_match:273890964,apple_music_try_harder_pass_v1,album|theory of a deadman|scars and souvenirs@@1@@17@@@@by way acoustic,album_sidecar_track,track,,By the Way (acoustic),2008,us,album_track_try_harder_no_safe_match,0,0,273890964,,false
album_sidecar_track:album|theory of a deadman|scars and souvenirs@@1@@18@@@@not meant to be acoustic:album_track_try_harder_no_safe_match:273890964,apple_music_try_harder_pass_v1,album|theory of a deadman|scars and souvenirs@@1@@18@@@@not meant to be acoustic,album_sidecar_track,track,,Not Meant to Be (acoustic),2008,us,album_track_try_harder_no_safe_match,0,0,273890964,,false
album_sidecar_track:album|they might be giants|here come the 123s@@1@@1@@@@here come 123s:album_track_try_harder_no_safe_match:1443520419,apple_music_try_harder_pass_v1,album|they might be giants|here come the 123s@@1@@1@@@@here come 123s,album_sidecar_track,track,,Here Come the 123s,2008,us,album_track_try_harder_no_safe_match,24,48,1443520419,,false
album_sidecar_track:album|they might be giants|here come the 123s@@1@@25@@@@one two three four:album_track_try_harder_no_safe_match:1443520419,apple_music_try_harder_pass_v1,album|they might be giants|here come the 123s@@1@@25@@@@one two three four,album_sidecar_track,track,,One Two Three Four,2008,us,album_track_try_harder_no_safe_match,1,0,1443520419,,false
album_sidecar_track:album|they might be giants|here come the 123s@@1@@26@@@@john lee supertaster live:album_track_try_harder_no_safe_match:1443520419,apple_music_try_harder_pass_v1,album|they might be giants|here come the 123s@@1@@26@@@@john lee supertaster live,album_sidecar_track,track,,John Lee Supertaster (live),2008,us,album_track_try_harder_no_safe_match,1,0,1443520419,,false
album_sidecar_track:album|they might be giants|here come the 123s@@1@@27@@@@bed bed bed live:album_track_try_harder_no_safe_match:1443520419,apple_music_try_harder_pass_v1,album|they might be giants|here come the 123s@@1@@27@@@@bed bed bed live,album_sidecar_track,track,,"Bed, Bed, Bed (live)",2008,us,album_track_try_harder_no_safe_match,1,0,1443520419,,false
album_sidecar_track:album|they might be giants|here come the 123s@@2@@1@@@@here come 123s:album_track_try_harder_no_safe_match:1443520419,apple_music_try_harder_pass_v1,album|they might be giants|here come the 123s@@2@@1@@@@here come 123s,album_sidecar_track,track,,Here Come the 123s,2008,us,album_track_try_harder_no_safe_match,1,14,1443520419,,false
album_sidecar_track:album|they might be giants|here come the 123s@@2@@10@@@@seven days of week i never go to work:album_track_try_harder_no_safe_match:1443520419,apple_music_try_harder_pass_v1,album|they might be giants|here come the 123s@@2@@10@@@@seven days of week i never go to work,album_sidecar_track,track,,Seven Days of the Week (I Never Go to Work),2008,us,album_track_try_harder_no_safe_match,1,0,1443520419,,false
album_sidecar_track:album|they might be giants|here come the 123s@@2@@11@@@@figure eight:album_track_try_harder_no_safe_match:1443520419,apple_music_try_harder_pass_v1,album|they might be giants|here come the 123s@@2@@11@@@@figure eight,album_sidecar_track,track,,Figure Eight,2008,us,album_track_try_harder_no_safe_match,1,0,1443520419,,false
album_sidecar_track:album|they might be giants|here come the 123s@@2@@12@@@@pirate girls nine:album_track_try_harder_no_safe_match:1443520419,apple_music_try_harder_pass_v1,album|they might be giants|here come the 123s@@2@@12@@@@pirate girls nine,album_sidecar_track,track,,Pirate Girls Nine,2008,us,album_track_try_harder_no_safe_match,1,0,1443520419,,false
album_sidecar_track:album|they might be giants|here come the 123s@@2@@13@@@@nine bowls of soup:album_track_try_harder_no_safe_match:1443520419,apple_music_try_harder_pass_v1,album|they might be giants|here come the 123s@@2@@13@@@@nine bowls of soup,album_sidecar_track,track,,Nine Bowls of Soup,2008,us,album_track_try_harder_no_safe_match,1,0,1443520419,,false
album_sidecar_track:album|they might be giants|here come the 123s@@2@@14@@@@ten mississippi:album_track_try_harder_no_safe_match:1443520419,apple_music_try_harder_pass_v1,album|they might be giants|here come the 123s@@2@@14@@@@ten mississippi,album_sidecar_track,track,,Ten Mississippi,2008,us,album_track_try_harder_no_safe_match,1,0,1443520419,,false
album_sidecar_track:album|they might be giants|here come the 123s@@2@@15@@@@one dozen monkeys:album_track_try_harder_no_safe_match:1443520419,apple_music_try_harder_pass_v1,album|they might be giants|here come the 123s@@2@@15@@@@one dozen monkeys,album_sidecar_track,track,,One Dozen Monkeys,2008,us,album_track_try_harder_no_safe_match,1,0,1443520419,,false
album_sidecar_track:album|they might be giants|here come the 123s@@2@@16@@@@eight hundred and thirteen mile car trip:album_track_try_harder_no_safe_match:1443520419,apple_music_try_harder_pass_v1,album|they might be giants|here come the 123s@@2@@16@@@@eight hundred and thirteen mile car trip,album_sidecar_track,track,,Eight Hundred and Thirteen Mile Car Trip,2008,us,album_track_try_harder_no_safe_match,1,0,1443520419,,false
album_sidecar_track:album|they might be giants|here come the 123s@@2@@17@@@@i can add:album_track_try_harder_no_safe_match:1443520419,apple_music_try_harder_pass_v1,album|they might be giants|here come the 123s@@2@@17@@@@i can add,album_sidecar_track,track,,I Can Add,2008,us,album_track_try_harder_no_safe_match,1,0,1443520419,,false
album_sidecar_track:album|they might be giants|here come the 123s@@2@@18@@@@nonagon:album_track_try_harder_no_safe_match:1443520419,apple_music_try_harder_pass_v1,album|they might be giants|here come the 123s@@2@@18@@@@nonagon,album_sidecar_track,track,,Nonagon,2008,us,album_track_try_harder_no_safe_match,1,0,1443520419,,false
album_sidecar_track:album|they might be giants|here come the 123s@@2@@19@@@@even numbers:album_track_try_harder_no_safe_match:1443520419,apple_music_try_harder_pass_v1,album|they might be giants|here come the 123s@@2@@19@@@@even numbers,album_sidecar_track,track,,Even Numbers,2008,us,album_track_try_harder_no_safe_match,1,0,1443520419,,false
album_sidecar_track:album|they might be giants|here come the 123s@@2@@2@@@@zeroes:album_track_try_harder_no_safe_match:1443520419,apple_music_try_harder_pass_v1,album|they might be giants|here come the 123s@@2@@2@@@@zeroes,album_sidecar_track,track,,Zeroes,2008,us,album_track_try_harder_no_safe_match,1,0,1443520419,,false
album_sidecar_track:album|they might be giants|here come the 123s@@2@@20@@@@ooh la ooh la:album_track_try_harder_no_safe_match:1443520419,apple_music_try_harder_pass_v1,album|they might be giants|here come the 123s@@2@@20@@@@ooh la ooh la,album_sidecar_track,track,,Ooh La! Ooh La!,2008,us,album_track_try_harder_no_safe_match,1,0,1443520419,,false
album_sidecar_track:album|they might be giants|here come the 123s@@2@@21@@@@heart of band:album_track_try_harder_no_safe_match:1443520419,apple_music_try_harder_pass_v1,album|they might be giants|here come the 123s@@2@@21@@@@heart of band,album_sidecar_track,track,,Heart of the Band,2008,us,album_track_try_harder_no_safe_match,1,0,1443520419,,false
album_sidecar_track:album|they might be giants|here come the 123s@@2@@22@@@@hot dog:album_track_try_harder_no_safe_match:1443520419,apple_music_try_harder_pass_v1,album|they might be giants|here come the 123s@@2@@22@@@@hot dog,album_sidecar_track,track,,Hot Dog!,2008,us,album_track_try_harder_no_safe_match,1,0,1443520419,,false
album_sidecar_track:album|they might be giants|here come the 123s@@2@@23@@@@mickey mouse clubhouse theme:album_track_try_harder_no_safe_match:1443520419,apple_music_try_harder_pass_v1,album|they might be giants|here come the 123s@@2@@23@@@@mickey mouse clubhouse theme,album_sidecar_track,track,,Mickey Mouse Clubhouse Theme,2008,us,album_track_try_harder_no_safe_match,1,0,1443520419,,false
album_sidecar_track:album|they might be giants|here come the 123s@@2@@24@@@@one two three four:album_track_try_harder_no_safe_match:1443520419,apple_music_try_harder_pass_v1,album|they might be giants|here come the 123s@@2@@24@@@@one two three four,album_sidecar_track,track,,One Two Three Four,2008,us,album_track_try_harder_no_safe_match,1,0,1443520419,,false
album_sidecar_track:album|they might be giants|here come the 123s@@2@@3@@@@one everything:album_track_try_harder_no_safe_match:1443520419,apple_music_try_harder_pass_v1,album|they might be giants|here come the 123s@@2@@3@@@@one everything,album_sidecar_track,track,,One Everything,2008,us,album_track_try_harder_no_safe_match,1,0,1443520419,,false
album_sidecar_track:album|they might be giants|here come the 123s@@2@@4@@@@number two:album_track_try_harder_no_safe_match:1443520419,apple_music_try_harder_pass_v1,album|they might be giants|here come the 123s@@2@@4@@@@number two,album_sidecar_track,track,,Number Two,2008,us,album_track_try_harder_no_safe_match,1,0,1443520419,,false
album_sidecar_track:album|they might be giants|here come the 123s@@2@@5@@@@triops has three eyes:album_track_try_harder_no_safe_match:1443520419,apple_music_try_harder_pass_v1,album|they might be giants|here come the 123s@@2@@5@@@@triops has three eyes,album_sidecar_track,track,,Triops Has Three Eyes,2008,us,album_track_try_harder_no_safe_match,1,0,1443520419,,false
album_sidecar_track:album|they might be giants|here come the 123s@@2@@6@@@@apartment four:album_track_try_harder_no_safe_match:1443520419,apple_music_try_harder_pass_v1,album|they might be giants|here come the 123s@@2@@6@@@@apartment four,album_sidecar_track,track,,Apartment Four,2008,us,album_track_try_harder_no_safe_match,1,0,1443520419,,false
album_sidecar_track:album|they might be giants|here come the 123s@@2@@7@@@@high five:album_track_try_harder_no_safe_match:1443520419,apple_music_try_harder_pass_v1,album|they might be giants|here come the 123s@@2@@7@@@@high five,album_sidecar_track,track,,High Five!,2008,us,album_track_try_harder_no_safe_match,1,0,1443520419,,false
album_sidecar_track:album|they might be giants|here come the 123s@@2@@8@@@@secret life of six:album_track_try_harder_no_safe_match:1443520419,apple_music_try_harder_pass_v1,album|they might be giants|here come the 123s@@2@@8@@@@secret life of six,album_sidecar_track,track,,The Secret Life of Six,2008,us,album_track_try_harder_no_safe_match,1,0,1443520419,,false
album_sidecar_track:album|they might be giants|here come the 123s@@2@@9@@@@seven:album_track_try_harder_no_safe_match:1443520419,apple_music_try_harder_pass_v1,album|they might be giants|here come the 123s@@2@@9@@@@seven,album_sidecar_track,track,,Seven,2008,us,album_track_try_harder_no_safe_match,1,0,1443520419,,false
album_sidecar_track:album|they might be giants|here come the abcs@@1@@26@@@@i never go to work:album_track_try_harder_no_safe_match:1445745394,apple_music_try_harder_pass_v1,album|they might be giants|here come the abcs@@1@@26@@@@i never go to work,album_sidecar_track,track,,I Never Go to Work,2005,us,album_track_try_harder_no_safe_match,0,0,1445745394,,false
album_sidecar_track:album|they might be giants|lincoln@@1@@16@@@@stand on your own head:album_track_try_harder_no_safe_match:1439224952,apple_music_try_harder_pass_v1,album|they might be giants|lincoln@@1@@16@@@@stand on your own head,album_sidecar_track,track,,Stand on Your Own Head,1988,us,album_track_try_harder_no_safe_match,3,43,1439224952,,false
album_sidecar_track:album|third day|offerings a worship album@@1@@11@@@@love song don t let me go:album_track_try_harder_no_safe_match:1135105038,apple_music_try_harder_pass_v1,album|third day|offerings a worship album@@1@@11@@@@love song don t let me go,album_sidecar_track,track,,Love Song / Don't Let Me Go,2000,us,album_track_try_harder_no_safe_match,1,29,1135105038,,false
album_sidecar_track:album|three 6 mafia|mystic stylez@@1@@10@@@@fuckin wit dis click:album_track_try_harder_no_safe_match:332165657,apple_music_try_harder_pass_v1,album|three 6 mafia|mystic stylez@@1@@10@@@@fuckin wit dis click,album_sidecar_track,track,,Fuckin Wit Dis Click,1995,us,album_track_try_harder_no_safe_match,8,43,332165657,,false
album_sidecar_track:album|three 6 mafia|mystic stylez@@1@@12@@@@gotta touch em part 2:album_track_try_harder_no_safe_match:332165657,apple_music_try_harder_pass_v1,album|three 6 mafia|mystic stylez@@1@@12@@@@gotta touch em part 2,album_sidecar_track,track,,"Gotta Touch ’em, Part 2",1995,us,album_track_try_harder_no_safe_match,7,43,332165657,,false
album_sidecar_track:album|three 6 mafia|mystic stylez@@1@@15@@@@mystic styles:album_track_try_harder_no_safe_match:332165657,apple_music_try_harder_pass_v1,album|three 6 mafia|mystic stylez@@1@@15@@@@mystic styles,album_sidecar_track,track,,Mystic Styles,1995,us,album_track_try_harder_no_safe_match,5,43,332165657,,false
album_sidecar_track:album|three 6 mafia|mystic stylez@@1@@16@@@@porno movie:album_track_try_harder_no_safe_match:332165657,apple_music_try_harder_pass_v1,album|three 6 mafia|mystic stylez@@1@@16@@@@porno movie,album_sidecar_track,track,,Porno Movie,1995,us,album_track_try_harder_no_safe_match,5,5,332165657,,false
album_sidecar_track:album|three 6 mafia|mystic stylez@@1@@6@@@@now i m hi part 3:album_track_try_harder_no_safe_match:332165657,apple_music_try_harder_pass_v1,album|three 6 mafia|mystic stylez@@1@@6@@@@now i m hi part 3,album_sidecar_track,track,,"Now I’m Hi, Part 3",1995,us,album_track_try_harder_no_safe_match,10,43,332165657,,false
album_sidecar_track:album|three 6 mafia|mystic stylez@@1@@8@@@@sweet robbery part 2:album_track_try_harder_no_safe_match:332165657,apple_music_try_harder_pass_v1,album|three 6 mafia|mystic stylez@@1@@8@@@@sweet robbery part 2,album_sidecar_track,track,,"Sweet Robbery, Part 2",1995,us,album_track_try_harder_no_safe_match,9,43,332165657,,false
album_sidecar_track:album|three 6 mafia|when the smoke clears@@1@@10@@@@fuck y all hoes:album_track_try_harder_no_safe_match:392987017,apple_music_try_harder_pass_v1,album|three 6 mafia|when the smoke clears@@1@@10@@@@fuck y all hoes,album_sidecar_track,track,,Fuck Y’all Hoes,2000,us,album_track_try_harder_no_safe_match,17,43,392987017,,false
album_sidecar_track:album|three 6 mafia|when the smoke clears@@1@@19@@@@just anotha crazy click:album_track_try_harder_no_safe_match:392987017,apple_music_try_harder_pass_v1,album|three 6 mafia|when the smoke clears@@1@@19@@@@just anotha crazy click,album_sidecar_track,track,,Just Anotha Crazy Click,2000,us,album_track_try_harder_no_safe_match,9,43,392987017,,false
album_sidecar_track:album|three 6 mafia|when the smoke clears@@1@@4@@@@weak azz bitch:album_track_try_harder_no_safe_match:392987017,apple_music_try_harder_pass_v1,album|three 6 mafia|when the smoke clears@@1@@4@@@@weak azz bitch,album_sidecar_track,track,,Weak Azz Bitch,2000,us,album_track_try_harder_no_safe_match,19,45,392987017,,false
album_sidecar_track:album|three 6 mafia|when the smoke clears@@1@@5@@@@just like us:album_track_try_harder_no_safe_match:392987017,apple_music_try_harder_pass_v1,album|three 6 mafia|when the smoke clears@@1@@5@@@@just like us,album_sidecar_track,track,,Just Like Us,2000,us,album_track_try_harder_no_safe_match,19,44,392987017,,false
album_sidecar_track:album|three 6 mafia|when the smoke clears@@1@@7@@@@mafia niggaz:album_track_try_harder_no_safe_match:392987017,apple_music_try_harder_pass_v1,album|three 6 mafia|when the smoke clears@@1@@7@@@@mafia niggaz,album_sidecar_track,track,,Mafia Niggaz,2000,us,album_track_try_harder_no_safe_match,18,43,392987017,,false
album_sidecar_track:album|three 6 mafia|when the smoke clears@@1@@8@@@@hook up w hoes skit:album_track_try_harder_no_safe_match:392987017,apple_music_try_harder_pass_v1,album|three 6 mafia|when the smoke clears@@1@@8@@@@hook up w hoes skit,album_sidecar_track,track,,Hook Up W/ Hoes (skit),2000,us,album_track_try_harder_no_safe_match,18,43,392987017,,false
album_sidecar_track:album|tim mcgraw|everywhere@@1@@5@@@@i do but don t:album_track_try_harder_no_safe_match:68873255,apple_music_try_harder_pass_v1,album|tim mcgraw|everywhere@@1@@5@@@@i do but don t,album_sidecar_track,track,,I Do but Don’t,1997,us,album_track_try_harder_no_safe_match,7,44,68873255,,false
album_sidecar_track:album|tina turner|private dancer@@1@@10@@@@1984:album_track_try_harder_no_safe_match:995303638,apple_music_try_harder_pass_v1,album|tina turner|private dancer@@1@@10@@@@1984,album_sidecar_track,track,,1984,1984,us,album_track_try_harder_no_safe_match,1,43,995303638,,false
album_sidecar_track:album|tool|lateralus@@1@@9@@@@lateralis:album_track_try_harder_no_safe_match:1474185412,apple_music_try_harder_pass_v1,album|tool|lateralus@@1@@9@@@@lateralis,album_sidecar_track,track,,Lateralis,2001,us,album_track_try_harder_no_safe_match,5,43,1474185412,,false
album_sidecar_track:album|tornados|telstar@@1@@2@@@@popeye twist:album_track_try_harder_no_safe_match:1436253103,apple_music_try_harder_pass_v1,album|tornados|telstar@@1@@2@@@@popeye twist,album_sidecar_track,track,,Popeye Twist,1962,us,album_track_try_harder_no_safe_match,18,43,1436253103,,false
album_sidecar_track:album|tornados|telstar@@1@@3@@@@love and fury:album_track_try_harder_no_safe_match:1436253103,apple_music_try_harder_pass_v1,album|tornados|telstar@@1@@3@@@@love and fury,album_sidecar_track,track,,Love And Fury,1962,us,album_track_try_harder_no_safe_match,18,55,1436253103,,false
album_sidecar_track:album|tornados|telstar@@1@@4@@@@jungle fever:album_track_try_harder_no_safe_match:1436253103,apple_music_try_harder_pass_v1,album|tornados|telstar@@1@@4@@@@jungle fever,album_sidecar_track,track,,Jungle Fever,1962,us,album_track_try_harder_no_safe_match,18,50,1436253103,,false
album_sidecar_track:album|toro y moi|causers of this@@1@@12@@@@eden:album_track_try_harder_no_safe_match:1509106681,apple_music_try_harder_pass_v1,album|toro y moi|causers of this@@1@@12@@@@eden,album_sidecar_track,track,,Eden,2010,us,album_track_try_harder_no_safe_match,0,0,1509106681,,false
album_sidecar_track:album|tove lo|queen of the clouds@@1@@1@@@@sex:album_track_try_harder_no_safe_match:1443218938,apple_music_try_harder_pass_v1,album|tove lo|queen of the clouds@@1@@1@@@@sex,album_sidecar_track,track,,The Sex,2014,us,album_track_try_harder_no_safe_match,16,48,1443218938,,false
album_sidecar_track:album|toys|a lover s concerto@@1@@1@@@@a lover s concerto:album_track_try_harder_no_safe_match:40459375,apple_music_try_harder_pass_v1,album|toys|a lover s concerto@@1@@1@@@@a lover s concerto,album_sidecar_track,track,,A Lover's Concerto,1965,us,album_track_try_harder_no_safe_match,12,51,40459375,,false
album_sidecar_track:album|toys|a lover s concerto@@1@@2@@@@this night:album_track_try_harder_no_safe_match:40459375,apple_music_try_harder_pass_v1,album|toys|a lover s concerto@@1@@2@@@@this night,album_sidecar_track,track,,This Night,1965,us,album_track_try_harder_no_safe_match,12,51,40459375,,false
album_sidecar_track:album|trans siberian orchestra|christmas eve and other stories@@1@@18@@@@grinch:album_track_try_harder_no_safe_match:206345419,apple_music_try_harder_pass_v1,album|trans siberian orchestra|christmas eve and other stories@@1@@18@@@@grinch,album_sidecar_track,track,,Grinch,1996,us,album_track_try_harder_no_safe_match,1,-5,206345419,,false
album_sidecar_track:album|trans siberian orchestra|christmas eve and other stories@@1@@8@@@@christmas eve sarajevo 12 24 instrumental:album_track_try_harder_no_safe_match:206345419,apple_music_try_harder_pass_v1,album|trans siberian orchestra|christmas eve and other stories@@1@@8@@@@christmas eve sarajevo 12 24 instrumental,album_sidecar_track,track,,Christmas Eve / Sarajevo 12/24 (instrumental),1996,us,album_track_try_harder_no_safe_match,10,43,206345419,,false
album_sidecar_track:album|tricky|maxinquaye@@1@@4@@@@hell is round corner:album_track_try_harder_no_safe_match:1440918276,apple_music_try_harder_pass_v1,album|tricky|maxinquaye@@1@@4@@@@hell is round corner,album_sidecar_track,track,,Hell Is Round the Corner,1995,us,album_track_try_harder_no_safe_match,9,45,1440918276,,false
album_sidecar_track:album|trouble|psalm 9@@1@@10@@@@fear no evil:album_track_try_harder_no_safe_match:1774336268,apple_music_try_harder_pass_v1,album|trouble|psalm 9@@1@@10@@@@fear no evil,album_sidecar_track,track,,Fear No Evil,1984,us,album_track_try_harder_no_safe_match,1,5,1774336268,,false
album_sidecar_track:album|trouble|psalm 9@@1@@11@@@@wish:album_track_try_harder_no_safe_match:1774336268,apple_music_try_harder_pass_v1,album|trouble|psalm 9@@1@@11@@@@wish,album_sidecar_track,track,,The Wish,1984,us,album_track_try_harder_no_safe_match,1,-5,1774336268,,false
album_sidecar_track:album|trouble|psalm 9@@1@@12@@@@wickedness of man:album_track_try_harder_no_safe_match:1774336268,apple_music_try_harder_pass_v1,album|trouble|psalm 9@@1@@12@@@@wickedness of man,album_sidecar_track,track,,Wickedness of Man,1984,us,album_track_try_harder_no_safe_match,1,-5,1774336268,,false
album_sidecar_track:album|trouble|psalm 9@@1@@13@@@@gideon:album_track_try_harder_no_safe_match:1774336268,apple_music_try_harder_pass_v1,album|trouble|psalm 9@@1@@13@@@@gideon,album_sidecar_track,track,,Gideon,1984,us,album_track_try_harder_no_safe_match,1,-5,1774336268,,false
album_sidecar_track:album|trouble|psalm 9@@1@@14@@@@skull:album_track_try_harder_no_safe_match:1774336268,apple_music_try_harder_pass_v1,album|trouble|psalm 9@@1@@14@@@@skull,album_sidecar_track,track,,The Skull,1984,us,album_track_try_harder_no_safe_match,1,-5,1774336268,,false
album_sidecar_track:album|trouble|psalm 9@@1@@9@@@@pray for dead:album_track_try_harder_no_safe_match:1774336268,apple_music_try_harder_pass_v1,album|trouble|psalm 9@@1@@9@@@@pray for dead,album_sidecar_track,track,,Pray for the Dead,1984,us,album_track_try_harder_no_safe_match,1,29,1774336268,,false
album_sidecar_track:album|tv on the radio|return to cookie mountain@@1@@12@@@@untitled:album_track_try_harder_no_safe_match:1437098983,apple_music_try_harder_pass_v1,album|tv on the radio|return to cookie mountain@@1@@12@@@@untitled,album_sidecar_track,track,,Untitled,2006,us,album_track_try_harder_no_safe_match,1,-5,1437098983,,false
album_sidecar_track:album|tv on the radio|return to cookie mountain@@1@@13@@@@snakes and martyrs:album_track_try_harder_no_safe_match:1437098983,apple_music_try_harder_pass_v1,album|tv on the radio|return to cookie mountain@@1@@13@@@@snakes and martyrs,album_sidecar_track,track,,Snakes and Martyrs,2006,us,album_track_try_harder_no_safe_match,1,5,1437098983,,false
album_sidecar_track:album|tv on the radio|return to cookie mountain@@1@@14@@@@hours el p remix:album_track_try_harder_no_safe_match:1437098983,apple_music_try_harder_pass_v1,album|tv on the radio|return to cookie mountain@@1@@14@@@@hours el p remix,album_sidecar_track,track,,Hours (El-P Remix),2006,us,album_track_try_harder_no_safe_match,1,5,1437098983,,false
album_sidecar_track:album|tv on the radio|return to cookie mountain@@1@@15@@@@things you can do:album_track_try_harder_no_safe_match:1437098983,apple_music_try_harder_pass_v1,album|tv on the radio|return to cookie mountain@@1@@15@@@@things you can do,album_sidecar_track,track,,Things You Can Do,2006,us,album_track_try_harder_no_safe_match,1,-5,1437098983,,false
album_sidecar_track:album|tv on the radio|return to cookie mountain@@1@@8@@@@dirtywhirl:album_track_try_harder_no_safe_match:1437098983,apple_music_try_harder_pass_v1,album|tv on the radio|return to cookie mountain@@1@@8@@@@dirtywhirl,album_sidecar_track,track,,Dirtywhirl,2006,us,album_track_try_harder_no_safe_match,4,43,1437098983,,false
album_sidecar_track:album|twisted sister|stay hungry@@1@@4@@@@horror teria a captain howdy b street justice:album_track_try_harder_no_safe_match:1788380657,apple_music_try_harder_pass_v1,album|twisted sister|stay hungry@@1@@4@@@@horror teria a captain howdy b street justice,album_sidecar_track,track,,Horror-Teria A) Captain Howdy B) Street Justice,1984,us,album_track_try_harder_no_safe_match,6,45,1788380657,,false
album_sidecar_track:album|tycho|dive@@1@@11@@@@dive memoryhouse remix:album_track_try_harder_no_safe_match:679251532,apple_music_try_harder_pass_v1,album|tycho|dive@@1@@11@@@@dive memoryhouse remix,album_sidecar_track,track,,Dive (Memoryhouse remix),2011,us,album_track_try_harder_no_safe_match,0,0,679251532,,false
album_sidecar_track:album|tycho|dive@@1@@12@@@@adrift shigeto s adrift a dream remix:album_track_try_harder_no_safe_match:679251532,apple_music_try_harder_pass_v1,album|tycho|dive@@1@@12@@@@adrift shigeto s adrift a dream remix,album_sidecar_track,track,,Adrift (Shigeto's Adrift a Dream remix),2011,us,album_track_try_harder_no_safe_match,0,0,679251532,,false
album_sidecar_track:album|tycho|dive@@1@@13@@@@dive keep shelly in athens remix:album_track_try_harder_no_safe_match:679251532,apple_music_try_harder_pass_v1,album|tycho|dive@@1@@13@@@@dive keep shelly in athens remix,album_sidecar_track,track,,Dive (Keep Shelly in Athens remix),2011,us,album_track_try_harder_no_safe_match,0,0,679251532,,false
album_sidecar_track:album|tycho|dive@@1@@14@@@@a walk kolombo remix:album_track_try_harder_no_safe_match:679251532,apple_music_try_harder_pass_v1,album|tycho|dive@@1@@14@@@@a walk kolombo remix,album_sidecar_track,track,,A Walk (Kolombo remix),2011,us,album_track_try_harder_no_safe_match,0,0,679251532,,false
album_sidecar_track:album|tycho|dive@@1@@15@@@@ascension rob garza of thievery corporation remix:album_track_try_harder_no_safe_match:679251532,apple_music_try_harder_pass_v1,album|tycho|dive@@1@@15@@@@ascension rob garza of thievery corporation remix,album_sidecar_track,track,,Ascension (Rob Garza of Thievery Corporation remix),2011,us,album_track_try_harder_no_safe_match,0,0,679251532,,false
album_sidecar_track:album|tyla|tyla@@1@@1@@@@intro:album_track_try_harder_no_safe_match:1772394609,apple_music_try_harder_pass_v1,album|tyla|tyla@@1@@1@@@@intro,album_sidecar_track,track,,Intro,2024,us,album_track_try_harder_no_safe_match,17,53,1772394609,,false
album_sidecar_track:album|tyla|tyla@@1@@10@@@@art:album_track_try_harder_no_safe_match:1772394609,apple_music_try_harder_pass_v1,album|tyla|tyla@@1@@10@@@@art,album_sidecar_track,track,,ART,2024,us,album_track_try_harder_no_safe_match,17,51,1772394609,,false
album_sidecar_track:album|tyla|tyla@@1@@11@@@@on my body:album_track_try_harder_no_safe_match:1772394609,apple_music_try_harder_pass_v1,album|tyla|tyla@@1@@11@@@@on my body,album_sidecar_track,track,,On My Body,2024,us,album_track_try_harder_no_safe_match,17,51,1772394609,,false
album_sidecar_track:album|tyla|tyla@@1@@12@@@@priorities:album_track_try_harder_no_safe_match:1772394609,apple_music_try_harder_pass_v1,album|tyla|tyla@@1@@12@@@@priorities,album_sidecar_track,track,,Priorities,2024,us,album_track_try_harder_no_safe_match,17,51,1772394609,,false
album_sidecar_track:album|tyla|tyla@@1@@13@@@@to last:album_track_try_harder_no_safe_match:1772394609,apple_music_try_harder_pass_v1,album|tyla|tyla@@1@@13@@@@to last,album_sidecar_track,track,,To Last,2024,us,album_track_try_harder_no_safe_match,17,51,1772394609,,false
album_sidecar_track:album|tyla|tyla@@1@@14@@@@water remix:album_track_try_harder_no_safe_match:1772394609,apple_music_try_harder_pass_v1,album|tyla|tyla@@1@@14@@@@water remix,album_sidecar_track,track,,Water (remix),2024,us,album_track_try_harder_no_safe_match,17,51,1772394609,,false
album_sidecar_track:album|tyla|tyla@@1@@2@@@@safer:album_track_try_harder_no_safe_match:1772394609,apple_music_try_harder_pass_v1,album|tyla|tyla@@1@@2@@@@safer,album_sidecar_track,track,,Safer,2024,us,album_track_try_harder_no_safe_match,17,52,1772394609,,false
album_sidecar_track:album|tyla|tyla@@1@@3@@@@water:album_track_try_harder_no_safe_match:1772394609,apple_music_try_harder_pass_v1,album|tyla|tyla@@1@@3@@@@water,album_sidecar_track,track,,Water,2024,us,album_track_try_harder_no_safe_match,17,51,1772394609,,false
album_sidecar_track:album|tyla|tyla@@1@@4@@@@truth or dare:album_track_try_harder_no_safe_match:1772394609,apple_music_try_harder_pass_v1,album|tyla|tyla@@1@@4@@@@truth or dare,album_sidecar_track,track,,Truth or Dare,2024,us,album_track_try_harder_no_safe_match,17,51,1772394609,,false
album_sidecar_track:album|tyla|tyla@@1@@5@@@@no 1:album_track_try_harder_no_safe_match:1772394609,apple_music_try_harder_pass_v1,album|tyla|tyla@@1@@5@@@@no 1,album_sidecar_track,track,,No.1,2024,us,album_track_try_harder_no_safe_match,17,40,1772394609,,false
album_sidecar_track:album|tyla|tyla@@1@@6@@@@breathe me:album_track_try_harder_no_safe_match:1772394609,apple_music_try_harder_pass_v1,album|tyla|tyla@@1@@6@@@@breathe me,album_sidecar_track,track,,Breathe Me,2024,us,album_track_try_harder_no_safe_match,17,51,1772394609,,false
album_sidecar_track:album|tyla|tyla@@1@@7@@@@butterflies:album_track_try_harder_no_safe_match:1772394609,apple_music_try_harder_pass_v1,album|tyla|tyla@@1@@7@@@@butterflies,album_sidecar_track,track,,Butterflies,2024,us,album_track_try_harder_no_safe_match,17,51,1772394609,,false
album_sidecar_track:album|tyla|tyla@@1@@8@@@@on and on:album_track_try_harder_no_safe_match:1772394609,apple_music_try_harder_pass_v1,album|tyla|tyla@@1@@8@@@@on and on,album_sidecar_track,track,,On and On,2024,us,album_track_try_harder_no_safe_match,17,51,1772394609,,false
album_sidecar_track:album|tyla|tyla@@1@@9@@@@jump:album_track_try_harder_no_safe_match:1772394609,apple_music_try_harder_pass_v1,album|tyla|tyla@@1@@9@@@@jump,album_sidecar_track,track,,Jump,2024,us,album_track_try_harder_no_safe_match,17,51,1772394609,,false
album_sidecar_track:album|ugk|ridin dirty@@1@@8@@@@fuck my car:album_track_try_harder_no_safe_match:268522887,apple_music_try_harder_pass_v1,album|ugk|ridin dirty@@1@@8@@@@fuck my car,album_sidecar_track,track,,Fuck My Car,1996,us,album_track_try_harder_no_safe_match,6,43,268522887,,false
album_sidecar_track:album|underoath|define the great line@@2@@1@@@@making of define great line:album_track_try_harder_no_safe_match:718995641,apple_music_try_harder_pass_v1,album|underoath|define the great line@@2@@1@@@@making of define great line,album_sidecar_track,track,,Making of Define the Great Line,2006,us,album_track_try_harder_no_safe_match,0,0,718995641,,false
album_sidecar_track:album|underoath|define the great line@@2@@2@@@@making of album art:album_track_try_harder_no_safe_match:718995641,apple_music_try_harder_pass_v1,album|underoath|define the great line@@2@@2@@@@making of album art,album_sidecar_track,track,,Making of the Album Art,2006,us,album_track_try_harder_no_safe_match,0,0,718995641,,false
album_sidecar_track:album|underoath|define the great line@@2@@3@@@@untitled:album_track_try_harder_no_safe_match:718995641,apple_music_try_harder_pass_v1,album|underoath|define the great line@@2@@3@@@@untitled,album_sidecar_track,track,,[untitled],2006,us,album_track_try_harder_no_safe_match,0,0,718995641,,false
album_sidecar_track:album|unkle|psyence fiction@@1@@1@@@@guns blazing drums of death part 1:album_track_try_harder_no_safe_match:1667639546,apple_music_try_harder_pass_v1,album|unkle|psyence fiction@@1@@1@@@@guns blazing drums of death part 1,album_sidecar_track,track,,"Guns Blazing (Drums of Death, Part 1)",1998,us,album_track_try_harder_no_safe_match,13,48,1667639546,,false
album_sidecar_track:album|unkle|psyence fiction@@1@@2@@@@unkle main title theme:album_track_try_harder_no_safe_match:1667639546,apple_music_try_harder_pass_v1,album|unkle|psyence fiction@@1@@2@@@@unkle main title theme,album_sidecar_track,track,,UNKLE (Main Title Theme),1998,us,album_track_try_harder_no_safe_match,13,47,1667639546,,false
album_sidecar_track:album|unkle|psyence fiction@@1@@9@@@@knock drums of death part 2:album_track_try_harder_no_safe_match:1667639546,apple_music_try_harder_pass_v1,album|unkle|psyence fiction@@1@@9@@@@knock drums of death part 2,album_sidecar_track,track,,"The Knock (Drums of Death, Part 2)",1998,us,album_track_try_harder_no_safe_match,7,43,1667639546,,false
album_sidecar_track:album|unwound|leaves turn inside you@@2@@1@@@@one lick less:album_track_try_harder_no_safe_match:954012181,apple_music_try_harder_pass_v1,album|unwound|leaves turn inside you@@2@@1@@@@one lick less,album_sidecar_track,track,,One Lick Less,2001,us,album_track_try_harder_no_safe_match,7,51,954012181,,false
album_sidecar_track:album|unwound|leaves turn inside you@@2@@2@@@@scarlette:album_track_try_harder_no_safe_match:954012181,apple_music_try_harder_pass_v1,album|unwound|leaves turn inside you@@2@@2@@@@scarlette,album_sidecar_track,track,,Scarlette,2001,us,album_track_try_harder_no_safe_match,7,51,954012181,,false
album_sidecar_track:album|unwound|leaves turn inside you@@2@@3@@@@october all over:album_track_try_harder_no_safe_match:954012181,apple_music_try_harder_pass_v1,album|unwound|leaves turn inside you@@2@@3@@@@october all over,album_sidecar_track,track,,October All Over,2001,us,album_track_try_harder_no_safe_match,7,51,954012181,,false
album_sidecar_track:album|unwound|leaves turn inside you@@2@@4@@@@summer freeze:album_track_try_harder_no_safe_match:954012181,apple_music_try_harder_pass_v1,album|unwound|leaves turn inside you@@2@@4@@@@summer freeze,album_sidecar_track,track,,Summer Freeze,2001,us,album_track_try_harder_no_safe_match,7,51,954012181,,false
album_sidecar_track:album|unwound|leaves turn inside you@@2@@5@@@@radio gra:album_track_try_harder_no_safe_match:954012181,apple_music_try_harder_pass_v1,album|unwound|leaves turn inside you@@2@@5@@@@radio gra,album_sidecar_track,track,,Radio Gra,2001,us,album_track_try_harder_no_safe_match,7,51,954012181,,false
album_sidecar_track:album|unwound|leaves turn inside you@@2@@6@@@@below salt:album_track_try_harder_no_safe_match:954012181,apple_music_try_harder_pass_v1,album|unwound|leaves turn inside you@@2@@6@@@@below salt,album_sidecar_track,track,,Below the Salt,2001,us,album_track_try_harder_no_safe_match,7,51,954012181,,false
album_sidecar_track:album|unwound|leaves turn inside you@@2@@7@@@@who cares:album_track_try_harder_no_safe_match:954012181,apple_music_try_harder_pass_v1,album|unwound|leaves turn inside you@@2@@7@@@@who cares,album_sidecar_track,track,,Who Cares,2001,us,album_track_try_harder_no_safe_match,7,51,954012181,,false
album_sidecar_track:album|uriah heep|demons and wizards@@1@@8@@@@paradise spell:album_track_try_harder_no_safe_match:1541874636,apple_music_try_harder_pass_v1,album|uriah heep|demons and wizards@@1@@8@@@@paradise spell,album_sidecar_track,track,,Paradise / The Spell,1972,us,album_track_try_harder_no_safe_match,21,53,1541874636,,false
album_sidecar_track:album|vampire weekend|vampire weekend@@1@@3@@@@a punk:album_track_try_harder_no_safe_match:270425072,apple_music_try_harder_pass_v1,album|vampire weekend|vampire weekend@@1@@3@@@@a punk,album_sidecar_track,track,,A-Punk,2008,us,album_track_try_harder_no_safe_match,9,54,270425072,,false
album_sidecar_track:album|van der graaf generator|pawn hearts@@1@@3@@@@a plague of lighthouse keepers a eyewitness b pictures lighthouse c eyewitness d s h m e presence of light f kosmos tours g custard s last stand h clot thickens i lands end sineline j we go now:album_track_try_harder_no_safe_match:714659628,apple_music_try_harder_pass_v1,album|van der graaf generator|pawn hearts@@1@@3@@@@a plague of lighthouse keepers a eyewitness b pictures lighthouse c eyewitness d s h m e presence of light f kosmos tours g custard s last stand h clot thickens i lands end sineline j we go now,album_sidecar_track,track,,A Plague of Lighthouse Keepers: A) Eyewitness - B) Pictures/Lighthouse - C) Eyewitness - D) S.H.M. - E) Presence of the Light - F) Kosmos Tours - G) (Custard's) Last Stand - H) The Clot Thickens - I) Lands End (Sineline) - J) We Go Now,1971,us,album_track_try_harder_no_safe_match,6,42,714659628,,false
album_sidecar_track:album|vanilla fudge|vanilla fudge@@1@@10@@@@eleanor rigby:album_track_try_harder_no_safe_match:78980146,apple_music_try_harder_pass_v1,album|vanilla fudge|vanilla fudge@@1@@10@@@@eleanor rigby,album_sidecar_track,track,,Eleanor Rigby,1967,us,album_track_try_harder_no_safe_match,3,29,78980146,,false
album_sidecar_track:album|vanilla fudge|vanilla fudge@@1@@5@@@@illusions of my childhood part one:album_track_try_harder_no_safe_match:78980146,apple_music_try_harder_pass_v1,album|vanilla fudge|vanilla fudge@@1@@5@@@@illusions of my childhood part one,album_sidecar_track,track,,"Illusions of My Childhood, Part One",1967,us,album_track_try_harder_no_safe_match,3,54,78980146,,false
album_sidecar_track:album|vanilla fudge|vanilla fudge@@1@@6@@@@you keep me hanging on:album_track_try_harder_no_safe_match:78980146,apple_music_try_harder_pass_v1,album|vanilla fudge|vanilla fudge@@1@@6@@@@you keep me hanging on,album_sidecar_track,track,,You Keep Me Hanging On,1967,us,album_track_try_harder_no_safe_match,3,30,78980146,,false
album_sidecar_track:album|vanilla fudge|vanilla fudge@@1@@7@@@@illusions of my childhood part two:album_track_try_harder_no_safe_match:78980146,apple_music_try_harder_pass_v1,album|vanilla fudge|vanilla fudge@@1@@7@@@@illusions of my childhood part two,album_sidecar_track,track,,"Illusions of My Childhood, Part Two",1967,us,album_track_try_harder_no_safe_match,3,29,78980146,,false
album_sidecar_track:album|vanilla fudge|vanilla fudge@@1@@8@@@@take me for a little while:album_track_try_harder_no_safe_match:78980146,apple_music_try_harder_pass_v1,album|vanilla fudge|vanilla fudge@@1@@8@@@@take me for a little while,album_sidecar_track,track,,Take Me for a Little While,1967,us,album_track_try_harder_no_safe_match,3,24,78980146,,false
album_sidecar_track:album|vanilla fudge|vanilla fudge@@1@@9@@@@illusions of my childhood part three:album_track_try_harder_no_safe_match:78980146,apple_music_try_harder_pass_v1,album|vanilla fudge|vanilla fudge@@1@@9@@@@illusions of my childhood part three,album_sidecar_track,track,,"Illusions of My Childhood, Part Three",1967,us,album_track_try_harder_no_safe_match,3,19,78980146,,false
album_sidecar_track:album|various artists|coco@@1@@1@@@@forglem mig ej ernesto de la cruz:album_track_try_harder_no_safe_match:1440671241,apple_music_try_harder_pass_v1,album|various artists|coco@@1@@1@@@@forglem mig ej ernesto de la cruz,album_sidecar_track,track,,Forglem mig ej (Ernesto de la Cruz),2017,us,album_track_try_harder_no_safe_match,38,48,1440671241,,false
album_sidecar_track:album|various artists|coco@@1@@10@@@@et stolt hjertes slag:album_track_try_harder_no_safe_match:1440671241,apple_music_try_harder_pass_v1,album|various artists|coco@@1@@10@@@@et stolt hjertes slag,album_sidecar_track,track,,Et stolt hjertes slag,2017,us,album_track_try_harder_no_safe_match,35,43,1440671241,,false
album_sidecar_track:album|various artists|coco@@1@@12@@@@remember me duo:album_track_try_harder_no_safe_match:1440671241,apple_music_try_harder_pass_v1,album|various artists|coco@@1@@12@@@@remember me duo,album_sidecar_track,track,,Remember Me (Dúo),2017,us,album_track_try_harder_no_safe_match,34,39,1440671241,,false
album_sidecar_track:album|various artists|coco@@1@@13@@@@will he shoemaker:album_track_try_harder_no_safe_match:1440671241,apple_music_try_harder_pass_v1,album|various artists|coco@@1@@13@@@@will he shoemaker,album_sidecar_track,track,,Will He Shoemaker?,2017,us,album_track_try_harder_no_safe_match,34,51,1440671241,,false
album_sidecar_track:album|various artists|coco@@1@@14@@@@shrine and dash:album_track_try_harder_no_safe_match:1440671241,apple_music_try_harder_pass_v1,album|various artists|coco@@1@@14@@@@shrine and dash,album_sidecar_track,track,,Shrine and Dash,2017,us,album_track_try_harder_no_safe_match,34,51,1440671241,,false
album_sidecar_track:album|various artists|coco@@1@@15@@@@miguel s got an axe to find:album_track_try_harder_no_safe_match:1440671241,apple_music_try_harder_pass_v1,album|various artists|coco@@1@@15@@@@miguel s got an axe to find,album_sidecar_track,track,,Miguel's Got an Axe to Find,2017,us,album_track_try_harder_no_safe_match,34,51,1440671241,,false
album_sidecar_track:album|various artists|coco@@1@@16@@@@strum of destiny:album_track_try_harder_no_safe_match:1440671241,apple_music_try_harder_pass_v1,album|various artists|coco@@1@@16@@@@strum of destiny,album_sidecar_track,track,,The Strum of Destiny,2017,us,album_track_try_harder_no_safe_match,34,51,1440671241,,false
album_sidecar_track:album|various artists|coco@@1@@17@@@@it s all relative:album_track_try_harder_no_safe_match:1440671241,apple_music_try_harder_pass_v1,album|various artists|coco@@1@@17@@@@it s all relative,album_sidecar_track,track,,It's All Relative,2017,us,album_track_try_harder_no_safe_match,34,51,1440671241,,false
album_sidecar_track:album|various artists|coco@@1@@18@@@@crossing marigold bridge:album_track_try_harder_no_safe_match:1440671241,apple_music_try_harder_pass_v1,album|various artists|coco@@1@@18@@@@crossing marigold bridge,album_sidecar_track,track,,Crossing the Marigold Bridge,2017,us,album_track_try_harder_no_safe_match,34,51,1440671241,,false
album_sidecar_track:album|various artists|coco@@1@@19@@@@dept of family reunions:album_track_try_harder_no_safe_match:1440671241,apple_music_try_harder_pass_v1,album|various artists|coco@@1@@19@@@@dept of family reunions,album_sidecar_track,track,,Dept. of Family Reunions,2017,us,album_track_try_harder_no_safe_match,34,51,1440671241,,false
album_sidecar_track:album|various artists|coco@@1@@2@@@@gode rad om k rlighed:album_track_try_harder_no_safe_match:1440671241,apple_music_try_harder_pass_v1,album|various artists|coco@@1@@2@@@@gode rad om k rlighed,album_sidecar_track,track,,Gode råd om kærlighed,2017,us,album_track_try_harder_no_safe_match,38,47,1440671241,,false
album_sidecar_track:album|various artists|coco@@1@@20@@@@skeleton key to escape:album_track_try_harder_no_safe_match:1440671241,apple_music_try_harder_pass_v1,album|various artists|coco@@1@@20@@@@skeleton key to escape,album_sidecar_track,track,,The Skeleton Key to Escape,2017,us,album_track_try_harder_no_safe_match,34,51,1440671241,,false
album_sidecar_track:album|various artists|coco@@1@@21@@@@newbie skeleton walk:album_track_try_harder_no_safe_match:1440671241,apple_music_try_harder_pass_v1,album|various artists|coco@@1@@21@@@@newbie skeleton walk,album_sidecar_track,track,,The Newbie Skeleton Walk,2017,us,album_track_try_harder_no_safe_match,34,51,1440671241,,false
album_sidecar_track:album|various artists|coco@@1@@22@@@@adios chicharron:album_track_try_harder_no_safe_match:1440671241,apple_music_try_harder_pass_v1,album|various artists|coco@@1@@22@@@@adios chicharron,album_sidecar_track,track,,Adiós Chicharrón,2017,us,album_track_try_harder_no_safe_match,34,51,1440671241,,false
album_sidecar_track:album|various artists|coco@@1@@23@@@@plaza de la cruz:album_track_try_harder_no_safe_match:1440671241,apple_music_try_harder_pass_v1,album|various artists|coco@@1@@23@@@@plaza de la cruz,album_sidecar_track,track,,Plaza de la Cruz,2017,us,album_track_try_harder_no_safe_match,34,51,1440671241,,false
album_sidecar_track:album|various artists|coco@@1@@24@@@@family doubtings:album_track_try_harder_no_safe_match:1440671241,apple_music_try_harder_pass_v1,album|various artists|coco@@1@@24@@@@family doubtings,album_sidecar_track,track,,Family Doubtings,2017,us,album_track_try_harder_no_safe_match,34,51,1440671241,,false
album_sidecar_track:album|various artists|coco@@1@@25@@@@taking sides:album_track_try_harder_no_safe_match:1440671241,apple_music_try_harder_pass_v1,album|various artists|coco@@1@@25@@@@taking sides,album_sidecar_track,track,,Taking Sides,2017,us,album_track_try_harder_no_safe_match,34,51,1440671241,,false
album_sidecar_track:album|various artists|coco@@1@@26@@@@fiesta espectacular:album_track_try_harder_no_safe_match:1440671241,apple_music_try_harder_pass_v1,album|various artists|coco@@1@@26@@@@fiesta espectacular,album_sidecar_track,track,,Fiesta Espectacular,2017,us,album_track_try_harder_no_safe_match,34,51,1440671241,,false
album_sidecar_track:album|various artists|coco@@1@@27@@@@fiesta con de la cruz:album_track_try_harder_no_safe_match:1440671241,apple_music_try_harder_pass_v1,album|various artists|coco@@1@@27@@@@fiesta con de la cruz,album_sidecar_track,track,,Fiesta con de la Cruz,2017,us,album_track_try_harder_no_safe_match,34,51,1440671241,,false
album_sidecar_track:album|various artists|coco@@1@@28@@@@i have a great great grandson:album_track_try_harder_no_safe_match:1440671241,apple_music_try_harder_pass_v1,album|various artists|coco@@1@@28@@@@i have a great great grandson,album_sidecar_track,track,,I Have a Great-Great-Grandson,2017,us,album_track_try_harder_no_safe_match,34,51,1440671241,,false
album_sidecar_track:album|various artists|coco@@1@@29@@@@a blessing and a fessing:album_track_try_harder_no_safe_match:1440671241,apple_music_try_harder_pass_v1,album|various artists|coco@@1@@29@@@@a blessing and a fessing,album_sidecar_track,track,,A Blessing and a Fessing,2017,us,album_track_try_harder_no_safe_match,34,51,1440671241,,false
album_sidecar_track:album|various artists|coco@@1@@3@@@@mon ikke du har set juanita:album_track_try_harder_no_safe_match:1440671241,apple_music_try_harder_pass_v1,album|various artists|coco@@1@@3@@@@mon ikke du har set juanita,album_sidecar_track,track,,Mon ikke du har set Juanita,2017,us,album_track_try_harder_no_safe_match,38,46,1440671241,,false
album_sidecar_track:album|various artists|coco@@1@@30@@@@cave dwelling on past:album_track_try_harder_no_safe_match:1440671241,apple_music_try_harder_pass_v1,album|various artists|coco@@1@@30@@@@cave dwelling on past,album_sidecar_track,track,,Cave Dwelling on the Past,2017,us,album_track_try_harder_no_safe_match,34,51,1440671241,,false
album_sidecar_track:album|various artists|coco@@1@@31@@@@somos familia:album_track_try_harder_no_safe_match:1440671241,apple_music_try_harder_pass_v1,album|various artists|coco@@1@@31@@@@somos familia,album_sidecar_track,track,,Somos Familia,2017,us,album_track_try_harder_no_safe_match,34,51,1440671241,,false
album_sidecar_track:album|various artists|coco@@1@@32@@@@reunion familiar de rivera:album_track_try_harder_no_safe_match:1440671241,apple_music_try_harder_pass_v1,album|various artists|coco@@1@@32@@@@reunion familiar de rivera,album_sidecar_track,track,,Reunión Familiar de Rivera,2017,us,album_track_try_harder_no_safe_match,34,51,1440671241,,false
album_sidecar_track:album|various artists|coco@@1@@33@@@@a family dysfunction:album_track_try_harder_no_safe_match:1440671241,apple_music_try_harder_pass_v1,album|various artists|coco@@1@@33@@@@a family dysfunction,album_sidecar_track,track,,A Family Dysfunction,2017,us,album_track_try_harder_no_safe_match,34,51,1440671241,,false
album_sidecar_track:album|various artists|coco@@1@@34@@@@grabbing a photo opportunity:album_track_try_harder_no_safe_match:1440671241,apple_music_try_harder_pass_v1,album|various artists|coco@@1@@34@@@@grabbing a photo opportunity,album_sidecar_track,track,,Grabbing a Photo Opportunity,2017,us,album_track_try_harder_no_safe_match,34,51,1440671241,,false
album_sidecar_track:album|various artists|coco@@1@@35@@@@show must go on:album_track_try_harder_no_safe_match:1440671241,apple_music_try_harder_pass_v1,album|various artists|coco@@1@@35@@@@show must go on,album_sidecar_track,track,,The Show Must Go On,2017,us,album_track_try_harder_no_safe_match,34,51,1440671241,,false
album_sidecar_track:album|various artists|coco@@1@@36@@@@for whom bell tolls:album_track_try_harder_no_safe_match:1440671241,apple_music_try_harder_pass_v1,album|various artists|coco@@1@@36@@@@for whom bell tolls,album_sidecar_track,track,,For Whom the Bell Tolls,2017,us,album_track_try_harder_no_safe_match,34,51,1440671241,,false
album_sidecar_track:album|various artists|coco@@1@@37@@@@a run for ages:album_track_try_harder_no_safe_match:1440671241,apple_music_try_harder_pass_v1,album|various artists|coco@@1@@37@@@@a run for ages,album_sidecar_track,track,,A Run for the Ages,2017,us,album_track_try_harder_no_safe_match,34,51,1440671241,,false
album_sidecar_track:album|various artists|coco@@1@@38@@@@one year later:album_track_try_harder_no_safe_match:1440671241,apple_music_try_harder_pass_v1,album|various artists|coco@@1@@38@@@@one year later,album_sidecar_track,track,,One Year Later,2017,us,album_track_try_harder_no_safe_match,34,51,1440671241,,false
album_sidecar_track:album|various artists|coco@@1@@39@@@@coco dia de los muertos suite:album_track_try_harder_no_safe_match:1440671241,apple_music_try_harder_pass_v1,album|various artists|coco@@1@@39@@@@coco dia de los muertos suite,album_sidecar_track,track,,Coco - Día de los Muertos Suite,2017,us,album_track_try_harder_no_safe_match,34,51,1440671241,,false
album_sidecar_track:album|various artists|coco@@1@@6@@@@hele verden mi familia:album_track_try_harder_no_safe_match:1440671241,apple_music_try_harder_pass_v1,album|various artists|coco@@1@@6@@@@hele verden mi familia,album_sidecar_track,track,,"Hele verden, mi familia",2017,us,album_track_try_harder_no_safe_match,36,43,1440671241,,false
album_sidecar_track:album|various artists|coco@@1@@7@@@@forglem mig ej vuggevise:album_track_try_harder_no_safe_match:1440671241,apple_music_try_harder_pass_v1,album|various artists|coco@@1@@7@@@@forglem mig ej vuggevise,album_sidecar_track,track,,Forglem mig ej (vuggevise),2017,us,album_track_try_harder_no_safe_match,36,43,1440671241,,false
album_sidecar_track:album|various artists|coco@@1@@9@@@@forglem mig ej genforening:album_track_try_harder_no_safe_match:1440671241,apple_music_try_harder_pass_v1,album|various artists|coco@@1@@9@@@@forglem mig ej genforening,album_sidecar_track,track,,Forglem mig ej (genforening),2017,us,album_track_try_harder_no_safe_match,35,43,1440671241,,false
album_sidecar_track:album|various artists|lilo and stitch@@1@@6@@@@you re devil in disguise:album_track_try_harder_no_safe_match:1440736675,apple_music_try_harder_pass_v1,album|various artists|lilo and stitch@@1@@6@@@@you re devil in disguise,album_sidecar_track,track,,(You’re the) Devil in Disguise,2002,us,album_track_try_harder_no_safe_match,7,53,1440736675,,false
album_sidecar_track:album|various artists|specialty story@@1@@10@@@@tear drop blues:album_track_try_harder_no_safe_match:1568797646,apple_music_try_harder_pass_v1,album|various artists|specialty story@@1@@10@@@@tear drop blues,album_sidecar_track,track,,Tear Drop Blues,1994,us,album_track_try_harder_no_safe_match,121,43,1568797646,,false
album_sidecar_track:album|various artists|specialty story@@1@@17@@@@hop skip jump:album_track_try_harder_no_safe_match:1568797646,apple_music_try_harder_pass_v1,album|various artists|specialty story@@1@@17@@@@hop skip jump,album_sidecar_track,track,,"Hop, Skip, Jump",1994,us,album_track_try_harder_no_safe_match,115,43,1568797646,,false
album_sidecar_track:album|various artists|specialty story@@2@@1@@@@pink champagne:album_track_try_harder_no_safe_match:1568797646,apple_music_try_harder_pass_v1,album|various artists|specialty story@@2@@1@@@@pink champagne,album_sidecar_track,track,,Pink Champagne,1994,us,album_track_try_harder_no_safe_match,106,51,1568797646,,false
album_sidecar_track:album|various artists|specialty story@@2@@10@@@@frankie lee:album_track_try_harder_no_safe_match:1568797646,apple_music_try_harder_pass_v1,album|various artists|specialty story@@2@@10@@@@frankie lee,album_sidecar_track,track,,Frankie Lee,1994,us,album_track_try_harder_no_safe_match,106,51,1568797646,,false
album_sidecar_track:album|various artists|specialty story@@2@@11@@@@what a fool i was:album_track_try_harder_no_safe_match:1568797646,apple_music_try_harder_pass_v1,album|various artists|specialty story@@2@@11@@@@what a fool i was,album_sidecar_track,track,,What a Fool I Was,1994,us,album_track_try_harder_no_safe_match,106,51,1568797646,,false
album_sidecar_track:album|various artists|specialty story@@2@@12@@@@money blues:album_track_try_harder_no_safe_match:1568797646,apple_music_try_harder_pass_v1,album|various artists|specialty story@@2@@12@@@@money blues,album_sidecar_track,track,,Money Blues,1994,us,album_track_try_harder_no_safe_match,106,51,1568797646,,false
album_sidecar_track:album|various artists|specialty story@@2@@13@@@@it s later than you think:album_track_try_harder_no_safe_match:1568797646,apple_music_try_harder_pass_v1,album|various artists|specialty story@@2@@13@@@@it s later than you think,album_sidecar_track,track,,It’s Later Than You Think,1994,us,album_track_try_harder_no_safe_match,106,51,1568797646,,false
album_sidecar_track:album|various artists|specialty story@@2@@14@@@@t town twist:album_track_try_harder_no_safe_match:1568797646,apple_music_try_harder_pass_v1,album|various artists|specialty story@@2@@14@@@@t town twist,album_sidecar_track,track,,T‐Town Twist,1994,us,album_track_try_harder_no_safe_match,106,51,1568797646,,false
album_sidecar_track:album|various artists|specialty story@@2@@15@@@@i have news for you:album_track_try_harder_no_safe_match:1568797646,apple_music_try_harder_pass_v1,album|various artists|specialty story@@2@@15@@@@i have news for you,album_sidecar_track,track,,I Have News for You,1994,us,album_track_try_harder_no_safe_match,106,51,1568797646,,false
album_sidecar_track:album|various artists|specialty story@@2@@16@@@@prayin for your return:album_track_try_harder_no_safe_match:1568797646,apple_music_try_harder_pass_v1,album|various artists|specialty story@@2@@16@@@@prayin for your return,album_sidecar_track,track,,Prayin’ for Your Return,1994,us,album_track_try_harder_no_safe_match,106,51,1568797646,,false
album_sidecar_track:album|various artists|specialty story@@2@@17@@@@strange angel:album_track_try_harder_no_safe_match:1568797646,apple_music_try_harder_pass_v1,album|various artists|specialty story@@2@@17@@@@strange angel,album_sidecar_track,track,,Strange Angel,1994,us,album_track_try_harder_no_safe_match,106,51,1568797646,,false
album_sidecar_track:album|various artists|specialty story@@2@@18@@@@best wishes:album_track_try_harder_no_safe_match:1568797646,apple_music_try_harder_pass_v1,album|various artists|specialty story@@2@@18@@@@best wishes,album_sidecar_track,track,,Best Wishes,1994,us,album_track_try_harder_no_safe_match,106,51,1568797646,,false
album_sidecar_track:album|various artists|specialty story@@2@@19@@@@cry baby:album_track_try_harder_no_safe_match:1568797646,apple_music_try_harder_pass_v1,album|various artists|specialty story@@2@@19@@@@cry baby,album_sidecar_track,track,,Cry Baby,1994,us,album_track_try_harder_no_safe_match,106,51,1568797646,,false
album_sidecar_track:album|various artists|specialty story@@2@@2@@@@junior jives:album_track_try_harder_no_safe_match:1568797646,apple_music_try_harder_pass_v1,album|various artists|specialty story@@2@@2@@@@junior jives,album_sidecar_track,track,,Junior Jives,1994,us,album_track_try_harder_no_safe_match,106,51,1568797646,,false
album_sidecar_track:album|various artists|specialty story@@2@@20@@@@love will make you a slave:album_track_try_harder_no_safe_match:1568797646,apple_music_try_harder_pass_v1,album|various artists|specialty story@@2@@20@@@@love will make you a slave,album_sidecar_track,track,,Love Will Make You a Slave,1994,us,album_track_try_harder_no_safe_match,106,51,1568797646,,false
album_sidecar_track:album|various artists|specialty story@@2@@21@@@@i can t lose with stuff i use:album_track_try_harder_no_safe_match:1568797646,apple_music_try_harder_pass_v1,album|various artists|specialty story@@2@@21@@@@i can t lose with stuff i use,album_sidecar_track,track,,I Can’t Lose With the Stuff I Use,1994,us,album_track_try_harder_no_safe_match,106,51,1568797646,,false
album_sidecar_track:album|various artists|specialty story@@2@@22@@@@wheel of fortune:album_track_try_harder_no_safe_match:1568797646,apple_music_try_harder_pass_v1,album|various artists|specialty story@@2@@22@@@@wheel of fortune,album_sidecar_track,track,,Wheel of Fortune,1994,us,album_track_try_harder_no_safe_match,106,51,1568797646,,false
album_sidecar_track:album|various artists|specialty story@@2@@23@@@@big question:album_track_try_harder_no_safe_match:1568797646,apple_music_try_harder_pass_v1,album|various artists|specialty story@@2@@23@@@@big question,album_sidecar_track,track,,The Big Question,1994,us,album_track_try_harder_no_safe_match,106,51,1568797646,,false
album_sidecar_track:album|various artists|specialty story@@2@@24@@@@lawdy miss clawdy:album_track_try_harder_no_safe_match:1568797646,apple_music_try_harder_pass_v1,album|various artists|specialty story@@2@@24@@@@lawdy miss clawdy,album_sidecar_track,track,,Lawdy Miss Clawdy,1994,us,album_track_try_harder_no_safe_match,106,51,1568797646,,false
album_sidecar_track:album|various artists|specialty story@@2@@25@@@@so tired:album_track_try_harder_no_safe_match:1568797646,apple_music_try_harder_pass_v1,album|various artists|specialty story@@2@@25@@@@so tired,album_sidecar_track,track,,So Tired,1994,us,album_track_try_harder_no_safe_match,106,51,1568797646,,false
album_sidecar_track:album|various artists|specialty story@@2@@26@@@@night and day i miss you so:album_track_try_harder_no_safe_match:1568797646,apple_music_try_harder_pass_v1,album|various artists|specialty story@@2@@26@@@@night and day i miss you so,album_sidecar_track,track,,Night and Day (I Miss You So),1994,us,album_track_try_harder_no_safe_match,106,51,1568797646,,false
album_sidecar_track:album|various artists|specialty story@@2@@3@@@@where there is no love:album_track_try_harder_no_safe_match:1568797646,apple_music_try_harder_pass_v1,album|various artists|specialty story@@2@@3@@@@where there is no love,album_sidecar_track,track,,Where There Is No Love,1994,us,album_track_try_harder_no_safe_match,106,51,1568797646,,false
album_sidecar_track:album|various artists|specialty story@@2@@4@@@@everything s gonna be all right tonight:album_track_try_harder_no_safe_match:1568797646,apple_music_try_harder_pass_v1,album|various artists|specialty story@@2@@4@@@@everything s gonna be all right tonight,album_sidecar_track,track,,Everything’s Gonna Be All Right Tonight,1994,us,album_track_try_harder_no_safe_match,106,51,1568797646,,false
album_sidecar_track:album|various artists|specialty story@@2@@5@@@@please send me someone to love:album_track_try_harder_no_safe_match:1568797646,apple_music_try_harder_pass_v1,album|various artists|specialty story@@2@@5@@@@please send me someone to love,album_sidecar_track,track,,Please Send Me Someone to Love,1994,us,album_track_try_harder_no_safe_match,106,51,1568797646,,false
album_sidecar_track:album|various artists|specialty story@@2@@6@@@@strange things happening:album_track_try_harder_no_safe_match:1568797646,apple_music_try_harder_pass_v1,album|various artists|specialty story@@2@@6@@@@strange things happening,album_sidecar_track,track,,Strange Things Happening,1994,us,album_track_try_harder_no_safe_match,106,51,1568797646,,false
album_sidecar_track:album|various artists|specialty story@@2@@7@@@@little joe s boogie:album_track_try_harder_no_safe_match:1568797646,apple_music_try_harder_pass_v1,album|various artists|specialty story@@2@@7@@@@little joe s boogie,album_sidecar_track,track,,Little Joe’s Boogie,1994,us,album_track_try_harder_no_safe_match,106,51,1568797646,,false
album_sidecar_track:album|various artists|specialty story@@2@@8@@@@oh babe:album_track_try_harder_no_safe_match:1568797646,apple_music_try_harder_pass_v1,album|various artists|specialty story@@2@@8@@@@oh babe,album_sidecar_track,track,,Oh Babe!,1994,us,album_track_try_harder_no_safe_match,106,51,1568797646,,false
album_sidecar_track:album|various artists|specialty story@@2@@9@@@@lost love:album_track_try_harder_no_safe_match:1568797646,apple_music_try_harder_pass_v1,album|various artists|specialty story@@2@@9@@@@lost love,album_sidecar_track,track,,Lost Love,1994,us,album_track_try_harder_no_safe_match,106,33,1568797646,,false
album_sidecar_track:album|various artists|specialty story@@3@@1@@@@oooh oooh oooh:album_track_try_harder_no_safe_match:1568797646,apple_music_try_harder_pass_v1,album|various artists|specialty story@@3@@1@@@@oooh oooh oooh,album_sidecar_track,track,,Oooh Oooh Oooh,1994,us,album_track_try_harder_no_safe_match,106,51,1568797646,,false
album_sidecar_track:album|various artists|specialty story@@3@@10@@@@one room country shack:album_track_try_harder_no_safe_match:1568797646,apple_music_try_harder_pass_v1,album|various artists|specialty story@@3@@10@@@@one room country shack,album_sidecar_track,track,,One Room Country Shack,1994,us,album_track_try_harder_no_safe_match,106,51,1568797646,,false
album_sidecar_track:album|various artists|specialty story@@3@@11@@@@lucy mae blues:album_track_try_harder_no_safe_match:1568797646,apple_music_try_harder_pass_v1,album|various artists|specialty story@@3@@11@@@@lucy mae blues,album_sidecar_track,track,,Lucy Mae Blues,1994,us,album_track_try_harder_no_safe_match,106,51,1568797646,,false
album_sidecar_track:album|various artists|specialty story@@3@@12@@@@early in morning:album_track_try_harder_no_safe_match:1568797646,apple_music_try_harder_pass_v1,album|various artists|specialty story@@3@@12@@@@early in morning,album_sidecar_track,track,,Early in the Morning,1994,us,album_track_try_harder_no_safe_match,106,51,1568797646,,false
album_sidecar_track:album|various artists|specialty story@@3@@13@@@@she s been gone:album_track_try_harder_no_safe_match:1568797646,apple_music_try_harder_pass_v1,album|various artists|specialty story@@3@@13@@@@she s been gone,album_sidecar_track,track,,She’s Been Gone,1994,us,album_track_try_harder_no_safe_match,106,51,1568797646,,false
album_sidecar_track:album|various artists|specialty story@@3@@14@@@@hard living alone:album_track_try_harder_no_safe_match:1568797646,apple_music_try_harder_pass_v1,album|various artists|specialty story@@3@@14@@@@hard living alone,album_sidecar_track,track,,Hard Living Alone,1994,us,album_track_try_harder_no_safe_match,106,51,1568797646,,false
album_sidecar_track:album|various artists|specialty story@@3@@15@@@@drunk:album_track_try_harder_no_safe_match:1568797646,apple_music_try_harder_pass_v1,album|various artists|specialty story@@3@@15@@@@drunk,album_sidecar_track,track,,Drunk,1994,us,album_track_try_harder_no_safe_match,106,51,1568797646,,false
album_sidecar_track:album|various artists|specialty story@@3@@16@@@@i ate wrong part:album_track_try_harder_no_safe_match:1568797646,apple_music_try_harder_pass_v1,album|various artists|specialty story@@3@@16@@@@i ate wrong part,album_sidecar_track,track,,I Ate the Wrong Part,1994,us,album_track_try_harder_no_safe_match,106,51,1568797646,,false
album_sidecar_track:album|various artists|specialty story@@3@@17@@@@bloodstains on wall:album_track_try_harder_no_safe_match:1568797646,apple_music_try_harder_pass_v1,album|various artists|specialty story@@3@@17@@@@bloodstains on wall,album_sidecar_track,track,,Bloodstains on the Wall,1994,us,album_track_try_harder_no_safe_match,106,51,1568797646,,false
album_sidecar_track:album|various artists|specialty story@@3@@18@@@@baby doll:album_track_try_harder_no_safe_match:1568797646,apple_music_try_harder_pass_v1,album|various artists|specialty story@@3@@18@@@@baby doll,album_sidecar_track,track,,Baby Doll,1994,us,album_track_try_harder_no_safe_match,106,51,1568797646,,false
album_sidecar_track:album|various artists|specialty story@@3@@19@@@@things that i used to do:album_track_try_harder_no_safe_match:1568797646,apple_music_try_harder_pass_v1,album|various artists|specialty story@@3@@19@@@@things that i used to do,album_sidecar_track,track,,The Things That I Used to Do,1994,us,album_track_try_harder_no_safe_match,106,51,1568797646,,false
album_sidecar_track:album|various artists|specialty story@@3@@2@@@@restless heart:album_track_try_harder_no_safe_match:1568797646,apple_music_try_harder_pass_v1,album|various artists|specialty story@@3@@2@@@@restless heart,album_sidecar_track,track,,Restless Heart,1994,us,album_track_try_harder_no_safe_match,106,51,1568797646,,false
album_sidecar_track:album|various artists|specialty story@@3@@20@@@@i m your best bet baby:album_track_try_harder_no_safe_match:1568797646,apple_music_try_harder_pass_v1,album|various artists|specialty story@@3@@20@@@@i m your best bet baby,album_sidecar_track,track,,I’m Your Best Bet Baby,1994,us,album_track_try_harder_no_safe_match,106,51,1568797646,,false
album_sidecar_track:album|various artists|specialty story@@3@@21@@@@no room in hotel:album_track_try_harder_no_safe_match:1568797646,apple_music_try_harder_pass_v1,album|various artists|specialty story@@3@@21@@@@no room in hotel,album_sidecar_track,track,,No Room in the Hotel,1994,us,album_track_try_harder_no_safe_match,106,51,1568797646,,false
album_sidecar_track:album|various artists|specialty story@@3@@22@@@@i m mad:album_track_try_harder_no_safe_match:1568797646,apple_music_try_harder_pass_v1,album|various artists|specialty story@@3@@22@@@@i m mad,album_sidecar_track,track,,I’m Mad,1994,us,album_track_try_harder_no_safe_match,106,51,1568797646,,false
album_sidecar_track:album|various artists|specialty story@@3@@23@@@@something s going on in my room:album_track_try_harder_no_safe_match:1568797646,apple_music_try_harder_pass_v1,album|various artists|specialty story@@3@@23@@@@something s going on in my room,album_sidecar_track,track,,Something’s Going on in My Room,1994,us,album_track_try_harder_no_safe_match,106,51,1568797646,,false
album_sidecar_track:album|various artists|specialty story@@3@@24@@@@zindy lou:album_track_try_harder_no_safe_match:1568797646,apple_music_try_harder_pass_v1,album|various artists|specialty story@@3@@24@@@@zindy lou,album_sidecar_track,track,,Zindy Lou,1994,us,album_track_try_harder_no_safe_match,106,51,1568797646,,false
album_sidecar_track:album|various artists|specialty story@@3@@25@@@@one more river:album_track_try_harder_no_safe_match:1568797646,apple_music_try_harder_pass_v1,album|various artists|specialty story@@3@@25@@@@one more river,album_sidecar_track,track,,One More River,1994,us,album_track_try_harder_no_safe_match,106,33,1568797646,,false
album_sidecar_track:album|various artists|specialty story@@3@@26@@@@where s my girl:album_track_try_harder_no_safe_match:1568797646,apple_music_try_harder_pass_v1,album|various artists|specialty story@@3@@26@@@@where s my girl,album_sidecar_track,track,,Where’s My Girl,1994,us,album_track_try_harder_no_safe_match,106,51,1568797646,,false
album_sidecar_track:album|various artists|specialty story@@3@@3@@@@dream girl:album_track_try_harder_no_safe_match:1568797646,apple_music_try_harder_pass_v1,album|various artists|specialty story@@3@@3@@@@dream girl,album_sidecar_track,track,,Dream Girl,1994,us,album_track_try_harder_no_safe_match,106,51,1568797646,,false
album_sidecar_track:album|various artists|specialty story@@3@@4@@@@tell me pretty baby:album_track_try_harder_no_safe_match:1568797646,apple_music_try_harder_pass_v1,album|various artists|specialty story@@3@@4@@@@tell me pretty baby,album_sidecar_track,track,,Tell Me Pretty Baby,1994,us,album_track_try_harder_no_safe_match,106,51,1568797646,,false
album_sidecar_track:album|various artists|specialty story@@3@@5@@@@ain t it a shame:album_track_try_harder_no_safe_match:1568797646,apple_music_try_harder_pass_v1,album|various artists|specialty story@@3@@5@@@@ain t it a shame,album_sidecar_track,track,,Ain’t It a Shame?,1994,us,album_track_try_harder_no_safe_match,106,51,1568797646,,false
album_sidecar_track:album|various artists|specialty story@@3@@6@@@@frantic:album_track_try_harder_no_safe_match:1568797646,apple_music_try_harder_pass_v1,album|various artists|specialty story@@3@@6@@@@frantic,album_sidecar_track,track,,Frantic,1994,us,album_track_try_harder_no_safe_match,106,51,1568797646,,false
album_sidecar_track:album|various artists|specialty story@@3@@7@@@@too close to heaven:album_track_try_harder_no_safe_match:1568797646,apple_music_try_harder_pass_v1,album|various artists|specialty story@@3@@7@@@@too close to heaven,album_sidecar_track,track,,Too Close to Heaven,1994,us,album_track_try_harder_no_safe_match,106,33,1568797646,,false
album_sidecar_track:album|various artists|specialty story@@3@@8@@@@i m coming home:album_track_try_harder_no_safe_match:1568797646,apple_music_try_harder_pass_v1,album|various artists|specialty story@@3@@8@@@@i m coming home,album_sidecar_track,track,,I’m Coming Home,1994,us,album_track_try_harder_no_safe_match,106,51,1568797646,,false
album_sidecar_track:album|various artists|specialty story@@3@@9@@@@i ve got a new home:album_track_try_harder_no_safe_match:1568797646,apple_music_try_harder_pass_v1,album|various artists|specialty story@@3@@9@@@@i ve got a new home,album_sidecar_track,track,,I’ve Got a New Home,1994,us,album_track_try_harder_no_safe_match,106,51,1568797646,,false
album_sidecar_track:album|various artists|specialty story@@4@@1@@@@nite owl:album_track_try_harder_no_safe_match:1568797646,apple_music_try_harder_pass_v1,album|various artists|specialty story@@4@@1@@@@nite owl,album_sidecar_track,track,,Nite Owl,1994,us,album_track_try_harder_no_safe_match,106,33,1568797646,,false
album_sidecar_track:album|various artists|specialty story@@4@@10@@@@gloria:album_track_try_harder_no_safe_match:1568797646,apple_music_try_harder_pass_v1,album|various artists|specialty story@@4@@10@@@@gloria,album_sidecar_track,track,,Gloria,1994,us,album_track_try_harder_no_safe_match,106,51,1568797646,,false
album_sidecar_track:album|various artists|specialty story@@4@@11@@@@cherokee dance:album_track_try_harder_no_safe_match:1568797646,apple_music_try_harder_pass_v1,album|various artists|specialty story@@4@@11@@@@cherokee dance,album_sidecar_track,track,,Cherokee Dance,1994,us,album_track_try_harder_no_safe_match,106,51,1568797646,,false
album_sidecar_track:album|various artists|specialty story@@4@@12@@@@rip it up:album_track_try_harder_no_safe_match:1568797646,apple_music_try_harder_pass_v1,album|various artists|specialty story@@4@@12@@@@rip it up,album_sidecar_track,track,,Rip It Up,1994,us,album_track_try_harder_no_safe_match,106,51,1568797646,,false
album_sidecar_track:album|various artists|specialty story@@4@@13@@@@ready teddy:album_track_try_harder_no_safe_match:1568797646,apple_music_try_harder_pass_v1,album|various artists|specialty story@@4@@13@@@@ready teddy,album_sidecar_track,track,,Ready Teddy,1994,us,album_track_try_harder_no_safe_match,106,51,1568797646,,false
album_sidecar_track:album|various artists|specialty story@@4@@14@@@@sweet breeze:album_track_try_harder_no_safe_match:1568797646,apple_music_try_harder_pass_v1,album|various artists|specialty story@@4@@14@@@@sweet breeze,album_sidecar_track,track,,Sweet Breeze,1994,us,album_track_try_harder_no_safe_match,106,51,1568797646,,false
album_sidecar_track:album|various artists|specialty story@@4@@15@@@@every time i hear that mellow saxaphone:album_track_try_harder_no_safe_match:1568797646,apple_music_try_harder_pass_v1,album|various artists|specialty story@@4@@15@@@@every time i hear that mellow saxaphone,album_sidecar_track,track,,(Every Time I Hear That) Mellow Saxaphone,1994,us,album_track_try_harder_no_safe_match,106,9,1568797646,,false
album_sidecar_track:album|various artists|specialty story@@4@@16@@@@she s got it:album_track_try_harder_no_safe_match:1568797646,apple_music_try_harder_pass_v1,album|various artists|specialty story@@4@@16@@@@she s got it,album_sidecar_track,track,,She’s Got It,1994,us,album_track_try_harder_no_safe_match,106,51,1568797646,,false
album_sidecar_track:album|various artists|specialty story@@4@@17@@@@heeby jeebies:album_track_try_harder_no_safe_match:1568797646,apple_music_try_harder_pass_v1,album|various artists|specialty story@@4@@17@@@@heeby jeebies,album_sidecar_track,track,,Heeby Jeebies,1994,us,album_track_try_harder_no_safe_match,106,51,1568797646,,false
album_sidecar_track:album|various artists|specialty story@@4@@18@@@@should i ever love again:album_track_try_harder_no_safe_match:1568797646,apple_music_try_harder_pass_v1,album|various artists|specialty story@@4@@18@@@@should i ever love again,album_sidecar_track,track,,Should I Ever Love Again?,1994,us,album_track_try_harder_no_safe_match,106,51,1568797646,,false
album_sidecar_track:album|various artists|specialty story@@4@@19@@@@just to hold my hand:album_track_try_harder_no_safe_match:1568797646,apple_music_try_harder_pass_v1,album|various artists|specialty story@@4@@19@@@@just to hold my hand,album_sidecar_track,track,,Just to Hold My Hand,1994,us,album_track_try_harder_no_safe_match,106,51,1568797646,,false
album_sidecar_track:album|various artists|specialty story@@4@@2@@@@tutti frutti:album_track_try_harder_no_safe_match:1568797646,apple_music_try_harder_pass_v1,album|various artists|specialty story@@4@@2@@@@tutti frutti,album_sidecar_track,track,,Tutti Frutti,1994,us,album_track_try_harder_no_safe_match,106,51,1568797646,,false
album_sidecar_track:album|various artists|specialty story@@4@@20@@@@girl can t help it:album_track_try_harder_no_safe_match:1568797646,apple_music_try_harder_pass_v1,album|various artists|specialty story@@4@@20@@@@girl can t help it,album_sidecar_track,track,,The Girl Can’t Help It,1994,us,album_track_try_harder_no_safe_match,106,51,1568797646,,false
album_sidecar_track:album|various artists|specialty story@@4@@21@@@@all around world:album_track_try_harder_no_safe_match:1568797646,apple_music_try_harder_pass_v1,album|various artists|specialty story@@4@@21@@@@all around world,album_sidecar_track,track,,All Around the World,1994,us,album_track_try_harder_no_safe_match,106,51,1568797646,,false
album_sidecar_track:album|various artists|specialty story@@4@@22@@@@oooh whee baby:album_track_try_harder_no_safe_match:1568797646,apple_music_try_harder_pass_v1,album|various artists|specialty story@@4@@22@@@@oooh whee baby,album_sidecar_track,track,,Oooh‐Whee Baby,1994,us,album_track_try_harder_no_safe_match,106,33,1568797646,,false
album_sidecar_track:album|various artists|specialty story@@4@@23@@@@just because:album_track_try_harder_no_safe_match:1568797646,apple_music_try_harder_pass_v1,album|various artists|specialty story@@4@@23@@@@just because,album_sidecar_track,track,,Just Because,1994,us,album_track_try_harder_no_safe_match,106,51,1568797646,,false
album_sidecar_track:album|various artists|specialty story@@4@@24@@@@lucille:album_track_try_harder_no_safe_match:1568797646,apple_music_try_harder_pass_v1,album|various artists|specialty story@@4@@24@@@@lucille,album_sidecar_track,track,,Lucille,1994,us,album_track_try_harder_no_safe_match,106,51,1568797646,,false
album_sidecar_track:album|various artists|specialty story@@4@@25@@@@send me some lovin:album_track_try_harder_no_safe_match:1568797646,apple_music_try_harder_pass_v1,album|various artists|specialty story@@4@@25@@@@send me some lovin,album_sidecar_track,track,,Send Me Some Lovin’,1994,us,album_track_try_harder_no_safe_match,106,51,1568797646,,false
album_sidecar_track:album|various artists|specialty story@@4@@26@@@@open up your heart:album_track_try_harder_no_safe_match:1568797646,apple_music_try_harder_pass_v1,album|various artists|specialty story@@4@@26@@@@open up your heart,album_sidecar_track,track,,Open Up Your Heart,1994,us,album_track_try_harder_no_safe_match,106,51,1568797646,,false
album_sidecar_track:album|various artists|specialty story@@4@@3@@@@eternity:album_track_try_harder_no_safe_match:1568797646,apple_music_try_harder_pass_v1,album|various artists|specialty story@@4@@3@@@@eternity,album_sidecar_track,track,,Eternity,1994,us,album_track_try_harder_no_safe_match,106,51,1568797646,,false
album_sidecar_track:album|various artists|specialty story@@4@@4@@@@rich woman:album_track_try_harder_no_safe_match:1568797646,apple_music_try_harder_pass_v1,album|various artists|specialty story@@4@@4@@@@rich woman,album_sidecar_track,track,,Rich Woman,1994,us,album_track_try_harder_no_safe_match,106,51,1568797646,,false
album_sidecar_track:album|various artists|specialty story@@4@@5@@@@squeeze box boogie:album_track_try_harder_no_safe_match:1568797646,apple_music_try_harder_pass_v1,album|various artists|specialty story@@4@@5@@@@squeeze box boogie,album_sidecar_track,track,,Squeeze Box Boogie,1994,us,album_track_try_harder_no_safe_match,106,51,1568797646,,false
album_sidecar_track:album|various artists|specialty story@@4@@6@@@@touch hem of his garment:album_track_try_harder_no_safe_match:1568797646,apple_music_try_harder_pass_v1,album|various artists|specialty story@@4@@6@@@@touch hem of his garment,album_sidecar_track,track,,Touch the Hem of His Garment,1994,us,album_track_try_harder_no_safe_match,106,33,1568797646,,false
album_sidecar_track:album|various artists|specialty story@@4@@7@@@@long tall sally:album_track_try_harder_no_safe_match:1568797646,apple_music_try_harder_pass_v1,album|various artists|specialty story@@4@@7@@@@long tall sally,album_sidecar_track,track,,Long Tall Sally,1994,us,album_track_try_harder_no_safe_match,106,51,1568797646,,false
album_sidecar_track:album|various artists|specialty story@@4@@8@@@@slippin and slidin peepin and hidin:album_track_try_harder_no_safe_match:1568797646,apple_music_try_harder_pass_v1,album|various artists|specialty story@@4@@8@@@@slippin and slidin peepin and hidin,album_sidecar_track,track,,Slippin’ and Slidin’ (Peepin’ and Hidin’),1994,us,album_track_try_harder_no_safe_match,106,51,1568797646,,false
album_sidecar_track:album|various artists|specialty story@@4@@9@@@@oh rooba lee:album_track_try_harder_no_safe_match:1568797646,apple_music_try_harder_pass_v1,album|various artists|specialty story@@4@@9@@@@oh rooba lee,album_sidecar_track,track,,Oh‐Rooba‐Lee,1994,us,album_track_try_harder_no_safe_match,106,51,1568797646,,false
album_sidecar_track:album|various artists|specialty story@@5@@1@@@@our romance:album_track_try_harder_no_safe_match:1568797646,apple_music_try_harder_pass_v1,album|various artists|specialty story@@5@@1@@@@our romance,album_sidecar_track,track,,Our Romance,1994,us,album_track_try_harder_no_safe_match,106,51,1568797646,,false
album_sidecar_track:album|various artists|specialty story@@5@@10@@@@good golly miss molly:album_track_try_harder_no_safe_match:1568797646,apple_music_try_harder_pass_v1,album|various artists|specialty story@@5@@10@@@@good golly miss molly,album_sidecar_track,track,,Good Golly Miss Molly,1994,us,album_track_try_harder_no_safe_match,106,51,1568797646,,false
album_sidecar_track:album|various artists|specialty story@@5@@11@@@@slow down:album_track_try_harder_no_safe_match:1568797646,apple_music_try_harder_pass_v1,album|various artists|specialty story@@5@@11@@@@slow down,album_sidecar_track,track,,Slow Down,1994,us,album_track_try_harder_no_safe_match,106,51,1568797646,,false
album_sidecar_track:album|various artists|specialty story@@5@@12@@@@dizzy miss lizzy:album_track_try_harder_no_safe_match:1568797646,apple_music_try_harder_pass_v1,album|various artists|specialty story@@5@@12@@@@dizzy miss lizzy,album_sidecar_track,track,,"Dizzy, Miss Lizzy",1994,us,album_track_try_harder_no_safe_match,106,51,1568797646,,false
album_sidecar_track:album|various artists|specialty story@@5@@13@@@@justine:album_track_try_harder_no_safe_match:1568797646,apple_music_try_harder_pass_v1,album|various artists|specialty story@@5@@13@@@@justine,album_sidecar_track,track,,Justine,1994,us,album_track_try_harder_no_safe_match,106,51,1568797646,,false
album_sidecar_track:album|various artists|specialty story@@5@@14@@@@true fine mama:album_track_try_harder_no_safe_match:1568797646,apple_music_try_harder_pass_v1,album|various artists|specialty story@@5@@14@@@@true fine mama,album_sidecar_track,track,,True Fine Mama,1994,us,album_track_try_harder_no_safe_match,106,51,1568797646,,false
album_sidecar_track:album|various artists|specialty story@@5@@15@@@@ooh my soul:album_track_try_harder_no_safe_match:1568797646,apple_music_try_harder_pass_v1,album|various artists|specialty story@@5@@15@@@@ooh my soul,album_sidecar_track,track,,Ooh! My Soul,1994,us,album_track_try_harder_no_safe_match,106,51,1568797646,,false
album_sidecar_track:album|various artists|specialty story@@5@@16@@@@lights out:album_track_try_harder_no_safe_match:1568797646,apple_music_try_harder_pass_v1,album|various artists|specialty story@@5@@16@@@@lights out,album_sidecar_track,track,,Lights Out,1994,us,album_track_try_harder_no_safe_match,106,51,1568797646,,false
album_sidecar_track:album|various artists|specialty story@@5@@17@@@@love of god:album_track_try_harder_no_safe_match:1568797646,apple_music_try_harder_pass_v1,album|various artists|specialty story@@5@@17@@@@love of god,album_sidecar_track,track,,The Love of God,1994,us,album_track_try_harder_no_safe_match,106,33,1568797646,,false
album_sidecar_track:album|various artists|specialty story@@5@@18@@@@koko joe:album_track_try_harder_no_safe_match:1568797646,apple_music_try_harder_pass_v1,album|various artists|specialty story@@5@@18@@@@koko joe,album_sidecar_track,track,,Koko Joe,1994,us,album_track_try_harder_no_safe_match,106,51,1568797646,,false
album_sidecar_track:album|various artists|specialty story@@5@@19@@@@baby face:album_track_try_harder_no_safe_match:1568797646,apple_music_try_harder_pass_v1,album|various artists|specialty story@@5@@19@@@@baby face,album_sidecar_track,track,,Baby Face,1994,us,album_track_try_harder_no_safe_match,106,51,1568797646,,false
album_sidecar_track:album|various artists|specialty story@@5@@2@@@@jenny jenny:album_track_try_harder_no_safe_match:1568797646,apple_music_try_harder_pass_v1,album|various artists|specialty story@@5@@2@@@@jenny jenny,album_sidecar_track,track,,"Jenny, Jenny",1994,us,album_track_try_harder_no_safe_match,106,51,1568797646,,false
album_sidecar_track:album|various artists|specialty story@@5@@20@@@@there s a moose on loose:album_track_try_harder_no_safe_match:1568797646,apple_music_try_harder_pass_v1,album|various artists|specialty story@@5@@20@@@@there s a moose on loose,album_sidecar_track,track,,There’s a Moose on the Loose,1994,us,album_track_try_harder_no_safe_match,106,51,1568797646,,false
album_sidecar_track:album|various artists|specialty story@@5@@21@@@@haunted house:album_track_try_harder_no_safe_match:1568797646,apple_music_try_harder_pass_v1,album|various artists|specialty story@@5@@21@@@@haunted house,album_sidecar_track,track,,Haunted House,1994,us,album_track_try_harder_no_safe_match,106,51,1568797646,,false
album_sidecar_track:album|various artists|specialty story@@5@@22@@@@she said yeah:album_track_try_harder_no_safe_match:1568797646,apple_music_try_harder_pass_v1,album|various artists|specialty story@@5@@22@@@@she said yeah,album_sidecar_track,track,,"She Said, “Yeah”",1994,us,album_track_try_harder_no_safe_match,106,51,1568797646,,false
album_sidecar_track:album|various artists|specialty story@@5@@23@@@@bad boy:album_track_try_harder_no_safe_match:1568797646,apple_music_try_harder_pass_v1,album|various artists|specialty story@@5@@23@@@@bad boy,album_sidecar_track,track,,Bad Boy,1994,us,album_track_try_harder_no_safe_match,106,51,1568797646,,false
album_sidecar_track:album|various artists|specialty story@@5@@24@@@@farmer john:album_track_try_harder_no_safe_match:1568797646,apple_music_try_harder_pass_v1,album|various artists|specialty story@@5@@24@@@@farmer john,album_sidecar_track,track,,Farmer John,1994,us,album_track_try_harder_no_safe_match,106,51,1568797646,,false
album_sidecar_track:album|various artists|specialty story@@5@@25@@@@big boy pete:album_track_try_harder_no_safe_match:1568797646,apple_music_try_harder_pass_v1,album|various artists|specialty story@@5@@25@@@@big boy pete,album_sidecar_track,track,,Big Boy Pete,1994,us,album_track_try_harder_no_safe_match,106,51,1568797646,,false
album_sidecar_track:album|various artists|specialty story@@5@@26@@@@bama lama bama loo:album_track_try_harder_no_safe_match:1568797646,apple_music_try_harder_pass_v1,album|various artists|specialty story@@5@@26@@@@bama lama bama loo,album_sidecar_track,track,,Bama Lama Bama Loo,1994,us,album_track_try_harder_no_safe_match,106,51,1568797646,,false
album_sidecar_track:album|various artists|specialty story@@5@@3@@@@miss ann:album_track_try_harder_no_safe_match:1568797646,apple_music_try_harder_pass_v1,album|various artists|specialty story@@5@@3@@@@miss ann,album_sidecar_track,track,,Miss Ann,1994,us,album_track_try_harder_no_safe_match,106,51,1568797646,,false
album_sidecar_track:album|various artists|specialty story@@5@@4@@@@short fat fannie:album_track_try_harder_no_safe_match:1568797646,apple_music_try_harder_pass_v1,album|various artists|specialty story@@5@@4@@@@short fat fannie,album_sidecar_track,track,,Short Fat Fannie,1994,us,album_track_try_harder_no_safe_match,106,51,1568797646,,false
album_sidecar_track:album|various artists|specialty story@@5@@5@@@@leavin it all up to you:album_track_try_harder_no_safe_match:1568797646,apple_music_try_harder_pass_v1,album|various artists|specialty story@@5@@5@@@@leavin it all up to you,album_sidecar_track,track,,Leavin’ It All Up to You,1994,us,album_track_try_harder_no_safe_match,106,51,1568797646,,false
album_sidecar_track:album|various artists|specialty story@@5@@6@@@@keep a knockin:album_track_try_harder_no_safe_match:1568797646,apple_music_try_harder_pass_v1,album|various artists|specialty story@@5@@6@@@@keep a knockin,album_sidecar_track,track,,Keep a Knockin’,1994,us,album_track_try_harder_no_safe_match,106,51,1568797646,,false
album_sidecar_track:album|various artists|specialty story@@5@@7@@@@bony moronie:album_track_try_harder_no_safe_match:1568797646,apple_music_try_harder_pass_v1,album|various artists|specialty story@@5@@7@@@@bony moronie,album_sidecar_track,track,,Bony Moronie,1994,us,album_track_try_harder_no_safe_match,106,51,1568797646,,false
album_sidecar_track:album|various artists|specialty story@@5@@8@@@@twitchy:album_track_try_harder_no_safe_match:1568797646,apple_music_try_harder_pass_v1,album|various artists|specialty story@@5@@8@@@@twitchy,album_sidecar_track,track,,Twitchy,1994,us,album_track_try_harder_no_safe_match,106,33,1568797646,,false
album_sidecar_track:album|various artists|specialty story@@5@@9@@@@i ll come running back to you:album_track_try_harder_no_safe_match:1568797646,apple_music_try_harder_pass_v1,album|various artists|specialty story@@5@@9@@@@i ll come running back to you,album_sidecar_track,track,,I’ll Come Running Back to You,1994,us,album_track_try_harder_no_safe_match,106,33,1568797646,,false
album_sidecar_track:album|viktor vaughn|vaudeville villain@@1@@9@@@@let me watch:album_track_try_harder_no_safe_match:706186757,apple_music_try_harder_pass_v1,album|viktor vaughn|vaudeville villain@@1@@9@@@@let me watch,album_sidecar_track,track,,Let Me Watch,2003,us,album_track_try_harder_no_safe_match,9,43,706186757,,false
album_sidecar_track:album|village people|cruisin@@1@@2@@@@medley women i m a cruiser:album_track_try_harder_no_safe_match:1443926621,apple_music_try_harder_pass_v1,album|village people|cruisin@@1@@2@@@@medley women i m a cruiser,album_sidecar_track,track,,Medley: The Women / I’m a Cruiser,1978,us,album_track_try_harder_no_safe_match,5,57,1443926621,,false
album_sidecar_track:album|village people|cruisin@@1@@3@@@@hot cop:album_track_try_harder_no_safe_match:1443926621,apple_music_try_harder_pass_v1,album|village people|cruisin@@1@@3@@@@hot cop,album_sidecar_track,track,,Hot Cop,1978,us,album_track_try_harder_no_safe_match,5,53,1443926621,,false
album_sidecar_track:album|village people|cruisin@@1@@4@@@@my roomate:album_track_try_harder_no_safe_match:1443926621,apple_music_try_harder_pass_v1,album|village people|cruisin@@1@@4@@@@my roomate,album_sidecar_track,track,,My Roomate,1978,us,album_track_try_harder_no_safe_match,5,52,1443926621,,false
album_sidecar_track:album|village people|cruisin@@1@@5@@@@ups and downs:album_track_try_harder_no_safe_match:1443926621,apple_music_try_harder_pass_v1,album|village people|cruisin@@1@@5@@@@ups and downs,album_sidecar_track,track,,Ups and Downs,1978,us,album_track_try_harder_no_safe_match,5,51,1443926621,,false
album_sidecar_track:album|wailers|fabulous wailers@@1@@10@@@@road runner:album_track_try_harder_no_safe_match:1621418438,apple_music_try_harder_pass_v1,album|wailers|fabulous wailers@@1@@10@@@@road runner,album_sidecar_track,track,,Road Runner,1959,us,album_track_try_harder_no_safe_match,18,55,1621418438,,false
album_sidecar_track:album|wailers|fabulous wailers@@1@@11@@@@tough bounce:album_track_try_harder_no_safe_match:1621418438,apple_music_try_harder_pass_v1,album|wailers|fabulous wailers@@1@@11@@@@tough bounce,album_sidecar_track,track,,Tough Bounce,1959,us,album_track_try_harder_no_safe_match,18,51,1621418438,,false
album_sidecar_track:album|wailers|fabulous wailers@@1@@12@@@@swing shift:album_track_try_harder_no_safe_match:1621418438,apple_music_try_harder_pass_v1,album|wailers|fabulous wailers@@1@@12@@@@swing shift,album_sidecar_track,track,,Swing Shift,1959,us,album_track_try_harder_no_safe_match,18,51,1621418438,,false
album_sidecar_track:album|wailers|fabulous wailers@@1@@2@@@@driftwood:album_track_try_harder_no_safe_match:1621418438,apple_music_try_harder_pass_v1,album|wailers|fabulous wailers@@1@@2@@@@driftwood,album_sidecar_track,track,,Driftwood,1959,us,album_track_try_harder_no_safe_match,19,51,1621418438,,false
album_sidecar_track:album|wailers|fabulous wailers@@1@@3@@@@dirty robber:album_track_try_harder_no_safe_match:1621418438,apple_music_try_harder_pass_v1,album|wailers|fabulous wailers@@1@@3@@@@dirty robber,album_sidecar_track,track,,Dirty Robber,1959,us,album_track_try_harder_no_safe_match,19,46,1621418438,,false
album_sidecar_track:album|wailers|fabulous wailers@@1@@4@@@@shanghaied:album_track_try_harder_no_safe_match:1621418438,apple_music_try_harder_pass_v1,album|wailers|fabulous wailers@@1@@4@@@@shanghaied,album_sidecar_track,track,,Shanghaied,1959,us,album_track_try_harder_no_safe_match,19,31,1621418438,,false
album_sidecar_track:album|wailers|fabulous wailers@@1@@5@@@@gunnin for peter:album_track_try_harder_no_safe_match:1621418438,apple_music_try_harder_pass_v1,album|wailers|fabulous wailers@@1@@5@@@@gunnin for peter,album_sidecar_track,track,,Gunnin For Peter,1959,us,album_track_try_harder_no_safe_match,19,51,1621418438,,false
album_sidecar_track:album|wailers|fabulous wailers@@1@@6@@@@long gone:album_track_try_harder_no_safe_match:1621418438,apple_music_try_harder_pass_v1,album|wailers|fabulous wailers@@1@@6@@@@long gone,album_sidecar_track,track,,Long Gone,1959,us,album_track_try_harder_no_safe_match,19,51,1621418438,,false
album_sidecar_track:album|wailers|fabulous wailers@@1@@8@@@@high wall:album_track_try_harder_no_safe_match:1621418438,apple_music_try_harder_pass_v1,album|wailers|fabulous wailers@@1@@8@@@@high wall,album_sidecar_track,track,,High Wall,1959,us,album_track_try_harder_no_safe_match,18,51,1621418438,,false
album_sidecar_track:album|wailers|fabulous wailers@@1@@9@@@@wailin:album_track_try_harder_no_safe_match:1621418438,apple_music_try_harder_pass_v1,album|wailers|fabulous wailers@@1@@9@@@@wailin,album_sidecar_track,track,,Wailin',1959,us,album_track_try_harder_no_safe_match,18,52,1621418438,,false
album_sidecar_track:album|waka flocka flame|flockaveli@@1@@17@@@@fuck this industry:album_track_try_harder_no_safe_match:393803290,apple_music_try_harder_pass_v1,album|waka flocka flame|flockaveli@@1@@17@@@@fuck this industry,album_sidecar_track,track,,Fuck This Industry,2010,us,album_track_try_harder_no_safe_match,2,43,393803290,,false
album_sidecar_track:album|waka flocka flame|flockaveli@@1@@18@@@@rumors:album_track_try_harder_no_safe_match:393803290,apple_music_try_harder_pass_v1,album|waka flocka flame|flockaveli@@1@@18@@@@rumors,album_sidecar_track,track,,Rumors,2010,us,album_track_try_harder_no_safe_match,2,-5,393803290,,false
album_sidecar_track:album|waka flocka flame|flockaveli@@1@@19@@@@gun sounds:album_track_try_harder_no_safe_match:393803290,apple_music_try_harder_pass_v1,album|waka flocka flame|flockaveli@@1@@19@@@@gun sounds,album_sidecar_track,track,,Gun Sounds,2010,us,album_track_try_harder_no_safe_match,2,-5,393803290,,false
album_sidecar_track:album|waka flocka flame|flockaveli@@1@@7@@@@fuck club up:album_track_try_harder_no_safe_match:393803290,apple_music_try_harder_pass_v1,album|waka flocka flame|flockaveli@@1@@7@@@@fuck club up,album_sidecar_track,track,,Fuck the Club Up,2010,us,album_track_try_harder_no_safe_match,11,43,393803290,,false
album_sidecar_track:album|waxahatchee|tigers blood@@1@@13@@@@much ado about nothing:album_track_try_harder_no_safe_match:1721222332,apple_music_try_harder_pass_v1,album|waxahatchee|tigers blood@@1@@13@@@@much ado about nothing,album_sidecar_track,track,,Much Ado About Nothing,2024,us,album_track_try_harder_no_safe_match,0,0,1721222332,,false
album_sidecar_track:album|westside connection|bow down@@1@@6@@@@gangstas don t dance insert:album_track_try_harder_no_safe_match:724690687,apple_music_try_harder_pass_v1,album|westside connection|bow down@@1@@6@@@@gangstas don t dance insert,album_sidecar_track,track,,Gangstas Don’t Dance (insert),1996,us,album_track_try_harder_no_safe_match,8,43,724690687,,false
album_sidecar_track:album|white stripes|elephant@@1@@14@@@@well it s true that we love one another:album_track_try_harder_no_safe_match:1533513536,apple_music_try_harder_pass_v1,album|white stripes|elephant@@1@@14@@@@well it s true that we love one another,album_sidecar_track,track,,Well It’s True That We Love One Another,2003,us,album_track_try_harder_no_safe_match,1,53,1533513536,,false
album_sidecar_track:album|white zombie|astro creep 2000@@1@@11@@@@blood milk and sky where sidewalk ends bug parade begins:album_track_try_harder_no_safe_match:1440749898,apple_music_try_harder_pass_v1,album|white zombie|astro creep 2000@@1@@11@@@@blood milk and sky where sidewalk ends bug parade begins,album_sidecar_track,track,,"Blood, Milk and Sky / Where the Sidewalk Ends, the Bug Parade Begins",1995,us,album_track_try_harder_no_safe_match,2,53,1440749898,,false
album_sidecar_track:album|who|tommy@@2@@1@@@@do you think it s alright:album_track_try_harder_no_safe_match:1461210985,apple_music_try_harder_pass_v1,album|who|tommy@@2@@1@@@@do you think it s alright,album_sidecar_track,track,,Do You Think It’s Alright?,1969,us,album_track_try_harder_no_safe_match,14,51,1461210985,,false
album_sidecar_track:album|who|tommy@@2@@10@@@@sally simpson:album_track_try_harder_no_safe_match:1461210985,apple_music_try_harder_pass_v1,album|who|tommy@@2@@10@@@@sally simpson,album_sidecar_track,track,,Sally Simpson,1969,us,album_track_try_harder_no_safe_match,14,51,1461210985,,false
album_sidecar_track:album|who|tommy@@2@@11@@@@i m free:album_track_try_harder_no_safe_match:1461210985,apple_music_try_harder_pass_v1,album|who|tommy@@2@@11@@@@i m free,album_sidecar_track,track,,I’m Free,1969,us,album_track_try_harder_no_safe_match,14,51,1461210985,,false
album_sidecar_track:album|who|tommy@@2@@12@@@@welcome:album_track_try_harder_no_safe_match:1461210985,apple_music_try_harder_pass_v1,album|who|tommy@@2@@12@@@@welcome,album_sidecar_track,track,,Welcome,1969,us,album_track_try_harder_no_safe_match,14,51,1461210985,,false
album_sidecar_track:album|who|tommy@@2@@13@@@@tommy s holiday camp:album_track_try_harder_no_safe_match:1461210985,apple_music_try_harder_pass_v1,album|who|tommy@@2@@13@@@@tommy s holiday camp,album_sidecar_track,track,,Tommy’s Holiday Camp,1969,us,album_track_try_harder_no_safe_match,14,51,1461210985,,false
album_sidecar_track:album|who|tommy@@2@@14@@@@we re not gonna take it:album_track_try_harder_no_safe_match:1461210985,apple_music_try_harder_pass_v1,album|who|tommy@@2@@14@@@@we re not gonna take it,album_sidecar_track,track,,We’re Not Gonna Take It,1969,us,album_track_try_harder_no_safe_match,14,51,1461210985,,false
album_sidecar_track:album|who|tommy@@2@@2@@@@fiddle about:album_track_try_harder_no_safe_match:1461210985,apple_music_try_harder_pass_v1,album|who|tommy@@2@@2@@@@fiddle about,album_sidecar_track,track,,Fiddle About,1969,us,album_track_try_harder_no_safe_match,14,51,1461210985,,false
album_sidecar_track:album|who|tommy@@2@@3@@@@pinball wizard:album_track_try_harder_no_safe_match:1461210985,apple_music_try_harder_pass_v1,album|who|tommy@@2@@3@@@@pinball wizard,album_sidecar_track,track,,Pinball Wizard,1969,us,album_track_try_harder_no_safe_match,14,51,1461210985,,false
album_sidecar_track:album|who|tommy@@2@@4@@@@there s a doctor:album_track_try_harder_no_safe_match:1461210985,apple_music_try_harder_pass_v1,album|who|tommy@@2@@4@@@@there s a doctor,album_sidecar_track,track,,There’s a Doctor,1969,us,album_track_try_harder_no_safe_match,14,51,1461210985,,false
album_sidecar_track:album|who|tommy@@2@@5@@@@go to mirror:album_track_try_harder_no_safe_match:1461210985,apple_music_try_harder_pass_v1,album|who|tommy@@2@@5@@@@go to mirror,album_sidecar_track,track,,Go to the Mirror,1969,us,album_track_try_harder_no_safe_match,14,51,1461210985,,false
album_sidecar_track:album|who|tommy@@2@@6@@@@tommy can you hear me:album_track_try_harder_no_safe_match:1461210985,apple_music_try_harder_pass_v1,album|who|tommy@@2@@6@@@@tommy can you hear me,album_sidecar_track,track,,Tommy Can You Hear Me?,1969,us,album_track_try_harder_no_safe_match,14,51,1461210985,,false
album_sidecar_track:album|who|tommy@@2@@7@@@@smash mirror:album_track_try_harder_no_safe_match:1461210985,apple_music_try_harder_pass_v1,album|who|tommy@@2@@7@@@@smash mirror,album_sidecar_track,track,,Smash the Mirror,1969,us,album_track_try_harder_no_safe_match,14,51,1461210985,,false
album_sidecar_track:album|who|tommy@@2@@8@@@@sensation:album_track_try_harder_no_safe_match:1461210985,apple_music_try_harder_pass_v1,album|who|tommy@@2@@8@@@@sensation,album_sidecar_track,track,,Sensation,1969,us,album_track_try_harder_no_safe_match,14,51,1461210985,,false
album_sidecar_track:album|who|tommy@@2@@9@@@@miracle cure:album_track_try_harder_no_safe_match:1461210985,apple_music_try_harder_pass_v1,album|who|tommy@@2@@9@@@@miracle cure,album_sidecar_track,track,,Miracle Cure,1969,us,album_track_try_harder_no_safe_match,14,51,1461210985,,false
album_sidecar_track:album|who|who sell out@@1@@13@@@@rael 1 and 2:album_track_try_harder_no_safe_match:1550182151,apple_music_try_harder_pass_v1,album|who|who sell out@@1@@13@@@@rael 1 and 2,album_sidecar_track,track,,Rael (1 and 2),1967,us,album_track_try_harder_no_safe_match,102,39,1550182151,,false
album_sidecar_track:album|widespread panic|space wrangler@@1@@9@@@@gomero blanco:album_track_try_harder_no_safe_match:287466519,apple_music_try_harder_pass_v1,album|widespread panic|space wrangler@@1@@9@@@@gomero blanco,album_sidecar_track,track,,Gomero Blanco,1988,us,album_track_try_harder_no_safe_match,4,51,287466519,,false
album_sidecar_track:album|wiggles|yummy yummy@@1@@10@@@@monkey dance:album_track_try_harder_no_safe_match:1871092596,apple_music_try_harder_pass_v1,album|wiggles|yummy yummy@@1@@10@@@@monkey dance,album_sidecar_track,track,,The Monkey Dance,1994,us,album_track_try_harder_no_safe_match,22,42,1871092596,,false
album_sidecar_track:album|wiggles|yummy yummy@@1@@11@@@@d o r o t h y my favorite dinosaur:album_track_try_harder_no_safe_match:1871092596,apple_music_try_harder_pass_v1,album|wiggles|yummy yummy@@1@@11@@@@d o r o t h y my favorite dinosaur,album_sidecar_track,track,,D.O.R.O.T.H.Y. (My Favorite Dinosaur),1994,us,album_track_try_harder_no_safe_match,22,29,1871092596,,false
album_sidecar_track:album|wiggles|yummy yummy@@1@@12@@@@shake your sillies out:album_track_try_harder_no_safe_match:1871092596,apple_music_try_harder_pass_v1,album|wiggles|yummy yummy@@1@@12@@@@shake your sillies out,album_sidecar_track,track,,Shake Your Sillies Out,1994,us,album_track_try_harder_no_safe_match,22,51,1871092596,,false
album_sidecar_track:album|wiggles|yummy yummy@@1@@13@@@@numbers joke:album_track_try_harder_no_safe_match:1871092596,apple_music_try_harder_pass_v1,album|wiggles|yummy yummy@@1@@13@@@@numbers joke,album_sidecar_track,track,,Numbers Joke,1994,us,album_track_try_harder_no_safe_match,22,51,1871092596,,false
album_sidecar_track:album|wiggles|yummy yummy@@1@@14@@@@numbers rhumba:album_track_try_harder_no_safe_match:1871092596,apple_music_try_harder_pass_v1,album|wiggles|yummy yummy@@1@@14@@@@numbers rhumba,album_sidecar_track,track,,Numbers Rhumba,1994,us,album_track_try_harder_no_safe_match,22,47,1871092596,,false
album_sidecar_track:album|wiggles|yummy yummy@@1@@15@@@@would you giggle:album_track_try_harder_no_safe_match:1871092596,apple_music_try_harder_pass_v1,album|wiggles|yummy yummy@@1@@15@@@@would you giggle,album_sidecar_track,track,,Would You Giggle?,1994,us,album_track_try_harder_no_safe_match,22,51,1871092596,,false
album_sidecar_track:album|wiggles|yummy yummy@@1@@16@@@@food poem:album_track_try_harder_no_safe_match:1871092596,apple_music_try_harder_pass_v1,album|wiggles|yummy yummy@@1@@16@@@@food poem,album_sidecar_track,track,,Food Poem,1994,us,album_track_try_harder_no_safe_match,22,51,1871092596,,false
album_sidecar_track:album|wiggles|yummy yummy@@1@@17@@@@crunchy munchy honey cakes:album_track_try_harder_no_safe_match:1871092596,apple_music_try_harder_pass_v1,album|wiggles|yummy yummy@@1@@17@@@@crunchy munchy honey cakes,album_sidecar_track,track,,Crunchy Munchy Honey Cakes,1994,us,album_track_try_harder_no_safe_match,22,51,1871092596,,false
album_sidecar_track:album|wiggles|yummy yummy@@1@@18@@@@butterflies flit:album_track_try_harder_no_safe_match:1871092596,apple_music_try_harder_pass_v1,album|wiggles|yummy yummy@@1@@18@@@@butterflies flit,album_sidecar_track,track,,Butterflies Flit,1994,us,album_track_try_harder_no_safe_match,22,51,1871092596,,false
album_sidecar_track:album|wiggles|yummy yummy@@1@@19@@@@where is thumbkin:album_track_try_harder_no_safe_match:1871092596,apple_music_try_harder_pass_v1,album|wiggles|yummy yummy@@1@@19@@@@where is thumbkin,album_sidecar_track,track,,Where Is Thumbkin?,1994,us,album_track_try_harder_no_safe_match,22,51,1871092596,,false
album_sidecar_track:album|wiggles|yummy yummy@@1@@20@@@@veil:album_track_try_harder_no_safe_match:1871092596,apple_music_try_harder_pass_v1,album|wiggles|yummy yummy@@1@@20@@@@veil,album_sidecar_track,track,,Veil,1994,us,album_track_try_harder_no_safe_match,22,51,1871092596,,false
album_sidecar_track:album|wiggles|yummy yummy@@1@@21@@@@yawn yawn yawn:album_track_try_harder_no_safe_match:1871092596,apple_music_try_harder_pass_v1,album|wiggles|yummy yummy@@1@@21@@@@yawn yawn yawn,album_sidecar_track,track,,Yawn Yawn Yawn,1994,us,album_track_try_harder_no_safe_match,22,51,1871092596,,false
album_sidecar_track:album|wiggles|yummy yummy@@1@@3@@@@fruit salad intro:album_track_try_harder_no_safe_match:1871092596,apple_music_try_harder_pass_v1,album|wiggles|yummy yummy@@1@@3@@@@fruit salad intro,album_sidecar_track,track,,Fruit Salad (intro),1994,us,album_track_try_harder_no_safe_match,22,56,1871092596,,false
album_sidecar_track:album|wiggles|yummy yummy@@1@@4@@@@fruit salad:album_track_try_harder_no_safe_match:1871092596,apple_music_try_harder_pass_v1,album|wiggles|yummy yummy@@1@@4@@@@fruit salad,album_sidecar_track,track,,Fruit Salad,1994,us,album_track_try_harder_no_safe_match,22,54,1871092596,,false
album_sidecar_track:album|wiggles|yummy yummy@@1@@5@@@@willaby wallaby woo:album_track_try_harder_no_safe_match:1871092596,apple_music_try_harder_pass_v1,album|wiggles|yummy yummy@@1@@5@@@@willaby wallaby woo,album_sidecar_track,track,,Willaby Wallaby Woo,1994,us,album_track_try_harder_no_safe_match,22,51,1871092596,,false
album_sidecar_track:album|wiggles|yummy yummy@@1@@6@@@@come on let s jump:album_track_try_harder_no_safe_match:1871092596,apple_music_try_harder_pass_v1,album|wiggles|yummy yummy@@1@@6@@@@come on let s jump,album_sidecar_track,track,,Come on Let's Jump,1994,us,album_track_try_harder_no_safe_match,22,51,1871092596,,false
album_sidecar_track:album|wiggles|yummy yummy@@1@@7@@@@walk:album_track_try_harder_no_safe_match:1871092596,apple_music_try_harder_pass_v1,album|wiggles|yummy yummy@@1@@7@@@@walk,album_sidecar_track,track,,Walk,1994,us,album_track_try_harder_no_safe_match,22,51,1871092596,,false
album_sidecar_track:album|wiggles|yummy yummy@@1@@8@@@@fais do do:album_track_try_harder_no_safe_match:1871092596,apple_music_try_harder_pass_v1,album|wiggles|yummy yummy@@1@@8@@@@fais do do,album_sidecar_track,track,,Fais Do Do,1994,us,album_track_try_harder_no_safe_match,22,51,1871092596,,false
album_sidecar_track:album|wiggles|yummy yummy@@1@@9@@@@ponies:album_track_try_harder_no_safe_match:1871092596,apple_music_try_harder_pass_v1,album|wiggles|yummy yummy@@1@@9@@@@ponies,album_sidecar_track,track,,Ponies,1994,us,album_track_try_harder_no_safe_match,22,51,1871092596,,false
album_sidecar_track:album|wilco|being there@@2@@1@@@@sunken treasure:album_track_try_harder_no_safe_match:926196086,apple_music_try_harder_pass_v1,album|wilco|being there@@2@@1@@@@sunken treasure,album_sidecar_track,track,,Sunken Treasure,1996,us,album_track_try_harder_no_safe_match,9,51,926196086,,false
album_sidecar_track:album|wilco|being there@@2@@2@@@@someday soon:album_track_try_harder_no_safe_match:926196086,apple_music_try_harder_pass_v1,album|wilco|being there@@2@@2@@@@someday soon,album_sidecar_track,track,,Someday Soon,1996,us,album_track_try_harder_no_safe_match,9,51,926196086,,false
album_sidecar_track:album|wilco|being there@@2@@3@@@@outta mind outta sight:album_track_try_harder_no_safe_match:926196086,apple_music_try_harder_pass_v1,album|wilco|being there@@2@@3@@@@outta mind outta sight,album_sidecar_track,track,,Outta Mind (Outta Sight),1996,us,album_track_try_harder_no_safe_match,9,51,926196086,,false
album_sidecar_track:album|wilco|being there@@2@@4@@@@someone else s song:album_track_try_harder_no_safe_match:926196086,apple_music_try_harder_pass_v1,album|wilco|being there@@2@@4@@@@someone else s song,album_sidecar_track,track,,Someone Else’s Song,1996,us,album_track_try_harder_no_safe_match,9,51,926196086,,false
album_sidecar_track:album|wilco|being there@@2@@5@@@@kingpin:album_track_try_harder_no_safe_match:926196086,apple_music_try_harder_pass_v1,album|wilco|being there@@2@@5@@@@kingpin,album_sidecar_track,track,,Kingpin,1996,us,album_track_try_harder_no_safe_match,9,51,926196086,,false
album_sidecar_track:album|wilco|being there@@2@@6@@@@was i in your dreams:album_track_try_harder_no_safe_match:926196086,apple_music_try_harder_pass_v1,album|wilco|being there@@2@@6@@@@was i in your dreams,album_sidecar_track,track,,(Was I) In Your Dreams,1996,us,album_track_try_harder_no_safe_match,9,51,926196086,,false
album_sidecar_track:album|wilco|being there@@2@@7@@@@why would you wanna live:album_track_try_harder_no_safe_match:926196086,apple_music_try_harder_pass_v1,album|wilco|being there@@2@@7@@@@why would you wanna live,album_sidecar_track,track,,Why Would You Wanna Live,1996,us,album_track_try_harder_no_safe_match,9,51,926196086,,false
album_sidecar_track:album|wilco|being there@@2@@8@@@@lonely 1:album_track_try_harder_no_safe_match:926196086,apple_music_try_harder_pass_v1,album|wilco|being there@@2@@8@@@@lonely 1,album_sidecar_track,track,,The Lonely 1,1996,us,album_track_try_harder_no_safe_match,9,51,926196086,,false
album_sidecar_track:album|wilco|being there@@2@@9@@@@dreamer in my dreams:album_track_try_harder_no_safe_match:926196086,apple_music_try_harder_pass_v1,album|wilco|being there@@2@@9@@@@dreamer in my dreams,album_sidecar_track,track,,Dreamer in My Dreams,1996,us,album_track_try_harder_no_safe_match,9,51,926196086,,false
album_sidecar_track:album|wilco|summerteeth@@1@@16@@@@candy floss:album_track_try_harder_no_safe_match:926190405,apple_music_try_harder_pass_v1,album|wilco|summerteeth@@1@@16@@@@candy floss,album_sidecar_track,track,,Candy Floss,1999,us,album_track_try_harder_no_safe_match,2,43,926190405,,false
album_sidecar_track:album|wilco|yankee hotel foxtrot@@2@@1@@@@heavy metal drummer:album_track_try_harder_no_safe_match:300981120,apple_music_try_harder_pass_v1,album|wilco|yankee hotel foxtrot@@2@@1@@@@heavy metal drummer,album_sidecar_track,track,,Heavy Metal Drummer,2002,us,album_track_try_harder_no_safe_match,5,51,300981120,,false
album_sidecar_track:album|wilco|yankee hotel foxtrot@@2@@2@@@@i m man who loves you:album_track_try_harder_no_safe_match:300981120,apple_music_try_harder_pass_v1,album|wilco|yankee hotel foxtrot@@2@@2@@@@i m man who loves you,album_sidecar_track,track,,I’m the Man Who Loves You,2002,us,album_track_try_harder_no_safe_match,5,51,300981120,,false
album_sidecar_track:album|wilco|yankee hotel foxtrot@@2@@3@@@@pot kettle black:album_track_try_harder_no_safe_match:300981120,apple_music_try_harder_pass_v1,album|wilco|yankee hotel foxtrot@@2@@3@@@@pot kettle black,album_sidecar_track,track,,Pot Kettle Black,2002,us,album_track_try_harder_no_safe_match,5,51,300981120,,false
album_sidecar_track:album|wilco|yankee hotel foxtrot@@2@@4@@@@poor places:album_track_try_harder_no_safe_match:300981120,apple_music_try_harder_pass_v1,album|wilco|yankee hotel foxtrot@@2@@4@@@@poor places,album_sidecar_track,track,,Poor Places,2002,us,album_track_try_harder_no_safe_match,5,51,300981120,,false
album_sidecar_track:album|wilco|yankee hotel foxtrot@@2@@5@@@@reservations:album_track_try_harder_no_safe_match:300981120,apple_music_try_harder_pass_v1,album|wilco|yankee hotel foxtrot@@2@@5@@@@reservations,album_sidecar_track,track,,Reservations,2002,us,album_track_try_harder_no_safe_match,5,51,300981120,,false
album_sidecar_track:album|wilson pickett|exciting wilson pickett@@1@@8@@@@ninety nine and a half won t do:album_track_try_harder_no_safe_match:281713749,apple_music_try_harder_pass_v1,album|wilson pickett|exciting wilson pickett@@1@@8@@@@ninety nine and a half won t do,album_sidecar_track,track,,Ninety‐Nine and a Half (Won’t Do),1966,us,album_track_try_harder_no_safe_match,5,43,281713749,,false
album_sidecar_track:album|winans|tomorrow@@1@@7@@@@bring back days of yea and nay:album_track_try_harder_no_safe_match:259207883,apple_music_try_harder_pass_v1,album|winans|tomorrow@@1@@7@@@@bring back days of yea and nay,album_sidecar_track,track,,Bring Back the Days of Yea and Nay,1984,us,album_track_try_harder_no_safe_match,4,43,259207883,,false
album_sidecar_track:album|wipers|youth of america@@1@@1@@@@taking too long:album_track_try_harder_no_safe_match:1031831705,apple_music_try_harder_pass_v1,album|wipers|youth of america@@1@@1@@@@taking too long,album_sidecar_track,track,,Taking Too Long,1981,us,album_track_try_harder_no_safe_match,6,54,1031831705,,false
album_sidecar_track:album|wipers|youth of america@@1@@2@@@@can this be:album_track_try_harder_no_safe_match:1031831705,apple_music_try_harder_pass_v1,album|wipers|youth of america@@1@@2@@@@can this be,album_sidecar_track,track,,Can This Be,1981,us,album_track_try_harder_no_safe_match,6,53,1031831705,,false
album_sidecar_track:album|wipers|youth of america@@1@@3@@@@pushing extreme:album_track_try_harder_no_safe_match:1031831705,apple_music_try_harder_pass_v1,album|wipers|youth of america@@1@@3@@@@pushing extreme,album_sidecar_track,track,,Pushing the Extreme,1981,us,album_track_try_harder_no_safe_match,6,52,1031831705,,false
album_sidecar_track:album|wipers|youth of america@@1@@4@@@@when it s over:album_track_try_harder_no_safe_match:1031831705,apple_music_try_harder_pass_v1,album|wipers|youth of america@@1@@4@@@@when it s over,album_sidecar_track,track,,When It's Over,1981,us,album_track_try_harder_no_safe_match,6,47,1031831705,,false
album_sidecar_track:album|wipers|youth of america@@1@@5@@@@no fair:album_track_try_harder_no_safe_match:1031831705,apple_music_try_harder_pass_v1,album|wipers|youth of america@@1@@5@@@@no fair,album_sidecar_track,track,,No Fair,1981,us,album_track_try_harder_no_safe_match,6,56,1031831705,,false
album_sidecar_track:album|wipers|youth of america@@1@@6@@@@youth of america:album_track_try_harder_no_safe_match:1031831705,apple_music_try_harder_pass_v1,album|wipers|youth of america@@1@@6@@@@youth of america,album_sidecar_track,track,,Youth of America,1981,us,album_track_try_harder_no_safe_match,6,51,1031831705,,false
album_sidecar_track:album|wu tang clan|enter the wu tang 36 chambers@@1@@1@@@@bring da ruckus:album_track_try_harder_no_safe_match:1746566237,apple_music_try_harder_pass_v1,album|wu tang clan|enter the wu tang 36 chambers@@1@@1@@@@bring da ruckus,album_sidecar_track,track,,Bring da Ruckus,1993,us,album_track_try_harder_no_safe_match,9,34,1746566237,,false
album_sidecar_track:album|wu tang clan|enter the wu tang 36 chambers@@1@@10@@@@protect ya neck:album_track_try_harder_no_safe_match:1746566237,apple_music_try_harder_pass_v1,album|wu tang clan|enter the wu tang 36 chambers@@1@@10@@@@protect ya neck,album_sidecar_track,track,,Protect Ya Neck,1993,us,album_track_try_harder_no_safe_match,9,29,1746566237,,false
album_sidecar_track:album|wu tang clan|enter the wu tang 36 chambers@@1@@11@@@@tearz:album_track_try_harder_no_safe_match:1746566237,apple_music_try_harder_pass_v1,album|wu tang clan|enter the wu tang 36 chambers@@1@@11@@@@tearz,album_sidecar_track,track,,Tearz,1993,us,album_track_try_harder_no_safe_match,9,19,1746566237,,false
album_sidecar_track:album|wu tang clan|enter the wu tang 36 chambers@@1@@12@@@@wu tang 7th chamber part ii conclusion:album_track_try_harder_no_safe_match:1746566237,apple_music_try_harder_pass_v1,album|wu tang clan|enter the wu tang 36 chambers@@1@@12@@@@wu tang 7th chamber part ii conclusion,album_sidecar_track,track,,"Wu‐Tang: 7th Chamber, Part II / Conclusion",1993,us,album_track_try_harder_no_safe_match,9,0,1746566237,,false
album_sidecar_track:album|wu tang clan|enter the wu tang 36 chambers@@1@@2@@@@shame on a nigga:album_track_try_harder_no_safe_match:1746566237,apple_music_try_harder_pass_v1,album|wu tang clan|enter the wu tang 36 chambers@@1@@2@@@@shame on a nigga,album_sidecar_track,track,,Shame on a Nigga,1993,us,album_track_try_harder_no_safe_match,9,47,1746566237,,false
album_sidecar_track:album|wu tang clan|enter the wu tang 36 chambers@@1@@3@@@@clan in da front:album_track_try_harder_no_safe_match:1746566237,apple_music_try_harder_pass_v1,album|wu tang clan|enter the wu tang 36 chambers@@1@@3@@@@clan in da front,album_sidecar_track,track,,Clan in da Front,1993,us,album_track_try_harder_no_safe_match,9,42,1746566237,,false
album_sidecar_track:album|wu tang clan|enter the wu tang 36 chambers@@1@@4@@@@wu tang 7th chamber:album_track_try_harder_no_safe_match:1746566237,apple_music_try_harder_pass_v1,album|wu tang clan|enter the wu tang 36 chambers@@1@@4@@@@wu tang 7th chamber,album_sidecar_track,track,,Wu‐Tang: 7th Chamber,1993,us,album_track_try_harder_no_safe_match,9,31,1746566237,,false
album_sidecar_track:album|wu tang clan|enter the wu tang 36 chambers@@1@@5@@@@can it be all so simple intermission:album_track_try_harder_no_safe_match:1746566237,apple_music_try_harder_pass_v1,album|wu tang clan|enter the wu tang 36 chambers@@1@@5@@@@can it be all so simple intermission,album_sidecar_track,track,,Can It Be All So Simple / Intermission,1993,us,album_track_try_harder_no_safe_match,9,30,1746566237,,false
album_sidecar_track:album|wu tang clan|enter the wu tang 36 chambers@@1@@6@@@@da mystery of chessboxin:album_track_try_harder_no_safe_match:1746566237,apple_music_try_harder_pass_v1,album|wu tang clan|enter the wu tang 36 chambers@@1@@6@@@@da mystery of chessboxin,album_sidecar_track,track,,Da Mystery of Chessboxin’,1993,us,album_track_try_harder_no_safe_match,9,30,1746566237,,false
album_sidecar_track:album|wu tang clan|enter the wu tang 36 chambers@@1@@7@@@@wu tang clan ain t nuthing ta f wit:album_track_try_harder_no_safe_match:1746566237,apple_music_try_harder_pass_v1,album|wu tang clan|enter the wu tang 36 chambers@@1@@7@@@@wu tang clan ain t nuthing ta f wit,album_sidecar_track,track,,Wu‐Tang Clan Ain’t Nuthing ta F’ Wit,1993,us,album_track_try_harder_no_safe_match,9,33,1746566237,,false
album_sidecar_track:album|wu tang clan|enter the wu tang 36 chambers@@1@@8@@@@c r e a m:album_track_try_harder_no_safe_match:1746566237,apple_music_try_harder_pass_v1,album|wu tang clan|enter the wu tang 36 chambers@@1@@8@@@@c r e a m,album_sidecar_track,track,,C.R.E.A.M.,1993,us,album_track_try_harder_no_safe_match,9,34,1746566237,,false
album_sidecar_track:album|wu tang clan|enter the wu tang 36 chambers@@1@@9@@@@method man:album_track_try_harder_no_safe_match:1746566237,apple_music_try_harder_pass_v1,album|wu tang clan|enter the wu tang 36 chambers@@1@@9@@@@method man,album_sidecar_track,track,,Method Man,1993,us,album_track_try_harder_no_safe_match,9,29,1746566237,,false
album_sidecar_track:album|wu tang clan|wu tang forever@@2@@10@@@@dog sh t:album_track_try_harder_no_safe_match:268503472,apple_music_try_harder_pass_v1,album|wu tang clan|wu tang forever@@2@@10@@@@dog sh t,album_sidecar_track,track,,Dog Sh*t,1997,us,album_track_try_harder_no_safe_match,7,43,268503472,,false
album_sidecar_track:album|yeah yeah yeahs|fever to tell@@1@@13@@@@yeah new york:album_track_try_harder_no_safe_match:1440916724,apple_music_try_harder_pass_v1,album|yeah yeah yeahs|fever to tell@@1@@13@@@@yeah new york,album_sidecar_track,track,,Yeah! New York,2003,us,album_track_try_harder_no_safe_match,0,0,1440916724,,false
album_sidecar_track:album|yeah yeah yeahs|it s blitz@@1@@11@@@@soft shock acoustic:album_track_try_harder_no_safe_match:1440784273,apple_music_try_harder_pass_v1,album|yeah yeah yeahs|it s blitz@@1@@11@@@@soft shock acoustic,album_sidecar_track,track,,Soft Shock (acoustic),2009,us,album_track_try_harder_no_safe_match,2,39,1440784273,,false
album_sidecar_track:album|yeah yeah yeahs|it s blitz@@1@@12@@@@skeletons acoustic:album_track_try_harder_no_safe_match:1440784273,apple_music_try_harder_pass_v1,album|yeah yeah yeahs|it s blitz@@1@@12@@@@skeletons acoustic,album_sidecar_track,track,,Skeletons (acoustic),2009,us,album_track_try_harder_no_safe_match,2,39,1440784273,,false
album_sidecar_track:album|yeah yeah yeahs|it s blitz@@1@@13@@@@hysteric acoustic:album_track_try_harder_no_safe_match:1440784273,apple_music_try_harder_pass_v1,album|yeah yeah yeahs|it s blitz@@1@@13@@@@hysteric acoustic,album_sidecar_track,track,,Hysteric (acoustic),2009,us,album_track_try_harder_no_safe_match,2,0,1440784273,,false
album_sidecar_track:album|yeah yeah yeahs|it s blitz@@1@@14@@@@little shadow acoustic:album_track_try_harder_no_safe_match:1440784273,apple_music_try_harder_pass_v1,album|yeah yeah yeahs|it s blitz@@1@@14@@@@little shadow acoustic,album_sidecar_track,track,,Little Shadow (acoustic),2009,us,album_track_try_harder_no_safe_match,2,-5,1440784273,,false
album_sidecar_track:album|yeah yeah yeahs|it s blitz@@1@@15@@@@faces:album_track_try_harder_no_safe_match:1440784273,apple_music_try_harder_pass_v1,album|yeah yeah yeahs|it s blitz@@1@@15@@@@faces,album_sidecar_track,track,,Faces,2009,us,album_track_try_harder_no_safe_match,2,51,1440784273,,false
album_sidecar_track:album|yeah yeah yeahs|it s blitz@@1@@16@@@@clap song:album_track_try_harder_no_safe_match:1440784273,apple_music_try_harder_pass_v1,album|yeah yeah yeahs|it s blitz@@1@@16@@@@clap song,album_sidecar_track,track,,Clap Song,2009,us,album_track_try_harder_no_safe_match,2,51,1440784273,,false
album_sidecar_track:album|yoasobi|book@@1@@2@@@@:album_track_try_harder_no_safe_match:1542182291,apple_music_try_harder_pass_v1,album|yoasobi|book@@1@@2@@@@,album_sidecar_track,track,,アンコール,2021,us,album_track_try_harder_no_safe_match,8,47,1542182291,,false
album_sidecar_track:album|yoasobi|book@@1@@3@@@@:album_track_try_harder_no_safe_match:1542182291,apple_music_try_harder_pass_v1,album|yoasobi|book@@1@@3@@@@,album_sidecar_track,track,,ハルジオン,2021,us,album_track_try_harder_no_safe_match,8,46,1542182291,,false
album_sidecar_track:album|yoasobi|book@@1@@4@@@@:album_track_try_harder_no_safe_match:1542182291,apple_music_try_harder_pass_v1,album|yoasobi|book@@1@@4@@@@,album_sidecar_track,track,,あの夢をなぞって,2021,us,album_track_try_harder_no_safe_match,8,45,1542182291,,false
album_sidecar_track:album|yoasobi|book@@1@@5@@@@:album_track_try_harder_no_safe_match:1542182291,apple_music_try_harder_pass_v1,album|yoasobi|book@@1@@5@@@@,album_sidecar_track,track,,たぶん,2021,us,album_track_try_harder_no_safe_match,8,44,1542182291,,false
album_sidecar_track:album|yoasobi|book@@1@@6@@@@:album_track_try_harder_no_safe_match:1542182291,apple_music_try_harder_pass_v1,album|yoasobi|book@@1@@6@@@@,album_sidecar_track,track,,群青,2021,us,album_track_try_harder_no_safe_match,8,43,1542182291,,false
album_sidecar_track:album|yoasobi|book@@1@@7@@@@:album_track_try_harder_no_safe_match:1542182291,apple_music_try_harder_pass_v1,album|yoasobi|book@@1@@7@@@@,album_sidecar_track,track,,ハルカ,2021,us,album_track_try_harder_no_safe_match,8,43,1542182291,,false
album_sidecar_track:album|yoasobi|book@@1@@8@@@@:album_track_try_harder_no_safe_match:1542182291,apple_music_try_harder_pass_v1,album|yoasobi|book@@1@@8@@@@,album_sidecar_track,track,,夜に駆ける,2021,us,album_track_try_harder_no_safe_match,8,43,1542182291,,false
album_sidecar_track:album|yolanda adams|mountain high valley low@@1@@10@@@@continual paradise:album_track_try_harder_no_safe_match:262065697,apple_music_try_harder_pass_v1,album|yolanda adams|mountain high valley low@@1@@10@@@@continual paradise,album_sidecar_track,track,,Continual Paradise,1999,us,album_track_try_harder_no_safe_match,2,43,262065697,,false
album_sidecar_track:album|young thug|jeffery@@1@@10@@@@pick up phone:album_track_try_harder_no_safe_match:1146718343,apple_music_try_harder_pass_v1,album|young thug|jeffery@@1@@10@@@@pick up phone,album_sidecar_track,track,,Pick Up the Phone,2016,us,album_track_try_harder_no_safe_match,1,53,1146718343,,false
album_sidecar_track:album|young thug|so much fun@@1@@15@@@@pussy:album_track_try_harder_no_safe_match:1476636939,apple_music_try_harder_pass_v1,album|young thug|so much fun@@1@@15@@@@pussy,album_sidecar_track,track,,Pussy,2019,us,album_track_try_harder_no_safe_match,6,43,1476636939,,false
album_sidecar_track:album|young thug|so much fun@@1@@4@@@@hot:album_track_try_harder_no_safe_match:1476636939,apple_music_try_harder_pass_v1,album|young thug|so much fun@@1@@4@@@@hot,album_sidecar_track,track,,Hot,2019,us,album_track_try_harder_no_safe_match,16,45,1476636939,,false
album_sidecar_track:album|zac brown band|foundation@@1@@13@@@@martin live in atlanta:album_track_try_harder_no_safe_match:1585172564,apple_music_try_harder_pass_v1,album|zac brown band|foundation@@1@@13@@@@martin live in atlanta,album_sidecar_track,track,,Martin (Live In Atlanta),2008,us,album_track_try_harder_no_safe_match,0,0,1585172564,,false
album_sidecar_track:album|zac brown band|foundation@@1@@14@@@@let it go live in atlanta:album_track_try_harder_no_safe_match:1585172564,apple_music_try_harder_pass_v1,album|zac brown band|foundation@@1@@14@@@@let it go live in atlanta,album_sidecar_track,track,,Let It Go (Live In Atlanta),2008,us,album_track_try_harder_no_safe_match,0,0,1585172564,,false
album_sidecar_track:album|zac brown band|foundation@@1@@15@@@@chicken fried full version:album_track_try_harder_no_safe_match:1585172564,apple_music_try_harder_pass_v1,album|zac brown band|foundation@@1@@15@@@@chicken fried full version,album_sidecar_track,track,,Chicken Fried (Full Version),2008,us,album_track_try_harder_no_safe_match,0,0,1585172564,,false
album_sidecar_track:album|zach bryan|american heartbreak@@2@@1@@@@billy stay:album_track_try_harder_no_safe_match:1620257596,apple_music_try_harder_pass_v1,album|zach bryan|american heartbreak@@2@@1@@@@billy stay,album_sidecar_track,track,,Billy Stay,2022,us,album_track_try_harder_no_safe_match,16,51,1620257596,,false
album_sidecar_track:album|zach bryan|american heartbreak@@2@@10@@@@open gate:album_track_try_harder_no_safe_match:1620257596,apple_music_try_harder_pass_v1,album|zach bryan|american heartbreak@@2@@10@@@@open gate,album_sidecar_track,track,,Open the Gate,2022,us,album_track_try_harder_no_safe_match,16,51,1620257596,,false
album_sidecar_track:album|zach bryan|american heartbreak@@2@@11@@@@half grown:album_track_try_harder_no_safe_match:1620257596,apple_music_try_harder_pass_v1,album|zach bryan|american heartbreak@@2@@11@@@@half grown,album_sidecar_track,track,,Half Grown,2022,us,album_track_try_harder_no_safe_match,16,51,1620257596,,false
album_sidecar_track:album|zach bryan|american heartbreak@@2@@12@@@@no cure:album_track_try_harder_no_safe_match:1620257596,apple_music_try_harder_pass_v1,album|zach bryan|american heartbreak@@2@@12@@@@no cure,album_sidecar_track,track,,No Cure,2022,us,album_track_try_harder_no_safe_match,16,51,1620257596,,false
album_sidecar_track:album|zach bryan|american heartbreak@@2@@13@@@@68 fastback:album_track_try_harder_no_safe_match:1620257596,apple_music_try_harder_pass_v1,album|zach bryan|american heartbreak@@2@@13@@@@68 fastback,album_sidecar_track,track,,’68 Fastback,2022,us,album_track_try_harder_no_safe_match,16,51,1620257596,,false
album_sidecar_track:album|zach bryan|american heartbreak@@2@@14@@@@blue:album_track_try_harder_no_safe_match:1620257596,apple_music_try_harder_pass_v1,album|zach bryan|american heartbreak@@2@@14@@@@blue,album_sidecar_track,track,,Blue,2022,us,album_track_try_harder_no_safe_match,16,51,1620257596,,false
album_sidecar_track:album|zach bryan|american heartbreak@@2@@15@@@@morning time:album_track_try_harder_no_safe_match:1620257596,apple_music_try_harder_pass_v1,album|zach bryan|american heartbreak@@2@@15@@@@morning time,album_sidecar_track,track,,Morning Time,2022,us,album_track_try_harder_no_safe_match,16,51,1620257596,,false
album_sidecar_track:album|zach bryan|american heartbreak@@2@@16@@@@this road i know:album_track_try_harder_no_safe_match:1620257596,apple_music_try_harder_pass_v1,album|zach bryan|american heartbreak@@2@@16@@@@this road i know,album_sidecar_track,track,,This Road I Know,2022,us,album_track_try_harder_no_safe_match,16,51,1620257596,,false
album_sidecar_track:album|zach bryan|american heartbreak@@2@@2@@@@sober side of sorry:album_track_try_harder_no_safe_match:1620257596,apple_music_try_harder_pass_v1,album|zach bryan|american heartbreak@@2@@2@@@@sober side of sorry,album_sidecar_track,track,,Sober Side of Sorry,2022,us,album_track_try_harder_no_safe_match,16,51,1620257596,,false
album_sidecar_track:album|zach bryan|american heartbreak@@2@@3@@@@high beams:album_track_try_harder_no_safe_match:1620257596,apple_music_try_harder_pass_v1,album|zach bryan|american heartbreak@@2@@3@@@@high beams,album_sidecar_track,track,,High Beams,2022,us,album_track_try_harder_no_safe_match,16,51,1620257596,,false
album_sidecar_track:album|zach bryan|american heartbreak@@2@@4@@@@good i ll do:album_track_try_harder_no_safe_match:1620257596,apple_music_try_harder_pass_v1,album|zach bryan|american heartbreak@@2@@4@@@@good i ll do,album_sidecar_track,track,,The Good I’ll Do,2022,us,album_track_try_harder_no_safe_match,16,51,1620257596,,false
album_sidecar_track:album|zach bryan|american heartbreak@@2@@5@@@@someday maggie s:album_track_try_harder_no_safe_match:1620257596,apple_music_try_harder_pass_v1,album|zach bryan|american heartbreak@@2@@5@@@@someday maggie s,album_sidecar_track,track,,Someday (Maggie’s),2022,us,album_track_try_harder_no_safe_match,16,51,1620257596,,false
album_sidecar_track:album|zach bryan|american heartbreak@@2@@6@@@@poems and closing time:album_track_try_harder_no_safe_match:1620257596,apple_music_try_harder_pass_v1,album|zach bryan|american heartbreak@@2@@6@@@@poems and closing time,album_sidecar_track,track,,Poems and Closing Time,2022,us,album_track_try_harder_no_safe_match,16,51,1620257596,,false
album_sidecar_track:album|zach bryan|american heartbreak@@2@@7@@@@from austin:album_track_try_harder_no_safe_match:1620257596,apple_music_try_harder_pass_v1,album|zach bryan|american heartbreak@@2@@7@@@@from austin,album_sidecar_track,track,,From Austin,2022,us,album_track_try_harder_no_safe_match,16,51,1620257596,,false
album_sidecar_track:album|zach bryan|american heartbreak@@2@@8@@@@if she wants a cowboy:album_track_try_harder_no_safe_match:1620257596,apple_music_try_harder_pass_v1,album|zach bryan|american heartbreak@@2@@8@@@@if she wants a cowboy,album_sidecar_track,track,,If She Wants a Cowboy,2022,us,album_track_try_harder_no_safe_match,16,51,1620257596,,false
album_sidecar_track:album|zach bryan|american heartbreak@@2@@9@@@@corinthians proctor s:album_track_try_harder_no_safe_match:1620257596,apple_music_try_harder_pass_v1,album|zach bryan|american heartbreak@@2@@9@@@@corinthians proctor s,album_sidecar_track,track,,Corinthians (Proctor’s),2022,us,album_track_try_harder_no_safe_match,16,51,1620257596,,false
album_sidecar_track:album|zero 7|simple things@@1@@13@@@@salt water sound:album_track_try_harder_no_safe_match:1814436320,apple_music_try_harder_pass_v1,album|zero 7|simple things@@1@@13@@@@salt water sound,album_sidecar_track,track,,Salt Water Sound,2001,us,album_track_try_harder_no_safe_match,0,0,1814436320,,false
album_sidecar_track:album|zero 7|simple things@@1@@14@@@@spinning:album_track_try_harder_no_safe_match:1814436320,apple_music_try_harder_pass_v1,album|zero 7|simple things@@1@@14@@@@spinning,album_sidecar_track,track,,Spinning,2001,us,album_track_try_harder_no_safe_match,0,0,1814436320,,false
album_sidecar_track:album|zombies|odessey and oracle@@1@@10@@@@butchers tale western front 1914:album_track_try_harder_no_safe_match:1810776077,apple_music_try_harder_pass_v1,album|zombies|odessey and oracle@@1@@10@@@@butchers tale western front 1914,album_sidecar_track,track,,Butchers Tale (Western Front 1914),1968,us,album_track_try_harder_no_safe_match,3,39,1810776077,,false
album_sidecar_track:album|zz top|tres hombres@@1@@9@@@@shiek:album_track_try_harder_no_safe_match:1728071278,apple_music_try_harder_pass_v1,album|zz top|tres hombres@@1@@9@@@@shiek,album_sidecar_track,track,,Shiek,1973,us,album_track_try_harder_no_safe_match,2,43,1728071278,,false
graph_album:album|2baba|grass 2 grace:album_try_harder_no_safe_tracklist_match:,apple_music_try_harder_pass_v1,album|2baba|grass 2 grace,graph_album,album,2Baba,Grass 2 Grace,2006,us,album_try_harder_no_safe_tracklist_match,6,38,,,false
graph_album:album|7 seconds|crew:album_try_harder_no_safe_tracklist_match:,apple_music_try_harder_pass_v1,album|7 seconds|crew,graph_album,album,7 Seconds,The Crew,1984,us,album_try_harder_no_safe_tracklist_match,11,112,,,false
graph_album:album|a ap rocky|long live a ap:album_try_harder_no_safe_tracklist_match:,apple_music_try_harder_pass_v1,album|a ap rocky|long live a ap,graph_album,album,A$AP Rocky,Long.Live.A$AP,2013,us,album_try_harder_no_safe_tracklist_match,10,104,,,false
graph_album:album|a tribe called quest|people s instinctive travels and the paths of rhythm:album_try_harder_no_safe_tracklist_match:,apple_music_try_harder_pass_v1,album|a tribe called quest|people s instinctive travels and the paths of rhythm,graph_album,album,A Tribe Called Quest,People's Instinctive Travels and the Paths of Rhythm,1990,us,album_try_harder_no_safe_tracklist_match,11,110,,,false
graph_album:album|adam and the ants|kings of the wild frontier:album_try_harder_no_safe_tracklist_match:,apple_music_try_harder_pass_v1,album|adam and the ants|kings of the wild frontier,graph_album,album,Adam and the Ants,Kings of the Wild Frontier,1980,us,album_try_harder_no_safe_tracklist_match,3,117,,,false
graph_album:album|ali farka toure and ry cooder|talking timbuktu:album_try_harder_no_safe_tracklist_match:,apple_music_try_harder_pass_v1,album|ali farka toure and ry cooder|talking timbuktu,graph_album,album,Ali Farka Toure and Ry Cooder,Talking Timbuktu,1994,us,album_try_harder_no_safe_tracklist_match,1,78,,,false
graph_album:album|allman brothers band|at fillmore east:album_try_harder_no_safe_tracklist_match:,apple_music_try_harder_pass_v1,album|allman brothers band|at fillmore east,graph_album,album,The Allman Brothers Band,At Fillmore East,1971,us,album_try_harder_no_safe_tracklist_match,10,78,,,false
graph_album:album|andrae crouch|live in london:album_try_harder_no_safe_tracklist_match:,apple_music_try_harder_pass_v1,album|andrae crouch|live in london,graph_album,album,Andrae Crouch,Live in London,1978,us,album_try_harder_no_safe_tracklist_match,1,63,,,false
graph_album:album|animals|animals:album_try_harder_no_safe_tracklist_match:,apple_music_try_harder_pass_v1,album|animals|animals,graph_album,album,The Animals,The Animals,1964,us,album_try_harder_no_safe_tracklist_match,10,113,,,false
graph_album:album|aretha franklin|amazing grace:album_try_harder_no_safe_tracklist_match:,apple_music_try_harder_pass_v1,album|aretha franklin|amazing grace,graph_album,album,Aretha Franklin,Amazing Grace,1972,us,album_try_harder_no_safe_tracklist_match,12,78,,,false
graph_album:album|avenged sevenfold|waking the fallen:album_try_harder_no_safe_tracklist_match:,apple_music_try_harder_pass_v1,album|avenged sevenfold|waking the fallen,graph_album,album,Avenged Sevenfold,Waking the Fallen,2003,us,album_try_harder_no_safe_tracklist_match,10,116,,,false
graph_album:album|bad brains|bad brains:album_try_harder_no_safe_tracklist_match:,apple_music_try_harder_pass_v1,album|bad brains|bad brains,graph_album,album,Bad Brains,Bad Brains,1982,us,album_try_harder_no_safe_tracklist_match,10,60,,,false
graph_album:album|beach boys|surfin u s a:album_try_harder_no_safe_tracklist_match:,apple_music_try_harder_pass_v1,album|beach boys|surfin u s a,graph_album,album,The Beach Boys,Surfin' U.S.A.,1963,us,album_try_harder_no_safe_tracklist_match,11,100,,,false
graph_album:album|beat|beat:album_try_harder_no_safe_tracklist_match:,apple_music_try_harder_pass_v1,album|beat|beat,graph_album,album,The Beat,The Beat,1979,us,album_try_harder_no_safe_tracklist_match,10,53,,,false
graph_album:album|bethel music|we will not be shaken:album_try_harder_no_safe_tracklist_match:,apple_music_try_harder_pass_v1,album|bethel music|we will not be shaken,graph_album,album,Bethel Music,We Will Not Be Shaken,2015,us,album_try_harder_no_safe_tracklist_match,11,108,,,false
graph_album:album|big black|songs about fucking:album_try_harder_no_safe_tracklist_match:,apple_music_try_harder_pass_v1,album|big black|songs about fucking,graph_album,album,Big Black,Songs About Fucking,1987,us,album_try_harder_no_safe_tracklist_match,3,104,,,false
graph_album:album|bikini kill|pussy whipped:album_try_harder_no_safe_tracklist_match:,apple_music_try_harder_pass_v1,album|bikini kill|pussy whipped,graph_album,album,Bikini Kill,Pussy Whipped,1993,us,album_try_harder_no_safe_tracklist_match,1,108,,,false
graph_album:album|bill evans trio|waltz for debby:album_try_harder_no_safe_tracklist_match:,apple_music_try_harder_pass_v1,album|bill evans trio|waltz for debby,graph_album,album,Bill Evans Trio,Waltz for Debby,1962,us,album_try_harder_no_safe_tracklist_match,11,98,,,false
graph_album:album|bing crosby|merry christmas:album_try_harder_no_safe_tracklist_match:,apple_music_try_harder_pass_v1,album|bing crosby|merry christmas,graph_album,album,Bing Crosby,Merry Christmas,1945,us,album_try_harder_no_safe_tracklist_match,13,75,,,false
graph_album:album|brent faiyaz|fuck the world:album_try_harder_no_safe_tracklist_match:,apple_music_try_harder_pass_v1,album|brent faiyaz|fuck the world,graph_album,album,Brent Faiyaz,Fuck the World,2020,us,album_try_harder_no_safe_tracklist_match,11,92,,,false
graph_album:album|bsd u|late night bumps:album_try_harder_no_safe_tracklist_match:,apple_music_try_harder_pass_v1,album|bsd u|late night bumps,graph_album,album,bsd.u,Late Night Bumps,2014,us,album_try_harder_no_safe_tracklist_match,8,94,,,false
graph_album:album|buck owens|carnegie hall concert:album_try_harder_no_safe_tracklist_match:,apple_music_try_harder_pass_v1,album|buck owens|carnegie hall concert,graph_album,album,Buck Owens,Carnegie Hall Concert,1966,us,album_try_harder_no_safe_tracklist_match,1,70,,,false
graph_album:album|buena vista social club|buena vista social club presents ibrahim ferrer:album_try_harder_no_safe_tracklist_match:,apple_music_try_harder_pass_v1,album|buena vista social club|buena vista social club presents ibrahim ferrer,graph_album,album,Buena Vista Social Club,Buena Vista Social Club Presents Ibrahim Ferrer,1999,us,album_try_harder_no_safe_tracklist_match,2,78,,,false
graph_album:album|cannibal ox|cold vein:album_try_harder_no_safe_tracklist_match:,apple_music_try_harder_pass_v1,album|cannibal ox|cold vein,graph_album,album,Cannibal Ox,The Cold Vein,2001,us,album_try_harder_no_safe_tracklist_match,5,114,,,false
graph_album:album|captain beefheart and his magic band|trout mask replica:album_try_harder_no_safe_tracklist_match:,apple_music_try_harder_pass_v1,album|captain beefheart and his magic band|trout mask replica,graph_album,album,Captain Beefheart & His Magic Band,Trout Mask Replica,1969,us,album_try_harder_no_safe_tracklist_match,10,42,,,false
graph_album:album|cheap trick|cheap trick at budokan:album_try_harder_no_safe_tracklist_match:,apple_music_try_harder_pass_v1,album|cheap trick|cheap trick at budokan,graph_album,album,Cheap Trick,Cheap Trick at Budokan,1978,us,album_try_harder_no_safe_tracklist_match,8,78,,,false
graph_album:album|chiffons|chiffons:album_try_harder_no_safe_tracklist_match:,apple_music_try_harder_pass_v1,album|chiffons|chiffons,graph_album,album,The Chiffons,The Chiffons,1963,us,album_try_harder_no_safe_tracklist_match,10,88,,,false
graph_album:album|collins kids|hop skip and jump:album_try_harder_no_safe_tracklist_match:,apple_music_try_harder_pass_v1,album|collins kids|hop skip and jump,graph_album,album,The Collins Kids,"Hop, Skip and Jump",1991,us,album_try_harder_no_safe_tracklist_match,0,0,,,false
graph_album:album|coup|steal this album:album_try_harder_no_safe_tracklist_match:,apple_music_try_harder_pass_v1,album|coup|steal this album,graph_album,album,The Coup,Steal This Album,1998,us,album_try_harder_no_safe_tracklist_match,2,113,,,false
graph_album:album|crests|best of the crests:album_try_harder_no_safe_tracklist_match:,apple_music_try_harder_pass_v1,album|crests|best of the crests,graph_album,album,The Crests,The Best of the Crests,1962,us,album_try_harder_no_safe_tracklist_match,15,8,,,false
graph_album:album|curtis mayfield|super fly:album_try_harder_no_safe_tracklist_match:,apple_music_try_harder_pass_v1,album|curtis mayfield|super fly,graph_album,album,Curtis Mayfield,Super Fly,1972,us,album_try_harder_no_safe_tracklist_match,10,66,,,false
graph_album:album|curve|doppelganger:album_try_harder_no_safe_tracklist_match:,apple_music_try_harder_pass_v1,album|curve|doppelganger,graph_album,album,Curve,Doppelganger,1992,us,album_try_harder_no_safe_tracklist_match,0,0,,,false
graph_album:album|danny elfman|batman:album_try_harder_no_safe_tracklist_match:,apple_music_try_harder_pass_v1,album|danny elfman|batman,graph_album,album,Danny Elfman,Batman,1989,us,album_try_harder_no_safe_tracklist_match,12,93,,,false
graph_album:album|dee dee sharp|it s mashed potato time:album_try_harder_no_safe_tracklist_match:,apple_music_try_harder_pass_v1,album|dee dee sharp|it s mashed potato time,graph_album,album,Dee Dee Sharp,It's Mashed Potato Time,1962,us,album_try_harder_no_safe_tracklist_match,6,116,,,false
graph_album:album|def leppard|vault def leppard greatest hits 1980 1995:album_try_harder_no_safe_tracklist_match:,apple_music_try_harder_pass_v1,album|def leppard|vault def leppard greatest hits 1980 1995,graph_album,album,Def Leppard,Vault: Def Leppard Greatest Hits 1980-1995,1995,us,album_try_harder_no_safe_tracklist_match,0,0,,,false
graph_album:album|dinosaur jr|youre living all over me:album_try_harder_no_safe_tracklist_match:,apple_music_try_harder_pass_v1,album|dinosaur jr|youre living all over me,graph_album,album,Dinosaur Jr.,Youre Living All Over Me,1987,us,album_try_harder_no_safe_tracklist_match,3,103,,,false
graph_album:album|disclosure|caracal:album_try_harder_no_safe_tracklist_match:,apple_music_try_harder_pass_v1,album|disclosure|caracal,graph_album,album,Disclosure,Caracal,2015,us,album_try_harder_no_safe_tracklist_match,2,107,,,false
graph_album:album|disclosure|settle:album_try_harder_no_safe_tracklist_match:,apple_music_try_harder_pass_v1,album|disclosure|settle,graph_album,album,Disclosure,Settle,2013,us,album_try_harder_no_safe_tracklist_match,8,121,,,false
graph_album:album|dj quik|safe sound:album_try_harder_no_safe_tracklist_match:,apple_music_try_harder_pass_v1,album|dj quik|safe sound,graph_album,album,DJ Quik,Safe + Sound,1995,us,album_try_harder_no_safe_tracklist_match,5,87,,,false
graph_album:album|dna|a taste of dna:album_try_harder_no_safe_tracklist_match:,apple_music_try_harder_pass_v1,album|dna|a taste of dna,graph_album,album,DNA,A Taste of DNA,1981,us,album_try_harder_no_safe_tracklist_match,1,0,,,false
graph_album:album|donovan|wear your love like heaven:album_try_harder_no_safe_tracklist_match:,apple_music_try_harder_pass_v1,album|donovan|wear your love like heaven,graph_album,album,Donovan,Wear Your Love Like Heaven,1967,us,album_try_harder_no_safe_tracklist_match,2,31,,,false
graph_album:album|drake|take care:album_try_harder_no_safe_tracklist_match:,apple_music_try_harder_pass_v1,album|drake|take care,graph_album,album,Drake,Take Care,2011,us,album_try_harder_no_safe_tracklist_match,14,121,,,false
graph_album:album|duke ellington|ellington at newport:album_try_harder_no_safe_tracklist_match:,apple_music_try_harder_pass_v1,album|duke ellington|ellington at newport,graph_album,album,Duke Ellington,Ellington at Newport,1956,us,album_try_harder_no_safe_tracklist_match,5,107,,,false
graph_album:album|eevee|seeds:album_try_harder_no_safe_tracklist_match:,apple_music_try_harder_pass_v1,album|eevee|seeds,graph_album,album,eevee,Seeds,2017,us,album_try_harder_no_safe_tracklist_match,0,0,,,false
graph_album:album|el gran combo de puerto rico|aqui no se sienta nadie:album_try_harder_no_safe_tracklist_match:,apple_music_try_harder_pass_v1,album|el gran combo de puerto rico|aqui no se sienta nadie,graph_album,album,El Gran Combo de Puerto Rico,Aqui No Se Sienta Nadie,1979,us,album_try_harder_no_safe_tracklist_match,1,108,,,false
graph_album:album|el p|fantastic damage:album_try_harder_no_safe_tracklist_match:,apple_music_try_harder_pass_v1,album|el p|fantastic damage,graph_album,album,El-P,Fantastic Damage,2002,us,album_try_harder_no_safe_tracklist_match,10,99,,,false
graph_album:album|elvis presley|elvis:album_try_harder_no_safe_tracklist_match:,apple_music_try_harder_pass_v1,album|elvis presley|elvis,graph_album,album,Elvis Presley,Elvis,1956,us,album_try_harder_no_safe_tracklist_match,10,78,,,false
graph_album:album|exo|war:album_try_harder_no_safe_tracklist_match:,apple_music_try_harder_pass_v1,album|exo|war,graph_album,album,EXO,The War,2017,us,album_try_harder_no_safe_tracklist_match,4,108,,,false
graph_album:album|fania all stars|live at the cheetah vol 1:album_try_harder_no_safe_tracklist_match:,apple_music_try_harder_pass_v1,album|fania all stars|live at the cheetah vol 1,graph_album,album,Fania All-Stars,"Live at the Cheetah, Vol. 1",1972,us,album_try_harder_no_safe_tracklist_match,4,78,,,false
graph_album:album|fats domino|this is fats domino:album_try_harder_no_safe_tracklist_match:,apple_music_try_harder_pass_v1,album|fats domino|this is fats domino,graph_album,album,Fats Domino,This Is Fats Domino!,1956,us,album_try_harder_no_safe_tracklist_match,8,76,,,false
graph_album:album|flatlanders|more a legend than a band:album_try_harder_no_safe_tracklist_match:,apple_music_try_harder_pass_v1,album|flatlanders|more a legend than a band,graph_album,album,The Flatlanders,More a Legend Than a Band,1990,us,album_try_harder_no_safe_tracklist_match,0,0,,,false
graph_album:album|frank sinatra|come fly with me:album_try_harder_no_safe_tracklist_match:,apple_music_try_harder_pass_v1,album|frank sinatra|come fly with me,graph_album,album,Frank Sinatra,Come Fly with Me,1958,us,album_try_harder_no_safe_tracklist_match,14,88,,,false
graph_album:album|frank zappa|lumpy gravy:album_try_harder_no_safe_tracklist_match:,apple_music_try_harder_pass_v1,album|frank zappa|lumpy gravy,graph_album,album,Frank Zappa,Lumpy Gravy,1968,us,album_try_harder_no_safe_tracklist_match,2,68,,,false
graph_album:album|fred again|actual life 3:album_try_harder_no_safe_tracklist_match:,apple_music_try_harder_pass_v1,album|fred again|actual life 3,graph_album,album,Fred again..,Actual Life 3,2022,us,album_try_harder_no_safe_tracklist_match,8,112,,,false
graph_album:album|fred neil|bleecker and macdougal:album_try_harder_no_safe_tracklist_match:,apple_music_try_harder_pass_v1,album|fred neil|bleecker and macdougal,graph_album,album,Fred Neil,Bleecker & MacDougal,1965,us,album_try_harder_no_safe_tracklist_match,1,108,,,false
graph_album:album|fugs|it crawled into my hand honest:album_try_harder_no_safe_tracklist_match:,apple_music_try_harder_pass_v1,album|fugs|it crawled into my hand honest,graph_album,album,The Fugs,"It Crawled Into My Hand, Honest",1968,us,album_try_harder_no_safe_tracklist_match,0,0,,,false
graph_album:album|funkadelic|one nation under a groove:album_try_harder_no_safe_tracklist_match:,apple_music_try_harder_pass_v1,album|funkadelic|one nation under a groove,graph_album,album,Funkadelic,One Nation Under a Groove,1978,us,album_try_harder_no_safe_tracklist_match,10,46,,,false
graph_album:album|garth brooks|no fences:album_try_harder_no_safe_tracklist_match:,apple_music_try_harder_pass_v1,album|garth brooks|no fences,graph_album,album,Garth Brooks,No Fences,1990,us,album_try_harder_no_safe_tracklist_match,11,49,,,false
graph_album:album|garth brooks|ropin the wind:album_try_harder_no_safe_tracklist_match:,apple_music_try_harder_pass_v1,album|garth brooks|ropin the wind,graph_album,album,Garth Brooks,Ropin' the Wind,1991,us,album_try_harder_no_safe_tracklist_match,9,49,,,false
graph_album:album|gene vincent|bluejean bop:album_try_harder_no_safe_tracklist_match:,apple_music_try_harder_pass_v1,album|gene vincent|bluejean bop,graph_album,album,Gene Vincent,Bluejean Bop!,1958,us,album_try_harder_no_safe_tracklist_match,1,72,,,false
graph_album:album|gene vincent|gene vincent and his blue caps:album_try_harder_no_safe_tracklist_match:,apple_music_try_harder_pass_v1,album|gene vincent|gene vincent and his blue caps,graph_album,album,Gene Vincent,Gene Vincent and His Blue Caps,1957,us,album_try_harder_no_safe_tracklist_match,8,50,,,false
graph_album:album|genesis|foxtrot:album_try_harder_no_safe_tracklist_match:,apple_music_try_harder_pass_v1,album|genesis|foxtrot,graph_album,album,Genesis,Foxtrot,1972,us,album_try_harder_no_safe_tracklist_match,2,88,,,false
graph_album:album|genesis|selling england by the pound:album_try_harder_no_safe_tracklist_match:,apple_music_try_harder_pass_v1,album|genesis|selling england by the pound,graph_album,album,Genesis,Selling England by the Pound,1973,us,album_try_harder_no_safe_tracklist_match,7,81,,,false
graph_album:album|glen campbell|rhinestone cowboy:album_try_harder_no_safe_tracklist_match:,apple_music_try_harder_pass_v1,album|glen campbell|rhinestone cowboy,graph_album,album,Glen Campbell,Rhinestone Cowboy,1975,us,album_try_harder_no_safe_tracklist_match,11,114,,,false
graph_album:album|grateful dead|live dead:album_try_harder_no_safe_tracklist_match:,apple_music_try_harder_pass_v1,album|grateful dead|live dead,graph_album,album,Grateful Dead,Live/Dead,1969,us,album_try_harder_no_safe_tracklist_match,15,93,,,false
graph_album:album|hall and oates|private eyes:album_try_harder_no_safe_tracklist_match:,apple_music_try_harder_pass_v1,album|hall and oates|private eyes,graph_album,album,Hall & Oates,Private Eyes,1981,us,album_try_harder_no_safe_tracklist_match,17,95,,,false
graph_album:album|hanoi rocks|two steps from the move:album_try_harder_no_safe_tracklist_match:,apple_music_try_harder_pass_v1,album|hanoi rocks|two steps from the move,graph_album,album,Hanoi Rocks,Two Steps from the Move,1984,us,album_try_harder_no_safe_tracklist_match,0,0,,,false
graph_album:album|harptones|life is but a dream:album_try_harder_no_safe_tracklist_match:,apple_music_try_harder_pass_v1,album|harptones|life is but a dream,graph_album,album,The Harptones,Life Is But a Dream,1990,us,album_try_harder_no_safe_tracklist_match,4,78,,,false
graph_album:album|idealism|rainy evening:album_try_harder_no_safe_tracklist_match:,apple_music_try_harder_pass_v1,album|idealism|rainy evening,graph_album,album,idealism,rainy evening,2016,us,album_try_harder_no_safe_tracklist_match,1,117,,,false
graph_album:album|idle race|birthday party:album_try_harder_no_safe_tracklist_match:,apple_music_try_harder_pass_v1,album|idle race|birthday party,graph_album,album,The Idle Race,The Birthday Party,1968,us,album_try_harder_no_safe_tracklist_match,0,0,,,false
graph_album:album|jackie wilson|mr excitement:album_try_harder_no_safe_tracklist_match:,apple_music_try_harder_pass_v1,album|jackie wilson|mr excitement,graph_album,album,Jackie Wilson,Mr. Excitement!,1962,us,album_try_harder_no_safe_tracklist_match,10,68,,,false
graph_album:album|james brown|live at the apollo:album_try_harder_no_safe_tracklist_match:,apple_music_try_harder_pass_v1,album|james brown|live at the apollo,graph_album,album,James Brown,Live at the Apollo,1963,us,album_try_harder_no_safe_tracklist_match,11,85,,,false
graph_album:album|jeff mills|waveform transmission vol 1:album_try_harder_no_safe_tracklist_match:,apple_music_try_harder_pass_v1,album|jeff mills|waveform transmission vol 1,graph_album,album,Jeff Mills,Waveform Transmission Vol. 1,1992,us,album_try_harder_no_safe_tracklist_match,0,0,,,false
graph_album:album|jerry jeff walker|viva terlingua:album_try_harder_no_safe_tracklist_match:,apple_music_try_harder_pass_v1,album|jerry jeff walker|viva terlingua,graph_album,album,Jerry Jeff Walker,Viva Terlingua,1973,us,album_try_harder_no_safe_tracklist_match,1,78,,,false
graph_album:album|jesus culture|your love never fails:album_try_harder_no_safe_tracklist_match:,apple_music_try_harder_pass_v1,album|jesus culture|your love never fails,graph_album,album,Jesus Culture,Your Love Never Fails,2008,us,album_try_harder_no_safe_tracklist_match,10,78,,,false
graph_album:album|jethro tull|thick as a brick:album_try_harder_no_safe_tracklist_match:,apple_music_try_harder_pass_v1,album|jethro tull|thick as a brick,graph_album,album,Jethro Tull,Thick as a Brick,1972,us,album_try_harder_no_safe_tracklist_match,13,78,,,false
graph_album:album|joan baez|in concert:album_try_harder_no_safe_tracklist_match:,apple_music_try_harder_pass_v1,album|joan baez|in concert,graph_album,album,Joan Baez,In Concert,1962,us,album_try_harder_no_safe_tracklist_match,10,80,,,false
graph_album:album|joff bush|bluey the album:album_try_harder_no_safe_tracklist_match:,apple_music_try_harder_pass_v1,album|joff bush|bluey the album,graph_album,album,Joff Bush,Bluey: The Album,2021,us,album_try_harder_no_safe_tracklist_match,8,73,,,false
graph_album:album|john williams|star wars:album_try_harder_no_safe_tracklist_match:,apple_music_try_harder_pass_v1,album|john williams|star wars,graph_album,album,John Williams,Star Wars,1977,us,album_try_harder_no_safe_tracklist_match,11,116,,,false
graph_album:album|johnny cash|at folsom prison:album_try_harder_no_safe_tracklist_match:,apple_music_try_harder_pass_v1,album|johnny cash|at folsom prison,graph_album,album,Johnny Cash,At Folsom Prison,1968,us,album_try_harder_no_safe_tracklist_match,14,78,,,false
graph_album:album|jungle brothers|done by the forces of nature:album_try_harder_no_safe_tracklist_match:,apple_music_try_harder_pass_v1,album|jungle brothers|done by the forces of nature,graph_album,album,Jungle Brothers,Done by the Forces of Nature,1989,us,album_try_harder_no_safe_tracklist_match,1,42,,,false
graph_album:album|justice|cross:album_try_harder_no_safe_tracklist_match:,apple_music_try_harder_pass_v1,album|justice|cross,graph_album,album,Justice,Cross,2007,us,album_try_harder_no_safe_tracklist_match,13,75,,,false
graph_album:album|kathy young and the innocents|a thousand stars:album_try_harder_no_safe_tracklist_match:,apple_music_try_harder_pass_v1,album|kathy young and the innocents|a thousand stars,graph_album,album,Kathy Young & The Innocents,A Thousand Stars,1961,us,album_try_harder_no_safe_tracklist_match,5,72,,,false
graph_album:album|kesha|animal:album_try_harder_no_safe_tracklist_match:,apple_music_try_harder_pass_v1,album|kesha|animal,graph_album,album,Kesha,Animal,2010,us,album_try_harder_no_safe_tracklist_match,10,70,,,false
graph_album:album|kidz bop|kidz bop:album_try_harder_no_safe_tracklist_match:,apple_music_try_harder_pass_v1,album|kidz bop|kidz bop,graph_album,album,Kidz Bop,Kidz Bop,2001,us,album_try_harder_no_safe_tracklist_match,10,70,,,false
graph_album:album|kirk franklin|god s property:album_try_harder_no_safe_tracklist_match:,apple_music_try_harder_pass_v1,album|kirk franklin|god s property,graph_album,album,Kirk Franklin,God's Property,1997,us,album_try_harder_no_safe_tracklist_match,11,86,,,false
graph_album:album|kiss|alive:album_try_harder_no_safe_tracklist_match:,apple_music_try_harder_pass_v1,album|kiss|alive,graph_album,album,Kiss,Alive!,1975,us,album_try_harder_no_safe_tracklist_match,13,78,,,false
graph_album:album|kraftwerk|trans europe express:album_try_harder_no_safe_tracklist_match:,apple_music_try_harder_pass_v1,album|kraftwerk|trans europe express,graph_album,album,Kraftwerk,Trans-Europe Express,1977,us,album_try_harder_no_safe_tracklist_match,1,113,,,false
graph_album:album|kruder and dorfmeister|kandd sessions:album_try_harder_no_safe_tracklist_match:,apple_music_try_harder_pass_v1,album|kruder and dorfmeister|kandd sessions,graph_album,album,Kruder & Dorfmeister,The K&D Sessions,1998,us,album_try_harder_no_safe_tracklist_match,10,78,,,false
graph_album:album|kurtis blow|tough:album_try_harder_no_safe_tracklist_match:,apple_music_try_harder_pass_v1,album|kurtis blow|tough,graph_album,album,Kurtis Blow,Tough,1982,us,album_try_harder_no_safe_tracklist_match,2,52,,,false
graph_album:album|lana del rey|norman fucking rockwell:album_try_harder_no_safe_tracklist_match:,apple_music_try_harder_pass_v1,album|lana del rey|norman fucking rockwell,graph_album,album,Lana Del Rey,Norman Fucking Rockwell!,2019,us,album_try_harder_no_safe_tracklist_match,5,100,,,false
graph_album:album|lang lang|chopin album:album_try_harder_no_safe_tracklist_match:,apple_music_try_harder_pass_v1,album|lang lang|chopin album,graph_album,album,Lang Lang,The Chopin Album,2012,us,album_try_harder_no_safe_tracklist_match,12,101,,,false
graph_album:album|larry heard|sceneries not songs volume one:album_try_harder_no_safe_tracklist_match:,apple_music_try_harder_pass_v1,album|larry heard|sceneries not songs volume one,graph_album,album,Larry Heard,"Sceneries Not Songs, Volume One",1994,us,album_try_harder_no_safe_tracklist_match,1,96,,,false
graph_album:album|link wray|link wray and the wraymen:album_try_harder_no_safe_tracklist_match:,apple_music_try_harder_pass_v1,album|link wray|link wray and the wraymen,graph_album,album,Link Wray,Link Wray & the Wraymen,1960,us,album_try_harder_no_safe_tracklist_match,3,85,,,false
graph_album:album|little feat|waiting for columbus:album_try_harder_no_safe_tracklist_match:,apple_music_try_harder_pass_v1,album|little feat|waiting for columbus,graph_album,album,Little Feat,Waiting for Columbus,1978,us,album_try_harder_no_safe_tracklist_match,5,78,,,false
graph_album:album|little river band|greatest hits:album_try_harder_no_safe_tracklist_match:,apple_music_try_harder_pass_v1,album|little river band|greatest hits,graph_album,album,Little River Band,Greatest Hits,1982,us,album_try_harder_no_safe_tracklist_match,15,85,,,false
graph_album:album|ll cool j|bigger and deffer:album_try_harder_no_safe_tracklist_match:,apple_music_try_harder_pass_v1,album|ll cool j|bigger and deffer,graph_album,album,LL Cool J,Bigger and Deffer,1987,us,album_try_harder_no_safe_tracklist_match,1,33,,,false
graph_album:album|ll cool j|radio:album_try_harder_no_safe_tracklist_match:,apple_music_try_harder_pass_v1,album|ll cool j|radio,graph_album,album,LL Cool J,Radio,1985,us,album_try_harder_no_safe_tracklist_match,16,38,,,false
graph_album:album|lydia lunch|queen of siam:album_try_harder_no_safe_tracklist_match:,apple_music_try_harder_pass_v1,album|lydia lunch|queen of siam,graph_album,album,Lydia Lunch,Queen of Siam,1980,us,album_try_harder_no_safe_tracklist_match,0,0,,,false
graph_album:album|mahalia jackson|world s greatest gospel singer:album_try_harder_no_safe_tracklist_match:,apple_music_try_harder_pass_v1,album|mahalia jackson|world s greatest gospel singer,graph_album,album,Mahalia Jackson,The World's Greatest Gospel Singer,1955,us,album_try_harder_no_safe_tracklist_match,10,55,,,false
graph_album:album|major lance|monkey time:album_try_harder_no_safe_tracklist_match:,apple_music_try_harder_pass_v1,album|major lance|monkey time,graph_album,album,Major Lance,The Monkey Time,1963,us,album_try_harder_no_safe_tracklist_match,8,75,,,false
graph_album:album|mammoth wvh|mammoth wvh:album_try_harder_no_safe_tracklist_match:,apple_music_try_harder_pass_v1,album|mammoth wvh|mammoth wvh,graph_album,album,Mammoth WVH,Mammoth WVH,2021,us,album_try_harder_no_safe_tracklist_match,10,8,,,false
graph_album:album|massive attack|blue lines:album_try_harder_no_safe_tracklist_match:,apple_music_try_harder_pass_v1,album|massive attack|blue lines,graph_album,album,Massive Attack,Blue Lines,1991,us,album_try_harder_no_safe_tracklist_match,6,78,,,false
graph_album:album|maverick city music|maverick city vol 3 part 1:album_try_harder_no_safe_tracklist_match:,apple_music_try_harder_pass_v1,album|maverick city music|maverick city vol 3 part 1,graph_album,album,Maverick City Music,Maverick City Vol. 3 Part 1,2020,us,album_try_harder_no_safe_tracklist_match,11,58,,,false
graph_album:album|megadeth|peace sells but who is buying:album_try_harder_no_safe_tracklist_match:,apple_music_try_harder_pass_v1,album|megadeth|peace sells but who is buying,graph_album,album,Megadeth,Peace Sells... but Who is Buying?,1986,us,album_try_harder_no_safe_tracklist_match,7,93,,,false
graph_album:album|minor threat|complete discography:album_try_harder_no_safe_tracklist_match:,apple_music_try_harder_pass_v1,album|minor threat|complete discography,graph_album,album,Minor Threat,Complete Discography,1989,us,album_try_harder_no_safe_tracklist_match,1,45,,,false
graph_album:album|misfits|walk among us:album_try_harder_no_safe_tracklist_match:,apple_music_try_harder_pass_v1,album|misfits|walk among us,graph_album,album,Misfits,Walk Among Us,1982,us,album_try_harder_no_safe_tracklist_match,10,53,,,false
graph_album:album|moby grape|moby grape:album_try_harder_no_safe_tracklist_match:,apple_music_try_harder_pass_v1,album|moby grape|moby grape,graph_album,album,Moby Grape,Moby Grape,1967,us,album_try_harder_no_safe_tracklist_match,9,89,,,false
graph_album:album|monks|black monk time:album_try_harder_no_safe_tracklist_match:,apple_music_try_harder_pass_v1,album|monks|black monk time,graph_album,album,The Monks,Black Monk Time,1966,us,album_try_harder_no_safe_tracklist_match,19,66,,,false
graph_album:album|motorhead|no sleep til hammersmith:album_try_harder_no_safe_tracklist_match:,apple_music_try_harder_pass_v1,album|motorhead|no sleep til hammersmith,graph_album,album,Motorhead,No Sleep 'til Hammersmith,1981,us,album_try_harder_no_safe_tracklist_match,4,78,,,false
graph_album:album|move|move:album_try_harder_no_safe_tracklist_match:,apple_music_try_harder_pass_v1,album|move|move,graph_album,album,The Move,The Move,1968,us,album_try_harder_no_safe_tracklist_match,10,40,,,false
graph_album:album|my bloody valentine|loveless:album_try_harder_no_safe_tracklist_match:,apple_music_try_harder_pass_v1,album|my bloody valentine|loveless,graph_album,album,My Bloody Valentine,Loveless,1991,us,album_try_harder_no_safe_tracklist_match,6,38,,,false
graph_album:album|neil diamond|hot august night:album_try_harder_no_safe_tracklist_match:,apple_music_try_harder_pass_v1,album|neil diamond|hot august night,graph_album,album,Neil Diamond,Hot August Night,1972,us,album_try_harder_no_safe_tracklist_match,11,70,,,false
graph_album:album|nirvana uk|story of simon simopath:album_try_harder_no_safe_tracklist_match:,apple_music_try_harder_pass_v1,album|nirvana uk|story of simon simopath,graph_album,album,Nirvana (UK),The Story of Simon Simopath,1967,us,album_try_harder_no_safe_tracklist_match,0,0,,,false
graph_album:album|odetta|odetta at carnegie hall:album_try_harder_no_safe_tracklist_match:,apple_music_try_harder_pass_v1,album|odetta|odetta at carnegie hall,graph_album,album,Odetta,Odetta at Carnegie Hall,1960,us,album_try_harder_no_safe_tracklist_match,1,15,,,false
graph_album:album|original broadway cast of a chorus line|a chorus line:album_try_harder_no_safe_tracklist_match:,apple_music_try_harder_pass_v1,album|original broadway cast of a chorus line|a chorus line,graph_album,album,Original Broadway Cast of A Chorus Line,A Chorus Line,1975,us,album_try_harder_no_safe_tracklist_match,10,100,,,false
graph_album:album|original broadway cast of beetlejuice|beetlejuice:album_try_harder_no_safe_tracklist_match:,apple_music_try_harder_pass_v1,album|original broadway cast of beetlejuice|beetlejuice,graph_album,album,Original Broadway Cast of Beetlejuice,Beetlejuice,2019,us,album_try_harder_no_safe_tracklist_match,4,103,,,false
graph_album:album|original broadway cast of cabaret|cabaret:album_try_harder_no_safe_tracklist_match:,apple_music_try_harder_pass_v1,album|original broadway cast of cabaret|cabaret,graph_album,album,Original Broadway Cast of Cabaret,Cabaret,1966,us,album_try_harder_no_safe_tracklist_match,10,90,,,false
graph_album:album|original broadway cast of come from away|come from away:album_try_harder_no_safe_tracklist_match:,apple_music_try_harder_pass_v1,album|original broadway cast of come from away|come from away,graph_album,album,Original Broadway Cast of Come From Away,Come From Away,2017,us,album_try_harder_no_safe_tracklist_match,15,103,,,false
graph_album:album|original broadway cast of dear evan hansen|dear evan hansen:album_try_harder_no_safe_tracklist_match:,apple_music_try_harder_pass_v1,album|original broadway cast of dear evan hansen|dear evan hansen,graph_album,album,Original Broadway Cast of Dear Evan Hansen,Dear Evan Hansen,2017,us,album_try_harder_no_safe_tracklist_match,10,103,,,false
graph_album:album|original broadway cast of fiddler on the roof|fiddler on the roof:album_try_harder_no_safe_tracklist_match:,apple_music_try_harder_pass_v1,album|original broadway cast of fiddler on the roof|fiddler on the roof,graph_album,album,Original Broadway Cast of Fiddler on the Roof,Fiddler on the Roof,1964,us,album_try_harder_no_safe_tracklist_match,10,104,,,false
graph_album:album|original broadway cast of guys and dolls|guys and dolls:album_try_harder_no_safe_tracklist_match:,apple_music_try_harder_pass_v1,album|original broadway cast of guys and dolls|guys and dolls,graph_album,album,Original Broadway Cast of Guys and Dolls,Guys and Dolls,1950,us,album_try_harder_no_safe_tracklist_match,10,85,,,false
graph_album:album|original broadway cast of gypsy|gypsy:album_try_harder_no_safe_tracklist_match:,apple_music_try_harder_pass_v1,album|original broadway cast of gypsy|gypsy,graph_album,album,Original Broadway Cast of Gypsy,Gypsy,1959,us,album_try_harder_no_safe_tracklist_match,12,40,,,false
graph_album:album|original broadway cast of hadestown|hadestown:album_try_harder_no_safe_tracklist_match:,apple_music_try_harder_pass_v1,album|original broadway cast of hadestown|hadestown,graph_album,album,Original Broadway Cast of Hadestown,Hadestown,2019,us,album_try_harder_no_safe_tracklist_match,7,100,,,false
graph_album:album|original broadway cast of hamilton|hamilton:album_try_harder_no_safe_tracklist_match:,apple_music_try_harder_pass_v1,album|original broadway cast of hamilton|hamilton,graph_album,album,Original Broadway Cast of Hamilton,Hamilton,2015,us,album_try_harder_no_safe_tracklist_match,11,103,,,false
graph_album:album|original broadway cast of in the heights|in the heights:album_try_harder_no_safe_tracklist_match:,apple_music_try_harder_pass_v1,album|original broadway cast of in the heights|in the heights,graph_album,album,Original Broadway Cast of In the Heights,In the Heights,2008,us,album_try_harder_no_safe_tracklist_match,8,101,,,false
graph_album:album|original broadway cast of into the woods|into the woods:album_try_harder_no_safe_tracklist_match:,apple_music_try_harder_pass_v1,album|original broadway cast of into the woods|into the woods,graph_album,album,Original Broadway Cast of Into the Woods,Into the Woods,1988,us,album_try_harder_no_safe_tracklist_match,10,88,,,false
graph_album:album|original broadway cast of matilda|matilda the musical:album_try_harder_no_safe_tracklist_match:,apple_music_try_harder_pass_v1,album|original broadway cast of matilda|matilda the musical,graph_album,album,Original Broadway Cast of Matilda,Matilda the Musical,2013,us,album_try_harder_no_safe_tracklist_match,9,95,,,false
graph_album:album|original broadway cast of oklahoma|oklahoma:album_try_harder_no_safe_tracklist_match:,apple_music_try_harder_pass_v1,album|original broadway cast of oklahoma|oklahoma,graph_album,album,Original Broadway Cast of Oklahoma!,Oklahoma!,1943,us,album_try_harder_no_safe_tracklist_match,11,77,,,false
graph_album:album|original broadway cast of south pacific|south pacific:album_try_harder_no_safe_tracklist_match:,apple_music_try_harder_pass_v1,album|original broadway cast of south pacific|south pacific,graph_album,album,Original Broadway Cast of South Pacific,South Pacific,1949,us,album_try_harder_no_safe_tracklist_match,10,81,,,false
graph_album:album|original broadway cast of spring awakening|spring awakening:album_try_harder_no_safe_tracklist_match:,apple_music_try_harder_pass_v1,album|original broadway cast of spring awakening|spring awakening,graph_album,album,Original Broadway Cast of Spring Awakening,Spring Awakening,2006,us,album_try_harder_no_safe_tracklist_match,4,100,,,false
graph_album:album|original broadway cast of the book of mormon|book of mormon:album_try_harder_no_safe_tracklist_match:,apple_music_try_harder_pass_v1,album|original broadway cast of the book of mormon|book of mormon,graph_album,album,Original Broadway Cast of The Book of Mormon,The Book of Mormon,2011,us,album_try_harder_no_safe_tracklist_match,10,103,,,false
graph_album:album|original broadway cast of the king and i|king and i:album_try_harder_no_safe_tracklist_match:,apple_music_try_harder_pass_v1,album|original broadway cast of the king and i|king and i,graph_album,album,Original Broadway Cast of The King and I,The King and I,1951,us,album_try_harder_no_safe_tracklist_match,10,98,,,false
graph_album:album|original broadway cast of the music man|music man:album_try_harder_no_safe_tracklist_match:,apple_music_try_harder_pass_v1,album|original broadway cast of the music man|music man,graph_album,album,Original Broadway Cast of The Music Man,The Music Man,1957,us,album_try_harder_no_safe_tracklist_match,10,91,,,false
graph_album:album|original broadway cast of the sound of music|sound of music:album_try_harder_no_safe_tracklist_match:,apple_music_try_harder_pass_v1,album|original broadway cast of the sound of music|sound of music,graph_album,album,Original Broadway Cast of The Sound of Music,The Sound of Music,1959,us,album_try_harder_no_safe_tracklist_match,10,97,,,false
graph_album:album|original broadway cast of waitress|waitress:album_try_harder_no_safe_tracklist_match:,apple_music_try_harder_pass_v1,album|original broadway cast of waitress|waitress,graph_album,album,Original Broadway Cast of Waitress,Waitress,2016,us,album_try_harder_no_safe_tracklist_match,7,103,,,false
graph_album:album|original broadway cast of west side story|west side story:album_try_harder_no_safe_tracklist_match:,apple_music_try_harder_pass_v1,album|original broadway cast of west side story|west side story,graph_album,album,Original Broadway Cast of West Side Story,West Side Story,1957,us,album_try_harder_no_safe_tracklist_match,10,84,,,false
graph_album:album|original broadway cast of wicked|wicked:album_try_harder_no_safe_tracklist_match:,apple_music_try_harder_pass_v1,album|original broadway cast of wicked|wicked,graph_album,album,Original Broadway Cast of Wicked,Wicked,2003,us,album_try_harder_no_safe_tracklist_match,10,103,,,false
graph_album:album|original london cast of evita|evita:album_try_harder_no_safe_tracklist_match:,apple_music_try_harder_pass_v1,album|original london cast of evita|evita,graph_album,album,Original London Cast of Evita,Evita,1978,us,album_try_harder_no_safe_tracklist_match,6,96,,,false
graph_album:album|original london cast of les miserables|les miserables:album_try_harder_no_safe_tracklist_match:,apple_music_try_harder_pass_v1,album|original london cast of les miserables|les miserables,graph_album,album,Original London Cast of Les Miserables,Les Miserables,1985,us,album_try_harder_no_safe_tracklist_match,11,96,,,false
graph_album:album|original london cast of miss saigon|miss saigon:album_try_harder_no_safe_tracklist_match:,apple_music_try_harder_pass_v1,album|original london cast of miss saigon|miss saigon,graph_album,album,Original London Cast of Miss Saigon,Miss Saigon,1989,us,album_try_harder_no_safe_tracklist_match,5,96,,,false
graph_album:album|original london cast of the phantom of the opera|phantom of the opera:album_try_harder_no_safe_tracklist_match:,apple_music_try_harder_pass_v1,album|original london cast of the phantom of the opera|phantom of the opera,graph_album,album,Original London Cast of The Phantom of the Opera,The Phantom of the Opera,1987,us,album_try_harder_no_safe_tracklist_match,10,90,,,false
graph_album:album|oscar d leon|el oscar de la salsa:album_try_harder_no_safe_tracklist_match:,apple_music_try_harder_pass_v1,album|oscar d leon|el oscar de la salsa,graph_album,album,Oscar D'Leon,El Oscar de la Salsa,1975,us,album_try_harder_no_safe_tracklist_match,12,44,,,false
graph_album:album|paris sisters|paris sisters:album_try_harder_no_safe_tracklist_match:,apple_music_try_harder_pass_v1,album|paris sisters|paris sisters,graph_album,album,The Paris Sisters,The Paris Sisters,1961,us,album_try_harder_no_safe_tracklist_match,10,55,,,false
graph_album:album|passion|worthy of your name:album_try_harder_no_safe_tracklist_match:,apple_music_try_harder_pass_v1,album|passion|worthy of your name,graph_album,album,Passion,Worthy of Your Name,2017,us,album_try_harder_no_safe_tracklist_match,15,103,,,false
graph_album:album|patsy cline|showcase:album_try_harder_no_safe_tracklist_match:,apple_music_try_harder_pass_v1,album|patsy cline|showcase,graph_album,album,Patsy Cline,Showcase,1961,us,album_try_harder_no_safe_tracklist_match,1,78,,,false
graph_album:album|paul anka|paul anka:album_try_harder_no_safe_tracklist_match:,apple_music_try_harder_pass_v1,album|paul anka|paul anka,graph_album,album,Paul Anka,Paul Anka,1958,us,album_try_harder_no_safe_tracklist_match,10,83,,,false
graph_album:album|paul simon|still crazy after all these years:album_try_harder_no_safe_tracklist_match:,apple_music_try_harder_pass_v1,album|paul simon|still crazy after all these years,graph_album,album,Paul Simon,Still Crazy After All These Years,1975,us,album_try_harder_no_safe_tracklist_match,10,117,,,false
graph_album:album|peter gabriel|passion:album_try_harder_no_safe_tracklist_match:,apple_music_try_harder_pass_v1,album|peter gabriel|passion,graph_album,album,Peter Gabriel,Passion,1989,us,album_try_harder_no_safe_tracklist_match,8,85,,,false
graph_album:album|peter paul and mary|if i had a hammer:album_try_harder_no_safe_tracklist_match:,apple_music_try_harder_pass_v1,album|peter paul and mary|if i had a hammer,graph_album,album,"Peter, Paul and Mary",If I Had a Hammer,1962,us,album_try_harder_no_safe_tracklist_match,11,70,,,false
graph_album:album|phil collins|tarzan:album_try_harder_no_safe_tracklist_match:,apple_music_try_harder_pass_v1,album|phil collins|tarzan,graph_album,album,Phil Collins,Tarzan,1999,us,album_try_harder_no_safe_tracklist_match,11,70,,,false
graph_album:album|phil spector various artists|back to mono 1958 1969:album_try_harder_no_safe_tracklist_match:,apple_music_try_harder_pass_v1,album|phil spector various artists|back to mono 1958 1969,graph_album,album,Phil Spector / Various Artists,Back to Mono (1958-1969),1991,us,album_try_harder_no_safe_tracklist_match,0,0,,,false
graph_album:album|platters|encore of golden hits:album_try_harder_no_safe_tracklist_match:,apple_music_try_harder_pass_v1,album|platters|encore of golden hits,graph_album,album,The Platters,Encore of Golden Hits,1960,us,album_try_harder_no_safe_tracklist_match,12,83,,,false
graph_album:album|public image ltd|metal box:album_try_harder_no_safe_tracklist_match:,apple_music_try_harder_pass_v1,album|public image ltd|metal box,graph_album,album,Public Image Ltd,Metal Box,1979,us,album_try_harder_no_safe_tracklist_match,11,103,,,false
graph_album:album|puff daddy and the family|no way out:album_try_harder_no_safe_tracklist_match:,apple_music_try_harder_pass_v1,album|puff daddy and the family|no way out,graph_album,album,Puff Daddy and the Family,No Way Out,1997,us,album_try_harder_no_safe_tracklist_match,13,106,,,false
graph_album:album|randy newman|toy story:album_try_harder_no_safe_tracklist_match:,apple_music_try_harder_pass_v1,album|randy newman|toy story,graph_album,album,Randy Newman,Toy Story,1995,us,album_try_harder_no_safe_tracklist_match,13,92,,,false
graph_album:album|ray stevens|ray stevens greatest hits:album_try_harder_no_safe_tracklist_match:,apple_music_try_harder_pass_v1,album|ray stevens|ray stevens greatest hits,graph_album,album,Ray Stevens,Ray Stevens' Greatest Hits,1987,us,album_try_harder_no_safe_tracklist_match,10,38,,,false
graph_album:album|reagan youth|youth anthems for the new order:album_try_harder_no_safe_tracklist_match:,apple_music_try_harder_pass_v1,album|reagan youth|youth anthems for the new order,graph_album,album,Reagan Youth,Youth Anthems for the New Order,1984,us,album_try_harder_no_safe_tracklist_match,1,94,,,false
graph_album:album|red krayola|parable of arable land:album_try_harder_no_safe_tracklist_match:,apple_music_try_harder_pass_v1,album|red krayola|parable of arable land,graph_album,album,Red Krayola,The Parable of Arable Land,1967,us,album_try_harder_no_safe_tracklist_match,3,110,,,false
graph_album:album|renaissance|scheherazade and other stories:album_try_harder_no_safe_tracklist_match:,apple_music_try_harder_pass_v1,album|renaissance|scheherazade and other stories,graph_album,album,Renaissance,Scheherazade and Other Stories,1975,us,album_try_harder_no_safe_tracklist_match,1,96,,,false
graph_album:album|revels|intoxica:album_try_harder_no_safe_tracklist_match:,apple_music_try_harder_pass_v1,album|revels|intoxica,graph_album,album,The Revels,Intoxica!!!,1995,us,album_try_harder_no_safe_tracklist_match,0,0,,,false
graph_album:album|rip chords|hey little cobra and other hot rod hits:album_try_harder_no_safe_tracklist_match:,apple_music_try_harder_pass_v1,album|rip chords|hey little cobra and other hot rod hits,graph_album,album,The Rip Chords,Hey Little Cobra and Other Hot Rod Hits,1964,us,album_try_harder_no_safe_tracklist_match,4,110,,,false
graph_album:album|rossington collins band|anytime anyplace anywhere:album_try_harder_no_safe_tracklist_match:,apple_music_try_harder_pass_v1,album|rossington collins band|anytime anyplace anywhere,graph_album,album,Rossington Collins Band,"Anytime, Anyplace, Anywhere",1980,us,album_try_harder_no_safe_tracklist_match,2,61,,,false
graph_album:album|rush|2112:album_try_harder_no_safe_tracklist_match:,apple_music_try_harder_pass_v1,album|rush|2112,graph_album,album,Rush,2112,1976,us,album_try_harder_no_safe_tracklist_match,16,108,,,false
graph_album:album|santo and johnny|santo and johnny:album_try_harder_no_safe_tracklist_match:,apple_music_try_harder_pass_v1,album|santo and johnny|santo and johnny,graph_album,album,Santo & Johnny,Santo & Johnny,1959,us,album_try_harder_no_safe_tracklist_match,10,83,,,false
graph_album:album|scratch acid|greatest gift:album_try_harder_no_safe_tracklist_match:,apple_music_try_harder_pass_v1,album|scratch acid|greatest gift,graph_album,album,Scratch Acid,The Greatest Gift,1991,us,album_try_harder_no_safe_tracklist_match,0,0,,,false
graph_album:album|sham 69|tell us the truth:album_try_harder_no_safe_tracklist_match:,apple_music_try_harder_pass_v1,album|sham 69|tell us the truth,graph_album,album,Sham 69,Tell Us the Truth,1978,us,album_try_harder_no_safe_tracklist_match,0,0,,,false
graph_album:album|siouxsie and the banshees|juju:album_try_harder_no_safe_tracklist_match:,apple_music_try_harder_pass_v1,album|siouxsie and the banshees|juju,graph_album,album,Siouxsie and the Banshees,Juju,1981,us,album_try_harder_no_safe_tracklist_match,10,46,,,false
graph_album:album|slayyyter|starfucker:album_try_harder_no_safe_tracklist_match:,apple_music_try_harder_pass_v1,album|slayyyter|starfucker,graph_album,album,Slayyyter,STARFUCKER,2023,us,album_try_harder_no_safe_tracklist_match,4,108,,,false
graph_album:album|soft machine|volume two:album_try_harder_no_safe_tracklist_match:,apple_music_try_harder_pass_v1,album|soft machine|volume two,graph_album,album,Soft Machine,Volume Two,1969,us,album_try_harder_no_safe_tracklist_match,20,80,,,false
graph_album:album|sound|from the lions mouth:album_try_harder_no_safe_tracklist_match:,apple_music_try_harder_pass_v1,album|sound|from the lions mouth,graph_album,album,The Sound,From the Lions Mouth,1981,us,album_try_harder_no_safe_tracklist_match,12,108,,,false
graph_album:album|spirit|spirit:album_try_harder_no_safe_tracklist_match:,apple_music_try_harder_pass_v1,album|spirit|spirit,graph_album,album,Spirit,Spirit,1968,us,album_try_harder_no_safe_tracklist_match,10,33,,,false
graph_album:album|sugarhill gang|sugarhill gang:album_try_harder_no_safe_tracklist_match:,apple_music_try_harder_pass_v1,album|sugarhill gang|sugarhill gang,graph_album,album,The Sugarhill Gang,Sugarhill Gang,1980,us,album_try_harder_no_safe_tracklist_match,10,64,,,false
graph_album:album|tito puente|dance mania:album_try_harder_no_safe_tracklist_match:,apple_music_try_harder_pass_v1,album|tito puente|dance mania,graph_album,album,Tito Puente,Dance Mania,1958,us,album_try_harder_no_safe_tracklist_match,2,112,,,false
graph_album:album|tommy james and the shondells|cellophane symphony:album_try_harder_no_safe_tracklist_match:,apple_music_try_harder_pass_v1,album|tommy james and the shondells|cellophane symphony,graph_album,album,Tommy James and the Shondells,Cellophane Symphony,1969,us,album_try_harder_no_safe_tracklist_match,0,0,,,false
graph_album:album|various artists|aladdin:album_try_harder_no_safe_tracklist_match:,apple_music_try_harder_pass_v1,album|various artists|aladdin,graph_album,album,Various Artists,Aladdin,1992,us,album_try_harder_no_safe_tracklist_match,10,96,,,false
graph_album:album|various artists|atlantic rhythm and blues 1947 1974:album_try_harder_no_safe_tracklist_match:,apple_music_try_harder_pass_v1,album|various artists|atlantic rhythm and blues 1947 1974,graph_album,album,Various Artists,Atlantic Rhythm and Blues 1947-1974,1985,us,album_try_harder_no_safe_tracklist_match,0,0,,,false
graph_album:album|various artists|beauty and the beast:album_try_harder_no_safe_tracklist_match:,apple_music_try_harder_pass_v1,album|various artists|beauty and the beast,graph_album,album,Various Artists,Beauty and the Beast,1991,us,album_try_harder_no_safe_tracklist_match,10,82,,,false
graph_album:album|various artists|bodyguard:album_try_harder_no_safe_tracklist_match:,apple_music_try_harder_pass_v1,album|various artists|bodyguard,graph_album,album,Various Artists,The Bodyguard,1992,us,album_try_harder_no_safe_tracklist_match,13,73,,,false
graph_album:album|various artists|crow:album_try_harder_no_safe_tracklist_match:,apple_music_try_harder_pass_v1,album|various artists|crow,graph_album,album,Various Artists,The Crow,1994,us,album_try_harder_no_safe_tracklist_match,12,78,,,false
graph_album:album|various artists|dirty dancing:album_try_harder_no_safe_tracklist_match:,apple_music_try_harder_pass_v1,album|various artists|dirty dancing,graph_album,album,Various Artists,Dirty Dancing,1987,us,album_try_harder_no_safe_tracklist_match,10,95,,,false
graph_album:album|various artists|doo wop box:album_try_harder_no_safe_tracklist_match:,apple_music_try_harder_pass_v1,album|various artists|doo wop box,graph_album,album,Various Artists,The Doo Wop Box,1993,us,album_try_harder_no_safe_tracklist_match,10,56,,,false
graph_album:album|various artists|dr demento 20th anniversary collection:album_try_harder_no_safe_tracklist_match:,apple_music_try_harder_pass_v1,album|various artists|dr demento 20th anniversary collection,graph_album,album,Various Artists,Dr. Demento 20th Anniversary Collection,1991,us,album_try_harder_no_safe_tracklist_match,0,0,,,false
graph_album:album|various artists|encanto:album_try_harder_no_safe_tracklist_match:,apple_music_try_harder_pass_v1,album|various artists|encanto,graph_album,album,Various Artists,Encanto,2021,us,album_try_harder_no_safe_tracklist_match,13,30,,,false
graph_album:album|various artists|forrest gump:album_try_harder_no_safe_tracklist_match:,apple_music_try_harder_pass_v1,album|various artists|forrest gump,graph_album,album,Various Artists,Forrest Gump,1994,us,album_try_harder_no_safe_tracklist_match,10,30,,,false
graph_album:album|various artists|frozen ii:album_try_harder_no_safe_tracklist_match:,apple_music_try_harder_pass_v1,album|various artists|frozen ii,graph_album,album,Various Artists,Frozen II,2019,us,album_try_harder_no_safe_tracklist_match,10,70,,,false
graph_album:album|various artists|frozen:album_try_harder_no_safe_tracklist_match:,apple_music_try_harder_pass_v1,album|various artists|frozen,graph_album,album,Various Artists,Frozen,2013,us,album_try_harder_no_safe_tracklist_match,11,77,,,false
graph_album:album|various artists|garden state:album_try_harder_no_safe_tracklist_match:,apple_music_try_harder_pass_v1,album|various artists|garden state,graph_album,album,Various Artists,Garden State,2004,us,album_try_harder_no_safe_tracklist_match,10,46,,,false
graph_album:album|various artists|greatest showman:album_try_harder_no_safe_tracklist_match:,apple_music_try_harder_pass_v1,album|various artists|greatest showman,graph_album,album,Various Artists,The Greatest Showman,2017,us,album_try_harder_no_safe_tracklist_match,12,110,,,false
graph_album:album|various artists|guardians of the galaxy awesome mix vol 1:album_try_harder_no_safe_tracklist_match:,apple_music_try_harder_pass_v1,album|various artists|guardians of the galaxy awesome mix vol 1,graph_album,album,Various Artists,Guardians of the Galaxy: Awesome Mix Vol. 1,2014,us,album_try_harder_no_safe_tracklist_match,10,103,,,false
graph_album:album|various artists|hercules:album_try_harder_no_safe_tracklist_match:,apple_music_try_harder_pass_v1,album|various artists|hercules,graph_album,album,Various Artists,Hercules,1997,us,album_try_harder_no_safe_tracklist_match,10,40,,,false
graph_album:album|various artists|hunchback of notre dame:album_try_harder_no_safe_tracklist_match:,apple_music_try_harder_pass_v1,album|various artists|hunchback of notre dame,graph_album,album,Various Artists,The Hunchback of Notre Dame,1996,us,album_try_harder_no_safe_tracklist_match,3,63,,,false
graph_album:album|various artists|jock jams volume 1:album_try_harder_no_safe_tracklist_match:,apple_music_try_harder_pass_v1,album|various artists|jock jams volume 1,graph_album,album,Various Artists,"Jock Jams, Volume 1",1995,us,album_try_harder_no_safe_tracklist_match,11,55,,,false
graph_album:album|various artists|lion king:album_try_harder_no_safe_tracklist_match:,apple_music_try_harder_pass_v1,album|various artists|lion king,graph_album,album,Various Artists,The Lion King,1994,us,album_try_harder_no_safe_tracklist_match,10,101,,,false
graph_album:album|various artists|mary poppins:album_try_harder_no_safe_tracklist_match:,apple_music_try_harder_pass_v1,album|various artists|mary poppins,graph_album,album,Various Artists,Mary Poppins,1964,us,album_try_harder_no_safe_tracklist_match,10,115,,,false
graph_album:album|various artists|matrix:album_try_harder_no_safe_tracklist_match:,apple_music_try_harder_pass_v1,album|various artists|matrix,graph_album,album,Various Artists,The Matrix,1999,us,album_try_harder_no_safe_tracklist_match,11,59,,,false
graph_album:album|various artists|moana:album_try_harder_no_safe_tracklist_match:,apple_music_try_harder_pass_v1,album|various artists|moana,graph_album,album,Various Artists,Moana,2016,us,album_try_harder_no_safe_tracklist_match,13,67,,,false
graph_album:album|various artists|mulan:album_try_harder_no_safe_tracklist_match:,apple_music_try_harder_pass_v1,album|various artists|mulan,graph_album,album,Various Artists,Mulan,1998,us,album_try_harder_no_safe_tracklist_match,11,103,,,false
graph_album:album|various artists|now that s what i call christmas:album_try_harder_no_safe_tracklist_match:,apple_music_try_harder_pass_v1,album|various artists|now that s what i call christmas,graph_album,album,Various Artists,Now That's What I Call Christmas!,2001,us,album_try_harder_no_safe_tracklist_match,10,69,,,false
graph_album:album|various artists|pocahontas:album_try_harder_no_safe_tracklist_match:,apple_music_try_harder_pass_v1,album|various artists|pocahontas,graph_album,album,Various Artists,Pocahontas,1995,us,album_try_harder_no_safe_tracklist_match,10,78,,,false
graph_album:album|various artists|pulp fiction:album_try_harder_no_safe_tracklist_match:,apple_music_try_harder_pass_v1,album|various artists|pulp fiction,graph_album,album,Various Artists,Pulp Fiction,1994,us,album_try_harder_no_safe_tracklist_match,5,114,,,false
graph_album:album|various artists|romeo juliet:album_try_harder_no_safe_tracklist_match:,apple_music_try_harder_pass_v1,album|various artists|romeo juliet,graph_album,album,Various Artists,Romeo + Juliet,1996,us,album_try_harder_no_safe_tracklist_match,10,75,,,false
graph_album:album|various artists|saturday night fever:album_try_harder_no_safe_tracklist_match:,apple_music_try_harder_pass_v1,album|various artists|saturday night fever,graph_album,album,Various Artists,Saturday Night Fever,1977,us,album_try_harder_no_safe_tracklist_match,10,83,,,false
graph_album:album|various artists|singles:album_try_harder_no_safe_tracklist_match:,apple_music_try_harder_pass_v1,album|various artists|singles,graph_album,album,Various Artists,Singles,1992,us,album_try_harder_no_safe_tracklist_match,10,70,,,false
graph_album:album|various artists|surf age nuggets:album_try_harder_no_safe_tracklist_match:,apple_music_try_harder_pass_v1,album|various artists|surf age nuggets,graph_album,album,Various Artists,Surf-Age Nuggets,1996,us,album_try_harder_no_safe_tracklist_match,2,110,,,false
graph_album:album|various artists|tangled:album_try_harder_no_safe_tracklist_match:,apple_music_try_harder_pass_v1,album|various artists|tangled,graph_album,album,Various Artists,Tangled,2010,us,album_try_harder_no_safe_tracklist_match,10,70,,,false
graph_album:album|various artists|trainspotting:album_try_harder_no_safe_tracklist_match:,apple_music_try_harder_pass_v1,album|various artists|trainspotting,graph_album,album,Various Artists,Trainspotting,1996,us,album_try_harder_no_safe_tracklist_match,2,38,,,false
graph_album:album|various artists|twilight:album_try_harder_no_safe_tracklist_match:,apple_music_try_harder_pass_v1,album|various artists|twilight,graph_album,album,Various Artists,Twilight,2008,us,album_try_harder_no_safe_tracklist_match,10,78,,,false
graph_album:album|various artists|wanted the outlaws:album_try_harder_no_safe_tracklist_match:,apple_music_try_harder_pass_v1,album|various artists|wanted the outlaws,graph_album,album,Various Artists,Wanted! The Outlaws,1976,us,album_try_harder_no_safe_tracklist_match,3,38,,,false
graph_album:album|vicente fernandez|un azteca en el azteca:album_try_harder_no_safe_tracklist_match:,apple_music_try_harder_pass_v1,album|vicente fernandez|un azteca en el azteca,graph_album,album,Vicente Fernandez,Un Azteca en el Azteca,2016,us,album_try_harder_no_safe_tracklist_match,11,70,,,false
graph_album:album|weeknd|house of balloons:album_try_harder_no_safe_tracklist_match:,apple_music_try_harder_pass_v1,album|weeknd|house of balloons,graph_album,album,The Weeknd,House of Balloons,2011,us,album_try_harder_no_safe_tracklist_match,11,78,,,false
graph_album:album|whodini|escape:album_try_harder_no_safe_tracklist_match:,apple_music_try_harder_pass_v1,album|whodini|escape,graph_album,album,Whodini,Escape,1984,us,album_try_harder_no_safe_tracklist_match,1,111,,,false
graph_album:album|wiggles|big red car:album_try_harder_no_safe_tracklist_match:,apple_music_try_harder_pass_v1,album|wiggles|big red car,graph_album,album,The Wiggles,Big Red Car,1995,us,album_try_harder_no_safe_tracklist_match,10,94,,,false
graph_album:album|x ray spex|germfree adolescents:album_try_harder_no_safe_tracklist_match:,apple_music_try_harder_pass_v1,album|x ray spex|germfree adolescents,graph_album,album,X-Ray Spex,Germfree Adolescents,1978,us,album_try_harder_no_safe_tracklist_match,1,99,,,false
graph_album:album|yo yo ma|bach cello suites:album_try_harder_no_safe_tracklist_match:,apple_music_try_harder_pass_v1,album|yo yo ma|bach cello suites,graph_album,album,Yo-Yo Ma,Bach: Cello Suites,1983,us,album_try_harder_no_safe_tracklist_match,11,78,,,false
