review_key,run_version,source_ref,source_type,source_candidate_type,artist_display_name,title,year,storefront,review_reason,candidate_count,best_score,error_message,raw_payload_persisted
graph_album:album|2baba|grass 2 grace:apple_album_search_no_auto_match,apple_music_link_pass_v1,album|2baba|grass 2 grace,graph_album,album,2Baba,Grass 2 Grace,2006,us,apple_album_search_no_auto_match,6,35,,false
graph_album:album|50 cent|get rich or die tryin:apple_album_search_no_auto_match,apple_music_link_pass_v1,album|50 cent|get rich or die tryin,graph_album,album,50 Cent,Get Rich or Die Tryin',2003,us,apple_album_search_no_auto_match,10,88,,false
graph_album:album|6lack|free 6lack:apple_album_search_no_auto_match,apple_music_link_pass_v1,album|6lack|free 6lack,graph_album,album,6LACK,Free 6lack,2016,us,apple_album_search_no_auto_match,10,88,,false
graph_album:album|7 seconds|crew:apple_album_search_no_auto_match,apple_music_link_pass_v1,album|7 seconds|crew,graph_album,album,7 Seconds,The Crew,1984,us,apple_album_search_no_auto_match,10,65,,false
graph_album:album|a ap rocky|long live a ap:apple_album_search_no_auto_match,apple_music_link_pass_v1,album|a ap rocky|long live a ap,graph_album,album,A$AP Rocky,Long.Live.A$AP,2013,us,apple_album_search_no_auto_match,10,88,,false
graph_album:album|a ha|hunting high and low:apple_album_search_no_auto_match,apple_music_link_pass_v1,album|a ha|hunting high and low,graph_album,album,A-ha,Hunting High and Low,1985,us,apple_album_search_no_auto_match,10,88,,false
graph_album:album|a tribe called quest|people s instinctive travels and the paths of rhythm:apple_album_search_no_auto_match,apple_music_link_pass_v1,album|a tribe called quest|people s instinctive travels and the paths of rhythm,graph_album,album,A Tribe Called Quest,People's Instinctive Travels and the Paths of Rhythm,1990,us,apple_album_search_no_auto_match,10,73,,false
graph_album:album|abba|arrival:apple_album_search_no_auto_match,apple_music_link_pass_v1,album|abba|arrival,graph_album,album,ABBA,Arrival,1976,us,apple_album_search_no_auto_match,1,88,,false
graph_album:album|adam and the ants|kings of the wild frontier:apple_album_search_no_auto_match,apple_music_link_pass_v1,album|adam and the ants|kings of the wild frontier,graph_album,album,Adam and the Ants,Kings of the Wild Frontier,1980,us,apple_album_search_no_auto_match,3,88,,false
graph_album:album|adverts|crossing the red sea with the adverts:apple_album_search_no_auto_match,apple_music_link_pass_v1,album|adverts|crossing the red sea with the adverts,graph_album,album,The Adverts,Crossing the Red Sea with The Adverts,1978,us,apple_album_search_no_auto_match,3,88,,false
graph_album:album|alan silvestri|back to the future:apple_album_search_no_auto_match,apple_music_link_pass_v1,album|alan silvestri|back to the future,graph_album,album,Alan Silvestri,Back to the Future,1985,us,apple_album_search_no_auto_match,10,73,,false
graph_album:album|alanis morissette|jagged little pill:apple_album_search_no_auto_match,apple_music_link_pass_v1,album|alanis morissette|jagged little pill,graph_album,album,Alanis Morissette,Jagged Little Pill,1995,us,apple_album_search_no_auto_match,10,88,,false
graph_album:album|ali farka toure and ry cooder|talking timbuktu:apple_album_search_no_auto_match,apple_music_link_pass_v1,album|ali farka toure and ry cooder|talking timbuktu,graph_album,album,Ali Farka Toure and Ry Cooder,Talking Timbuktu,1994,us,apple_album_search_no_auto_match,1,88,,false
graph_album:album|alice in chains|dirt:apple_album_search_no_auto_match,apple_music_link_pass_v1,album|alice in chains|dirt,graph_album,album,Alice in Chains,Dirt,1992,us,apple_album_search_no_auto_match,10,88,,false
graph_album:album|allman brothers band|at fillmore east:apple_album_search_no_auto_match,apple_music_link_pass_v1,album|allman brothers band|at fillmore east,graph_album,album,The Allman Brothers Band,At Fillmore East,1971,us,apple_album_search_no_auto_match,10,88,,false
graph_album:album|andrae crouch|live in london:apple_album_search_no_auto_match,apple_music_link_pass_v1,album|andrae crouch|live in london,graph_album,album,Andrae Crouch,Live in London,1978,us,apple_album_search_no_auto_match,1,73,,false
graph_album:album|angel witch|angel witch:apple_album_search_no_auto_match,apple_music_link_pass_v1,album|angel witch|angel witch,graph_album,album,Angel Witch,Angel Witch,1980,us,apple_album_search_no_auto_match,10,88,,false
graph_album:album|animals|animals:apple_album_search_no_auto_match,apple_music_link_pass_v1,album|animals|animals,graph_album,album,The Animals,The Animals,1964,us,apple_album_search_no_auto_match,10,80,,false
graph_album:album|archers of loaf|icky mettle:apple_album_search_no_auto_match,apple_music_link_pass_v1,album|archers of loaf|icky mettle,graph_album,album,Archers of Loaf,Icky Mettle,1993,us,apple_album_search_no_auto_match,1,88,,false
graph_album:album|aretha franklin|amazing grace:apple_album_search_no_auto_match,apple_music_link_pass_v1,album|aretha franklin|amazing grace,graph_album,album,Aretha Franklin,Amazing Grace,1972,us,apple_album_search_no_auto_match,10,88,,false
graph_album:album|avenged sevenfold|waking the fallen:apple_album_search_no_auto_match,apple_music_link_pass_v1,album|avenged sevenfold|waking the fallen,graph_album,album,Avenged Sevenfold,Waking the Fallen,2003,us,apple_album_search_no_auto_match,10,88,,false
graph_album:album|bad brains|bad brains:apple_album_search_no_auto_match,apple_music_link_pass_v1,album|bad brains|bad brains,graph_album,album,Bad Brains,Bad Brains,1982,us,apple_album_search_no_auto_match,10,47,,false
graph_album:album|bad brains|rock for light:apple_album_search_no_auto_match,apple_music_link_pass_v1,album|bad brains|rock for light,graph_album,album,Bad Brains,Rock for Light,1983,us,apple_album_search_no_auto_match,10,88,,false
graph_album:album|badfinger|no dice:apple_album_search_no_auto_match,apple_music_link_pass_v1,album|badfinger|no dice,graph_album,album,Badfinger,No Dice,1970,us,apple_album_search_no_auto_match,1,88,,false
graph_album:album|badfinger|straight up:apple_album_search_no_auto_match,apple_music_link_pass_v1,album|badfinger|straight up,graph_album,album,Badfinger,Straight Up,1971,us,apple_album_search_no_auto_match,2,88,,false
graph_album:album|band|music from big pink:apple_album_search_no_auto_match,apple_music_link_pass_v1,album|band|music from big pink,graph_album,album,The Band,Music from Big Pink,1968,us,apple_album_search_no_auto_match,10,88,,false
graph_album:album|beach boys|surfin u s a:apple_album_search_no_auto_match,apple_music_link_pass_v1,album|beach boys|surfin u s a,graph_album,album,The Beach Boys,Surfin' U.S.A.,1963,us,apple_album_search_no_auto_match,10,50,,false
graph_album:album|beach house|teen dream:apple_album_search_no_auto_match,apple_music_link_pass_v1,album|beach house|teen dream,graph_album,album,Beach House,Teen Dream,2010,us,apple_album_search_no_auto_match,5,88,,false
graph_album:album|beat|beat:apple_album_search_no_auto_match,apple_music_link_pass_v1,album|beat|beat,graph_album,album,The Beat,The Beat,1979,us,apple_album_search_no_auto_match,10,38,,false
graph_album:album|bethel music|we will not be shaken:apple_album_search_no_auto_match,apple_music_link_pass_v1,album|bethel music|we will not be shaken,graph_album,album,Bethel Music,We Will Not Be Shaken,2015,us,apple_album_search_no_auto_match,10,88,,false
graph_album:album|big black|atomizer:apple_album_search_no_auto_match,apple_music_link_pass_v1,album|big black|atomizer,graph_album,album,Big Black,Atomizer,1986,us,apple_album_search_no_auto_match,1,85,,false
graph_album:album|big black|songs about fucking:apple_album_search_no_auto_match,apple_music_link_pass_v1,album|big black|songs about fucking,graph_album,album,Big Black,Songs About Fucking,1987,us,apple_album_search_no_auto_match,3,50,,false
graph_album:album|bikini kill|pussy whipped:apple_album_search_no_auto_match,apple_music_link_pass_v1,album|bikini kill|pussy whipped,graph_album,album,Bikini Kill,Pussy Whipped,1993,us,apple_album_search_no_auto_match,1,50,,false
graph_album:album|bill evans trio|waltz for debby:apple_album_search_no_auto_match,apple_music_link_pass_v1,album|bill evans trio|waltz for debby,graph_album,album,Bill Evans Trio,Waltz for Debby,1962,us,apple_album_search_no_auto_match,10,73,,false
graph_album:album|bing crosby|merry christmas:apple_album_search_no_auto_match,apple_music_link_pass_v1,album|bing crosby|merry christmas,graph_album,album,Bing Crosby,Merry Christmas,1945,us,apple_album_search_no_auto_match,10,50,,false
graph_album:album|black eyed peas|e n d:apple_album_search_no_auto_match,apple_music_link_pass_v1,album|black eyed peas|e n d,graph_album,album,Black Eyed Peas,The E.N.D.,2009,us,apple_album_search_no_auto_match,10,88,,false
graph_album:album|blondie|blondie:apple_album_search_no_auto_match,apple_music_link_pass_v1,album|blondie|blondie,graph_album,album,Blondie,Blondie,1976,us,apple_album_search_no_auto_match,10,88,,false
graph_album:album|boogie down productions|by all means necessary:apple_album_search_no_auto_match,apple_music_link_pass_v1,album|boogie down productions|by all means necessary,graph_album,album,Boogie Down Productions,By All Means Necessary,1988,us,apple_album_search_no_auto_match,1,88,,false
graph_album:album|bottle rockets|brooklyn side:apple_album_search_no_auto_match,apple_music_link_pass_v1,album|bottle rockets|brooklyn side,graph_album,album,The Bottle Rockets,The Brooklyn Side,1994,us,apple_album_search_no_auto_match,10,0,,false
graph_album:album|boyz ii men|cooleyhighharmony:apple_album_search_no_auto_match,apple_music_link_pass_v1,album|boyz ii men|cooleyhighharmony,graph_album,album,Boyz II Men,Cooleyhighharmony,1991,us,apple_album_search_no_auto_match,10,42,,false
graph_album:album|boz scaggs|silk degrees:apple_album_search_no_auto_match,apple_music_link_pass_v1,album|boz scaggs|silk degrees,graph_album,album,Boz Scaggs,Silk Degrees,1976,us,apple_album_search_no_auto_match,2,88,,false
graph_album:album|brent faiyaz|fuck the world:apple_album_search_no_auto_match,apple_music_link_pass_v1,album|brent faiyaz|fuck the world,graph_album,album,Brent Faiyaz,Fuck the World,2020,us,apple_album_search_no_auto_match,10,50,,false
graph_album:album|bronski beat|age of consent:apple_album_search_no_auto_match,apple_music_link_pass_v1,album|bronski beat|age of consent,graph_album,album,Bronski Beat,The Age of Consent,1984,us,apple_album_search_no_auto_match,10,88,,false
graph_album:album|bsd u|late night bumps:apple_album_search_no_auto_match,apple_music_link_pass_v1,album|bsd u|late night bumps,graph_album,album,bsd.u,Late Night Bumps,2014,us,apple_album_search_no_auto_match,8,80,,false
graph_album:album|buck owens|carnegie hall concert:apple_album_search_no_auto_match,apple_music_link_pass_v1,album|buck owens|carnegie hall concert,graph_album,album,Buck Owens,Carnegie Hall Concert,1966,us,apple_album_search_no_auto_match,1,88,,false
graph_album:album|buena vista social club|buena vista social club presents ibrahim ferrer:apple_album_search_no_auto_match,apple_music_link_pass_v1,album|buena vista social club|buena vista social club presents ibrahim ferrer,graph_album,album,Buena Vista Social Club,Buena Vista Social Club Presents Ibrahim Ferrer,1999,us,apple_album_search_no_auto_match,2,15,,false
graph_album:album|bush|sixteen stone:apple_album_search_no_auto_match,apple_music_link_pass_v1,album|bush|sixteen stone,graph_album,album,Bush,Sixteen Stone,1994,us,apple_album_search_no_auto_match,1,88,,false
graph_album:album|buzzcocks|singles going steady:apple_album_search_no_auto_match,apple_music_link_pass_v1,album|buzzcocks|singles going steady,graph_album,album,Buzzcocks,Singles Going Steady,1979,us,apple_album_search_no_auto_match,2,88,,false
graph_album:album|byrds|fifth dimension:apple_album_search_no_auto_match,apple_music_link_pass_v1,album|byrds|fifth dimension,graph_album,album,The Byrds,Fifth Dimension,1966,us,apple_album_search_no_auto_match,10,88,,false
graph_album:album|byrds|notorious byrd brothers:apple_album_search_no_auto_match,apple_music_link_pass_v1,album|byrds|notorious byrd brothers,graph_album,album,The Byrds,The Notorious Byrd Brothers,1968,us,apple_album_search_no_auto_match,1,88,,false
graph_album:album|byrds|sweetheart of the rodeo:apple_album_search_no_auto_match,apple_music_link_pass_v1,album|byrds|sweetheart of the rodeo,graph_album,album,The Byrds,Sweetheart of the Rodeo,1968,us,apple_album_search_no_auto_match,10,88,,false
graph_album:album|byrds|turn turn turn:apple_album_search_no_auto_match,apple_music_link_pass_v1,album|byrds|turn turn turn,graph_album,album,The Byrds,Turn! Turn! Turn!,1965,us,apple_album_search_no_auto_match,10,88,,false
graph_album:album|byrds|younger than yesterday:apple_album_search_no_auto_match,apple_music_link_pass_v1,album|byrds|younger than yesterday,graph_album,album,The Byrds,Younger Than Yesterday,1967,us,apple_album_search_no_auto_match,1,88,,false
graph_album:album|camel|mirage:apple_album_search_no_auto_match,apple_music_link_pass_v1,album|camel|mirage,graph_album,album,Camel,Mirage,1974,us,apple_album_search_no_auto_match,3,88,,false
graph_album:album|cannibal ox|cold vein:apple_album_search_no_auto_match,apple_music_link_pass_v1,album|cannibal ox|cold vein,graph_album,album,Cannibal Ox,The Cold Vein,2001,us,apple_album_search_no_auto_match,5,73,,false
graph_album:album|captain beefheart and his magic band|trout mask replica:apple_album_search_no_auto_match,apple_music_link_pass_v1,album|captain beefheart and his magic band|trout mask replica,graph_album,album,Captain Beefheart & His Magic Band,Trout Mask Replica,1969,us,apple_album_search_no_auto_match,10,35,,false
graph_album:album|cat stevens|tea for the tillerman:apple_album_search_no_auto_match,apple_music_link_pass_v1,album|cat stevens|tea for the tillerman,graph_album,album,Cat Stevens,Tea for the Tillerman,1970,us,apple_album_search_no_auto_match,7,88,,false
graph_album:album|cat stevens|teaser and the firecat:apple_album_search_no_auto_match,apple_music_link_pass_v1,album|cat stevens|teaser and the firecat,graph_album,album,Cat Stevens,Teaser and the Firecat,1971,us,apple_album_search_no_auto_match,2,88,,false
graph_album:album|chameleons|script of the bridge:apple_album_search_no_auto_match,apple_music_link_pass_v1,album|chameleons|script of the bridge,graph_album,album,The Chameleons,Script of the Bridge,1983,us,apple_album_search_no_auto_match,3,73,,false
graph_album:album|cheap trick|cheap trick at budokan:apple_album_search_no_auto_match,apple_music_link_pass_v1,album|cheap trick|cheap trick at budokan,graph_album,album,Cheap Trick,Cheap Trick at Budokan,1978,us,apple_album_search_no_auto_match,8,50,,false
graph_album:album|chic|c est chic:apple_album_search_no_auto_match,apple_music_link_pass_v1,album|chic|c est chic,graph_album,album,Chic,C'est Chic,1978,us,apple_album_search_no_auto_match,10,88,,false
graph_album:album|chic|risque:apple_album_search_no_auto_match,apple_music_link_pass_v1,album|chic|risque,graph_album,album,Chic,Risque,1979,us,apple_album_search_no_auto_match,1,88,,false
graph_album:album|chicago|chicago 17:apple_album_search_no_auto_match,apple_music_link_pass_v1,album|chicago|chicago 17,graph_album,album,Chicago,Chicago 17,1984,us,apple_album_search_no_auto_match,10,88,,false
graph_album:album|chiffons|chiffons:apple_album_search_no_auto_match,apple_music_link_pass_v1,album|chiffons|chiffons,graph_album,album,The Chiffons,The Chiffons,1963,us,apple_album_search_no_auto_match,10,73,,false
graph_album:album|christina aguilera|christina aguilera:apple_album_search_no_auto_match,apple_music_link_pass_v1,album|christina aguilera|christina aguilera,graph_album,album,Christina Aguilera,Christina Aguilera,1999,us,apple_album_search_no_auto_match,10,88,,false
graph_album:album|cockney rebel|psychomodo:apple_album_search_no_auto_match,apple_music_link_pass_v1,album|cockney rebel|psychomodo,graph_album,album,Cockney Rebel,The Psychomodo,1974,us,apple_album_search_no_auto_match,1,88,,false
graph_album:album|cocteau twins|heaven or las vegas:apple_album_search_no_auto_match,apple_music_link_pass_v1,album|cocteau twins|heaven or las vegas,graph_album,album,Cocteau Twins,Heaven or Las Vegas,1990,us,apple_album_search_no_auto_match,2,88,,false
graph_album:album|collins kids|hop skip and jump:apple_album_search_no_results,apple_music_link_pass_v1,album|collins kids|hop skip and jump,graph_album,album,The Collins Kids,"Hop, Skip and Jump",1991,us,apple_album_search_no_results,0,,,false
graph_album:album|coup|steal this album:apple_album_search_no_auto_match,apple_music_link_pass_v1,album|coup|steal this album,graph_album,album,The Coup,Steal This Album,1998,us,apple_album_search_no_auto_match,1,50,,false
graph_album:album|cranberries|no need to argue:apple_album_search_no_auto_match,apple_music_link_pass_v1,album|cranberries|no need to argue,graph_album,album,The Cranberries,No Need to Argue,1994,us,apple_album_search_no_auto_match,5,88,,false
graph_album:album|crests|best of the crests:apple_album_search_no_auto_match,apple_music_link_pass_v1,album|crests|best of the crests,graph_album,album,The Crests,The Best of the Crests,1962,us,apple_album_search_no_auto_match,10,0,,false
graph_album:album|cure|disintegration:apple_album_search_no_auto_match,apple_music_link_pass_v1,album|cure|disintegration,graph_album,album,The Cure,Disintegration,1989,us,apple_album_search_no_auto_match,10,88,,false
graph_album:album|curtis mayfield|super fly:apple_album_search_no_auto_match,apple_music_link_pass_v1,album|curtis mayfield|super fly,graph_album,album,Curtis Mayfield,Super Fly,1972,us,apple_album_search_no_auto_match,10,50,,false
graph_album:album|curve|doppelganger:apple_album_search_no_results,apple_music_link_pass_v1,album|curve|doppelganger,graph_album,album,Curve,Doppelganger,1992,us,apple_album_search_no_results,0,,,false
graph_album:album|daddy yankee|barrio fino:apple_album_search_no_auto_match,apple_music_link_pass_v1,album|daddy yankee|barrio fino,graph_album,album,Daddy Yankee,Barrio Fino,2004,us,apple_album_search_no_auto_match,10,88,,false
graph_album:album|danny elfman|batman:apple_album_search_no_auto_match,apple_music_link_pass_v1,album|danny elfman|batman,graph_album,album,Danny Elfman,Batman,1989,us,apple_album_search_no_auto_match,10,88,,false
graph_album:album|danny elfman|nightmare before christmas:apple_album_search_no_auto_match,apple_music_link_pass_v1,album|danny elfman|nightmare before christmas,graph_album,album,Danny Elfman,The Nightmare Before Christmas,1993,us,apple_album_search_no_auto_match,10,88,,false
graph_album:album|dave van ronk|inside dave van ronk:apple_album_search_no_auto_match,apple_music_link_pass_v1,album|dave van ronk|inside dave van ronk,graph_album,album,Dave Van Ronk,Inside Dave Van Ronk,1964,us,apple_album_search_no_auto_match,3,73,,false
graph_album:album|david bowie|aladdin sane:apple_album_search_no_auto_match,apple_music_link_pass_v1,album|david bowie|aladdin sane,graph_album,album,David Bowie,Aladdin Sane,1973,us,apple_album_search_no_auto_match,7,88,,false
graph_album:album|david bowie|diamond dogs:apple_album_search_no_auto_match,apple_music_link_pass_v1,album|david bowie|diamond dogs,graph_album,album,David Bowie,Diamond Dogs,1974,us,apple_album_search_no_auto_match,8,88,,false
graph_album:album|david bowie|rise and fall of ziggy stardust and the spiders from mars:apple_album_search_no_auto_match,apple_music_link_pass_v1,album|david bowie|rise and fall of ziggy stardust and the spiders from mars,graph_album,album,David Bowie,The Rise and Fall of Ziggy Stardust and the Spiders from Mars,1972,us,apple_album_search_no_auto_match,10,88,,false
graph_album:album|db s|stands for decibels:apple_album_search_no_auto_match,apple_music_link_pass_v1,album|db s|stands for decibels,graph_album,album,The dB's,Stands for deciBels,1981,us,apple_album_search_no_auto_match,1,88,,false
graph_album:album|dc talk|jesus freak:apple_album_search_no_auto_match,apple_music_link_pass_v1,album|dc talk|jesus freak,graph_album,album,DC Talk,Jesus Freak,1995,us,apple_album_search_no_auto_match,10,88,,false
graph_album:album|death|leprosy:apple_album_search_no_auto_match,apple_music_link_pass_v1,album|death|leprosy,graph_album,album,Death,Leprosy,1988,us,apple_album_search_no_auto_match,10,88,,false
graph_album:album|dee dee sharp|it s mashed potato time:apple_album_search_no_auto_match,apple_music_link_pass_v1,album|dee dee sharp|it s mashed potato time,graph_album,album,Dee Dee Sharp,It's Mashed Potato Time,1962,us,apple_album_search_no_auto_match,6,88,,false
graph_album:album|deep purple|in rock:apple_album_search_no_auto_match,apple_music_link_pass_v1,album|deep purple|in rock,graph_album,album,Deep Purple,In Rock,1970,us,apple_album_search_no_auto_match,10,88,,false
graph_album:album|def leppard|vault def leppard greatest hits 1980 1995:apple_album_search_no_results,apple_music_link_pass_v1,album|def leppard|vault def leppard greatest hits 1980 1995,graph_album,album,Def Leppard,Vault: Def Leppard Greatest Hits 1980-1995,1995,us,apple_album_search_no_results,0,,,false
graph_album:album|derrick may|innovator:apple_album_search_no_auto_match,apple_music_link_pass_v1,album|derrick may|innovator,graph_album,album,Derrick May,Innovator,1991,us,apple_album_search_no_auto_match,2,85,,false
graph_album:album|diamond head|lightning to the nations:apple_album_search_no_auto_match,apple_music_link_pass_v1,album|diamond head|lightning to the nations,graph_album,album,Diamond Head,Lightning to the Nations,1980,us,apple_album_search_no_auto_match,4,85,,false
graph_album:album|dinosaur jr|you re living all over me:apple_album_search_no_auto_match,apple_music_link_pass_v1,album|dinosaur jr|you re living all over me,graph_album,album,Dinosaur Jr.,You're Living All Over Me,1987,us,apple_album_search_no_auto_match,3,88,,false
graph_album:album|dinosaur jr|youre living all over me:apple_album_search_no_auto_match,apple_music_link_pass_v1,album|dinosaur jr|youre living all over me,graph_album,album,Dinosaur Jr.,Youre Living All Over Me,1987,us,apple_album_search_no_auto_match,3,50,,false
graph_album:album|disclosure|caracal:apple_album_search_no_auto_match,apple_music_link_pass_v1,album|disclosure|caracal,graph_album,album,Disclosure,Caracal,2015,us,apple_album_search_no_auto_match,2,88,,false
graph_album:album|disclosure|settle:apple_album_search_no_auto_match,apple_music_link_pass_v1,album|disclosure|settle,graph_album,album,Disclosure,Settle,2013,us,apple_album_search_no_auto_match,8,88,,false
graph_album:album|dj quik|safe sound:apple_album_search_no_auto_match,apple_music_link_pass_v1,album|dj quik|safe sound,graph_album,album,DJ Quik,Safe + Sound,1995,us,apple_album_search_no_auto_match,5,35,,false
graph_album:album|dna|a taste of dna:apple_album_search_no_auto_match,apple_music_link_pass_v1,album|dna|a taste of dna,graph_album,album,DNA,A Taste of DNA,1981,us,apple_album_search_no_auto_match,1,0,,false
graph_album:album|donovan|wear your love like heaven:apple_album_search_no_auto_match,apple_music_link_pass_v1,album|donovan|wear your love like heaven,graph_album,album,Donovan,Wear Your Love Like Heaven,1967,us,apple_album_search_no_auto_match,2,38,,false
graph_album:album|doobie brothers|minute by minute:apple_album_search_no_auto_match,apple_music_link_pass_v1,album|doobie brothers|minute by minute,graph_album,album,The Doobie Brothers,Minute by Minute,1978,us,apple_album_search_no_auto_match,10,88,,false
graph_album:album|drake|take care:apple_album_search_no_auto_match,apple_music_link_pass_v1,album|drake|take care,graph_album,album,Drake,Take Care,2011,us,apple_album_search_no_auto_match,10,88,,false
graph_album:album|drifters|drifters golden hits:apple_album_search_no_auto_match,apple_music_link_pass_v1,album|drifters|drifters golden hits,graph_album,album,The Drifters,The Drifters' Golden Hits,1968,us,apple_album_search_no_auto_match,10,88,,false
graph_album:album|drive like jehu|yank crime:apple_album_search_no_auto_match,apple_music_link_pass_v1,album|drive like jehu|yank crime,graph_album,album,Drive Like Jehu,Yank Crime,1994,us,apple_album_search_no_auto_match,1,88,,false
graph_album:album|duke ellington|ellington at newport:apple_album_search_no_auto_match,apple_music_link_pass_v1,album|duke ellington|ellington at newport,graph_album,album,Duke Ellington,Ellington at Newport,1956,us,apple_album_search_no_auto_match,5,73,,false
graph_album:album|eevee|seeds:apple_album_search_no_results,apple_music_link_pass_v1,album|eevee|seeds,graph_album,album,eevee,Seeds,2017,us,apple_album_search_no_results,0,,,false
graph_album:album|el gran combo de puerto rico|aqui no se sienta nadie:apple_album_search_no_auto_match,apple_music_link_pass_v1,album|el gran combo de puerto rico|aqui no se sienta nadie,graph_album,album,El Gran Combo de Puerto Rico,Aqui No Se Sienta Nadie,1979,us,apple_album_search_no_auto_match,1,50,,false
graph_album:album|el p|fantastic damage:apple_album_search_no_auto_match,apple_music_link_pass_v1,album|el p|fantastic damage,graph_album,album,El-P,Fantastic Damage,2002,us,apple_album_search_no_auto_match,10,65,,false
graph_album:album|elton john|goodbye yellow brick road:apple_album_search_no_auto_match,apple_music_link_pass_v1,album|elton john|goodbye yellow brick road,graph_album,album,Elton John,Goodbye Yellow Brick Road,1973,us,apple_album_search_no_auto_match,10,88,,false
graph_album:album|elton john|honky chateau:apple_album_search_no_auto_match,apple_music_link_pass_v1,album|elton john|honky chateau,graph_album,album,Elton John,Honky Chateau,1972,us,apple_album_search_no_auto_match,4,88,,false
graph_album:album|elvis presley|elvis:apple_album_search_no_auto_match,apple_music_link_pass_v1,album|elvis presley|elvis,graph_album,album,Elvis Presley,Elvis,1956,us,apple_album_search_no_auto_match,10,73,,false
graph_album:album|emmylou harris|pieces of the sky:apple_album_search_no_auto_match,apple_music_link_pass_v1,album|emmylou harris|pieces of the sky,graph_album,album,Emmylou Harris,Pieces of the Sky,1975,us,apple_album_search_no_auto_match,5,88,,false
graph_album:album|exo|war:apple_album_search_no_auto_match,apple_music_link_pass_v1,album|exo|war,graph_album,album,EXO,The War,2017,us,apple_album_search_no_auto_match,4,88,,false
graph_album:album|fall|hex enduction hour:apple_album_search_no_auto_match,apple_music_link_pass_v1,album|fall|hex enduction hour,graph_album,album,The Fall,Hex Enduction Hour,1982,us,apple_album_search_no_auto_match,1,88,,false
graph_album:album|falling in reverse|coming home:apple_album_search_no_auto_match,apple_music_link_pass_v1,album|falling in reverse|coming home,graph_album,album,Falling in Reverse,Coming Home,2017,us,apple_album_search_no_auto_match,10,88,,false
graph_album:album|fania all stars|live at the cheetah vol 1:apple_album_search_no_auto_match,apple_music_link_pass_v1,album|fania all stars|live at the cheetah vol 1,graph_album,album,Fania All-Stars,"Live at the Cheetah, Vol. 1",1972,us,apple_album_search_no_auto_match,4,85,,false
graph_album:album|fats domino|this is fats domino:apple_album_search_no_auto_match,apple_music_link_pass_v1,album|fats domino|this is fats domino,graph_album,album,Fats Domino,This Is Fats Domino!,1956,us,apple_album_search_no_auto_match,8,35,,false
graph_album:album|feelies|crazy rhythms:apple_album_search_no_auto_match,apple_music_link_pass_v1,album|feelies|crazy rhythms,graph_album,album,The Feelies,Crazy Rhythms,1980,us,apple_album_search_no_auto_match,1,88,,false
graph_album:album|flatlanders|more a legend than a band:apple_album_search_no_results,apple_music_link_pass_v1,album|flatlanders|more a legend than a band,graph_album,album,The Flatlanders,More a Legend Than a Band,1990,us,apple_album_search_no_results,0,,,false
graph_album:album|foghat|fool for the city:apple_album_search_no_auto_match,apple_music_link_pass_v1,album|foghat|fool for the city,graph_album,album,Foghat,Fool for the City,1975,us,apple_album_search_no_auto_match,3,88,,false
graph_album:album|foreigner|4:apple_album_search_no_auto_match,apple_music_link_pass_v1,album|foreigner|4,graph_album,album,Foreigner,4,1981,us,apple_album_search_no_auto_match,10,88,,false
graph_album:album|frank sinatra|come fly with me:apple_album_search_no_auto_match,apple_music_link_pass_v1,album|frank sinatra|come fly with me,graph_album,album,Frank Sinatra,Come Fly with Me,1958,us,apple_album_search_no_auto_match,10,88,,false
graph_album:album|frank zappa|lumpy gravy:apple_album_search_no_auto_match,apple_music_link_pass_v1,album|frank zappa|lumpy gravy,graph_album,album,Frank Zappa,Lumpy Gravy,1968,us,apple_album_search_no_auto_match,2,65,,false
graph_album:album|frankie lymon and the teenagers|why do fools fall in love:apple_album_search_no_auto_match,apple_music_link_pass_v1,album|frankie lymon and the teenagers|why do fools fall in love,graph_album,album,Frankie Lymon and the Teenagers,Why Do Fools Fall in Love,1956,us,apple_album_search_no_auto_match,9,85,,false
graph_album:album|fred again|actual life 3:apple_album_search_no_auto_match,apple_music_link_pass_v1,album|fred again|actual life 3,graph_album,album,Fred again..,Actual Life 3,2022,us,apple_album_search_no_auto_match,8,88,,false
graph_album:album|fred neil|bleecker and macdougal:apple_album_search_no_auto_match,apple_music_link_pass_v1,album|fred neil|bleecker and macdougal,graph_album,album,Fred Neil,Bleecker & MacDougal,1965,us,apple_album_search_no_auto_match,1,50,,false
graph_album:album|fugazi|repeater:apple_album_search_no_auto_match,apple_music_link_pass_v1,album|fugazi|repeater,graph_album,album,Fugazi,Repeater,1990,us,apple_album_search_no_auto_match,1,88,,false
graph_album:album|fugs|fugs first album:apple_album_search_no_auto_match,apple_music_link_pass_v1,album|fugs|fugs first album,graph_album,album,The Fugs,The Fugs First Album,1965,us,apple_album_search_no_auto_match,2,88,,false
graph_album:album|fugs|it crawled into my hand honest:apple_album_search_no_results,apple_music_link_pass_v1,album|fugs|it crawled into my hand honest,graph_album,album,The Fugs,"It Crawled Into My Hand, Honest",1968,us,apple_album_search_no_results,0,,,false
graph_album:album|funkadelic|one nation under a groove:apple_album_search_no_auto_match,apple_music_link_pass_v1,album|funkadelic|one nation under a groove,graph_album,album,Funkadelic,One Nation Under a Groove,1978,us,apple_album_search_no_auto_match,10,0,,false
graph_album:album|future|ds2:apple_album_search_no_auto_match,apple_music_link_pass_v1,album|future|ds2,graph_album,album,Future,DS2,2015,us,apple_album_search_no_auto_match,10,88,,false
graph_album:album|garbage|garbage:apple_album_search_no_auto_match,apple_music_link_pass_v1,album|garbage|garbage,graph_album,album,Garbage,Garbage,1995,us,apple_album_search_no_auto_match,10,88,,false
graph_album:album|garth brooks|no fences:apple_album_search_no_auto_match,apple_music_link_pass_v1,album|garth brooks|no fences,graph_album,album,Garth Brooks,No Fences,1990,us,apple_album_search_no_auto_match,10,35,,false
graph_album:album|garth brooks|ropin the wind:apple_album_search_no_auto_match,apple_music_link_pass_v1,album|garth brooks|ropin the wind,graph_album,album,Garth Brooks,Ropin' the Wind,1991,us,apple_album_search_no_auto_match,9,35,,false
graph_album:album|gary numan|pleasure principle:apple_album_search_no_auto_match,apple_music_link_pass_v1,album|gary numan|pleasure principle,graph_album,album,Gary Numan,The Pleasure Principle,1979,us,apple_album_search_no_auto_match,4,88,,false
graph_album:album|gene vincent|bluejean bop:apple_album_search_no_auto_match,apple_music_link_pass_v1,album|gene vincent|bluejean bop,graph_album,album,Gene Vincent,Bluejean Bop!,1958,us,apple_album_search_no_auto_match,1,42,,false
graph_album:album|gene vincent|gene vincent and his blue caps:apple_album_search_no_auto_match,apple_music_link_pass_v1,album|gene vincent|gene vincent and his blue caps,graph_album,album,Gene Vincent,Gene Vincent and His Blue Caps,1957,us,apple_album_search_no_auto_match,8,47,,false
graph_album:album|generation x|generation x:apple_album_search_no_auto_match,apple_music_link_pass_v1,album|generation x|generation x,graph_album,album,Generation X,Generation X,1978,us,apple_album_search_no_auto_match,10,88,,false
graph_album:album|genesis|foxtrot:apple_album_search_no_auto_match,apple_music_link_pass_v1,album|genesis|foxtrot,graph_album,album,Genesis,Foxtrot,1972,us,apple_album_search_no_auto_match,2,88,,false
graph_album:album|genesis|lamb lies down on broadway:apple_album_search_no_auto_match,apple_music_link_pass_v1,album|genesis|lamb lies down on broadway,graph_album,album,Genesis,The Lamb Lies Down on Broadway,1974,us,apple_album_search_no_auto_match,10,88,,false
graph_album:album|genesis|selling england by the pound:apple_album_search_no_auto_match,apple_music_link_pass_v1,album|genesis|selling england by the pound,graph_album,album,Genesis,Selling England by the Pound,1973,us,apple_album_search_no_auto_match,7,88,,false
graph_album:album|gentle giant|octopus:apple_album_search_no_auto_match,apple_music_link_pass_v1,album|gentle giant|octopus,graph_album,album,Gentle Giant,Octopus,1972,us,apple_album_search_no_auto_match,2,73,,false
graph_album:album|george michael|faith:apple_album_search_no_auto_match,apple_music_link_pass_v1,album|george michael|faith,graph_album,album,George Michael,Faith,1987,us,apple_album_search_no_auto_match,10,88,,false
graph_album:album|george strait|pure country:apple_album_search_no_auto_match,apple_music_link_pass_v1,album|george strait|pure country,graph_album,album,George Strait,Pure Country,1992,us,apple_album_search_no_auto_match,10,88,,false
graph_album:album|glen campbell|rhinestone cowboy:apple_album_search_no_auto_match,apple_music_link_pass_v1,album|glen campbell|rhinestone cowboy,graph_album,album,Glen Campbell,Rhinestone Cowboy,1975,us,apple_album_search_no_auto_match,10,88,,false
graph_album:album|grateful dead|live dead:apple_album_search_no_auto_match,apple_music_link_pass_v1,album|grateful dead|live dead,graph_album,album,Grateful Dead,Live/Dead,1969,us,apple_album_search_no_auto_match,10,88,,false
graph_album:album|green river|rehab doll:apple_album_search_no_auto_match,apple_music_link_pass_v1,album|green river|rehab doll,graph_album,album,Green River,Rehab Doll,1988,us,apple_album_search_no_auto_match,2,88,,false
graph_album:album|gwen stefani|love angel music baby:apple_album_search_no_auto_match,apple_music_link_pass_v1,album|gwen stefani|love angel music baby,graph_album,album,Gwen Stefani,Love. Angel. Music. Baby.,2004,us,apple_album_search_no_auto_match,3,88,,false
graph_album:album|hall and oates|private eyes:apple_album_search_no_auto_match,apple_music_link_pass_v1,album|hall and oates|private eyes,graph_album,album,Hall & Oates,Private Eyes,1981,us,apple_album_search_no_auto_match,10,53,,false
graph_album:album|hanoi rocks|two steps from the move:apple_album_search_no_results,apple_music_link_pass_v1,album|hanoi rocks|two steps from the move,graph_album,album,Hanoi Rocks,Two Steps from the Move,1984,us,apple_album_search_no_results,0,,,false
graph_album:album|hans zimmer and james newton howard|dark knight:apple_album_search_no_auto_match,apple_music_link_pass_v1,album|hans zimmer and james newton howard|dark knight,graph_album,album,Hans Zimmer and James Newton Howard,The Dark Knight,2008,us,apple_album_search_no_auto_match,10,88,,false
graph_album:album|hans zimmer and lisa gerrard|gladiator:apple_album_search_no_auto_match,apple_music_link_pass_v1,album|hans zimmer and lisa gerrard|gladiator,graph_album,album,Hans Zimmer and Lisa Gerrard,Gladiator,2000,us,apple_album_search_no_auto_match,10,88,,false
graph_album:album|hans zimmer|interstellar:apple_album_search_no_auto_match,apple_music_link_pass_v1,album|hans zimmer|interstellar,graph_album,album,Hans Zimmer,Interstellar,2014,us,apple_album_search_no_auto_match,10,88,,false
graph_album:album|harptones|life is but a dream:apple_album_search_no_auto_match,apple_music_link_pass_v1,album|harptones|life is but a dream,graph_album,album,The Harptones,Life Is But a Dream,1990,us,apple_album_search_no_auto_match,4,85,,false
graph_album:album|hawthorne heights|silence in black and white:apple_album_search_no_auto_match,apple_music_link_pass_v1,album|hawthorne heights|silence in black and white,graph_album,album,Hawthorne Heights,The Silence in Black and White,2004,us,apple_album_search_no_auto_match,3,88,,false
graph_album:album|hikaru utada|first love:apple_album_search_no_auto_match,apple_music_link_pass_v1,album|hikaru utada|first love,graph_album,album,Hikaru Utada,First Love,1999,us,apple_album_search_no_auto_match,10,88,,false
graph_album:album|hollies|for certain because:apple_album_search_no_auto_match,apple_music_link_pass_v1,album|hollies|for certain because,graph_album,album,The Hollies,For Certain Because,1966,us,apple_album_search_no_auto_match,2,88,,false
graph_album:album|hoobastank|reason:apple_album_search_no_auto_match,apple_music_link_pass_v1,album|hoobastank|reason,graph_album,album,Hoobastank,The Reason,2003,us,apple_album_search_no_auto_match,10,85,,false
graph_album:album|howard shore|lord of the rings the fellowship of the ring:apple_album_search_no_auto_match,apple_music_link_pass_v1,album|howard shore|lord of the rings the fellowship of the ring,graph_album,album,Howard Shore,The Lord of the Rings: The Fellowship of the Ring,2001,us,apple_album_search_no_auto_match,10,88,,false
graph_album:album|idealism|rainy evening:apple_album_search_no_auto_match,apple_music_link_pass_v1,album|idealism|rainy evening,graph_album,album,idealism,rainy evening,2016,us,apple_album_search_no_auto_match,1,88,,false
graph_album:album|idle race|birthday party:apple_album_search_no_results,apple_music_link_pass_v1,album|idle race|birthday party,graph_album,album,The Idle Race,The Birthday Party,1968,us,apple_album_search_no_results,0,,,false
graph_album:album|indigo girls|rites of passage:apple_album_search_no_auto_match,apple_music_link_pass_v1,album|indigo girls|rites of passage,graph_album,album,Indigo Girls,Rites of Passage,1992,us,apple_album_search_no_auto_match,2,88,,false
graph_album:album|inxs|kick:apple_album_search_no_auto_match,apple_music_link_pass_v1,album|inxs|kick,graph_album,album,INXS,Kick,1987,us,apple_album_search_no_auto_match,3,88,,false
graph_album:album|iron maiden|number of the beast:apple_album_search_no_auto_match,apple_music_link_pass_v1,album|iron maiden|number of the beast,graph_album,album,Iron Maiden,The Number of the Beast,1982,us,apple_album_search_no_auto_match,10,88,,false
graph_album:album|iron maiden|powerslave:apple_album_search_no_auto_match,apple_music_link_pass_v1,album|iron maiden|powerslave,graph_album,album,Iron Maiden,Powerslave,1984,us,apple_album_search_no_auto_match,5,88,,false
graph_album:album|jack johnson|brushfire fairytales:apple_album_search_no_auto_match,apple_music_link_pass_v1,album|jack johnson|brushfire fairytales,graph_album,album,Jack Johnson,Brushfire Fairytales,2001,us,apple_album_search_no_auto_match,1,88,,false
graph_album:album|jackie wilson|mr excitement:apple_album_search_no_auto_match,apple_music_link_pass_v1,album|jackie wilson|mr excitement,graph_album,album,Jackie Wilson,Mr. Excitement!,1962,us,apple_album_search_no_auto_match,10,35,,false
graph_album:album|jackson browne|for everyman:apple_album_search_no_auto_match,apple_music_link_pass_v1,album|jackson browne|for everyman,graph_album,album,Jackson Browne,For Everyman,1973,us,apple_album_search_no_auto_match,4,88,,false
graph_album:album|jackson browne|late for the sky:apple_album_search_no_auto_match,apple_music_link_pass_v1,album|jackson browne|late for the sky,graph_album,album,Jackson Browne,Late for the Sky,1974,us,apple_album_search_no_auto_match,10,88,,false
graph_album:album|james brown|live at the apollo:apple_album_search_no_auto_match,apple_music_link_pass_v1,album|james brown|live at the apollo,graph_album,album,James Brown,Live at the Apollo,1963,us,apple_album_search_no_auto_match,10,88,,false
graph_album:album|james taylor|sweet baby james:apple_album_search_no_auto_match,apple_music_link_pass_v1,album|james taylor|sweet baby james,graph_album,album,James Taylor,Sweet Baby James,1970,us,apple_album_search_no_auto_match,10,88,,false
graph_album:album|jeff mills|waveform transmission vol 1:apple_album_search_no_results,apple_music_link_pass_v1,album|jeff mills|waveform transmission vol 1,graph_album,album,Jeff Mills,Waveform Transmission Vol. 1,1992,us,apple_album_search_no_results,0,,,false
graph_album:album|jefferson airplane|surrealistic pillow:apple_album_search_no_auto_match,apple_music_link_pass_v1,album|jefferson airplane|surrealistic pillow,graph_album,album,Jefferson Airplane,Surrealistic Pillow,1967,us,apple_album_search_no_auto_match,1,88,,false
graph_album:album|jellyfish|spilt milk:apple_album_search_no_auto_match,apple_music_link_pass_v1,album|jellyfish|spilt milk,graph_album,album,Jellyfish,Spilt Milk,1993,us,apple_album_search_no_auto_match,1,88,,false
graph_album:album|jerry jeff walker|viva terlingua:apple_album_search_no_auto_match,apple_music_link_pass_v1,album|jerry jeff walker|viva terlingua,graph_album,album,Jerry Jeff Walker,Viva Terlingua,1973,us,apple_album_search_no_auto_match,1,88,,false
graph_album:album|jesus culture|your love never fails:apple_album_search_no_auto_match,apple_music_link_pass_v1,album|jesus culture|your love never fails,graph_album,album,Jesus Culture,Your Love Never Fails,2008,us,apple_album_search_no_auto_match,10,88,,false
graph_album:album|jesus lizard|goat:apple_album_search_no_auto_match,apple_music_link_pass_v1,album|jesus lizard|goat,graph_album,album,The Jesus Lizard,Goat,1991,us,apple_album_search_no_auto_match,10,88,,false
graph_album:album|jethro tull|aqualung:apple_album_search_no_auto_match,apple_music_link_pass_v1,album|jethro tull|aqualung,graph_album,album,Jethro Tull,Aqualung,1971,us,apple_album_search_no_auto_match,10,88,,false
graph_album:album|jethro tull|thick as a brick:apple_album_search_no_auto_match,apple_music_link_pass_v1,album|jethro tull|thick as a brick,graph_album,album,Jethro Tull,Thick as a Brick,1972,us,apple_album_search_no_auto_match,10,88,,false
graph_album:album|jhene aiko|souled out:apple_album_search_no_auto_match,apple_music_link_pass_v1,album|jhene aiko|souled out,graph_album,album,Jhene Aiko,Souled Out,2014,us,apple_album_search_no_auto_match,10,88,,false
graph_album:album|jimi hendrix experience|are you experienced:apple_album_search_no_auto_match,apple_music_link_pass_v1,album|jimi hendrix experience|are you experienced,graph_album,album,The Jimi Hendrix Experience,Are You Experienced,1967,us,apple_album_search_no_auto_match,10,88,,false
graph_album:album|jimmy eat world|clarity:apple_album_search_no_auto_match,apple_music_link_pass_v1,album|jimmy eat world|clarity,graph_album,album,Jimmy Eat World,Clarity,1999,us,apple_album_search_no_auto_match,10,88,,false
graph_album:album|joan baez|farewell angelina:apple_album_search_no_auto_match,apple_music_link_pass_v1,album|joan baez|farewell angelina,graph_album,album,Joan Baez,"Farewell, Angelina",1965,us,apple_album_search_no_auto_match,6,88,,false
graph_album:album|joan baez|in concert:apple_album_search_no_auto_match,apple_music_link_pass_v1,album|joan baez|in concert,graph_album,album,Joan Baez,In Concert,1962,us,apple_album_search_no_auto_match,10,88,,false
graph_album:album|joe jackson|look sharp:apple_album_search_no_auto_match,apple_music_link_pass_v1,album|joe jackson|look sharp,graph_album,album,Joe Jackson,Look Sharp!,1979,us,apple_album_search_no_auto_match,7,88,,false
graph_album:album|joff bush|bluey the album:apple_album_search_no_auto_match,apple_music_link_pass_v1,album|joff bush|bluey the album,graph_album,album,Joff Bush,Bluey: The Album,2021,us,apple_album_search_no_auto_match,8,47,,false
graph_album:album|john williams|jurassic park:apple_album_search_no_auto_match,apple_music_link_pass_v1,album|john williams|jurassic park,graph_album,album,John Williams,Jurassic Park,1993,us,apple_album_search_no_auto_match,10,88,,false
graph_album:album|john williams|star wars:apple_album_search_no_auto_match,apple_music_link_pass_v1,album|john williams|star wars,graph_album,album,John Williams,Star Wars,1977,us,apple_album_search_no_auto_match,10,88,,false
graph_album:album|johnnie taylor|who s making love:apple_album_search_no_auto_match,apple_music_link_pass_v1,album|johnnie taylor|who s making love,graph_album,album,Johnnie Taylor,Who's Making Love...,1968,us,apple_album_search_no_auto_match,10,88,,false
graph_album:album|johnny cash|at folsom prison:apple_album_search_no_auto_match,apple_music_link_pass_v1,album|johnny cash|at folsom prison,graph_album,album,Johnny Cash,At Folsom Prison,1968,us,apple_album_search_no_auto_match,10,88,,false
graph_album:album|johnny cash|johnny cash with his hot and blue guitar:apple_album_search_no_auto_match,apple_music_link_pass_v1,album|johnny cash|johnny cash with his hot and blue guitar,graph_album,album,Johnny Cash,Johnny Cash with His Hot and Blue Guitar!,1957,us,apple_album_search_no_auto_match,10,50,,false
graph_album:album|journey|escape:apple_album_search_no_auto_match,apple_music_link_pass_v1,album|journey|escape,graph_album,album,Journey,Escape,1981,us,apple_album_search_no_auto_match,10,88,,false
graph_album:album|joy division|closer:apple_album_search_no_auto_match,apple_music_link_pass_v1,album|joy division|closer,graph_album,album,Joy Division,Closer,1980,us,apple_album_search_no_auto_match,10,88,,false
graph_album:album|joy division|unknown pleasures:apple_album_search_no_auto_match,apple_music_link_pass_v1,album|joy division|unknown pleasures,graph_album,album,Joy Division,Unknown Pleasures,1979,us,apple_album_search_no_auto_match,7,88,,false
graph_album:album|judas priest|british steel:apple_album_search_no_auto_match,apple_music_link_pass_v1,album|judas priest|british steel,graph_album,album,Judas Priest,British Steel,1980,us,apple_album_search_no_auto_match,5,88,,false
graph_album:album|judas priest|screaming for vengeance:apple_album_search_no_auto_match,apple_music_link_pass_v1,album|judas priest|screaming for vengeance,graph_album,album,Judas Priest,Screaming for Vengeance,1982,us,apple_album_search_no_auto_match,7,88,,false
graph_album:album|judas priest|stained class:apple_album_search_no_auto_match,apple_music_link_pass_v1,album|judas priest|stained class,graph_album,album,Judas Priest,Stained Class,1978,us,apple_album_search_no_auto_match,2,88,,false
graph_album:album|jungle brothers|done by the forces of nature:apple_album_search_no_auto_match,apple_music_link_pass_v1,album|jungle brothers|done by the forces of nature,graph_album,album,Jungle Brothers,Done by the Forces of Nature,1989,us,apple_album_search_no_auto_match,1,47,,false
graph_album:album|justice|cross:apple_album_search_no_auto_match,apple_music_link_pass_v1,album|justice|cross,graph_album,album,Justice,Cross,2007,us,apple_album_search_no_auto_match,10,50,,false
graph_album:album|kathy young and the innocents|a thousand stars:apple_album_search_no_auto_match,apple_music_link_pass_v1,album|kathy young and the innocents|a thousand stars,graph_album,album,Kathy Young & The Innocents,A Thousand Stars,1961,us,apple_album_search_no_auto_match,5,73,,false
graph_album:album|kesha|animal:apple_album_search_no_auto_match,apple_music_link_pass_v1,album|kesha|animal,graph_album,album,Kesha,Animal,2010,us,apple_album_search_no_auto_match,10,88,,false
graph_album:album|kidz bop|kidz bop:apple_album_search_no_auto_match,apple_music_link_pass_v1,album|kidz bop|kidz bop,graph_album,album,Kidz Bop,Kidz Bop,2001,us,apple_album_search_no_auto_match,10,73,,false
graph_album:album|kills|midnight boom:apple_album_search_no_auto_match,apple_music_link_pass_v1,album|kills|midnight boom,graph_album,album,The Kills,Midnight Boom,2008,us,apple_album_search_no_auto_match,1,88,,false
graph_album:album|king crimson|in the court of the crimson king:apple_album_search_no_auto_match,apple_music_link_pass_v1,album|king crimson|in the court of the crimson king,graph_album,album,King Crimson,In the Court of the Crimson King,1969,us,apple_album_search_no_auto_match,10,88,,false
graph_album:album|kinks|kinks are the village green preservation society:apple_album_search_no_auto_match,apple_music_link_pass_v1,album|kinks|kinks are the village green preservation society,graph_album,album,The Kinks,The Kinks Are the Village Green Preservation Society,1968,us,apple_album_search_no_auto_match,9,88,,false
graph_album:album|kirk franklin|god s property:apple_album_search_no_auto_match,apple_music_link_pass_v1,album|kirk franklin|god s property,graph_album,album,Kirk Franklin,God's Property,1997,us,apple_album_search_no_auto_match,10,53,,false
graph_album:album|kiss|alive:apple_album_search_no_auto_match,apple_music_link_pass_v1,album|kiss|alive,graph_album,album,Kiss,Alive!,1975,us,apple_album_search_no_auto_match,10,88,,false
graph_album:album|kraftwerk|trans europe express:apple_album_search_no_auto_match,apple_music_link_pass_v1,album|kraftwerk|trans europe express,graph_album,album,Kraftwerk,Trans-Europe Express,1977,us,apple_album_search_no_auto_match,1,88,,false
graph_album:album|kruder and dorfmeister|kandd sessions:apple_album_search_no_auto_match,apple_music_link_pass_v1,album|kruder and dorfmeister|kandd sessions,graph_album,album,Kruder & Dorfmeister,The K&D Sessions,1998,us,apple_album_search_no_auto_match,10,88,,false
graph_album:album|kurtis blow|tough:apple_album_search_no_auto_match,apple_music_link_pass_v1,album|kurtis blow|tough,graph_album,album,Kurtis Blow,Tough,1982,us,apple_album_search_no_auto_match,2,35,,false
graph_album:album|lana del rey|norman fucking rockwell:apple_album_search_no_auto_match,apple_music_link_pass_v1,album|lana del rey|norman fucking rockwell,graph_album,album,Lana Del Rey,Norman Fucking Rockwell!,2019,us,apple_album_search_no_auto_match,5,50,,false
graph_album:album|lang lang|chopin album:apple_album_search_no_auto_match,apple_music_link_pass_v1,album|lang lang|chopin album,graph_album,album,Lang Lang,The Chopin Album,2012,us,apple_album_search_no_auto_match,10,88,,false
graph_album:album|larry heard|sceneries not songs volume one:apple_album_search_no_auto_match,apple_music_link_pass_v1,album|larry heard|sceneries not songs volume one,graph_album,album,Larry Heard,"Sceneries Not Songs, Volume One",1994,us,apple_album_search_no_auto_match,1,50,,false
graph_album:album|led zeppelin|led zeppelin ii:apple_album_search_no_auto_match,apple_music_link_pass_v1,album|led zeppelin|led zeppelin ii,graph_album,album,Led Zeppelin,Led Zeppelin II,1969,us,apple_album_search_no_auto_match,10,88,,false
graph_album:album|led zeppelin|led zeppelin iv:apple_album_search_no_auto_match,apple_music_link_pass_v1,album|led zeppelin|led zeppelin iv,graph_album,album,Led Zeppelin,Led Zeppelin IV,1971,us,apple_album_search_no_auto_match,10,88,,false
graph_album:album|led zeppelin|physical graffiti:apple_album_search_no_auto_match,apple_music_link_pass_v1,album|led zeppelin|physical graffiti,graph_album,album,Led Zeppelin,Physical Graffiti,1975,us,apple_album_search_no_auto_match,4,88,,false
graph_album:album|lemonheads|it s a shame about ray:apple_album_search_no_auto_match,apple_music_link_pass_v1,album|lemonheads|it s a shame about ray,graph_album,album,The Lemonheads,It's a Shame About Ray,1992,us,apple_album_search_no_auto_match,5,88,,false
graph_album:album|lindsey stirling|lindsey stirling:apple_album_search_no_auto_match,apple_music_link_pass_v1,album|lindsey stirling|lindsey stirling,graph_album,album,Lindsey Stirling,Lindsey Stirling,2012,us,apple_album_search_no_auto_match,10,88,,false
graph_album:album|link wray|link wray and the wraymen:apple_album_search_no_auto_match,apple_music_link_pass_v1,album|link wray|link wray and the wraymen,graph_album,album,Link Wray,Link Wray & the Wraymen,1960,us,apple_album_search_no_auto_match,3,42,,false
graph_album:album|liquid liquid|optimo:apple_album_search_no_auto_match,apple_music_link_pass_v1,album|liquid liquid|optimo,graph_album,album,Liquid Liquid,Optimo,1983,us,apple_album_search_no_auto_match,2,88,,false
graph_album:album|little feat|waiting for columbus:apple_album_search_no_auto_match,apple_music_link_pass_v1,album|little feat|waiting for columbus,graph_album,album,Little Feat,Waiting for Columbus,1978,us,apple_album_search_no_auto_match,4,88,,false
graph_album:album|little richard|here s little richard:apple_album_search_no_auto_match,apple_music_link_pass_v1,album|little richard|here s little richard,graph_album,album,Little Richard,Here's Little Richard,1957,us,apple_album_search_no_auto_match,10,88,,false
graph_album:album|little river band|greatest hits:apple_album_search_no_auto_match,apple_music_link_pass_v1,album|little river band|greatest hits,graph_album,album,Little River Band,Greatest Hits,1982,us,apple_album_search_no_auto_match,10,35,,false
graph_album:album|liz phair|exile in guyville:apple_album_search_no_auto_match,apple_music_link_pass_v1,album|liz phair|exile in guyville,graph_album,album,Liz Phair,Exile in Guyville,1993,us,apple_album_search_no_auto_match,3,88,,false
graph_album:album|ll cool j|bigger and deffer:apple_album_search_no_auto_match,apple_music_link_pass_v1,album|ll cool j|bigger and deffer,graph_album,album,LL Cool J,Bigger and Deffer,1987,us,apple_album_search_no_auto_match,1,38,,false
graph_album:album|ll cool j|radio:apple_album_search_no_auto_match,apple_music_link_pass_v1,album|ll cool j|radio,graph_album,album,LL Cool J,Radio,1985,us,apple_album_search_no_auto_match,10,35,,false
graph_album:album|lord huron|lonesome dreams:apple_album_search_no_auto_match,apple_music_link_pass_v1,album|lord huron|lonesome dreams,graph_album,album,Lord Huron,Lonesome Dreams,2012,us,apple_album_search_no_auto_match,1,88,,false
graph_album:album|love|forever changes:apple_album_search_no_auto_match,apple_music_link_pass_v1,album|love|forever changes,graph_album,album,Love,Forever Changes,1967,us,apple_album_search_no_auto_match,10,88,,false
graph_album:album|lovin spoonful|hums of the lovin spoonful:apple_album_search_no_auto_match,apple_music_link_pass_v1,album|lovin spoonful|hums of the lovin spoonful,graph_album,album,The Lovin' Spoonful,Hums of the Lovin' Spoonful,1966,us,apple_album_search_no_auto_match,1,88,,false
graph_album:album|lucinda williams|lucinda williams:apple_album_search_no_auto_match,apple_music_link_pass_v1,album|lucinda williams|lucinda williams,graph_album,album,Lucinda Williams,Lucinda Williams,1988,us,apple_album_search_no_auto_match,10,88,,false
graph_album:album|ludwig goransson|black panther:apple_album_search_no_auto_match,apple_music_link_pass_v1,album|ludwig goransson|black panther,graph_album,album,Ludwig Goransson,Black Panther,2018,us,apple_album_search_no_auto_match,5,88,,false
graph_album:album|lydia lunch|queen of siam:apple_album_search_no_results,apple_music_link_pass_v1,album|lydia lunch|queen of siam,graph_album,album,Lydia Lunch,Queen of Siam,1980,us,apple_album_search_no_results,0,,,false
graph_album:album|magnetic fields|holiday:apple_album_search_no_auto_match,apple_music_link_pass_v1,album|magnetic fields|holiday,graph_album,album,The Magnetic Fields,Holiday,1994,us,apple_album_search_no_auto_match,2,85,,false
graph_album:album|mahalia jackson|world s greatest gospel singer:apple_album_search_no_auto_match,apple_music_link_pass_v1,album|mahalia jackson|world s greatest gospel singer,graph_album,album,Mahalia Jackson,The World's Greatest Gospel Singer,1955,us,apple_album_search_no_auto_match,10,35,,false
graph_album:album|major lance|monkey time:apple_album_search_no_auto_match,apple_music_link_pass_v1,album|major lance|monkey time,graph_album,album,Major Lance,The Monkey Time,1963,us,apple_album_search_no_auto_match,8,73,,false
graph_album:album|mammoth wvh|mammoth wvh:apple_album_search_no_auto_match,apple_music_link_pass_v1,album|mammoth wvh|mammoth wvh,graph_album,album,Mammoth WVH,Mammoth WVH,2021,us,apple_album_search_no_auto_match,10,0,,false
graph_album:album|martha and the vandellas|dance party:apple_album_search_no_auto_match,apple_music_link_pass_v1,album|martha and the vandellas|dance party,graph_album,album,Martha & the Vandellas,Dance Party,1965,us,apple_album_search_no_auto_match,10,65,,false
graph_album:album|marvin gaye|let s get it on:apple_album_search_no_auto_match,apple_music_link_pass_v1,album|marvin gaye|let s get it on,graph_album,album,Marvin Gaye,Let's Get It On,1973,us,apple_album_search_no_auto_match,10,88,,false
graph_album:album|massive attack|blue lines:apple_album_search_no_auto_match,apple_music_link_pass_v1,album|massive attack|blue lines,graph_album,album,Massive Attack,Blue Lines,1991,us,apple_album_search_no_auto_match,6,88,,false
graph_album:album|matt redman|blessed be your name:apple_album_search_no_auto_match,apple_music_link_pass_v1,album|matt redman|blessed be your name,graph_album,album,Matt Redman,Blessed Be Your Name,2005,us,apple_album_search_no_auto_match,10,88,,false
graph_album:album|maverick city music|maverick city vol 3 part 1:apple_album_search_no_auto_match,apple_music_link_pass_v1,album|maverick city music|maverick city vol 3 part 1,graph_album,album,Maverick City Music,Maverick City Vol. 3 Part 1,2020,us,apple_album_search_no_auto_match,10,50,,false
graph_album:album|max richter|blue notebooks:apple_album_search_no_auto_match,apple_music_link_pass_v1,album|max richter|blue notebooks,graph_album,album,Max Richter,The Blue Notebooks,2004,us,apple_album_search_no_auto_match,10,88,,false
graph_album:album|mdc|millions of dead cops:apple_album_search_no_auto_match,apple_music_link_pass_v1,album|mdc|millions of dead cops,graph_album,album,MDC,Millions of Dead Cops,1982,us,apple_album_search_no_auto_match,1,88,,false
graph_album:album|meat puppets|meat puppets ii:apple_album_search_no_auto_match,apple_music_link_pass_v1,album|meat puppets|meat puppets ii,graph_album,album,Meat Puppets,Meat Puppets II,1984,us,apple_album_search_no_auto_match,2,88,,false
graph_album:album|megadeth|peace sells but who is buying:apple_album_search_no_auto_match,apple_music_link_pass_v1,album|megadeth|peace sells but who is buying,graph_album,album,Megadeth,Peace Sells... but Who is Buying?,1986,us,apple_album_search_no_auto_match,7,50,,false
graph_album:album|meshuggah|destroy erase improve:apple_album_search_no_auto_match,apple_music_link_pass_v1,album|meshuggah|destroy erase improve,graph_album,album,Meshuggah,Destroy Erase Improve,1995,us,apple_album_search_no_auto_match,1,88,,false
graph_album:album|metallica|kill em all:apple_album_search_no_auto_match,apple_music_link_pass_v1,album|metallica|kill em all,graph_album,album,Metallica,Kill 'Em All,1983,us,apple_album_search_no_auto_match,10,88,,false
graph_album:album|metallica|master of puppets:apple_album_search_no_auto_match,apple_music_link_pass_v1,album|metallica|master of puppets,graph_album,album,Metallica,Master of Puppets,1986,us,apple_album_search_no_auto_match,10,88,,false
graph_album:album|metallica|metallica:apple_album_search_no_auto_match,apple_music_link_pass_v1,album|metallica|metallica,graph_album,album,Metallica,Metallica,1991,us,apple_album_search_no_auto_match,10,88,,false
graph_album:album|metallica|ride the lightning:apple_album_search_no_auto_match,apple_music_link_pass_v1,album|metallica|ride the lightning,graph_album,album,Metallica,Ride the Lightning,1984,us,apple_album_search_no_auto_match,10,88,,false
graph_album:album|michael nesmith and the first national band|magnetic south:apple_album_search_no_auto_match,apple_music_link_pass_v1,album|michael nesmith and the first national band|magnetic south,graph_album,album,Michael Nesmith and The First National Band,Magnetic South,1970,us,apple_album_search_no_auto_match,1,88,,false
graph_album:album|miley cyrus|bangerz:apple_album_search_no_auto_match,apple_music_link_pass_v1,album|miley cyrus|bangerz,graph_album,album,Miley Cyrus,Bangerz,2013,us,apple_album_search_no_auto_match,6,88,,false
graph_album:album|ministry|psalm 69:apple_album_search_no_auto_match,apple_music_link_pass_v1,album|ministry|psalm 69,graph_album,album,Ministry,Psalm 69,1992,us,apple_album_search_no_auto_match,4,88,,false
graph_album:album|minor threat|complete discography:apple_album_search_no_auto_match,apple_music_link_pass_v1,album|minor threat|complete discography,graph_album,album,Minor Threat,Complete Discography,1989,us,apple_album_search_no_auto_match,1,50,,false
graph_album:album|miriam makeba|pata pata:apple_album_search_no_auto_match,apple_music_link_pass_v1,album|miriam makeba|pata pata,graph_album,album,Miriam Makeba,Pata Pata,1967,us,apple_album_search_no_auto_match,7,88,,false
graph_album:album|misfits|walk among us:apple_album_search_no_auto_match,apple_music_link_pass_v1,album|misfits|walk among us,graph_album,album,Misfits,Walk Among Us,1982,us,apple_album_search_no_auto_match,10,35,,false
graph_album:album|mississippi john hurt|today:apple_album_search_no_auto_match,apple_music_link_pass_v1,album|mississippi john hurt|today,graph_album,album,Mississippi John Hurt,Today!,1966,us,apple_album_search_no_auto_match,10,73,,false
graph_album:album|moby grape|moby grape:apple_album_search_no_auto_match,apple_music_link_pass_v1,album|moby grape|moby grape,graph_album,album,Moby Grape,Moby Grape,1967,us,apple_album_search_no_auto_match,9,88,,false
graph_album:album|moby|play:apple_album_search_no_auto_match,apple_music_link_pass_v1,album|moby|play,graph_album,album,Moby,Play,1999,us,apple_album_search_no_auto_match,10,88,,false
graph_album:album|molly hatchet|flirtin with disaster:apple_album_search_no_auto_match,apple_music_link_pass_v1,album|molly hatchet|flirtin with disaster,graph_album,album,Molly Hatchet,Flirtin' with Disaster,1979,us,apple_album_search_no_auto_match,8,88,,false
graph_album:album|monkees|head:apple_album_search_no_auto_match,apple_music_link_pass_v1,album|monkees|head,graph_album,album,The Monkees,Head,1968,us,apple_album_search_no_auto_match,10,88,,false
graph_album:album|monks|black monk time:apple_album_search_no_auto_match,apple_music_link_pass_v1,album|monks|black monk time,graph_album,album,The Monks,Black Monk Time,1966,us,apple_album_search_no_auto_match,10,35,,false
graph_album:album|mother love bone|apple:apple_album_search_no_auto_match,apple_music_link_pass_v1,album|mother love bone|apple,graph_album,album,Mother Love Bone,Apple,1990,us,apple_album_search_no_auto_match,10,88,,false
graph_album:album|motion city soundtrack|commit this to memory:apple_album_search_no_auto_match,apple_music_link_pass_v1,album|motion city soundtrack|commit this to memory,graph_album,album,Motion City Soundtrack,Commit This to Memory,2005,us,apple_album_search_no_auto_match,2,88,,false
graph_album:album|motorhead|no sleep til hammersmith:apple_album_search_no_auto_match,apple_music_link_pass_v1,album|motorhead|no sleep til hammersmith,graph_album,album,Motorhead,No Sleep 'til Hammersmith,1981,us,apple_album_search_no_auto_match,4,88,,false
graph_album:album|mott the hoople|all the young dudes:apple_album_search_no_auto_match,apple_music_link_pass_v1,album|mott the hoople|all the young dudes,graph_album,album,Mott the Hoople,All the Young Dudes,1972,us,apple_album_search_no_auto_match,8,88,,false
graph_album:album|mott the hoople|mott:apple_album_search_no_auto_match,apple_music_link_pass_v1,album|mott the hoople|mott,graph_album,album,Mott the Hoople,Mott,1973,us,apple_album_search_no_auto_match,10,47,,false
graph_album:album|move|move:apple_album_search_no_auto_match,apple_music_link_pass_v1,album|move|move,graph_album,album,The Move,The Move,1968,us,apple_album_search_no_auto_match,10,38,,false
graph_album:album|mudhoney|superfuzz bigmuff:apple_album_search_no_auto_match,apple_music_link_pass_v1,album|mudhoney|superfuzz bigmuff,graph_album,album,Mudhoney,Superfuzz Bigmuff,1988,us,apple_album_search_no_auto_match,1,88,,false
graph_album:album|my bloody valentine|loveless:apple_album_search_no_auto_match,apple_music_link_pass_v1,album|my bloody valentine|loveless,graph_album,album,My Bloody Valentine,Loveless,1991,us,apple_album_search_no_auto_match,6,35,,false
graph_album:album|nat king cole|christmas song:apple_album_search_no_auto_match,apple_music_link_pass_v1,album|nat king cole|christmas song,graph_album,album,Nat King Cole,The Christmas Song,1960,us,apple_album_search_no_auto_match,10,88,,false
graph_album:album|national|boxer:apple_album_search_no_auto_match,apple_music_link_pass_v1,album|national|boxer,graph_album,album,The National,Boxer,2007,us,apple_album_search_no_auto_match,10,88,,false
graph_album:album|neil diamond|hot august night:apple_album_search_no_auto_match,apple_music_link_pass_v1,album|neil diamond|hot august night,graph_album,album,Neil Diamond,Hot August Night,1972,us,apple_album_search_no_auto_match,10,88,,false
graph_album:album|neil sedaka|neil sedaka sings little devil and his other hits:apple_album_search_no_auto_match,apple_music_link_pass_v1,album|neil sedaka|neil sedaka sings little devil and his other hits,graph_album,album,Neil Sedaka,Neil Sedaka Sings Little Devil and His Other Hits,1961,us,apple_album_search_no_auto_match,10,85,,false
graph_album:album|neko case|fox confessor brings the flood:apple_album_search_no_auto_match,apple_music_link_pass_v1,album|neko case|fox confessor brings the flood,graph_album,album,Neko Case,Fox Confessor Brings the Flood,2006,us,apple_album_search_no_auto_match,1,88,,false
graph_album:album|newjeans|get up:apple_album_search_no_auto_match,apple_music_link_pass_v1,album|newjeans|get up,graph_album,album,NewJeans,Get Up,2023,us,apple_album_search_no_auto_match,4,88,,false
graph_album:album|nine inch nails|broken:apple_album_search_no_auto_match,apple_music_link_pass_v1,album|nine inch nails|broken,graph_album,album,Nine Inch Nails,Broken,1992,us,apple_album_search_no_auto_match,10,88,,false
graph_album:album|nirvana uk|story of simon simopath:apple_album_search_no_results,apple_music_link_pass_v1,album|nirvana uk|story of simon simopath,graph_album,album,Nirvana (UK),The Story of Simon Simopath,1967,us,apple_album_search_no_results,0,,,false
graph_album:album|nirvana|bleach:apple_album_search_no_auto_match,apple_music_link_pass_v1,album|nirvana|bleach,graph_album,album,Nirvana,Bleach,1989,us,apple_album_search_no_auto_match,10,88,,false
graph_album:album|nirvana|in utero:apple_album_search_no_auto_match,apple_music_link_pass_v1,album|nirvana|in utero,graph_album,album,Nirvana,In Utero,1993,us,apple_album_search_no_auto_match,8,88,,false
graph_album:album|norah jones|come away with me:apple_album_search_no_auto_match,apple_music_link_pass_v1,album|norah jones|come away with me,graph_album,album,Norah Jones,Come Away with Me,2002,us,apple_album_search_no_auto_match,10,88,,false
graph_album:album|notorious b i g|life after death:apple_album_search_no_auto_match,apple_music_link_pass_v1,album|notorious b i g|life after death,graph_album,album,The Notorious B.I.G.,Life After Death,1997,us,apple_album_search_no_auto_match,10,88,,false
graph_album:album|notorious b i g|ready to die:apple_album_search_no_auto_match,apple_music_link_pass_v1,album|notorious b i g|ready to die,graph_album,album,The Notorious B.I.G.,Ready to Die,1994,us,apple_album_search_no_auto_match,10,88,,false
graph_album:album|nusrat fateh ali khan|mustt mustt:apple_album_search_no_auto_match,apple_music_link_pass_v1,album|nusrat fateh ali khan|mustt mustt,graph_album,album,Nusrat Fateh Ali Khan,Mustt Mustt,1990,us,apple_album_search_no_auto_match,10,88,,false
graph_album:album|odetta|odetta at carnegie hall:apple_album_search_no_auto_match,apple_music_link_pass_v1,album|odetta|odetta at carnegie hall,graph_album,album,Odetta,Odetta at Carnegie Hall,1960,us,apple_album_search_no_auto_match,1,15,,false
graph_album:album|original broadway cast of a chorus line|a chorus line:apple_album_search_no_auto_match,apple_music_link_pass_v1,album|original broadway cast of a chorus line|a chorus line,graph_album,album,Original Broadway Cast of A Chorus Line,A Chorus Line,1975,us,apple_album_search_no_auto_match,10,73,,false
graph_album:album|original broadway cast of beetlejuice|beetlejuice:apple_album_search_no_auto_match,apple_music_link_pass_v1,album|original broadway cast of beetlejuice|beetlejuice,graph_album,album,Original Broadway Cast of Beetlejuice,Beetlejuice,2019,us,apple_album_search_no_auto_match,4,53,,false
graph_album:album|original broadway cast of cabaret|cabaret:apple_album_search_no_auto_match,apple_music_link_pass_v1,album|original broadway cast of cabaret|cabaret,graph_album,album,Original Broadway Cast of Cabaret,Cabaret,1966,us,apple_album_search_no_auto_match,9,38,,false
graph_album:album|original broadway cast of come from away|come from away:apple_album_search_no_auto_match,apple_music_link_pass_v1,album|original broadway cast of come from away|come from away,graph_album,album,Original Broadway Cast of Come From Away,Come From Away,2017,us,apple_album_search_no_auto_match,10,53,,false
graph_album:album|original broadway cast of dear evan hansen|dear evan hansen:apple_album_search_no_auto_match,apple_music_link_pass_v1,album|original broadway cast of dear evan hansen|dear evan hansen,graph_album,album,Original Broadway Cast of Dear Evan Hansen,Dear Evan Hansen,2017,us,apple_album_search_no_auto_match,10,38,,false
graph_album:album|original broadway cast of fiddler on the roof|fiddler on the roof:apple_album_search_no_auto_match,apple_music_link_pass_v1,album|original broadway cast of fiddler on the roof|fiddler on the roof,graph_album,album,Original Broadway Cast of Fiddler on the Roof,Fiddler on the Roof,1964,us,apple_album_search_no_auto_match,10,73,,false
graph_album:album|original broadway cast of guys and dolls|guys and dolls:apple_album_search_no_auto_match,apple_music_link_pass_v1,album|original broadway cast of guys and dolls|guys and dolls,graph_album,album,Original Broadway Cast of Guys and Dolls,Guys and Dolls,1950,us,apple_album_search_no_auto_match,10,38,,false
graph_album:album|original broadway cast of gypsy|gypsy:apple_album_search_no_auto_match,apple_music_link_pass_v1,album|original broadway cast of gypsy|gypsy,graph_album,album,Original Broadway Cast of Gypsy,Gypsy,1959,us,apple_album_search_no_auto_match,10,0,,false
graph_album:album|original broadway cast of hadestown|hadestown:apple_album_search_no_auto_match,apple_music_link_pass_v1,album|original broadway cast of hadestown|hadestown,graph_album,album,Original Broadway Cast of Hadestown,Hadestown,2019,us,apple_album_search_no_auto_match,6,45,,false
graph_album:album|original broadway cast of hair|hair:apple_album_search_no_auto_match,apple_music_link_pass_v1,album|original broadway cast of hair|hair,graph_album,album,Original Broadway Cast of Hair,Hair,1968,us,apple_album_search_no_auto_match,10,73,,false
graph_album:album|original broadway cast of hairspray|hairspray:apple_album_search_no_auto_match,apple_music_link_pass_v1,album|original broadway cast of hairspray|hairspray,graph_album,album,Original Broadway Cast of Hairspray,Hairspray,2002,us,apple_album_search_no_auto_match,9,88,,false
graph_album:album|original broadway cast of hamilton|hamilton:apple_album_search_no_auto_match,apple_music_link_pass_v1,album|original broadway cast of hamilton|hamilton,graph_album,album,Original Broadway Cast of Hamilton,Hamilton,2015,us,apple_album_search_no_auto_match,10,53,,false
graph_album:album|original broadway cast of hello dolly|hello dolly:apple_album_search_no_auto_match,apple_music_link_pass_v1,album|original broadway cast of hello dolly|hello dolly,graph_album,album,"Original Broadway Cast of Hello, Dolly!","Hello, Dolly!",1964,us,apple_album_search_no_auto_match,10,73,,false
graph_album:album|original broadway cast of in the heights|in the heights:apple_album_search_no_auto_match,apple_music_link_pass_v1,album|original broadway cast of in the heights|in the heights,graph_album,album,Original Broadway Cast of In the Heights,In the Heights,2008,us,apple_album_search_no_auto_match,8,38,,false
graph_album:album|original broadway cast of into the woods|into the woods:apple_album_search_no_auto_match,apple_music_link_pass_v1,album|original broadway cast of into the woods|into the woods,graph_album,album,Original Broadway Cast of Into the Woods,Into the Woods,1988,us,apple_album_search_no_auto_match,10,38,,false
graph_album:album|original broadway cast of matilda|matilda the musical:apple_album_search_no_auto_match,apple_music_link_pass_v1,album|original broadway cast of matilda|matilda the musical,graph_album,album,Original Broadway Cast of Matilda,Matilda the Musical,2013,us,apple_album_search_no_auto_match,9,38,,false
graph_album:album|original broadway cast of moulin rouge the musical|moulin rouge the musical:apple_album_search_no_auto_match,apple_music_link_pass_v1,album|original broadway cast of moulin rouge the musical|moulin rouge the musical,graph_album,album,Original Broadway Cast of Moulin Rouge! The Musical,Moulin Rouge! The Musical,2019,us,apple_album_search_no_auto_match,10,88,,false
graph_album:album|original broadway cast of oklahoma|oklahoma:apple_album_search_no_auto_match,apple_music_link_pass_v1,album|original broadway cast of oklahoma|oklahoma,graph_album,album,Original Broadway Cast of Oklahoma!,Oklahoma!,1943,us,apple_album_search_no_auto_match,10,73,,false
graph_album:album|original broadway cast of south pacific|south pacific:apple_album_search_no_auto_match,apple_music_link_pass_v1,album|original broadway cast of south pacific|south pacific,graph_album,album,Original Broadway Cast of South Pacific,South Pacific,1949,us,apple_album_search_no_auto_match,10,53,,false
graph_album:album|original broadway cast of spring awakening|spring awakening:apple_album_search_no_auto_match,apple_music_link_pass_v1,album|original broadway cast of spring awakening|spring awakening,graph_album,album,Original Broadway Cast of Spring Awakening,Spring Awakening,2006,us,apple_album_search_no_auto_match,4,53,,false
graph_album:album|original broadway cast of the book of mormon|book of mormon:apple_album_search_no_auto_match,apple_music_link_pass_v1,album|original broadway cast of the book of mormon|book of mormon,graph_album,album,Original Broadway Cast of The Book of Mormon,The Book of Mormon,2011,us,apple_album_search_no_auto_match,10,53,,false
graph_album:album|original broadway cast of the king and i|king and i:apple_album_search_no_auto_match,apple_music_link_pass_v1,album|original broadway cast of the king and i|king and i,graph_album,album,Original Broadway Cast of The King and I,The King and I,1951,us,apple_album_search_no_auto_match,10,53,,false
graph_album:album|original broadway cast of the music man|music man:apple_album_search_no_auto_match,apple_music_link_pass_v1,album|original broadway cast of the music man|music man,graph_album,album,Original Broadway Cast of The Music Man,The Music Man,1957,us,apple_album_search_no_auto_match,10,38,,false
graph_album:album|original broadway cast of the producers|producers:apple_album_search_no_auto_match,apple_music_link_pass_v1,album|original broadway cast of the producers|producers,graph_album,album,Original Broadway Cast of The Producers,The Producers,2001,us,apple_album_search_no_auto_match,9,88,,false
graph_album:album|original broadway cast of the sound of music|sound of music:apple_album_search_no_auto_match,apple_music_link_pass_v1,album|original broadway cast of the sound of music|sound of music,graph_album,album,Original Broadway Cast of The Sound of Music,The Sound of Music,1959,us,apple_album_search_no_auto_match,10,53,,false
graph_album:album|original broadway cast of waitress|waitress:apple_album_search_no_auto_match,apple_music_link_pass_v1,album|original broadway cast of waitress|waitress,graph_album,album,Original Broadway Cast of Waitress,Waitress,2016,us,apple_album_search_no_auto_match,7,12,,false
graph_album:album|original broadway cast of west side story|west side story:apple_album_search_no_auto_match,apple_music_link_pass_v1,album|original broadway cast of west side story|west side story,graph_album,album,Original Broadway Cast of West Side Story,West Side Story,1957,us,apple_album_search_no_auto_match,10,38,,false
graph_album:album|original broadway cast of wicked|wicked:apple_album_search_no_auto_match,apple_music_link_pass_v1,album|original broadway cast of wicked|wicked,graph_album,album,Original Broadway Cast of Wicked,Wicked,2003,us,apple_album_search_no_auto_match,10,53,,false
graph_album:album|original london cast of evita|evita:apple_album_search_no_auto_match,apple_music_link_pass_v1,album|original london cast of evita|evita,graph_album,album,Original London Cast of Evita,Evita,1978,us,apple_album_search_no_auto_match,6,53,,false
graph_album:album|original london cast of les miserables|les miserables:apple_album_search_no_auto_match,apple_music_link_pass_v1,album|original london cast of les miserables|les miserables,graph_album,album,Original London Cast of Les Miserables,Les Miserables,1985,us,apple_album_search_no_auto_match,10,45,,false
graph_album:album|original london cast of miss saigon|miss saigon:apple_album_search_no_auto_match,apple_music_link_pass_v1,album|original london cast of miss saigon|miss saigon,graph_album,album,Original London Cast of Miss Saigon,Miss Saigon,1989,us,apple_album_search_no_auto_match,5,85,,false
graph_album:album|original london cast of the phantom of the opera|phantom of the opera:apple_album_search_no_auto_match,apple_music_link_pass_v1,album|original london cast of the phantom of the opera|phantom of the opera,graph_album,album,Original London Cast of The Phantom of the Opera,The Phantom of the Opera,1987,us,apple_album_search_no_auto_match,10,38,,false
graph_album:album|ornette coleman|shape of jazz to come:apple_album_search_no_auto_match,apple_music_link_pass_v1,album|ornette coleman|shape of jazz to come,graph_album,album,Ornette Coleman,The Shape of Jazz to Come,1959,us,apple_album_search_no_auto_match,10,88,,false
graph_album:album|oscar d leon|el oscar de la salsa:apple_album_search_no_auto_match,apple_music_link_pass_v1,album|oscar d leon|el oscar de la salsa,graph_album,album,Oscar D'Leon,El Oscar de la Salsa,1975,us,apple_album_search_no_auto_match,10,35,,false
graph_album:album|otis redding|otis blue:apple_album_search_no_auto_match,apple_music_link_pass_v1,album|otis redding|otis blue,graph_album,album,Otis Redding,Otis Blue,1965,us,apple_album_search_no_auto_match,10,88,,false
graph_album:album|ozzy osbourne|blizzard of ozz:apple_album_search_no_auto_match,apple_music_link_pass_v1,album|ozzy osbourne|blizzard of ozz,graph_album,album,Ozzy Osbourne,Blizzard of Ozz,1980,us,apple_album_search_no_auto_match,10,88,,false
graph_album:album|paris sisters|paris sisters:apple_album_search_no_auto_match,apple_music_link_pass_v1,album|paris sisters|paris sisters,graph_album,album,The Paris Sisters,The Paris Sisters,1961,us,apple_album_search_no_auto_match,10,73,,false
graph_album:album|passion|worthy of your name:apple_album_search_no_auto_match,apple_music_link_pass_v1,album|passion|worthy of your name,graph_album,album,Passion,Worthy of Your Name,2017,us,apple_album_search_no_auto_match,9,80,,false
graph_album:album|patsy cline|showcase:apple_album_search_no_auto_match,apple_music_link_pass_v1,album|patsy cline|showcase,graph_album,album,Patsy Cline,Showcase,1961,us,apple_album_search_no_auto_match,1,88,,false
graph_album:album|paul anka|paul anka sings his big 15:apple_album_search_no_auto_match,apple_music_link_pass_v1,album|paul anka|paul anka sings his big 15,graph_album,album,Paul Anka,Paul Anka Sings His Big 15,1960,us,apple_album_search_no_auto_match,10,85,,false
graph_album:album|paul anka|paul anka:apple_album_search_no_auto_match,apple_music_link_pass_v1,album|paul anka|paul anka,graph_album,album,Paul Anka,Paul Anka,1958,us,apple_album_search_no_auto_match,10,85,,false
graph_album:album|paul simon|still crazy after all these years:apple_album_search_no_auto_match,apple_music_link_pass_v1,album|paul simon|still crazy after all these years,graph_album,album,Paul Simon,Still Crazy After All These Years,1975,us,apple_album_search_no_auto_match,10,88,,false
graph_album:album|pet shop boys|behaviour:apple_album_search_no_auto_match,apple_music_link_pass_v1,album|pet shop boys|behaviour,graph_album,album,Pet Shop Boys,Behaviour,1990,us,apple_album_search_no_auto_match,10,88,,false
graph_album:album|pet shop boys|please:apple_album_search_no_auto_match,apple_music_link_pass_v1,album|pet shop boys|please,graph_album,album,Pet Shop Boys,Please,1986,us,apple_album_search_no_auto_match,10,88,,false
graph_album:album|peter gabriel|passion:apple_album_search_no_auto_match,apple_music_link_pass_v1,album|peter gabriel|passion,graph_album,album,Peter Gabriel,Passion,1989,us,apple_album_search_no_auto_match,8,88,,false
graph_album:album|peter paul and mary|if i had a hammer:apple_album_search_no_auto_match,apple_music_link_pass_v1,album|peter paul and mary|if i had a hammer,graph_album,album,"Peter, Paul and Mary",If I Had a Hammer,1962,us,apple_album_search_no_auto_match,10,35,,false
graph_album:album|phil collins|no jacket required:apple_album_search_no_auto_match,apple_music_link_pass_v1,album|phil collins|no jacket required,graph_album,album,Phil Collins,No Jacket Required,1985,us,apple_album_search_no_auto_match,4,88,,false
graph_album:album|phil collins|tarzan:apple_album_search_no_auto_match,apple_music_link_pass_v1,album|phil collins|tarzan,graph_album,album,Phil Collins,Tarzan,1999,us,apple_album_search_no_auto_match,10,88,,false
graph_album:album|phil spector various artists|back to mono 1958 1969:apple_album_search_no_results,apple_music_link_pass_v1,album|phil spector various artists|back to mono 1958 1969,graph_album,album,Phil Spector / Various Artists,Back to Mono (1958-1969),1991,us,apple_album_search_no_results,0,,,false
graph_album:album|pink floyd|meddle:apple_album_search_no_auto_match,apple_music_link_pass_v1,album|pink floyd|meddle,graph_album,album,Pink Floyd,Meddle,1971,us,apple_album_search_no_auto_match,10,88,,false
graph_album:album|pixies|surfer rosa:apple_album_search_no_auto_match,apple_music_link_pass_v1,album|pixies|surfer rosa,graph_album,album,Pixies,Surfer Rosa,1988,us,apple_album_search_no_auto_match,10,88,,false
graph_album:album|plastikman|sheet one:apple_album_search_no_auto_match,apple_music_link_pass_v1,album|plastikman|sheet one,graph_album,album,Plastikman,Sheet One,1993,us,apple_album_search_no_auto_match,2,88,,false
graph_album:album|platters|encore of golden hits:apple_album_search_no_auto_match,apple_music_link_pass_v1,album|platters|encore of golden hits,graph_album,album,The Platters,Encore of Golden Hits,1960,us,apple_album_search_no_auto_match,10,35,,false
graph_album:album|police|outlandos d amour:apple_album_search_no_auto_match,apple_music_link_pass_v1,album|police|outlandos d amour,graph_album,album,The Police,Outlandos d'Amour,1978,us,apple_album_search_no_auto_match,1,88,,false
graph_album:album|police|reggatta de blanc:apple_album_search_no_auto_match,apple_music_link_pass_v1,album|police|reggatta de blanc,graph_album,album,The Police,Reggatta de Blanc,1979,us,apple_album_search_no_auto_match,3,88,,false
graph_album:album|police|synchronicity:apple_album_search_no_auto_match,apple_music_link_pass_v1,album|police|synchronicity,graph_album,album,The Police,Synchronicity,1983,us,apple_album_search_no_auto_match,10,88,,false
graph_album:album|postal service|give up:apple_album_search_no_auto_match,apple_music_link_pass_v1,album|postal service|give up,graph_album,album,The Postal Service,Give Up,2003,us,apple_album_search_no_auto_match,10,88,,false
graph_album:album|pretenders|pretenders:apple_album_search_no_auto_match,apple_music_link_pass_v1,album|pretenders|pretenders,graph_album,album,Pretenders,Pretenders,1980,us,apple_album_search_no_auto_match,10,85,,false
graph_album:album|public image ltd|metal box:apple_album_search_no_auto_match,apple_music_link_pass_v1,album|public image ltd|metal box,graph_album,album,Public Image Ltd,Metal Box,1979,us,apple_album_search_no_auto_match,10,35,,false
graph_album:album|puff daddy and the family|no way out:apple_album_search_no_auto_match,apple_music_link_pass_v1,album|puff daddy and the family|no way out,graph_album,album,Puff Daddy and the Family,No Way Out,1997,us,apple_album_search_no_auto_match,10,88,,false
graph_album:album|quasimoto|unseen:apple_album_search_no_auto_match,apple_music_link_pass_v1,album|quasimoto|unseen,graph_album,album,Quasimoto,The Unseen,2000,us,apple_album_search_no_auto_match,2,88,,false
graph_album:album|quiet riot|metal health:apple_album_search_no_auto_match,apple_music_link_pass_v1,album|quiet riot|metal health,graph_album,album,Quiet Riot,Metal Health,1983,us,apple_album_search_no_auto_match,10,88,,false
graph_album:album|rammstein|herzeleid:apple_album_search_no_auto_match,apple_music_link_pass_v1,album|rammstein|herzeleid,graph_album,album,Rammstein,Herzeleid,1995,us,apple_album_search_no_auto_match,1,88,,false
graph_album:album|randy newman|sail away:apple_album_search_no_auto_match,apple_music_link_pass_v1,album|randy newman|sail away,graph_album,album,Randy Newman,Sail Away,1972,us,apple_album_search_no_auto_match,10,88,,false
graph_album:album|randy newman|toy story:apple_album_search_no_auto_match,apple_music_link_pass_v1,album|randy newman|toy story,graph_album,album,Randy Newman,Toy Story,1995,us,apple_album_search_no_auto_match,10,88,,false
graph_album:album|raphael saadiq|way i see it:apple_album_search_no_auto_match,apple_music_link_pass_v1,album|raphael saadiq|way i see it,graph_album,album,Raphael Saadiq,The Way I See It,2008,us,apple_album_search_no_auto_match,10,88,,false
graph_album:album|ray stevens|ray stevens greatest hits:apple_album_search_no_auto_match,apple_music_link_pass_v1,album|ray stevens|ray stevens greatest hits,graph_album,album,Ray Stevens,Ray Stevens' Greatest Hits,1987,us,apple_album_search_no_auto_match,10,35,,false
graph_album:album|reagan youth|youth anthems for the new order:apple_album_search_no_auto_match,apple_music_link_pass_v1,album|reagan youth|youth anthems for the new order,graph_album,album,Reagan Youth,Youth Anthems for the New Order,1984,us,apple_album_search_no_auto_match,1,73,,false
graph_album:album|reba mcentire|rumor has it:apple_album_search_no_auto_match,apple_music_link_pass_v1,album|reba mcentire|rumor has it,graph_album,album,Reba McEntire,Rumor Has It,1990,us,apple_album_search_no_auto_match,7,88,,false
graph_album:album|red krayola|parable of arable land:apple_album_search_no_auto_match,apple_music_link_pass_v1,album|red krayola|parable of arable land,graph_album,album,Red Krayola,The Parable of Arable Land,1967,us,apple_album_search_no_auto_match,3,88,,false
graph_album:album|renaissance|scheherazade and other stories:apple_album_search_no_auto_match,apple_music_link_pass_v1,album|renaissance|scheherazade and other stories,graph_album,album,Renaissance,Scheherazade and Other Stories,1975,us,apple_album_search_no_auto_match,1,73,,false
graph_album:album|revels|intoxica:apple_album_search_no_results,apple_music_link_pass_v1,album|revels|intoxica,graph_album,album,The Revels,Intoxica!!!,1995,us,apple_album_search_no_results,0,,,false
graph_album:album|richard hell and the voidoids|blank generation:apple_album_search_no_auto_match,apple_music_link_pass_v1,album|richard hell and the voidoids|blank generation,graph_album,album,Richard Hell & The Voidoids,Blank Generation,1977,us,apple_album_search_no_auto_match,5,88,,false
graph_album:album|ricky nelson|more songs by ricky:apple_album_search_no_auto_match,apple_music_link_pass_v1,album|ricky nelson|more songs by ricky,graph_album,album,Ricky Nelson,More Songs by Ricky,1960,us,apple_album_search_no_auto_match,10,88,,false
graph_album:album|ricky nelson|ricky sings again:apple_album_search_no_auto_match,apple_music_link_pass_v1,album|ricky nelson|ricky sings again,graph_album,album,Ricky Nelson,Ricky Sings Again,1959,us,apple_album_search_no_auto_match,10,88,,false
graph_album:album|ride|nowhere:apple_album_search_no_auto_match,apple_music_link_pass_v1,album|ride|nowhere,graph_album,album,Ride,Nowhere,1990,us,apple_album_search_no_auto_match,10,88,,false
graph_album:album|rip chords|hey little cobra and other hot rod hits:apple_album_search_no_auto_match,apple_music_link_pass_v1,album|rip chords|hey little cobra and other hot rod hits,graph_album,album,The Rip Chords,Hey Little Cobra and Other Hot Rod Hits,1964,us,apple_album_search_no_auto_match,4,73,,false
graph_album:album|rivieras|california sun:apple_album_search_no_auto_match,apple_music_link_pass_v1,album|rivieras|california sun,graph_album,album,The Rivieras,California Sun,1964,us,apple_album_search_no_auto_match,7,88,,false
graph_album:album|robin s|show me love:apple_album_search_no_auto_match,apple_music_link_pass_v1,album|robin s|show me love,graph_album,album,Robin S.,Show Me Love,1993,us,apple_album_search_no_auto_match,10,38,,false
graph_album:album|rolling stones|aftermath:apple_album_search_no_auto_match,apple_music_link_pass_v1,album|rolling stones|aftermath,graph_album,album,The Rolling Stones,Aftermath,1966,us,apple_album_search_no_auto_match,10,88,,false
graph_album:album|ronnie self|mr frantic is boppin the blues:apple_album_search_no_auto_match,apple_music_link_pass_v1,album|ronnie self|mr frantic is boppin the blues,graph_album,album,Ronnie Self,Mr. Frantic Is Boppin' the Blues,1990,us,apple_album_search_no_auto_match,2,85,,false
graph_album:album|rossington collins band|anytime anyplace anywhere:apple_album_search_no_auto_match,apple_music_link_pass_v1,album|rossington collins band|anytime anyplace anywhere,graph_album,album,Rossington Collins Band,"Anytime, Anyplace, Anywhere",1980,us,apple_album_search_no_auto_match,2,35,,false
graph_album:album|rush|2112:apple_album_search_no_auto_match,apple_music_link_pass_v1,album|rush|2112,graph_album,album,Rush,2112,1976,us,apple_album_search_no_auto_match,10,88,,false
graph_album:album|sagittarius|present tense:apple_album_search_no_auto_match,apple_music_link_pass_v1,album|sagittarius|present tense,graph_album,album,Sagittarius,Present Tense,1968,us,apple_album_search_no_auto_match,1,88,,false
graph_album:album|santo and johnny|santo and johnny:apple_album_search_no_auto_match,apple_music_link_pass_v1,album|santo and johnny|santo and johnny,graph_album,album,Santo & Johnny,Santo & Johnny,1959,us,apple_album_search_no_auto_match,10,73,,false
graph_album:album|saxon|wheels of steel:apple_album_search_no_auto_match,apple_music_link_pass_v1,album|saxon|wheels of steel,graph_album,album,Saxon,Wheels of Steel,1980,us,apple_album_search_no_auto_match,3,88,,false
graph_album:album|scratch acid|greatest gift:apple_album_search_no_results,apple_music_link_pass_v1,album|scratch acid|greatest gift,graph_album,album,Scratch Acid,The Greatest Gift,1991,us,apple_album_search_no_results,0,,,false
graph_album:album|sebadoh|bakesale:apple_album_search_no_auto_match,apple_music_link_pass_v1,album|sebadoh|bakesale,graph_album,album,Sebadoh,Bakesale,1994,us,apple_album_search_no_auto_match,1,88,,false
graph_album:album|sebadoh|iii:apple_album_search_no_auto_match,apple_music_link_pass_v1,album|sebadoh|iii,graph_album,album,Sebadoh,III,1991,us,apple_album_search_no_auto_match,1,88,,false
graph_album:album|seeds|seeds:apple_album_search_no_auto_match,apple_music_link_pass_v1,album|seeds|seeds,graph_album,album,The Seeds,The Seeds,1966,us,apple_album_search_no_auto_match,10,88,,false
graph_album:album|selena|amor prohibido:apple_album_search_no_auto_match,apple_music_link_pass_v1,album|selena|amor prohibido,graph_album,album,Selena,Amor Prohibido,1994,us,apple_album_search_no_auto_match,10,88,,false
graph_album:album|seventeen|face the sun:apple_album_search_no_auto_match,apple_music_link_pass_v1,album|seventeen|face the sun,graph_album,album,SEVENTEEN,Face the Sun,2022,us,apple_album_search_no_auto_match,10,88,,false
graph_album:album|sham 69|tell us the truth:apple_album_search_no_results,apple_music_link_pass_v1,album|sham 69|tell us the truth,graph_album,album,Sham 69,Tell Us the Truth,1978,us,apple_album_search_no_results,0,,,false
graph_album:album|shame|drunk tank pink:apple_album_search_no_auto_match,apple_music_link_pass_v1,album|shame|drunk tank pink,graph_album,album,Shame,Drunk Tank Pink,2021,us,apple_album_search_no_auto_match,1,88,,false
graph_album:album|silverchair|frogstomp:apple_album_search_no_auto_match,apple_music_link_pass_v1,album|silverchair|frogstomp,graph_album,album,Silverchair,Frogstomp,1995,us,apple_album_search_no_auto_match,2,88,,false
graph_album:album|simple plan|no pads no helmets just balls:apple_album_search_no_auto_match,apple_music_link_pass_v1,album|simple plan|no pads no helmets just balls,graph_album,album,Simple Plan,"No Pads, No Helmets...Just Balls",2002,us,apple_album_search_no_auto_match,1,88,,false
graph_album:album|siouxsie and the banshees|juju:apple_album_search_no_auto_match,apple_music_link_pass_v1,album|siouxsie and the banshees|juju,graph_album,album,Siouxsie and the Banshees,Juju,1981,us,apple_album_search_no_auto_match,10,35,,false
graph_album:album|slayyyter|starfucker:apple_album_search_no_auto_match,apple_music_link_pass_v1,album|slayyyter|starfucker,graph_album,album,Slayyyter,STARFUCKER,2023,us,apple_album_search_no_auto_match,4,50,,false
graph_album:album|sleater kinney|call the doctor:apple_album_search_no_auto_match,apple_music_link_pass_v1,album|sleater kinney|call the doctor,graph_album,album,Sleater-Kinney,Call the Doctor,1996,us,apple_album_search_no_auto_match,1,88,,false
graph_album:album|sleater kinney|dig me out:apple_album_search_no_auto_match,apple_music_link_pass_v1,album|sleater kinney|dig me out,graph_album,album,Sleater-Kinney,Dig Me Out,1997,us,apple_album_search_no_auto_match,2,88,,false
graph_album:album|sleep|dopesmoker:apple_album_search_no_auto_match,apple_music_link_pass_v1,album|sleep|dopesmoker,graph_album,album,Sleep,Dopesmoker,2003,us,apple_album_search_no_auto_match,1,85,,false
graph_album:album|sly and the family stone|stand:apple_album_search_no_auto_match,apple_music_link_pass_v1,album|sly and the family stone|stand,graph_album,album,Sly & the Family Stone,Stand!,1969,us,apple_album_search_no_auto_match,10,88,,false
graph_album:album|soft cell|non stop erotic cabaret:apple_album_search_no_auto_match,apple_music_link_pass_v1,album|soft cell|non stop erotic cabaret,graph_album,album,Soft Cell,Non-Stop Erotic Cabaret,1981,us,apple_album_search_no_auto_match,5,88,,false
graph_album:album|soft machine|volume two:apple_album_search_no_auto_match,apple_music_link_pass_v1,album|soft machine|volume two,graph_album,album,Soft Machine,Volume Two,1969,us,apple_album_search_no_auto_match,10,0,,false
graph_album:album|son volt|trace:apple_album_search_no_auto_match,apple_music_link_pass_v1,album|son volt|trace,graph_album,album,Son Volt,Trace,1995,us,apple_album_search_no_auto_match,2,88,,false
graph_album:album|songs ohia|didn t it rain:apple_album_search_no_auto_match,apple_music_link_pass_v1,album|songs ohia|didn t it rain,graph_album,album,Songs: Ohia,Didn't It Rain,2002,us,apple_album_search_no_auto_match,1,88,,false
graph_album:album|sonic youth|daydream nation:apple_album_search_no_auto_match,apple_music_link_pass_v1,album|sonic youth|daydream nation,graph_album,album,Sonic Youth,Daydream Nation,1988,us,apple_album_search_no_auto_match,2,88,,false
graph_album:album|sonics|boom:apple_album_search_no_auto_match,apple_music_link_pass_v1,album|sonics|boom,graph_album,album,The Sonics,Boom,1966,us,apple_album_search_no_auto_match,10,73,,false
graph_album:album|sound|from the lions mouth:apple_album_search_no_auto_match,apple_music_link_pass_v1,album|sound|from the lions mouth,graph_album,album,The Sound,From the Lions Mouth,1981,us,apple_album_search_no_auto_match,5,50,,false
graph_album:album|soundgarden|badmotorfinger:apple_album_search_no_auto_match,apple_music_link_pass_v1,album|soundgarden|badmotorfinger,graph_album,album,Soundgarden,Badmotorfinger,1991,us,apple_album_search_no_auto_match,2,88,,false
graph_album:album|soundgarden|superunknown:apple_album_search_no_auto_match,apple_music_link_pass_v1,album|soundgarden|superunknown,graph_album,album,Soundgarden,Superunknown,1994,us,apple_album_search_no_auto_match,3,88,,false
graph_album:album|sparks|kimono my house:apple_album_search_no_auto_match,apple_music_link_pass_v1,album|sparks|kimono my house,graph_album,album,Sparks,Kimono My House,1974,us,apple_album_search_no_auto_match,1,88,,false
graph_album:album|spirit|spirit:apple_album_search_no_auto_match,apple_music_link_pass_v1,album|spirit|spirit,graph_album,album,Spirit,Spirit,1968,us,apple_album_search_no_auto_match,10,38,,false
graph_album:album|spiritbox|fear of fear:apple_album_search_no_auto_match,apple_music_link_pass_v1,album|spiritbox|fear of fear,graph_album,album,Spiritbox,The Fear of Fear,2023,us,apple_album_search_no_auto_match,2,88,,false
graph_album:album|standells|dirty water:apple_album_search_no_auto_match,apple_music_link_pass_v1,album|standells|dirty water,graph_album,album,The Standells,Dirty Water,1966,us,apple_album_search_no_auto_match,5,88,,false
graph_album:album|stone temple pilots|core:apple_album_search_no_auto_match,apple_music_link_pass_v1,album|stone temple pilots|core,graph_album,album,Stone Temple Pilots,Core,1992,us,apple_album_search_no_auto_match,10,88,,false
graph_album:album|stone temple pilots|purple:apple_album_search_no_auto_match,apple_music_link_pass_v1,album|stone temple pilots|purple,graph_album,album,Stone Temple Pilots,Purple,1994,us,apple_album_search_no_auto_match,10,88,,false
graph_album:album|sugar|copper blue:apple_album_search_no_auto_match,apple_music_link_pass_v1,album|sugar|copper blue,graph_album,album,Sugar,Copper Blue,1992,us,apple_album_search_no_auto_match,2,88,,false
graph_album:album|sugarhill gang|sugarhill gang:apple_album_search_no_auto_match,apple_music_link_pass_v1,album|sugarhill gang|sugarhill gang,graph_album,album,The Sugarhill Gang,Sugarhill Gang,1980,us,apple_album_search_no_auto_match,10,73,,false
graph_album:album|suicide|suicide:apple_album_search_no_auto_match,apple_music_link_pass_v1,album|suicide|suicide,graph_album,album,Suicide,Suicide,1977,us,apple_album_search_no_auto_match,10,85,,false
graph_album:album|sunny day real estate|diary:apple_album_search_no_auto_match,apple_music_link_pass_v1,album|sunny day real estate|diary,graph_album,album,Sunny Day Real Estate,Diary,1994,us,apple_album_search_no_auto_match,8,88,,false
graph_album:album|superchunk|no pocky for kitty:apple_album_search_no_auto_match,apple_music_link_pass_v1,album|superchunk|no pocky for kitty,graph_album,album,Superchunk,No Pocky for Kitty,1991,us,apple_album_search_no_auto_match,1,88,,false
graph_album:album|switchfoot|beautiful letdown:apple_album_search_no_auto_match,apple_music_link_pass_v1,album|switchfoot|beautiful letdown,graph_album,album,Switchfoot,The Beautiful Letdown,2003,us,apple_album_search_no_auto_match,5,88,,false
graph_album:album|t rex|electric warrior:apple_album_search_no_auto_match,apple_music_link_pass_v1,album|t rex|electric warrior,graph_album,album,T. Rex,Electric Warrior,1971,us,apple_album_search_no_auto_match,4,88,,false
graph_album:album|taking back sunday|tell all your friends:apple_album_search_no_auto_match,apple_music_link_pass_v1,album|taking back sunday|tell all your friends,graph_album,album,Taking Back Sunday,Tell All Your Friends,2002,us,apple_album_search_no_auto_match,10,88,,false
graph_album:album|tangerine dream|phaedra:apple_album_search_no_auto_match,apple_music_link_pass_v1,album|tangerine dream|phaedra,graph_album,album,Tangerine Dream,Phaedra,1974,us,apple_album_search_no_auto_match,4,73,,false
graph_album:album|tasha cobbs leonard|grace:apple_album_search_no_auto_match,apple_music_link_pass_v1,album|tasha cobbs leonard|grace,graph_album,album,Tasha Cobbs Leonard,Grace,2013,us,apple_album_search_no_auto_match,10,88,,false
graph_album:album|ted nugent|cat scratch fever:apple_album_search_no_auto_match,apple_music_link_pass_v1,album|ted nugent|cat scratch fever,graph_album,album,Ted Nugent,Cat Scratch Fever,1977,us,apple_album_search_no_auto_match,8,88,,false
graph_album:album|teddy pendergrass|life is a song worth singing:apple_album_search_no_auto_match,apple_music_link_pass_v1,album|teddy pendergrass|life is a song worth singing,graph_album,album,Teddy Pendergrass,Life Is a Song Worth Singing,1978,us,apple_album_search_no_auto_match,10,88,,false
graph_album:album|teddy pendergrass|teddy:apple_album_search_no_auto_match,apple_music_link_pass_v1,album|teddy pendergrass|teddy,graph_album,album,Teddy Pendergrass,Teddy,1979,us,apple_album_search_no_auto_match,10,73,,false
graph_album:album|television|adventure:apple_album_search_no_auto_match,apple_music_link_pass_v1,album|television|adventure,graph_album,album,Television,Adventure,1978,us,apple_album_search_no_auto_match,10,88,,false
graph_album:album|tina turner|private dancer:apple_album_search_no_auto_match,apple_music_link_pass_v1,album|tina turner|private dancer,graph_album,album,Tina Turner,Private Dancer,1984,us,apple_album_search_no_auto_match,10,88,,false
graph_album:album|tinariwen|aman iman:apple_album_search_no_auto_match,apple_music_link_pass_v1,album|tinariwen|aman iman,graph_album,album,Tinariwen,Aman Iman,2007,us,apple_album_search_no_auto_match,1,88,,false
graph_album:album|tito puente|dance mania:apple_album_search_no_auto_match,apple_music_link_pass_v1,album|tito puente|dance mania,graph_album,album,Tito Puente,Dance Mania,1958,us,apple_album_search_no_auto_match,2,80,,false
graph_album:album|tom rush|circle game:apple_album_search_no_auto_match,apple_music_link_pass_v1,album|tom rush|circle game,graph_album,album,Tom Rush,The Circle Game,1968,us,apple_album_search_no_auto_match,5,88,,false
graph_album:album|tommy james and the shondells|cellophane symphony:apple_album_search_no_results,apple_music_link_pass_v1,album|tommy james and the shondells|cellophane symphony,graph_album,album,Tommy James and the Shondells,Cellophane Symphony,1969,us,apple_album_search_no_results,0,,,false
graph_album:album|tool|aenima:apple_album_search_no_auto_match,apple_music_link_pass_v1,album|tool|aenima,graph_album,album,Tool,Aenima,1996,us,apple_album_search_no_auto_match,3,88,,false
graph_album:album|tori amos|little earthquakes:apple_album_search_no_auto_match,apple_music_link_pass_v1,album|tori amos|little earthquakes,graph_album,album,Tori Amos,Little Earthquakes,1992,us,apple_album_search_no_auto_match,6,88,,false
graph_album:album|tori amos|under the pink:apple_album_search_no_auto_match,apple_music_link_pass_v1,album|tori amos|under the pink,graph_album,album,Tori Amos,Under the Pink,1994,us,apple_album_search_no_auto_match,3,88,,false
graph_album:album|toys|a lover s concerto:apple_album_search_no_auto_match,apple_music_link_pass_v1,album|toys|a lover s concerto,graph_album,album,The Toys,A Lover's Concerto,1965,us,apple_album_search_no_auto_match,10,80,,false
graph_album:album|traffic|low spark of high heeled boys:apple_album_search_no_auto_match,apple_music_link_pass_v1,album|traffic|low spark of high heeled boys,graph_album,album,Traffic,The Low Spark of High Heeled Boys,1971,us,apple_album_search_no_auto_match,10,88,,false
graph_album:album|trent reznor and atticus ross|social network:apple_album_search_no_auto_match,apple_music_link_pass_v1,album|trent reznor and atticus ross|social network,graph_album,album,Trent Reznor and Atticus Ross,The Social Network,2010,us,apple_album_search_no_auto_match,10,88,,false
graph_album:album|twice|formula of love:apple_album_search_no_auto_match,apple_music_link_pass_v1,album|twice|formula of love,graph_album,album,TWICE,Formula of Love,2021,us,apple_album_search_no_auto_match,1,88,,false
graph_album:album|ufo|phenomenon:apple_album_search_no_auto_match,apple_music_link_pass_v1,album|ufo|phenomenon,graph_album,album,UFO,Phenomenon,1974,us,apple_album_search_no_auto_match,10,88,,false
graph_album:album|ultravox|rage in eden:apple_album_search_no_auto_match,apple_music_link_pass_v1,album|ultravox|rage in eden,graph_album,album,Ultravox,Rage in Eden,1981,us,apple_album_search_no_auto_match,2,88,,false
graph_album:album|uriah heep|demons and wizards:apple_album_search_no_auto_match,apple_music_link_pass_v1,album|uriah heep|demons and wizards,graph_album,album,Uriah Heep,Demons and Wizards,1972,us,apple_album_search_no_auto_match,5,88,,false
graph_album:album|vangelis|blade runner:apple_album_search_no_auto_match,apple_music_link_pass_v1,album|vangelis|blade runner,graph_album,album,Vangelis,Blade Runner,1994,us,apple_album_search_no_auto_match,10,88,,false
graph_album:album|vangelis|chariots of fire:apple_album_search_no_auto_match,apple_music_link_pass_v1,album|vangelis|chariots of fire,graph_album,album,Vangelis,Chariots of Fire,1981,us,apple_album_search_no_auto_match,10,88,,false
graph_album:album|various artists|aladdin:apple_album_search_no_auto_match,apple_music_link_pass_v1,album|various artists|aladdin,graph_album,album,Various Artists,Aladdin,1992,us,apple_album_search_no_auto_match,10,53,,false
graph_album:album|various artists|atlantic rhythm and blues 1947 1974:apple_album_search_no_results,apple_music_link_pass_v1,album|various artists|atlantic rhythm and blues 1947 1974,graph_album,album,Various Artists,Atlantic Rhythm and Blues 1947-1974,1985,us,apple_album_search_no_results,0,,,false
graph_album:album|various artists|beauty and the beast:apple_album_search_no_auto_match,apple_music_link_pass_v1,album|various artists|beauty and the beast,graph_album,album,Various Artists,Beauty and the Beast,1991,us,apple_album_search_no_auto_match,10,73,,false
graph_album:album|various artists|big chill:apple_album_search_no_auto_match,apple_music_link_pass_v1,album|various artists|big chill,graph_album,album,Various Artists,The Big Chill,1983,us,apple_album_search_no_auto_match,10,85,,false
graph_album:album|various artists|bodyguard:apple_album_search_no_auto_match,apple_music_link_pass_v1,album|various artists|bodyguard,graph_album,album,Various Artists,The Bodyguard,1992,us,apple_album_search_no_auto_match,10,73,,false
graph_album:album|various artists|coco:apple_album_search_no_auto_match,apple_music_link_pass_v1,album|various artists|coco,graph_album,album,Various Artists,Coco,2017,us,apple_album_search_no_auto_match,10,53,,false
graph_album:album|various artists|crow:apple_album_search_no_auto_match,apple_music_link_pass_v1,album|various artists|crow,graph_album,album,Various Artists,The Crow,1994,us,apple_album_search_no_auto_match,10,88,,false
graph_album:album|various artists|dirty dancing:apple_album_search_no_auto_match,apple_music_link_pass_v1,album|various artists|dirty dancing,graph_album,album,Various Artists,Dirty Dancing,1987,us,apple_album_search_no_auto_match,10,88,,false
graph_album:album|various artists|doo wop box:apple_album_search_no_auto_match,apple_music_link_pass_v1,album|various artists|doo wop box,graph_album,album,Various Artists,The Doo Wop Box,1993,us,apple_album_search_no_auto_match,10,73,,false
graph_album:album|various artists|dr demento 20th anniversary collection:apple_album_search_no_results,apple_music_link_pass_v1,album|various artists|dr demento 20th anniversary collection,graph_album,album,Various Artists,Dr. Demento 20th Anniversary Collection,1991,us,apple_album_search_no_results,0,,,false
graph_album:album|various artists|encanto:apple_album_search_no_auto_match,apple_music_link_pass_v1,album|various artists|encanto,graph_album,album,Various Artists,Encanto,2021,us,apple_album_search_no_auto_match,10,0,,false
graph_album:album|various artists|forrest gump:apple_album_search_no_auto_match,apple_music_link_pass_v1,album|various artists|forrest gump,graph_album,album,Various Artists,Forrest Gump,1994,us,apple_album_search_no_auto_match,7,35,,false
graph_album:album|various artists|frozen ii:apple_album_search_no_auto_match,apple_music_link_pass_v1,album|various artists|frozen ii,graph_album,album,Various Artists,Frozen II,2019,us,apple_album_search_no_auto_match,10,0,,false
graph_album:album|various artists|frozen:apple_album_search_no_auto_match,apple_music_link_pass_v1,album|various artists|frozen,graph_album,album,Various Artists,Frozen,2013,us,apple_album_search_no_auto_match,10,53,,false
graph_album:album|various artists|garden state:apple_album_search_no_auto_match,apple_music_link_pass_v1,album|various artists|garden state,graph_album,album,Various Artists,Garden State,2004,us,apple_album_search_no_auto_match,10,42,,false
graph_album:album|various artists|graduate:apple_album_search_no_auto_match,apple_music_link_pass_v1,album|various artists|graduate,graph_album,album,Various Artists,The Graduate,1968,us,apple_album_search_no_auto_match,10,73,,false
graph_album:album|various artists|greatest showman:apple_album_search_no_auto_match,apple_music_link_pass_v1,album|various artists|greatest showman,graph_album,album,Various Artists,The Greatest Showman,2017,us,apple_album_search_no_auto_match,10,50,,false
graph_album:album|various artists|guardians of the galaxy awesome mix vol 1:apple_album_search_no_auto_match,apple_music_link_pass_v1,album|various artists|guardians of the galaxy awesome mix vol 1,graph_album,album,Various Artists,Guardians of the Galaxy: Awesome Mix Vol. 1,2014,us,apple_album_search_no_auto_match,10,42,,false
graph_album:album|various artists|hercules:apple_album_search_no_auto_match,apple_music_link_pass_v1,album|various artists|hercules,graph_album,album,Various Artists,Hercules,1997,us,apple_album_search_no_auto_match,10,53,,false
graph_album:album|various artists|hunchback of notre dame:apple_album_search_no_auto_match,apple_music_link_pass_v1,album|various artists|hunchback of notre dame,graph_album,album,Various Artists,The Hunchback of Notre Dame,1996,us,apple_album_search_no_auto_match,3,53,,false
graph_album:album|various artists|jock jams volume 1:apple_album_search_no_auto_match,apple_music_link_pass_v1,album|various artists|jock jams volume 1,graph_album,album,Various Artists,"Jock Jams, Volume 1",1995,us,apple_album_search_no_auto_match,10,35,,false
graph_album:album|various artists|lilo and stitch:apple_album_search_no_auto_match,apple_music_link_pass_v1,album|various artists|lilo and stitch,graph_album,album,Various Artists,Lilo & Stitch,2002,us,apple_album_search_no_auto_match,10,65,,false
graph_album:album|various artists|lion king:apple_album_search_no_auto_match,apple_music_link_pass_v1,album|various artists|lion king,graph_album,album,Various Artists,The Lion King,1994,us,apple_album_search_no_auto_match,10,38,,false
graph_album:album|various artists|little mermaid:apple_album_search_no_auto_match,apple_music_link_pass_v1,album|various artists|little mermaid,graph_album,album,Various Artists,The Little Mermaid,1989,us,apple_album_search_no_auto_match,10,53,,false
graph_album:album|various artists|mary poppins:apple_album_search_no_auto_match,apple_music_link_pass_v1,album|various artists|mary poppins,graph_album,album,Various Artists,Mary Poppins,1964,us,apple_album_search_no_auto_match,10,38,,false
graph_album:album|various artists|matrix:apple_album_search_no_auto_match,apple_music_link_pass_v1,album|various artists|matrix,graph_album,album,Various Artists,The Matrix,1999,us,apple_album_search_no_auto_match,10,73,,false
graph_album:album|various artists|moana:apple_album_search_no_auto_match,apple_music_link_pass_v1,album|various artists|moana,graph_album,album,Various Artists,Moana,2016,us,apple_album_search_no_auto_match,10,53,,false
graph_album:album|various artists|moulin rouge:apple_album_search_no_auto_match,apple_music_link_pass_v1,album|various artists|moulin rouge,graph_album,album,Various Artists,Moulin Rouge!,2001,us,apple_album_search_no_auto_match,10,88,,false
graph_album:album|various artists|mulan:apple_album_search_no_auto_match,apple_music_link_pass_v1,album|various artists|mulan,graph_album,album,Various Artists,Mulan,1998,us,apple_album_search_no_auto_match,10,53,,false
graph_album:album|various artists|now that s what i call christmas:apple_album_search_no_auto_match,apple_music_link_pass_v1,album|various artists|now that s what i call christmas,graph_album,album,Various Artists,Now That's What I Call Christmas!,2001,us,apple_album_search_no_auto_match,10,35,,false
graph_album:album|various artists|o brother where art thou:apple_album_search_no_auto_match,apple_music_link_pass_v1,album|various artists|o brother where art thou,graph_album,album,Various Artists,"O Brother, Where Art Thou?",2000,us,apple_album_search_no_auto_match,10,88,,false
graph_album:album|various artists|pocahontas:apple_album_search_no_auto_match,apple_music_link_pass_v1,album|various artists|pocahontas,graph_album,album,Various Artists,Pocahontas,1995,us,apple_album_search_no_auto_match,10,53,,false
graph_album:album|various artists|princess and the frog:apple_album_search_no_auto_match,apple_music_link_pass_v1,album|various artists|princess and the frog,graph_album,album,Various Artists,The Princess and the Frog,2009,us,apple_album_search_no_auto_match,10,53,,false
graph_album:album|various artists|pulp fiction:apple_album_search_no_auto_match,apple_music_link_pass_v1,album|various artists|pulp fiction,graph_album,album,Various Artists,Pulp Fiction,1994,us,apple_album_search_no_auto_match,5,88,,false
graph_album:album|various artists|romeo juliet:apple_album_search_no_auto_match,apple_music_link_pass_v1,album|various artists|romeo juliet,graph_album,album,Various Artists,Romeo + Juliet,1996,us,apple_album_search_no_auto_match,10,35,,false
graph_album:album|various artists|saturday night fever:apple_album_search_no_auto_match,apple_music_link_pass_v1,album|various artists|saturday night fever,graph_album,album,Various Artists,Saturday Night Fever,1977,us,apple_album_search_no_auto_match,10,73,,false
graph_album:album|various artists|shrek:apple_album_search_no_auto_match,apple_music_link_pass_v1,album|various artists|shrek,graph_album,album,Various Artists,Shrek,2001,us,apple_album_search_no_auto_match,10,88,,false
graph_album:album|various artists|singles:apple_album_search_no_auto_match,apple_music_link_pass_v1,album|various artists|singles,graph_album,album,Various Artists,Singles,1992,us,apple_album_search_no_auto_match,10,73,,false
graph_album:album|various artists|surf age nuggets:apple_album_search_no_auto_match,apple_music_link_pass_v1,album|various artists|surf age nuggets,graph_album,album,Various Artists,Surf-Age Nuggets,1996,us,apple_album_search_no_auto_match,2,73,,false
graph_album:album|various artists|tangled:apple_album_search_no_auto_match,apple_music_link_pass_v1,album|various artists|tangled,graph_album,album,Various Artists,Tangled,2010,us,apple_album_search_no_auto_match,10,53,,false
graph_album:album|various artists|top gun:apple_album_search_no_auto_match,apple_music_link_pass_v1,album|various artists|top gun,graph_album,album,Various Artists,Top Gun,1986,us,apple_album_search_no_auto_match,10,88,,false
graph_album:album|various artists|trainspotting:apple_album_search_no_auto_match,apple_music_link_pass_v1,album|various artists|trainspotting,graph_album,album,Various Artists,Trainspotting,1996,us,apple_album_search_no_auto_match,1,35,,false
graph_album:album|various artists|twilight:apple_album_search_no_auto_match,apple_music_link_pass_v1,album|various artists|twilight,graph_album,album,Various Artists,Twilight,2008,us,apple_album_search_no_auto_match,10,88,,false
graph_album:album|various artists|wanted the outlaws:apple_album_search_no_auto_match,apple_music_link_pass_v1,album|various artists|wanted the outlaws,graph_album,album,Various Artists,Wanted! The Outlaws,1976,us,apple_album_search_no_auto_match,3,35,,false
graph_album:album|velvet underground and nico|velvet underground and nico:apple_album_search_no_auto_match,apple_music_link_pass_v1,album|velvet underground and nico|velvet underground and nico,graph_album,album,The Velvet Underground & Nico,The Velvet Underground & Nico,1967,us,apple_album_search_no_auto_match,10,88,,false
graph_album:album|velvet underground|white light white heat:apple_album_search_no_auto_match,apple_music_link_pass_v1,album|velvet underground|white light white heat,graph_album,album,The Velvet Underground,White Light/White Heat,1968,us,apple_album_search_no_auto_match,5,88,,false
graph_album:album|vicente fernandez|un azteca en el azteca:apple_album_search_no_auto_match,apple_music_link_pass_v1,album|vicente fernandez|un azteca en el azteca,graph_album,album,Vicente Fernandez,Un Azteca en el Azteca,2016,us,apple_album_search_no_auto_match,10,88,,false
graph_album:album|vince guaraldi trio|a charlie brown christmas:apple_album_search_no_auto_match,apple_music_link_pass_v1,album|vince guaraldi trio|a charlie brown christmas,graph_album,album,Vince Guaraldi Trio,A Charlie Brown Christmas,1965,us,apple_album_search_no_auto_match,10,88,,false
graph_album:album|warrant|cherry pie:apple_album_search_no_auto_match,apple_music_link_pass_v1,album|warrant|cherry pie,graph_album,album,Warrant,Cherry Pie,1990,us,apple_album_search_no_auto_match,10,88,,false
graph_album:album|waylon jennings|dreaming my dreams:apple_album_search_no_auto_match,apple_music_link_pass_v1,album|waylon jennings|dreaming my dreams,graph_album,album,Waylon Jennings,Dreaming My Dreams,1975,us,apple_album_search_no_auto_match,10,88,,false
graph_album:album|weeknd|house of balloons:apple_album_search_no_auto_match,apple_music_link_pass_v1,album|weeknd|house of balloons,graph_album,album,The Weeknd,House of Balloons,2011,us,apple_album_search_no_auto_match,10,88,,false
graph_album:album|white zombie|astro creep 2000:apple_album_search_no_auto_match,apple_music_link_pass_v1,album|white zombie|astro creep 2000,graph_album,album,White Zombie,Astro-Creep: 2000,1995,us,apple_album_search_no_auto_match,4,88,,false
graph_album:album|whitesnake|whitesnake:apple_album_search_no_auto_match,apple_music_link_pass_v1,album|whitesnake|whitesnake,graph_album,album,Whitesnake,Whitesnake,1987,us,apple_album_search_no_auto_match,10,35,,false
graph_album:album|who|my generation:apple_album_search_no_auto_match,apple_music_link_pass_v1,album|who|my generation,graph_album,album,The Who,My Generation,1965,us,apple_album_search_no_auto_match,10,88,,false
graph_album:album|who|who s next:apple_album_search_no_auto_match,apple_music_link_pass_v1,album|who|who s next,graph_album,album,The Who,Who's Next,1971,us,apple_album_search_no_auto_match,10,88,,false
graph_album:album|who|who sell out:apple_album_search_no_auto_match,apple_music_link_pass_v1,album|who|who sell out,graph_album,album,The Who,The Who Sell Out,1967,us,apple_album_search_no_auto_match,10,88,,false
graph_album:album|whodini|escape:apple_album_search_no_auto_match,apple_music_link_pass_v1,album|whodini|escape,graph_album,album,Whodini,Escape,1984,us,apple_album_search_no_auto_match,1,88,,false
graph_album:album|wiggles|big red car:apple_album_search_no_auto_match,apple_music_link_pass_v1,album|wiggles|big red car,graph_album,album,The Wiggles,Big Red Car,1995,us,apple_album_search_no_auto_match,10,73,,false
graph_album:album|x ray spex|germfree adolescents:apple_album_search_no_auto_match,apple_music_link_pass_v1,album|x ray spex|germfree adolescents,graph_album,album,X-Ray Spex,Germfree Adolescents,1978,us,apple_album_search_no_auto_match,1,50,,false
graph_album:album|xg|new dna:apple_album_search_no_auto_match,apple_music_link_pass_v1,album|xg|new dna,graph_album,album,XG,New DNA,2023,us,apple_album_search_no_auto_match,1,88,,false
graph_album:album|yiruma|first love:apple_album_search_no_auto_match,apple_music_link_pass_v1,album|yiruma|first love,graph_album,album,Yiruma,First Love,2001,us,apple_album_search_no_auto_match,10,88,,false
graph_album:album|yo yo ma|bach cello suites:apple_album_search_no_auto_match,apple_music_link_pass_v1,album|yo yo ma|bach cello suites,graph_album,album,Yo-Yo Ma,Bach: Cello Suites,1983,us,apple_album_search_no_auto_match,10,88,,false
graph_album:album|zombies|odessey and oracle:apple_album_search_no_auto_match,apple_music_link_pass_v1,album|zombies|odessey and oracle,graph_album,album,The Zombies,Odessey and Oracle,1968,us,apple_album_search_no_auto_match,3,88,,false
graph_artist_anchor:artist_anchor|afrika bambaataa and soulsonic force|afrika bambaataa and soulsonic force:apple_artist_search_no_exact_normalized_result,apple_music_link_pass_v1,artist_anchor|afrika bambaataa and soulsonic force|afrika bambaataa and soulsonic force,graph_artist_anchor,artist_anchor,Afrika Bambaataa & Soulsonic Force,Afrika Bambaataa & Soulsonic Force,,us,apple_artist_search_no_exact_normalized_result,5,,,false
graph_artist_anchor:artist_anchor|banda ms|banda ms:apple_artist_search_no_exact_normalized_result,apple_music_link_pass_v1,artist_anchor|banda ms|banda ms,graph_artist_anchor,artist_anchor,Banda MS,Banda MS,,us,apple_artist_search_no_exact_normalized_result,5,,,false
graph_artist_anchor:artist_anchor|bee gees early|bee gees early:apple_artist_search_no_results,apple_music_link_pass_v1,artist_anchor|bee gees early|bee gees early,graph_artist_anchor,artist_anchor,Bee Gees (early),Bee Gees (early),,us,apple_artist_search_no_results,0,,,false
graph_artist_anchor:artist_anchor|bill medley and jennifer warnes|bill medley and jennifer warnes:apple_artist_search_no_exact_normalized_result,apple_music_link_pass_v1,artist_anchor|bill medley and jennifer warnes|bill medley and jennifer warnes,graph_artist_anchor,artist_anchor,Bill Medley and Jennifer Warnes,Bill Medley and Jennifer Warnes,,us,apple_artist_search_no_exact_normalized_result,2,,,false
graph_artist_anchor:artist_anchor|comsat angels|comsat angels:apple_artist_search_no_results,apple_music_link_pass_v1,artist_anchor|comsat angels|comsat angels,graph_artist_anchor,artist_anchor,The Comsat Angels,The Comsat Angels,,us,apple_artist_search_no_results,0,,,false
graph_artist_anchor:artist_anchor|disney|disney:apple_artist_search_no_exact_normalized_result,apple_music_link_pass_v1,artist_anchor|disney|disney,graph_artist_anchor,artist_anchor,Disney,Disney,,us,apple_artist_search_no_exact_normalized_result,5,,,false
graph_artist_anchor:artist_anchor|g i dle|g i dle:apple_artist_search_no_exact_normalized_result,apple_music_link_pass_v1,artist_anchor|g i dle|g i dle,graph_artist_anchor,artist_anchor,(G)I-DLE,(G)I-DLE,,us,apple_artist_search_no_exact_normalized_result,5,,,false
graph_artist_anchor:artist_anchor|hall and oates|hall and oates:apple_artist_search_no_exact_normalized_result,apple_music_link_pass_v1,artist_anchor|hall and oates|hall and oates,graph_artist_anchor,artist_anchor,Hall & Oates,Hall & Oates,,us,apple_artist_search_no_exact_normalized_result,5,,,false
graph_artist_anchor:artist_anchor|hildur gudnadottir|hildur gudnadottir:apple_artist_search_no_exact_normalized_result,apple_music_link_pass_v1,artist_anchor|hildur gudnadottir|hildur gudnadottir,graph_artist_anchor,artist_anchor,Hildur Gudnadottir,Hildur Gudnadottir,,us,apple_artist_search_no_exact_normalized_result,2,,,false
graph_artist_anchor:artist_anchor|jackie brenston and his delta cats|jackie brenston and his delta cats:apple_artist_search_no_exact_normalized_result,apple_music_link_pass_v1,artist_anchor|jackie brenston and his delta cats|jackie brenston and his delta cats,graph_artist_anchor,artist_anchor,Jackie Brenston and His Delta Cats,Jackie Brenston and His Delta Cats,,us,apple_artist_search_no_exact_normalized_result,4,,,false
graph_artist_anchor:artist_anchor|jimmy darren|jimmy darren:apple_artist_search_no_exact_normalized_result,apple_music_link_pass_v1,artist_anchor|jimmy darren|jimmy darren,graph_artist_anchor,artist_anchor,Jimmy Darren,Jimmy Darren,,us,apple_artist_search_no_exact_normalized_result,4,,,false
graph_artist_anchor:artist_anchor|kathy young and the innocents|kathy young and the innocents:apple_artist_search_no_exact_normalized_result,apple_music_link_pass_v1,artist_anchor|kathy young and the innocents|kathy young and the innocents,graph_artist_anchor,artist_anchor,Kathy Young & The Innocents,Kathy Young & The Innocents,,us,apple_artist_search_no_exact_normalized_result,2,,,false
graph_artist_anchor:artist_anchor|kidz bop|kidz bop:apple_artist_search_no_exact_normalized_result,apple_music_link_pass_v1,artist_anchor|kidz bop|kidz bop,graph_artist_anchor,artist_anchor,Kidz Bop,Kidz Bop,,us,apple_artist_search_no_exact_normalized_result,5,,,false
graph_artist_anchor:artist_anchor|la arrolladora banda el limon|la arrolladora banda el limon:apple_artist_search_no_exact_normalized_result,apple_music_link_pass_v1,artist_anchor|la arrolladora banda el limon|la arrolladora banda el limon,graph_artist_anchor,artist_anchor,La Arrolladora Banda El Limon,La Arrolladora Banda El Limon,,us,apple_artist_search_no_exact_normalized_result,5,,,false
graph_artist_anchor:artist_anchor|mammoth wvh|mammoth wvh:apple_artist_search_no_exact_normalized_result,apple_music_link_pass_v1,artist_anchor|mammoth wvh|mammoth wvh,graph_artist_anchor,artist_anchor,Mammoth WVH,Mammoth WVH,,us,apple_artist_search_no_exact_normalized_result,2,,,false
graph_artist_anchor:artist_anchor|martha and the vandellas|martha and the vandellas:apple_artist_search_no_exact_normalized_result,apple_music_link_pass_v1,artist_anchor|martha and the vandellas|martha and the vandellas,graph_artist_anchor,artist_anchor,Martha and the Vandellas,Martha and the Vandellas,,us,apple_artist_search_no_exact_normalized_result,5,,,false
graph_artist_anchor:artist_anchor|moody blues early|moody blues early:apple_artist_search_no_results,apple_music_link_pass_v1,artist_anchor|moody blues early|moody blues early,graph_artist_anchor,artist_anchor,The Moody Blues (early),The Moody Blues (early),,us,apple_artist_search_no_results,0,,,false
graph_artist_anchor:artist_anchor|mos def yasiin bey|mos def yasiin bey:apple_artist_search_no_exact_normalized_result,apple_music_link_pass_v1,artist_anchor|mos def yasiin bey|mos def yasiin bey,graph_artist_anchor,artist_anchor,Mos Def / Yasiin Bey,Mos Def / Yasiin Bey,,us,apple_artist_search_no_exact_normalized_result,2,,,false
graph_artist_anchor:artist_anchor|original broadway cast of wicked|original broadway cast of wicked:apple_artist_search_no_exact_normalized_result,apple_music_link_pass_v1,artist_anchor|original broadway cast of wicked|original broadway cast of wicked,graph_artist_anchor,artist_anchor,Original Broadway Cast of Wicked,Original Broadway Cast of Wicked,,us,apple_artist_search_no_exact_normalized_result,5,,,false
graph_artist_anchor:artist_anchor|parliament funkadelic|parliament funkadelic:apple_artist_search_no_exact_normalized_result,apple_music_link_pass_v1,artist_anchor|parliament funkadelic|parliament funkadelic,graph_artist_anchor,artist_anchor,Parliament/Funkadelic,Parliament/Funkadelic,,us,apple_artist_search_no_exact_normalized_result,3,,,false
graph_artist_anchor:artist_anchor|red bird records|red bird girls:apple_artist_search_no_results,apple_music_link_pass_v1,artist_anchor|red bird records|red bird girls,graph_artist_anchor,artist_anchor,Red Bird Records,The Red Bird Girls,1990,us,apple_artist_search_no_results,0,,,false
graph_artist_anchor:artist_anchor|richard and mimi farina|richard and mimi farina:apple_artist_search_no_exact_normalized_result,apple_music_link_pass_v1,artist_anchor|richard and mimi farina|richard and mimi farina,graph_artist_anchor,artist_anchor,Richard and Mimi Farina,Richard and Mimi Farina,1965,us,apple_artist_search_no_exact_normalized_result,1,,,false
graph_artist_anchor:artist_anchor|sam cooke and the soul stirrers|sam cooke and the soul stirrers:apple_artist_search_no_exact_normalized_result,apple_music_link_pass_v1,artist_anchor|sam cooke and the soul stirrers|sam cooke and the soul stirrers,graph_artist_anchor,artist_anchor,Sam Cooke and The Soul Stirrers,Sam Cooke and The Soul Stirrers,,us,apple_artist_search_no_exact_normalized_result,4,,,false
graph_recording:recording|age of love|age of love jam and spoon watch out for stella mix:apple_song_search_needs_review_version_risk,apple_music_link_pass_v1,recording|age of love|age of love jam and spoon watch out for stella mix,graph_recording,recording,Age of Love,The Age of Love (Jam & Spoon Watch Out for Stella Mix),1992,us,apple_song_search_needs_review_version_risk,10,73,,false
graph_recording:recording|alexander courage|theme from star trek:apple_song_search_needs_review_version_risk,apple_music_link_pass_v1,recording|alexander courage|theme from star trek,graph_recording,recording,Alexander Courage,Theme from Star Trek,1966,us,apple_song_search_needs_review_version_risk,10,73,,false
graph_recording:recording|angela lansbury david ogden stiers jerry orbach and paige o hara|something there:apple_song_search_needs_review_version_risk,apple_music_link_pass_v1,recording|angela lansbury david ogden stiers jerry orbach and paige o hara|something there,graph_recording,recording,"Angela Lansbury, David Ogden Stiers, Jerry Orbach and Paige O'Hara",Something There,1991,us,apple_song_search_needs_review_version_risk,10,65,,false
graph_recording:recording|anthony brown and group therapy|worth:apple_song_search_no_auto_match,apple_music_link_pass_v1,recording|anthony brown and group therapy|worth,graph_recording,recording,Anthony Brown & group therAPy,Worth,2015,us,apple_song_search_no_auto_match,10,88,,false
graph_recording:recording|basil poledouris|anvil of crom:apple_song_search_needs_review_version_risk,apple_music_link_pass_v1,recording|basil poledouris|anvil of crom,graph_recording,recording,Basil Poledouris,Anvil of Crom,1982,us,apple_song_search_needs_review_version_risk,10,88,,false
graph_recording:recording|basil poledouris|theme from robocop:apple_song_search_needs_review_version_risk,apple_music_link_pass_v1,recording|basil poledouris|theme from robocop,graph_recording,recording,Basil Poledouris,Theme from RoboCop,1987,us,apple_song_search_needs_review_version_risk,10,35,,false
graph_recording:recording|betty noyes|baby mine:apple_song_search_needs_review_version_risk,apple_music_link_pass_v1,recording|betty noyes|baby mine,graph_recording,recording,Betty Noyes,Baby Mine,1941,us,apple_song_search_needs_review_version_risk,2,73,,false
graph_recording:recording|bill evans|peace piece:apple_song_search_no_results,apple_music_link_pass_v1,recording|bill evans|peace piece,graph_recording,recording,Bill Evans,Peace Piece,1958,us,apple_song_search_no_results,0,,,false
graph_recording:recording|billie holiday|i ll be seeing you:apple_song_search_needs_review_version_risk,apple_music_link_pass_v1,recording|billie holiday|i ll be seeing you,graph_recording,recording,Billie Holiday,I'll Be Seeing You,1944,us,apple_song_search_needs_review_version_risk,10,92,,false
graph_recording:recording|billy joel|why should i worry:apple_song_search_needs_review_version_risk,apple_music_link_pass_v1,recording|billy joel|why should i worry,graph_recording,recording,Billy Joel,Why Should I Worry?,1988,us,apple_song_search_needs_review_version_risk,10,85,,false
graph_recording:recording|bob james|nautilus:apple_song_search_no_results,apple_music_link_pass_v1,recording|bob james|nautilus,graph_recording,recording,Bob James,Nautilus,1974,us,apple_song_search_no_results,0,,,false
graph_recording:recording|bobby driscoll kathryn beaumont and paul collins|you can fly you can fly you can fly:apple_song_search_needs_review_version_risk,apple_music_link_pass_v1,recording|bobby driscoll kathryn beaumont and paul collins|you can fly you can fly you can fly,graph_recording,recording,"Bobby Driscoll, Kathryn Beaumont and Paul Collins",You Can Fly! You Can Fly! You Can Fly!,1953,us,apple_song_search_needs_review_version_risk,5,53,,false
graph_recording:recording|brad fiedel|main title from the terminator:apple_song_search_needs_review_version_risk,apple_music_link_pass_v1,recording|brad fiedel|main title from the terminator,graph_recording,recording,Brad Fiedel,Main Title from The Terminator,1984,us,apple_song_search_needs_review_version_risk,10,50,,false
graph_recording:recording|brooke ligertwood and brandon lake|honey in the rock:apple_song_search_no_auto_match,apple_music_link_pass_v1,recording|brooke ligertwood and brandon lake|honey in the rock,graph_recording,recording,Brooke Ligertwood and Brandon Lake,Honey in the Rock,2022,us,apple_song_search_no_auto_match,10,88,,false
graph_recording:recording|byron cage|presence of the lord is here:apple_song_search_needs_review_version_risk,apple_music_link_pass_v1,recording|byron cage|presence of the lord is here,graph_recording,recording,Byron Cage,The Presence of the Lord Is Here,2003,us,apple_song_search_needs_review_version_risk,10,85,,false
graph_recording:recording|caravans|sweeping through the city:apple_song_search_no_auto_match,apple_music_link_pass_v1,recording|caravans|sweeping through the city,graph_recording,recording,The Caravans,Sweeping Through the City,1958,us,apple_song_search_no_auto_match,3,73,,false
graph_recording:recording|carol channing|before the parade passes by:apple_song_search_needs_review_version_risk,apple_music_link_pass_v1,recording|carol channing|before the parade passes by,graph_recording,recording,Carol Channing,Before the Parade Passes By,1964,us,apple_song_search_needs_review_version_risk,4,85,,false
graph_recording:recording|casting crowns|east to west:apple_song_search_no_auto_match,apple_music_link_pass_v1,recording|casting crowns|east to west,graph_recording,recording,Casting Crowns,East to West,2007,us,apple_song_search_no_auto_match,10,85,,false
graph_recording:recording|cheryl freeman lachanze roz ryan vaneese thomas and lillias white|gospel truth:apple_song_search_needs_review_version_risk,apple_music_link_pass_v1,recording|cheryl freeman lachanze roz ryan vaneese thomas and lillias white|gospel truth,graph_recording,recording,"Cheryl Freeman, LaChanze, Roz Ryan, Vaneese Thomas and Lillias White",The Gospel Truth,1997,us,apple_song_search_needs_review_version_risk,10,53,,false
graph_recording:recording|chris tomlin|forever:apple_song_search_needs_review_version_risk,apple_music_link_pass_v1,recording|chris tomlin|forever,graph_recording,recording,Chris Tomlin,Forever,2001,us,apple_song_search_needs_review_version_risk,10,85,,false
graph_recording:recording|christine johnson|you ll never walk alone:apple_song_search_needs_review_version_risk,apple_music_link_pass_v1,recording|christine johnson|you ll never walk alone,graph_recording,recording,Christine Johnson,You'll Never Walk Alone,1945,us,apple_song_search_needs_review_version_risk,1,88,,false
graph_recording:recording|clark sisters|endow me:apple_song_search_no_auto_match,apple_music_link_pass_v1,recording|clark sisters|endow me,graph_recording,recording,The Clark Sisters,Endow Me,1986,us,apple_song_search_no_auto_match,10,85,,false
graph_recording:recording|clark sisters|is my living in vain:apple_song_search_no_auto_match,apple_music_link_pass_v1,recording|clark sisters|is my living in vain,graph_recording,recording,The Clark Sisters,Is My Living in Vain,1980,us,apple_song_search_no_auto_match,10,85,,false
graph_recording:recording|dave grusin|mountain dance:apple_song_search_no_auto_match,apple_music_link_pass_v1,recording|dave grusin|mountain dance,graph_recording,recording,Dave Grusin,Mountain Dance,1980,us,apple_song_search_no_auto_match,10,85,,false
graph_recording:recording|dave grusin|theme from st elsewhere:apple_song_search_needs_review_version_risk,apple_music_link_pass_v1,recording|dave grusin|theme from st elsewhere,graph_recording,recording,Dave Grusin,Theme from St. Elsewhere,1982,us,apple_song_search_needs_review_version_risk,4,92,,false
graph_recording:recording|david garrett|he s a pirate:apple_song_search_needs_review_version_risk,apple_music_link_pass_v1,recording|david garrett|he s a pirate,graph_recording,recording,David Garrett,He's a Pirate,2010,us,apple_song_search_needs_review_version_risk,6,80,,false
graph_recording:recording|dick van dyke julie andrews and karen dotrice|chim chim cher ee:apple_song_search_needs_review_version_risk,apple_music_link_pass_v1,recording|dick van dyke julie andrews and karen dotrice|chim chim cher ee,graph_recording,recording,"Dick Van Dyke, Julie Andrews and Karen Dotrice",Chim Chim Cher-ee,1964,us,apple_song_search_needs_review_version_risk,8,65,,false
graph_recording:recording|dinah washington|mad about the boy:apple_song_search_needs_review_version_risk,apple_music_link_pass_v1,recording|dinah washington|mad about the boy,graph_recording,recording,Dinah Washington,Mad About the Boy,1952,us,apple_song_search_needs_review_version_risk,10,85,,false
graph_recording:recording|disney studio chorus|winnie the pooh:apple_song_search_needs_review_version_risk,apple_music_link_pass_v1,recording|disney studio chorus|winnie the pooh,graph_recording,recording,The Disney Studio Chorus,Winnie the Pooh,1966,us,apple_song_search_needs_review_version_risk,10,73,,false
graph_recording:recording|dizzy gillespie and charlie parker|salt peanuts:apple_song_search_no_auto_match,apple_music_link_pass_v1,recording|dizzy gillespie and charlie parker|salt peanuts,graph_recording,recording,Dizzy Gillespie and Charlie Parker,Salt Peanuts,1945,us,apple_song_search_no_auto_match,10,85,,false
graph_recording:recording|donna mckechnie|music and the mirror:apple_song_search_needs_review_version_risk,apple_music_link_pass_v1,recording|donna mckechnie|music and the mirror,graph_recording,recording,Donna McKechnie,The Music and the Mirror,1975,us,apple_song_search_needs_review_version_risk,2,85,,false
graph_recording:recording|duke ellington|mood indigo:apple_song_search_no_auto_match,apple_music_link_pass_v1,recording|duke ellington|mood indigo,graph_recording,recording,Duke Ellington,Mood Indigo,1930,us,apple_song_search_no_auto_match,10,85,,false
graph_recording:recording|e s posthumus|nara:apple_song_search_needs_review_version_risk,apple_music_link_pass_v1,recording|e s posthumus|nara,graph_recording,recording,E.S. Posthumus,Nara,2001,us,apple_song_search_needs_review_version_risk,2,88,,false
graph_recording:recording|earl klugh and bob james|kari:apple_song_search_no_auto_match,apple_music_link_pass_v1,recording|earl klugh and bob james|kari,graph_recording,recording,Earl Klugh and Bob James,Kari,1979,us,apple_song_search_no_auto_match,2,65,,false
graph_recording:recording|elevation worship and maverick city music|wait on you:apple_song_search_needs_review_version_risk,apple_music_link_pass_v1,recording|elevation worship and maverick city music|wait on you,graph_recording,recording,Elevation Worship and Maverick City Music,Wait on You,2021,us,apple_song_search_needs_review_version_risk,10,88,,false
graph_recording:recording|ella fitzgerald and louis armstrong|summertime:apple_song_search_needs_review_version_risk,apple_music_link_pass_v1,recording|ella fitzgerald and louis armstrong|summertime,graph_recording,recording,Ella Fitzgerald and Louis Armstrong,Summertime,1957,us,apple_song_search_needs_review_version_risk,10,65,,false
graph_recording:recording|escala|kashmir:apple_song_search_needs_review_version_risk,apple_music_link_pass_v1,recording|escala|kashmir,graph_recording,recording,Escala,Kashmir,2009,us,apple_song_search_needs_review_version_risk,1,88,,false
graph_recording:recording|frank sinatra|best is yet to come:apple_song_search_needs_review_version_risk,apple_music_link_pass_v1,recording|frank sinatra|best is yet to come,graph_recording,recording,Frank Sinatra,The Best Is Yet to Come,1964,us,apple_song_search_needs_review_version_risk,10,73,,false
graph_recording:recording|george givot and bill thompson|bella notte:apple_song_search_needs_review_version_risk,apple_music_link_pass_v1,recording|george givot and bill thompson|bella notte,graph_recording,recording,George Givot and Bill Thompson,Bella Notte,1955,us,apple_song_search_needs_review_version_risk,4,38,,false
graph_recording:recording|gwen verdon and original broadway cast of chicago|roxie:apple_song_search_needs_review_version_risk,apple_music_link_pass_v1,recording|gwen verdon and original broadway cast of chicago|roxie,graph_recording,recording,Gwen Verdon and Original Broadway Cast of Chicago,Roxie,1975,us,apple_song_search_needs_review_version_risk,3,65,,false
graph_recording:recording|hans zimmer|mountains:apple_song_search_needs_review_version_risk,apple_music_link_pass_v1,recording|hans zimmer|mountains,graph_recording,recording,Hans Zimmer,Mountains,2014,us,apple_song_search_needs_review_version_risk,10,50,,false
graph_recording:recording|high school musical cast|we re all in this together:apple_song_search_needs_review_version_risk,apple_music_link_pass_v1,recording|high school musical cast|we re all in this together,graph_recording,recording,High School Musical Cast,We're All in This Together,2006,us,apple_song_search_needs_review_version_risk,10,45,,false
graph_recording:recording|hillsong united|good grace:apple_song_search_needs_review_version_risk,apple_music_link_pass_v1,recording|hillsong united|good grace,graph_recording,recording,Hillsong United,Good Grace,2018,us,apple_song_search_needs_review_version_risk,10,85,,false
graph_recording:recording|hillsong united|stand:apple_song_search_needs_review_version_risk,apple_music_link_pass_v1,recording|hillsong united|stand,graph_recording,recording,Hillsong United,The Stand,2005,us,apple_song_search_needs_review_version_risk,10,85,,false
graph_recording:recording|huey lewis|once upon a time in new york city:apple_song_search_needs_review_version_risk,apple_music_link_pass_v1,recording|huey lewis|once upon a time in new york city,graph_recording,recording,Huey Lewis,Once Upon a Time in New York City,1988,us,apple_song_search_needs_review_version_risk,10,38,,false
graph_recording:recording|inez andrews|lord don t move the mountain:apple_song_search_no_auto_match,apple_music_link_pass_v1,recording|inez andrews|lord don t move the mountain,graph_recording,recording,Inez Andrews,"Lord, Don't Move the Mountain",1973,us,apple_song_search_no_auto_match,10,85,,false
graph_recording:recording|israel and new breed|friend of god:apple_song_search_needs_review_version_risk,apple_music_link_pass_v1,recording|israel and new breed|friend of god,graph_recording,recording,Israel & New Breed,Friend of God,2004,us,apple_song_search_needs_review_version_risk,10,65,,false
graph_recording:recording|israel and new breed|you are good:apple_song_search_needs_review_version_risk,apple_music_link_pass_v1,recording|israel and new breed|you are good,graph_recording,recording,Israel & New Breed,You Are Good,2001,us,apple_song_search_needs_review_version_risk,10,73,,false
graph_recording:recording|james horner|main title from apollo 13:apple_song_search_needs_review_version_risk,apple_music_link_pass_v1,recording|james horner|main title from apollo 13,graph_recording,recording,James Horner,Main Title from Apollo 13,1995,us,apple_song_search_needs_review_version_risk,10,50,,false
graph_recording:recording|james horner|main title from braveheart:apple_song_search_needs_review_version_risk,apple_music_link_pass_v1,recording|james horner|main title from braveheart,graph_recording,recording,James Horner,Main Title from Braveheart,1995,us,apple_song_search_needs_review_version_risk,10,88,,false
graph_recording:recording|jekalyn carr|you will win:apple_song_search_no_results,apple_music_link_pass_v1,recording|jekalyn carr|you will win,graph_recording,recording,Jekalyn Carr,You Will Win,2017,us,apple_song_search_no_results,0,,,false
graph_recording:recording|jeremy camp|i still believe:apple_song_search_no_auto_match,apple_music_link_pass_v1,recording|jeremy camp|i still believe,graph_recording,recording,Jeremy Camp,I Still Believe,2003,us,apple_song_search_no_auto_match,10,85,,false
graph_recording:recording|jerry goldsmith|main title from basic instinct:apple_song_search_needs_review_version_risk,apple_music_link_pass_v1,recording|jerry goldsmith|main title from basic instinct,graph_recording,recording,Jerry Goldsmith,Main Title from Basic Instinct,1992,us,apple_song_search_needs_review_version_risk,10,50,,false
graph_recording:recording|jerry goldsmith|main title from total recall:apple_song_search_needs_review_version_risk,apple_music_link_pass_v1,recording|jerry goldsmith|main title from total recall,graph_recording,recording,Jerry Goldsmith,Main Title from Total Recall,1990,us,apple_song_search_needs_review_version_risk,10,85,,false
graph_recording:recording|jj hairston and youthful praise|you deserve it:apple_song_search_needs_review_version_risk,apple_music_link_pass_v1,recording|jj hairston and youthful praise|you deserve it,graph_recording,recording,JJ Hairston and Youthful Praise,You Deserve It,2017,us,apple_song_search_needs_review_version_risk,10,50,,false
graph_recording:recording|john raitt and jan clayton|if i loved you:apple_song_search_needs_review_version_risk,apple_music_link_pass_v1,recording|john raitt and jan clayton|if i loved you,graph_recording,recording,John Raitt and Jan Clayton,If I Loved You,1945,us,apple_song_search_needs_review_version_risk,2,65,,false
graph_recording:recording|julie andrews|feed the birds:apple_song_search_needs_review_version_risk,apple_music_link_pass_v1,recording|julie andrews|feed the birds,graph_recording,recording,Julie Andrews,Feed the Birds,1964,us,apple_song_search_needs_review_version_risk,10,88,,false
graph_recording:recording|julie london|fly me to the moon:apple_song_search_needs_review_version_risk,apple_music_link_pass_v1,recording|julie london|fly me to the moon,graph_recording,recording,Julie London,Fly Me to the Moon,1963,us,apple_song_search_needs_review_version_risk,10,88,,false
graph_recording:recording|kidz bop kids|kidz bop shuffle:apple_song_search_no_auto_match,apple_music_link_pass_v1,recording|kidz bop kids|kidz bop shuffle,graph_recording,recording,Kidz Bop Kids,Kidz Bop Shuffle,2010,us,apple_song_search_no_auto_match,10,85,,false
graph_recording:recording|kirk whalum|wave:apple_song_search_no_auto_match,apple_music_link_pass_v1,recording|kirk whalum|wave,graph_recording,recording,Kirk Whalum,The Wave,1994,us,apple_song_search_no_auto_match,6,85,,false
graph_recording:recording|larry carlton|smiles and smiles to go:apple_song_search_no_auto_match,apple_music_link_pass_v1,recording|larry carlton|smiles and smiles to go,graph_recording,recording,Larry Carlton,Smiles and Smiles to Go,1986,us,apple_song_search_no_auto_match,10,85,,false
graph_recording:recording|larry kert and carol lawrence|tonight:apple_song_search_needs_review_version_risk,apple_music_link_pass_v1,recording|larry kert and carol lawrence|tonight,graph_recording,recording,Larry Kert and Carol Lawrence,Tonight,1957,us,apple_song_search_needs_review_version_risk,10,65,,false
graph_recording:recording|le andria johnson|better days:apple_song_search_no_auto_match,apple_music_link_pass_v1,recording|le andria johnson|better days,graph_recording,recording,Le'Andria Johnson,Better Days,2011,us,apple_song_search_no_auto_match,10,0,,false
graph_recording:recording|lindsey stirling|shatter me:apple_song_search_no_auto_match,apple_music_link_pass_v1,recording|lindsey stirling|shatter me,graph_recording,recording,Lindsey Stirling,Shatter Me,2014,us,apple_song_search_no_auto_match,10,88,,false
graph_recording:recording|luciano pavarotti|o sole mio:apple_song_search_needs_review_version_risk,apple_music_link_pass_v1,recording|luciano pavarotti|o sole mio,graph_recording,recording,Luciano Pavarotti,O sole mio,1980,us,apple_song_search_needs_review_version_risk,10,85,,false
graph_recording:recording|mark keali i ho omalu and kamehameha schools children s chorus|hawaiian roller coaster ride:apple_song_search_needs_review_version_risk,apple_music_link_pass_v1,recording|mark keali i ho omalu and kamehameha schools children s chorus|hawaiian roller coaster ride,graph_recording,recording,Mark Keali'i Ho'omalu and Kamehameha Schools Children's Chorus,Hawaiian Roller Coaster Ride,2002,us,apple_song_search_needs_review_version_risk,10,88,,false
graph_recording:recording|maverick city music and upperroom|rest on us:apple_song_search_needs_review_version_risk,apple_music_link_pass_v1,recording|maverick city music and upperroom|rest on us,graph_recording,recording,Maverick City Music and UPPERROOM,Rest on Us,2021,us,apple_song_search_needs_review_version_risk,10,88,,false
graph_recording:recording|maverick city music|million little miracles:apple_song_search_needs_review_version_risk,apple_music_link_pass_v1,recording|maverick city music|million little miracles,graph_recording,recording,Maverick City Music,Million Little Miracles,2021,us,apple_song_search_needs_review_version_risk,10,88,,false
graph_recording:recording|maverick city music|son of suffering:apple_song_search_needs_review_version_risk,apple_music_link_pass_v1,recording|maverick city music|son of suffering,graph_recording,recording,Maverick City Music,Son of Suffering,2021,us,apple_song_search_needs_review_version_risk,10,88,,false
graph_recording:recording|michael crawford and sarah brightman|phantom of the opera:apple_song_search_needs_review_version_risk,apple_music_link_pass_v1,recording|michael crawford and sarah brightman|phantom of the opera,graph_recording,recording,Michael Crawford and Sarah Brightman,The Phantom of the Opera,1986,us,apple_song_search_needs_review_version_risk,10,65,,false
graph_recording:recording|michael w smith|breathe:apple_song_search_needs_review_version_risk,apple_music_link_pass_v1,recording|michael w smith|breathe,graph_recording,recording,Michael W. Smith,Breathe,2001,us,apple_song_search_needs_review_version_risk,10,85,,false
graph_recording:recording|nat king cole|christmas song:apple_song_search_needs_review_version_risk,apple_music_link_pass_v1,recording|nat king cole|christmas song,graph_recording,recording,Nat King Cole,The Christmas Song,1946,us,apple_song_search_needs_review_version_risk,10,73,,false
graph_recording:recording|needtobreathe featuring gavin degraw|brother:apple_song_search_no_auto_match,apple_music_link_pass_v1,recording|needtobreathe featuring gavin degraw|brother,graph_recording,recording,NEEDTOBREATHE featuring Gavin DeGraw,Brother,2015,us,apple_song_search_no_auto_match,7,88,,false
graph_recording:recording|nino rota|main title from the godfather part ii:apple_song_search_needs_review_version_risk,apple_music_link_pass_v1,recording|nino rota|main title from the godfather part ii,graph_recording,recording,Nino Rota,Main Title from The Godfather Part II,1974,us,apple_song_search_needs_review_version_risk,10,0,,false
graph_recording:recording|orchestral manoeuvres in the dark|if you leave:apple_song_search_needs_review_version_risk,apple_music_link_pass_v1,recording|orchestral manoeuvres in the dark|if you leave,graph_recording,recording,Orchestral Manoeuvres in the Dark,If You Leave,1986,us,apple_song_search_needs_review_version_risk,10,92,,false
graph_recording:recording|original broadway cast of a chorus line|one:apple_song_search_needs_review_version_risk,apple_music_link_pass_v1,recording|original broadway cast of a chorus line|one,graph_recording,recording,Original Broadway Cast of A Chorus Line,One,1975,us,apple_song_search_needs_review_version_risk,10,38,,false
graph_recording:recording|original broadway cast of be more chill|michael in the bathroom:apple_song_search_needs_review_version_risk,apple_music_link_pass_v1,recording|original broadway cast of be more chill|michael in the bathroom,graph_recording,recording,Original Broadway Cast of Be More Chill,Michael in the Bathroom,2018,us,apple_song_search_needs_review_version_risk,10,57,,false
graph_recording:recording|original broadway cast of beetlejuice|dead mom:apple_song_search_needs_review_version_risk,apple_music_link_pass_v1,recording|original broadway cast of beetlejuice|dead mom,graph_recording,recording,Original Broadway Cast of Beetlejuice,Dead Mom,2019,us,apple_song_search_needs_review_version_risk,8,65,,false
graph_recording:recording|original broadway cast of chicago|razzle dazzle:apple_song_search_needs_review_version_risk,apple_music_link_pass_v1,recording|original broadway cast of chicago|razzle dazzle,graph_recording,recording,Original Broadway Cast of Chicago,Razzle Dazzle,1975,us,apple_song_search_needs_review_version_risk,10,50,,false
graph_recording:recording|original broadway cast of west side story|gee officer krupke:apple_song_search_needs_review_version_risk,apple_music_link_pass_v1,recording|original broadway cast of west side story|gee officer krupke,graph_recording,recording,Original Broadway Cast of West Side Story,"Gee, Officer Krupke",1957,us,apple_song_search_needs_review_version_risk,10,50,,false
graph_recording:recording|original london cast of the phantom of the opera|masquerade:apple_song_search_needs_review_version_risk,apple_music_link_pass_v1,recording|original london cast of the phantom of the opera|masquerade,graph_recording,recording,Original London Cast of The Phantom of the Opera,Masquerade,1986,us,apple_song_search_needs_review_version_risk,10,15,,false
graph_recording:recording|passion featuring kristian stanfill|even so come:apple_song_search_needs_review_version_risk,apple_music_link_pass_v1,recording|passion featuring kristian stanfill|even so come,graph_recording,recording,Passion featuring Kristian Stanfill,Even So Come,2015,us,apple_song_search_needs_review_version_risk,10,88,,false
graph_recording:recording|passion featuring kristian stanfill|glorious day:apple_song_search_needs_review_version_risk,apple_music_link_pass_v1,recording|passion featuring kristian stanfill|glorious day,graph_recording,recording,Passion featuring Kristian Stanfill,Glorious Day,2017,us,apple_song_search_needs_review_version_risk,10,53,,false
graph_recording:recording|patrick swayze featuring wendy fraser|she s like the wind:apple_song_search_needs_review_version_risk,apple_music_link_pass_v1,recording|patrick swayze featuring wendy fraser|she s like the wind,graph_recording,recording,Patrick Swayze featuring Wendy Fraser,She's Like the Wind,1987,us,apple_song_search_needs_review_version_risk,7,88,,false
graph_recording:recording|paul baloche|hosanna praise is rising:apple_song_search_no_auto_match,apple_music_link_pass_v1,recording|paul baloche|hosanna praise is rising,graph_recording,recording,Paul Baloche,Hosanna (Praise Is Rising),2006,us,apple_song_search_no_auto_match,10,73,,false
graph_recording:recording|paul winchell|wonderful thing about tiggers:apple_song_search_no_results,apple_music_link_pass_v1,recording|paul winchell|wonderful thing about tiggers,graph_recording,recording,Paul Winchell,The Wonderful Thing About Tiggers,1968,us,apple_song_search_no_results,0,,,false
graph_recording:recording|peter white|bueno funk:apple_song_search_no_auto_match,apple_music_link_pass_v1,recording|peter white|bueno funk,graph_recording,recording,Peter White,Bueno Funk,1994,us,apple_song_search_no_auto_match,1,85,,false
graph_recording:recording|phil collins|against all odds:apple_song_search_needs_review_version_risk,apple_music_link_pass_v1,recording|phil collins|against all odds,graph_recording,recording,Phil Collins,Against All Odds,1984,us,apple_song_search_needs_review_version_risk,10,88,,false
graph_recording:recording|philip glass|metamorphosis one:apple_song_search_no_auto_match,apple_music_link_pass_v1,recording|philip glass|metamorphosis one,graph_recording,recording,Philip Glass,Metamorphosis One,1989,us,apple_song_search_no_auto_match,10,50,,false
graph_recording:recording|phillipa soo renee elise goldsberry and jasmine cephas jones|schuyler sisters:apple_song_search_needs_review_version_risk,apple_music_link_pass_v1,recording|phillipa soo renee elise goldsberry and jasmine cephas jones|schuyler sisters,graph_recording,recording,"Phillipa Soo, Renee Elise Goldsberry and Jasmine Cephas Jones",The Schuyler Sisters,2015,us,apple_song_search_needs_review_version_risk,10,65,,false
graph_recording:recording|priscilla lopez and original broadway cast of a chorus line|what i did for love:apple_song_search_needs_review_version_risk,apple_music_link_pass_v1,recording|priscilla lopez and original broadway cast of a chorus line|what i did for love,graph_recording,recording,Priscilla Lopez and Original Broadway Cast of A Chorus Line,What I Did for Love,1975,us,apple_song_search_needs_review_version_risk,6,50,,false
graph_recording:recording|rance allen group|something about the name jesus:apple_song_search_needs_review_version_risk,apple_music_link_pass_v1,recording|rance allen group|something about the name jesus,graph_recording,recording,Rance Allen Group,Something About the Name Jesus,2000,us,apple_song_search_needs_review_version_risk,10,38,,false
graph_recording:recording|rev james cleveland and the southern california community choir|i don t feel no ways tired:apple_song_search_needs_review_version_risk,apple_music_link_pass_v1,recording|rev james cleveland and the southern california community choir|i don t feel no ways tired,graph_recording,recording,Rev. James Cleveland and The Southern California Community Choir,I Don't Feel No Ways Tired,1979,us,apple_song_search_needs_review_version_risk,10,35,,false
graph_recording:recording|rev milton brunson and the thompson community singers|safe in his arms:apple_song_search_no_auto_match,apple_music_link_pass_v1,recording|rev milton brunson and the thompson community singers|safe in his arms,graph_recording,recording,Rev. Milton Brunson and The Thompson Community Singers,Safe in His Arms,1986,us,apple_song_search_no_auto_match,10,85,,false
graph_recording:recording|richard clayderman|ballade pour adeline:apple_song_search_no_auto_match,apple_music_link_pass_v1,recording|richard clayderman|ballade pour adeline,graph_recording,recording,Richard Clayderman,Ballade pour Adeline,1977,us,apple_song_search_no_auto_match,10,85,,false
graph_recording:recording|rippingtons|tourist in paradise:apple_song_search_no_auto_match,apple_music_link_pass_v1,recording|rippingtons|tourist in paradise,graph_recording,recording,The Rippingtons,Tourist in Paradise,1989,us,apple_song_search_no_auto_match,10,73,,false
graph_recording:recording|rippingtons|welcome to the st james club:apple_song_search_no_auto_match,apple_music_link_pass_v1,recording|rippingtons|welcome to the st james club,graph_recording,recording,The Rippingtons,Welcome to the St. James' Club,1990,us,apple_song_search_no_auto_match,10,88,,false
graph_recording:recording|robert alda|luck be a lady:apple_song_search_needs_review_version_risk,apple_music_link_pass_v1,recording|robert alda|luck be a lady,graph_recording,recording,Robert Alda,Luck Be a Lady,1950,us,apple_song_search_needs_review_version_risk,4,73,,false
graph_recording:recording|sammy davis jr|mr bojangles:apple_song_search_needs_review_version_risk,apple_music_link_pass_v1,recording|sammy davis jr|mr bojangles,graph_recording,recording,Sammy Davis Jr.,Mr. Bojangles,1972,us,apple_song_search_needs_review_version_risk,10,73,,false
graph_recording:recording|sarah brightman and steve barton|all i ask of you:apple_song_search_needs_review_version_risk,apple_music_link_pass_v1,recording|sarah brightman and steve barton|all i ask of you,graph_recording,recording,Sarah Brightman and Steve Barton,All I Ask of You,1986,us,apple_song_search_needs_review_version_risk,10,65,,false
graph_recording:recording|sarah vaughan|whatever lola wants:apple_song_search_needs_review_version_risk,apple_music_link_pass_v1,recording|sarah vaughan|whatever lola wants,graph_recording,recording,Sarah Vaughan,Whatever Lola Wants,1955,us,apple_song_search_needs_review_version_risk,10,80,,false
graph_recording:recording|shirley caesar|hold my mule:apple_song_search_needs_review_version_risk,apple_music_link_pass_v1,recording|shirley caesar|hold my mule,graph_recording,recording,Shirley Caesar,Hold My Mule,1988,us,apple_song_search_needs_review_version_risk,10,85,,false
graph_recording:recording|sterling holloway|little black rain cloud:apple_song_search_no_results,apple_music_link_pass_v1,recording|sterling holloway|little black rain cloud,graph_recording,recording,Sterling Holloway,Little Black Rain Cloud,1966,us,apple_song_search_no_results,0,,,false
graph_recording:recording|stuart townend|how deep the father s love for us:apple_song_search_needs_review_version_risk,apple_music_link_pass_v1,recording|stuart townend|how deep the father s love for us,graph_recording,recording,Stuart Townend,How Deep the Father's Love for Us,1995,us,apple_song_search_needs_review_version_risk,10,38,,false
graph_recording:recording|stubby kaye|sit down you re rockin the boat:apple_song_search_needs_review_version_risk,apple_music_link_pass_v1,recording|stubby kaye|sit down you re rockin the boat,graph_recording,recording,Stubby Kaye,"Sit Down, You're Rockin' the Boat",1950,us,apple_song_search_needs_review_version_risk,6,73,,false
graph_recording:recording|switchfoot|meant to live:apple_song_search_no_results,apple_music_link_pass_v1,recording|switchfoot|meant to live,graph_recording,recording,Switchfoot,Meant to Live,2003,us,apple_song_search_no_results,0,,,false
graph_recording:recording|third day|soul on fire:apple_song_search_no_auto_match,apple_music_link_pass_v1,recording|third day|soul on fire,graph_recording,recording,Third Day,Soul on Fire,2015,us,apple_song_search_no_auto_match,10,85,,false
graph_recording:recording|tye tribbett|if he did it before same god:apple_song_search_no_auto_match,apple_music_link_pass_v1,recording|tye tribbett|if he did it before same god,graph_recording,recording,Tye Tribbett,If He Did It Before... Same God,2013,us,apple_song_search_no_auto_match,10,88,,false
graph_recording:recording|underworld|born slippy nuxx:apple_song_search_needs_review_version_risk,apple_music_link_pass_v1,recording|underworld|born slippy nuxx,graph_recording,recording,Underworld,Born Slippy .NUXX,1995,us,apple_song_search_needs_review_version_risk,10,85,,false
graph_recording:recording|urge overkill|girl you ll be a woman soon:apple_song_search_needs_review_version_risk,apple_music_link_pass_v1,recording|urge overkill|girl you ll be a woman soon,graph_recording,recording,Urge Overkill,"Girl, You'll Be a Woman Soon",1994,us,apple_song_search_needs_review_version_risk,10,92,,false
graph_recording:recording|vangelis|end titles from blade runner:apple_song_search_needs_review_version_risk,apple_music_link_pass_v1,recording|vangelis|end titles from blade runner,graph_recording,recording,Vangelis,End Titles from Blade Runner,1982,us,apple_song_search_needs_review_version_risk,10,35,,false
graph_recording:recording|vangelis|love theme from blade runner:apple_song_search_needs_review_version_risk,apple_music_link_pass_v1,recording|vangelis|love theme from blade runner,graph_recording,recording,Vangelis,Love Theme from Blade Runner,1982,us,apple_song_search_needs_review_version_risk,10,85,,false
graph_recording:recording|vashawn mitchell|nobody greater:apple_song_search_needs_review_version_risk,apple_music_link_pass_v1,recording|vashawn mitchell|nobody greater,graph_recording,recording,VaShawn Mitchell,Nobody Greater,2010,us,apple_song_search_needs_review_version_risk,10,80,,false
graph_recording:recording|verna felton|bibbidi bobbidi boo:apple_song_search_needs_review_version_risk,apple_music_link_pass_v1,recording|verna felton|bibbidi bobbidi boo,graph_recording,recording,Verna Felton,Bibbidi-Bobbidi-Boo,1950,us,apple_song_search_needs_review_version_risk,8,73,,false
graph_recording:recording|ward singers|surely god is able:apple_song_search_no_auto_match,apple_music_link_pass_v1,recording|ward singers|surely god is able,graph_recording,recording,The Ward Singers,Surely God Is Able,1950,us,apple_song_search_no_auto_match,10,85,,false
graph_recording:recording|yo yo ma mark o connor and edgar meyer|appalachia waltz:apple_song_search_no_auto_match,apple_music_link_pass_v1,recording|yo yo ma mark o connor and edgar meyer|appalachia waltz,graph_recording,recording,"Yo-Yo Ma, Mark O'Connor and Edgar Meyer",Appalachia Waltz,1996,us,apple_song_search_no_auto_match,10,65,,false
graph_recording:recording|yo yo ma|gabriel s oboe:apple_song_search_needs_review_version_risk,apple_music_link_pass_v1,recording|yo yo ma|gabriel s oboe,graph_recording,recording,Yo-Yo Ma,Gabriel's Oboe,2004,us,apple_song_search_needs_review_version_risk,10,73,,false
graph_recording:recording|yo yo ma|libertango:apple_song_search_needs_review_version_risk,apple_music_link_pass_v1,recording|yo yo ma|libertango,graph_recording,recording,Yo-Yo Ma,Libertango,1997,us,apple_song_search_needs_review_version_risk,10,85,,false
graph_song:song||me and giuliani down by the school yard:apple_song_search_no_auto_match,apple_music_link_pass_v1,song||me and giuliani down by the school yard,graph_song,song,!!!,Me and Giuliani Down by the School Yard,2003,us,apple_song_search_no_auto_match,10,88,,false
graph_song:song|13th floor elevators|reverberation:apple_song_search_no_auto_match,apple_music_link_pass_v1,song|13th floor elevators|reverberation,graph_song,song,13th Floor Elevators,Reverberation,1966,us,apple_song_search_no_auto_match,10,50,,false
graph_song:song|2 live crew|me so horny:apple_song_search_needs_review_version_risk,apple_music_link_pass_v1,song|2 live crew|me so horny,graph_song,song,2 Live Crew,Me So Horny,1989,us,apple_song_search_needs_review_version_risk,8,73,,false
graph_song:song|21 savage feat future|x:apple_song_search_needs_review_version_risk,apple_music_link_pass_v1,song|21 savage feat future|x,graph_song,song,21 Savage feat. Future,X,2016,us,apple_song_search_needs_review_version_risk,10,53,,false
graph_song:song|2pac feat dr dre|california love:apple_song_search_needs_review_version_risk,apple_music_link_pass_v1,song|2pac feat dr dre|california love,graph_song,song,2Pac feat. Dr. Dre,California Love,1995,us,apple_song_search_needs_review_version_risk,10,88,,false
graph_song:song|2pac feat k ci and jojo|how do u want it:apple_song_search_needs_review_version_risk,apple_music_link_pass_v1,song|2pac feat k ci and jojo|how do u want it,graph_song,song,2Pac feat. K-Ci & JoJo,How Do U Want It,1996,us,apple_song_search_needs_review_version_risk,10,88,,false
graph_song:song|2pac feat snoop doggy dogg|2 of amerikaz most wanted:apple_song_search_needs_review_version_risk,apple_music_link_pass_v1,song|2pac feat snoop doggy dogg|2 of amerikaz most wanted,graph_song,song,2Pac feat. Snoop Doggy Dogg,2 of Amerikaz Most Wanted,1996,us,apple_song_search_needs_review_version_risk,10,88,,false
graph_song:song|2pac|hit em up:apple_song_search_needs_review_version_risk,apple_music_link_pass_v1,song|2pac|hit em up,graph_song,song,2Pac,Hit 'Em Up,1996,us,apple_song_search_needs_review_version_risk,10,80,,false
graph_song:song|2pac|i get around:apple_song_search_no_auto_match,apple_music_link_pass_v1,song|2pac|i get around,graph_song,song,2Pac,I Get Around,1993,us,apple_song_search_no_auto_match,10,85,,false
graph_song:song|30 seconds to mars|kill:apple_song_search_no_auto_match,apple_music_link_pass_v1,song|30 seconds to mars|kill,graph_song,song,30 Seconds to Mars,The Kill,2005,us,apple_song_search_no_auto_match,10,53,,false
graph_song:song|50 cent feat nate dogg|21 questions:apple_song_search_no_auto_match,apple_music_link_pass_v1,song|50 cent feat nate dogg|21 questions,graph_song,song,50 Cent feat. Nate Dogg,21 Questions,2003,us,apple_song_search_no_auto_match,10,88,,false
graph_song:song|50 cent|candy shop:apple_song_search_needs_review_version_risk,apple_music_link_pass_v1,song|50 cent|candy shop,graph_song,song,50 Cent,Candy Shop,2005,us,apple_song_search_needs_review_version_risk,10,88,,false
graph_song:song|69|desire:apple_song_search_needs_review_version_risk,apple_music_link_pass_v1,song|69|desire,graph_song,song,69,Desire,1991,us,apple_song_search_needs_review_version_risk,10,85,,false
graph_song:song|7 seconds|were gonna fight:apple_song_search_no_auto_match,apple_music_link_pass_v1,song|7 seconds|were gonna fight,graph_song,song,7 Seconds,Were Gonna Fight,1984,us,apple_song_search_no_auto_match,10,0,,false
graph_song:song|88rising joji and rich brian|midsummer madness:apple_song_search_no_auto_match,apple_music_link_pass_v1,song|88rising joji and rich brian|midsummer madness,graph_song,song,"88rising, Joji and Rich Brian",Midsummer Madness,2018,us,apple_song_search_no_auto_match,3,65,,false
graph_song:song|a ap rocky feat drake 2 chainz and kendrick lamar|f kin problems:apple_song_search_needs_review_version_risk,apple_music_link_pass_v1,song|a ap rocky feat drake 2 chainz and kendrick lamar|f kin problems,graph_song,song,"A$AP Rocky feat. Drake, 2 Chainz, and Kendrick Lamar",F**kin' Problems,2012,us,apple_song_search_needs_review_version_risk,10,88,,false
graph_song:song|a ap rocky feat skepta|praise the lord da shine:apple_song_search_needs_review_version_risk,apple_music_link_pass_v1,song|a ap rocky feat skepta|praise the lord da shine,graph_song,song,A$AP Rocky feat. Skepta,Praise the Lord (Da Shine),2018,us,apple_song_search_needs_review_version_risk,10,88,,false
graph_song:song|a g cook|silver:apple_song_search_no_auto_match,apple_music_link_pass_v1,song|a g cook|silver,graph_song,song,A. G. Cook,Silver,2014,us,apple_song_search_no_auto_match,10,85,,false
graph_song:song|a tribe called quest|1nce again:apple_song_search_no_auto_match,apple_music_link_pass_v1,song|a tribe called quest|1nce again,graph_song,song,A Tribe Called Quest,1nce Again,1996,us,apple_song_search_no_auto_match,10,35,,false
graph_song:song|a tribe called quest|award tour:apple_song_search_no_auto_match,apple_music_link_pass_v1,song|a tribe called quest|award tour,graph_song,song,A Tribe Called Quest,Award Tour,1993,us,apple_song_search_no_auto_match,10,85,,false
graph_song:song|action|i ll keep holding on:apple_song_search_needs_review_version_risk,apple_music_link_pass_v1,song|action|i ll keep holding on,graph_song,song,The Action,I'll Keep Holding On,1966,us,apple_song_search_needs_review_version_risk,10,47,,false
graph_song:song|ad libs|boy from new york city:apple_song_search_no_auto_match,apple_music_link_pass_v1,song|ad libs|boy from new york city,graph_song,song,The Ad Libs,The Boy from New York City,1964,us,apple_song_search_no_auto_match,10,85,,false
graph_song:song|adam sandler|chanukah song:apple_song_search_needs_review_version_risk,apple_music_link_pass_v1,song|adam sandler|chanukah song,graph_song,song,Adam Sandler,The Chanukah Song,1994,us,apple_song_search_needs_review_version_risk,10,92,,false
graph_song:song|afrojack featuring eva simons|take over control:apple_song_search_needs_review_version_risk,apple_music_link_pass_v1,song|afrojack featuring eva simons|take over control,graph_song,song,Afrojack featuring Eva Simons,Take Over Control,2010,us,apple_song_search_needs_review_version_risk,10,88,,false
graph_song:song|ahmad jamal|poinciana:apple_song_search_needs_review_version_risk,apple_music_link_pass_v1,song|ahmad jamal|poinciana,graph_song,song,Ahmad Jamal,Poinciana,1958,us,apple_song_search_needs_review_version_risk,10,88,,false
graph_song:song|alan silvestri|back to the future:apple_song_search_no_auto_match,apple_music_link_pass_v1,song|alan silvestri|back to the future,graph_song,song,Alan Silvestri,Back to the Future,1985,us,apple_song_search_no_auto_match,10,85,,false
graph_song:song|alan silvestri|forrest gump suite:apple_song_search_needs_review_version_risk,apple_music_link_pass_v1,song|alan silvestri|forrest gump suite,graph_song,song,Alan Silvestri,Forrest Gump Suite,1994,us,apple_song_search_needs_review_version_risk,10,85,,false
graph_song:song|alarm clocks|no reason to complain:apple_song_search_no_auto_match,apple_music_link_pass_v1,song|alarm clocks|no reason to complain,graph_song,song,The Alarm Clocks,No Reason to Complain,1966,us,apple_song_search_no_auto_match,2,85,,false
graph_song:song|alesso featuring tove lo|heroes we could be:apple_song_search_needs_review_version_risk,apple_music_link_pass_v1,song|alesso featuring tove lo|heroes we could be,graph_song,song,Alesso featuring Tove Lo,Heroes (We Could Be),2014,us,apple_song_search_needs_review_version_risk,10,88,,false
graph_song:song|alexandre desplat|grand budapest hotel:apple_song_search_needs_review_version_risk,apple_music_link_pass_v1,song|alexandre desplat|grand budapest hotel,graph_song,song,Alexandre Desplat,The Grand Budapest Hotel,2014,us,apple_song_search_needs_review_version_risk,10,50,,false
graph_song:song|alexandre desplat|shape of water:apple_song_search_needs_review_version_risk,apple_music_link_pass_v1,song|alexandre desplat|shape of water,graph_song,song,Alexandre Desplat,The Shape of Water,2017,us,apple_song_search_needs_review_version_risk,10,73,,false
graph_song:song|ali farka toure and ry cooder|ai du:apple_song_search_no_auto_match,apple_music_link_pass_v1,song|ali farka toure and ry cooder|ai du,graph_song,song,Ali Farka Toure and Ry Cooder,Ai Du,1994,us,apple_song_search_no_auto_match,10,73,,false
graph_song:song|ali farka toure|diaraby:apple_song_search_no_auto_match,apple_music_link_pass_v1,song|ali farka toure|diaraby,graph_song,song,Ali Farka Toure,Diaraby,1994,us,apple_song_search_no_auto_match,10,73,,false
graph_song:song|alicia keys|diary:apple_song_search_no_auto_match,apple_music_link_pass_v1,song|alicia keys|diary,graph_song,song,Alicia Keys,Diary,2003,us,apple_song_search_no_auto_match,10,88,,false
graph_song:song|allan sherman|hello muddah hello fadduh:apple_song_search_no_auto_match,apple_music_link_pass_v1,song|allan sherman|hello muddah hello fadduh,graph_song,song,Allan Sherman,"Hello Muddah, Hello Fadduh!",1963,us,apple_song_search_no_auto_match,10,88,,false
graph_song:song|allman brothers band|one way out:apple_song_search_needs_review_version_risk,apple_music_link_pass_v1,song|allman brothers band|one way out,graph_song,song,The Allman Brothers Band,One Way Out,1972,us,apple_song_search_needs_review_version_risk,10,85,,false
graph_song:song|allman brothers band|statesboro blues:apple_song_search_needs_review_version_risk,apple_music_link_pass_v1,song|allman brothers band|statesboro blues,graph_song,song,The Allman Brothers Band,Statesboro Blues,1971,us,apple_song_search_needs_review_version_risk,10,85,,false
graph_song:song|aly us|follow me:apple_song_search_no_auto_match,apple_music_link_pass_v1,song|aly us|follow me,graph_song,song,Aly-Us,Follow Me,1992,us,apple_song_search_no_auto_match,10,88,,false
graph_song:song|ana barbara|lo busque:apple_song_search_no_auto_match,apple_music_link_pass_v1,song|ana barbara|lo busque,graph_song,song,Ana Barbara,Lo Busque,2004,us,apple_song_search_no_auto_match,10,85,,false
graph_song:song|andrea bocelli and sarah brightman|time to say goodbye:apple_song_search_no_auto_match,apple_music_link_pass_v1,song|andrea bocelli and sarah brightman|time to say goodbye,graph_song,song,Andrea Bocelli and Sarah Brightman,Time to Say Goodbye,1996,us,apple_song_search_no_auto_match,10,85,,false
graph_song:song|angels|my boyfriend s back:apple_song_search_no_auto_match,apple_music_link_pass_v1,song|angels|my boyfriend s back,graph_song,song,The Angels,My Boyfriend's Back,1963,us,apple_song_search_no_auto_match,10,88,,false
graph_song:song|anne murray|could i have this dance:apple_song_search_no_auto_match,apple_music_link_pass_v1,song|anne murray|could i have this dance,graph_song,song,Anne Murray,Could I Have This Dance,1980,us,apple_song_search_no_auto_match,10,85,,false
graph_song:song|anoushka shankar|land of gold:apple_song_search_no_auto_match,apple_music_link_pass_v1,song|anoushka shankar|land of gold,graph_song,song,Anoushka Shankar,Land of Gold,2016,us,apple_song_search_no_auto_match,10,88,,false
graph_song:song|anthony gonzalez and gael garcia bernal|un poco loco:apple_song_search_needs_review_version_risk,apple_music_link_pass_v1,song|anthony gonzalez and gael garcia bernal|un poco loco,graph_song,song,Anthony Gonzalez and Gael Garcia Bernal,Un Poco Loco,2017,us,apple_song_search_needs_review_version_risk,10,85,,false
graph_song:song|antonio aguilar|triste recuerdo:apple_song_search_needs_review_version_risk,apple_music_link_pass_v1,song|antonio aguilar|triste recuerdo,graph_song,song,Antonio Aguilar,Triste Recuerdo,1985,us,apple_song_search_needs_review_version_risk,10,85,,false
graph_song:song|antonio aguilar|tristes recuerdos:apple_song_search_no_auto_match,apple_music_link_pass_v1,song|antonio aguilar|tristes recuerdos,graph_song,song,Antonio Aguilar,Tristes Recuerdos,1973,us,apple_song_search_no_auto_match,10,35,,false
graph_song:song|anuel aa daddy yankee karol g ozuna and j balvin|china:apple_song_search_no_auto_match,apple_music_link_pass_v1,song|anuel aa daddy yankee karol g ozuna and j balvin|china,graph_song,song,"Anuel AA, Daddy Yankee, Karol G, Ozuna and J Balvin",China,2019,us,apple_song_search_no_auto_match,10,53,,false
graph_song:song|aphex twin|alberto balsalm:apple_song_search_no_auto_match,apple_music_link_pass_v1,song|aphex twin|alberto balsalm,graph_song,song,Aphex Twin,Alberto Balsalm,1995,us,apple_song_search_no_auto_match,9,88,,false
graph_song:song|aphex twin|come to daddy:apple_song_search_needs_review_version_risk,apple_music_link_pass_v1,song|aphex twin|come to daddy,graph_song,song,Aphex Twin,Come to Daddy,1997,us,apple_song_search_needs_review_version_risk,10,88,,false
graph_song:song|aphex twin|girl boy song:apple_song_search_no_auto_match,apple_music_link_pass_v1,song|aphex twin|girl boy song,graph_song,song,Aphex Twin,Girl/Boy Song,1996,us,apple_song_search_no_auto_match,10,88,,false
graph_song:song|apples in stereo|ruby:apple_song_search_no_auto_match,apple_music_link_pass_v1,song|apples in stereo|ruby,graph_song,song,The Apples in Stereo,Ruby,1995,us,apple_song_search_no_auto_match,3,85,,false
graph_song:song|aretha franklin|a natural woman you make me feel like:apple_song_search_no_auto_match,apple_music_link_pass_v1,song|aretha franklin|a natural woman you make me feel like,graph_song,song,Aretha Franklin,A Natural Woman (You Make Me Feel Like),1967,us,apple_song_search_no_auto_match,10,50,,false
graph_song:song|ariana grande|break free:apple_song_search_no_auto_match,apple_music_link_pass_v1,song|ariana grande|break free,graph_song,song,Ariana Grande,Break Free,2014,us,apple_song_search_no_auto_match,10,88,,false
graph_song:song|ariana grande|problem:apple_song_search_no_auto_match,apple_music_link_pass_v1,song|ariana grande|problem,graph_song,song,Ariana Grande,Problem,2014,us,apple_song_search_no_auto_match,10,88,,false
graph_song:song|ariana grande|side to side:apple_song_search_no_auto_match,apple_music_link_pass_v1,song|ariana grande|side to side,graph_song,song,Ariana Grande,Side to Side,2016,us,apple_song_search_no_auto_match,10,88,,false
graph_song:song|armand hammer feat earl sweatshirt|falling out the sky:apple_song_search_needs_review_version_risk,apple_music_link_pass_v1,song|armand hammer feat earl sweatshirt|falling out the sky,graph_song,song,Armand Hammer feat. Earl Sweatshirt,Falling Out the Sky,2021,us,apple_song_search_needs_review_version_risk,6,53,,false
graph_song:song|armand van helden featuring duane harden|you don t know me:apple_song_search_needs_review_version_risk,apple_music_link_pass_v1,song|armand van helden featuring duane harden|you don t know me,graph_song,song,Armand Van Helden featuring Duane Harden,You Don't Know Me,1999,us,apple_song_search_needs_review_version_risk,10,85,,false
graph_song:song|articles of faith|what we want is free:apple_song_search_no_auto_match,apple_music_link_pass_v1,song|articles of faith|what we want is free,graph_song,song,Articles of Faith,What We Want Is Free,1981,us,apple_song_search_no_auto_match,10,85,,false
graph_song:song|aso|snacks:apple_song_search_no_auto_match,apple_music_link_pass_v1,song|aso|snacks,graph_song,song,Aso,Snacks,2016,us,apple_song_search_no_auto_match,10,0,,false
graph_song:song|axwell and ingrosso|more than you know:apple_song_search_no_auto_match,apple_music_link_pass_v1,song|axwell and ingrosso|more than you know,graph_song,song,Axwell & Ingrosso,More Than You Know,2017,us,apple_song_search_no_auto_match,10,65,,false
graph_song:song|b 52s|love shack:apple_song_search_no_auto_match,apple_music_link_pass_v1,song|b 52s|love shack,graph_song,song,The B-52s,Love Shack,1989,us,apple_song_search_no_auto_match,10,65,,false
graph_song:song|b 52s|planet claire:apple_song_search_no_auto_match,apple_music_link_pass_v1,song|b 52s|planet claire,graph_song,song,The B-52s,Planet Claire,1979,us,apple_song_search_no_auto_match,10,65,,false
graph_song:song|b 52s|private idaho:apple_song_search_no_auto_match,apple_music_link_pass_v1,song|b 52s|private idaho,graph_song,song,The B-52s,Private Idaho,1980,us,apple_song_search_no_auto_match,10,65,,false
graph_song:song|b o b feat hayley williams|airplanes:apple_song_search_needs_review_version_risk,apple_music_link_pass_v1,song|b o b feat hayley williams|airplanes,graph_song,song,B.o.B feat. Hayley Williams,Airplanes,2010,us,apple_song_search_needs_review_version_risk,10,88,,false
graph_song:song|babatunde olatunji|jin go lo ba:apple_song_search_needs_review_version_risk,apple_music_link_pass_v1,song|babatunde olatunji|jin go lo ba,graph_song,song,Babatunde Olatunji,Jin-Go-Lo-Ba,1959,us,apple_song_search_needs_review_version_risk,2,88,,false
graph_song:song|babe rainbow|something:apple_song_search_no_auto_match,apple_music_link_pass_v1,song|babe rainbow|something,graph_song,song,Babe Rainbow,Something,2017,us,apple_song_search_no_auto_match,10,80,,false
graph_song:song|backstreet boys|everybody backstreet s back:apple_song_search_needs_review_version_risk,apple_music_link_pass_v1,song|backstreet boys|everybody backstreet s back,graph_song,song,Backstreet Boys,Everybody (Backstreet's Back),1997,us,apple_song_search_needs_review_version_risk,10,88,,false
graph_song:song|bad brains|i against i:apple_song_search_no_auto_match,apple_music_link_pass_v1,song|bad brains|i against i,graph_song,song,Bad Brains,I Against I,1986,us,apple_song_search_no_auto_match,10,85,,false
graph_song:song|bad brains|pay to cum:apple_song_search_needs_review_version_risk,apple_music_link_pass_v1,song|bad brains|pay to cum,graph_song,song,Bad Brains,Pay to Cum,1980,us,apple_song_search_needs_review_version_risk,6,85,,false
graph_song:song|bad bunny and jhay cortez|dakiti:apple_song_search_no_auto_match,apple_music_link_pass_v1,song|bad bunny and jhay cortez|dakiti,graph_song,song,Bad Bunny and Jhay Cortez,Dakiti,2020,us,apple_song_search_no_auto_match,10,65,,false
graph_song:song|bad bunny featuring drake|mia:apple_song_search_no_auto_match,apple_music_link_pass_v1,song|bad bunny featuring drake|mia,graph_song,song,Bad Bunny featuring Drake,MIA,2018,us,apple_song_search_no_auto_match,10,88,,false
graph_song:song|badfinger|no matter what:apple_song_search_no_auto_match,apple_music_link_pass_v1,song|badfinger|no matter what,graph_song,song,Badfinger,No Matter What,1970,us,apple_song_search_no_auto_match,10,88,,false
graph_song:song|balloon farm|a question of temperature:apple_song_search_no_auto_match,apple_music_link_pass_v1,song|balloon farm|a question of temperature,graph_song,song,The Balloon Farm,A Question of Temperature,1967,us,apple_song_search_no_auto_match,3,85,,false
graph_song:song|band of horses|funeral:apple_song_search_no_auto_match,apple_music_link_pass_v1,song|band of horses|funeral,graph_song,song,Band of Horses,The Funeral,2006,us,apple_song_search_no_auto_match,10,85,,false
graph_song:song|banda el recodo|y llegaste tu:apple_song_search_no_auto_match,apple_music_link_pass_v1,song|banda el recodo|y llegaste tu,graph_song,song,Banda El Recodo,Y Llegaste Tu,1997,us,apple_song_search_no_auto_match,10,85,,false
graph_song:song|barbara tucker|beautiful people:apple_song_search_no_auto_match,apple_music_link_pass_v1,song|barbara tucker|beautiful people,graph_song,song,Barbara Tucker,Beautiful People,1994,us,apple_song_search_no_auto_match,10,73,,false
graph_song:song|barbarians|moulty:apple_song_search_no_auto_match,apple_music_link_pass_v1,song|barbarians|moulty,graph_song,song,The Barbarians,Moulty,1966,us,apple_song_search_no_auto_match,7,35,,false
graph_song:song|basic channel|phylyps trak ii:apple_song_search_no_auto_match,apple_music_link_pass_v1,song|basic channel|phylyps trak ii,graph_song,song,Basic Channel,Phylyps Trak II,1994,us,apple_song_search_no_auto_match,10,88,,false
graph_song:song|basic channel|quadrant dub:apple_song_search_no_auto_match,apple_music_link_pass_v1,song|basic channel|quadrant dub,graph_song,song,Basic Channel,Quadrant Dub,1994,us,apple_song_search_no_auto_match,4,88,,false
graph_song:song|bauhaus|bela lugosi s dead:apple_song_search_no_auto_match,apple_music_link_pass_v1,song|bauhaus|bela lugosi s dead,graph_song,song,Bauhaus,Bela Lugosi's Dead,1979,us,apple_song_search_no_auto_match,10,73,,false
graph_song:song|beach boys|little deuce coupe:sidecar_track_artist_title_year_ambiguous,apple_music_link_pass_v1,song|beach boys|little deuce coupe,graph_song,song,The Beach Boys,Little Deuce Coupe,1963,us,sidecar_track_artist_title_year_ambiguous,2,,,false
graph_song:song|beat|rock n roll girl:apple_song_search_no_auto_match,apple_music_link_pass_v1,song|beat|rock n roll girl,graph_song,song,The Beat,Rock N Roll Girl,1979,us,apple_song_search_no_auto_match,10,85,,false
graph_song:song|bee gees|night fever:apple_song_search_needs_review_version_risk,apple_music_link_pass_v1,song|bee gees|night fever,graph_song,song,Bee Gees,Night Fever,1978,us,apple_song_search_needs_review_version_risk,10,85,,false
graph_song:song|ben e king|don t play that song:apple_song_search_no_auto_match,apple_music_link_pass_v1,song|ben e king|don t play that song,graph_song,song,Ben E. King,Don't Play That Song,1962,us,apple_song_search_no_auto_match,10,88,,false
graph_song:song|benjamin bratt|remember me:apple_song_search_no_auto_match,apple_music_link_pass_v1,song|benjamin bratt|remember me,graph_song,song,Benjamin Bratt,Remember Me,2017,us,apple_song_search_no_auto_match,7,73,,false
graph_song:song|benny bell|shaving cream:apple_song_search_needs_review_version_risk,apple_music_link_pass_v1,song|benny bell|shaving cream,graph_song,song,Benny Bell,Shaving Cream,1946,us,apple_song_search_needs_review_version_risk,9,73,,false
graph_song:song|bernard herrmann|prelude from psycho:apple_song_search_needs_review_version_risk,apple_music_link_pass_v1,song|bernard herrmann|prelude from psycho,graph_song,song,Bernard Herrmann,Prelude from Psycho,1960,us,apple_song_search_needs_review_version_risk,10,50,,false
graph_song:song|beyonce saint jhn and wizkid featuring blue ivy carter|brown skin girl:apple_song_search_no_auto_match,apple_music_link_pass_v1,song|beyonce saint jhn and wizkid featuring blue ivy carter|brown skin girl,graph_song,song,"Beyonce, Saint Jhn and Wizkid featuring Blue Ivy Carter",Brown Skin Girl,2019,us,apple_song_search_no_auto_match,10,65,,false
graph_song:song|beyonce|check on it:apple_song_search_no_auto_match,apple_music_link_pass_v1,song|beyonce|check on it,graph_song,song,Beyonce,Check on It,2005,us,apple_song_search_no_auto_match,10,88,,false
graph_song:song|beyonce|crazy in love:apple_song_search_no_auto_match,apple_music_link_pass_v1,song|beyonce|crazy in love,graph_song,song,Beyonce,Crazy in Love,2003,us,apple_song_search_no_auto_match,10,88,,false
graph_song:song|big l|ebonics:apple_song_search_needs_review_version_risk,apple_music_link_pass_v1,song|big l|ebonics,graph_song,song,Big L,Ebonics,1998,us,apple_song_search_needs_review_version_risk,5,80,,false
graph_song:song|big pun feat fat joe|twinz deep cover 98:apple_song_search_needs_review_version_risk,apple_music_link_pass_v1,song|big pun feat fat joe|twinz deep cover 98,graph_song,song,Big Pun feat. Fat Joe,Twinz (Deep Cover 98),1998,us,apple_song_search_needs_review_version_risk,10,0,,false
graph_song:song|big pun feat joe|still not a player:apple_song_search_needs_review_version_risk,apple_music_link_pass_v1,song|big pun feat joe|still not a player,graph_song,song,Big Pun feat. Joe,Still Not a Player,1998,us,apple_song_search_needs_review_version_risk,10,53,,false
graph_song:song|big pun|still not a player:apple_song_search_needs_review_version_risk,apple_music_link_pass_v1,song|big pun|still not a player,graph_song,song,Big Pun,Still Not a Player,1998,us,apple_song_search_needs_review_version_risk,10,92,,false
graph_song:song|bill conti|gonna fly now:apple_song_search_needs_review_version_risk,apple_music_link_pass_v1,song|bill conti|gonna fly now,graph_song,song,Bill Conti,Gonna Fly Now,1976,us,apple_song_search_needs_review_version_risk,10,85,,false
graph_song:song|bill haley and his comets|rock around the clock:apple_song_search_no_auto_match,apple_music_link_pass_v1,song|bill haley and his comets|rock around the clock,graph_song,song,Bill Haley & His Comets,Rock Around the Clock,1954,us,apple_song_search_no_auto_match,10,85,,false
graph_song:song|billy joe shaver|georgia on a fast train:apple_song_search_no_auto_match,apple_music_link_pass_v1,song|billy joe shaver|georgia on a fast train,graph_song,song,Billy Joe Shaver,Georgia on a Fast Train,1973,us,apple_song_search_no_auto_match,10,85,,false
graph_song:song|billy joe shaver|honky tonk heroes:apple_song_search_no_auto_match,apple_music_link_pass_v1,song|billy joe shaver|honky tonk heroes,graph_song,song,Billy Joe Shaver,Honky Tonk Heroes,1973,us,apple_song_search_no_auto_match,10,73,,false
graph_song:song|bing crosby and carol richards|silver bells:apple_song_search_needs_review_version_risk,apple_music_link_pass_v1,song|bing crosby and carol richards|silver bells,graph_song,song,Bing Crosby and Carol Richards,Silver Bells,1950,us,apple_song_search_needs_review_version_risk,10,73,,false
graph_song:song|bing crosby and the andrews sisters|ac cent tchu ate the positive:apple_song_search_needs_review_version_risk,apple_music_link_pass_v1,song|bing crosby and the andrews sisters|ac cent tchu ate the positive,graph_song,song,Bing Crosby and The Andrews Sisters,Ac-Cent-Tchu-Ate the Positive,1944,us,apple_song_search_needs_review_version_risk,10,73,,false
graph_song:song|bing crosby and the andrews sisters|mele kalikimaka:apple_song_search_no_auto_match,apple_music_link_pass_v1,song|bing crosby and the andrews sisters|mele kalikimaka,graph_song,song,Bing Crosby and The Andrews Sisters,Mele Kalikimaka,1950,us,apple_song_search_no_auto_match,10,73,,false
graph_song:song|black coffee and david guetta featuring delilah montagu|drive:apple_song_search_no_auto_match,apple_music_link_pass_v1,song|black coffee and david guetta featuring delilah montagu|drive,graph_song,song,Black Coffee and David Guetta featuring Delilah Montagu,Drive,2018,us,apple_song_search_no_auto_match,10,88,,false
graph_song:song|black dog|virtual:apple_song_search_needs_review_version_risk,apple_music_link_pass_v1,song|black dog|virtual,graph_song,song,The Black Dog,Virtual,1990,us,apple_song_search_needs_review_version_risk,3,38,,false
graph_song:song|black star feat common|respiration flying high remix:apple_song_search_needs_review_version_risk,apple_music_link_pass_v1,song|black star feat common|respiration flying high remix,graph_song,song,Black Star feat. Common,Respiration (Flying High Remix),1999,us,apple_song_search_needs_review_version_risk,9,47,,false
graph_song:song|blackstreet feat dr dre|no diggity:apple_song_search_no_auto_match,apple_music_link_pass_v1,song|blackstreet feat dr dre|no diggity,graph_song,song,Blackstreet feat. Dr. Dre,No Diggity,1996,us,apple_song_search_no_auto_match,10,88,,false
graph_song:song|bob james|angela:apple_song_search_needs_review_version_risk,apple_music_link_pass_v1,song|bob james|angela,graph_song,song,Bob James,Angela,1978,us,apple_song_search_needs_review_version_risk,10,85,,false
graph_song:song|bob wills and his texas playboys|new san antonio rose:apple_song_search_needs_review_version_risk,apple_music_link_pass_v1,song|bob wills and his texas playboys|new san antonio rose,graph_song,song,Bob Wills and His Texas Playboys,New San Antonio Rose,1940,us,apple_song_search_needs_review_version_risk,10,85,,false
graph_song:song|bobby shmurda|hot n:apple_song_search_needs_review_version_risk,apple_music_link_pass_v1,song|bobby shmurda|hot n,graph_song,song,Bobby Shmurda,Hot N****,2014,us,apple_song_search_needs_review_version_risk,10,73,,false
graph_song:song|body count|cop killer:apple_song_search_needs_review_version_risk,apple_music_link_pass_v1,song|body count|cop killer,graph_song,song,Body Count,Cop Killer,1992,us,apple_song_search_needs_review_version_risk,10,38,,false
graph_song:song|bone crusher feat killer mike and t i|never scared:apple_song_search_needs_review_version_risk,apple_music_link_pass_v1,song|bone crusher feat killer mike and t i|never scared,graph_song,song,Bone Crusher feat. Killer Mike and T.I.,Never Scared,2003,us,apple_song_search_needs_review_version_risk,10,88,,false
graph_song:song|bonobo featuring andreya triana|eyesdown:apple_song_search_no_auto_match,apple_music_link_pass_v1,song|bonobo featuring andreya triana|eyesdown,graph_song,song,Bonobo featuring Andreya Triana,Eyesdown,2010,us,apple_song_search_no_auto_match,10,88,,false
graph_song:song|brian culbertson|on my mind:apple_song_search_no_auto_match,apple_music_link_pass_v1,song|brian culbertson|on my mind,graph_song,song,Brian Culbertson,On My Mind,2001,us,apple_song_search_no_auto_match,10,85,,false
graph_song:song|brian hyland|itsy bitsy teenie weenie yellow polkadot bikini:apple_song_search_no_auto_match,apple_music_link_pass_v1,song|brian hyland|itsy bitsy teenie weenie yellow polkadot bikini,graph_song,song,Brian Hyland,Itsy Bitsy Teenie Weenie Yellow Polkadot Bikini,1960,us,apple_song_search_no_auto_match,10,47,,false
graph_song:song|brogues|i ain t no miracle worker:apple_song_search_no_auto_match,apple_music_link_pass_v1,song|brogues|i ain t no miracle worker,graph_song,song,The Brogues,I Ain't No Miracle Worker,1965,us,apple_song_search_no_auto_match,3,85,,false
graph_song:song|bruce and terry|summer means fun:apple_song_search_no_auto_match,apple_music_link_pass_v1,song|bruce and terry|summer means fun,graph_song,song,Bruce and Terry,Summer Means Fun,1964,us,apple_song_search_no_auto_match,2,85,,false
graph_song:song|bsd u|lighter:apple_song_search_no_auto_match,apple_music_link_pass_v1,song|bsd u|lighter,graph_song,song,bsd.u,Lighter,2015,us,apple_song_search_no_auto_match,10,47,,false
graph_song:song|bsd u|peach:apple_song_search_no_auto_match,apple_music_link_pass_v1,song|bsd u|peach,graph_song,song,bsd.u,peach,2014,us,apple_song_search_no_auto_match,3,12,,false
graph_song:song|bts featuring halsey|boy with luv:apple_song_search_no_auto_match,apple_music_link_pass_v1,song|bts featuring halsey|boy with luv,graph_song,song,BTS featuring Halsey,Boy With Luv,2019,us,apple_song_search_no_auto_match,10,88,,false
graph_song:song|buckwheat boyz|peanut butter jelly time:apple_song_search_no_auto_match,apple_music_link_pass_v1,song|buckwheat boyz|peanut butter jelly time,graph_song,song,Buckwheat Boyz,Peanut Butter Jelly Time,2002,us,apple_song_search_no_auto_match,10,85,,false
graph_song:song|budgie|crash course in brain surgery:apple_song_search_no_auto_match,apple_music_link_pass_v1,song|budgie|crash course in brain surgery,graph_song,song,Budgie,Crash Course in Brain Surgery,1971,us,apple_song_search_no_auto_match,2,88,,false
graph_song:song|burna boy featuring ed sheeran|for my hand:apple_song_search_no_auto_match,apple_music_link_pass_v1,song|burna boy featuring ed sheeran|for my hand,graph_song,song,Burna Boy featuring Ed Sheeran,For My Hand,2022,us,apple_song_search_no_auto_match,10,88,,false
graph_song:song|bush tetras|cant be funky:apple_song_search_no_auto_match,apple_music_link_pass_v1,song|bush tetras|cant be funky,graph_song,song,Bush Tetras,Cant Be Funky,1981,us,apple_song_search_no_auto_match,3,47,,false
graph_song:song|buzzcocks|ever fallen in love:apple_song_search_no_auto_match,apple_music_link_pass_v1,song|buzzcocks|ever fallen in love,graph_song,song,Buzzcocks,Ever Fallen in Love,1978,us,apple_song_search_no_auto_match,10,88,,false
graph_song:song|buzzcocks|fast cars:apple_song_search_no_auto_match,apple_music_link_pass_v1,song|buzzcocks|fast cars,graph_song,song,Buzzcocks,Fast Cars,1978,us,apple_song_search_no_auto_match,10,88,,false
graph_song:song|byrds|lady friend:apple_song_search_no_auto_match,apple_music_link_pass_v1,song|byrds|lady friend,graph_song,song,The Byrds,Lady Friend,1967,us,apple_song_search_no_auto_match,10,85,,false
graph_song:song|byrds|she don t care about time:apple_song_search_no_auto_match,apple_music_link_pass_v1,song|byrds|she don t care about time,graph_song,song,The Byrds,She Don't Care About Time,1965,us,apple_song_search_no_auto_match,10,85,,false
graph_song:song|cadillacs|gloria:apple_song_search_no_auto_match,apple_music_link_pass_v1,song|cadillacs|gloria,graph_song,song,The Cadillacs,Gloria,1954,us,apple_song_search_no_auto_match,10,85,,false
graph_song:song|cadillacs|speedoo:apple_song_search_no_auto_match,apple_music_link_pass_v1,song|cadillacs|speedoo,graph_song,song,The Cadillacs,Speedoo,1955,us,apple_song_search_no_auto_match,10,85,,false
graph_song:song|cajmere featuring dajae|brighter days:apple_song_search_no_auto_match,apple_music_link_pass_v1,song|cajmere featuring dajae|brighter days,graph_song,song,Cajmere featuring Dajae,Brighter Days,1992,us,apple_song_search_no_auto_match,10,80,,false
graph_song:song|cajmere|percolator:apple_song_search_no_auto_match,apple_music_link_pass_v1,song|cajmere|percolator,graph_song,song,Cajmere,Percolator,1992,us,apple_song_search_no_auto_match,10,88,,false
graph_song:song|calvin harris featuring rihanna|this is what you came for:apple_song_search_no_auto_match,apple_music_link_pass_v1,song|calvin harris featuring rihanna|this is what you came for,graph_song,song,Calvin Harris featuring Rihanna,This Is What You Came For,2016,us,apple_song_search_no_auto_match,10,65,,false
graph_song:song|calvin harris|feel so close:apple_song_search_no_auto_match,apple_music_link_pass_v1,song|calvin harris|feel so close,graph_song,song,Calvin Harris,Feel So Close,2011,us,apple_song_search_no_auto_match,10,88,,false
graph_song:song|camila cabello featuring young thug|havana:apple_song_search_needs_review_version_risk,apple_music_link_pass_v1,song|camila cabello featuring young thug|havana,graph_song,song,Camila Cabello featuring Young Thug,Havana,2017,us,apple_song_search_needs_review_version_risk,10,88,,false
graph_song:song|cannonball adderley|mercy mercy mercy:apple_song_search_needs_review_version_risk,apple_music_link_pass_v1,song|cannonball adderley|mercy mercy mercy,graph_song,song,Cannonball Adderley,"Mercy, Mercy, Mercy",1966,us,apple_song_search_needs_review_version_risk,10,73,,false
graph_song:song|captain beefheart and his magic band|moonlight on vermont:apple_song_search_no_auto_match,apple_music_link_pass_v1,song|captain beefheart and his magic band|moonlight on vermont,graph_song,song,Captain Beefheart & His Magic Band,Moonlight on Vermont,1969,us,apple_song_search_no_auto_match,10,73,,false
graph_song:song|cardi b feat megan thee stallion|wap:apple_song_search_needs_review_version_risk,apple_music_link_pass_v1,song|cardi b feat megan thee stallion|wap,graph_song,song,Cardi B feat. Megan Thee Stallion,WAP,2020,us,apple_song_search_needs_review_version_risk,10,88,,false
graph_song:song|carole king|it might as well rain until september:apple_song_search_no_auto_match,apple_music_link_pass_v1,song|carole king|it might as well rain until september,graph_song,song,Carole King,It Might as Well Rain Until September,1962,us,apple_song_search_no_auto_match,10,85,,false
graph_song:song|carolina gaitan mauro castillo adassa rhenzy feliz diane guerrero stephanie beatriz and encanto cast|we don t talk about bruno:apple_song_search_no_auto_match,apple_music_link_pass_v1,song|carolina gaitan mauro castillo adassa rhenzy feliz diane guerrero stephanie beatriz and encanto cast|we don t talk about bruno,graph_song,song,"Carolina Gaitan, Mauro Castillo, Adassa, Rhenzy Feliz, Diane Guerrero, Stephanie Beatriz and Encanto Cast",We Don't Talk About Bruno,2021,us,apple_song_search_no_auto_match,7,65,,false
graph_song:song|carpenters|merry christmas darling:apple_song_search_no_auto_match,apple_music_link_pass_v1,song|carpenters|merry christmas darling,graph_song,song,The Carpenters,Merry Christmas Darling,1970,us,apple_song_search_no_auto_match,10,73,,false
graph_song:song|cars|lets go:apple_song_search_no_auto_match,apple_music_link_pass_v1,song|cars|lets go,graph_song,song,The Cars,Lets Go,1979,us,apple_song_search_no_auto_match,10,50,,false
graph_song:song|cars|my best friends girl:apple_song_search_no_auto_match,apple_music_link_pass_v1,song|cars|my best friends girl,graph_song,song,The Cars,My Best Friends Girl,1978,us,apple_song_search_no_auto_match,10,50,,false
graph_song:song|castaways|liar liar:apple_song_search_no_auto_match,apple_music_link_pass_v1,song|castaways|liar liar,graph_song,song,The Castaways,"Liar, Liar",1965,us,apple_song_search_no_auto_match,10,85,,false
graph_song:song|cathedral|hopkins the witchfinder general:apple_song_search_no_auto_match,apple_music_link_pass_v1,song|cathedral|hopkins the witchfinder general,graph_song,song,Cathedral,Hopkins (The Witchfinder General),1991,us,apple_song_search_no_auto_match,9,85,,false
graph_song:song|ceelo green|closet freak:apple_song_search_no_auto_match,apple_music_link_pass_v1,song|ceelo green|closet freak,graph_song,song,CeeLo Green,Closet Freak,2002,us,apple_song_search_no_auto_match,10,53,,false
graph_song:song|cesaria evora|carnaval de sao vicente:apple_song_search_no_auto_match,apple_music_link_pass_v1,song|cesaria evora|carnaval de sao vicente,graph_song,song,Cesaria Evora,Carnaval de Sao Vicente,1999,us,apple_song_search_no_auto_match,10,85,,false
graph_song:song|chainsmokers featuring daya|don t let me down:apple_song_search_needs_review_version_risk,apple_music_link_pass_v1,song|chainsmokers featuring daya|don t let me down,graph_song,song,The Chainsmokers featuring Daya,Don't Let Me Down,2016,us,apple_song_search_needs_review_version_risk,10,88,,false
graph_song:song|chainsmokers featuring rozes|roses:apple_song_search_needs_review_version_risk,apple_music_link_pass_v1,song|chainsmokers featuring rozes|roses,graph_song,song,The Chainsmokers featuring Rozes,Roses,2015,us,apple_song_search_needs_review_version_risk,10,88,,false
graph_song:song|chamillionaire feat krayzie bone|ridin:apple_song_search_no_auto_match,apple_music_link_pass_v1,song|chamillionaire feat krayzie bone|ridin,graph_song,song,Chamillionaire feat. Krayzie Bone,Ridin',2005,us,apple_song_search_no_auto_match,10,88,,false
graph_song:song|channel one|technicolor:apple_song_search_no_auto_match,apple_music_link_pass_v1,song|channel one|technicolor,graph_song,song,Channel One,Technicolor,1986,us,apple_song_search_no_auto_match,1,38,,false
graph_song:song|charles penrose|laughing policeman:apple_song_search_needs_review_version_risk,apple_music_link_pass_v1,song|charles penrose|laughing policeman,graph_song,song,Charles Penrose,The Laughing Policeman,1922,us,apple_song_search_needs_review_version_risk,10,85,,false
graph_song:song|charley crockett|i am not afraid:apple_song_search_no_auto_match,apple_music_link_pass_v1,song|charley crockett|i am not afraid,graph_song,song,Charley Crockett,I Am Not Afraid,2020,us,apple_song_search_no_auto_match,10,85,,false
graph_song:song|cher|after all:apple_song_search_no_auto_match,apple_music_link_pass_v1,song|cher|after all,graph_song,song,Cher,After All,1989,us,apple_song_search_no_auto_match,10,38,,false
graph_song:song|chez damier|can you feel it:apple_song_search_needs_review_version_risk,apple_music_link_pass_v1,song|chez damier|can you feel it,graph_song,song,Chez Damier,Can You Feel It,1992,us,apple_song_search_needs_review_version_risk,10,85,,false
graph_song:song|chief keef feat lil reese|i don t like:apple_song_search_needs_review_version_risk,apple_music_link_pass_v1,song|chief keef feat lil reese|i don t like,graph_song,song,Chief Keef feat. Lil Reese,I Don't Like,2012,us,apple_song_search_needs_review_version_risk,10,88,,false
graph_song:song|chocolate watchband|sweet young thing:apple_song_search_no_auto_match,apple_music_link_pass_v1,song|chocolate watchband|sweet young thing,graph_song,song,The Chocolate Watchband,Sweet Young Thing,1967,us,apple_song_search_no_auto_match,10,85,,false
graph_song:song|choir|it s cold outside:apple_song_search_no_auto_match,apple_music_link_pass_v1,song|choir|it s cold outside,graph_song,song,The Choir,It's Cold Outside,1966,us,apple_song_search_no_auto_match,10,85,,false
graph_song:song|christina aguilera lil kim mya and pink|lady marmalade:apple_song_search_needs_review_version_risk,apple_music_link_pass_v1,song|christina aguilera lil kim mya and pink|lady marmalade,graph_song,song,"Christina Aguilera, Lil' Kim, Mya and Pink",Lady Marmalade,2001,us,apple_song_search_needs_review_version_risk,10,65,,false
graph_song:song|christina aguilera|come on over baby all i want is you:apple_song_search_needs_review_version_risk,apple_music_link_pass_v1,song|christina aguilera|come on over baby all i want is you,graph_song,song,Christina Aguilera,Come On Over Baby (All I Want Is You),2000,us,apple_song_search_needs_review_version_risk,10,85,,false
graph_song:song|christina aguilera|dirrty:apple_song_search_no_auto_match,apple_music_link_pass_v1,song|christina aguilera|dirrty,graph_song,song,Christina Aguilera,Dirrty,2002,us,apple_song_search_no_auto_match,10,88,,false
graph_song:song|chuck berry|my ding a ling:apple_song_search_needs_review_version_risk,apple_music_link_pass_v1,song|chuck berry|my ding a ling,graph_song,song,Chuck Berry,My Ding-a-Ling,1972,us,apple_song_search_needs_review_version_risk,10,73,,false
graph_song:song|chuck berry|school day:apple_song_search_no_auto_match,apple_music_link_pass_v1,song|chuck berry|school day,graph_song,song,Chuck Berry,School Day,1957,us,apple_song_search_no_auto_match,10,88,,false
graph_song:song|ckay|love nwantiti:apple_song_search_needs_review_version_risk,apple_music_link_pass_v1,song|ckay|love nwantiti,graph_song,song,CKay,Love Nwantiti,2019,us,apple_song_search_needs_review_version_risk,10,88,,false
graph_song:song|clark sisters|you brought the sunshine:apple_song_search_no_auto_match,apple_music_link_pass_v1,song|clark sisters|you brought the sunshine,graph_song,song,The Clark Sisters,You Brought the Sunshine,1981,us,apple_song_search_no_auto_match,10,85,,false
graph_song:song|clean bandit featuring jess glynne|rather be:apple_song_search_needs_review_version_risk,apple_music_link_pass_v1,song|clean bandit featuring jess glynne|rather be,graph_song,song,Clean Bandit featuring Jess Glynne,Rather Be,2014,us,apple_song_search_needs_review_version_risk,10,88,,false
graph_song:song|clean bandit featuring zara larsson|symphony:apple_song_search_needs_review_version_risk,apple_music_link_pass_v1,song|clean bandit featuring zara larsson|symphony,graph_song,song,Clean Bandit featuring Zara Larsson,Symphony,2017,us,apple_song_search_needs_review_version_risk,10,88,,false
graph_song:song|clipping|work work:apple_song_search_needs_review_version_risk,apple_music_link_pass_v1,song|clipping|work work,graph_song,song,clipping.,Work Work,2014,us,apple_song_search_needs_review_version_risk,10,88,,false
graph_song:song|clovers|love potion no 9:apple_song_search_no_auto_match,apple_music_link_pass_v1,song|clovers|love potion no 9,graph_song,song,The Clovers,Love Potion No. 9,1959,us,apple_song_search_no_auto_match,10,73,,false
graph_song:song|cockney rebel|judy teen:apple_song_search_no_auto_match,apple_music_link_pass_v1,song|cockney rebel|judy teen,graph_song,song,Cockney Rebel,Judy Teen,1974,us,apple_song_search_no_auto_match,10,85,,false
graph_song:song|cocteau twins|pearly dewdrops drops:apple_song_search_no_auto_match,apple_music_link_pass_v1,song|cocteau twins|pearly dewdrops drops,graph_song,song,Cocteau Twins,Pearly-Dewdrops Drops,1984,us,apple_song_search_no_auto_match,6,85,,false
graph_song:song|college featuring electric youth|a real hero:apple_song_search_needs_review_version_risk,apple_music_link_pass_v1,song|college featuring electric youth|a real hero,graph_song,song,College featuring Electric Youth,A Real Hero,2010,us,apple_song_search_needs_review_version_risk,10,88,,false
graph_song:song|com truise|propagation:apple_song_search_no_auto_match,apple_music_link_pass_v1,song|com truise|propagation,graph_song,song,Com Truise,Propagation,2013,us,apple_song_search_no_auto_match,2,85,,false
graph_song:song|commander cody and his lost planet airmen|hot rod lincoln:apple_song_search_needs_review_version_risk,apple_music_link_pass_v1,song|commander cody and his lost planet airmen|hot rod lincoln,graph_song,song,Commander Cody and His Lost Planet Airmen,Hot Rod Lincoln,1971,us,apple_song_search_needs_review_version_risk,10,73,,false
graph_song:song|commander cody and his lost planet airmen|seeds and stems again blues:apple_song_search_no_auto_match,apple_music_link_pass_v1,song|commander cody and his lost planet airmen|seeds and stems again blues,graph_song,song,Commander Cody and His Lost Planet Airmen,Seeds and Stems Again Blues,1971,us,apple_song_search_no_auto_match,10,45,,false
graph_song:song|comsat angels|independence day:apple_song_search_no_results,apple_music_link_pass_v1,song|comsat angels|independence day,graph_song,song,The Comsat Angels,Independence Day,1980,us,apple_song_search_no_results,0,,,false
graph_song:song|connie stevens|sixteen reasons:apple_song_search_no_auto_match,apple_music_link_pass_v1,song|connie stevens|sixteen reasons,graph_song,song,Connie Stevens,Sixteen Reasons,1960,us,apple_song_search_no_auto_match,10,73,,false
graph_song:song|cookies|don t say nothin bad:apple_song_search_no_auto_match,apple_music_link_pass_v1,song|cookies|don t say nothin bad,graph_song,song,The Cookies,Don't Say Nothin' Bad,1963,us,apple_song_search_no_auto_match,10,73,,false
graph_song:song|coolio feat l v|gangsta s paradise:apple_song_search_needs_review_version_risk,apple_music_link_pass_v1,song|coolio feat l v|gangsta s paradise,graph_song,song,Coolio feat. L.V.,Gangsta's Paradise,1995,us,apple_song_search_needs_review_version_risk,10,88,,false
graph_song:song|coolio featuring l v|gangsta s paradise:apple_song_search_needs_review_version_risk,apple_music_link_pass_v1,song|coolio featuring l v|gangsta s paradise,graph_song,song,Coolio featuring L.V.,Gangsta's Paradise,1995,us,apple_song_search_needs_review_version_risk,10,88,,false
graph_song:song|count basie|april in paris:apple_song_search_needs_review_version_risk,apple_music_link_pass_v1,song|count basie|april in paris,graph_song,song,Count Basie,April in Paris,1955,us,apple_song_search_needs_review_version_risk,10,92,,false
graph_song:song|crazy frog|axel f:apple_song_search_needs_review_version_risk,apple_music_link_pass_v1,song|crazy frog|axel f,graph_song,song,Crazy Frog,Axel F,2005,us,apple_song_search_needs_review_version_risk,10,85,,false
graph_song:song|crests|step by step:apple_song_search_no_auto_match,apple_music_link_pass_v1,song|crests|step by step,graph_song,song,The Crests,Step by Step,1960,us,apple_song_search_no_auto_match,10,85,,false
graph_song:song|crystal gayle|don t it make my brown eyes blue:apple_song_search_no_auto_match,apple_music_link_pass_v1,song|crystal gayle|don t it make my brown eyes blue,graph_song,song,Crystal Gayle,Don't It Make My Brown Eyes Blue,1977,us,apple_song_search_no_auto_match,10,85,,false
graph_song:song|crystal waters|gypsy woman she s homeless:apple_song_search_no_auto_match,apple_music_link_pass_v1,song|crystal waters|gypsy woman she s homeless,graph_song,song,Crystal Waters,Gypsy Woman (She's Homeless),1991,us,apple_song_search_no_auto_match,10,88,,false
graph_song:song|cure|boys dont cry:apple_song_search_no_auto_match,apple_music_link_pass_v1,song|cure|boys dont cry,graph_song,song,The Cure,Boys Dont Cry,1979,us,apple_song_search_no_auto_match,10,50,,false
graph_song:song|cure|charlotte sometimes:apple_song_search_no_auto_match,apple_music_link_pass_v1,song|cure|charlotte sometimes,graph_song,song,The Cure,Charlotte Sometimes,1981,us,apple_song_search_no_auto_match,10,73,,false
graph_song:song|curve|coast is clear:apple_song_search_no_auto_match,apple_music_link_pass_v1,song|curve|coast is clear,graph_song,song,Curve,Coast Is Clear,1991,us,apple_song_search_no_auto_match,10,50,,false
graph_song:song|curve|horror head:apple_song_search_no_results,apple_music_link_pass_v1,song|curve|horror head,graph_song,song,Curve,Horror Head,1992,us,apple_song_search_no_results,0,,,false
graph_song:song|d o a|fucked up ronnie:apple_song_search_needs_review_version_risk,apple_music_link_pass_v1,song|d o a|fucked up ronnie,graph_song,song,D.O.A.,Fucked Up Ronnie,1981,us,apple_song_search_needs_review_version_risk,10,50,,false
graph_song:song|dababy feat roddy ricch|rockstar:apple_song_search_needs_review_version_risk,apple_music_link_pass_v1,song|dababy feat roddy ricch|rockstar,graph_song,song,DaBaby feat. Roddy Ricch,Rockstar,2020,us,apple_song_search_needs_review_version_risk,10,88,,false
graph_song:song|daddy yankee and snow|con calma:apple_song_search_no_auto_match,apple_music_link_pass_v1,song|daddy yankee and snow|con calma,graph_song,song,Daddy Yankee and Snow,Con Calma,2019,us,apple_song_search_no_auto_match,10,53,,false
graph_song:song|daft punk featuring pharrell williams|get lucky:apple_song_search_no_auto_match,apple_music_link_pass_v1,song|daft punk featuring pharrell williams|get lucky,graph_song,song,Daft Punk featuring Pharrell Williams,Get Lucky,2013,us,apple_song_search_no_auto_match,10,65,,false
graph_song:song|daily flash|jack of diamonds:apple_song_search_needs_review_version_risk,apple_music_link_pass_v1,song|daily flash|jack of diamonds,graph_song,song,The Daily Flash,Jack of Diamonds,1966,us,apple_song_search_needs_review_version_risk,10,0,,false
graph_song:song|dakhabrakha|sho z pod duba:apple_song_search_no_results,apple_music_link_pass_v1,song|dakhabrakha|sho z pod duba,graph_song,song,DakhaBrakha,Sho Z-Pod Duba,2007,us,apple_song_search_no_results,0,,,false
graph_song:song|dan hartman|relight my fire:apple_song_search_no_auto_match,apple_music_link_pass_v1,song|dan hartman|relight my fire,graph_song,song,Dan Hartman,Relight My Fire,1979,us,apple_song_search_no_auto_match,10,88,,false
graph_song:song|danny l harle|super natural:apple_song_search_no_auto_match,apple_music_link_pass_v1,song|danny l harle|super natural,graph_song,song,Danny L Harle,Super Natural,2016,us,apple_song_search_no_auto_match,10,88,,false
graph_song:song|darlene zschech|shout to the lord:apple_song_search_no_auto_match,apple_music_link_pass_v1,song|darlene zschech|shout to the lord,graph_song,song,Darlene Zschech,Shout to the Lord,1993,us,apple_song_search_no_auto_match,10,85,,false
graph_song:song|das racist|combination pizza hut and taco bell:apple_song_search_needs_review_version_risk,apple_music_link_pass_v1,song|das racist|combination pizza hut and taco bell,graph_song,song,Das Racist,Combination Pizza Hut and Taco Bell,2008,us,apple_song_search_needs_review_version_risk,8,92,,false
graph_song:song|dave clark five|bits and pieces:apple_song_search_no_auto_match,apple_music_link_pass_v1,song|dave clark five|bits and pieces,graph_song,song,The Dave Clark Five,Bits and Pieces,1964,us,apple_song_search_no_auto_match,10,88,,false
graph_song:song|dave clark five|glad all over:apple_song_search_no_auto_match,apple_music_link_pass_v1,song|dave clark five|glad all over,graph_song,song,The Dave Clark Five,Glad All Over,1963,us,apple_song_search_no_auto_match,10,85,,false
graph_song:song|dave van ronk|green green rocky road:apple_song_search_no_auto_match,apple_music_link_pass_v1,song|dave van ronk|green green rocky road,graph_song,song,Dave Van Ronk,Green Green Rocky Road,1963,us,apple_song_search_no_auto_match,10,85,,false
graph_song:song|david a stewart featuring candy dulfer|lily was here:apple_song_search_needs_review_version_risk,apple_music_link_pass_v1,song|david a stewart featuring candy dulfer|lily was here,graph_song,song,David A. Stewart featuring Candy Dulfer,Lily Was Here,1989,us,apple_song_search_needs_review_version_risk,10,88,,false
graph_song:song|david bowie and bing crosby|peace on earth little drummer boy:apple_song_search_needs_review_version_risk,apple_music_link_pass_v1,song|david bowie and bing crosby|peace on earth little drummer boy,graph_song,song,David Bowie and Bing Crosby,Peace on Earth/Little Drummer Boy,1982,us,apple_song_search_needs_review_version_risk,10,50,,false
graph_song:song|david bowie|suffragette city:apple_song_search_no_auto_match,apple_music_link_pass_v1,song|david bowie|suffragette city,graph_song,song,David Bowie,Suffragette City,1972,us,apple_song_search_no_auto_match,10,88,,false
graph_song:song|david guetta featuring kelly rowland|when love takes over:apple_song_search_no_auto_match,apple_music_link_pass_v1,song|david guetta featuring kelly rowland|when love takes over,graph_song,song,David Guetta featuring Kelly Rowland,When Love Takes Over,2009,us,apple_song_search_no_auto_match,10,88,,false
graph_song:song|david guetta featuring sia|titanium:apple_song_search_no_auto_match,apple_music_link_pass_v1,song|david guetta featuring sia|titanium,graph_song,song,David Guetta featuring Sia,Titanium,2011,us,apple_song_search_no_auto_match,10,88,,false
graph_song:song|david guetta featuring usher|without you:apple_song_search_needs_review_version_risk,apple_music_link_pass_v1,song|david guetta featuring usher|without you,graph_song,song,David Guetta featuring Usher,Without You,2011,us,apple_song_search_needs_review_version_risk,10,88,,false
graph_song:song|david seville|witch doctor:apple_song_search_no_auto_match,apple_music_link_pass_v1,song|david seville|witch doctor,graph_song,song,David Seville,Witch Doctor,1958,us,apple_song_search_no_auto_match,10,88,,false
graph_song:song|davido featuring musa keys|unavailable:apple_song_search_no_auto_match,apple_music_link_pass_v1,song|davido featuring musa keys|unavailable,graph_song,song,Davido featuring Musa Keys,Unavailable,2023,us,apple_song_search_no_auto_match,10,88,,false
graph_song:song|db s|black and white:apple_song_search_needs_review_version_risk,apple_music_link_pass_v1,song|db s|black and white,graph_song,song,The dB's,Black and White,1981,us,apple_song_search_needs_review_version_risk,10,88,,false
graph_song:song|dbs|amplifier:apple_song_search_no_auto_match,apple_music_link_pass_v1,song|dbs|amplifier,graph_song,song,The dBs,Amplifier,1981,us,apple_song_search_no_auto_match,10,50,,false
graph_song:song|dbs|neverland:apple_song_search_no_auto_match,apple_music_link_pass_v1,song|dbs|neverland,graph_song,song,The dBs,Neverland,1981,us,apple_song_search_no_auto_match,6,50,,false
graph_song:song|dbx|losing control:apple_song_search_needs_review_version_risk,apple_music_link_pass_v1,song|dbx|losing control,graph_song,song,DBX,Losing Control,1994,us,apple_song_search_needs_review_version_risk,10,88,,false
graph_song:song|de la soul|a roller skating jam named saturdays:apple_song_search_no_auto_match,apple_music_link_pass_v1,song|de la soul|a roller skating jam named saturdays,graph_song,song,De La Soul,A Roller Skating Jam Named Saturdays,1991,us,apple_song_search_no_auto_match,10,73,,false
graph_song:song|de la soul|buddy:apple_song_search_no_auto_match,apple_music_link_pass_v1,song|de la soul|buddy,graph_song,song,De La Soul,Buddy,1989,us,apple_song_search_no_auto_match,10,73,,false
graph_song:song|de la soul|eye know:apple_song_search_no_auto_match,apple_music_link_pass_v1,song|de la soul|eye know,graph_song,song,De La Soul,Eye Know,1989,us,apple_song_search_no_auto_match,10,88,,false
graph_song:song|dean martin|sway:apple_song_search_no_auto_match,apple_music_link_pass_v1,song|dean martin|sway,graph_song,song,Dean Martin,Sway,1954,us,apple_song_search_no_auto_match,10,88,,false
graph_song:song|deitrick haddon|he s able:apple_song_search_no_auto_match,apple_music_link_pass_v1,song|deitrick haddon|he s able,graph_song,song,Deitrick Haddon,He's Able,2011,us,apple_song_search_no_auto_match,10,85,,false
graph_song:song|dem franchize boyz|i think they like me:apple_song_search_needs_review_version_risk,apple_music_link_pass_v1,song|dem franchize boyz|i think they like me,graph_song,song,Dem Franchize Boyz,I Think They Like Me,2005,us,apple_song_search_needs_review_version_risk,10,88,,false
graph_song:song|dennis ferrer|hey hey:apple_song_search_needs_review_version_risk,apple_music_link_pass_v1,song|dennis ferrer|hey hey,graph_song,song,Dennis Ferrer,Hey Hey,2009,us,apple_song_search_needs_review_version_risk,10,85,,false
graph_song:song|depeche mode|just cant get enough:apple_song_search_no_auto_match,apple_music_link_pass_v1,song|depeche mode|just cant get enough,graph_song,song,Depeche Mode,Just Cant Get Enough,1981,us,apple_song_search_no_auto_match,10,50,,false
graph_song:song|destiny s child|independent women part i:apple_song_search_no_auto_match,apple_music_link_pass_v1,song|destiny s child|independent women part i,graph_song,song,Destiny's Child,Independent Women Part I,2000,us,apple_song_search_no_auto_match,10,50,,false
graph_song:song|diamond head|prince:apple_song_search_no_auto_match,apple_music_link_pass_v1,song|diamond head|prince,graph_song,song,Diamond Head,The Prince,1980,us,apple_song_search_no_auto_match,10,73,,false
graph_song:song|diamond platnumz featuring koffi olomide|waah:apple_song_search_no_auto_match,apple_music_link_pass_v1,song|diamond platnumz featuring koffi olomide|waah,graph_song,song,Diamond Platnumz featuring Koffi Olomide,Waah!,2020,us,apple_song_search_no_auto_match,8,88,,false
graph_song:song|diamond platnumz featuring ne yo|marry you:apple_song_search_no_auto_match,apple_music_link_pass_v1,song|diamond platnumz featuring ne yo|marry you,graph_song,song,Diamond Platnumz featuring Ne-Yo,Marry You,2016,us,apple_song_search_no_auto_match,10,88,,false
graph_song:song|diamonds|stroll:apple_song_search_no_auto_match,apple_music_link_pass_v1,song|diamonds|stroll,graph_song,song,The Diamonds,The Stroll,1957,us,apple_song_search_no_auto_match,10,85,,false
graph_song:song|disclosure featuring sam smith|latch:apple_song_search_no_auto_match,apple_music_link_pass_v1,song|disclosure featuring sam smith|latch,graph_song,song,Disclosure featuring Sam Smith,Latch,2012,us,apple_song_search_no_auto_match,10,88,,false
graph_song:song|dj casper|cha cha slide:apple_song_search_no_auto_match,apple_music_link_pass_v1,song|dj casper|cha cha slide,graph_song,song,DJ Casper,Cha Cha Slide,2000,us,apple_song_search_no_auto_match,10,53,,false
graph_song:song|dj kool|let me clear my throat:apple_song_search_no_auto_match,apple_music_link_pass_v1,song|dj kool|let me clear my throat,graph_song,song,DJ Kool,Let Me Clear My Throat,1996,us,apple_song_search_no_auto_match,10,88,,false
graph_song:song|dj krush|kemuri:apple_song_search_no_auto_match,apple_music_link_pass_v1,song|dj krush|kemuri,graph_song,song,DJ Krush,Kemuri,1994,us,apple_song_search_no_auto_match,6,85,,false
graph_song:song|dj snake featuring bipolar sunshine|middle:apple_song_search_needs_review_version_risk,apple_music_link_pass_v1,song|dj snake featuring bipolar sunshine|middle,graph_song,song,DJ Snake featuring Bipolar Sunshine,Middle,2015,us,apple_song_search_needs_review_version_risk,10,88,,false
graph_song:song|dj snake featuring justin bieber|let me love you:apple_song_search_needs_review_version_risk,apple_music_link_pass_v1,song|dj snake featuring justin bieber|let me love you,graph_song,song,DJ Snake featuring Justin Bieber,Let Me Love You,2016,us,apple_song_search_needs_review_version_risk,10,53,,false
graph_song:song|dj snake featuring selena gomez ozuna and cardi b|taki taki:apple_song_search_no_auto_match,apple_music_link_pass_v1,song|dj snake featuring selena gomez ozuna and cardi b|taki taki,graph_song,song,"DJ Snake featuring Selena Gomez, Ozuna and Cardi B",Taki Taki,2018,us,apple_song_search_no_auto_match,10,88,,false
graph_song:song|dmx|get at me dog:apple_song_search_needs_review_version_risk,apple_music_link_pass_v1,song|dmx|get at me dog,graph_song,song,DMX,Get at Me Dog,1998,us,apple_song_search_needs_review_version_risk,10,88,,false
graph_song:song|dna|blonde redhead:apple_song_search_no_auto_match,apple_music_link_pass_v1,song|dna|blonde redhead,graph_song,song,DNA,Blonde Redhead,1978,us,apple_song_search_no_auto_match,10,85,,false
graph_song:song|dna|not moving:apple_song_search_no_auto_match,apple_music_link_pass_v1,song|dna|not moving,graph_song,song,DNA,Not Moving,1978,us,apple_song_search_no_auto_match,10,0,,false
graph_song:song|doja cat featuring sza|kiss me more:apple_song_search_needs_review_version_risk,apple_music_link_pass_v1,song|doja cat featuring sza|kiss me more,graph_song,song,Doja Cat featuring SZA,Kiss Me More,2021,us,apple_song_search_needs_review_version_risk,10,88,,false
graph_song:song|don omar featuring lucenzo|danza kuduro:apple_song_search_no_auto_match,apple_music_link_pass_v1,song|don omar featuring lucenzo|danza kuduro,graph_song,song,Don Omar featuring Lucenzo,Danza Kuduro,2010,us,apple_song_search_no_auto_match,10,88,,false
graph_song:song|donna summer|heaven knows:apple_song_search_no_auto_match,apple_music_link_pass_v1,song|donna summer|heaven knows,graph_song,song,Donna Summer,Heaven Knows,1978,us,apple_song_search_no_auto_match,10,85,,false
graph_song:song|donnie mcclurkin|stand:apple_song_search_no_auto_match,apple_music_link_pass_v1,song|donnie mcclurkin|stand,graph_song,song,Donnie McClurkin,Stand,1996,us,apple_song_search_no_auto_match,10,73,,false
graph_song:song|donovan|epistle to dippy:apple_song_search_no_auto_match,apple_music_link_pass_v1,song|donovan|epistle to dippy,graph_song,song,Donovan,Epistle to Dippy,1967,us,apple_song_search_no_auto_match,3,88,,false
graph_song:song|doobie brothers|you belong to me:apple_song_search_no_auto_match,apple_music_link_pass_v1,song|doobie brothers|you belong to me,graph_song,song,The Doobie Brothers,You Belong to Me,1977,us,apple_song_search_no_auto_match,10,88,,false
graph_song:song|doug sahm and band|is anybody goin to san antone:apple_song_search_no_auto_match,apple_music_link_pass_v1,song|doug sahm and band|is anybody goin to san antone,graph_song,song,Doug Sahm and Band,Is Anybody Goin' to San Antone,1973,us,apple_song_search_no_auto_match,10,73,,false
graph_song:song|dovers|what am i going to do:apple_song_search_no_auto_match,apple_music_link_pass_v1,song|dovers|what am i going to do,graph_song,song,The Dovers,What Am I Going to Do,1965,us,apple_song_search_no_auto_match,10,0,,false
graph_song:song|dr dre feat snoop doggy dogg|nuthin but a g thang:apple_song_search_no_auto_match,apple_music_link_pass_v1,song|dr dre feat snoop doggy dogg|nuthin but a g thang,graph_song,song,Dr. Dre feat. Snoop Doggy Dogg,Nuthin' but a G Thang,1992,us,apple_song_search_no_auto_match,10,53,,false
graph_song:song|dr dre|dre day:apple_song_search_needs_review_version_risk,apple_music_link_pass_v1,song|dr dre|dre day,graph_song,song,Dr. Dre,Dre Day,1992,us,apple_song_search_needs_review_version_risk,10,88,,false
graph_song:song|drake featuring wizkid and kyla|one dance:apple_song_search_no_auto_match,apple_music_link_pass_v1,song|drake featuring wizkid and kyla|one dance,graph_song,song,Drake featuring Wizkid and Kyla,One Dance,2016,us,apple_song_search_no_auto_match,10,88,,false
graph_song:song|drake|one dance:apple_song_search_no_auto_match,apple_music_link_pass_v1,song|drake|one dance,graph_song,song,Drake,One Dance,2016,us,apple_song_search_no_auto_match,10,88,,false
graph_song:song|drexciya|bubble metropolis:apple_song_search_no_auto_match,apple_music_link_pass_v1,song|drexciya|bubble metropolis,graph_song,song,Drexciya,Bubble Metropolis,1993,us,apple_song_search_no_auto_match,3,85,,false
graph_song:song|drexciya|wavejumper:apple_song_search_no_auto_match,apple_music_link_pass_v1,song|drexciya|wavejumper,graph_song,song,Drexciya,Wavejumper,1995,us,apple_song_search_no_auto_match,5,85,,false
graph_song:song|duke dumont featuring a m e|need u 100:apple_song_search_needs_review_version_risk,apple_music_link_pass_v1,song|duke dumont featuring a m e|need u 100,graph_song,song,Duke Dumont featuring A*M*E,Need U (100%),2013,us,apple_song_search_needs_review_version_risk,10,88,,false
graph_song:song|duke ellington|take the a train:apple_song_search_needs_review_version_risk,apple_music_link_pass_v1,song|duke ellington|take the a train,graph_song,song,Duke Ellington,Take the A Train,1941,us,apple_song_search_needs_review_version_risk,10,73,,false
graph_song:song|dwarf chorus|heigh ho:apple_song_search_needs_review_version_risk,apple_music_link_pass_v1,song|dwarf chorus|heigh ho,graph_song,song,The Dwarf Chorus,Heigh-Ho,1937,us,apple_song_search_needs_review_version_risk,5,73,,false
graph_song:song|dwight twilley band|girls:apple_song_search_no_auto_match,apple_music_link_pass_v1,song|dwight twilley band|girls,graph_song,song,Dwight Twilley Band,Girls,1984,us,apple_song_search_no_auto_match,10,35,,false
graph_song:song|earls|remember then:apple_song_search_no_auto_match,apple_music_link_pass_v1,song|earls|remember then,graph_song,song,The Earls,Remember Then,1962,us,apple_song_search_no_auto_match,10,85,,false
graph_song:song|earth wind and fire with the emotions|boogie wonderland:apple_song_search_no_auto_match,apple_music_link_pass_v1,song|earth wind and fire with the emotions|boogie wonderland,graph_song,song,"Earth, Wind & Fire with The Emotions",Boogie Wonderland,1979,us,apple_song_search_no_auto_match,10,88,,false
graph_song:song|eater|thinking of the usa:apple_song_search_no_auto_match,apple_music_link_pass_v1,song|eater|thinking of the usa,graph_song,song,Eater,Thinking of the USA,1977,us,apple_song_search_no_auto_match,10,73,,false
graph_song:song|eddie cochran|something else:apple_song_search_no_auto_match,apple_music_link_pass_v1,song|eddie cochran|something else,graph_song,song,Eddie Cochran,Something Else,1959,us,apple_song_search_no_auto_match,10,47,,false
graph_song:song|eddie cochran|twenty flight rock:apple_song_search_no_auto_match,apple_music_link_pass_v1,song|eddie cochran|twenty flight rock,graph_song,song,Eddie Cochran,Twenty Flight Rock,1956,us,apple_song_search_no_auto_match,10,85,,false
graph_song:song|edward maya featuring vika jigulina|stereo love:apple_song_search_needs_review_version_risk,apple_music_link_pass_v1,song|edward maya featuring vika jigulina|stereo love,graph_song,song,Edward Maya featuring Vika Jigulina,Stereo Love,2009,us,apple_song_search_needs_review_version_risk,10,65,,false
graph_song:song|edwin hawkins singers|oh happy day:apple_song_search_needs_review_version_risk,apple_music_link_pass_v1,song|edwin hawkins singers|oh happy day,graph_song,song,The Edwin Hawkins Singers,Oh Happy Day,1968,us,apple_song_search_needs_review_version_risk,10,85,,false
graph_song:song|eevee|house of memories:apple_song_search_no_auto_match,apple_music_link_pass_v1,song|eevee|house of memories,graph_song,song,eevee,house of memories,2016,us,apple_song_search_no_auto_match,10,65,,false
graph_song:song|eevee|jazz scratches:apple_song_search_no_results,apple_music_link_pass_v1,song|eevee|jazz scratches,graph_song,song,eevee,jazz scratches,2016,us,apple_song_search_no_results,0,,,false
graph_song:song|eevee|m i s t:apple_song_search_no_results,apple_music_link_pass_v1,song|eevee|m i s t,graph_song,song,eevee,m i s t,2016,us,apple_song_search_no_results,0,,,false
graph_song:song|eevee|vibes:apple_song_search_no_auto_match,apple_music_link_pass_v1,song|eevee|vibes,graph_song,song,eevee,vibes,2018,us,apple_song_search_no_auto_match,10,45,,false
graph_song:song|eiffel 65|blue da ba dee:apple_song_search_needs_review_version_risk,apple_music_link_pass_v1,song|eiffel 65|blue da ba dee,graph_song,song,Eiffel 65,Blue (Da Ba Dee),1998,us,apple_song_search_needs_review_version_risk,10,88,,false
graph_song:song|el gran combo de puerto rico|me libere:apple_song_search_no_auto_match,apple_music_link_pass_v1,song|el gran combo de puerto rico|me libere,graph_song,song,El Gran Combo de Puerto Rico,Me Libere,1975,us,apple_song_search_no_auto_match,10,85,,false
graph_song:song|el p|deep space 9mm:apple_song_search_no_auto_match,apple_music_link_pass_v1,song|el p|deep space 9mm,graph_song,song,El-P,Deep Space 9mm,2002,us,apple_song_search_no_auto_match,10,65,,false
graph_song:song|elevation worship and maverick city music featuring chandler moore and naomi raine|jireh:apple_song_search_no_auto_match,apple_music_link_pass_v1,song|elevation worship and maverick city music featuring chandler moore and naomi raine|jireh,graph_song,song,Elevation Worship and Maverick City Music featuring Chandler Moore and Naomi Raine,Jireh,2021,us,apple_song_search_no_auto_match,10,88,,false
graph_song:song|elevation worship|o come to the altar:apple_song_search_needs_review_version_risk,apple_music_link_pass_v1,song|elevation worship|o come to the altar,graph_song,song,Elevation Worship,O Come to the Altar,2016,us,apple_song_search_needs_review_version_risk,10,88,,false
graph_song:song|elevation worship|rattle:apple_song_search_needs_review_version_risk,apple_music_link_pass_v1,song|elevation worship|rattle,graph_song,song,Elevation Worship,RATTLE!,2020,us,apple_song_search_needs_review_version_risk,10,88,,false
graph_song:song|elevation worship|same god:apple_song_search_no_auto_match,apple_music_link_pass_v1,song|elevation worship|same god,graph_song,song,Elevation Worship,Same God,2022,us,apple_song_search_no_auto_match,10,88,,false
graph_song:song|elgins|heaven must have sent you:apple_song_search_needs_review_version_risk,apple_music_link_pass_v1,song|elgins|heaven must have sent you,graph_song,song,The Elgins,Heaven Must Have Sent You,1966,us,apple_song_search_needs_review_version_risk,10,88,,false
graph_song:song|elizabeth mitchell|you are my sunshine:apple_song_search_needs_review_version_risk,apple_music_link_pass_v1,song|elizabeth mitchell|you are my sunshine,graph_song,song,Elizabeth Mitchell,You Are My Sunshine,2002,us,apple_song_search_needs_review_version_risk,10,88,,false
graph_song:song|ellen greene and lee wilkof|suddenly seymour:apple_song_search_needs_review_version_risk,apple_music_link_pass_v1,song|ellen greene and lee wilkof|suddenly seymour,graph_song,song,Ellen Greene and Lee Wilkof,Suddenly Seymour,1982,us,apple_song_search_needs_review_version_risk,6,65,,false
graph_song:song|elmer bernstein|theme from the magnificent seven:apple_song_search_needs_review_version_risk,apple_music_link_pass_v1,song|elmer bernstein|theme from the magnificent seven,graph_song,song,Elmer Bernstein,Theme from The Magnificent Seven,1960,us,apple_song_search_needs_review_version_risk,10,35,,false
graph_song:song|elmo|elmo s song:apple_song_search_needs_review_version_risk,apple_music_link_pass_v1,song|elmo|elmo s song,graph_song,song,Elmo,Elmo's Song,1992,us,apple_song_search_needs_review_version_risk,10,92,,false
graph_song:song|elton john|candle in the wind:apple_song_search_no_auto_match,apple_music_link_pass_v1,song|elton john|candle in the wind,graph_song,song,Elton John,Candle in the Wind,1973,us,apple_song_search_no_auto_match,10,73,,false
graph_song:song|elton john|rocket man:apple_song_search_no_auto_match,apple_music_link_pass_v1,song|elton john|rocket man,graph_song,song,Elton John,Rocket Man,1972,us,apple_song_search_no_auto_match,10,88,,false
graph_song:song|elvis costello|olivers army:apple_song_search_no_auto_match,apple_music_link_pass_v1,song|elvis costello|olivers army,graph_song,song,Elvis Costello,Olivers Army,1979,us,apple_song_search_no_auto_match,10,50,,false
graph_song:song|emerson lake and palmer|lucky man:apple_song_search_no_auto_match,apple_music_link_pass_v1,song|emerson lake and palmer|lucky man,graph_song,song,"Emerson, Lake & Palmer",Lucky Man,1970,us,apple_song_search_no_auto_match,10,88,,false
graph_song:song|eminem feat dido|stan:apple_song_search_no_auto_match,apple_music_link_pass_v1,song|eminem feat dido|stan,graph_song,song,Eminem feat. Dido,Stan,2000,us,apple_song_search_no_auto_match,10,85,,false
graph_song:song|eminem feat rihanna|love the way you lie:apple_song_search_needs_review_version_risk,apple_music_link_pass_v1,song|eminem feat rihanna|love the way you lie,graph_song,song,Eminem feat. Rihanna,Love the Way You Lie,2010,us,apple_song_search_needs_review_version_risk,10,88,,false
graph_song:song|ennio morricone|nuovo cinema paradiso:apple_song_search_needs_review_version_risk,apple_music_link_pass_v1,song|ennio morricone|nuovo cinema paradiso,graph_song,song,Ennio Morricone,Nuovo Cinema Paradiso,1988,us,apple_song_search_needs_review_version_risk,10,35,,false
graph_song:song|enrique iglesias featuring descemer bueno and gente de zona|bailando:apple_song_search_no_auto_match,apple_music_link_pass_v1,song|enrique iglesias featuring descemer bueno and gente de zona|bailando,graph_song,song,Enrique Iglesias featuring Descemer Bueno and Gente de Zona,Bailando,2014,us,apple_song_search_no_auto_match,10,73,,false
graph_song:song|enrique iglesias featuring pitbull|i like it:apple_song_search_needs_review_version_risk,apple_music_link_pass_v1,song|enrique iglesias featuring pitbull|i like it,graph_song,song,Enrique Iglesias featuring Pitbull,I Like It,2010,us,apple_song_search_needs_review_version_risk,10,88,,false
graph_song:song|erykah badu|apple tree:apple_song_search_no_auto_match,apple_music_link_pass_v1,song|erykah badu|apple tree,graph_song,song,Erykah Badu,Apple Tree,1997,us,apple_song_search_no_auto_match,10,50,,false
graph_song:song|erykah badu|tyrone:apple_song_search_needs_review_version_risk,apple_music_link_pass_v1,song|erykah badu|tyrone,graph_song,song,Erykah Badu,Tyrone,1997,us,apple_song_search_needs_review_version_risk,10,88,,false
graph_song:song|esg|ufo:apple_song_search_no_auto_match,apple_music_link_pass_v1,song|esg|ufo,graph_song,song,ESG,UFO,1981,us,apple_song_search_no_auto_match,10,50,,false
graph_song:song|ethel merman|rose s turn:apple_song_search_needs_review_version_risk,apple_music_link_pass_v1,song|ethel merman|rose s turn,graph_song,song,Ethel Merman,Rose's Turn,1959,us,apple_song_search_needs_review_version_risk,10,73,,false
graph_song:song|eurythmics|whos that girl:apple_song_search_no_auto_match,apple_music_link_pass_v1,song|eurythmics|whos that girl,graph_song,song,Eurythmics,Whos That Girl?,1983,us,apple_song_search_no_auto_match,10,50,,false
graph_song:song|ewan mcgregor and nicole kidman|come what may:apple_song_search_needs_review_version_risk,apple_music_link_pass_v1,song|ewan mcgregor and nicole kidman|come what may,graph_song,song,Ewan McGregor and Nicole Kidman,Come What May,2001,us,apple_song_search_needs_review_version_risk,10,65,,false
graph_song:song|exciters|tell him:apple_song_search_no_auto_match,apple_music_link_pass_v1,song|exciters|tell him,graph_song,song,The Exciters,Tell Him,1962,us,apple_song_search_no_auto_match,10,85,,false
graph_song:song|fall|cruisers creek:apple_song_search_no_auto_match,apple_music_link_pass_v1,song|fall|cruisers creek,graph_song,song,The Fall,Cruisers Creek,1985,us,apple_song_search_no_auto_match,10,50,,false
graph_song:song|fantastic baggys|tell em i m surfin:apple_song_search_no_auto_match,apple_music_link_pass_v1,song|fantastic baggys|tell em i m surfin,graph_song,song,The Fantastic Baggys,Tell 'Em I'm Surfin',1964,us,apple_song_search_no_auto_match,3,85,,false
graph_song:song|farley jackmaster funk featuring darryl pandy|love can t turn around:apple_song_search_needs_review_version_risk,apple_music_link_pass_v1,song|farley jackmaster funk featuring darryl pandy|love can t turn around,graph_song,song,Farley Jackmaster Funk featuring Darryl Pandy,Love Can't Turn Around,1986,us,apple_song_search_needs_review_version_risk,3,88,,false
graph_song:song|fat joe feat ashanti|what s luv:apple_song_search_needs_review_version_risk,apple_music_link_pass_v1,song|fat joe feat ashanti|what s luv,graph_song,song,Fat Joe feat. Ashanti,What's Luv?,2002,us,apple_song_search_needs_review_version_risk,10,88,,false
graph_song:song|fats domino|i m walkin:apple_song_search_no_auto_match,apple_music_link_pass_v1,song|fats domino|i m walkin,graph_song,song,Fats Domino,I'm Walkin',1957,us,apple_song_search_no_auto_match,10,85,,false
graph_song:song|feelies|away:apple_song_search_no_auto_match,apple_music_link_pass_v1,song|feelies|away,graph_song,song,The Feelies,Away,1980,us,apple_song_search_no_auto_match,10,85,,false
graph_song:song|fergie|big girls don t cry:apple_song_search_no_auto_match,apple_music_link_pass_v1,song|fergie|big girls don t cry,graph_song,song,Fergie,Big Girls Don't Cry,2006,us,apple_song_search_no_auto_match,10,88,,false
graph_song:song|fergie|fergalicious:apple_song_search_no_auto_match,apple_music_link_pass_v1,song|fergie|fergalicious,graph_song,song,Fergie,Fergalicious,2006,us,apple_song_search_no_auto_match,10,88,,false
graph_song:song|fergie|glamorous:apple_song_search_no_auto_match,apple_music_link_pass_v1,song|fergie|glamorous,graph_song,song,Fergie,Glamorous,2006,us,apple_song_search_no_auto_match,10,88,,false
graph_song:song|five for fighting|superman:apple_song_search_no_auto_match,apple_music_link_pass_v1,song|five for fighting|superman,graph_song,song,Five for Fighting,Superman,2001,us,apple_song_search_no_auto_match,10,88,,false
graph_song:song|flashcubes|christi girl:apple_song_search_no_auto_match,apple_music_link_pass_v1,song|flashcubes|christi girl,graph_song,song,The Flashcubes,Christi Girl,1978,us,apple_song_search_no_auto_match,6,85,,false
graph_song:song|flatlanders|dallas:apple_song_search_no_auto_match,apple_music_link_pass_v1,song|flatlanders|dallas,graph_song,song,The Flatlanders,Dallas,1972,us,apple_song_search_no_auto_match,9,85,,false
graph_song:song|flo rida feat sia|wild ones:apple_song_search_no_auto_match,apple_music_link_pass_v1,song|flo rida feat sia|wild ones,graph_song,song,Flo Rida feat. Sia,Wild Ones,2011,us,apple_song_search_no_auto_match,10,88,,false
graph_song:song|flo rida feat t pain|low:apple_song_search_needs_review_version_risk,apple_music_link_pass_v1,song|flo rida feat t pain|low,graph_song,song,Flo Rida feat. T-Pain,Low,2007,us,apple_song_search_needs_review_version_risk,10,88,,false
graph_song:song|flo rida featuring kesha|right round:apple_song_search_needs_review_version_risk,apple_music_link_pass_v1,song|flo rida featuring kesha|right round,graph_song,song,Flo Rida featuring Kesha,Right Round,2009,us,apple_song_search_needs_review_version_risk,10,88,,false
graph_song:song|flo rida featuring t pain|low:apple_song_search_needs_review_version_risk,apple_music_link_pass_v1,song|flo rida featuring t pain|low,graph_song,song,Flo Rida featuring T-Pain,Low,2007,us,apple_song_search_needs_review_version_risk,10,88,,false
graph_song:song|floating points|silhouettes:apple_song_search_needs_review_version_risk,apple_music_link_pass_v1,song|floating points|silhouettes,graph_song,song,Floating Points,Silhouettes,2015,us,apple_song_search_needs_review_version_risk,10,88,,false
graph_song:song|florida georgia line featuring luke bryan|this is how we roll:apple_song_search_needs_review_version_risk,apple_music_link_pass_v1,song|florida georgia line featuring luke bryan|this is how we roll,graph_song,song,Florida Georgia Line featuring Luke Bryan,This Is How We Roll,2013,us,apple_song_search_needs_review_version_risk,10,88,,false
graph_song:song|florist|red bird pt 2 morning:apple_song_search_no_auto_match,apple_music_link_pass_v1,song|florist|red bird pt 2 morning,graph_song,song,Florist,Red Bird Pt. 2 (Morning),2016,us,apple_song_search_no_auto_match,3,85,,false
graph_song:song|flume featuring kai|never be like you:apple_song_search_needs_review_version_risk,apple_music_link_pass_v1,song|flume featuring kai|never be like you,graph_song,song,Flume featuring Kai,Never Be Like You,2016,us,apple_song_search_needs_review_version_risk,10,88,,false
graph_song:song|fm 84 featuring ollie wride|running in the night:apple_song_search_needs_review_version_risk,apple_music_link_pass_v1,song|fm 84 featuring ollie wride|running in the night,graph_song,song,FM-84 featuring Ollie Wride,Running in the Night,2016,us,apple_song_search_needs_review_version_risk,10,65,,false
graph_song:song|fountains of wayne|red dragon tattoo:apple_song_search_no_auto_match,apple_music_link_pass_v1,song|fountains of wayne|red dragon tattoo,graph_song,song,Fountains of Wayne,Red Dragon Tattoo,1997,us,apple_song_search_no_auto_match,7,85,,false
graph_song:song|four tops|i can t help myself:apple_song_search_no_auto_match,apple_music_link_pass_v1,song|four tops|i can t help myself,graph_song,song,Four Tops,I Can't Help Myself,1965,us,apple_song_search_no_auto_match,10,88,,false
graph_song:song|frank ocean|super rich kids:apple_song_search_no_auto_match,apple_music_link_pass_v1,song|frank ocean|super rich kids,graph_song,song,Frank Ocean,Super Rich Kids,2012,us,apple_song_search_no_auto_match,10,88,,false
graph_song:song|frank oz as cookie monster|c is for cookie:apple_song_search_no_results,apple_music_link_pass_v1,song|frank oz as cookie monster|c is for cookie,graph_song,song,Frank Oz as Cookie Monster,C Is for Cookie,1971,us,apple_song_search_no_results,0,,,false
graph_song:song|frankie knuckles presents satoshi tomiie|tears:apple_song_search_no_auto_match,apple_music_link_pass_v1,song|frankie knuckles presents satoshi tomiie|tears,graph_song,song,Frankie Knuckles presents Satoshi Tomiie,Tears,1989,us,apple_song_search_no_auto_match,10,38,,false
graph_song:song|french montana featuring swae lee|unforgettable:apple_song_search_no_auto_match,apple_music_link_pass_v1,song|french montana featuring swae lee|unforgettable,graph_song,song,French Montana featuring Swae Lee,Unforgettable,2017,us,apple_song_search_no_auto_match,10,88,,false
graph_song:song|fugees|killing me softly:apple_song_search_no_auto_match,apple_music_link_pass_v1,song|fugees|killing me softly,graph_song,song,Fugees,Killing Me Softly,1996,us,apple_song_search_no_auto_match,10,88,,false
graph_song:song|fugs|crystal liaison:apple_song_search_no_auto_match,apple_music_link_pass_v1,song|fugs|crystal liaison,graph_song,song,The Fugs,Crystal Liaison,1968,us,apple_song_search_no_auto_match,6,85,,false
graph_song:song|funkadelic|not just knee deep:apple_song_search_no_auto_match,apple_music_link_pass_v1,song|funkadelic|not just knee deep,graph_song,song,Funkadelic,Not Just Knee Deep,1979,us,apple_song_search_no_auto_match,10,73,,false
graph_song:song|future feat drake|life is good:apple_song_search_needs_review_version_risk,apple_music_link_pass_v1,song|future feat drake|life is good,graph_song,song,Future feat. Drake,Life Is Good,2020,us,apple_song_search_needs_review_version_risk,10,88,,false
graph_song:song|future feat drake|where ya at:apple_song_search_needs_review_version_risk,apple_music_link_pass_v1,song|future feat drake|where ya at,graph_song,song,Future feat. Drake,Where Ya At,2015,us,apple_song_search_needs_review_version_risk,10,88,,false
graph_song:song|future feat the weeknd|low life:apple_song_search_no_auto_match,apple_music_link_pass_v1,song|future feat the weeknd|low life,graph_song,song,Future feat. The Weeknd,Low Life,2016,us,apple_song_search_no_auto_match,10,88,,false
graph_song:song|future|fuck up some commas:apple_song_search_needs_review_version_risk,apple_music_link_pass_v1,song|future|fuck up some commas,graph_song,song,Future,Fuck Up Some Commas,2015,us,apple_song_search_needs_review_version_risk,10,47,,false
graph_song:song|galaxy 2 galaxy|hi tech jazz:apple_song_search_no_auto_match,apple_music_link_pass_v1,song|galaxy 2 galaxy|hi tech jazz,graph_song,song,Galaxy 2 Galaxy,Hi-Tech Jazz,1993,us,apple_song_search_no_auto_match,6,85,,false
graph_song:song|game theory|ericas word:apple_song_search_no_auto_match,apple_music_link_pass_v1,song|game theory|ericas word,graph_song,song,Game Theory,Ericas Word,1986,us,apple_song_search_no_auto_match,4,50,,false
graph_song:song|gang of four|at home hes a tourist:apple_song_search_no_auto_match,apple_music_link_pass_v1,song|gang of four|at home hes a tourist,graph_song,song,Gang of Four,At Home Hes a Tourist,1979,us,apple_song_search_no_auto_match,10,50,,false
graph_song:song|gang of four|naturals not in it:apple_song_search_no_auto_match,apple_music_link_pass_v1,song|gang of four|naturals not in it,graph_song,song,Gang of Four,Naturals Not in It,1979,us,apple_song_search_no_auto_match,10,50,,false
graph_song:song|gang starr|words i manifest:apple_song_search_no_auto_match,apple_music_link_pass_v1,song|gang starr|words i manifest,graph_song,song,Gang Starr,Words I Manifest,1989,us,apple_song_search_no_auto_match,10,85,,false
graph_song:song|gants|i wonder:apple_song_search_no_auto_match,apple_music_link_pass_v1,song|gants|i wonder,graph_song,song,The Gants,I Wonder,1965,us,apple_song_search_no_auto_match,3,85,,false
graph_song:song|gants|road runner:apple_song_search_needs_review_version_risk,apple_music_link_pass_v1,song|gants|road runner,graph_song,song,The Gants,Road Runner,1965,us,apple_song_search_needs_review_version_risk,10,85,,false
graph_song:song|garth brooks|ain t going down til the sun comes up:apple_song_search_no_auto_match,apple_music_link_pass_v1,song|garth brooks|ain t going down til the sun comes up,graph_song,song,Garth Brooks,Ain't Going Down ('Til the Sun Comes Up),1993,us,apple_song_search_no_auto_match,10,35,,false
graph_song:song|garth brooks|callin baton rouge:apple_song_search_needs_review_version_risk,apple_music_link_pass_v1,song|garth brooks|callin baton rouge,graph_song,song,Garth Brooks,Callin' Baton Rouge,1993,us,apple_song_search_needs_review_version_risk,10,85,,false
graph_song:song|garth brooks|dance:apple_song_search_no_auto_match,apple_music_link_pass_v1,song|garth brooks|dance,graph_song,song,Garth Brooks,The Dance,1990,us,apple_song_search_no_auto_match,10,85,,false
graph_song:song|garth brooks|friends in low places:apple_song_search_no_auto_match,apple_music_link_pass_v1,song|garth brooks|friends in low places,graph_song,song,Garth Brooks,Friends in Low Places,1990,us,apple_song_search_no_auto_match,10,85,,false
graph_song:song|garth brooks|much too young to feel this damn old:apple_song_search_no_auto_match,apple_music_link_pass_v1,song|garth brooks|much too young to feel this damn old,graph_song,song,Garth Brooks,Much Too Young (To Feel This Damn Old),1989,us,apple_song_search_no_auto_match,10,50,,false
graph_song:song|garth brooks|river:apple_song_search_no_auto_match,apple_music_link_pass_v1,song|garth brooks|river,graph_song,song,Garth Brooks,The River,1992,us,apple_song_search_no_auto_match,10,85,,false
graph_song:song|garth brooks|rodeo:apple_song_search_no_auto_match,apple_music_link_pass_v1,song|garth brooks|rodeo,graph_song,song,Garth Brooks,Rodeo,1991,us,apple_song_search_no_auto_match,10,85,,false
graph_song:song|garth brooks|thunder rolls:apple_song_search_no_auto_match,apple_music_link_pass_v1,song|garth brooks|thunder rolls,graph_song,song,Garth Brooks,The Thunder Rolls,1990,us,apple_song_search_no_auto_match,10,85,,false
graph_song:song|gary numan|down in the park:apple_song_search_no_auto_match,apple_music_link_pass_v1,song|gary numan|down in the park,graph_song,song,Gary Numan,Down in the Park,1979,us,apple_song_search_no_auto_match,10,88,,false
graph_song:song|gene autry|here comes santa claus:apple_song_search_needs_review_version_risk,apple_music_link_pass_v1,song|gene autry|here comes santa claus,graph_song,song,Gene Autry,Here Comes Santa Claus,1947,us,apple_song_search_needs_review_version_risk,10,88,,false
graph_song:song|genesis|carpet crawlers:apple_song_search_no_auto_match,apple_music_link_pass_v1,song|genesis|carpet crawlers,graph_song,song,Genesis,Carpet Crawlers,1974,us,apple_song_search_no_auto_match,10,88,,false
graph_song:song|genesis|firth of fifth:apple_song_search_no_auto_match,apple_music_link_pass_v1,song|genesis|firth of fifth,graph_song,song,Genesis,Firth of Fifth,1973,us,apple_song_search_no_auto_match,10,88,,false
graph_song:song|gente de zona featuring marc anthony|la gozadera:apple_song_search_no_auto_match,apple_music_link_pass_v1,song|gente de zona featuring marc anthony|la gozadera,graph_song,song,Gente de Zona featuring Marc Anthony,La Gozadera,2015,us,apple_song_search_no_auto_match,10,88,,false
graph_song:song|germs|forming:apple_song_search_no_auto_match,apple_music_link_pass_v1,song|germs|forming,graph_song,song,Germs,Forming,1977,us,apple_song_search_no_auto_match,6,85,,false
graph_song:song|gestures|run run run:apple_song_search_no_auto_match,apple_music_link_pass_v1,song|gestures|run run run,graph_song,song,The Gestures,"Run, Run, Run",1964,us,apple_song_search_no_auto_match,10,85,,false
graph_song:song|girlfriends|my one and only jimmy boy:apple_song_search_no_auto_match,apple_music_link_pass_v1,song|girlfriends|my one and only jimmy boy,graph_song,song,The Girlfriends,My One and Only Jimmy Boy,1963,us,apple_song_search_no_auto_match,10,73,,false
graph_song:song|gladys knight and the pips|if i were your woman:apple_song_search_no_auto_match,apple_music_link_pass_v1,song|gladys knight and the pips|if i were your woman,graph_song,song,Gladys Knight & The Pips,If I Were Your Woman,1970,us,apple_song_search_no_auto_match,10,88,,false
graph_song:song|glynis johns|send in the clowns:apple_song_search_needs_review_version_risk,apple_music_link_pass_v1,song|glynis johns|send in the clowns,graph_song,song,Glynis Johns,Send in the Clowns,1973,us,apple_song_search_needs_review_version_risk,10,85,,false
graph_song:song|gmwa women of worship|order my steps:apple_song_search_needs_review_version_risk,apple_music_link_pass_v1,song|gmwa women of worship|order my steps,graph_song,song,GMWA Women of Worship,Order My Steps,1996,us,apple_song_search_needs_review_version_risk,10,73,,false
graph_song:song|go gos|head over heels:apple_song_search_no_auto_match,apple_music_link_pass_v1,song|go gos|head over heels,graph_song,song,The Go-Gos,Head Over Heels,1984,us,apple_song_search_no_auto_match,10,65,,false
graph_song:song|go gos|vacation:apple_song_search_no_auto_match,apple_music_link_pass_v1,song|go gos|vacation,graph_song,song,The Go-Gos,Vacation,1982,us,apple_song_search_no_auto_match,10,65,,false
graph_song:song|go gos|we got the beat:apple_song_search_no_auto_match,apple_music_link_pass_v1,song|go gos|we got the beat,graph_song,song,The Go-Gos,We Got the Beat,1981,us,apple_song_search_no_auto_match,10,65,,false
graph_song:song|god s property featuring kirk franklin|stomp:apple_song_search_no_auto_match,apple_music_link_pass_v1,song|god s property featuring kirk franklin|stomp,graph_song,song,God's Property featuring Kirk Franklin,Stomp,1997,us,apple_song_search_no_auto_match,10,53,,false
graph_song:song|goodie mob|dirty south:apple_song_search_no_auto_match,apple_music_link_pass_v1,song|goodie mob|dirty south,graph_song,song,Goodie Mob,Dirty South,1995,us,apple_song_search_no_auto_match,10,88,,false
graph_song:song|goodie mob|they don t dance no mo:apple_song_search_no_auto_match,apple_music_link_pass_v1,song|goodie mob|they don t dance no mo,graph_song,song,Goodie Mob,They Don't Dance No Mo',1998,us,apple_song_search_no_auto_match,10,88,,false
graph_song:song|gorillaz|cracker island:apple_song_search_no_auto_match,apple_music_link_pass_v1,song|gorillaz|cracker island,graph_song,song,Gorillaz,Cracker Island,2023,us,apple_song_search_no_auto_match,10,85,,false
graph_song:song|gq|disco nights rock freak:apple_song_search_no_auto_match,apple_music_link_pass_v1,song|gq|disco nights rock freak,graph_song,song,GQ,Disco Nights (Rock-Freak),1979,us,apple_song_search_no_auto_match,10,50,,false
graph_song:song|grandmaster flash and melle mel|white lines:apple_song_search_no_auto_match,apple_music_link_pass_v1,song|grandmaster flash and melle mel|white lines,graph_song,song,Grandmaster Flash & Melle Mel,White Lines,1983,us,apple_song_search_no_auto_match,10,38,,false
graph_song:song|grandmaster flash and the furious five|freedom:apple_song_search_no_auto_match,apple_music_link_pass_v1,song|grandmaster flash and the furious five|freedom,graph_song,song,Grandmaster Flash and the Furious Five,Freedom,1980,us,apple_song_search_no_auto_match,10,42,,false
graph_song:song|grass roots|where were you when i needed you:apple_song_search_no_auto_match,apple_music_link_pass_v1,song|grass roots|where were you when i needed you,graph_song,song,The Grass Roots,Where Were You When I Needed You,1966,us,apple_song_search_no_auto_match,10,85,,false
graph_song:song|grateful dead|dark star:apple_song_search_no_auto_match,apple_music_link_pass_v1,song|grateful dead|dark star,graph_song,song,Grateful Dead,Dark Star,1968,us,apple_song_search_no_auto_match,10,85,,false
graph_song:song|green day|j a r:apple_song_search_needs_review_version_risk,apple_music_link_pass_v1,song|green day|j a r,graph_song,song,Green Day,J.A.R.,1995,us,apple_song_search_needs_review_version_risk,10,88,,false
graph_song:song|green velvet|flash:apple_song_search_needs_review_version_risk,apple_music_link_pass_v1,song|green velvet|flash,graph_song,song,Green Velvet,Flash,1995,us,apple_song_search_needs_review_version_risk,10,85,,false
graph_song:song|greenhornes|saying goodbye:apple_song_search_no_auto_match,apple_music_link_pass_v1,song|greenhornes|saying goodbye,graph_song,song,The Greenhornes,Saying Goodbye,2002,us,apple_song_search_no_auto_match,8,85,,false
graph_song:song|grover washington jr featuring bill withers|just the two of us:apple_song_search_no_auto_match,apple_music_link_pass_v1,song|grover washington jr featuring bill withers|just the two of us,graph_song,song,Grover Washington Jr. featuring Bill Withers,Just the Two of Us,1980,us,apple_song_search_no_auto_match,10,88,,false
graph_song:song|grupo firme and lenin ramirez|yo ya no vuelvo contigo:apple_song_search_no_auto_match,apple_music_link_pass_v1,song|grupo firme and lenin ramirez|yo ya no vuelvo contigo,graph_song,song,Grupo Firme and Lenin Ramirez,Yo Ya No Vuelvo Contigo,2019,us,apple_song_search_no_auto_match,10,50,,false
graph_song:song|grupo frontera|no se va:apple_song_search_no_auto_match,apple_music_link_pass_v1,song|grupo frontera|no se va,graph_song,song,Grupo Frontera,No Se Va,2022,us,apple_song_search_no_auto_match,10,88,,false
graph_song:song|gucci mane feat migos|i get the bag:apple_song_search_no_auto_match,apple_music_link_pass_v1,song|gucci mane feat migos|i get the bag,graph_song,song,Gucci Mane feat. Migos,I Get the Bag,2017,us,apple_song_search_no_auto_match,10,88,,false
graph_song:song|gucci mane feat plies|wasted:apple_song_search_needs_review_version_risk,apple_music_link_pass_v1,song|gucci mane feat plies|wasted,graph_song,song,Gucci Mane feat. Plies,Wasted,2009,us,apple_song_search_needs_review_version_risk,10,88,,false
graph_song:song|gusto|disco s revenge:apple_song_search_no_auto_match,apple_music_link_pass_v1,song|gusto|disco s revenge,graph_song,song,Gusto,Disco's Revenge,1995,us,apple_song_search_no_auto_match,10,88,,false
graph_song:song|gym class heroes feat adam levine|stereo hearts:apple_song_search_no_auto_match,apple_music_link_pass_v1,song|gym class heroes feat adam levine|stereo hearts,graph_song,song,Gym Class Heroes feat. Adam Levine,Stereo Hearts,2011,us,apple_song_search_no_auto_match,10,88,,false
graph_song:song|gza feat ghostface killah killah priest and rza|4th chamber:apple_song_search_needs_review_version_risk,apple_music_link_pass_v1,song|gza feat ghostface killah killah priest and rza|4th chamber,graph_song,song,"GZA feat. Ghostface Killah, Killah Priest, and RZA",4th Chamber,1995,us,apple_song_search_needs_review_version_risk,10,88,,false
graph_song:song|gza feat method man|shadowboxin:apple_song_search_needs_review_version_risk,apple_music_link_pass_v1,song|gza feat method man|shadowboxin,graph_song,song,GZA feat. Method Man,Shadowboxin',1995,us,apple_song_search_needs_review_version_risk,10,88,,false
graph_song:song|h e r|best part:apple_song_search_no_auto_match,apple_music_link_pass_v1,song|h e r|best part,graph_song,song,H.E.R.,Best Part,2017,us,apple_song_search_no_auto_match,10,88,,false
graph_song:song|h e r|could ve been:apple_song_search_no_auto_match,apple_music_link_pass_v1,song|h e r|could ve been,graph_song,song,H.E.R.,Could've Been,2018,us,apple_song_search_no_auto_match,10,88,,false
graph_song:song|hall and oates|kiss on my list:apple_song_search_no_auto_match,apple_music_link_pass_v1,song|hall and oates|kiss on my list,graph_song,song,Hall & Oates,Kiss on My List,1980,us,apple_song_search_no_auto_match,10,65,,false
graph_song:song|hall and oates|maneater:apple_song_search_no_auto_match,apple_music_link_pass_v1,song|hall and oates|maneater,graph_song,song,Hall & Oates,Maneater,1982,us,apple_song_search_no_auto_match,10,65,,false
graph_song:song|hall and oates|out of touch:apple_song_search_no_auto_match,apple_music_link_pass_v1,song|hall and oates|out of touch,graph_song,song,Hall & Oates,Out of Touch,1984,us,apple_song_search_no_auto_match,10,65,,false
graph_song:song|hall and oates|private eyes:apple_song_search_no_auto_match,apple_music_link_pass_v1,song|hall and oates|private eyes,graph_song,song,Hall & Oates,Private Eyes,1981,us,apple_song_search_no_auto_match,10,65,,false
graph_song:song|hall and oates|you make my dreams:apple_song_search_no_auto_match,apple_music_link_pass_v1,song|hall and oates|you make my dreams,graph_song,song,Hall & Oates,You Make My Dreams,1980,us,apple_song_search_no_auto_match,10,53,,false
graph_song:song|hank snow|i m moving on:apple_song_search_no_auto_match,apple_music_link_pass_v1,song|hank snow|i m moving on,graph_song,song,Hank Snow,I'm Moving On,1950,us,apple_song_search_no_auto_match,2,85,,false
graph_song:song|hans zimmer and james newton howard|a watchful guardian:apple_song_search_needs_review_version_risk,apple_music_link_pass_v1,song|hans zimmer and james newton howard|a watchful guardian,graph_song,song,Hans Zimmer and James Newton Howard,A Watchful Guardian,2008,us,apple_song_search_needs_review_version_risk,3,65,,false
graph_song:song|hans zimmer and lisa gerrard|now we are free:apple_song_search_needs_review_version_risk,apple_music_link_pass_v1,song|hans zimmer and lisa gerrard|now we are free,graph_song,song,Hans Zimmer and Lisa Gerrard,Now We Are Free,2000,us,apple_song_search_needs_review_version_risk,10,65,,false
graph_song:song|harry connick jr|it had to be you:apple_song_search_needs_review_version_risk,apple_music_link_pass_v1,song|harry connick jr|it had to be you,graph_song,song,Harry Connick Jr.,It Had to Be You,1989,us,apple_song_search_needs_review_version_risk,10,88,,false
graph_song:song|hashim|al naafiysh the soul:apple_song_search_needs_review_version_risk,apple_music_link_pass_v1,song|hashim|al naafiysh the soul,graph_song,song,Hashim,Al-Naafiysh (The Soul),1983,us,apple_song_search_needs_review_version_risk,7,73,,false
graph_song:song|haunted|1 2 5:apple_song_search_no_auto_match,apple_music_link_pass_v1,song|haunted|1 2 5,graph_song,song,The Haunted,1-2-5,1966,us,apple_song_search_no_auto_match,10,85,,false
graph_song:song|heavy d and the boyz|now that we found love:apple_song_search_no_auto_match,apple_music_link_pass_v1,song|heavy d and the boyz|now that we found love,graph_song,song,Heavy D & The Boyz,Now That We Found Love,1991,us,apple_song_search_no_auto_match,10,88,,false
graph_song:song|hello|new york groove:apple_song_search_no_auto_match,apple_music_link_pass_v1,song|hello|new york groove,graph_song,song,Hello,New York Groove,1975,us,apple_song_search_no_auto_match,10,85,,false
graph_song:song|hildur gudnadottir|bathroom dance:apple_song_search_needs_review_version_risk,apple_music_link_pass_v1,song|hildur gudnadottir|bathroom dance,graph_song,song,Hildur Gudnadottir,Bathroom Dance,2019,us,apple_song_search_needs_review_version_risk,10,65,,false
graph_song:song|hillsong united|from the inside out:apple_song_search_no_auto_match,apple_music_link_pass_v1,song|hillsong united|from the inside out,graph_song,song,Hillsong United,From the Inside Out,2006,us,apple_song_search_no_auto_match,10,88,,false
graph_song:song|hiroshi yoshimura|green:apple_song_search_no_auto_match,apple_music_link_pass_v1,song|hiroshi yoshimura|green,graph_song,song,Hiroshi Yoshimura,Green,1986,us,apple_song_search_no_auto_match,10,85,,false
graph_song:song|hoku|perfect day:apple_song_search_no_auto_match,apple_music_link_pass_v1,song|hoku|perfect day,graph_song,song,Hoku,Perfect Day,2001,us,apple_song_search_no_auto_match,10,85,,false
graph_song:song|hollies|carrie anne:apple_song_search_no_auto_match,apple_music_link_pass_v1,song|hollies|carrie anne,graph_song,song,The Hollies,Carrie Anne,1967,us,apple_song_search_no_auto_match,10,85,,false
graph_song:song|howard shore|shire:apple_song_search_no_auto_match,apple_music_link_pass_v1,song|howard shore|shire,graph_song,song,Howard Shore,The Shire,2001,us,apple_song_search_no_auto_match,10,85,,false
graph_song:song|human league|love action:apple_song_search_no_auto_match,apple_music_link_pass_v1,song|human league|love action,graph_song,song,The Human League,Love Action,1981,us,apple_song_search_no_auto_match,10,88,,false
graph_song:song|husker du|dont want to know if you are lonely:apple_song_search_no_auto_match,apple_music_link_pass_v1,song|husker du|dont want to know if you are lonely,graph_song,song,Husker Du,Dont Want to Know If You Are Lonely,1986,us,apple_song_search_no_auto_match,10,50,,false
graph_song:song|ibrahim ferrer|dos gardenias:apple_song_search_no_auto_match,apple_music_link_pass_v1,song|ibrahim ferrer|dos gardenias,graph_song,song,Ibrahim Ferrer,Dos Gardenias,1997,us,apple_song_search_no_auto_match,8,85,,false
graph_song:song|ice t|new jack hustler:apple_song_search_needs_review_version_risk,apple_music_link_pass_v1,song|ice t|new jack hustler,graph_song,song,Ice-T,New Jack Hustler,1991,us,apple_song_search_needs_review_version_risk,10,88,,false
graph_song:song|idealism|both of us:apple_song_search_no_auto_match,apple_music_link_pass_v1,song|idealism|both of us,graph_song,song,idealism,both of us,2016,us,apple_song_search_no_auto_match,4,7,,false
graph_song:song|idealism|hiraeth:apple_song_search_no_auto_match,apple_music_link_pass_v1,song|idealism|hiraeth,graph_song,song,idealism,Hiraeth,2018,us,apple_song_search_no_auto_match,10,47,,false
graph_song:song|idina menzel and kristin chenoweth|defying gravity:apple_song_search_no_auto_match,apple_music_link_pass_v1,song|idina menzel and kristin chenoweth|defying gravity,graph_song,song,Idina Menzel and Kristin Chenoweth,Defying Gravity,2003,us,apple_song_search_no_auto_match,10,65,,false
graph_song:song|iggy azalea feat charli xcx|fancy:apple_song_search_no_auto_match,apple_music_link_pass_v1,song|iggy azalea feat charli xcx|fancy,graph_song,song,Iggy Azalea feat. Charli XCX,Fancy,2014,us,apple_song_search_no_auto_match,10,88,,false
graph_song:song|il divo|regresa a mi:apple_song_search_needs_review_version_risk,apple_music_link_pass_v1,song|il divo|regresa a mi,graph_song,song,Il Divo,Regresa a Mi,2004,us,apple_song_search_needs_review_version_risk,10,88,,false
graph_song:song|imperial brothers|we come to rock:apple_song_search_no_auto_match,apple_music_link_pass_v1,song|imperial brothers|we come to rock,graph_song,song,Imperial Brothers,We Come to Rock,1984,us,apple_song_search_no_auto_match,10,35,,false
graph_song:song|impressions|gypsy woman:apple_song_search_no_auto_match,apple_music_link_pass_v1,song|impressions|gypsy woman,graph_song,song,The Impressions,Gypsy Woman,1961,us,apple_song_search_no_auto_match,10,85,,false
graph_song:song|indigo girls|shame on you:apple_song_search_no_auto_match,apple_music_link_pass_v1,song|indigo girls|shame on you,graph_song,song,Indigo Girls,Shame on You,1997,us,apple_song_search_no_auto_match,10,85,,false
graph_song:song|injury reserve feat amine and rico nasty|jailbreak the tesla:apple_song_search_needs_review_version_risk,apple_music_link_pass_v1,song|injury reserve feat amine and rico nasty|jailbreak the tesla,graph_song,song,Injury Reserve feat. Aminé and Rico Nasty,Jailbreak the Tesla,2019,us,apple_song_search_needs_review_version_risk,2,38,,false
graph_song:song|innerzone orchestra|bug in the bassbin:apple_song_search_no_auto_match,apple_music_link_pass_v1,song|innerzone orchestra|bug in the bassbin,graph_song,song,Innerzone Orchestra,Bug in the Bassbin,1992,us,apple_song_search_no_auto_match,4,88,,false
graph_song:song|internet|girl:apple_song_search_no_auto_match,apple_music_link_pass_v1,song|internet|girl,graph_song,song,The Internet,Girl,2015,us,apple_song_search_no_auto_match,10,88,,false
graph_song:song|iron maiden|2 minutes to midnight:apple_song_search_no_auto_match,apple_music_link_pass_v1,song|iron maiden|2 minutes to midnight,graph_song,song,Iron Maiden,2 Minutes to Midnight,1984,us,apple_song_search_no_auto_match,10,88,,false
graph_song:song|iron maiden|hallowed be thy name:apple_song_search_needs_review_version_risk,apple_music_link_pass_v1,song|iron maiden|hallowed be thy name,graph_song,song,Iron Maiden,Hallowed Be Thy Name,1982,us,apple_song_search_needs_review_version_risk,10,88,,false
graph_song:song|iron maiden|number of the beast:apple_song_search_no_auto_match,apple_music_link_pass_v1,song|iron maiden|number of the beast,graph_song,song,Iron Maiden,The Number of the Beast,1982,us,apple_song_search_no_auto_match,10,88,,false
graph_song:song|iron maiden|run to the hills:apple_song_search_no_auto_match,apple_music_link_pass_v1,song|iron maiden|run to the hills,graph_song,song,Iron Maiden,Run to the Hills,1982,us,apple_song_search_no_auto_match,10,88,,false
graph_song:song|iron maiden|trooper:apple_song_search_no_auto_match,apple_music_link_pass_v1,song|iron maiden|trooper,graph_song,song,Iron Maiden,The Trooper,1983,us,apple_song_search_no_auto_match,10,88,,false
graph_song:song|isley brothers|fight the power:apple_song_search_no_auto_match,apple_music_link_pass_v1,song|isley brothers|fight the power,graph_song,song,The Isley Brothers,Fight the Power,1975,us,apple_song_search_no_auto_match,10,88,,false
graph_song:song|isley brothers|pride:apple_song_search_no_auto_match,apple_music_link_pass_v1,song|isley brothers|pride,graph_song,song,The Isley Brothers,The Pride,1977,us,apple_song_search_no_auto_match,10,73,,false
graph_song:song|isley brothers|shout:apple_song_search_no_auto_match,apple_music_link_pass_v1,song|isley brothers|shout,graph_song,song,The Isley Brothers,Shout,1959,us,apple_song_search_no_auto_match,10,85,,false
graph_song:song|isley brothers|that lady:apple_song_search_needs_review_version_risk,apple_music_link_pass_v1,song|isley brothers|that lady,graph_song,song,The Isley Brothers,That Lady,1973,us,apple_song_search_needs_review_version_risk,10,88,,false
graph_song:song|ismael rivera|el nazareno:apple_song_search_no_auto_match,apple_music_link_pass_v1,song|ismael rivera|el nazareno,graph_song,song,Ismael Rivera,El Nazareno,1974,us,apple_song_search_no_auto_match,10,85,,false
graph_song:song|j cole feat miguel|power trip:apple_song_search_needs_review_version_risk,apple_music_link_pass_v1,song|j cole feat miguel|power trip,graph_song,song,J. Cole feat. Miguel,Power Trip,2013,us,apple_song_search_needs_review_version_risk,10,88,,false
graph_song:song|j san|awake:apple_song_search_no_auto_match,apple_music_link_pass_v1,song|j san|awake,graph_song,song,j'san,awake,2017,us,apple_song_search_no_auto_match,10,15,,false
graph_song:song|ja rule feat ashanti|always on time:apple_song_search_needs_review_version_risk,apple_music_link_pass_v1,song|ja rule feat ashanti|always on time,graph_song,song,Ja Rule feat. Ashanti,Always on Time,2001,us,apple_song_search_needs_review_version_risk,10,88,,false
graph_song:song|ja rule feat case|livin it up:apple_song_search_needs_review_version_risk,apple_music_link_pass_v1,song|ja rule feat case|livin it up,graph_song,song,Ja Rule feat. Case,Livin' It Up,2001,us,apple_song_search_needs_review_version_risk,10,88,,false
graph_song:song|jackson 5|santa claus is comin to town:apple_song_search_needs_review_version_risk,apple_music_link_pass_v1,song|jackson 5|santa claus is comin to town,graph_song,song,The Jackson 5,Santa Claus Is Comin' to Town,1970,us,apple_song_search_needs_review_version_risk,10,50,,false
graph_song:song|jackson browne|for a dancer:apple_song_search_no_auto_match,apple_music_link_pass_v1,song|jackson browne|for a dancer,graph_song,song,Jackson Browne,For a Dancer,1974,us,apple_song_search_no_auto_match,10,88,,false
graph_song:song|james brown|get up i feel like being a sex machine:apple_song_search_needs_review_version_risk,apple_music_link_pass_v1,song|james brown|get up i feel like being a sex machine,graph_song,song,James Brown,Get Up (I Feel Like Being a) Sex Machine,1970,us,apple_song_search_needs_review_version_risk,10,35,,false
graph_song:song|james brown|get up offa that thing:apple_song_search_no_auto_match,apple_music_link_pass_v1,song|james brown|get up offa that thing,graph_song,song,James Brown,Get Up Offa That Thing,1976,us,apple_song_search_no_auto_match,10,85,,false
graph_song:song|james brown|papa s got a brand new bag:apple_song_search_no_auto_match,apple_music_link_pass_v1,song|james brown|papa s got a brand new bag,graph_song,song,James Brown,Papa's Got a Brand New Bag,1965,us,apple_song_search_no_auto_match,10,88,,false
graph_song:song|james brown|soul power:apple_song_search_no_auto_match,apple_music_link_pass_v1,song|james brown|soul power,graph_song,song,James Brown,Soul Power,1971,us,apple_song_search_no_auto_match,10,73,,false
graph_song:song|janis ian|society s child:apple_song_search_no_auto_match,apple_music_link_pass_v1,song|janis ian|society s child,graph_song,song,Janis Ian,Society's Child,1966,us,apple_song_search_no_auto_match,10,85,,false
graph_song:song|jason weaver laura williams and rowan atkinson|i just can t wait to be king:apple_song_search_needs_review_version_risk,apple_music_link_pass_v1,song|jason weaver laura williams and rowan atkinson|i just can t wait to be king,graph_song,song,"Jason Weaver, Laura Williams and Rowan Atkinson",I Just Can't Wait to Be King,1994,us,apple_song_search_needs_review_version_risk,6,65,,false
graph_song:song|jay z and kanye west|n s in paris:apple_song_search_needs_review_version_risk,apple_music_link_pass_v1,song|jay z and kanye west|n s in paris,graph_song,song,Jay-Z and Kanye West,N****s in Paris,2011,us,apple_song_search_needs_review_version_risk,10,50,,false
graph_song:song|jay z feat alicia keys|empire state of mind:apple_song_search_no_auto_match,apple_music_link_pass_v1,song|jay z feat alicia keys|empire state of mind,graph_song,song,Jay-Z feat. Alicia Keys,Empire State of Mind,2009,us,apple_song_search_no_auto_match,10,88,,false
graph_song:song|jay z feat beyonce|03 bonnie and clyde:apple_song_search_needs_review_version_risk,apple_music_link_pass_v1,song|jay z feat beyonce|03 bonnie and clyde,graph_song,song,Jay-Z feat. Beyonce,03 Bonnie & Clyde,2002,us,apple_song_search_needs_review_version_risk,10,88,,false
graph_song:song|jay z feat ugk|big pimpin:apple_song_search_no_auto_match,apple_music_link_pass_v1,song|jay z feat ugk|big pimpin,graph_song,song,Jay-Z feat. UGK,Big Pimpin',1999,us,apple_song_search_no_auto_match,10,88,,false
graph_song:song|jayhawks|waiting for a superman:apple_song_search_no_results,apple_music_link_pass_v1,song|jayhawks|waiting for a superman,graph_song,song,The Jayhawks,Waiting for a Superman,2003,us,apple_song_search_no_results,0,,,false
graph_song:song|jean shepard and ferlin husky|a dear john letter:apple_song_search_needs_review_version_risk,apple_music_link_pass_v1,song|jean shepard and ferlin husky|a dear john letter,graph_song,song,Jean Shepard and Ferlin Husky,A Dear John Letter,1953,us,apple_song_search_needs_review_version_risk,10,85,,false
graph_song:song|jeezy feat akon|soul survivor:apple_song_search_needs_review_version_risk,apple_music_link_pass_v1,song|jeezy feat akon|soul survivor,graph_song,song,Jeezy feat. Akon,Soul Survivor,2005,us,apple_song_search_needs_review_version_risk,10,88,,false
graph_song:song|jeezy feat jay z|go crazy remix:apple_song_search_needs_review_version_risk,apple_music_link_pass_v1,song|jeezy feat jay z|go crazy remix,graph_song,song,Jeezy feat. Jay-Z,Go Crazy (Remix),2005,us,apple_song_search_needs_review_version_risk,10,50,,false
graph_song:song|jeezy feat kanye west|put on:apple_song_search_no_auto_match,apple_music_link_pass_v1,song|jeezy feat kanye west|put on,graph_song,song,Jeezy feat. Kanye West,Put On,2008,us,apple_song_search_no_auto_match,10,53,,false
graph_song:song|jeezy feat r kelly|go getta:apple_song_search_needs_review_version_risk,apple_music_link_pass_v1,song|jeezy feat r kelly|go getta,graph_song,song,Jeezy feat. R. Kelly,Go Getta,2006,us,apple_song_search_needs_review_version_risk,10,53,,false
graph_song:song|jeezy|and then what:apple_song_search_no_auto_match,apple_music_link_pass_v1,song|jeezy|and then what,graph_song,song,Jeezy,And Then What,2005,us,apple_song_search_no_auto_match,10,88,,false
graph_song:song|jeff mills|alarms:apple_song_search_no_auto_match,apple_music_link_pass_v1,song|jeff mills|alarms,graph_song,song,Jeff Mills,Alarms,1996,us,apple_song_search_no_auto_match,8,73,,false
graph_song:song|jeff mills|bells:apple_song_search_no_auto_match,apple_music_link_pass_v1,song|jeff mills|bells,graph_song,song,Jeff Mills,The Bells,1996,us,apple_song_search_no_auto_match,10,85,,false
graph_song:song|jeff mills|changes of life:apple_song_search_no_auto_match,apple_music_link_pass_v1,song|jeff mills|changes of life,graph_song,song,Jeff Mills,Changes of Life,1992,us,apple_song_search_no_auto_match,10,80,,false
graph_song:song|jenifer lewis|dig a little deeper:apple_song_search_needs_review_version_risk,apple_music_link_pass_v1,song|jenifer lewis|dig a little deeper,graph_song,song,Jenifer Lewis,Dig a Little Deeper,2009,us,apple_song_search_needs_review_version_risk,10,88,,false
graph_song:song|jenn johnson|revelation song:apple_song_search_needs_review_version_risk,apple_music_link_pass_v1,song|jenn johnson|revelation song,graph_song,song,Jenn Johnson,Revelation Song,2009,us,apple_song_search_needs_review_version_risk,3,35,,false
graph_song:song|jennifer lopez featuring pitbull|on the floor:apple_song_search_no_auto_match,apple_music_link_pass_v1,song|jennifer lopez featuring pitbull|on the floor,graph_song,song,Jennifer Lopez featuring Pitbull,On the Floor,2011,us,apple_song_search_no_auto_match,10,88,,false
graph_song:song|jennifer lopez|all i have:apple_song_search_no_auto_match,apple_music_link_pass_v1,song|jennifer lopez|all i have,graph_song,song,Jennifer Lopez,All I Have,2002,us,apple_song_search_no_auto_match,10,88,,false
graph_song:song|jennifer lopez|jenny from the block:apple_song_search_no_auto_match,apple_music_link_pass_v1,song|jennifer lopez|jenny from the block,graph_song,song,Jennifer Lopez,Jenny from the Block,2002,us,apple_song_search_no_auto_match,10,88,,false
graph_song:song|jerry jeff walker|up against the wall redneck mother:apple_song_search_needs_review_version_risk,apple_music_link_pass_v1,song|jerry jeff walker|up against the wall redneck mother,graph_song,song,Jerry Jeff Walker,"Up Against the Wall, Redneck Mother",1973,us,apple_song_search_needs_review_version_risk,10,73,,false
graph_song:song|jeru the damaja|come clean:apple_song_search_no_auto_match,apple_music_link_pass_v1,song|jeru the damaja|come clean,graph_song,song,Jeru the Damaja,Come Clean,1993,us,apple_song_search_no_auto_match,10,88,,false
graph_song:song|jesus culture|one thing remains:apple_song_search_needs_review_version_risk,apple_music_link_pass_v1,song|jesus culture|one thing remains,graph_song,song,Jesus Culture,One Thing Remains,2011,us,apple_song_search_needs_review_version_risk,10,50,,false
graph_song:song|jesus culture|your love never fails:apple_song_search_needs_review_version_risk,apple_music_link_pass_v1,song|jesus culture|your love never fails,graph_song,song,Jesus Culture,Your Love Never Fails,2008,us,apple_song_search_needs_review_version_risk,10,92,,false
graph_song:song|jhay cortez and bad bunny|dakiti:apple_song_search_no_auto_match,apple_music_link_pass_v1,song|jhay cortez and bad bunny|dakiti,graph_song,song,Jhay Cortez and Bad Bunny,Dakiti,2020,us,apple_song_search_no_auto_match,10,65,,false
graph_song:song|jim croce|operator:apple_song_search_no_auto_match,apple_music_link_pass_v1,song|jim croce|operator,graph_song,song,Jim Croce,Operator,1972,us,apple_song_search_no_auto_match,10,88,,false
graph_song:song|jim henson as ernie|rubber duckie:apple_song_search_needs_review_version_risk,apple_music_link_pass_v1,song|jim henson as ernie|rubber duckie,graph_song,song,Jim Henson as Ernie,Rubber Duckie,1970,us,apple_song_search_needs_review_version_risk,4,85,,false
graph_song:song|jimmy eat world|a praise chorus:apple_song_search_no_auto_match,apple_music_link_pass_v1,song|jimmy eat world|a praise chorus,graph_song,song,Jimmy Eat World,A Praise Chorus,2001,us,apple_song_search_no_auto_match,10,88,,false
graph_song:song|jinsang|life:apple_song_search_no_auto_match,apple_music_link_pass_v1,song|jinsang|life,graph_song,song,Jinsang,Life,2016,us,apple_song_search_no_auto_match,10,50,,false
graph_song:song|jobriath|i maman:apple_song_search_no_auto_match,apple_music_link_pass_v1,song|jobriath|i maman,graph_song,song,Jobriath,I'maman,1973,us,apple_song_search_no_auto_match,5,50,,false
graph_song:song|joe cuba sextet|el raton:apple_song_search_no_auto_match,apple_music_link_pass_v1,song|joe cuba sextet|el raton,graph_song,song,Joe Cuba Sextet,El Raton,1964,us,apple_song_search_no_auto_match,2,73,,false
graph_song:song|joey beltram|my sound:apple_song_search_needs_review_version_risk,apple_music_link_pass_v1,song|joey beltram|my sound,graph_song,song,Joey Beltram,My Sound,1991,us,apple_song_search_needs_review_version_risk,10,85,,false
graph_song:song|joff bush|bluey theme tune:apple_song_search_needs_review_version_risk,apple_music_link_pass_v1,song|joff bush|bluey theme tune,graph_song,song,Joff Bush,Bluey Theme Tune,2018,us,apple_song_search_needs_review_version_risk,10,45,,false
graph_song:song|john barry orchestra|james bond theme:apple_song_search_no_auto_match,apple_music_link_pass_v1,song|john barry orchestra|james bond theme,graph_song,song,John Barry Orchestra,James Bond Theme,1962,us,apple_song_search_no_auto_match,10,38,,false
graph_song:song|john lennon and yoko ono|happy xmas war is over:apple_song_search_no_auto_match,apple_music_link_pass_v1,song|john lennon and yoko ono|happy xmas war is over,graph_song,song,John Lennon and Yoko Ono,Happy Xmas (War Is Over),1971,us,apple_song_search_no_auto_match,10,88,,false
graph_song:song|john prine|in spite of ourselves:apple_song_search_no_auto_match,apple_music_link_pass_v1,song|john prine|in spite of ourselves,graph_song,song,John Prine,In Spite of Ourselves,1999,us,apple_song_search_no_auto_match,10,88,,false
graph_song:song|john williams|across the stars:apple_song_search_needs_review_version_risk,apple_music_link_pass_v1,song|john williams|across the stars,graph_song,song,John Williams,Across the Stars,2002,us,apple_song_search_needs_review_version_risk,10,88,,false
graph_song:song|john williams|flying theme:apple_song_search_needs_review_version_risk,apple_music_link_pass_v1,song|john williams|flying theme,graph_song,song,John Williams,Flying Theme,1982,us,apple_song_search_needs_review_version_risk,10,38,,false
graph_song:song|john williams|imperial march:apple_song_search_no_auto_match,apple_music_link_pass_v1,song|john williams|imperial march,graph_song,song,John Williams,The Imperial March,1980,us,apple_song_search_no_auto_match,10,73,,false
graph_song:song|john williams|raiders march:apple_song_search_needs_review_version_risk,apple_music_link_pass_v1,song|john williams|raiders march,graph_song,song,John Williams,The Raiders March,1981,us,apple_song_search_needs_review_version_risk,10,85,,false
graph_song:song|john williams|somewhere in my memory:apple_song_search_needs_review_version_risk,apple_music_link_pass_v1,song|john williams|somewhere in my memory,graph_song,song,John Williams,Somewhere in My Memory,1990,us,apple_song_search_needs_review_version_risk,10,88,,false
graph_song:song|john williams|theme from jaws:apple_song_search_needs_review_version_risk,apple_music_link_pass_v1,song|john williams|theme from jaws,graph_song,song,John Williams,Theme from Jaws,1975,us,apple_song_search_needs_review_version_risk,10,50,,false
graph_song:song|john williams|theme from superman:apple_song_search_needs_review_version_risk,apple_music_link_pass_v1,song|john williams|theme from superman,graph_song,song,John Williams,Theme from Superman,1978,us,apple_song_search_needs_review_version_risk,10,88,,false
graph_song:song|johnny burnette and the rock n roll trio|train kept a rollin:apple_song_search_no_auto_match,apple_music_link_pass_v1,song|johnny burnette and the rock n roll trio|train kept a rollin,graph_song,song,Johnny Burnette and the Rock 'n Roll Trio,Train Kept A-Rollin',1956,us,apple_song_search_no_auto_match,10,73,,false
graph_song:song|johnny pacheco|acuyuye:apple_song_search_no_auto_match,apple_music_link_pass_v1,song|johnny pacheco|acuyuye,graph_song,song,Johnny Pacheco,Acuyuye,1971,us,apple_song_search_no_auto_match,10,85,,false
graph_song:song|johnny tillotson|it keeps right on a hurtin:apple_song_search_no_auto_match,apple_music_link_pass_v1,song|johnny tillotson|it keeps right on a hurtin,graph_song,song,Johnny Tillotson,It Keeps Right On A-Hurtin',1962,us,apple_song_search_no_auto_match,10,85,,false
graph_song:song|josh abbott band featuring kacey musgraves|oh tonight:apple_song_search_needs_review_version_risk,apple_music_link_pass_v1,song|josh abbott band featuring kacey musgraves|oh tonight,graph_song,song,Josh Abbott Band featuring Kacey Musgraves,"Oh, Tonight",2010,us,apple_song_search_needs_review_version_risk,6,88,,false
graph_song:song|joy division|shes lost control:apple_song_search_no_auto_match,apple_music_link_pass_v1,song|joy division|shes lost control,graph_song,song,Joy Division,Shes Lost Control,1979,us,apple_song_search_no_auto_match,10,50,,false
graph_song:song|juan atkins|techno city:apple_song_search_no_auto_match,apple_music_link_pass_v1,song|juan atkins|techno city,graph_song,song,Juan Atkins,Techno City,1984,us,apple_song_search_no_auto_match,10,35,,false
graph_song:song|juan gabriel|querida:apple_song_search_no_auto_match,apple_music_link_pass_v1,song|juan gabriel|querida,graph_song,song,Juan Gabriel,Querida,1984,us,apple_song_search_no_auto_match,10,85,,false
graph_song:song|judy garland|have yourself a merry little christmas:apple_song_search_no_auto_match,apple_music_link_pass_v1,song|judy garland|have yourself a merry little christmas,graph_song,song,Judy Garland,Have Yourself a Merry Little Christmas,1944,us,apple_song_search_no_auto_match,10,50,,false
graph_song:song|julie andrews and the sound of music cast|do re mi:apple_song_search_no_auto_match,apple_music_link_pass_v1,song|julie andrews and the sound of music cast|do re mi,graph_song,song,Julie Andrews and The Sound of Music Cast,Do-Re-Mi,1965,us,apple_song_search_no_auto_match,10,65,,false
graph_song:song|jump n the saddle band|curly shuffle:apple_song_search_no_auto_match,apple_music_link_pass_v1,song|jump n the saddle band|curly shuffle,graph_song,song,Jump N the Saddle Band,The Curly Shuffle,1983,us,apple_song_search_no_auto_match,4,85,,false
graph_song:song|jung kook featuring latto|seven:apple_song_search_no_auto_match,apple_music_link_pass_v1,song|jung kook featuring latto|seven,graph_song,song,Jung Kook featuring Latto,Seven,2023,us,apple_song_search_no_auto_match,10,65,,false
graph_song:song|justin timberlake|my love:apple_song_search_no_auto_match,apple_music_link_pass_v1,song|justin timberlake|my love,graph_song,song,Justin Timberlake,My Love,2006,us,apple_song_search_no_auto_match,10,88,,false
graph_song:song|justin timberlake|sexyback:apple_song_search_no_auto_match,apple_music_link_pass_v1,song|justin timberlake|sexyback,graph_song,song,Justin Timberlake,SexyBack,2006,us,apple_song_search_no_auto_match,10,88,,false
graph_song:song|justin timberlake|suit and tie:apple_song_search_no_auto_match,apple_music_link_pass_v1,song|justin timberlake|suit and tie,graph_song,song,Justin Timberlake,Suit & Tie,2013,us,apple_song_search_no_auto_match,10,88,,false
graph_song:song|justin timberlake|what goes around comes around:apple_song_search_no_auto_match,apple_music_link_pass_v1,song|justin timberlake|what goes around comes around,graph_song,song,Justin Timberlake,What Goes Around... Comes Around,2006,us,apple_song_search_no_auto_match,10,88,,false
graph_song:song|juvenile feat mannie fresh and lil wayne|back that azz up:apple_song_search_needs_review_version_risk,apple_music_link_pass_v1,song|juvenile feat mannie fresh and lil wayne|back that azz up,graph_song,song,Juvenile feat. Mannie Fresh and Lil Wayne,Back That Azz Up,1998,us,apple_song_search_needs_review_version_risk,10,53,,false
graph_song:song|kaleidoscope|a dream for julie:apple_song_search_no_results,apple_music_link_pass_v1,song|kaleidoscope|a dream for julie,graph_song,song,Kaleidoscope,A Dream for Julie,1968,us,apple_song_search_no_results,0,,,false
graph_song:song|kane brown featuring lauren alaina|what ifs:apple_song_search_needs_review_version_risk,apple_music_link_pass_v1,song|kane brown featuring lauren alaina|what ifs,graph_song,song,Kane Brown featuring Lauren Alaina,What Ifs,2016,us,apple_song_search_needs_review_version_risk,10,88,,false
graph_song:song|kanye west feat jamie foxx|gold digger:apple_song_search_no_auto_match,apple_music_link_pass_v1,song|kanye west feat jamie foxx|gold digger,graph_song,song,Kanye West feat. Jamie Foxx,Gold Digger,2005,us,apple_song_search_no_auto_match,10,88,,false
graph_song:song|kanye west feat t pain|good life:apple_song_search_needs_review_version_risk,apple_music_link_pass_v1,song|kanye west feat t pain|good life,graph_song,song,Kanye West feat. T-Pain,Good Life,2007,us,apple_song_search_needs_review_version_risk,10,88,,false
graph_song:song|kanye west|all falls down:apple_song_search_no_auto_match,apple_music_link_pass_v1,song|kanye west|all falls down,graph_song,song,Kanye West,All Falls Down,2004,us,apple_song_search_no_auto_match,10,88,,false
graph_song:song|karen o and ezra koenig|moon song:apple_song_search_needs_review_version_risk,apple_music_link_pass_v1,song|karen o and ezra koenig|moon song,graph_song,song,Karen O and Ezra Koenig,The Moon Song,2013,us,apple_song_search_needs_review_version_risk,10,85,,false
graph_song:song|kari jobe cody carnes and elevation worship|blessing:apple_song_search_no_auto_match,apple_music_link_pass_v1,song|kari jobe cody carnes and elevation worship|blessing,graph_song,song,"Kari Jobe, Cody Carnes and Elevation Worship",The Blessing,2020,us,apple_song_search_no_auto_match,10,50,,false
graph_song:song|kari jobe|forever:apple_song_search_needs_review_version_risk,apple_music_link_pass_v1,song|kari jobe|forever,graph_song,song,Kari Jobe,Forever,2014,us,apple_song_search_needs_review_version_risk,10,88,,false
graph_song:song|kari jobe|i am not alone:apple_song_search_no_auto_match,apple_music_link_pass_v1,song|kari jobe|i am not alone,graph_song,song,Kari Jobe,I Am Not Alone,2014,us,apple_song_search_no_auto_match,10,85,,false
graph_song:song|kate bush|wuthering heights:apple_song_search_no_auto_match,apple_music_link_pass_v1,song|kate bush|wuthering heights,graph_song,song,Kate Bush,Wuthering Heights,1978,us,apple_song_search_no_auto_match,8,85,,false
graph_song:song|katherine jenkins|time to say goodbye:apple_song_search_needs_review_version_risk,apple_music_link_pass_v1,song|katherine jenkins|time to say goodbye,graph_song,song,Katherine Jenkins,Time to Say Goodbye,2004,us,apple_song_search_needs_review_version_risk,2,80,,false
graph_song:song|katy perry featuring snoop dogg|california gurls:apple_song_search_needs_review_version_risk,apple_music_link_pass_v1,song|katy perry featuring snoop dogg|california gurls,graph_song,song,Katy Perry featuring Snoop Dogg,California Gurls,2010,us,apple_song_search_needs_review_version_risk,10,88,,false
graph_song:song|keith and kristyn getty|in christ alone:apple_song_search_no_auto_match,apple_music_link_pass_v1,song|keith and kristyn getty|in christ alone,graph_song,song,Keith and Kristyn Getty,In Christ Alone,2001,us,apple_song_search_no_auto_match,10,85,,false
graph_song:song|kendrick lamar feat jay rock|money trees:apple_song_search_needs_review_version_risk,apple_music_link_pass_v1,song|kendrick lamar feat jay rock|money trees,graph_song,song,Kendrick Lamar feat. Jay Rock,Money Trees,2012,us,apple_song_search_needs_review_version_risk,10,88,,false
graph_song:song|kendrick lamar feat mc eiht|m a a d city:apple_song_search_needs_review_version_risk,apple_music_link_pass_v1,song|kendrick lamar feat mc eiht|m a a d city,graph_song,song,Kendrick Lamar feat. MC Eiht,m.A.A.d city,2012,us,apple_song_search_needs_review_version_risk,10,88,,false
graph_song:song|kenny|bump:apple_song_search_no_auto_match,apple_music_link_pass_v1,song|kenny|bump,graph_song,song,Kenny,The Bump,1974,us,apple_song_search_no_auto_match,10,0,,false
graph_song:song|kerri chandler|atmosphere:apple_song_search_needs_review_version_risk,apple_music_link_pass_v1,song|kerri chandler|atmosphere,graph_song,song,Kerri Chandler,Atmosphere,1993,us,apple_song_search_needs_review_version_risk,10,73,,false
graph_song:song|kiboomers|freeze dance:apple_song_search_no_auto_match,apple_music_link_pass_v1,song|kiboomers|freeze dance,graph_song,song,The Kiboomers,Freeze Dance,2015,us,apple_song_search_no_auto_match,10,80,,false
graph_song:song|kid cudi feat mgmt and ratatat|pursuit of happiness:apple_song_search_needs_review_version_risk,apple_music_link_pass_v1,song|kid cudi feat mgmt and ratatat|pursuit of happiness,graph_song,song,Kid Cudi feat. MGMT and Ratatat,Pursuit of Happiness,2009,us,apple_song_search_needs_review_version_risk,10,85,,false
graph_song:song|kids|sesame street theme:apple_song_search_needs_review_version_risk,apple_music_link_pass_v1,song|kids|sesame street theme,graph_song,song,The Kids,Sesame Street Theme,1969,us,apple_song_search_needs_review_version_risk,10,73,,false
graph_song:song|killing joke|requiem:apple_song_search_no_auto_match,apple_music_link_pass_v1,song|killing joke|requiem,graph_song,song,Killing Joke,Requiem,1980,us,apple_song_search_no_auto_match,10,88,,false
graph_song:song|king crimson|21st century schizoid man:apple_song_search_no_auto_match,apple_music_link_pass_v1,song|king crimson|21st century schizoid man,graph_song,song,King Crimson,21st Century Schizoid Man,1969,us,apple_song_search_no_auto_match,10,88,,false
graph_song:song|king crimson|epitaph:apple_song_search_no_auto_match,apple_music_link_pass_v1,song|king crimson|epitaph,graph_song,song,King Crimson,Epitaph,1969,us,apple_song_search_no_auto_match,10,88,,false
graph_song:song|kings of tomorrow featuring julie mcknight|finally:apple_song_search_needs_review_version_risk,apple_music_link_pass_v1,song|kings of tomorrow featuring julie mcknight|finally,graph_song,song,Kings of Tomorrow featuring Julie McKnight,Finally,2000,us,apple_song_search_needs_review_version_risk,10,85,,false
graph_song:song|kingsmen|jolly green giant:apple_song_search_no_auto_match,apple_music_link_pass_v1,song|kingsmen|jolly green giant,graph_song,song,The Kingsmen,The Jolly Green Giant,1965,us,apple_song_search_no_auto_match,4,85,,false
graph_song:song|kingsmen|money that s what i want:apple_song_search_needs_review_version_risk,apple_music_link_pass_v1,song|kingsmen|money that s what i want,graph_song,song,The Kingsmen,Money (That's What I Want),1964,us,apple_song_search_needs_review_version_risk,10,85,,false
graph_song:song|kingston trio|greenback dollar:apple_song_search_needs_review_version_risk,apple_music_link_pass_v1,song|kingston trio|greenback dollar,graph_song,song,The Kingston Trio,Greenback Dollar,1963,us,apple_song_search_needs_review_version_risk,10,85,,false
graph_song:song|kirk franklin and the family|silver and gold:apple_song_search_no_auto_match,apple_music_link_pass_v1,song|kirk franklin and the family|silver and gold,graph_song,song,Kirk Franklin and The Family,Silver and Gold,1993,us,apple_song_search_no_auto_match,10,88,,false
graph_song:song|kizz daniel and tekno|buga:apple_song_search_no_auto_match,apple_music_link_pass_v1,song|kizz daniel and tekno|buga,graph_song,song,Kizz Daniel and Tekno,Buga,2022,us,apple_song_search_no_auto_match,10,88,,false
graph_song:song|kmfdm|godlike:apple_song_search_no_auto_match,apple_music_link_pass_v1,song|kmfdm|godlike,graph_song,song,KMFDM,Godlike,1990,us,apple_song_search_no_auto_match,6,73,,false
graph_song:song|krs one|sound of da police:apple_song_search_needs_review_version_risk,apple_music_link_pass_v1,song|krs one|sound of da police,graph_song,song,KRS-One,Sound of da Police,1993,us,apple_song_search_needs_review_version_risk,10,92,,false
graph_song:song|kruder and dorfmeister|high noon:apple_song_search_needs_review_version_risk,apple_music_link_pass_v1,song|kruder and dorfmeister|high noon,graph_song,song,Kruder & Dorfmeister,High Noon,1996,us,apple_song_search_needs_review_version_risk,10,92,,false
graph_song:song|kupla|cozy:apple_song_search_no_results,apple_music_link_pass_v1,song|kupla|cozy,graph_song,song,Kupla,Cozy,2017,us,apple_song_search_no_results,0,,,false
graph_song:song|kurtis blow|basketball:apple_song_search_no_auto_match,apple_music_link_pass_v1,song|kurtis blow|basketball,graph_song,song,Kurtis Blow,Basketball,1984,us,apple_song_search_no_auto_match,10,85,,false
graph_song:song|kurtis blow|if i ruled the world:apple_song_search_needs_review_version_risk,apple_music_link_pass_v1,song|kurtis blow|if i ruled the world,graph_song,song,Kurtis Blow,If I Ruled the World,1985,us,apple_song_search_needs_review_version_risk,10,85,,false
graph_song:song|l7|shove:apple_song_search_no_auto_match,apple_music_link_pass_v1,song|l7|shove,graph_song,song,L7,Shove,1990,us,apple_song_search_no_auto_match,7,88,,false
graph_song:song|la arrolladora banda el limon|ya es muy tarde:apple_song_search_no_auto_match,apple_music_link_pass_v1,song|la arrolladora banda el limon|ya es muy tarde,graph_song,song,La Arrolladora Banda El Limon,Ya Es Muy Tarde,2015,us,apple_song_search_no_auto_match,10,85,,false
graph_song:song|la sonora dinamita|escandalo:apple_song_search_needs_review_version_risk,apple_music_link_pass_v1,song|la sonora dinamita|escandalo,graph_song,song,La Sonora Dinamita,Escandalo,1988,us,apple_song_search_needs_review_version_risk,10,50,,false
graph_song:song|lady gaga|telephone:apple_song_search_no_auto_match,apple_music_link_pass_v1,song|lady gaga|telephone,graph_song,song,Lady Gaga,Telephone,2009,us,apple_song_search_no_auto_match,10,88,,false
graph_song:song|ladysmith black mambazo|homeless:apple_song_search_no_auto_match,apple_music_link_pass_v1,song|ladysmith black mambazo|homeless,graph_song,song,Ladysmith Black Mambazo,Homeless,1986,us,apple_song_search_no_auto_match,10,85,,false
graph_song:song|lalo schifrin|theme from mission impossible:apple_song_search_needs_review_version_risk,apple_music_link_pass_v1,song|lalo schifrin|theme from mission impossible,graph_song,song,Lalo Schifrin,Theme from Mission: Impossible,1967,us,apple_song_search_needs_review_version_risk,10,38,,false
graph_song:song|lamb|cotton wool:apple_song_search_no_auto_match,apple_music_link_pass_v1,song|lamb|cotton wool,graph_song,song,Lamb,Cotton Wool,1996,us,apple_song_search_no_auto_match,3,50,,false
graph_song:song|larry harlow|la cartera:apple_song_search_no_auto_match,apple_music_link_pass_v1,song|larry harlow|la cartera,graph_song,song,Larry Harlow,La Cartera,1972,us,apple_song_search_no_auto_match,10,80,,false
graph_song:song|lets active|every word means no:apple_song_search_no_auto_match,apple_music_link_pass_v1,song|lets active|every word means no,graph_song,song,Lets Active,Every Word Means No,1983,us,apple_song_search_no_auto_match,10,65,,false
graph_song:song|lfo|lfo:apple_song_search_needs_review_version_risk,apple_music_link_pass_v1,song|lfo|lfo,graph_song,song,LFO,LFO,1990,us,apple_song_search_needs_review_version_risk,10,85,,false
graph_song:song|lil baby feat drake|yes indeed:apple_song_search_needs_review_version_risk,apple_music_link_pass_v1,song|lil baby feat drake|yes indeed,graph_song,song,Lil Baby feat. Drake,Yes Indeed,2018,us,apple_song_search_needs_review_version_risk,10,65,,false
graph_song:song|lil jon and the east side boyz feat lil scrappy|what u gon do:apple_song_search_needs_review_version_risk,apple_music_link_pass_v1,song|lil jon and the east side boyz feat lil scrappy|what u gon do,graph_song,song,Lil Jon & The East Side Boyz feat. Lil Scrappy,What U Gon' Do,2004,us,apple_song_search_needs_review_version_risk,10,53,,false
graph_song:song|lil jon and the east side boyz feat ying yang twins|get low:apple_song_search_needs_review_version_risk,apple_music_link_pass_v1,song|lil jon and the east side boyz feat ying yang twins|get low,graph_song,song,Lil Jon & The East Side Boyz feat. Ying Yang Twins,Get Low,2002,us,apple_song_search_needs_review_version_risk,10,88,,false
graph_song:song|lil jon and the east side boyz feat ying yang twins|salt shaker:apple_song_search_needs_review_version_risk,apple_music_link_pass_v1,song|lil jon and the east side boyz feat ying yang twins|salt shaker,graph_song,song,Lil Jon & The East Side Boyz feat. Ying Yang Twins,Salt Shaker,2003,us,apple_song_search_needs_review_version_risk,10,47,,false
graph_song:song|lil louis|french kiss:apple_song_search_no_auto_match,apple_music_link_pass_v1,song|lil louis|french kiss,graph_song,song,Lil Louis,French Kiss,1989,us,apple_song_search_no_auto_match,10,73,,false
graph_song:song|lil nas x feat billy ray cyrus|old town road remix:apple_song_search_needs_review_version_risk,apple_music_link_pass_v1,song|lil nas x feat billy ray cyrus|old town road remix,graph_song,song,Lil Nas X feat. Billy Ray Cyrus,Old Town Road (Remix),2019,us,apple_song_search_needs_review_version_risk,10,15,,false
graph_song:song|lillias white lachanze roz ryan cheryl freeman and vaneese thomas|zero to hero:apple_song_search_needs_review_version_risk,apple_music_link_pass_v1,song|lillias white lachanze roz ryan cheryl freeman and vaneese thomas|zero to hero,graph_song,song,"Lillias White, LaChanze, Roz Ryan, Cheryl Freeman and Vaneese Thomas",Zero to Hero,1997,us,apple_song_search_needs_review_version_risk,10,65,,false
graph_song:song|limp bizkit|rollin:apple_song_search_no_auto_match,apple_music_link_pass_v1,song|limp bizkit|rollin,graph_song,song,Limp Bizkit,Rollin',2000,us,apple_song_search_no_auto_match,10,88,,false
graph_song:song|lindecis|soulful:apple_song_search_no_auto_match,apple_music_link_pass_v1,song|lindecis|soulful,graph_song,song,Lindecis,Soulful,2018,us,apple_song_search_no_auto_match,8,65,,false
graph_song:song|link wray|raw hide:apple_song_search_no_auto_match,apple_music_link_pass_v1,song|link wray|raw hide,graph_song,song,Link Wray,Raw-Hide,1958,us,apple_song_search_no_auto_match,3,73,,false
graph_song:song|lion king cast|hakuna matata:apple_song_search_no_auto_match,apple_music_link_pass_v1,song|lion king cast|hakuna matata,graph_song,song,The Lion King Cast,Hakuna Matata,1994,us,apple_song_search_no_auto_match,10,57,,false
graph_song:song|lisa loeb|stay:apple_song_search_no_auto_match,apple_music_link_pass_v1,song|lisa loeb|stay,graph_song,song,Lisa Loeb,Stay,1994,us,apple_song_search_no_auto_match,10,88,,false
graph_song:song|little river band|reminiscing:apple_song_search_no_auto_match,apple_music_link_pass_v1,song|little river band|reminiscing,graph_song,song,Little River Band,Reminiscing,1978,us,apple_song_search_no_auto_match,10,85,,false
graph_song:song|liz phair|6 1:apple_song_search_no_auto_match,apple_music_link_pass_v1,song|liz phair|6 1,graph_song,song,Liz Phair,"6'1""",1993,us,apple_song_search_no_auto_match,6,88,,false
graph_song:song|liz phair|divorce song:apple_song_search_no_auto_match,apple_music_link_pass_v1,song|liz phair|divorce song,graph_song,song,Liz Phair,Divorce Song,1993,us,apple_song_search_no_auto_match,10,88,,false
graph_song:song|liz phair|fuck and run:apple_song_search_no_auto_match,apple_music_link_pass_v1,song|liz phair|fuck and run,graph_song,song,Liz Phair,Fuck and Run,1993,us,apple_song_search_no_auto_match,10,50,,false
graph_song:song|liz phair|never said:apple_song_search_no_auto_match,apple_music_link_pass_v1,song|liz phair|never said,graph_song,song,Liz Phair,Never Said,1993,us,apple_song_search_no_auto_match,10,88,,false
graph_song:song|liz phair|stratford on guy:apple_song_search_no_auto_match,apple_music_link_pass_v1,song|liz phair|stratford on guy,graph_song,song,Liz Phair,Stratford-on-Guy,1993,us,apple_song_search_no_auto_match,2,88,,false
graph_song:song|ll cool j feat boyz ii men|hey lover:apple_song_search_no_auto_match,apple_music_link_pass_v1,song|ll cool j feat boyz ii men|hey lover,graph_song,song,LL Cool J feat. Boyz II Men,Hey Lover,1995,us,apple_song_search_no_auto_match,10,88,,false
graph_song:song|ll cool j|go cut creator go:apple_song_search_no_auto_match,apple_music_link_pass_v1,song|ll cool j|go cut creator go,graph_song,song,LL Cool J,Go Cut Creator Go,1987,us,apple_song_search_no_auto_match,7,35,,false
graph_song:song|ll cool j|i m bad:apple_song_search_no_auto_match,apple_music_link_pass_v1,song|ll cool j|i m bad,graph_song,song,LL Cool J,I'm Bad,1987,us,apple_song_search_no_auto_match,10,73,,false
graph_song:song|ll cool j|rock the bells:apple_song_search_no_auto_match,apple_music_link_pass_v1,song|ll cool j|rock the bells,graph_song,song,LL Cool J,Rock the Bells,1985,us,apple_song_search_no_auto_match,9,73,,false
graph_song:song|lmfao featuring lauren bennett and goonrock|party rock anthem:apple_song_search_needs_review_version_risk,apple_music_link_pass_v1,song|lmfao featuring lauren bennett and goonrock|party rock anthem,graph_song,song,LMFAO featuring Lauren Bennett & GoonRock,Party Rock Anthem,2011,us,apple_song_search_needs_review_version_risk,10,88,,false
graph_song:song|lo fi girl|lofi hip hop radio:apple_song_search_no_auto_match,apple_music_link_pass_v1,song|lo fi girl|lofi hip hop radio,graph_song,song,Lo-fi Girl,lofi hip hop radio,2017,us,apple_song_search_no_auto_match,10,0,,false
graph_song:song|lola beltran|cucurrucucu paloma:apple_song_search_needs_review_version_risk,apple_music_link_pass_v1,song|lola beltran|cucurrucucu paloma,graph_song,song,Lola Beltran,Cucurrucucu Paloma,1961,us,apple_song_search_needs_review_version_risk,10,92,,false
graph_song:song|lonely island featuring justin timberlake|dick in a box:apple_song_search_needs_review_version_risk,apple_music_link_pass_v1,song|lonely island featuring justin timberlake|dick in a box,graph_song,song,The Lonely Island featuring Justin Timberlake,Dick in a Box,2006,us,apple_song_search_needs_review_version_risk,10,88,,false
graph_song:song|lonely island featuring t pain|i m on a boat:apple_song_search_needs_review_version_risk,apple_music_link_pass_v1,song|lonely island featuring t pain|i m on a boat,graph_song,song,The Lonely Island featuring T-Pain,I'm on a Boat,2009,us,apple_song_search_needs_review_version_risk,10,88,,false
graph_song:song|lonely island|lazy sunday:apple_song_search_needs_review_version_risk,apple_music_link_pass_v1,song|lonely island|lazy sunday,graph_song,song,The Lonely Island,Lazy Sunday,2005,us,apple_song_search_needs_review_version_risk,10,35,,false
graph_song:song|los angeles azules featuring natalia lafourcade|nunca es suficiente:apple_song_search_needs_review_version_risk,apple_music_link_pass_v1,song|los angeles azules featuring natalia lafourcade|nunca es suficiente,graph_song,song,Los Angeles Azules featuring Natalia Lafourcade,Nunca Es Suficiente,2018,us,apple_song_search_needs_review_version_risk,10,88,,false
graph_song:song|los del rio|macarena:apple_song_search_no_auto_match,apple_music_link_pass_v1,song|los del rio|macarena,graph_song,song,Los Del Rio,Macarena,1993,us,apple_song_search_no_auto_match,10,80,,false
graph_song:song|louis prima|i wan na be like you:apple_song_search_needs_review_version_risk,apple_music_link_pass_v1,song|louis prima|i wan na be like you,graph_song,song,Louis Prima,I Wan'na Be Like You,1967,us,apple_song_search_needs_review_version_risk,10,88,,false
graph_song:song|louvin brothers|when i stop dreaming:apple_song_search_no_auto_match,apple_music_link_pass_v1,song|louvin brothers|when i stop dreaming,graph_song,song,The Louvin Brothers,When I Stop Dreaming,1955,us,apple_song_search_no_auto_match,10,85,,false
graph_song:song|love and kisses|i found love now that i found you:apple_song_search_no_auto_match,apple_music_link_pass_v1,song|love and kisses|i found love now that i found you,graph_song,song,Love & Kisses,I Found Love (Now That I Found You),1977,us,apple_song_search_no_auto_match,10,0,,false
graph_song:song|lox feat dmx and lil kim|money power and respect:apple_song_search_needs_review_version_risk,apple_music_link_pass_v1,song|lox feat dmx and lil kim|money power and respect,graph_song,song,The LOX feat. DMX and Lil' Kim,"Money, Power & Respect",1998,us,apple_song_search_needs_review_version_risk,10,88,,false
graph_song:song|ludacris feat shawnna|stand up:apple_song_search_no_auto_match,apple_music_link_pass_v1,song|ludacris feat shawnna|stand up,graph_song,song,Ludacris feat. Shawnna,Stand Up,2003,us,apple_song_search_no_auto_match,10,88,,false
graph_song:song|lupe fiasco feat matthew santos|superstar:apple_song_search_needs_review_version_risk,apple_music_link_pass_v1,song|lupe fiasco feat matthew santos|superstar,graph_song,song,Lupe Fiasco feat. Matthew Santos,Superstar,2007,us,apple_song_search_needs_review_version_risk,10,88,,false
graph_song:song|lydia lunch|mechanical flattery:apple_song_search_no_auto_match,apple_music_link_pass_v1,song|lydia lunch|mechanical flattery,graph_song,song,Lydia Lunch,Mechanical Flattery,1980,us,apple_song_search_no_auto_match,1,85,,false
graph_song:song|m o p|ante up:apple_song_search_needs_review_version_risk,apple_music_link_pass_v1,song|m o p|ante up,graph_song,song,M.O.P.,Ante Up,2000,us,apple_song_search_needs_review_version_risk,10,88,,false
graph_song:song|machine gun kelly|bloody valentine:apple_song_search_no_auto_match,apple_music_link_pass_v1,song|machine gun kelly|bloody valentine,graph_song,song,Machine Gun Kelly,bloody valentine,2020,us,apple_song_search_no_auto_match,10,65,,false
graph_song:song|macklemore and ryan lewis feat mary lambert|same love:apple_song_search_needs_review_version_risk,apple_music_link_pass_v1,song|macklemore and ryan lewis feat mary lambert|same love,graph_song,song,Macklemore & Ryan Lewis feat. Mary Lambert,Same Love,2012,us,apple_song_search_needs_review_version_risk,10,88,,false
graph_song:song|macklemore and ryan lewis feat ray dalton|can t hold us:apple_song_search_no_auto_match,apple_music_link_pass_v1,song|macklemore and ryan lewis feat ray dalton|can t hold us,graph_song,song,Macklemore & Ryan Lewis feat. Ray Dalton,Can't Hold Us,2011,us,apple_song_search_no_auto_match,10,88,,false
graph_song:song|macklemore and ryan lewis feat wanz|thrift shop:apple_song_search_needs_review_version_risk,apple_music_link_pass_v1,song|macklemore and ryan lewis feat wanz|thrift shop,graph_song,song,Macklemore & Ryan Lewis feat. Wanz,Thrift Shop,2012,us,apple_song_search_needs_review_version_risk,10,88,,false
graph_song:song|mahalia jackson|move on up a little higher:apple_song_search_no_auto_match,apple_music_link_pass_v1,song|mahalia jackson|move on up a little higher,graph_song,song,Mahalia Jackson,Move On Up a Little Higher,1947,us,apple_song_search_no_auto_match,10,73,,false
graph_song:song|major lazer and dj snake featuring mo|lean on:apple_song_search_no_auto_match,apple_music_link_pass_v1,song|major lazer and dj snake featuring mo|lean on,graph_song,song,Major Lazer and DJ Snake featuring MO,Lean On,2015,us,apple_song_search_no_auto_match,10,88,,false
graph_song:song|major lazer featuring j balvin and el alfa|que calor:apple_song_search_no_auto_match,apple_music_link_pass_v1,song|major lazer featuring j balvin and el alfa|que calor,graph_song,song,Major Lazer featuring J Balvin and El Alfa,Que Calor,2019,us,apple_song_search_no_auto_match,10,85,,false
graph_song:song|major lazer featuring nasty c ice prince patoranking and jidenna|particula:apple_song_search_no_auto_match,apple_music_link_pass_v1,song|major lazer featuring nasty c ice prince patoranking and jidenna|particula,graph_song,song,"Major Lazer featuring Nasty C, Ice Prince, Patoranking and Jidenna",Particula,2017,us,apple_song_search_no_auto_match,10,88,,false
graph_song:song|mamas and the papas|i saw her again:apple_song_search_no_auto_match,apple_music_link_pass_v1,song|mamas and the papas|i saw her again,graph_song,song,The Mamas & the Papas,I Saw Her Again,1966,us,apple_song_search_no_auto_match,10,88,,false
graph_song:song|mamas and the papas|twelve thirty young girls are coming to the canyon:apple_song_search_no_auto_match,apple_music_link_pass_v1,song|mamas and the papas|twelve thirty young girls are coming to the canyon,graph_song,song,The Mamas & the Papas,Twelve Thirty (Young Girls Are Coming to the Canyon),1967,us,apple_song_search_no_auto_match,10,73,,false
graph_song:song|man parrish|hip hop be bop:apple_song_search_needs_review_version_risk,apple_music_link_pass_v1,song|man parrish|hip hop be bop,graph_song,song,Man Parrish,"Hip Hop, Be Bop",1982,us,apple_song_search_needs_review_version_risk,10,88,,false
graph_song:song|manowar|battle hymn:apple_song_search_no_auto_match,apple_music_link_pass_v1,song|manowar|battle hymn,graph_song,song,Manowar,Battle Hymn,1982,us,apple_song_search_no_auto_match,10,85,,false
graph_song:song|maranatha music|as the deer:apple_song_search_needs_review_version_risk,apple_music_link_pass_v1,song|maranatha music|as the deer,graph_song,song,Maranatha! Music,As the Deer,1984,us,apple_song_search_needs_review_version_risk,10,73,,false
graph_song:song|marcia griffiths|electric boogie:apple_song_search_no_auto_match,apple_music_link_pass_v1,song|marcia griffiths|electric boogie,graph_song,song,Marcia Griffiths,Electric Boogie,1983,us,apple_song_search_no_auto_match,10,73,,false
graph_song:song|mariah carey|heartbreaker:apple_song_search_no_auto_match,apple_music_link_pass_v1,song|mariah carey|heartbreaker,graph_song,song,Mariah Carey,Heartbreaker,1999,us,apple_song_search_no_auto_match,10,88,,false
graph_song:song|mark ronson featuring bruno mars|uptown funk:apple_song_search_no_auto_match,apple_music_link_pass_v1,song|mark ronson featuring bruno mars|uptown funk,graph_song,song,Mark Ronson featuring Bruno Mars,Uptown Funk,2014,us,apple_song_search_no_auto_match,10,88,,false
graph_song:song|marky mark and the funky bunch|good vibrations:apple_song_search_no_auto_match,apple_music_link_pass_v1,song|marky mark and the funky bunch|good vibrations,graph_song,song,Marky Mark and The Funky Bunch,Good Vibrations,1991,us,apple_song_search_no_auto_match,10,88,,false
graph_song:song|mars|helen fordsdale:apple_song_search_no_auto_match,apple_music_link_pass_v1,song|mars|helen fordsdale,graph_song,song,Mars,Helen Fordsdale,1978,us,apple_song_search_no_auto_match,8,73,,false
graph_song:song|mars|puerto rican ghost:apple_song_search_no_auto_match,apple_music_link_pass_v1,song|mars|puerto rican ghost,graph_song,song,Mars,Puerto Rican Ghost,1978,us,apple_song_search_no_auto_match,8,85,,false
graph_song:song|marshmello featuring khalid|silence:apple_song_search_needs_review_version_risk,apple_music_link_pass_v1,song|marshmello featuring khalid|silence,graph_song,song,Marshmello featuring Khalid,Silence,2017,us,apple_song_search_needs_review_version_risk,10,88,,false
graph_song:song|martha and the vandellas|dancing in the street:apple_song_search_needs_review_version_risk,apple_music_link_pass_v1,song|martha and the vandellas|dancing in the street,graph_song,song,Martha and the Vandellas,Dancing in the Street,1964,us,apple_song_search_needs_review_version_risk,10,65,,false
graph_song:song|martha and the vandellas|heat wave:apple_song_search_no_auto_match,apple_music_link_pass_v1,song|martha and the vandellas|heat wave,graph_song,song,Martha and the Vandellas,Heat Wave,1963,us,apple_song_search_no_auto_match,10,53,,false
graph_song:song|martha and the vandellas|jimmy mack:apple_song_search_no_auto_match,apple_music_link_pass_v1,song|martha and the vandellas|jimmy mack,graph_song,song,Martha & the Vandellas,Jimmy Mack,1967,us,apple_song_search_no_auto_match,10,62,,false
graph_song:song|martha and the vandellas|nowhere to run:apple_song_search_no_auto_match,apple_music_link_pass_v1,song|martha and the vandellas|nowhere to run,graph_song,song,Martha & the Vandellas,Nowhere to Run,1965,us,apple_song_search_no_auto_match,10,65,,false
graph_song:song|mary costa and bill shirley|once upon a dream:apple_song_search_needs_review_version_risk,apple_music_link_pass_v1,song|mary costa and bill shirley|once upon a dream,graph_song,song,Mary Costa and Bill Shirley,Once Upon a Dream,1959,us,apple_song_search_needs_review_version_risk,10,38,,false
graph_song:song|master kg featuring nomcebo zikode|jerusalema:apple_song_search_needs_review_version_risk,apple_music_link_pass_v1,song|master kg featuring nomcebo zikode|jerusalema,graph_song,song,Master KG featuring Nomcebo Zikode,Jerusalema,2019,us,apple_song_search_needs_review_version_risk,10,85,,false
graph_song:song|masters at work featuring india|to be in love:apple_song_search_no_auto_match,apple_music_link_pass_v1,song|masters at work featuring india|to be in love,graph_song,song,Masters at Work featuring India,To Be in Love,1997,us,apple_song_search_no_auto_match,10,88,,false
graph_song:song|matmos|west:apple_song_search_no_results,apple_music_link_pass_v1,song|matmos|west,graph_song,song,Matmos,The West,1999,us,apple_song_search_no_results,0,,,false
graph_song:song|matt maher|lord i need you:apple_song_search_needs_review_version_risk,apple_music_link_pass_v1,song|matt maher|lord i need you,graph_song,song,Matt Maher,"Lord, I Need You",2011,us,apple_song_search_needs_review_version_risk,10,92,,false
graph_song:song|matt redman|10 000 reasons bless the lord:apple_song_search_no_auto_match,apple_music_link_pass_v1,song|matt redman|10 000 reasons bless the lord,graph_song,song,Matt Redman,"10,000 Reasons (Bless the Lord)",2011,us,apple_song_search_no_auto_match,10,38,,false
graph_song:song|maurizio|m4:apple_song_search_no_auto_match,apple_music_link_pass_v1,song|maurizio|m4,graph_song,song,Maurizio,M4,1995,us,apple_song_search_no_auto_match,10,35,,false
graph_song:song|maverick city music|promises:apple_song_search_needs_review_version_risk,apple_music_link_pass_v1,song|maverick city music|promises,graph_song,song,Maverick City Music,Promises,2020,us,apple_song_search_needs_review_version_risk,10,88,,false
graph_song:song|maverick city music|refiner:apple_song_search_needs_review_version_risk,apple_music_link_pass_v1,song|maverick city music|refiner,graph_song,song,Maverick City Music,Refiner,2019,us,apple_song_search_needs_review_version_risk,10,88,,false
graph_song:song|max steiner|tara s theme:apple_song_search_needs_review_version_risk,apple_music_link_pass_v1,song|max steiner|tara s theme,graph_song,song,Max Steiner,Tara's Theme,1939,us,apple_song_search_needs_review_version_risk,10,50,,false
graph_song:song|maxwell|bad habits:apple_song_search_no_auto_match,apple_music_link_pass_v1,song|maxwell|bad habits,graph_song,song,Maxwell,Bad Habits,2009,us,apple_song_search_no_auto_match,10,88,,false
graph_song:song|maxwell|lifetime:apple_song_search_no_auto_match,apple_music_link_pass_v1,song|maxwell|lifetime,graph_song,song,Maxwell,Lifetime,2001,us,apple_song_search_no_auto_match,10,88,,false
graph_song:song|maxwell|sumthin sumthin:apple_song_search_no_auto_match,apple_music_link_pass_v1,song|maxwell|sumthin sumthin,graph_song,song,Maxwell,Sumthin' Sumthin',1996,us,apple_song_search_no_auto_match,10,88,,false
graph_song:song|maze feat frankie beverly|before i let go:apple_song_search_no_auto_match,apple_music_link_pass_v1,song|maze feat frankie beverly|before i let go,graph_song,song,Maze feat. Frankie Beverly,Before I Let Go,1981,us,apple_song_search_no_auto_match,10,65,,false
graph_song:song|maze feat frankie beverly|joy and pain:apple_song_search_no_auto_match,apple_music_link_pass_v1,song|maze feat frankie beverly|joy and pain,graph_song,song,Maze feat. Frankie Beverly,Joy and Pain,1980,us,apple_song_search_no_auto_match,10,65,,false
graph_song:song|mel tillis|coca cola cowboy:apple_song_search_no_auto_match,apple_music_link_pass_v1,song|mel tillis|coca cola cowboy,graph_song,song,Mel Tillis,Coca-Cola Cowboy,1979,us,apple_song_search_no_auto_match,10,73,,false
graph_song:song|mel tillis|i ain t never:apple_song_search_no_auto_match,apple_music_link_pass_v1,song|mel tillis|i ain t never,graph_song,song,Mel Tillis,I Ain't Never,1972,us,apple_song_search_no_auto_match,10,73,,false
graph_song:song|mercyful fate|a corpse without soul:apple_song_search_no_auto_match,apple_music_link_pass_v1,song|mercyful fate|a corpse without soul,graph_song,song,Mercyful Fate,A Corpse Without Soul,1982,us,apple_song_search_no_auto_match,10,85,,false
graph_song:song|merle haggard|working man blues:apple_song_search_no_auto_match,apple_music_link_pass_v1,song|merle haggard|working man blues,graph_song,song,Merle Haggard,Working Man Blues,1969,us,apple_song_search_no_auto_match,10,35,,false
graph_song:song|merry go round|live:apple_song_search_no_auto_match,apple_music_link_pass_v1,song|merry go round|live,graph_song,song,The Merry-Go-Round,Live,1967,us,apple_song_search_no_auto_match,10,0,,false
graph_song:song|method man feat mary j blige|i ll be there for you you re all i need to get by:apple_song_search_needs_review_version_risk,apple_music_link_pass_v1,song|method man feat mary j blige|i ll be there for you you re all i need to get by,graph_song,song,Method Man feat. Mary J. Blige,I'll Be There for You / You're All I Need to Get By,1995,us,apple_song_search_needs_review_version_risk,10,88,,false
graph_song:song|mf doom|doomsday:apple_song_search_no_auto_match,apple_music_link_pass_v1,song|mf doom|doomsday,graph_song,song,MF DOOM,Doomsday,1999,us,apple_song_search_no_auto_match,10,88,,false
graph_song:song|mf doom|rapp snitch knishes:apple_song_search_needs_review_version_risk,apple_music_link_pass_v1,song|mf doom|rapp snitch knishes,graph_song,song,MF DOOM,Rapp Snitch Knishes,2004,us,apple_song_search_needs_review_version_risk,10,88,,false
graph_song:song|mf doom|rhymes like dimes:apple_song_search_no_auto_match,apple_music_link_pass_v1,song|mf doom|rhymes like dimes,graph_song,song,MF DOOM,Rhymes Like Dimes,1999,us,apple_song_search_no_auto_match,10,88,,false
graph_song:song|mfsb feat the three degrees|tsop the sound of philadelphia:apple_song_search_no_auto_match,apple_music_link_pass_v1,song|mfsb feat the three degrees|tsop the sound of philadelphia,graph_song,song,MFSB feat. The Three Degrees,TSOP (The Sound of Philadelphia),1974,us,apple_song_search_no_auto_match,10,50,,false
graph_song:song|migos feat drake|walk it talk it:apple_song_search_needs_review_version_risk,apple_music_link_pass_v1,song|migos feat drake|walk it talk it,graph_song,song,Migos feat. Drake,Walk It Talk It,2018,us,apple_song_search_needs_review_version_risk,10,88,,false
graph_song:song|migos feat lil uzi vert|bad and boujee:apple_song_search_no_auto_match,apple_music_link_pass_v1,song|migos feat lil uzi vert|bad and boujee,graph_song,song,Migos feat. Lil Uzi Vert,Bad and Boujee,2016,us,apple_song_search_no_auto_match,10,88,,false
graph_song:song|miguel and natalia lafourcade|remember me:apple_song_search_needs_review_version_risk,apple_music_link_pass_v1,song|miguel and natalia lafourcade|remember me,graph_song,song,Miguel and Natalia Lafourcade,Remember Me,2017,us,apple_song_search_needs_review_version_risk,10,73,,false
graph_song:song|miguel|come through and chill:apple_song_search_no_auto_match,apple_music_link_pass_v1,song|miguel|come through and chill,graph_song,song,Miguel,Come Through and Chill,2017,us,apple_song_search_no_auto_match,10,88,,false
graph_song:song|mike jones feat slim thug and paul wall|still tippin:apple_song_search_no_auto_match,apple_music_link_pass_v1,song|mike jones feat slim thug and paul wall|still tippin,graph_song,song,Mike Jones feat. Slim Thug and Paul Wall,Still Tippin',2004,us,apple_song_search_no_auto_match,10,88,,false
graph_song:song|minutemen|history lesson part ii:apple_song_search_no_auto_match,apple_music_link_pass_v1,song|minutemen|history lesson part ii,graph_song,song,Minutemen,History Lesson Part II,1984,us,apple_song_search_no_auto_match,3,35,,false
graph_song:song|minutemen|this aint no picnic:apple_song_search_no_auto_match,apple_music_link_pass_v1,song|minutemen|this aint no picnic,graph_song,song,Minutemen,This Aint No Picnic,1984,us,apple_song_search_no_auto_match,10,50,,false
graph_song:song|misfits|halloween:apple_song_search_no_auto_match,apple_music_link_pass_v1,song|misfits|halloween,graph_song,song,Misfits,Halloween,1981,us,apple_song_search_no_auto_match,10,85,,false
graph_song:song|misfits|hybrid moments:apple_song_search_no_auto_match,apple_music_link_pass_v1,song|misfits|hybrid moments,graph_song,song,Misfits,Hybrid Moments,1978,us,apple_song_search_no_auto_match,10,85,,false
graph_song:song|misfits|where eagles dare:apple_song_search_no_auto_match,apple_music_link_pass_v1,song|misfits|where eagles dare,graph_song,song,Misfits,Where Eagles Dare,1979,us,apple_song_search_no_auto_match,10,85,,false
graph_song:song|missy elliott feat da brat|sock it 2 me:apple_song_search_needs_review_version_risk,apple_music_link_pass_v1,song|missy elliott feat da brat|sock it 2 me,graph_song,song,Missy Elliott feat. Da Brat,Sock It 2 Me,1997,us,apple_song_search_needs_review_version_risk,10,88,,false
graph_song:song|missy elliott|lose control:apple_song_search_no_auto_match,apple_music_link_pass_v1,song|missy elliott|lose control,graph_song,song,Missy Elliott,Lose Control,2005,us,apple_song_search_no_auto_match,10,88,,false
graph_song:song|mojo men|sit down i think i love you:apple_song_search_needs_review_version_risk,apple_music_link_pass_v1,song|mojo men|sit down i think i love you,graph_song,song,The Mojo Men,"Sit Down, I Think I Love You",1967,us,apple_song_search_needs_review_version_risk,10,85,,false
graph_song:song|mojos|everything s alright:apple_song_search_no_auto_match,apple_music_link_pass_v1,song|mojos|everything s alright,graph_song,song,The Mojos,Everything's Alright,1964,us,apple_song_search_no_auto_match,6,50,,false
graph_song:song|moloko|sing it back boris dlugosch mix:apple_song_search_needs_review_version_risk,apple_music_link_pass_v1,song|moloko|sing it back boris dlugosch mix,graph_song,song,Moloko,Sing It Back (Boris Dlugosch Mix),1999,us,apple_song_search_needs_review_version_risk,10,50,,false
graph_song:song|monchy and alexandra|hoja en blanco:apple_song_search_needs_review_version_risk,apple_music_link_pass_v1,song|monchy and alexandra|hoja en blanco,graph_song,song,Monchy & Alexandra,Hoja en Blanco,2001,us,apple_song_search_needs_review_version_risk,10,92,,false
graph_song:song|monie love|it s a shame my sister:apple_song_search_needs_review_version_risk,apple_music_link_pass_v1,song|monie love|it s a shame my sister,graph_song,song,Monie Love,It's a Shame (My Sister),1990,us,apple_song_search_needs_review_version_risk,10,88,,false
graph_song:song|monkees|porpoise song:apple_song_search_needs_review_version_risk,apple_music_link_pass_v1,song|monkees|porpoise song,graph_song,song,The Monkees,Porpoise Song,1968,us,apple_song_search_needs_review_version_risk,10,88,,false
graph_song:song|monks|complication:apple_song_search_no_auto_match,apple_music_link_pass_v1,song|monks|complication,graph_song,song,The Monks,Complication,1966,us,apple_song_search_no_auto_match,2,50,,false
graph_song:song|monks|i hate you:apple_song_search_no_auto_match,apple_music_link_pass_v1,song|monks|i hate you,graph_song,song,The Monks,I Hate You,1966,us,apple_song_search_no_auto_match,10,85,,false
graph_song:song|monks|monk time:apple_song_search_no_auto_match,apple_music_link_pass_v1,song|monks|monk time,graph_song,song,The Monks,Monk Time,1966,us,apple_song_search_no_auto_match,10,85,,false
graph_song:song|monolake|hongkong:apple_song_search_no_auto_match,apple_music_link_pass_v1,song|monolake|hongkong,graph_song,song,Monolake,Hongkong,1997,us,apple_song_search_no_auto_match,6,50,,false
graph_song:song|moody blues|tuesday afternoon:apple_song_search_no_auto_match,apple_music_link_pass_v1,song|moody blues|tuesday afternoon,graph_song,song,The Moody Blues,Tuesday Afternoon,1967,us,apple_song_search_no_auto_match,10,85,,false
graph_song:song|moodymann|shades of jae:apple_song_search_no_auto_match,apple_music_link_pass_v1,song|moodymann|shades of jae,graph_song,song,Moodymann,Shades of Jae,1996,us,apple_song_search_no_auto_match,6,85,,false
graph_song:song|moonglows|ten commandments of love:apple_song_search_no_auto_match,apple_music_link_pass_v1,song|moonglows|ten commandments of love,graph_song,song,The Moonglows,Ten Commandments of Love,1958,us,apple_song_search_no_auto_match,9,85,,false
graph_song:song|mormon tabernacle choir|hallelujah chorus:apple_song_search_needs_review_version_risk,apple_music_link_pass_v1,song|mormon tabernacle choir|hallelujah chorus,graph_song,song,Mormon Tabernacle Choir,Hallelujah Chorus,1959,us,apple_song_search_needs_review_version_risk,10,38,,false
graph_song:song|mosaic msc|tremble:apple_song_search_no_auto_match,apple_music_link_pass_v1,song|mosaic msc|tremble,graph_song,song,Mosaic MSC,Tremble,2017,us,apple_song_search_no_auto_match,3,85,,false
graph_song:song|mouse and the traps|a public execution:apple_song_search_no_auto_match,apple_music_link_pass_v1,song|mouse and the traps|a public execution,graph_song,song,Mouse and the Traps,A Public Execution,1966,us,apple_song_search_no_auto_match,4,0,,false
graph_song:song|mousse t vs hot n juicy|horny:apple_song_search_no_auto_match,apple_music_link_pass_v1,song|mousse t vs hot n juicy|horny,graph_song,song,Mousse T. vs Hot n Juicy,Horny,1998,us,apple_song_search_no_auto_match,10,88,,false
graph_song:song|move|blackberry way:apple_song_search_no_auto_match,apple_music_link_pass_v1,song|move|blackberry way,graph_song,song,The Move,Blackberry Way,1968,us,apple_song_search_no_auto_match,8,73,,false
graph_song:song|move|curly:apple_song_search_no_auto_match,apple_music_link_pass_v1,song|move|curly,graph_song,song,The Move,Curly,1969,us,apple_song_search_no_auto_match,10,0,,false
graph_song:song|move|fire brigade:apple_song_search_no_auto_match,apple_music_link_pass_v1,song|move|fire brigade,graph_song,song,The Move,Fire Brigade,1968,us,apple_song_search_no_auto_match,10,73,,false
graph_song:song|move|flowers in the rain:apple_song_search_no_auto_match,apple_music_link_pass_v1,song|move|flowers in the rain,graph_song,song,The Move,Flowers in the Rain,1967,us,apple_song_search_no_auto_match,10,73,,false
graph_song:song|move|i can hear the grass grow:apple_song_search_no_auto_match,apple_music_link_pass_v1,song|move|i can hear the grass grow,graph_song,song,The Move,I Can Hear the Grass Grow,1967,us,apple_song_search_no_auto_match,10,73,,false
graph_song:song|moving sidewalks|99th floor:apple_song_search_no_auto_match,apple_music_link_pass_v1,song|moving sidewalks|99th floor,graph_song,song,The Moving Sidewalks,99th Floor,1967,us,apple_song_search_no_auto_match,2,85,,false
graph_song:song|mr eazi featuring efya|skin tight:apple_song_search_no_auto_match,apple_music_link_pass_v1,song|mr eazi featuring efya|skin tight,graph_song,song,Mr Eazi featuring Efya,Skin Tight,2015,us,apple_song_search_no_auto_match,10,88,,false
graph_song:song|mr eazi|skin tight:apple_song_search_no_auto_match,apple_music_link_pass_v1,song|mr eazi|skin tight,graph_song,song,Mr Eazi,Skin Tight,2015,us,apple_song_search_no_auto_match,10,88,,false
graph_song:song|mstrkrft featuring john legend|heartbreaker:apple_song_search_needs_review_version_risk,apple_music_link_pass_v1,song|mstrkrft featuring john legend|heartbreaker,graph_song,song,MSTRKRFT featuring John Legend,Heartbreaker,2009,us,apple_song_search_needs_review_version_risk,10,88,,false
graph_song:song|muppets|muppet show theme:apple_song_search_needs_review_version_risk,apple_music_link_pass_v1,song|muppets|muppet show theme,graph_song,song,The Muppets,The Muppet Show Theme,1976,us,apple_song_search_needs_review_version_risk,10,73,,false
graph_song:song|murmaids|popsicles and icicles:apple_song_search_no_auto_match,apple_music_link_pass_v1,song|murmaids|popsicles and icicles,graph_song,song,The Murmaids,Popsicles and Icicles,1963,us,apple_song_search_no_auto_match,10,88,,false
graph_song:song|music explosion|little bit o soul:apple_song_search_needs_review_version_risk,apple_music_link_pass_v1,song|music explosion|little bit o soul,graph_song,song,The Music Explosion,Little Bit O' Soul,1967,us,apple_song_search_needs_review_version_risk,10,85,,false
graph_song:song|my bloody valentine|i only said:apple_song_search_no_auto_match,apple_music_link_pass_v1,song|my bloody valentine|i only said,graph_song,song,My Bloody Valentine,I Only Said,1991,us,apple_song_search_no_auto_match,10,0,,false
graph_song:song|my bloody valentine|loomer:apple_song_search_no_auto_match,apple_music_link_pass_v1,song|my bloody valentine|loomer,graph_song,song,My Bloody Valentine,Loomer,1991,us,apple_song_search_no_auto_match,10,0,,false
graph_song:song|my bloody valentine|only shallow:apple_song_search_no_auto_match,apple_music_link_pass_v1,song|my bloody valentine|only shallow,graph_song,song,My Bloody Valentine,Only Shallow,1991,us,apple_song_search_no_auto_match,10,85,,false
graph_song:song|my bloody valentine|sometimes:apple_song_search_no_auto_match,apple_music_link_pass_v1,song|my bloody valentine|sometimes,graph_song,song,My Bloody Valentine,Sometimes,1991,us,apple_song_search_no_auto_match,10,85,,false
graph_song:song|my bloody valentine|to here knows when:apple_song_search_no_auto_match,apple_music_link_pass_v1,song|my bloody valentine|to here knows when,graph_song,song,My Bloody Valentine,To Here Knows When,1991,us,apple_song_search_no_auto_match,10,0,,false
graph_song:song|my bloody valentine|when you sleep:apple_song_search_no_auto_match,apple_music_link_pass_v1,song|my bloody valentine|when you sleep,graph_song,song,My Bloody Valentine,When You Sleep,1991,us,apple_song_search_no_auto_match,10,38,,false
graph_song:song|n o r e featuring nina sky daddy yankee gem star and big mato|oye mi canto:apple_song_search_no_auto_match,apple_music_link_pass_v1,song|n o r e featuring nina sky daddy yankee gem star and big mato|oye mi canto,graph_song,song,"N.O.R.E. featuring Nina Sky, Daddy Yankee, Gem Star and Big Mato",Oye Mi Canto,2004,us,apple_song_search_no_auto_match,10,88,,false
graph_song:song|n w a|fuck tha police:apple_song_search_needs_review_version_risk,apple_music_link_pass_v1,song|n w a|fuck tha police,graph_song,song,N.W.A,Fuck tha Police,1988,us,apple_song_search_needs_review_version_risk,10,50,,false
graph_song:song|nas feat puff daddy|hate me now:apple_song_search_needs_review_version_risk,apple_music_link_pass_v1,song|nas feat puff daddy|hate me now,graph_song,song,Nas feat. Puff Daddy,Hate Me Now,1999,us,apple_song_search_needs_review_version_risk,10,88,,false
graph_song:song|nas|one love:apple_song_search_no_auto_match,apple_music_link_pass_v1,song|nas|one love,graph_song,song,Nas,One Love,1994,us,apple_song_search_no_auto_match,10,88,,false
graph_song:song|nat king cole|christmas song:apple_song_search_no_auto_match,apple_music_link_pass_v1,song|nat king cole|christmas song,graph_song,song,Nat King Cole,The Christmas Song,1961,us,apple_song_search_no_auto_match,10,73,,false
graph_song:song|negative approach|can t tell no one:apple_song_search_no_auto_match,apple_music_link_pass_v1,song|negative approach|can t tell no one,graph_song,song,Negative Approach,Can't Tell No One,1982,us,apple_song_search_no_auto_match,10,85,,false
graph_song:song|negative approach|ready to fight:apple_song_search_no_auto_match,apple_music_link_pass_v1,song|negative approach|ready to fight,graph_song,song,Negative Approach,Ready to Fight,1983,us,apple_song_search_no_auto_match,10,85,,false
graph_song:song|nelly feat paul wall ali and gipp|grillz:apple_song_search_needs_review_version_risk,apple_music_link_pass_v1,song|nelly feat paul wall ali and gipp|grillz,graph_song,song,"Nelly feat. Paul Wall, Ali, and Gipp",Grillz,2005,us,apple_song_search_needs_review_version_risk,10,80,,false
graph_song:song|nelly furtado featuring timbaland|promiscuous:apple_song_search_needs_review_version_risk,apple_music_link_pass_v1,song|nelly furtado featuring timbaland|promiscuous,graph_song,song,Nelly Furtado featuring Timbaland,Promiscuous,2006,us,apple_song_search_needs_review_version_risk,10,88,,false
graph_song:song|nerves|hanging on the telephone:apple_song_search_needs_review_version_risk,apple_music_link_pass_v1,song|nerves|hanging on the telephone,graph_song,song,The Nerves,Hanging on the Telephone,1976,us,apple_song_search_needs_review_version_risk,10,57,,false
graph_song:song|new found glory|all downhill from here:apple_song_search_no_auto_match,apple_music_link_pass_v1,song|new found glory|all downhill from here,graph_song,song,New Found Glory,All Downhill from Here,2004,us,apple_song_search_no_auto_match,10,85,,false
graph_song:song|nicki minaj|moment 4 life:apple_song_search_no_auto_match,apple_music_link_pass_v1,song|nicki minaj|moment 4 life,graph_song,song,Nicki Minaj,Moment 4 Life,2010,us,apple_song_search_no_auto_match,10,88,,false
graph_song:song|nightcrawlers|little black egg:apple_song_search_no_auto_match,apple_music_link_pass_v1,song|nightcrawlers|little black egg,graph_song,song,The Nightcrawlers,The Little Black Egg,1965,us,apple_song_search_no_auto_match,2,85,,false
graph_song:song|nightcrawlers|push the feeling on:apple_song_search_needs_review_version_risk,apple_music_link_pass_v1,song|nightcrawlers|push the feeling on,graph_song,song,Nightcrawlers,Push the Feeling On,1992,us,apple_song_search_needs_review_version_risk,10,80,,false
graph_song:song|nightmares on wax|nights interlude:apple_song_search_no_auto_match,apple_music_link_pass_v1,song|nightmares on wax|nights interlude,graph_song,song,Nightmares on Wax,Nights Interlude,1995,us,apple_song_search_no_auto_match,7,85,,false
graph_song:song|nio garcia casper magico and bad bunny|te bote remix:apple_song_search_no_auto_match,apple_music_link_pass_v1,song|nio garcia casper magico and bad bunny|te bote remix,graph_song,song,"Nio Garcia, Casper Magico and Bad Bunny",Te Bote (Remix),2018,us,apple_song_search_no_auto_match,10,47,,false
graph_song:song|notorious b i g|mo money mo problems:apple_song_search_needs_review_version_risk,apple_music_link_pass_v1,song|notorious b i g|mo money mo problems,graph_song,song,The Notorious B.I.G.,Mo Money Mo Problems,1997,us,apple_song_search_needs_review_version_risk,10,88,,false
graph_song:song|nsync|tearin up my heart:apple_song_search_no_auto_match,apple_music_link_pass_v1,song|nsync|tearin up my heart,graph_song,song,NSYNC,Tearin' Up My Heart,1997,us,apple_song_search_no_auto_match,10,88,,false
graph_song:song|nujabes feat cise starr and akin|feather:apple_song_search_needs_review_version_risk,apple_music_link_pass_v1,song|nujabes feat cise starr and akin|feather,graph_song,song,Nujabes feat. Cise Starr and Akin,Feather,2005,us,apple_song_search_needs_review_version_risk,3,88,,false
graph_song:song|nujabes featuring cise starr and akin|feather:apple_song_search_no_auto_match,apple_music_link_pass_v1,song|nujabes featuring cise starr and akin|feather,graph_song,song,Nujabes featuring Cise Starr and Akin,Feather,2005,us,apple_song_search_no_auto_match,3,85,,false
graph_song:song|nymano|solitude:apple_song_search_no_results,apple_music_link_pass_v1,song|nymano|solitude,graph_song,song,Nymano,Solitude,2017,us,apple_song_search_no_results,0,,,false
graph_song:song|octave one featuring ann saunderson|blackwater:apple_song_search_no_auto_match,apple_music_link_pass_v1,song|octave one featuring ann saunderson|blackwater,graph_song,song,Octave One featuring Ann Saunderson,Blackwater,2000,us,apple_song_search_no_auto_match,10,88,,false
graph_song:song|octave one|black water:apple_song_search_needs_review_version_risk,apple_music_link_pass_v1,song|octave one|black water,graph_song,song,Octave One,Black Water,2000,us,apple_song_search_needs_review_version_risk,10,85,,false
graph_song:song|odesza featuring zyra|say my name:apple_song_search_needs_review_version_risk,apple_music_link_pass_v1,song|odesza featuring zyra|say my name,graph_song,song,ODESZA featuring Zyra,Say My Name,2014,us,apple_song_search_needs_review_version_risk,10,88,,false
graph_song:song|odetta|sometimes i feel like a motherless child:apple_song_search_needs_review_version_risk,apple_music_link_pass_v1,song|odetta|sometimes i feel like a motherless child,graph_song,song,Odetta,Sometimes I Feel Like a Motherless Child,1956,us,apple_song_search_needs_review_version_risk,6,73,,false
graph_song:song|odetta|water boy:apple_song_search_no_auto_match,apple_music_link_pass_v1,song|odetta|water boy,graph_song,song,Odetta,Water Boy,1956,us,apple_song_search_no_auto_match,10,73,,false
graph_song:song|offspring|come out and play:apple_song_search_no_auto_match,apple_music_link_pass_v1,song|offspring|come out and play,graph_song,song,The Offspring,Come Out and Play,1994,us,apple_song_search_no_auto_match,10,88,,false
graph_song:song|old 97 s|too far to care:apple_song_search_needs_review_version_risk,apple_music_link_pass_v1,song|old 97 s|too far to care,graph_song,song,Old 97's,Too Far to Care,1997,us,apple_song_search_needs_review_version_risk,10,50,,false
graph_song:song|open mike eagle|dark comedy morning show:apple_song_search_no_auto_match,apple_music_link_pass_v1,song|open mike eagle|dark comedy morning show,graph_song,song,Open Mike Eagle,Dark Comedy Morning Show,2014,us,apple_song_search_no_auto_match,10,88,,false
graph_song:song|operation ivy|knowledge:apple_song_search_no_auto_match,apple_music_link_pass_v1,song|operation ivy|knowledge,graph_song,song,Operation Ivy,Knowledge,1989,us,apple_song_search_no_auto_match,10,50,,false
graph_song:song|orbital|halcyon on and on:apple_song_search_no_auto_match,apple_music_link_pass_v1,song|orbital|halcyon on and on,graph_song,song,Orbital,Halcyon On and On,1992,us,apple_song_search_no_auto_match,10,47,,false
graph_song:song|orchestral manoeuvres in the dark|if you leave:apple_song_search_needs_review_version_risk,apple_music_link_pass_v1,song|orchestral manoeuvres in the dark|if you leave,graph_song,song,Orchestral Manoeuvres in the Dark,If You Leave,1986,us,apple_song_search_needs_review_version_risk,10,92,,false
graph_song:song|original broadway cast of fiddler on the roof|matchmaker:apple_song_search_needs_review_version_risk,apple_music_link_pass_v1,song|original broadway cast of fiddler on the roof|matchmaker,graph_song,song,Original Broadway Cast of Fiddler on the Roof,Matchmaker,1964,us,apple_song_search_needs_review_version_risk,10,0,,false
graph_song:song|original broadway cast of hairspray|you can t stop the beat:apple_song_search_needs_review_version_risk,apple_music_link_pass_v1,song|original broadway cast of hairspray|you can t stop the beat,graph_song,song,Original Broadway Cast of Hairspray,You Can't Stop the Beat,2002,us,apple_song_search_needs_review_version_risk,10,50,,false
graph_song:song|original london cast of les miserables|one day more:apple_song_search_no_auto_match,apple_music_link_pass_v1,song|original london cast of les miserables|one day more,graph_song,song,Original London Cast of Les Miserables,One Day More,1985,us,apple_song_search_no_auto_match,10,65,,false
graph_song:song|other half|mr pharmacist:apple_song_search_no_auto_match,apple_music_link_pass_v1,song|other half|mr pharmacist,graph_song,song,The Other Half,Mr. Pharmacist,1966,us,apple_song_search_no_auto_match,2,80,,false
graph_song:song|outkast feat sleepy brown|way you move:apple_song_search_no_auto_match,apple_music_link_pass_v1,song|outkast feat sleepy brown|way you move,graph_song,song,OutKast feat. Sleepy Brown,The Way You Move,2003,us,apple_song_search_no_auto_match,10,88,,false
graph_song:song|outkast|b o b:apple_song_search_needs_review_version_risk,apple_music_link_pass_v1,song|outkast|b o b,graph_song,song,OutKast,B.O.B.,2000,us,apple_song_search_needs_review_version_risk,10,88,,false
graph_song:song|outsiders|time won t let me:apple_song_search_no_auto_match,apple_music_link_pass_v1,song|outsiders|time won t let me,graph_song,song,The Outsiders,Time Won't Let Me,1966,us,apple_song_search_no_auto_match,10,85,,false
graph_song:song|ozuna featuring cardi b|la modelo:apple_song_search_no_auto_match,apple_music_link_pass_v1,song|ozuna featuring cardi b|la modelo,graph_song,song,Ozuna featuring Cardi B,La Modelo,2017,us,apple_song_search_no_auto_match,10,88,,false
graph_song:song|palace brothers|ohio river boat song:apple_song_search_no_results,apple_music_link_pass_v1,song|palace brothers|ohio river boat song,graph_song,song,Palace Brothers,Ohio River Boat Song,1993,us,apple_song_search_no_results,0,,,false
graph_song:song|paper kites|bloom:apple_song_search_no_auto_match,apple_music_link_pass_v1,song|paper kites|bloom,graph_song,song,The Paper Kites,Bloom,2010,us,apple_song_search_no_auto_match,10,88,,false
graph_song:song|parade|sunshine girl:apple_song_search_no_auto_match,apple_music_link_pass_v1,song|parade|sunshine girl,graph_song,song,The Parade,Sunshine Girl,1967,us,apple_song_search_no_auto_match,10,73,,false
graph_song:song|parliament|give up the funk:apple_song_search_no_auto_match,apple_music_link_pass_v1,song|parliament|give up the funk,graph_song,song,Parliament,Give Up the Funk,1976,us,apple_song_search_no_auto_match,10,73,,false
graph_song:song|paul mccartney|wonderful christmastime:apple_song_search_no_auto_match,apple_music_link_pass_v1,song|paul mccartney|wonderful christmastime,graph_song,song,Paul McCartney,Wonderful Christmastime,1979,us,apple_song_search_no_auto_match,10,85,,false
graph_song:song|paul wall feat big pokey|sittin sidewayz:apple_song_search_no_auto_match,apple_music_link_pass_v1,song|paul wall feat big pokey|sittin sidewayz,graph_song,song,Paul Wall feat. Big Pokey,Sittin' Sidewayz,2005,us,apple_song_search_no_auto_match,10,53,,false
graph_song:song|pavement|harness your hopes:apple_song_search_no_auto_match,apple_music_link_pass_v1,song|pavement|harness your hopes,graph_song,song,Pavement,Harness Your Hopes,1999,us,apple_song_search_no_auto_match,10,80,,false
graph_song:song|pavement|trigger cut:apple_song_search_no_auto_match,apple_music_link_pass_v1,song|pavement|trigger cut,graph_song,song,Pavement,Trigger Cut,1992,us,apple_song_search_no_auto_match,4,85,,false
graph_song:song|paw patrol|paw patrol opening theme:apple_song_search_needs_review_version_risk,apple_music_link_pass_v1,song|paw patrol|paw patrol opening theme,graph_song,song,PAW Patrol,PAW Patrol Opening Theme,2013,us,apple_song_search_needs_review_version_risk,10,85,,false
graph_song:song|peabo bryson and regina belle|a whole new world:apple_song_search_no_auto_match,apple_music_link_pass_v1,song|peabo bryson and regina belle|a whole new world,graph_song,song,Peabo Bryson and Regina Belle,A Whole New World,1992,us,apple_song_search_no_auto_match,10,88,,false
graph_song:song|peabo bryson and roberta flack|tonight i celebrate my love:apple_song_search_no_auto_match,apple_music_link_pass_v1,song|peabo bryson and roberta flack|tonight i celebrate my love,graph_song,song,Peabo Bryson & Roberta Flack,"Tonight, I Celebrate My Love",1983,us,apple_song_search_no_auto_match,10,88,,false
graph_song:song|peaches|fuck the pain away:apple_song_search_needs_review_version_risk,apple_music_link_pass_v1,song|peaches|fuck the pain away,graph_song,song,Peaches,Fuck the Pain Away,2000,us,apple_song_search_needs_review_version_risk,10,50,,false
graph_song:song|pearl jam|daughter:apple_song_search_no_auto_match,apple_music_link_pass_v1,song|pearl jam|daughter,graph_song,song,Pearl Jam,Daughter,1993,us,apple_song_search_no_auto_match,10,88,,false
graph_song:song|pearl jam|elderly woman behind the counter in a small town:apple_song_search_no_auto_match,apple_music_link_pass_v1,song|pearl jam|elderly woman behind the counter in a small town,graph_song,song,Pearl Jam,Elderly Woman Behind the Counter in a Small Town,1993,us,apple_song_search_no_auto_match,10,88,,false
graph_song:song|pedro infante|cien anos:apple_song_search_needs_review_version_risk,apple_music_link_pass_v1,song|pedro infante|cien anos,graph_song,song,Pedro Infante,Cien Anos,1953,us,apple_song_search_needs_review_version_risk,10,85,,false
graph_song:song|pennywise|bro hymn:apple_song_search_no_auto_match,apple_music_link_pass_v1,song|pennywise|bro hymn,graph_song,song,Pennywise,Bro Hymn,1991,us,apple_song_search_no_auto_match,10,88,,false
graph_song:song|pentagram|forever my queen:apple_song_search_no_auto_match,apple_music_link_pass_v1,song|pentagram|forever my queen,graph_song,song,Pentagram,Forever My Queen,1973,us,apple_song_search_no_auto_match,5,85,,false
graph_song:song|peppa pig|peppa pig theme:apple_song_search_needs_review_version_risk,apple_music_link_pass_v1,song|peppa pig|peppa pig theme,graph_song,song,Peppa Pig,Peppa Pig Theme,2004,us,apple_song_search_needs_review_version_risk,10,35,,false
graph_song:song|pere ubu|final solution:apple_song_search_needs_review_version_risk,apple_music_link_pass_v1,song|pere ubu|final solution,graph_song,song,Pere Ubu,Final Solution,1976,us,apple_song_search_needs_review_version_risk,7,92,,false
graph_song:song|perry como and the fontane sisters|it s beginning to look a lot like christmas:apple_song_search_needs_review_version_risk,apple_music_link_pass_v1,song|perry como and the fontane sisters|it s beginning to look a lot like christmas,graph_song,song,Perry Como and The Fontane Sisters,It's Beginning to Look a Lot Like Christmas,1951,us,apple_song_search_needs_review_version_risk,10,73,,false
graph_song:song|peso pluma and junior h|lady gaga:apple_song_search_no_auto_match,apple_music_link_pass_v1,song|peso pluma and junior h|lady gaga,graph_song,song,Peso Pluma and Junior H,Lady Gaga,2023,us,apple_song_search_no_auto_match,10,65,,false
graph_song:song|pet shop boys|opportunities:apple_song_search_no_auto_match,apple_music_link_pass_v1,song|pet shop boys|opportunities,graph_song,song,Pet Shop Boys,Opportunities,1985,us,apple_song_search_no_auto_match,10,85,,false
graph_song:song|pete seeger|bells of rhymney:apple_song_search_no_auto_match,apple_music_link_pass_v1,song|pete seeger|bells of rhymney,graph_song,song,Pete Seeger,The Bells of Rhymney,1958,us,apple_song_search_no_auto_match,10,85,,false
graph_song:song|pete seeger|guantanamera:apple_song_search_needs_review_version_risk,apple_music_link_pass_v1,song|pete seeger|guantanamera,graph_song,song,Pete Seeger,Guantanamera,1963,us,apple_song_search_needs_review_version_risk,10,85,,false
graph_song:song|pete seeger|talking union:apple_song_search_no_auto_match,apple_music_link_pass_v1,song|pete seeger|talking union,graph_song,song,Pete Seeger,Talking Union,1941,us,apple_song_search_no_auto_match,10,85,,false
graph_song:song|pete seeger|where have all the flowers gone:apple_song_search_needs_review_version_risk,apple_music_link_pass_v1,song|pete seeger|where have all the flowers gone,graph_song,song,Pete Seeger,Where Have All the Flowers Gone,1955,us,apple_song_search_needs_review_version_risk,10,85,,false
graph_song:song|pezband|baby it s cold outside:apple_song_search_no_auto_match,apple_music_link_pass_v1,song|pezband|baby it s cold outside,graph_song,song,Pezband,Baby It's Cold Outside,1977,us,apple_song_search_no_auto_match,10,38,,false
graph_song:song|pharrell williams|happy:apple_song_search_needs_review_version_risk,apple_music_link_pass_v1,song|pharrell williams|happy,graph_song,song,Pharrell Williams,Happy,2013,us,apple_song_search_needs_review_version_risk,10,88,,false
graph_song:song|philanthrope|departure:apple_song_search_no_results,apple_music_link_pass_v1,song|philanthrope|departure,graph_song,song,Philanthrope,Departure,2018,us,apple_song_search_no_results,0,,,false
graph_song:song|pink featuring nate ruess|just give me a reason:apple_song_search_needs_review_version_risk,apple_music_link_pass_v1,song|pink featuring nate ruess|just give me a reason,graph_song,song,Pink featuring Nate Ruess,Just Give Me a Reason,2012,us,apple_song_search_needs_review_version_risk,10,53,,false
graph_song:song|pink floyd|another brick in the wall part 2:apple_song_search_no_auto_match,apple_music_link_pass_v1,song|pink floyd|another brick in the wall part 2,graph_song,song,Pink Floyd,"Another Brick in the Wall, Part 2",1979,us,apple_song_search_no_auto_match,10,50,,false
graph_song:song|pink floyd|shine on you crazy diamond parts i v:apple_song_search_no_auto_match,apple_music_link_pass_v1,song|pink floyd|shine on you crazy diamond parts i v,graph_song,song,Pink Floyd,Shine On You Crazy Diamond (Parts I-V),1975,us,apple_song_search_no_auto_match,8,50,,false
graph_song:song|pink|try:apple_song_search_no_auto_match,apple_music_link_pass_v1,song|pink|try,graph_song,song,Pink,Try,2012,us,apple_song_search_no_auto_match,10,65,,false
graph_song:song|pitbull feat kesha|timber:apple_song_search_needs_review_version_risk,apple_music_link_pass_v1,song|pitbull feat kesha|timber,graph_song,song,Pitbull feat. Kesha,Timber,2013,us,apple_song_search_needs_review_version_risk,10,73,,false
graph_song:song|pitbull featuring kesha|timber:apple_song_search_needs_review_version_risk,apple_music_link_pass_v1,song|pitbull featuring kesha|timber,graph_song,song,Pitbull featuring Kesha,Timber,2013,us,apple_song_search_needs_review_version_risk,10,62,,false
graph_song:song|pitbull featuring ne yo afrojack and nayer|give me everything:apple_song_search_needs_review_version_risk,apple_music_link_pass_v1,song|pitbull featuring ne yo afrojack and nayer|give me everything,graph_song,song,"Pitbull featuring Ne-Yo, Afrojack & Nayer",Give Me Everything,2011,us,apple_song_search_needs_review_version_risk,10,88,,false
graph_song:song|police|dont stand so close to me:apple_song_search_no_auto_match,apple_music_link_pass_v1,song|police|dont stand so close to me,graph_song,song,The Police,Dont Stand So Close to Me,1980,us,apple_song_search_no_auto_match,10,50,,false
graph_song:song|pop|down on the boulevard:apple_song_search_no_auto_match,apple_music_link_pass_v1,song|pop|down on the boulevard,graph_song,song,The Pop,Down on the Boulevard,1979,us,apple_song_search_no_auto_match,10,0,,false
graph_song:song|post malone and swae lee|sunflower:apple_song_search_needs_review_version_risk,apple_music_link_pass_v1,song|post malone and swae lee|sunflower,graph_song,song,Post Malone and Swae Lee,Sunflower,2018,us,apple_song_search_needs_review_version_risk,10,88,,false
graph_song:song|post malone feat 21 savage|rockstar:apple_song_search_needs_review_version_risk,apple_music_link_pass_v1,song|post malone feat 21 savage|rockstar,graph_song,song,Post Malone feat. 21 Savage,rockstar,2017,us,apple_song_search_needs_review_version_risk,10,88,,false
graph_song:song|pozo seco singers|time:apple_song_search_no_auto_match,apple_music_link_pass_v1,song|pozo seco singers|time,graph_song,song,The Pozo-Seco Singers,Time,1966,us,apple_song_search_no_auto_match,10,85,,false
graph_song:song|pretty reckless|only love can save me now:apple_song_search_no_auto_match,apple_music_link_pass_v1,song|pretty reckless|only love can save me now,graph_song,song,The Pretty Reckless,Only Love Can Save Me Now,2021,us,apple_song_search_no_auto_match,10,85,,false
graph_song:song|procol harum|conquistador:apple_song_search_no_auto_match,apple_music_link_pass_v1,song|procol harum|conquistador,graph_song,song,Procol Harum,Conquistador,1967,us,apple_song_search_no_auto_match,10,73,,false
graph_song:song|procol harum|homburg:apple_song_search_no_auto_match,apple_music_link_pass_v1,song|procol harum|homburg,graph_song,song,Procol Harum,Homburg,1967,us,apple_song_search_no_auto_match,5,88,,false
graph_song:song|project pat|don t save her:apple_song_search_needs_review_version_risk,apple_music_link_pass_v1,song|project pat|don t save her,graph_song,song,Project Pat,Don't Save Her,2001,us,apple_song_search_needs_review_version_risk,10,88,,false
graph_song:song|public enemy|he got game:apple_song_search_needs_review_version_risk,apple_music_link_pass_v1,song|public enemy|he got game,graph_song,song,Public Enemy,He Got Game,1998,us,apple_song_search_needs_review_version_risk,10,88,,false
graph_song:song|public image ltd|death disco:apple_song_search_no_auto_match,apple_music_link_pass_v1,song|public image ltd|death disco,graph_song,song,Public Image Ltd,Death Disco,1979,us,apple_song_search_no_auto_match,3,85,,false
graph_song:song|puff daddy and faith evans feat 112|i ll be missing you:apple_song_search_needs_review_version_risk,apple_music_link_pass_v1,song|puff daddy and faith evans feat 112|i ll be missing you,graph_song,song,Puff Daddy and Faith Evans feat. 112,I'll Be Missing You,1997,us,apple_song_search_needs_review_version_risk,10,88,,false
graph_song:song|puff daddy feat mase|can t nobody hold me down:apple_song_search_needs_review_version_risk,apple_music_link_pass_v1,song|puff daddy feat mase|can t nobody hold me down,graph_song,song,Puff Daddy feat. Mase,Can't Nobody Hold Me Down,1997,us,apple_song_search_needs_review_version_risk,10,88,,false
graph_song:song|pussycat dolls featuring busta rhymes|don t cha:apple_song_search_needs_review_version_risk,apple_music_link_pass_v1,song|pussycat dolls featuring busta rhymes|don t cha,graph_song,song,The Pussycat Dolls featuring Busta Rhymes,Don't Cha,2005,us,apple_song_search_needs_review_version_risk,10,88,,false
graph_song:song|queen latifah feat monie love|ladies first:apple_song_search_no_auto_match,apple_music_link_pass_v1,song|queen latifah feat monie love|ladies first,graph_song,song,Queen Latifah feat. Monie Love,Ladies First,1989,us,apple_song_search_no_auto_match,10,88,,false
graph_song:song|r e m|its the end of the world as we know it:apple_song_search_no_auto_match,apple_music_link_pass_v1,song|r e m|its the end of the world as we know it,graph_song,song,R.E.M.,Its the End of the World as We Know It,1987,us,apple_song_search_no_auto_match,10,50,,false
graph_song:song|r e m|orange crush:apple_song_search_no_auto_match,apple_music_link_pass_v1,song|r e m|orange crush,graph_song,song,R.E.M.,Orange Crush,1988,us,apple_song_search_no_auto_match,10,88,,false
graph_song:song|rae sremmurd feat gucci mane|black beatles:apple_song_search_needs_review_version_risk,apple_music_link_pass_v1,song|rae sremmurd feat gucci mane|black beatles,graph_song,song,Rae Sremmurd feat. Gucci Mane,Black Beatles,2016,us,apple_song_search_needs_review_version_risk,10,88,,false
graph_song:song|raekwon feat ghostface killah method man and cappadonna|ice cream:apple_song_search_needs_review_version_risk,apple_music_link_pass_v1,song|raekwon feat ghostface killah method man and cappadonna|ice cream,graph_song,song,"Raekwon feat. Ghostface Killah, Method Man, and Cappadonna",Ice Cream,1995,us,apple_song_search_needs_review_version_risk,10,88,,false
graph_song:song|raffi|apples and bananas:apple_song_search_no_auto_match,apple_music_link_pass_v1,song|raffi|apples and bananas,graph_song,song,Raffi,Apples and Bananas,1980,us,apple_song_search_no_auto_match,10,85,,false
graph_song:song|raffi|mr sun:apple_song_search_no_auto_match,apple_music_link_pass_v1,song|raffi|mr sun,graph_song,song,Raffi,Mr. Sun,1980,us,apple_song_search_no_auto_match,10,85,,false
graph_song:song|ramin djawadi|game of thrones main title:apple_song_search_needs_review_version_risk,apple_music_link_pass_v1,song|ramin djawadi|game of thrones main title,graph_song,song,Ramin Djawadi,Game of Thrones Main Title,2011,us,apple_song_search_needs_review_version_risk,10,88,,false
graph_song:song|ramon ayala y sus bravos del norte|tragos amargos:apple_song_search_no_auto_match,apple_music_link_pass_v1,song|ramon ayala y sus bravos del norte|tragos amargos,graph_song,song,Ramon Ayala y Sus Bravos del Norte,Tragos Amargos,1984,us,apple_song_search_no_auto_match,10,85,,false
graph_song:song|ramon ayala y sus bravos del norte|un rinconcito en el cielo:apple_song_search_no_auto_match,apple_music_link_pass_v1,song|ramon ayala y sus bravos del norte|un rinconcito en el cielo,graph_song,song,Ramon Ayala y Sus Bravos del Norte,Un Rinconcito en el Cielo,1974,us,apple_song_search_no_auto_match,10,35,,false
graph_song:song|randy newman|feels like home:apple_song_search_no_auto_match,apple_music_link_pass_v1,song|randy newman|feels like home,graph_song,song,Randy Newman,Feels Like Home,1995,us,apple_song_search_no_auto_match,10,85,,false
graph_song:song|randy newman|short people:apple_song_search_no_auto_match,apple_music_link_pass_v1,song|randy newman|short people,graph_song,song,Randy Newman,Short People,1977,us,apple_song_search_no_auto_match,10,85,,false
graph_song:song|raphael saadiq|ask of you:apple_song_search_no_auto_match,apple_music_link_pass_v1,song|raphael saadiq|ask of you,graph_song,song,Raphael Saadiq,Ask of You,1995,us,apple_song_search_no_auto_match,10,50,,false
graph_song:song|rapture|sister savior:apple_song_search_no_auto_match,apple_music_link_pass_v1,song|rapture|sister savior,graph_song,song,The Rapture,Sister Savior,2003,us,apple_song_search_no_auto_match,7,47,,false
graph_song:song|raspberries|overnight sensation hit record:apple_song_search_no_auto_match,apple_music_link_pass_v1,song|raspberries|overnight sensation hit record,graph_song,song,Raspberries,Overnight Sensation (Hit Record),1974,us,apple_song_search_no_auto_match,6,85,,false
graph_song:song|rationals|respect:apple_song_search_needs_review_version_risk,apple_music_link_pass_v1,song|rationals|respect,graph_song,song,The Rationals,Respect,1966,us,apple_song_search_needs_review_version_risk,5,85,,false
graph_song:song|ravi shankar|dhun:apple_song_search_no_auto_match,apple_music_link_pass_v1,song|ravi shankar|dhun,graph_song,song,Ravi Shankar,Dhun,1968,us,apple_song_search_no_auto_match,10,50,,false
graph_song:song|ravyn lenae feat steve lacy|skin tight:apple_song_search_no_auto_match,apple_music_link_pass_v1,song|ravyn lenae feat steve lacy|skin tight,graph_song,song,Ravyn Lenae feat. Steve Lacy,Skin Tight,2022,us,apple_song_search_no_auto_match,10,73,,false
graph_song:song|ray charles|hit the road jack:apple_song_search_no_auto_match,apple_music_link_pass_v1,song|ray charles|hit the road jack,graph_song,song,Ray Charles,Hit the Road Jack,1961,us,apple_song_search_no_auto_match,10,85,,false
graph_song:song|ray charles|unchain my heart:apple_song_search_no_auto_match,apple_music_link_pass_v1,song|ray charles|unchain my heart,graph_song,song,Ray Charles,Unchain My Heart,1961,us,apple_song_search_no_auto_match,10,85,,false
graph_song:song|ray charles|what d i say:apple_song_search_no_auto_match,apple_music_link_pass_v1,song|ray charles|what d i say,graph_song,song,Ray Charles,What'd I Say,1959,us,apple_song_search_no_auto_match,10,88,,false
graph_song:song|ray stevens|ahab the arab:apple_song_search_no_auto_match,apple_music_link_pass_v1,song|ray stevens|ahab the arab,graph_song,song,Ray Stevens,Ahab the Arab,1962,us,apple_song_search_no_auto_match,9,85,,false
graph_song:song|raye featuring 070 shake|escapism:apple_song_search_needs_review_version_risk,apple_music_link_pass_v1,song|raye featuring 070 shake|escapism,graph_song,song,Raye featuring 070 Shake,Escapism.,2022,us,apple_song_search_needs_review_version_risk,10,53,,false
graph_song:song|real roxanne with hitman howie tee|bang zoom let s go go:apple_song_search_needs_review_version_risk,apple_music_link_pass_v1,song|real roxanne with hitman howie tee|bang zoom let s go go,graph_song,song,The Real Roxanne with Hitman Howie Tee,Bang Zoom (Let's Go-Go),1986,us,apple_song_search_needs_review_version_risk,5,92,,false
graph_song:song|reckless kelly|seven nights in eire:apple_song_search_no_auto_match,apple_music_link_pass_v1,song|reckless kelly|seven nights in eire,graph_song,song,Reckless Kelly,Seven Nights in Eire,2000,us,apple_song_search_no_auto_match,7,85,,false
graph_song:song|records|starry eyes:apple_song_search_no_auto_match,apple_music_link_pass_v1,song|records|starry eyes,graph_song,song,The Records,Starry Eyes,1978,us,apple_song_search_no_auto_match,10,85,,false
graph_song:song|redman|da goodness:apple_song_search_no_auto_match,apple_music_link_pass_v1,song|redman|da goodness,graph_song,song,Redman,Da Goodness,1998,us,apple_song_search_no_auto_match,10,88,,false
graph_song:song|regis|speak to me:apple_song_search_needs_review_version_risk,apple_music_link_pass_v1,song|regis|speak to me,graph_song,song,Regis,Speak to Me,1996,us,apple_song_search_needs_review_version_risk,10,85,,false
graph_song:song|reparata and the delrons|whenever a teenager cries:apple_song_search_no_auto_match,apple_music_link_pass_v1,song|reparata and the delrons|whenever a teenager cries,graph_song,song,Reparata and the Delrons,Whenever a Teenager Cries,1965,us,apple_song_search_no_auto_match,3,85,,false
graph_song:song|replacements|cant hardly wait:apple_song_search_no_auto_match,apple_music_link_pass_v1,song|replacements|cant hardly wait,graph_song,song,The Replacements,Cant Hardly Wait,1987,us,apple_song_search_no_auto_match,10,50,,false
graph_song:song|rich gang feat young thug and rich homie quan|lifestyle:apple_song_search_no_auto_match,apple_music_link_pass_v1,song|rich gang feat young thug and rich homie quan|lifestyle,graph_song,song,Rich Gang feat. Young Thug and Rich Homie Quan,Lifestyle,2014,us,apple_song_search_no_auto_match,10,88,,false
graph_song:song|richard and mimi farina|children of darkness:apple_song_search_no_auto_match,apple_music_link_pass_v1,song|richard and mimi farina|children of darkness,graph_song,song,Richard and Mimi Farina,Children of Darkness,1966,us,apple_song_search_no_auto_match,10,62,,false
graph_song:song|richard and mimi farina|pack up your sorrows:apple_song_search_no_auto_match,apple_music_link_pass_v1,song|richard and mimi farina|pack up your sorrows,graph_song,song,Richard and Mimi Farina,Pack Up Your Sorrows,1965,us,apple_song_search_no_auto_match,10,65,,false
graph_song:song|richard hell and the voidoids|kid with the replaceable head:apple_song_search_no_auto_match,apple_music_link_pass_v1,song|richard hell and the voidoids|kid with the replaceable head,graph_song,song,Richard Hell & The Voidoids,The Kid with the Replaceable Head,1979,us,apple_song_search_no_auto_match,10,73,,false
graph_song:song|richard hell and the voidoids|time:apple_song_search_no_auto_match,apple_music_link_pass_v1,song|richard hell and the voidoids|time,graph_song,song,Richard Hell & The Voidoids,Time,1977,us,apple_song_search_no_auto_match,10,73,,false
graph_song:song|richard kiley|impossible dream:apple_song_search_needs_review_version_risk,apple_music_link_pass_v1,song|richard kiley|impossible dream,graph_song,song,Richard Kiley,The Impossible Dream,1965,us,apple_song_search_needs_review_version_risk,5,73,,false
graph_song:song|rick founds|lord i lift your name on high:apple_song_search_needs_review_version_risk,apple_music_link_pass_v1,song|rick founds|lord i lift your name on high,graph_song,song,Rick Founds,Lord I Lift Your Name on High,1989,us,apple_song_search_needs_review_version_risk,10,85,,false
graph_song:song|rick springfield|jessies girl:apple_song_search_no_auto_match,apple_music_link_pass_v1,song|rick springfield|jessies girl,graph_song,song,Rick Springfield,Jessies Girl,1981,us,apple_song_search_no_auto_match,10,50,,false
graph_song:song|ricky martin|she bangs:apple_song_search_needs_review_version_risk,apple_music_link_pass_v1,song|ricky martin|she bangs,graph_song,song,Ricky Martin,She Bangs,2000,us,apple_song_search_needs_review_version_risk,10,88,,false
graph_song:song|righteous brothers|you ve lost that lovin feelin:apple_song_search_no_auto_match,apple_music_link_pass_v1,song|righteous brothers|you ve lost that lovin feelin,graph_song,song,The Righteous Brothers,You've Lost That Lovin' Feelin',1964,us,apple_song_search_no_auto_match,10,73,,false
graph_song:song|rihanna|umbrella:apple_song_search_no_auto_match,apple_music_link_pass_v1,song|rihanna|umbrella,graph_song,song,Rihanna,Umbrella,2007,us,apple_song_search_no_auto_match,10,88,,false
graph_song:song|rihanna|we found love:apple_song_search_no_auto_match,apple_music_link_pass_v1,song|rihanna|we found love,graph_song,song,Rihanna,We Found Love,2011,us,apple_song_search_no_auto_match,10,88,,false
graph_song:song|rip chords|hey little cobra:apple_song_search_no_auto_match,apple_music_link_pass_v1,song|rip chords|hey little cobra,graph_song,song,The Rip Chords,Hey Little Cobra,1964,us,apple_song_search_no_auto_match,10,85,,false
graph_song:song|rising sons|take a giant step:apple_song_search_no_auto_match,apple_music_link_pass_v1,song|rising sons|take a giant step,graph_song,song,The Rising Sons,Take a Giant Step,1966,us,apple_song_search_no_auto_match,7,85,,false
graph_song:song|rita coolidge|we re all alone:apple_song_search_needs_review_version_risk,apple_music_link_pass_v1,song|rita coolidge|we re all alone,graph_song,song,Rita Coolidge,We're All Alone,1977,us,apple_song_search_needs_review_version_risk,10,85,,false
graph_song:song|robert glasper experiment feat erykah badu|afro blue:apple_song_search_needs_review_version_risk,apple_music_link_pass_v1,song|robert glasper experiment feat erykah badu|afro blue,graph_song,song,Robert Glasper Experiment feat. Erykah Badu,Afro Blue,2012,us,apple_song_search_needs_review_version_risk,10,88,,false
graph_song:song|robert glasper experiment feat musiq soulchild and chrisette michele|ah yeah:apple_song_search_no_auto_match,apple_music_link_pass_v1,song|robert glasper experiment feat musiq soulchild and chrisette michele|ah yeah,graph_song,song,Robert Glasper Experiment feat. Musiq Soulchild and Chrisette Michele,Ah Yeah,2012,us,apple_song_search_no_auto_match,8,85,,false
graph_song:song|roberta flack|first time ever i saw your face:apple_song_search_needs_review_version_risk,apple_music_link_pass_v1,song|roberta flack|first time ever i saw your face,graph_song,song,Roberta Flack,The First Time Ever I Saw Your Face,1972,us,apple_song_search_needs_review_version_risk,10,92,,false
graph_song:song|roots feat erykah badu|you got me:apple_song_search_no_auto_match,apple_music_link_pass_v1,song|roots feat erykah badu|you got me,graph_song,song,The Roots feat. Erykah Badu,You Got Me,1999,us,apple_song_search_no_auto_match,10,53,,false
graph_song:song|roots|next movement:apple_song_search_no_auto_match,apple_music_link_pass_v1,song|roots|next movement,graph_song,song,The Roots,The Next Movement,1999,us,apple_song_search_no_auto_match,10,88,,false
graph_song:song|rosalia and j balvin|con altura:apple_song_search_no_auto_match,apple_music_link_pass_v1,song|rosalia and j balvin|con altura,graph_song,song,Rosalia and J Balvin,Con Altura,2019,us,apple_song_search_no_auto_match,10,88,,false
graph_song:song|roxanne shante|roxanne s revenge:apple_song_search_needs_review_version_risk,apple_music_link_pass_v1,song|roxanne shante|roxanne s revenge,graph_song,song,Roxanne Shante,Roxanne's Revenge,1984,us,apple_song_search_needs_review_version_risk,10,88,,false
graph_song:song|roxette|it must have been love:apple_song_search_needs_review_version_risk,apple_music_link_pass_v1,song|roxette|it must have been love,graph_song,song,Roxette,It Must Have Been Love,1990,us,apple_song_search_needs_review_version_risk,10,92,,false
graph_song:song|ruben blades and willie colon|pedro navaja:apple_song_search_no_auto_match,apple_music_link_pass_v1,song|ruben blades and willie colon|pedro navaja,graph_song,song,Ruben Blades and Willie Colon,Pedro Navaja,1978,us,apple_song_search_no_auto_match,10,65,,false
graph_song:song|run dmc|sucker m c s:apple_song_search_no_auto_match,apple_music_link_pass_v1,song|run dmc|sucker m c s,graph_song,song,Run-DMC,Sucker M.C.'s,1983,us,apple_song_search_no_auto_match,10,88,,false
graph_song:song|run dmc|walk this way:apple_song_search_no_auto_match,apple_music_link_pass_v1,song|run dmc|walk this way,graph_song,song,Run-DMC,Walk This Way,1986,us,apple_song_search_no_auto_match,10,88,,false
graph_song:song|run the jewels feat zack de la rocha|close your eyes and count to fuck:apple_song_search_needs_review_version_risk,apple_music_link_pass_v1,song|run the jewels feat zack de la rocha|close your eyes and count to fuck,graph_song,song,Run the Jewels feat. Zack de la Rocha,Close Your Eyes (And Count to Fuck),2014,us,apple_song_search_needs_review_version_risk,10,50,,false
graph_song:song|ryuichi sakamoto|riot in lagos:apple_song_search_no_auto_match,apple_music_link_pass_v1,song|ryuichi sakamoto|riot in lagos,graph_song,song,Ryuichi Sakamoto,Riot in Lagos,1980,us,apple_song_search_no_auto_match,8,85,,false
graph_song:song|saib|in your arms:apple_song_search_no_auto_match,apple_music_link_pass_v1,song|saib|in your arms,graph_song,song,saib.,in your arms.,2015,us,apple_song_search_no_auto_match,10,50,,false
graph_song:song|salif keita|tomorrow:apple_song_search_no_auto_match,apple_music_link_pass_v1,song|salif keita|tomorrow,graph_song,song,Salif Keita,Tomorrow,1987,us,apple_song_search_no_auto_match,10,73,,false
graph_song:song|salt n pepa|expression:apple_song_search_no_auto_match,apple_music_link_pass_v1,song|salt n pepa|expression,graph_song,song,Salt-N-Pepa,Expression,1989,us,apple_song_search_no_auto_match,10,35,,false
graph_song:song|salt n pepa|push it:apple_song_search_needs_review_version_risk,apple_music_link_pass_v1,song|salt n pepa|push it,graph_song,song,Salt-N-Pepa,Push It,1987,us,apple_song_search_needs_review_version_risk,10,73,,false
graph_song:song|salt n pepa|shake your thang:apple_song_search_no_auto_match,apple_music_link_pass_v1,song|salt n pepa|shake your thang,graph_song,song,Salt-N-Pepa,Shake Your Thang,1988,us,apple_song_search_no_auto_match,10,88,,false
graph_song:song|sam cooke and the soul stirrers|jesus gave me water:apple_song_search_no_auto_match,apple_music_link_pass_v1,song|sam cooke and the soul stirrers|jesus gave me water,graph_song,song,Sam Cooke and The Soul Stirrers,Jesus Gave Me Water,1951,us,apple_song_search_no_auto_match,10,73,,false
graph_song:song|samwell|what what in the butt:apple_song_search_needs_review_version_risk,apple_music_link_pass_v1,song|samwell|what what in the butt,graph_song,song,Samwell,What What (In the Butt),2007,us,apple_song_search_needs_review_version_risk,10,38,,false
graph_song:song|sanford clark|fool:apple_song_search_no_auto_match,apple_music_link_pass_v1,song|sanford clark|fool,graph_song,song,Sanford Clark,The Fool,1956,us,apple_song_search_no_auto_match,10,73,,false
graph_song:song|santana featuring rob thomas|smooth:apple_song_search_needs_review_version_risk,apple_music_link_pass_v1,song|santana featuring rob thomas|smooth,graph_song,song,Santana featuring Rob Thomas,Smooth,1999,us,apple_song_search_needs_review_version_risk,10,88,,false
graph_song:song|sarah brightman|pie jesu:apple_song_search_needs_review_version_risk,apple_music_link_pass_v1,song|sarah brightman|pie jesu,graph_song,song,Sarah Brightman,Pie Jesu,1985,us,apple_song_search_needs_review_version_risk,10,85,,false
graph_song:song|sarkodie featuring king promise|can t let you go:apple_song_search_no_auto_match,apple_music_link_pass_v1,song|sarkodie featuring king promise|can t let you go,graph_song,song,Sarkodie featuring King Promise,Can't Let You Go,2018,us,apple_song_search_no_auto_match,10,85,,false
graph_song:song|schoolly d|saturday night:apple_song_search_no_results,apple_music_link_pass_v1,song|schoolly d|saturday night,graph_song,song,Schoolly D,Saturday Night,1986,us,apple_song_search_no_results,0,,,false
graph_song:song|scratch acid|cannibal:apple_song_search_no_auto_match,apple_music_link_pass_v1,song|scratch acid|cannibal,graph_song,song,Scratch Acid,Cannibal,1984,us,apple_song_search_no_auto_match,1,73,,false
graph_song:song|scratch acid|greatest gift:apple_song_search_no_auto_match,apple_music_link_pass_v1,song|scratch acid|greatest gift,graph_song,song,Scratch Acid,Greatest Gift,1985,us,apple_song_search_no_auto_match,1,73,,false
graph_song:song|scratch acid|owners lament:apple_song_search_no_auto_match,apple_music_link_pass_v1,song|scratch acid|owners lament,graph_song,song,Scratch Acid,Owners Lament,1984,us,apple_song_search_no_auto_match,1,35,,false
graph_song:song|scratch acid|she said:apple_song_search_no_auto_match,apple_music_link_pass_v1,song|scratch acid|she said,graph_song,song,Scratch Acid,She Said,1984,us,apple_song_search_no_auto_match,6,73,,false
graph_song:song|sebadoh|rebound:apple_song_search_no_auto_match,apple_music_link_pass_v1,song|sebadoh|rebound,graph_song,song,Sebadoh,Rebound,1994,us,apple_song_search_no_auto_match,2,85,,false
graph_song:song|seven lions featuring myon and shane 54 and tove lo|strangers:apple_song_search_needs_review_version_risk,apple_music_link_pass_v1,song|seven lions featuring myon and shane 54 and tove lo|strangers,graph_song,song,Seven Lions featuring Myon & Shane 54 and Tove Lo,Strangers,2013,us,apple_song_search_needs_review_version_risk,10,53,,false
graph_song:song|seven year bitch|m i a:apple_song_search_no_auto_match,apple_music_link_pass_v1,song|seven year bitch|m i a,graph_song,song,Seven Year Bitch,M.I.A.,1994,us,apple_song_search_no_auto_match,10,0,,false
graph_song:song|shakira and bizarrap|shakira bzrp music sessions vol 53:apple_song_search_no_auto_match,apple_music_link_pass_v1,song|shakira and bizarrap|shakira bzrp music sessions vol 53,graph_song,song,Shakira and Bizarrap,"Shakira: Bzrp Music Sessions, Vol. 53",2023,us,apple_song_search_no_auto_match,10,65,,false
graph_song:song|shakira featuring freshlyground|waka waka this time for africa:apple_song_search_no_auto_match,apple_music_link_pass_v1,song|shakira featuring freshlyground|waka waka this time for africa,graph_song,song,Shakira featuring Freshlyground,Waka Waka (This Time for Africa),2010,us,apple_song_search_no_auto_match,10,88,,false
graph_song:song|shakira featuring wyclef jean|hips don t lie:apple_song_search_no_auto_match,apple_music_link_pass_v1,song|shakira featuring wyclef jean|hips don t lie,graph_song,song,Shakira featuring Wyclef Jean,Hips Don't Lie,2006,us,apple_song_search_no_auto_match,10,88,,false
graph_song:song|shangri las|remember walking in the sand:apple_song_search_no_auto_match,apple_music_link_pass_v1,song|shangri las|remember walking in the sand,graph_song,song,The Shangri-Las,Remember (Walking in the Sand),1964,us,apple_song_search_no_auto_match,10,47,,false
graph_song:song|shellac|song of the minerals:apple_song_search_no_auto_match,apple_music_link_pass_v1,song|shellac|song of the minerals,graph_song,song,Shellac,Song of the Minerals,1998,us,apple_song_search_no_auto_match,2,85,,false
graph_song:song|shellac|squirrel song:apple_song_search_no_auto_match,apple_music_link_pass_v1,song|shellac|squirrel song,graph_song,song,Shellac,Squirrel Song,1994,us,apple_song_search_no_auto_match,4,85,,false
graph_song:song|shellac|wingwalker:apple_song_search_no_auto_match,apple_music_link_pass_v1,song|shellac|wingwalker,graph_song,song,Shellac,Wingwalker,1993,us,apple_song_search_no_auto_match,1,50,,false
graph_song:song|shelley fabares|johnny angel:apple_song_search_no_auto_match,apple_music_link_pass_v1,song|shelley fabares|johnny angel,graph_song,song,Shelley Fabares,Johnny Angel,1962,us,apple_song_search_no_auto_match,10,88,,false
graph_song:song|shins|saint simon:apple_song_search_no_auto_match,apple_music_link_pass_v1,song|shins|saint simon,graph_song,song,The Shins,Saint Simon,2003,us,apple_song_search_no_auto_match,5,88,,false
graph_song:song|shivvers|teen line:apple_song_search_no_auto_match,apple_music_link_pass_v1,song|shivvers|teen line,graph_song,song,The Shivvers,Teen Line,1980,us,apple_song_search_no_auto_match,2,35,,false
graph_song:song|singing dogs|jingle bells:apple_song_search_needs_review_version_risk,apple_music_link_pass_v1,song|singing dogs|jingle bells,graph_song,song,The Singing Dogs,Jingle Bells,1955,us,apple_song_search_needs_review_version_risk,10,88,,false
graph_song:song|sister rosetta tharpe|this little light of mine:apple_song_search_needs_review_version_risk,apple_music_link_pass_v1,song|sister rosetta tharpe|this little light of mine,graph_song,song,Sister Rosetta Tharpe,This Little Light of Mine,1960,us,apple_song_search_needs_review_version_risk,10,47,,false
graph_song:song|sister rosetta tharpe|up above my head:apple_song_search_no_auto_match,apple_music_link_pass_v1,song|sister rosetta tharpe|up above my head,graph_song,song,Sister Rosetta Tharpe,Up Above My Head,1947,us,apple_song_search_no_auto_match,10,85,,false
graph_song:song|skrillex|bangarang:apple_song_search_no_auto_match,apple_music_link_pass_v1,song|skrillex|bangarang,graph_song,song,Skrillex,Bangarang,2011,us,apple_song_search_no_auto_match,10,88,,false
graph_song:song|sleater kinney|little babies:apple_song_search_no_auto_match,apple_music_link_pass_v1,song|sleater kinney|little babies,graph_song,song,Sleater-Kinney,Little Babies,1997,us,apple_song_search_no_auto_match,10,88,,false
graph_song:song|sleater kinney|one more hour:apple_song_search_no_auto_match,apple_music_link_pass_v1,song|sleater kinney|one more hour,graph_song,song,Sleater-Kinney,One More Hour,1997,us,apple_song_search_no_auto_match,10,88,,false
graph_song:song|sleep|sonic titan:apple_song_search_no_auto_match,apple_music_link_pass_v1,song|sleep|sonic titan,graph_song,song,Sleep,Sonic Titan,2003,us,apple_song_search_no_auto_match,7,85,,false
graph_song:song|sneaker|more than just the two of us:apple_song_search_no_auto_match,apple_music_link_pass_v1,song|sneaker|more than just the two of us,graph_song,song,Sneaker,More Than Just the Two of Us,1981,us,apple_song_search_no_auto_match,10,50,,false
graph_song:song|snoop dogg feat pharrell|drop it like it s hot:apple_song_search_no_auto_match,apple_music_link_pass_v1,song|snoop dogg feat pharrell|drop it like it s hot,graph_song,song,Snoop Dogg feat. Pharrell,Drop It Like It's Hot,2004,us,apple_song_search_no_auto_match,10,88,,false
graph_song:song|snoop doggy dogg|ain t no fun if the homies can t have none:apple_song_search_needs_review_version_risk,apple_music_link_pass_v1,song|snoop doggy dogg|ain t no fun if the homies can t have none,graph_song,song,Snoop Doggy Dogg,Ain't No Fun (If the Homies Can't Have None),1993,us,apple_song_search_needs_review_version_risk,10,88,,false
graph_song:song|snoop doggy dogg|doggy dogg world:apple_song_search_no_auto_match,apple_music_link_pass_v1,song|snoop doggy dogg|doggy dogg world,graph_song,song,Snoop Doggy Dogg,Doggy Dogg World,1993,us,apple_song_search_no_auto_match,10,88,,false
graph_song:song|sofia reyes featuring jason derulo and de la ghetto|1 2 3:apple_song_search_no_auto_match,apple_music_link_pass_v1,song|sofia reyes featuring jason derulo and de la ghetto|1 2 3,graph_song,song,Sofia Reyes featuring Jason Derulo and De La Ghetto,"1, 2, 3",2018,us,apple_song_search_no_auto_match,10,88,,false
graph_song:song|soggy bottom boys|man of constant sorrow:apple_song_search_needs_review_version_risk,apple_music_link_pass_v1,song|soggy bottom boys|man of constant sorrow,graph_song,song,The Soggy Bottom Boys,Man of Constant Sorrow,2000,us,apple_song_search_needs_review_version_risk,10,88,,false
graph_song:song|solange|don t touch my hair:apple_song_search_no_auto_match,apple_music_link_pass_v1,song|solange|don t touch my hair,graph_song,song,Solange,Don't Touch My Hair,2016,us,apple_song_search_no_auto_match,10,88,,false
graph_song:song|solu music featuring kimblee|fade:apple_song_search_needs_review_version_risk,apple_music_link_pass_v1,song|solu music featuring kimblee|fade,graph_song,song,Solu Music featuring KimBlee,Fade,2001,us,apple_song_search_needs_review_version_risk,10,88,,false
graph_song:song|sonics|cinderella:apple_song_search_no_auto_match,apple_music_link_pass_v1,song|sonics|cinderella,graph_song,song,The Sonics,Cinderella,1965,us,apple_song_search_no_auto_match,10,38,,false
graph_song:song|sonora poncena|fuego en el 23:apple_song_search_no_auto_match,apple_music_link_pass_v1,song|sonora poncena|fuego en el 23,graph_song,song,Sonora Poncena,Fuego en el 23,1972,us,apple_song_search_no_auto_match,10,85,,false
graph_song:song|soul stirrers|touch the hem of his garment:apple_song_search_no_auto_match,apple_music_link_pass_v1,song|soul stirrers|touch the hem of his garment,graph_song,song,The Soul Stirrers,Touch the Hem of His Garment,1956,us,apple_song_search_no_auto_match,9,73,,false
graph_song:song|soulja boy tell em|crank that:apple_song_search_no_auto_match,apple_music_link_pass_v1,song|soulja boy tell em|crank that,graph_song,song,Soulja Boy Tell'em,Crank That,2007,us,apple_song_search_no_auto_match,10,88,,false
graph_song:song|sparkles|no friend of mine:apple_song_search_no_auto_match,apple_music_link_pass_v1,song|sparkles|no friend of mine,graph_song,song,The Sparkles,No Friend of Mine,1967,us,apple_song_search_no_auto_match,10,85,,false
graph_song:song|speedies|let me take your foto:apple_song_search_no_auto_match,apple_music_link_pass_v1,song|speedies|let me take your foto,graph_song,song,The Speedies,Let Me Take Your Foto,1979,us,apple_song_search_no_auto_match,4,73,,false
graph_song:song|speedy j|pepper:apple_song_search_needs_review_version_risk,apple_music_link_pass_v1,song|speedy j|pepper,graph_song,song,Speedy J,Pepper,1993,us,apple_song_search_needs_review_version_risk,6,80,,false
graph_song:song|spencer davis group|keep on running:apple_song_search_needs_review_version_risk,apple_music_link_pass_v1,song|spencer davis group|keep on running,graph_song,song,The Spencer Davis Group,Keep On Running,1965,us,apple_song_search_needs_review_version_risk,10,80,,false
graph_song:song|spike jones and his city slickers|cocktails for two:apple_song_search_no_auto_match,apple_music_link_pass_v1,song|spike jones and his city slickers|cocktails for two,graph_song,song,Spike Jones and His City Slickers,Cocktails for Two,1944,us,apple_song_search_no_auto_match,8,85,,false
graph_song:song|spike jones and his city slickers|der fuehrer s face:apple_song_search_needs_review_version_risk,apple_music_link_pass_v1,song|spike jones and his city slickers|der fuehrer s face,graph_song,song,Spike Jones and His City Slickers,Der Fuehrer's Face,1942,us,apple_song_search_needs_review_version_risk,9,85,,false
graph_song:song|spiller featuring sophie ellis bextor|groovejet if this ain t love:apple_song_search_no_auto_match,apple_music_link_pass_v1,song|spiller featuring sophie ellis bextor|groovejet if this ain t love,graph_song,song,Spiller featuring Sophie Ellis-Bextor,Groovejet (If This Ain't Love),2000,us,apple_song_search_no_auto_match,10,88,,false
graph_song:song|spirit|i got a line on you:apple_song_search_no_results,apple_music_link_pass_v1,song|spirit|i got a line on you,graph_song,song,Spirit,I Got a Line on You,1968,us,apple_song_search_no_results,0,,,false
graph_song:song|spoonie gee and the treacherous three|new rap language:apple_song_search_needs_review_version_risk,apple_music_link_pass_v1,song|spoonie gee and the treacherous three|new rap language,graph_song,song,Spoonie Gee and The Treacherous Three,The New Rap Language,1980,us,apple_song_search_needs_review_version_risk,10,88,,false
graph_song:song|spoonie gee|love rap:apple_song_search_needs_review_version_risk,apple_music_link_pass_v1,song|spoonie gee|love rap,graph_song,song,Spoonie Gee,Love Rap,1980,us,apple_song_search_needs_review_version_risk,10,85,,false
graph_song:song|spoonie gee|spoonin rap:apple_song_search_needs_review_version_risk,apple_music_link_pass_v1,song|spoonie gee|spoonin rap,graph_song,song,Spoonie Gee,Spoonin' Rap,1979,us,apple_song_search_needs_review_version_risk,10,85,,false
graph_song:song|spyro gyra|morning dance:apple_song_search_no_auto_match,apple_music_link_pass_v1,song|spyro gyra|morning dance,graph_song,song,Spyro Gyra,Morning Dance,1979,us,apple_song_search_no_auto_match,10,85,,false
graph_song:song|squid|narrator:apple_song_search_no_results,apple_music_link_pass_v1,song|squid|narrator,graph_song,song,Squid,Narrator,2021,us,apple_song_search_no_results,0,,,false
graph_song:song|stan freberg|green chri tma:apple_song_search_needs_review_version_risk,apple_music_link_pass_v1,song|stan freberg|green chri tma,graph_song,song,Stan Freberg,Green Chri$tma$,1958,us,apple_song_search_needs_review_version_risk,6,85,,false
graph_song:song|stan freberg|st george and the dragonet:apple_song_search_needs_review_version_risk,apple_music_link_pass_v1,song|stan freberg|st george and the dragonet,graph_song,song,Stan Freberg,St. George and the Dragonet,1953,us,apple_song_search_needs_review_version_risk,5,73,,false
graph_song:song|standells|sometimes good guys don t wear white:apple_song_search_no_auto_match,apple_music_link_pass_v1,song|standells|sometimes good guys don t wear white,graph_song,song,The Standells,Sometimes Good Guys Don't Wear White,1966,us,apple_song_search_no_auto_match,10,85,,false
graph_song:song|staple singers|wade in the water:apple_song_search_needs_review_version_risk,apple_music_link_pass_v1,song|staple singers|wade in the water,graph_song,song,The Staple Singers,Wade in the Water,1965,us,apple_song_search_needs_review_version_risk,10,85,,false
graph_song:song|stetsasonic|talkin all that jazz:apple_song_search_no_results,apple_music_link_pass_v1,song|stetsasonic|talkin all that jazz,graph_song,song,Stetsasonic,Talkin' All That Jazz,1988,us,apple_song_search_no_results,0,,,false
graph_song:song|steve silk hurley|jack your body:apple_song_search_needs_review_version_risk,apple_music_link_pass_v1,song|steve silk hurley|jack your body,graph_song,song,Steve Silk Hurley,Jack Your Body,1986,us,apple_song_search_needs_review_version_risk,10,73,,false
graph_song:song|strawberry alarm clock|incense and peppermints:apple_song_search_no_auto_match,apple_music_link_pass_v1,song|strawberry alarm clock|incense and peppermints,graph_song,song,Strawberry Alarm Clock,Incense and Peppermints,1967,us,apple_song_search_no_auto_match,10,88,,false
graph_song:song|sufjan stevens|mystery of love:apple_song_search_needs_review_version_risk,apple_music_link_pass_v1,song|sufjan stevens|mystery of love,graph_song,song,Sufjan Stevens,Mystery of Love,2017,us,apple_song_search_needs_review_version_risk,10,80,,false
graph_song:song|sugarhill gang|rapper s delight:apple_song_search_needs_review_version_risk,apple_music_link_pass_v1,song|sugarhill gang|rapper s delight,graph_song,song,The Sugarhill Gang,Rapper's Delight,1979,us,apple_song_search_needs_review_version_risk,10,85,,false
graph_song:song|suicide|cheree:apple_song_search_no_auto_match,apple_music_link_pass_v1,song|suicide|cheree,graph_song,song,Suicide,Cheree,1977,us,apple_song_search_no_auto_match,10,88,,false
graph_song:song|suicide|dream baby dream:apple_song_search_no_auto_match,apple_music_link_pass_v1,song|suicide|dream baby dream,graph_song,song,Suicide,Dream Baby Dream,1979,us,apple_song_search_no_auto_match,10,85,,false
graph_song:song|suicide|ghost rider:apple_song_search_no_auto_match,apple_music_link_pass_v1,song|suicide|ghost rider,graph_song,song,Suicide,Ghost Rider,1977,us,apple_song_search_no_auto_match,10,88,,false
graph_song:song|suicide|keep your dreams:apple_song_search_no_auto_match,apple_music_link_pass_v1,song|suicide|keep your dreams,graph_song,song,Suicide,Keep Your Dreams,1977,us,apple_song_search_no_auto_match,10,88,,false
graph_song:song|suicide|rocket u s a:apple_song_search_no_auto_match,apple_music_link_pass_v1,song|suicide|rocket u s a,graph_song,song,Suicide,Rocket U.S.A.,1977,us,apple_song_search_no_auto_match,6,35,,false
graph_song:song|sunrays|i live for the sun:apple_song_search_no_auto_match,apple_music_link_pass_v1,song|sunrays|i live for the sun,graph_song,song,The Sunrays,I Live for the Sun,1965,us,apple_song_search_no_auto_match,10,50,,false
graph_song:song|super simple songs|baby shark:apple_song_search_no_results,apple_music_link_pass_v1,song|super simple songs|baby shark,graph_song,song,Super Simple Songs,Baby Shark,2015,us,apple_song_search_no_results,0,,,false
graph_song:song|superchunk|slack motherfucker:apple_song_search_needs_review_version_risk,apple_music_link_pass_v1,song|superchunk|slack motherfucker,graph_song,song,Superchunk,Slack Motherfucker,1990,us,apple_song_search_needs_review_version_risk,6,35,,false
graph_song:song|supremes|where did our love go:apple_song_search_no_results,apple_music_link_pass_v1,song|supremes|where did our love go,graph_song,song,The Supremes,Where Did Our Love Go,1964,us,apple_song_search_no_results,0,,,false
graph_song:song|surface|shower me with your love:apple_song_search_no_results,apple_music_link_pass_v1,song|surface|shower me with your love,graph_song,song,Surface,Shower Me with Your Love,1989,us,apple_song_search_no_results,0,,,false
graph_song:song|surftones|cecilia ann:apple_song_search_no_auto_match,apple_music_link_pass_v1,song|surftones|cecilia ann,graph_song,song,The Surftones,Cecilia Ann,1963,us,apple_song_search_no_auto_match,1,85,,false
graph_song:song|surgeon|la real:apple_song_search_no_auto_match,apple_music_link_pass_v1,song|surgeon|la real,graph_song,song,Surgeon,La Real,1996,us,apple_song_search_no_auto_match,6,73,,false
graph_song:song|susana baca|maria lando:apple_song_search_needs_review_version_risk,apple_music_link_pass_v1,song|susana baca|maria lando,graph_song,song,Susana Baca,Maria Lando,1995,us,apple_song_search_needs_review_version_risk,10,85,,false
graph_song:song|swamp rats|louie louie:apple_song_search_needs_review_version_risk,apple_music_link_pass_v1,song|swamp rats|louie louie,graph_song,song,The Swamp Rats,Louie Louie,1966,us,apple_song_search_needs_review_version_risk,1,85,,false
graph_song:song|swedish house mafia|don t you worry child:apple_song_search_no_auto_match,apple_music_link_pass_v1,song|swedish house mafia|don t you worry child,graph_song,song,Swedish House Mafia,Don't You Worry Child,2012,us,apple_song_search_no_auto_match,10,88,,false
graph_song:song|sweet|ballroom blitz:apple_song_search_no_results,apple_music_link_pass_v1,song|sweet|ballroom blitz,graph_song,song,Sweet,Ballroom Blitz,1973,us,apple_song_search_no_results,0,,,false
graph_song:song|swervedriver|last train to satansville:apple_song_search_no_results,apple_music_link_pass_v1,song|swervedriver|last train to satansville,graph_song,song,Swervedriver,Last Train to Satansville,1993,us,apple_song_search_no_results,0,,,false
graph_song:song|swervedriver|son of mustang ford:apple_song_search_no_results,apple_music_link_pass_v1,song|swervedriver|son of mustang ford,graph_song,song,Swervedriver,Son of Mustang Ford,1990,us,apple_song_search_no_results,0,,,false
graph_song:song|swinging blue jeans|hippy hippy shake:apple_song_search_needs_review_version_risk,apple_music_link_pass_v1,song|swinging blue jeans|hippy hippy shake,graph_song,song,The Swinging Blue Jeans,Hippy Hippy Shake,1963,us,apple_song_search_needs_review_version_risk,10,85,,false
graph_song:song|switchfoot|dare you to move:apple_song_search_no_auto_match,apple_music_link_pass_v1,song|switchfoot|dare you to move,graph_song,song,Switchfoot,Dare You to Move,2000,us,apple_song_search_no_auto_match,10,80,,false
graph_song:song|swum|can we just be friends:apple_song_search_no_auto_match,apple_music_link_pass_v1,song|swum|can we just be friends,graph_song,song,SwuM,Can We Just Be Friends,2018,us,apple_song_search_no_auto_match,10,7,,false
graph_song:song|swum|love is alive:apple_song_search_no_auto_match,apple_music_link_pass_v1,song|swum|love is alive,graph_song,song,SwuM,Love Is Alive,2018,us,apple_song_search_no_auto_match,10,50,,false
graph_song:song|swum|rewind:apple_song_search_no_auto_match,apple_music_link_pass_v1,song|swum|rewind,graph_song,song,SwuM,Rewind,2018,us,apple_song_search_no_auto_match,10,85,,false
graph_song:song|swum|sway:apple_song_search_no_auto_match,apple_music_link_pass_v1,song|swum|sway,graph_song,song,SwuM,Sway,2018,us,apple_song_search_no_auto_match,10,57,,false
graph_song:song|sza feat travis scott|love galore:apple_song_search_no_auto_match,apple_music_link_pass_v1,song|sza feat travis scott|love galore,graph_song,song,SZA feat. Travis Scott,Love Galore,2017,us,apple_song_search_no_auto_match,10,88,,false
graph_song:song|sza|broken clocks:apple_song_search_no_results,apple_music_link_pass_v1,song|sza|broken clocks,graph_song,song,SZA,Broken Clocks,2017,us,apple_song_search_no_results,0,,,false
graph_song:song|t i feat rihanna|live your life:apple_song_search_no_auto_match,apple_music_link_pass_v1,song|t i feat rihanna|live your life,graph_song,song,T.I. feat. Rihanna,Live Your Life,2008,us,apple_song_search_no_auto_match,10,88,,false
graph_song:song|t la rock and jazzy jay|it s yours:apple_song_search_no_auto_match,apple_music_link_pass_v1,song|t la rock and jazzy jay|it s yours,graph_song,song,T La Rock and Jazzy Jay,It's Yours,1984,us,apple_song_search_no_auto_match,10,80,,false
graph_song:song|t rex|jeepster:apple_song_search_no_results,apple_music_link_pass_v1,song|t rex|jeepster,graph_song,song,T. Rex,Jeepster,1971,us,apple_song_search_no_results,0,,,false
graph_song:song|t rex|telegram sam:apple_song_search_no_results,apple_music_link_pass_v1,song|t rex|telegram sam,graph_song,song,T. Rex,Telegram Sam,1972,us,apple_song_search_no_results,0,,,false
graph_song:song|tad|wood goblins:apple_song_search_no_auto_match,apple_music_link_pass_v1,song|tad|wood goblins,graph_song,song,Tad,Wood Goblins,1989,us,apple_song_search_no_auto_match,1,85,,false
graph_song:song|tag team|whoomp there it is:apple_song_search_no_auto_match,apple_music_link_pass_v1,song|tag team|whoomp there it is,graph_song,song,Tag Team,Whoomp! (There It Is),1993,us,apple_song_search_no_auto_match,10,73,,false
graph_song:song|tainy j balvin and young miko|colmillo:apple_song_search_no_auto_match,apple_music_link_pass_v1,song|tainy j balvin and young miko|colmillo,graph_song,song,"Tainy, J Balvin and Young Miko",Colmillo,2023,us,apple_song_search_no_auto_match,7,88,,false
graph_song:song|talking heads|pulled up:apple_song_search_no_auto_match,apple_music_link_pass_v1,song|talking heads|pulled up,graph_song,song,Talking Heads,Pulled Up,1977,us,apple_song_search_no_auto_match,10,88,,false
graph_song:song|talking heads|uh oh love comes to town:apple_song_search_no_results,apple_music_link_pass_v1,song|talking heads|uh oh love comes to town,graph_song,song,Talking Heads,"Uh-Oh, Love Comes to Town",1977,us,apple_song_search_no_results,0,,,false
graph_song:song|tamela mann|take me to the king:apple_song_search_no_results,apple_music_link_pass_v1,song|tamela mann|take me to the king,graph_song,song,Tamela Mann,Take Me to the King,2012,us,apple_song_search_no_results,0,,,false
graph_song:song|tams|be young be foolish be happy:apple_song_search_no_auto_match,apple_music_link_pass_v1,song|tams|be young be foolish be happy,graph_song,song,The Tams,"Be Young, Be Foolish, Be Happy",1968,us,apple_song_search_no_auto_match,10,73,,false
graph_song:song|tams|what kind of fool do you think i am:apple_song_search_no_auto_match,apple_music_link_pass_v1,song|tams|what kind of fool do you think i am,graph_song,song,The Tams,What Kind of Fool (Do You Think I Am),1963,us,apple_song_search_no_auto_match,10,73,,false
graph_song:song|tangerine dream|love on a real train:apple_song_search_needs_review_version_risk,apple_music_link_pass_v1,song|tangerine dream|love on a real train,graph_song,song,Tangerine Dream,Love on a Real Train,1983,us,apple_song_search_needs_review_version_risk,10,88,,false
graph_song:song|tasha cobbs leonard|break every chain:apple_song_search_needs_review_version_risk,apple_music_link_pass_v1,song|tasha cobbs leonard|break every chain,graph_song,song,Tasha Cobbs Leonard,Break Every Chain,2013,us,apple_song_search_needs_review_version_risk,10,92,,false
graph_song:song|taylor swift|fortnight:apple_song_search_no_auto_match,apple_music_link_pass_v1,song|taylor swift|fortnight,graph_song,song,Taylor Swift,Fortnight,2024,us,apple_song_search_no_auto_match,10,88,,false
graph_song:song|taylor swift|look what you made me do:apple_song_search_no_results,apple_music_link_pass_v1,song|taylor swift|look what you made me do,graph_song,song,Taylor Swift,Look What You Made Me Do,2017,us,apple_song_search_no_results,0,,,false
graph_song:song|taylor swift|me:apple_song_search_no_auto_match,apple_music_link_pass_v1,song|taylor swift|me,graph_song,song,Taylor Swift,Me!,2019,us,apple_song_search_no_auto_match,10,88,,false
graph_song:song|teenage fanclub|sparky s dream:apple_song_search_no_results,apple_music_link_pass_v1,song|teenage fanclub|sparky s dream,graph_song,song,Teenage Fanclub,Sparky's Dream,1995,us,apple_song_search_no_results,0,,,false
graph_song:song|teenage jesus and the jerks|burning rubber:apple_song_search_no_auto_match,apple_music_link_pass_v1,song|teenage jesus and the jerks|burning rubber,graph_song,song,Teenage Jesus and the Jerks,Burning Rubber,1979,us,apple_song_search_no_auto_match,3,73,,false
graph_song:song|teenage jesus and the jerks|freud in flop:apple_song_search_no_results,apple_music_link_pass_v1,song|teenage jesus and the jerks|freud in flop,graph_song,song,Teenage Jesus and the Jerks,Freud in Flop,1978,us,apple_song_search_no_results,0,,,false
graph_song:song|teenage jesus and the jerks|orphans:apple_song_search_no_auto_match,apple_music_link_pass_v1,song|teenage jesus and the jerks|orphans,graph_song,song,Teenage Jesus and the Jerks,Orphans,1978,us,apple_song_search_no_auto_match,3,73,,false
graph_song:song|tekno|pana:apple_song_search_no_results,apple_music_link_pass_v1,song|tekno|pana,graph_song,song,Tekno,Pana,2016,us,apple_song_search_no_results,0,,,false
graph_song:song|television|friction:apple_song_search_no_results,apple_music_link_pass_v1,song|television|friction,graph_song,song,Television,Friction,1977,us,apple_song_search_no_results,0,,,false
graph_song:song|television|little johnny jewel:apple_song_search_no_auto_match,apple_music_link_pass_v1,song|television|little johnny jewel,graph_song,song,Television,Little Johnny Jewel,1975,us,apple_song_search_no_auto_match,10,73,,false
graph_song:song|temple of the dog|say hello 2 heaven:apple_song_search_no_results,apple_music_link_pass_v1,song|temple of the dog|say hello 2 heaven,graph_song,song,Temple of the Dog,Say Hello 2 Heaven,1991,us,apple_song_search_no_results,0,,,false
graph_song:song|ten city|that s the way love is:apple_song_search_needs_review_version_risk,apple_music_link_pass_v1,song|ten city|that s the way love is,graph_song,song,Ten City,That's the Way Love Is,1989,us,apple_song_search_needs_review_version_risk,10,88,,false
graph_song:song|tenacious d|wonderboy:apple_song_search_no_results,apple_music_link_pass_v1,song|tenacious d|wonderboy,graph_song,song,Tenacious D,Wonderboy,2001,us,apple_song_search_no_results,0,,,false
graph_song:song|teriyaki boyz|tokyo drift fast and furious:apple_song_search_no_auto_match,apple_music_link_pass_v1,song|teriyaki boyz|tokyo drift fast and furious,graph_song,song,Teriyaki Boyz,Tokyo Drift (Fast & Furious),2006,us,apple_song_search_no_auto_match,10,88,,false
graph_song:song|tha dogg pound|let s play house:apple_song_search_no_auto_match,apple_music_link_pass_v1,song|tha dogg pound|let s play house,graph_song,song,Tha Dogg Pound,Let's Play House,1995,us,apple_song_search_no_auto_match,10,88,,false
graph_song:song|thalia featuring natti natasha|no me acuerdo:apple_song_search_no_auto_match,apple_music_link_pass_v1,song|thalia featuring natti natasha|no me acuerdo,graph_song,song,Thalia featuring Natti Natasha,No Me Acuerdo,2018,us,apple_song_search_no_auto_match,10,65,,false
graph_song:song|thelonious monk|round midnight:apple_song_search_no_results,apple_music_link_pass_v1,song|thelonious monk|round midnight,graph_song,song,Thelonious Monk,Round Midnight,1947,us,apple_song_search_no_results,0,,,false
graph_song:song|them|gloria:apple_song_search_no_auto_match,apple_music_link_pass_v1,song|them|gloria,graph_song,song,Them,Gloria,1964,us,apple_song_search_no_auto_match,10,85,,false
graph_song:song|them|here comes the night:apple_song_search_needs_review_version_risk,apple_music_link_pass_v1,song|them|here comes the night,graph_song,song,Them,Here Comes the Night,1965,us,apple_song_search_needs_review_version_risk,10,85,,false
graph_song:song|theola kilgore|love of my man:apple_song_search_no_auto_match,apple_music_link_pass_v1,song|theola kilgore|love of my man,graph_song,song,Theola Kilgore,The Love of My Man,1963,us,apple_song_search_no_auto_match,9,73,,false
graph_song:song|they might be giants|dont lets start:apple_song_search_no_auto_match,apple_music_link_pass_v1,song|they might be giants|dont lets start,graph_song,song,They Might Be Giants,Dont Lets Start,1986,us,apple_song_search_no_auto_match,10,50,,false
graph_song:song|they might be giants|hot dog:apple_song_search_needs_review_version_risk,apple_music_link_pass_v1,song|they might be giants|hot dog,graph_song,song,They Might Be Giants,Hot Dog!,2006,us,apple_song_search_needs_review_version_risk,10,92,,false
graph_song:song|thin lizzy|emerald:apple_song_search_no_results,apple_music_link_pass_v1,song|thin lizzy|emerald,graph_song,song,Thin Lizzy,Emerald,1976,us,apple_song_search_no_results,0,,,false
graph_song:song|thomas newman|any other name:apple_song_search_no_results,apple_music_link_pass_v1,song|thomas newman|any other name,graph_song,song,Thomas Newman,Any Other Name,1999,us,apple_song_search_no_results,0,,,false
graph_song:song|three 6 mafia|late nite tip:apple_song_search_no_results,apple_music_link_pass_v1,song|three 6 mafia|late nite tip,graph_song,song,Three 6 Mafia,Late Nite Tip,1995,us,apple_song_search_no_results,0,,,false
graph_song:song|throwing muses|hate my way:apple_song_search_no_auto_match,apple_music_link_pass_v1,song|throwing muses|hate my way,graph_song,song,Throwing Muses,Hate My Way,1986,us,apple_song_search_no_auto_match,7,85,,false
graph_song:song|thurl ravenscroft|you re a mean one mr grinch:apple_song_search_no_results,apple_music_link_pass_v1,song|thurl ravenscroft|you re a mean one mr grinch,graph_song,song,Thurl Ravenscroft,"You're a Mean One, Mr. Grinch",1966,us,apple_song_search_no_results,0,,,false
graph_song:song|tim buckley|morning glory:apple_song_search_no_results,apple_music_link_pass_v1,song|tim buckley|morning glory,graph_song,song,Tim Buckley,Morning Glory,1967,us,apple_song_search_no_results,0,,,false
graph_song:song|tim hardin|reason to believe:apple_song_search_no_results,apple_music_link_pass_v1,song|tim hardin|reason to believe,graph_song,song,Tim Hardin,Reason to Believe,1966,us,apple_song_search_no_results,0,,,false
graph_song:song|tim hughes|here i am to worship:apple_song_search_no_results,apple_music_link_pass_v1,song|tim hughes|here i am to worship,graph_song,song,Tim Hughes,Here I Am to Worship,2001,us,apple_song_search_no_results,0,,,false
graph_song:song|tim mcgraw|don t take the girl:apple_song_search_no_results,apple_music_link_pass_v1,song|tim mcgraw|don t take the girl,graph_song,song,Tim McGraw,Don't Take the Girl,1994,us,apple_song_search_no_results,0,,,false
graph_song:song|tim mcgraw|where the green grass grows:apple_song_search_no_results,apple_music_link_pass_v1,song|tim mcgraw|where the green grass grows,graph_song,song,Tim McGraw,Where the Green Grass Grows,1998,us,apple_song_search_no_results,0,,,false
graph_song:song|timbaland featuring onerepublic|apologize:apple_song_search_needs_review_version_risk,apple_music_link_pass_v1,song|timbaland featuring onerepublic|apologize,graph_song,song,Timbaland featuring OneRepublic,Apologize,2007,us,apple_song_search_needs_review_version_risk,10,85,,false
graph_song:song|timecop1983|on the run:apple_song_search_no_auto_match,apple_music_link_pass_v1,song|timecop1983|on the run,graph_song,song,Timecop1983,On the Run,2014,us,apple_song_search_no_auto_match,10,85,,false
graph_song:song|tina turner|we don t need another hero:apple_song_search_no_auto_match,apple_music_link_pass_v1,song|tina turner|we don t need another hero,graph_song,song,Tina Turner,We Don't Need Another Hero,1985,us,apple_song_search_no_auto_match,10,88,,false
graph_song:song|tiwa savage|koroba:apple_song_search_no_results,apple_music_link_pass_v1,song|tiwa savage|koroba,graph_song,song,Tiwa Savage,Koroba,2020,us,apple_song_search_no_results,0,,,false
graph_song:song|tom misch feat de la soul|it runs through me:apple_song_search_no_results,apple_music_link_pass_v1,song|tom misch feat de la soul|it runs through me,graph_song,song,Tom Misch feat. De La Soul,It Runs Through Me,2018,us,apple_song_search_no_results,0,,,false
graph_song:song|tom t hall|i love:apple_song_search_no_results,apple_music_link_pass_v1,song|tom t hall|i love,graph_song,song,Tom T. Hall,I Love,1973,us,apple_song_search_no_results,0,,,false
graph_song:song|tommy james and the shondells|i am a tangerine:apple_song_search_no_auto_match,apple_music_link_pass_v1,song|tommy james and the shondells|i am a tangerine,graph_song,song,Tommy James and the Shondells,I Am a Tangerine,1969,us,apple_song_search_no_auto_match,5,47,,false
graph_song:song|tomppabeats|i miss you:apple_song_search_no_auto_match,apple_music_link_pass_v1,song|tomppabeats|i miss you,graph_song,song,tomppabeats,I Miss You,2016,us,apple_song_search_no_auto_match,1,0,,false
graph_song:song|tori amos|silent all these years:apple_song_search_no_results,apple_music_link_pass_v1,song|tori amos|silent all these years,graph_song,song,Tori Amos,Silent All These Years,1991,us,apple_song_search_no_results,0,,,false
graph_song:song|townes van zandt|if i needed you:apple_song_search_needs_review_version_risk,apple_music_link_pass_v1,song|townes van zandt|if i needed you,graph_song,song,Townes Van Zandt,If I Needed You,1972,us,apple_song_search_needs_review_version_risk,10,92,,false
graph_song:song|townes van zandt|no place to fall:apple_song_search_no_auto_match,apple_music_link_pass_v1,song|townes van zandt|no place to fall,graph_song,song,Townes Van Zandt,No Place to Fall,1977,us,apple_song_search_no_auto_match,10,85,,false
graph_song:song|townes van zandt|pancho and lefty:apple_song_search_no_auto_match,apple_music_link_pass_v1,song|townes van zandt|pancho and lefty,graph_song,song,Townes Van Zandt,Pancho and Lefty,1972,us,apple_song_search_no_auto_match,10,85,,false
graph_song:song|townes van zandt|to live is to fly:apple_song_search_no_results,apple_music_link_pass_v1,song|townes van zandt|to live is to fly,graph_song,song,Townes Van Zandt,To Live Is to Fly,1972,us,apple_song_search_no_results,0,,,false
graph_song:song|townes van zandt|waitin around to die:apple_song_search_no_results,apple_music_link_pass_v1,song|townes van zandt|waitin around to die,graph_song,song,Townes Van Zandt,Waitin' Around to Die,1968,us,apple_song_search_no_results,0,,,false
graph_song:song|traditional revival circuit object|house of the rising sun:apple_song_search_no_auto_match,apple_music_link_pass_v1,song|traditional revival circuit object|house of the rising sun,graph_song,song,Traditional / revival circuit object,House of the Rising Sun,,us,apple_song_search_no_auto_match,1,0,,false
graph_song:song|trans siberian orchestra|christmas eve sarajevo 12 24:apple_song_search_no_auto_match,apple_music_link_pass_v1,song|trans siberian orchestra|christmas eve sarajevo 12 24,graph_song,song,Trans-Siberian Orchestra,Christmas Eve/Sarajevo 12/24,1996,us,apple_song_search_no_auto_match,10,50,,false
graph_song:song|travie mccoy feat bruno mars|billionaire:apple_song_search_no_results,apple_music_link_pass_v1,song|travie mccoy feat bruno mars|billionaire,graph_song,song,Travie McCoy feat. Bruno Mars,Billionaire,2010,us,apple_song_search_no_results,0,,,false
graph_song:song|travis scott feat playboi carti|fe n:apple_song_search_no_results,apple_music_link_pass_v1,song|travis scott feat playboi carti|fe n,graph_song,song,Travis Scott feat. Playboi Carti,FE!N,2023,us,apple_song_search_no_results,0,,,false
graph_song:song|travis scott|sicko mode:apple_song_search_no_results,apple_music_link_pass_v1,song|travis scott|sicko mode,graph_song,song,Travis Scott,SICKO MODE,2018,us,apple_song_search_no_results,0,,,false
graph_song:song|treacherous three|feel the heartbeat:apple_song_search_no_auto_match,apple_music_link_pass_v1,song|treacherous three|feel the heartbeat,graph_song,song,The Treacherous Three,Feel the Heartbeat,1981,us,apple_song_search_no_auto_match,10,88,,false
graph_song:song|turtles|it ain t me babe:apple_song_search_no_results,apple_music_link_pass_v1,song|turtles|it ain t me babe,graph_song,song,The Turtles,It Ain't Me Babe,1965,us,apple_song_search_no_results,0,,,false
graph_song:song|turtles|you baby:apple_song_search_no_auto_match,apple_music_link_pass_v1,song|turtles|you baby,graph_song,song,The Turtles,You Baby,1966,us,apple_song_search_no_auto_match,10,88,,false
graph_song:song|tv on the radio|wolf like me:apple_song_search_no_auto_match,apple_music_link_pass_v1,song|tv on the radio|wolf like me,graph_song,song,TV on the Radio,Wolf Like Me,2006,us,apple_song_search_no_auto_match,10,42,,false
graph_song:song|tweeds|i need that record:apple_song_search_no_auto_match,apple_music_link_pass_v1,song|tweeds|i need that record,graph_song,song,The Tweeds,I Need That Record,1980,us,apple_song_search_no_auto_match,10,85,,false
graph_song:song|txt|0x1 lovesong i know i love you:apple_song_search_no_auto_match,apple_music_link_pass_v1,song|txt|0x1 lovesong i know i love you,graph_song,song,TXT,0X1=Lovesong (I Know I Love You),2021,us,apple_song_search_no_auto_match,10,53,,false
graph_song:song|ugk feat outkast|int l players anthem:apple_song_search_no_auto_match,apple_music_link_pass_v1,song|ugk feat outkast|int l players anthem,graph_song,song,UGK feat. OutKast,Int'l Players Anthem,2007,us,apple_song_search_no_auto_match,10,88,,false
graph_song:song|ugk|pocket full of stones:apple_song_search_no_results,apple_music_link_pass_v1,song|ugk|pocket full of stones,graph_song,song,UGK,Pocket Full of Stones,1992,us,apple_song_search_no_results,0,,,false
graph_song:song|ugk|wood wheel:apple_song_search_no_auto_match,apple_music_link_pass_v1,song|ugk|wood wheel,graph_song,song,UGK,Wood Wheel,2001,us,apple_song_search_no_auto_match,10,85,,false
graph_song:song|underground resistance|final frontier:apple_song_search_no_auto_match,apple_music_link_pass_v1,song|underground resistance|final frontier,graph_song,song,Underground Resistance,The Final Frontier,1991,us,apple_song_search_no_auto_match,5,73,,false
graph_song:song|underground resistance|jupiter jazz:apple_song_search_no_results,apple_music_link_pass_v1,song|underground resistance|jupiter jazz,graph_song,song,Underground Resistance,Jupiter Jazz,1992,us,apple_song_search_no_results,0,,,false
graph_song:song|underground resistance|seawolf:apple_song_search_no_auto_match,apple_music_link_pass_v1,song|underground resistance|seawolf,graph_song,song,Underground Resistance,The Seawolf,1992,us,apple_song_search_no_auto_match,4,85,,false
graph_song:song|underscores|spoiled little brat:apple_song_search_no_results,apple_music_link_pass_v1,song|underscores|spoiled little brat,graph_song,song,underscores,Spoiled little brat,2021,us,apple_song_search_no_results,0,,,false
graph_song:song|underworld|rez:apple_song_search_needs_review_version_risk,apple_music_link_pass_v1,song|underworld|rez,graph_song,song,Underworld,Rez,1993,us,apple_song_search_needs_review_version_risk,8,85,,false
graph_song:song|unkle featuring thom yorke|rabbit in your headlights:apple_song_search_no_auto_match,apple_music_link_pass_v1,song|unkle featuring thom yorke|rabbit in your headlights,graph_song,song,UNKLE featuring Thom Yorke,Rabbit in Your Headlights,1998,us,apple_song_search_no_auto_match,10,88,,false
graph_song:song|unrelated segments|story of my life:apple_song_search_no_auto_match,apple_music_link_pass_v1,song|unrelated segments|story of my life,graph_song,song,The Unrelated Segments,Story of My Life,1967,us,apple_song_search_no_auto_match,2,85,,false
graph_song:song|unwound|corpse pose:apple_song_search_no_results,apple_music_link_pass_v1,song|unwound|corpse pose,graph_song,song,Unwound,Corpse Pose,1996,us,apple_song_search_no_results,0,,,false
graph_song:song|upperroom|surrounded fight my battles:apple_song_search_needs_review_version_risk,apple_music_link_pass_v1,song|upperroom|surrounded fight my battles,graph_song,song,UPPERROOM,Surrounded (Fight My Battles),2018,us,apple_song_search_needs_review_version_risk,10,88,,false
graph_song:song|upperroom|worthy of it all:apple_song_search_needs_review_version_risk,apple_music_link_pass_v1,song|upperroom|worthy of it all,graph_song,song,UPPERROOM,Worthy of It All,2012,us,apple_song_search_needs_review_version_risk,10,38,,false
graph_song:song|usher featuring lil jon and ludacris|yeah:apple_song_search_needs_review_version_risk,apple_music_link_pass_v1,song|usher featuring lil jon and ludacris|yeah,graph_song,song,Usher featuring Lil Jon and Ludacris,Yeah!,2004,us,apple_song_search_needs_review_version_risk,10,88,,false
graph_song:song|vanessa williams|colors of the wind:apple_song_search_needs_review_version_risk,apple_music_link_pass_v1,song|vanessa williams|colors of the wind,graph_song,song,Vanessa Williams,Colors of the Wind,1995,us,apple_song_search_needs_review_version_risk,10,88,,false
graph_song:song|vangelis|chariots of fire:apple_song_search_no_results,apple_music_link_pass_v1,song|vangelis|chariots of fire,graph_song,song,Vangelis,Chariots of Fire,1981,us,apple_song_search_no_results,0,,,false
graph_song:song|velvet underground|heroin:apple_song_search_no_results,apple_music_link_pass_v1,song|velvet underground|heroin,graph_song,song,The Velvet Underground,Heroin,1967,us,apple_song_search_no_results,0,,,false
graph_song:song|vibrators|baby baby:apple_song_search_needs_review_version_risk,apple_music_link_pass_v1,song|vibrators|baby baby,graph_song,song,The Vibrators,Baby Baby,1977,us,apple_song_search_needs_review_version_risk,10,85,,false
graph_song:song|vicente fernandez|volver volver:apple_song_search_no_auto_match,apple_music_link_pass_v1,song|vicente fernandez|volver volver,graph_song,song,Vicente Fernandez,"Volver, Volver",1972,us,apple_song_search_no_auto_match,10,85,,false
graph_song:song|victor manuelle|dile a ella:apple_song_search_no_auto_match,apple_music_link_pass_v1,song|victor manuelle|dile a ella,graph_song,song,Victor Manuelle,Dile a Ella,1993,us,apple_song_search_no_auto_match,10,85,,false
graph_song:song|vince guaraldi trio|christmas time is here:apple_song_search_no_results,apple_music_link_pass_v1,song|vince guaraldi trio|christmas time is here,graph_song,song,Vince Guaraldi Trio,Christmas Time Is Here,1965,us,apple_song_search_no_results,0,,,false
graph_song:song|waka flocka flame|hard in da paint:apple_song_search_no_results,apple_music_link_pass_v1,song|waka flocka flame|hard in da paint,graph_song,song,Waka Flocka Flame,Hard in da Paint,2010,us,apple_song_search_no_results,0,,,false
graph_song:song|war|cisco kid:apple_song_search_no_auto_match,apple_music_link_pass_v1,song|war|cisco kid,graph_song,song,War,The Cisco Kid,1972,us,apple_song_search_no_auto_match,10,85,,false
graph_song:song|warren g feat nate dogg|regulate:apple_song_search_no_auto_match,apple_music_link_pass_v1,song|warren g feat nate dogg|regulate,graph_song,song,Warren G feat. Nate Dogg,Regulate,1994,us,apple_song_search_no_auto_match,10,88,,false
graph_song:song|warren g|this d j:apple_song_search_no_results,apple_music_link_pass_v1,song|warren g|this d j,graph_song,song,Warren G,This D.J.,1994,us,apple_song_search_no_results,0,,,false
graph_song:song|washed out|amor fati:apple_song_search_no_results,apple_music_link_pass_v1,song|washed out|amor fati,graph_song,song,Washed Out,Amor Fati,2011,us,apple_song_search_no_results,0,,,false
graph_song:song|waxahatchee|right back to it:apple_song_search_no_results,apple_music_link_pass_v1,song|waxahatchee|right back to it,graph_song,song,Waxahatchee,Right Back to It,2024,us,apple_song_search_no_results,0,,,false
graph_song:song|waylon jennings|luckenbach texas back to the basics of love:apple_song_search_no_auto_match,apple_music_link_pass_v1,song|waylon jennings|luckenbach texas back to the basics of love,graph_song,song,Waylon Jennings,"Luckenbach, Texas (Back to the Basics of Love)",1977,us,apple_song_search_no_auto_match,10,88,,false
graph_song:song|wayne fontana and the mindbenders|game of love:apple_song_search_no_results,apple_music_link_pass_v1,song|wayne fontana and the mindbenders|game of love,graph_song,song,Wayne Fontana & The Mindbenders,The Game of Love,1965,us,apple_song_search_no_results,0,,,false
graph_song:song|we five|let s get together:apple_song_search_needs_review_version_risk,apple_music_link_pass_v1,song|we five|let s get together,graph_song,song,We Five,Let's Get Together,1965,us,apple_song_search_needs_review_version_risk,10,50,,false
graph_song:song|weavers|goodnight irene:apple_song_search_no_auto_match,apple_music_link_pass_v1,song|weavers|goodnight irene,graph_song,song,The Weavers,"Goodnight, Irene",1950,us,apple_song_search_no_auto_match,10,80,,false
graph_song:song|weavers|kisses sweeter than wine:apple_song_search_no_auto_match,apple_music_link_pass_v1,song|weavers|kisses sweeter than wine,graph_song,song,The Weavers,Kisses Sweeter Than Wine,1951,us,apple_song_search_no_auto_match,9,85,,false
graph_song:song|weeknd|die for you:apple_song_search_no_results,apple_music_link_pass_v1,song|weeknd|die for you,graph_song,song,The Weeknd,Die for You,2016,us,apple_song_search_no_results,0,,,false
graph_song:song|weird al yankovic|amish paradise:apple_song_search_no_auto_match,apple_music_link_pass_v1,song|weird al yankovic|amish paradise,graph_song,song,Weird Al Yankovic,Amish Paradise,1996,us,apple_song_search_no_auto_match,10,88,,false
graph_song:song|weird al yankovic|saga begins:apple_song_search_needs_review_version_risk,apple_music_link_pass_v1,song|weird al yankovic|saga begins,graph_song,song,Weird Al Yankovic,The Saga Begins,1999,us,apple_song_search_needs_review_version_risk,10,88,,false
graph_song:song|weird al yankovic|white and nerdy:apple_song_search_no_auto_match,apple_music_link_pass_v1,song|weird al yankovic|white and nerdy,graph_song,song,Weird Al Yankovic,White & Nerdy,2006,us,apple_song_search_no_auto_match,10,88,,false
graph_song:song|wes montgomery|west coast blues:apple_song_search_no_auto_match,apple_music_link_pass_v1,song|wes montgomery|west coast blues,graph_song,song,Wes Montgomery,West Coast Blues,1960,us,apple_song_search_no_auto_match,10,85,,false
graph_song:song|west street mob|break dance electric boogie:apple_song_search_no_results,apple_music_link_pass_v1,song|west street mob|break dance electric boogie,graph_song,song,West Street Mob,Break Dance - Electric Boogie,1983,us,apple_song_search_no_results,0,,,false
graph_song:song|wet leg|chaise longue:apple_song_search_no_results,apple_music_link_pass_v1,song|wet leg|chaise longue,graph_song,song,Wet Leg,Chaise Longue,2021,us,apple_song_search_no_results,0,,,false
graph_song:song|weyes blood|wild time:apple_song_search_no_results,apple_music_link_pass_v1,song|weyes blood|wild time,graph_song,song,Weyes Blood,Wild Time,2019,us,apple_song_search_no_results,0,,,false
graph_song:song|whiskeytown|jacksonville skyline:apple_song_search_no_auto_match,apple_music_link_pass_v1,song|whiskeytown|jacksonville skyline,graph_song,song,Whiskeytown,Jacksonville Skyline,1997,us,apple_song_search_no_auto_match,5,85,,false
graph_song:song|white lion|wait:apple_song_search_no_results,apple_music_link_pass_v1,song|white lion|wait,graph_song,song,White Lion,Wait,1987,us,apple_song_search_no_results,0,,,false
graph_song:song|whitesnake|here i go again:apple_song_search_no_auto_match,apple_music_link_pass_v1,song|whitesnake|here i go again,graph_song,song,Whitesnake,Here I Go Again,1987,us,apple_song_search_no_auto_match,10,88,,false
graph_song:song|whitney houston|i wanna dance with somebody:apple_song_search_no_auto_match,apple_music_link_pass_v1,song|whitney houston|i wanna dance with somebody,graph_song,song,Whitney Houston,I Wanna Dance with Somebody,1987,us,apple_song_search_no_auto_match,10,88,,false
graph_song:song|whitney houston|queen of the night:apple_song_search_no_auto_match,apple_music_link_pass_v1,song|whitney houston|queen of the night,graph_song,song,Whitney Houston,Queen of the Night,1993,us,apple_song_search_no_auto_match,10,85,,false
graph_song:song|who|substitute:apple_song_search_no_auto_match,apple_music_link_pass_v1,song|who|substitute,graph_song,song,The Who,Substitute,1966,us,apple_song_search_no_auto_match,10,85,,false
graph_song:song|who|won t get fooled again:apple_song_search_no_results,apple_music_link_pass_v1,song|who|won t get fooled again,graph_song,song,The Who,Won't Get Fooled Again,1971,us,apple_song_search_no_results,0,,,false
graph_song:song|wiggles|big red car:apple_song_search_no_auto_match,apple_music_link_pass_v1,song|wiggles|big red car,graph_song,song,The Wiggles,Big Red Car,1995,us,apple_song_search_no_auto_match,10,80,,false
graph_song:song|wiggles|rock a bye your bear:apple_song_search_no_auto_match,apple_music_link_pass_v1,song|wiggles|rock a bye your bear,graph_song,song,The Wiggles,Rock-a-Bye Your Bear,1991,us,apple_song_search_no_auto_match,10,73,,false
graph_song:song|willie rosario|botaron la pelota:apple_song_search_no_auto_match,apple_music_link_pass_v1,song|willie rosario|botaron la pelota,graph_song,song,Willie Rosario,Botaron la Pelota,1978,us,apple_song_search_no_auto_match,1,85,,false
graph_song:song|willow|t r a n s p a r e n t s o u l:apple_song_search_no_auto_match,apple_music_link_pass_v1,song|willow|t r a n s p a r e n t s o u l,graph_song,song,WILLOW,t r a n s p a r e n t s o u l,2021,us,apple_song_search_no_auto_match,10,88,,false
graph_song:song|wilson pickett|634 5789 soulsville u s a:apple_song_search_no_auto_match,apple_music_link_pass_v1,song|wilson pickett|634 5789 soulsville u s a,graph_song,song,Wilson Pickett,"634-5789 (Soulsville, U.S.A.)",1966,us,apple_song_search_no_auto_match,9,85,,false
graph_song:song|wisin and yandel featuring chris brown and t pain|algo me gusta de ti:apple_song_search_no_auto_match,apple_music_link_pass_v1,song|wisin and yandel featuring chris brown and t pain|algo me gusta de ti,graph_song,song,Wisin & Yandel featuring Chris Brown and T-Pain,Algo Me Gusta de Ti,2012,us,apple_song_search_no_auto_match,10,88,,false
graph_song:song|wiz khalifa featuring charlie puth|see you again:apple_song_search_needs_review_version_risk,apple_music_link_pass_v1,song|wiz khalifa featuring charlie puth|see you again,graph_song,song,Wiz Khalifa featuring Charlie Puth,See You Again,2015,us,apple_song_search_needs_review_version_risk,10,88,,false
graph_song:song|wizkid featuring drake|come closer:apple_song_search_no_auto_match,apple_music_link_pass_v1,song|wizkid featuring drake|come closer,graph_song,song,Wizkid featuring Drake,Come Closer,2017,us,apple_song_search_no_auto_match,10,88,,false
graph_song:song|wizkid featuring skepta|ojuelegba remix:apple_song_search_no_auto_match,apple_music_link_pass_v1,song|wizkid featuring skepta|ojuelegba remix,graph_song,song,Wizkid featuring Skepta,Ojuelegba (Remix),2015,us,apple_song_search_no_auto_match,3,35,,false
graph_song:song|wizkid featuring tems|essence:apple_song_search_no_auto_match,apple_music_link_pass_v1,song|wizkid featuring tems|essence,graph_song,song,Wizkid featuring Tems,Essence,2020,us,apple_song_search_no_auto_match,10,88,,false
graph_song:song|woody guthrie|deportee:apple_song_search_needs_review_version_risk,apple_music_link_pass_v1,song|woody guthrie|deportee,graph_song,song,Woody Guthrie,Deportee,1948,us,apple_song_search_needs_review_version_risk,10,38,,false
graph_song:song|woody guthrie|hard travelin:apple_song_search_no_auto_match,apple_music_link_pass_v1,song|woody guthrie|hard travelin,graph_song,song,Woody Guthrie,Hard Travelin',1940,us,apple_song_search_no_auto_match,10,85,,false
graph_song:song|woody guthrie|i ain t got no home:apple_song_search_no_auto_match,apple_music_link_pass_v1,song|woody guthrie|i ain t got no home,graph_song,song,Woody Guthrie,I Ain't Got No Home,1940,us,apple_song_search_no_auto_match,10,85,,false
graph_song:song|woody guthrie|pastures of plenty:apple_song_search_no_auto_match,apple_music_link_pass_v1,song|woody guthrie|pastures of plenty,graph_song,song,Woody Guthrie,Pastures of Plenty,1941,us,apple_song_search_no_auto_match,10,85,,false
graph_song:song|woody guthrie|so long it s been good to know yuh:apple_song_search_no_auto_match,apple_music_link_pass_v1,song|woody guthrie|so long it s been good to know yuh,graph_song,song,Woody Guthrie,"So Long, It's Been Good to Know Yuh",1940,us,apple_song_search_no_auto_match,10,73,,false
graph_song:song|woody guthrie|this land is your land:apple_song_search_no_auto_match,apple_music_link_pass_v1,song|woody guthrie|this land is your land,graph_song,song,Woody Guthrie,This Land Is Your Land,1940,us,apple_song_search_no_auto_match,10,85,,false
graph_song:song|world s famous supreme team|hey d j:apple_song_search_no_auto_match,apple_music_link_pass_v1,song|world s famous supreme team|hey d j,graph_song,song,The World's Famous Supreme Team,Hey D.J.,1984,us,apple_song_search_no_auto_match,10,85,,false
graph_song:song|wu tang clan|c r e a m:apple_song_search_needs_review_version_risk,apple_music_link_pass_v1,song|wu tang clan|c r e a m,graph_song,song,Wu-Tang Clan,C.R.E.A.M.,1993,us,apple_song_search_needs_review_version_risk,10,85,,false
graph_song:song|wu tang clan|m e t h o d man:apple_song_search_no_auto_match,apple_music_link_pass_v1,song|wu tang clan|m e t h o d man,graph_song,song,Wu-Tang Clan,M.E.T.H.O.D. Man,1993,us,apple_song_search_no_auto_match,10,50,,false
graph_song:song|wun two|rio:apple_song_search_no_auto_match,apple_music_link_pass_v1,song|wun two|rio,graph_song,song,Wun Two,Rio,2019,us,apple_song_search_no_auto_match,10,73,,false
graph_song:song|wun two|snow:apple_song_search_no_auto_match,apple_music_link_pass_v1,song|wun two|snow,graph_song,song,Wun Two,Snow,2014,us,apple_song_search_no_auto_match,10,73,,false
graph_song:song|wyclef jean|gone till november:apple_song_search_no_auto_match,apple_music_link_pass_v1,song|wyclef jean|gone till november,graph_song,song,Wyclef Jean,Gone till November,1997,us,apple_song_search_no_auto_match,10,88,,false
graph_song:song|wynn stewart|it s such a pretty world today:apple_song_search_no_results,apple_music_link_pass_v1,song|wynn stewart|it s such a pretty world today,graph_song,song,Wynn Stewart,It's Such a Pretty World Today,1967,us,apple_song_search_no_results,0,,,false
graph_song:song|x ray spex|germfree adolescents:apple_song_search_no_auto_match,apple_music_link_pass_v1,song|x ray spex|germfree adolescents,graph_song,song,X-Ray Spex,Germfree Adolescents,1978,us,apple_song_search_no_auto_match,10,50,,false
graph_song:song|x ray spex|oh bondage up yours:apple_song_search_no_auto_match,apple_music_link_pass_v1,song|x ray spex|oh bondage up yours,graph_song,song,X-Ray Spex,Oh Bondage Up Yours!,1977,us,apple_song_search_no_auto_match,4,88,,false
graph_song:song|yardbirds|heart full of soul:apple_song_search_no_auto_match,apple_music_link_pass_v1,song|yardbirds|heart full of soul,graph_song,song,The Yardbirds,Heart Full of Soul,1965,us,apple_song_search_no_auto_match,10,85,,false
graph_song:song|yardbirds|shapes of things:apple_song_search_no_auto_match,apple_music_link_pass_v1,song|yardbirds|shapes of things,graph_song,song,The Yardbirds,Shapes of Things,1966,us,apple_song_search_no_auto_match,10,80,,false
graph_song:song|yazoo|dont go:apple_song_search_no_auto_match,apple_music_link_pass_v1,song|yazoo|dont go,graph_song,song,Yazoo,Dont Go,1982,us,apple_song_search_no_auto_match,10,50,,false
graph_song:song|yeah yeah yeahs|gold lion:apple_song_search_no_results,apple_music_link_pass_v1,song|yeah yeah yeahs|gold lion,graph_song,song,Yeah Yeah Yeahs,Gold Lion,2006,us,apple_song_search_no_results,0,,,false
graph_song:song|yeah yeah yeahs|heads will roll a trak remix:apple_song_search_no_results,apple_music_link_pass_v1,song|yeah yeah yeahs|heads will roll a trak remix,graph_song,song,Yeah Yeah Yeahs,Heads Will Roll (A-Trak Remix),2009,us,apple_song_search_no_results,0,,,false
graph_song:song|yellow balloon|yellow balloon:apple_song_search_no_results,apple_music_link_pass_v1,song|yellow balloon|yellow balloon,graph_song,song,The Yellow Balloon,Yellow Balloon,1967,us,apple_song_search_no_results,0,,,false
graph_song:song|yellowjackets|and you know that:apple_song_search_no_auto_match,apple_music_link_pass_v1,song|yellowjackets|and you know that,graph_song,song,Yellowjackets,And You Know That,1986,us,apple_song_search_no_auto_match,10,0,,false
graph_song:song|yes|close to the edge:apple_song_search_no_auto_match,apple_music_link_pass_v1,song|yes|close to the edge,graph_song,song,Yes,Close to the Edge,1972,us,apple_song_search_no_auto_match,10,88,,false
graph_song:song|yes|i ve seen all good people:apple_song_search_no_auto_match,apple_music_link_pass_v1,song|yes|i ve seen all good people,graph_song,song,Yes,I've Seen All Good People,1971,us,apple_song_search_no_auto_match,10,88,,false
graph_song:song|yeule|cyber meat:apple_song_search_no_results,apple_music_link_pass_v1,song|yeule|cyber meat,graph_song,song,Yeule,cyber meat,2022,us,apple_song_search_no_results,0,,,false
graph_song:song|young thug feat gunna|hot:apple_song_search_needs_review_version_risk,apple_music_link_pass_v1,song|young thug feat gunna|hot,graph_song,song,Young Thug feat. Gunna,Hot,2019,us,apple_song_search_needs_review_version_risk,10,88,,false
graph_song:song|youssou n dour and neneh cherry|7 seconds:apple_song_search_no_auto_match,apple_music_link_pass_v1,song|youssou n dour and neneh cherry|7 seconds,graph_song,song,Youssou N'Dour and Neneh Cherry,7 Seconds,1994,us,apple_song_search_no_auto_match,8,88,,false
graph_song:song|zac brown band|knee deep:apple_song_search_no_auto_match,apple_music_link_pass_v1,song|zac brown band|knee deep,graph_song,song,Zac Brown Band,Knee Deep,2011,us,apple_song_search_no_auto_match,10,85,,false
graph_song:song|zakary thaks|bad girl:apple_song_search_no_results,apple_music_link_pass_v1,song|zakary thaks|bad girl,graph_song,song,The Zakary Thaks,Bad Girl,1966,us,apple_song_search_no_results,0,,,false
graph_song:song|zedd featuring foxes|clarity:apple_song_search_no_auto_match,apple_music_link_pass_v1,song|zedd featuring foxes|clarity,graph_song,song,Zedd featuring Foxes,Clarity,2012,us,apple_song_search_no_auto_match,10,88,,false
graph_song:song|zion and lennox|yo voy:apple_song_search_no_auto_match,apple_music_link_pass_v1,song|zion and lennox|yo voy,graph_song,song,Zion & Lennox,Yo Voy,2004,us,apple_song_search_no_auto_match,10,88,,false
graph_song:song|ziv zaifman hugh jackman and michelle williams|a million dreams:apple_song_search_no_results,apple_music_link_pass_v1,song|ziv zaifman hugh jackman and michelle williams|a million dreams,graph_song,song,"Ziv Zaifman, Hugh Jackman and Michelle Williams",A Million Dreams,2017,us,apple_song_search_no_results,0,,,false
graph_song:song|zombies|beechwood park:apple_song_search_no_auto_match,apple_music_link_pass_v1,song|zombies|beechwood park,graph_song,song,The Zombies,Beechwood Park,1968,us,apple_song_search_no_auto_match,6,88,,false
graph_song:song|zombies|friends of mine:apple_song_search_no_auto_match,apple_music_link_pass_v1,song|zombies|friends of mine,graph_song,song,The Zombies,Friends of Mine,1968,us,apple_song_search_no_auto_match,10,88,,false
graph_song:song|zombies|hung up on a dream:apple_song_search_no_auto_match,apple_music_link_pass_v1,song|zombies|hung up on a dream,graph_song,song,The Zombies,Hung Up on a Dream,1968,us,apple_song_search_no_auto_match,10,88,,false
graph_song:song|zombies|maybe after he s gone:apple_song_search_no_auto_match,apple_music_link_pass_v1,song|zombies|maybe after he s gone,graph_song,song,The Zombies,Maybe After He's Gone,1968,us,apple_song_search_no_auto_match,10,88,,false
graph_song:song|zombies|time of the season:apple_song_search_no_auto_match,apple_music_link_pass_v1,song|zombies|time of the season,graph_song,song,The Zombies,Time of the Season,1968,us,apple_song_search_no_auto_match,10,88,,false
