candidate_identity_key,artist_display_name,title,year,membership_count,archetype_ids,import_classes,resolution_status,selected_source,confidence,match_score,track_count,catalog_artist_name,catalog_collection_name,catalog_release_date,apple_collection_id,musicbrainz_release_group_id,musicbrainz_release_id,catalog_url,warnings
album||myth takes,!!!,Myth Takes,2007,1,085,core_graph_album,resolved,apple_itunes_search_api,high,97,10,!!!,Myth Takes,2007-03-05,214222721,,,https://music.apple.com/us/album/myth-takes/214222721?uo=4,
album|100 gecs|10 000 gecs,100 gecs,"10,000 gecs",2023,1,119,core_graph_album,resolved,musicbrainz_ws2,high,109,10,100 gecs,"10,000 gecs",2023-03-17,1655225317,d73daa13-b571-41dd-8dfd-740fde3fda7d,165ab959-cc45-441d-8d7d-e5f300c1d9c9,https://musicbrainz.org/release/165ab959-cc45-441d-8d7d-e5f300c1d9c9,
album|100 gecs|1000 gecs,100 gecs,1000 gecs,2019,1,119,core_graph_album,resolved,musicbrainz_ws2,high,109,10,100 gecs,1000 gecs,2019-05-31,1497364061,9bbc8220-9f72-4595-a0f7-55dfdbab569a,6cddb1f1-d7c4-4932-b080-fe9a0968eb75,https://musicbrainz.org/release/6cddb1f1-d7c4-4932-b080-fe9a0968eb75,
album|13th floor elevators|easter everywhere,13th Floor Elevators,Easter Everywhere,1967,1,014,core_graph_album,resolved,musicbrainz_ws2,high,109,21,13th Floor Elevators,Easter Everywhere,1967-10-25,558701367,d47f5666-e7cf-35c4-898d-ef778cc3cce0,6f78e28e-3fde-4e65-aceb-52815b3c84d2,https://musicbrainz.org/release/6f78e28e-3fde-4e65-aceb-52815b3c84d2,
album|13th floor elevators|psychedelic sounds of the 13th floor elevators,13th Floor Elevators,The Psychedelic Sounds of the 13th Floor Elevators,1966,1,014,core_graph_album,resolved,musicbrainz_ws2,high,109,27,13th Floor Elevators,The Psychedelic Sounds of the 13th Floor Elevators,1966-11,558685692,6577ce2b-1be3-4ed0-92c6-f78175280bae,45625c5b-4b3e-4541-8d83-12d9bbadef30,https://musicbrainz.org/release/45625c5b-4b3e-4541-8d83-12d9bbadef30,
album|20 20|20 20,20/20,20/20,1979,1,021,core_graph_album,resolved,apple_itunes_search_api,high,97,12,20/20,20/20,1979-01-01,848221451,,,https://music.apple.com/us/album/20-20/848221451?uo=4,
album|21 savage and metro boomin|savage mode ii,21 Savage & Metro Boomin,Savage Mode II,2020,1,052,core_graph_album,resolved,apple_itunes_search_api,high,97,15,21 Savage & Metro Boomin,SAVAGE MODE II,2020-10-02,1534263780,,,https://music.apple.com/us/album/savage-mode-ii/1534263780?uo=4,
album|2baba|grass 2 grace,2Baba,Grass 2 Grace,2006,1,097,core_graph_album,resolved,musicbrainz_ws2,high,109,13,2Baba,Grass 2 Grace,2006-12-08,,43260464-0b8b-4abf-924a-40a2d1a75642,2847d35e-1442-4739-a03d-af1ed93bca99,https://musicbrainz.org/release/2847d35e-1442-4739-a03d-af1ed93bca99,
album|2pac|all eyez on me,2Pac,All Eyez on Me,1996,1,047,core_graph_album,resolved,apple_itunes_search_api,high,97,27,2Pac,All Eyez On Me,1996-02-13,1588492978,,,https://music.apple.com/us/album/all-eyez-on-me/1588492978?uo=4,large_track_count_review_recommended
album|2pac|me against the world,2Pac,Me Against the World,1995,1,047,core_graph_album,resolved,musicbrainz_ws2,high,109,15,2Pac,Me Against the World,1995-03-14,1440509542,cfc98a2a-6aaa-3dda-a01d-e034e56c4fec,37d89c1e-4f78-4116-ae56-48ee06b8f64b,https://musicbrainz.org/release/37d89c1e-4f78-4116-ae56-48ee06b8f64b,
album|3 doors down|better life,3 Doors Down,The Better Life,2000,1,071,core_graph_album,resolved,apple_itunes_search_api,high,94,11,3 Doors Down,The Better Life,1999-01-01,1440664882,,,https://music.apple.com/us/album/the-better-life/1440664882?uo=4,
album|4 non blondes|bigger better faster more,4 Non Blondes,"Bigger, Better, Faster, More!",1992,1,074,core_graph_album,resolved,apple_itunes_search_api,high,97,11,4 Non Blondes,"Bigger, Better, Faster, More!",1992-10-13,1440902342,,,https://music.apple.com/us/album/bigger-better-faster-more/1440902342?uo=4,
album|50 cent|get rich or die tryin,50 Cent,Get Rich or Die Tryin',2003,1,050,core_graph_album,resolved,musicbrainz_ws2,high,109,19,50 Cent,Get Rich or Die Tryin’,2003-02-04,1440841450,f624ead2-e4ba-4e52-bea5-4362b1c67b14,1393795a-5c1d-488e-b1a5-ef554bdeb775,https://musicbrainz.org/release/1393795a-5c1d-488e-b1a5-ef554bdeb775,
album|6lack|free 6lack,6LACK,Free 6lack,2016,1,044,core_graph_album,resolved,musicbrainz_ws2,high,109,14,6LACK,FREE 6LACK,2016-11-18,1440897757,7f28cd6e-7f1a-42ac-be67-7c53173534b1,ede19da0-9b4d-4a2f-80c2-3996ed59a36b,https://musicbrainz.org/release/ede19da0-9b4d-4a2f-80c2-3996ed59a36b,
album|7 seconds|crew,7 Seconds,The Crew,1984,1,055,core_graph_album,resolved,musicbrainz_ws2,high,109,18,7Seconds,The Crew,1984,1565631542,d1b66623-a45b-30f3-bf06-6c022205408a,f04c901d-e32b-4fcb-a205-9982bb9a69fa,https://musicbrainz.org/release/f04c901d-e32b-4fcb-a205-9982bb9a69fa,
album|8ball and mjg|comin out hard,8Ball & MJG,Comin' Out Hard,1993,1,049,core_graph_album,resolved,musicbrainz_ws2,high,109,11,8Ball & MJG,Comin' Out Hard,1993-07-06,962220541,5cc65447-e646-3f90-adbc-4e546389e8ad,ba224f7e-d262-4b1e-a139-b4b86d4d20bc,https://musicbrainz.org/release/ba224f7e-d262-4b1e-a139-b4b86d4d20bc,
album|a ap rocky|long live a ap,A$AP Rocky,Long.Live.A$AP,2013,1,052,boundary_candidate,resolved,musicbrainz_ws2,high,109,17,A$AP Rocky,LONG.LIVE.A$AP,2013-01-11,1450690198,c0eb54b5-757a-452a-a248-d7dbdb39cd18,0b5b055a-2050-47ac-8ca5-056d1618302f,https://musicbrainz.org/release/0b5b055a-2050-47ac-8ca5-056d1618302f,
album|a day to remember|homesick,A Day to Remember,Homesick,2009,1,067,boundary_candidate,resolved,apple_itunes_search_api,high,97,12,A Day to Remember,Homesick,2009-02-03,1558595736,,,https://music.apple.com/us/album/homesick/1558595736?uo=4,
album|a g cook|britpop,A. G. Cook,Britpop,2024,1,119,core_graph_album,resolved,apple_itunes_search_api,high,97,24,A. G. Cook,Britpop,2024-05-10,1743823674,,,https://music.apple.com/us/album/britpop/1743823674?uo=4,large_track_count_review_recommended
album|a ha|hunting high and low,A-ha,Hunting High and Low,1985,1,058,core_graph_album,resolved,musicbrainz_ws2,high,109,10,a‐ha,Hunting High and Low,1985-06-10,1037562339,af7347df-ef5a-3c41-826d-d884f8916c17,1ea9868b-3b80-44d1-9311-bd13b0f3a243,https://musicbrainz.org/release/1ea9868b-3b80-44d1-9311-bd13b0f3a243,
album|a r kane|69,A.R. Kane,69,1988,1,073,core_graph_album,resolved,apple_itunes_search_api,high,97,10,A.R. Kane,69,1988-01-01,1698316344,,,https://music.apple.com/us/album/69/1698316344?uo=4,
album|a taste of honey|a taste of honey,A Taste of Honey,A Taste of Honey,1978,1,040,core_graph_album,resolved,apple_itunes_search_api,high,97,9,A Taste of Honey,A Taste of Honey,1978-01-01,716553965,,,https://music.apple.com/us/album/a-taste-of-honey/716553965?uo=4,
album|a tribe called quest|low end theory,A Tribe Called Quest,The Low End Theory,1991,1,046,core_graph_album,resolved,musicbrainz_ws2,high,109,14,A Tribe Called Quest,The Low End Theory,1991-09-24,278911460,c3733436-fcba-3c08-b082-d548df5c5139,69959f4a-29fd-4867-83ec-bfb4036b30d1,https://musicbrainz.org/release/69959f4a-29fd-4867-83ec-bfb4036b30d1,
album|a tribe called quest|midnight marauders,A Tribe Called Quest,Midnight Marauders,1993,1,046,core_graph_album,resolved,musicbrainz_ws2,high,109,14,A Tribe Called Quest,Midnight Marauders,1993-11-09,265670545,c2afedfb-034a-3683-ad47-e4404cd7c485,66970091-71ab-47a6-a62a-30ee44109fae,https://musicbrainz.org/release/66970091-71ab-47a6-a62a-30ee44109fae,
album|a tribe called quest|people s instinctive travels and the paths of rhythm,A Tribe Called Quest,People's Instinctive Travels and the Paths of Rhythm,1990,1,046,core_graph_album,resolved,musicbrainz_ws2,high,109,20,A Tribe Called Quest,People’s Instinctive Travels and the Paths of Rhythm,1990,1806751228,02adb8a7-496c-3a9a-a324-662df73fdba5,3f0a2359-7aa7-4c85-bccc-5b99c33a8542,https://musicbrainz.org/release/3f0a2359-7aa7-4c85-bccc-5b99c33a8542,
album|aaliyah|one in a million,Aaliyah,One in a Million,1996,1,042,core_graph_album,resolved,apple_itunes_search_api,high,97,18,Aaliyah,One In A Million,1996-08-13,1769721510,,,https://music.apple.com/us/album/one-in-a-million/1769721510?uo=4,
album|abba|arrival,ABBA,Arrival,1976,1,088,core_graph_album,resolved,musicbrainz_ws2,high,109,12,ABBA,Arrival,1976,1440820126,e464e167-83ab-3b59-88bd-262cf552056e,17c6d9f0-3d00-381e-892d-b40fdf995257,https://musicbrainz.org/release/17c6d9f0-3d00-381e-892d-b40fdf995257,
album|abba|gold greatest hits,ABBA,Gold: Greatest Hits,1992,1,113,false_nearby_candidate,resolved,apple_itunes_search_api,low,81,19,ABBA,ABBA Gold: Greatest Hits,1992-09-21,1422648512,,,https://music.apple.com/us/album/abba-gold-greatest-hits/1422648512?uo=4,
album|above the law|livin like hustlers,Above the Law,Livin' Like Hustlers,1990,1,047,core_graph_album,resolved,apple_itunes_search_api,high,97,10,Above the Law,Livin' Like Hustlers,1990-02-20,193866697,,,https://music.apple.com/us/album/livin-like-hustlers/193866697?uo=4,
album|ac dc|back in black,AC/DC,Back in Black,1980,1,017,core_graph_album,resolved,apple_itunes_search_api,high,97,10,AC/DC,Back In Black,1980-07-25,574050396,,,https://music.apple.com/us/album/back-in-black/574050396?uo=4,lookup_track_count_below_catalog_track_count
album|ac dc|highway to hell,AC/DC,Highway to Hell,1979,1,017,core_graph_album,resolved,apple_itunes_search_api,high,97,10,AC/DC,Highway to Hell,1979-07-27,574043989,,,https://music.apple.com/us/album/highway-to-hell/574043989?uo=4,lookup_track_count_below_catalog_track_count
album|accept|restless and wild,Accept,Restless and Wild,1982,1,061,core_graph_album,resolved,apple_itunes_search_api,high,94,10,Accept,Restless and Wild,1983-01-01,192486525,,,https://music.apple.com/us/album/restless-and-wild/192486525?uo=4,
album|adam and the ants|kings of the wild frontier,Adam and the Ants,Kings of the Wild Frontier,1980,1,057,core_graph_album,resolved,musicbrainz_ws2,high,109,39,Adam and the Ants,Kings of the Wild Frontier,1980,1108061200,8698397e-887c-3f78-9d95-6c6499a1daa8,68f83fd5-f3b3-4bce-b6bb-4fe603c837a1,https://musicbrainz.org/release/68f83fd5-f3b3-4bce-b6bb-4fe603c837a1,
album|adele|21,Adele,21,2011,1,092,core_graph_album,resolved,apple_itunes_search_api,high,97,12,Adele,21,2011-01-24,1544491232,,,https://music.apple.com/us/album/21/1544491232?uo=4,
album|adele|25,Adele,25,2015,1,092,core_graph_album,resolved,apple_itunes_search_api,high,97,11,Adele,25,2015-11-20,1544494115,,,https://music.apple.com/us/album/25/1544494115?uo=4,
album|adrianne lenker|songs,Adrianne Lenker,songs,2020,1,116,core_graph_album,resolved,apple_itunes_search_api,high,97,11,Adrianne Lenker,songs,2020-10-23,1526437437,,,https://music.apple.com/us/album/songs/1526437437?uo=4,
album|adverts|crossing the red sea with the adverts,The Adverts,Crossing the Red Sea with The Adverts,1978,1,053,core_graph_album,resolved,musicbrainz_ws2,high,109,25,The Adverts,Crossing the Red Sea with The Adverts,1978-02-17,1668347179,7f32f3a7-2b4d-357d-a722-6943880ace45,52912672-8a42-4038-990c-46b7b8e7b531,https://musicbrainz.org/release/52912672-8a42-4038-990c-46b7b8e7b531,
album|aerosmith|rocks,Aerosmith,Rocks,1976,1,017,core_graph_album,resolved,apple_itunes_search_api,high,97,9,Aerosmith,Rocks,1976-05-03,1658654048,,,https://music.apple.com/us/album/rocks/1658654048?uo=4,
album|aerosmith|toys in the attic,Aerosmith,Toys in the Attic,1975,1,017,core_graph_album,resolved,apple_itunes_search_api,high,97,9,Aerosmith,Toys In The Attic,1975-04-08,1883816624,,,https://music.apple.com/us/album/toys-in-the-attic/1883816624?uo=4,
album|aesop rock|labor days,Aesop Rock,Labor Days,2001,1,051,core_graph_album,resolved,musicbrainz_ws2,high,109,14,Aesop Rock,Labor Days,2001-09-18,1623688022,43f0606f-38ce-3d7c-891b-3e089cc150e0,cd171e0b-4cb1-4bef-ab60-ccab0729cd73,https://musicbrainz.org/release/cd171e0b-4cb1-4bef-ab60-ccab0729cd73,
album|agnostic front|victim in pain,Agnostic Front,Victim in Pain,1984,1,055,core_graph_album,resolved,musicbrainz_ws2,high,109,11,Agnostic Front,Victim in Pain,1984,1609512833,48cce2bc-1bd7-3842-996d-a90d1bfe4483,015d2a74-08bc-4e07-ba27-b7c4a1c062a2,https://musicbrainz.org/release/015d2a74-08bc-4e07-ba27-b7c4a1c062a2,
album|aimee mann|bachelor no 2,Aimee Mann,Bachelor No. 2,2000,1,029,core_graph_album,resolved,apple_itunes_search_api,low,81,13,Aimee Mann,"Bachelor No. 2 (Or, the Last Remains of the Dodo)",2000-05-02,551473502,,,https://music.apple.com/us/album/bachelor-no-2-or-the-last-remains-of-the-dodo/551473502?uo=4,
album|aimee mann|lost in space,Aimee Mann,Lost in Space,2002,1,029,core_graph_album,resolved,apple_itunes_search_api,high,97,11,Aimee Mann,Lost in Space,2002-08-27,551715559,,,https://music.apple.com/us/album/lost-in-space/551715559?uo=4,
album|air supply|lost in love,Air Supply,Lost in Love,1980,1,022,core_graph_album,resolved,apple_itunes_search_api,high,97,10,Air Supply,Lost in Love,1980-01-01,913765043,,,https://music.apple.com/us/album/lost-in-love/913765043?uo=4,
album|air|moon safari,Air,Moon Safari,1998,1,084,core_graph_album,resolved,apple_itunes_search_api,high,97,10,Air,Moon Safari,1998-01-16,693063670,,,https://music.apple.com/us/album/moon-safari/693063670?uo=4,
album|airplay|airplay,Airplay,Airplay,1980,1,023,core_graph_album,resolved,apple_itunes_search_api,high,97,10,Airplay,Airplay,1980-01-01,399222307,,,https://music.apple.com/us/album/airplay/399222307?uo=4,
album|al green|call me,Al Green,Call Me,1973,1,038,core_graph_album,resolved,apple_itunes_search_api,high,97,9,Al Green,Call Me,1973-07-01,1196508713,,,https://music.apple.com/us/album/call-me/1196508713?uo=4,
album|al green|i m still in love with you,Al Green,I'm Still in Love with You,1972,1,038,core_graph_album,resolved,apple_itunes_search_api,high,97,9,Al Green,I'm Still In Love with You,1972-10-23,1133378411,,,https://music.apple.com/us/album/im-still-in-love-with-you/1133378411?uo=4,
album|alabama|mountain music,Alabama,Mountain Music,1982,1,033,core_graph_album,resolved,apple_itunes_search_api,high,97,10,Alabama,Mountain Music,1982-01-22,286004566,,,https://music.apple.com/us/album/mountain-music/286004566?uo=4,
album|alan jackson|a lot about livin and a little bout love,Alan Jackson,A Lot About Livin' (And a Little 'Bout Love),1992,1,034,core_graph_album,resolved,apple_itunes_search_api,high,97,10,Alan Jackson,A Lot About Livin' (And a Little 'Bout Love),1992-10-09,258626620,,,https://music.apple.com/us/album/a-lot-about-livin-and-a-little-bout-love/258626620?uo=4,
album|alan jackson|don t rock the jukebox,Alan Jackson,Don't Rock the Jukebox,1991,1,034,core_graph_album,resolved,apple_itunes_search_api,high,97,10,Alan Jackson,Don't Rock the Jukebox,1991-01-01,250107577,,,https://music.apple.com/us/album/dont-rock-the-jukebox/250107577?uo=4,
album|alan silvestri|back to the future,Alan Silvestri,Back to the Future,1985,1,107,context_candidate,resolved,musicbrainz_ws2,high,94,24,Alan Silvestri,Back to the Future (Original Motion Picture Score),1985-07-03,1440871200,82cc7900-cfb8-3e65-bd98-206956587753,d25d4b18-3045-4549-abac-ad258d99ce46,https://musicbrainz.org/release/d25d4b18-3045-4549-abac-ad258d99ce46,
album|alanis morissette|jagged little pill,Alanis Morissette,Jagged Little Pill,1995,1,074,false_nearby_candidate,resolved,musicbrainz_ws2,high,109,12,Alanis Morissette,Jagged Little Pill,1995-06-13,1715762264,ee3d18ed-d6a8-37c7-a964-41bbdb6d59f1,0838ba20-a571-4b3c-8c0c-a31436d373b3,https://musicbrainz.org/release/0838ba20-a571-4b3c-8c0c-a31436d373b3,
album|ali farka toure and ry cooder|talking timbuktu,Ali Farka Toure and Ry Cooder,Talking Timbuktu,1994,1,099,core_graph_album,resolved,musicbrainz_ws2,high,107,10,Ali Farka Touré with Ry Cooder,Talking Timbuktu,1994-03-29,1528519970,a5a7a716-a039-3815-aee3-88ac135721c5,1e54dda5-c64b-42e8-9eed-ed50639e134b,https://musicbrainz.org/release/1e54dda5-c64b-42e8-9eed-ed50639e134b,
album|alice cooper|billion dollar babies,Alice Cooper,Billion Dollar Babies,1973,1,017,core_graph_album,resolved,apple_itunes_search_api,high,97,10,Alice Cooper,Billion Dollar Babies,1973-02-25,40458482,,,https://music.apple.com/us/album/billion-dollar-babies/40458482?uo=4,
album|alice in chains|dirt,Alice in Chains,Dirt,1992,1,070,core_graph_album,resolved,musicbrainz_ws2,high,109,13,Alice in Chains,Dirt,1992-09-29,157316517,92d8f0c4-8c64-3bee-bee1-812a70e77efa,66e95974-2592-4ea3-b1f7-27e283f10877,https://musicbrainz.org/release/66e95974-2592-4ea3-b1f7-27e283f10877,
album|alice in chains|facelift,Alice in Chains,Facelift,1990,1,070,core_graph_album,resolved,musicbrainz_ws2,high,109,12,Alice in Chains,Facelift,1990,274953009,7d026b9c-9159-34b5-a40d-14f134718394,67d1d63d-cb8a-47e9-97a9-304a5bb646ed,https://musicbrainz.org/release/67d1d63d-cb8a-47e9-97a9-304a5bb646ed,
album|alice in chains|jar of flies,Alice in Chains,Jar of Flies,1994,1,070,core_graph_album,resolved,apple_itunes_search_api,low,81,7,Alice In Chains,Jar of Flies - EP,1994-01-25,268435274,,,https://music.apple.com/us/album/jar-of-flies-ep/268435274?uo=4,
album|alicia keys|songs in a minor,Alicia Keys,Songs in A Minor,2001,1,043,core_graph_album,resolved,musicbrainz_ws2,high,109,16,Alicia Keys,Songs in A minor,2001-06-26,256936779,5701e04b-efc2-3429-b8af-c6596f1d08cf,149eb2e4-a97d-4276-98e1-11456b96ddc5,https://musicbrainz.org/release/149eb2e4-a97d-4276-98e1-11456b96ddc5,
album|alkaline trio|from here to infirmary,Alkaline Trio,From Here to Infirmary,2001,1,076,core_graph_album,resolved,musicbrainz_ws2,high,109,12,Alkaline Trio,From Here To Infirmary,2001-04-03,1435174439,2dd61d00-3771-34cf-befa-a75ae2cfd5b8,621c91cb-e9bc-4c45-87eb-19222353c4e6,https://musicbrainz.org/release/621c91cb-e9bc-4c45-87eb-19222353c4e6,
album|all american rejects|all american rejects,The All-American Rejects,The All-American Rejects,2002,1,077,core_graph_album,resolved,apple_itunes_search_api,high,97,11,The All-American Rejects,The All-American Rejects,2002-10-15,1459936723,,,https://music.apple.com/us/album/the-all-american-rejects/1459936723?uo=4,
album|allman brothers band|at fillmore east,The Allman Brothers Band,At Fillmore East,1971,1,019,core_graph_album,resolved,musicbrainz_ws2,high,109,7,The Allman Brothers Band,At Fillmore East,1971-06-06,1440833569,d757b87e-4a3b-38ec-9246-548baeff5ceb,f54d5d53-e85a-3b4e-b35c-3c86400f18aa,https://musicbrainz.org/release/f54d5d53-e85a-3b4e-b35c-3c86400f18aa,
album|allman brothers band|brothers and sisters,The Allman Brothers Band,Brothers and Sisters,1973,1,019,core_graph_album,resolved,apple_itunes_search_api,high,97,7,The Allman Brothers Band,Brothers and Sisters,1973-08-01,1469578954,,,https://music.apple.com/us/album/brothers-and-sisters/1469578954?uo=4,
album|allman brothers band|eat a peach,The Allman Brothers Band,Eat a Peach,1972,1,019,core_graph_album,resolved,musicbrainz_ws2,high,109,9,The Allman Brothers Band,Eat a Peach,1972,1469584912,0b1189ad-0bdf-34bc-89e4-ff05133ec51b,581f2ffb-fc8c-375c-a702-277d41edc01e,https://musicbrainz.org/release/581f2ffb-fc8c-375c-a702-277d41edc01e,
album|alt j|an awesome wave,alt-J,An Awesome Wave,2012,1,117,core_graph_album,resolved,apple_itunes_search_api,high,97,14,alt-J,An Awesome Wave,2012-05-28,558262493,,,https://music.apple.com/us/album/an-awesome-wave/558262493?uo=4,
album|amadou and mariam|dimanche a bamako,Amadou & Mariam,Dimanche a Bamako,2004,1,099,core_graph_album,resolved,apple_itunes_search_api,high,97,15,Amadou & Mariam,Dimanche à Bamako,2004-11-08,56371957,,,https://music.apple.com/us/album/dimanche-%C3%A0-bamako/56371957?uo=4,
album|amboy dukes|journey to the center of the mind,The Amboy Dukes,Journey to the Center of the Mind,1968,1,014,core_graph_album,resolved,apple_itunes_search_api,high,97,18,The Amboy Dukes,Journey to the Center of the Mind,1968-05-08,422781364,,,https://music.apple.com/us/album/journey-to-the-center-of-the-mind/422781364?uo=4,
album|america|hearts,America,Hearts,1975,1,022,core_graph_album,resolved,apple_itunes_search_api,high,97,12,America,Hearts,1975-03-19,150058873,,,https://music.apple.com/us/album/hearts/150058873?uo=4,
album|american aquarium|burn flicker die,American Aquarium,Burn.Flicker.Die.,2012,1,036,core_graph_album,resolved,apple_itunes_search_api,high,97,11,American Aquarium,Burn.Flicker.Die,2012-09-28,1503740063,,,https://music.apple.com/us/album/burn-flicker-die/1503740063?uo=4,
album|american football|american football,American Football,American Football,1999,1,077,core_graph_album,resolved,apple_itunes_search_api,high,97,9,American Football,American Football,1999-09-14,1651333864,,,https://music.apple.com/us/album/american-football/1651333864?uo=4,
album|amy grant|heart in motion,Amy Grant,Heart in Motion,1991,1,109,context_candidate,resolved,apple_itunes_search_api,high,97,11,Amy Grant,Heart in Motion,1991-03-05,1440832797,,,https://music.apple.com/us/album/heart-in-motion/1440832797?uo=4,
album|amyl and the sniffers|comfort to me,Amyl and the Sniffers,Comfort to Me,2021,1,115,core_graph_album,resolved,musicbrainz_ws2,high,109,13,Amyl and the Sniffers,Comfort to Me,2021-09-10,1574728155,dae7fa1e-f8e6-4eef-a0a4-700307c439be,026c2d04-5735-41ce-a736-a1e6e74bbd2a,https://musicbrainz.org/release/026c2d04-5735-41ce-a736-a1e6e74bbd2a,
album|andrae crouch|live in london,Andrae Crouch,Live in London,1978,1,108,context_candidate,resolved,musicbrainz_ws2,medium,85,25,Andraé Crouch & the Disciples,Live in London,2003,305503778,3e48fe76-6342-417c-9418-abf57b6f9432,4323ef47-df72-4dcc-9af6-84cd8a8905f5,https://musicbrainz.org/release/4323ef47-df72-4dcc-9af6-84cd8a8905f5,selected_release_year_far_from_seed_year
album|andrea bocelli|romanza,Andrea Bocelli,Romanza,1997,1,103,core_graph_album,resolved,apple_itunes_search_api,high,94,15,Andrea Bocelli,Romanza,1996-01-01,1440840332,,,https://music.apple.com/us/album/romanza/1440840332?uo=4,
album|andrea bocelli|sogno,Andrea Bocelli,Sogno,1999,1,103,core_graph_album,resolved,apple_itunes_search_api,high,97,14,Andrea Bocelli,Sogno,1999-01-01,1740784216,,,https://music.apple.com/us/album/sogno/1740784216?uo=4,
album|angel olsen|all mirrors,Angel Olsen,All Mirrors,2019,1,116,core_graph_album,resolved,apple_itunes_search_api,high,97,11,Angel Olsen,All Mirrors,2019-10-04,1472009368,,,https://music.apple.com/us/album/all-mirrors/1472009368?uo=4,lookup_track_count_below_catalog_track_count
album|angel olsen|big time,Angel Olsen,Big Time,2022,1,116,core_graph_album,resolved,apple_itunes_search_api,high,97,10,Angel Olsen,Big Time,2022-06-03,1612533349,,,https://music.apple.com/us/album/big-time/1612533349?uo=4,
album|angel witch|angel witch,Angel Witch,Angel Witch,1980,1,061,core_graph_album,resolved,musicbrainz_ws2,high,109,30,Angel Witch,Angel Witch,1980,1444755676,52063b2d-ff18-3f2a-80d7-88ba835e17ac,59bc3044-ab18-4ab0-a17c-2d4d8ec420f6,https://musicbrainz.org/release/59bc3044-ab18-4ab0-a17c-2d4d8ec420f6,
album|angie stone|black diamond,Angie Stone,Black Diamond,1999,1,043,core_graph_album,resolved,musicbrainz_ws2,high,109,15,Angie Stone,Black Diamond,1999-09-28,1534248450,a5495b1a-deaf-36cb-8478-99d2cec154e3,1581c31a-2f21-4841-b3ca-8ff8546c0cf4,https://musicbrainz.org/release/1581c31a-2f21-4841-b3ca-8ff8546c0cf4,
album|animal collective|merriweather post pavilion,Animal Collective,Merriweather Post Pavilion,2009,1,078,core_graph_album,resolved,apple_itunes_search_api,high,97,12,Animal Collective,Merriweather Post Pavilion,2009-01-06,300683110,,,https://music.apple.com/us/album/merriweather-post-pavilion/300683110?uo=4,
album|animals|animals,The Animals,The Animals,1964,1,008,core_graph_album,resolved,musicbrainz_ws2,high,101,13,The Animals,The Animals,1965-03,1440781967,8a98a17e-0687-3b3a-89d7-3d2de2dab3d0,90b1532a-ffb4-4c6c-a0a8-43c607298fa6,https://musicbrainz.org/release/90b1532a-ffb4-4c6c-a0a8-43c607298fa6,
album|anita baker|giving you the best that i got,Anita Baker,Giving You the Best That I Got,1988,1,041,core_graph_album,resolved,apple_itunes_search_api,high,97,8,Anita Baker,Giving You the Best That I Got,1988-10-18,300205037,,,https://music.apple.com/us/album/giving-you-the-best-that-i-got/300205037?uo=4,
album|anita baker|rapture,Anita Baker,Rapture,1986,1,041,core_graph_album,resolved,apple_itunes_search_api,high,97,8,Anita Baker,Rapture,1986-03-20,1018520424,,,https://music.apple.com/us/album/rapture/1018520424?uo=4,
album|ann peebles|i can t stand the rain,Ann Peebles,I Can't Stand the Rain,1974,1,038,core_graph_album,resolved,apple_itunes_search_api,high,97,10,Ann Peebles,I Can't Stand the Rain,1974-06-11,1074125635,,,https://music.apple.com/us/album/i-cant-stand-the-rain/1074125635?uo=4,
album|annette funicello|annette s beach party,Annette Funicello,Annette's Beach Party,1963,1,004,core_graph_album,resolved,apple_itunes_search_api,high,97,12,Annette Funicello,Annette's Beach Party,1963-01-01,1444177635,,,https://music.apple.com/us/album/annettes-beach-party/1444177635?uo=4,
album|anoushka shankar|rise,Anoushka Shankar,Rise,2005,1,099,core_graph_album,resolved,apple_itunes_search_api,high,94,9,Anoushka Shankar,Rise,2006-01-01,716185449,,,https://music.apple.com/us/album/rise/716185449?uo=4,
album|anthony hamilton|comin from where i m from,Anthony Hamilton,Comin' from Where I'm From,2003,1,043,core_graph_album,resolved,apple_itunes_search_api,high,97,12,Anthony Hamilton,Comin' from Where I'm From,2003-09-23,298423959,,,https://music.apple.com/us/album/comin-from-where-im-from/298423959?uo=4,
album|anthrax|among the living,Anthrax,Among the Living,1987,1,062,core_graph_album,resolved,musicbrainz_ws2,high,109,9,Anthrax,Among the Living,1987-03-22,1440824574,413bc69f-9391-3fe3-802b-5bf4922f6066,27d5663b-82d3-4152-91d5-f1e9cdb2cb32,https://musicbrainz.org/release/27d5663b-82d3-4152-91d5-f1e9cdb2cb32,
album|aphex twin|richard d james album,Aphex Twin,Richard D. James Album,1996,1,087,core_graph_album,resolved,apple_itunes_search_api,high,97,10,Aphex Twin,Richard D. James Album,1996-11-04,281111401,,,https://music.apple.com/us/album/richard-d-james-album/281111401?uo=4,
album|aphex twin|selected ambient works 85 92,Aphex Twin,Selected Ambient Works 85-92,1992,1,087,core_graph_album,resolved,apple_itunes_search_api,high,97,13,Aphex Twin,Selected Ambient Works 85-92,1992-02-12,1668862636,,,https://music.apple.com/us/album/selected-ambient-works-85-92/1668862636?uo=4,
album|apples in stereo|fun trick noisemaker,The Apples in Stereo,Fun Trick Noisemaker,1995,1,075,core_graph_album,resolved,apple_itunes_search_api,high,97,13,The Apples In Stereo,Fun Trick Noisemaker,1995-05-02,303379240,,,https://music.apple.com/us/album/fun-trick-noisemaker/303379240?uo=4,
album|arcade fire|funeral,Arcade Fire,Funeral,2004,1,078,core_graph_album,resolved,apple_itunes_search_api,high,97,10,Arcade Fire,Funeral,2004-09-14,1249417623,,,https://music.apple.com/us/album/funeral/1249417623?uo=4,
album|arcade fire|neon bible,Arcade Fire,Neon Bible,2007,1,078,core_graph_album,resolved,apple_itunes_search_api,high,97,11,Arcade Fire,Neon Bible,2007-03-02,1252615522,,,https://music.apple.com/us/album/neon-bible/1252615522?uo=4,
album|archers of loaf|icky mettle,Archers of Loaf,Icky Mettle,1993,1,072,core_graph_album,resolved,musicbrainz_ws2,high,109,27,Archers of Loaf,Icky Mettle,1993,1839155231,1a366c4d-abb2-4b1f-8301-ba02d562fa98,7295dee6-7401-4235-a853-9d6aad253589,https://musicbrainz.org/release/7295dee6-7401-4235-a853-9d6aad253589,
album|architects|classic symptoms of a broken spirit,Architects,the classic symptoms of a broken spirit,2022,1,118,core_graph_album,resolved,musicbrainz_ws2,high,109,11,Architects,the classic symptoms of a broken spirit,2022-10-21,1630014304,b71b865c-08ae-45db-994e-1fa580b1ea35,dc33fdfb-1e00-4763-b001-e1bc70cf4619,https://musicbrainz.org/release/dc33fdfb-1e00-4763-b001-e1bc70cf4619,
album|architects|for those that wish to exist,Architects,For Those That Wish to Exist,2021,1,118,core_graph_album,resolved,musicbrainz_ws2,high,109,15,Architects,For Those That Wish to Exist,2021-02-26,1533388849,4a0f80ce-b194-4cb1-b601-5c09041b7643,669590fc-e87c-43ce-b06d-3459075413a4,https://musicbrainz.org/release/669590fc-e87c-43ce-b06d-3459075413a4,
album|architects|lost forever lost together,Architects,Lost Forever // Lost Together,2014,1,067,core_graph_album,resolved,musicbrainz_ws2,high,109,11,Architects,Lost Forever // Lost Together,2014-03-11,1485067251,b07d09d3-d8f9-44a2-9c14-5fc1897cf9dd,61ecae37-5682-4808-882c-309cec52d41d,https://musicbrainz.org/release/61ecae37-5682-4808-882c-309cec52d41d,
album|arctic monkeys|am,Arctic Monkeys,AM,2013,1,117,core_graph_album,resolved,apple_itunes_search_api,high,97,12,Arctic Monkeys,AM,2013-09-09,663097964,,,https://music.apple.com/us/album/am/663097964?uo=4,
album|arctic monkeys|favourite worst nightmare,Arctic Monkeys,Favourite Worst Nightmare,2007,1,079,core_graph_album,resolved,musicbrainz_ws2,high,109,12,Arctic Monkeys,Favourite Worst Nightmare,2007-04-24,251499221,f113fa38-7908-3ec9-8145-d2455e78a8b2,85feb97d-40fb-4637-9d28-30d0f20e490f,https://musicbrainz.org/release/85feb97d-40fb-4637-9d28-30d0f20e490f,
album|arctic monkeys|whatever people say i am that s what i m not,Arctic Monkeys,"Whatever People Say I Am, That's What I'm Not",2006,1,079,core_graph_album,resolved,musicbrainz_ws2,high,106,13,Arctic Monkeys,"Whatever People Say I Am, That’s What I’m Not",2006-02-21,111153953,6c9c4985-3628-3070-b956-b538f30c9bea,aa94ffcc-1c9b-39d6-953f-7aa803d8146c,https://musicbrainz.org/release/aa94ffcc-1c9b-39d6-953f-7aa803d8146c,
album|aretha franklin|amazing grace,Aretha Franklin,Amazing Grace,1972,1,108,context_candidate,resolved,musicbrainz_ws2,high,109,14,Aretha Franklin,Amazing Grace,1972,1628093959,9e9b6cb5-2398-3aa7-b0c3-80c73e30b663,9407256c-6c05-4720-9fbe-d6d9e6a10640,https://musicbrainz.org/release/9407256c-6c05-4720-9fbe-d6d9e6a10640,
album|aretha franklin|i never loved a man the way i love you,Aretha Franklin,I Never Loved a Man the Way I Love You,1967,1,038,core_graph_album,resolved,apple_itunes_search_api,high,97,11,Aretha Franklin,I Never Loved a Man the Way I Love You,1967-03-10,937107826,,,https://music.apple.com/us/album/i-never-loved-a-man-the-way-i-love-you/937107826?uo=4,
album|aretha franklin|lady soul,Aretha Franklin,Lady Soul,1968,1,038,core_graph_album,resolved,apple_itunes_search_api,high,97,10,Aretha Franklin,Lady Soul,1968-01-22,933585548,,,https://music.apple.com/us/album/lady-soul/933585548?uo=4,
album|ariana grande|eternal sunshine,Ariana Grande,Eternal Sunshine,2024,1,093,core_graph_album,resolved,apple_itunes_search_api,high,97,13,Ariana Grande,eternal sunshine,2024-03-08,1725913366,,,https://music.apple.com/us/album/eternal-sunshine/1725913366?uo=4,
album|ariana grande|sweetener,Ariana Grande,Sweetener,2018,1,091,core_graph_album,resolved,apple_itunes_search_api,high,97,15,Ariana Grande,Sweetener,2018-08-17,1399202900,,,https://music.apple.com/us/album/sweetener/1399202900?uo=4,
album|ariana grande|thank u next,Ariana Grande,"Thank U, Next",2019,1,091,core_graph_album,resolved,apple_itunes_search_api,high,97,12,Ariana Grande,"thank u, next",2019-02-08,1450333975,,,https://music.apple.com/us/album/thank-u-next/1450333975?uo=4,
album|arlo guthrie|alice s restaurant,Arlo Guthrie,Alice's Restaurant,1967,1,026,core_graph_album,resolved,apple_itunes_search_api,high,97,7,Arlo Guthrie,Alice's Restaurant,1967-09-01,41229184,,,https://music.apple.com/us/album/alices-restaurant/41229184?uo=4,
album|art blakey and the jazz messengers|moanin,Art Blakey and the Jazz Messengers,Moanin,1959,1,101,core_graph_album,resolved,apple_itunes_search_api,high,97,6,Art Blakey & The Jazz Messengers,Moanin',1959-01-01,1459438950,,,https://music.apple.com/us/album/moanin/1459438950?uo=4,lookup_track_count_below_catalog_track_count
album|as i lay dying|an ocean between us,As I Lay Dying,An Ocean Between Us,2007,1,067,core_graph_album,resolved,apple_itunes_search_api,high,97,12,As I Lay Dying,An Ocean Between Us,2007-08-21,259908993,,,https://music.apple.com/us/album/an-ocean-between-us/259908993?uo=4,
album|asake|mr money with the vibe,Asake,Mr. Money With the Vibe,2022,1,097,core_graph_album,resolved,apple_itunes_search_api,high,97,12,Asake,Mr. Money With The Vibe,2022-09-08,1636748658,,,https://music.apple.com/us/album/mr-money-with-the-vibe/1636748658?uo=4,
album|asking alexandria|stand up and scream,Asking Alexandria,Stand Up and Scream,2009,1,067,core_graph_album,resolved,musicbrainz_ws2,high,109,13,Asking Alexandria,Stand Up and Scream,2009-09-15,1817143440,2fe6161c-c3b9-48af-b432-4e6ef1e4aa8f,290b1686-f728-470d-ad5a-211d36cdf9df,https://musicbrainz.org/release/290b1686-f728-470d-ad5a-211d36cdf9df,
album|aso|two seven,Aso,Two / Seven,2016,1,120,core_graph_album,resolved,apple_itunes_search_api,medium,89,7,Aso,Two / Seven,2018-02-07,1513588851,,,https://music.apple.com/us/album/two-seven/1513588851?uo=4,
album|association|birthday,The Association,Birthday,1968,1,012,core_graph_album,resolved,apple_itunes_search_api,high,97,11,The Association,Birthday,1968-01-01,140777219,,,https://music.apple.com/us/album/birthday/140777219?uo=4,
album|association|insight out,The Association,Insight Out,1967,1,012,core_graph_album,resolved,apple_itunes_search_api,low,81,11,The Association,Insight Out (Mono),1967-01-01,943108295,,,https://music.apple.com/us/album/insight-out-mono/943108295?uo=4,
album|at the drive in|relationship of command,At the Drive-In,Relationship of Command,2000,1,060,core_graph_album,resolved,apple_itunes_search_api,high,97,13,At the Drive-In,Relationship of Command,2000-09-12,516380108,,,https://music.apple.com/us/album/relationship-of-command/516380108?uo=4,
album|at the gates|slaughter of the soul,At the Gates,Slaughter of the Soul,1995,1,068,boundary_candidate,resolved,apple_itunes_search_api,low,81,11,At The Gates,Slaughter of the Soul (Full Dynamic Range Edition),1995-11-14,913728923,,,https://music.apple.com/us/album/slaughter-of-the-soul-full-dynamic-range-edition/913728923?uo=4,
album|ataris|so long astoria,The Ataris,"So Long, Astoria",2003,1,076,core_graph_album,resolved,apple_itunes_search_api,high,97,15,The Ataris,"So Long, Astoria",2003-03-04,197887813,,,https://music.apple.com/us/album/so-long-astoria/197887813?uo=4,
album|atlanta rhythm section|champagne jam,Atlanta Rhythm Section,Champagne Jam,1978,1,019,core_graph_album,resolved,apple_itunes_search_api,high,97,8,Atlanta Rhythm Section,Champagne Jam,1978-01-01,1443498683,,,https://music.apple.com/us/album/champagne-jam/1443498683?uo=4,
album|atreyu|curse,Atreyu,The Curse,2004,1,067,core_graph_album,resolved,apple_itunes_search_api,high,97,13,Atreyu,The Curse,2004-06-29,1440946545,,,https://music.apple.com/us/album/the-curse/1440946545?uo=4,
album|autechre|amber,Autechre,Amber,1994,1,087,core_graph_album,resolved,apple_itunes_search_api,high,97,11,Autechre,Amber,1994-11-07,281074742,,,https://music.apple.com/us/album/amber/281074742?uo=4,
album|autechre|tri repetae,Autechre,Tri Repetae,1995,1,087,core_graph_album,resolved,apple_itunes_search_api,high,97,10,Autechre,Tri Repetae,1995-11-06,281109010,,,https://music.apple.com/us/album/tri-repetae/281109010?uo=4,
album|avenged sevenfold|city of evil,Avenged Sevenfold,City of Evil,2005,1,067,core_graph_album,resolved,apple_itunes_search_api,high,97,11,Avenged Sevenfold,City of Evil,2005-06-06,156740116,,,https://music.apple.com/us/album/city-of-evil/156740116?uo=4,
album|avenged sevenfold|waking the fallen,Avenged Sevenfold,Waking the Fallen,2003,1,067,core_graph_album,resolved,musicbrainz_ws2,high,109,23,Avenged Sevenfold,Waking the Fallen,2003-08-26,898356710,1c7120ae-32b6-3693-8974-599977b01601,8cb53cf6-48b4-4422-b6ed-6e5554317011,https://musicbrainz.org/release/8cb53cf6-48b4-4422-b6ed-6e5554317011,
album|aventura|we broke the rules,Aventura,We Broke the Rules,2002,1,096,core_graph_album,resolved,apple_itunes_search_api,high,97,10,Aventura,We Broke the Rules,2002-07-02,211280098,,,https://music.apple.com/us/album/we-broke-the-rules/211280098?uo=4,
album|avett brothers|i and love and you,The Avett Brothers,I and Love and You,2009,1,030,core_graph_album,resolved,apple_itunes_search_api,high,97,13,The Avett Brothers,I and Love and You,2009-01-01,1440812083,,,https://music.apple.com/us/album/i-and-love-and-you/1440812083?uo=4,
album|avicii|true,Avicii,True,2013,1,083,core_graph_album,resolved,apple_itunes_search_api,low,78,9,Avicii,True: Avicii By Avicii,2014-03-24,1440824514,,,https://music.apple.com/us/album/true-avicii-by-avicii/1440824514?uo=4,
album|ayra starr|19 and dangerous,Ayra Starr,19 & Dangerous,2021,1,097,core_graph_album,resolved,musicbrainz_ws2,high,109,11,Ayra Starr,19 & Dangerous,2021-08-06,1576666385,9e0ab011-3a6f-4e16-a670-aa3e3ab199c6,d3f77783-85c9-407a-905b-c84afaaf1095,https://musicbrainz.org/release/d3f77783-85c9-407a-905b-c84afaaf1095,
album|b 52 s|b 52 s,The B-52's,The B-52's,1979,1,057,core_graph_album,resolved,apple_itunes_search_api,high,97,9,The B-52's,The B-52's,1979-07-06,983126000,,,https://music.apple.com/us/album/the-b-52s/983126000?uo=4,
album|baaba maal|nomad soul,Baaba Maal,Nomad Soul,1998,1,099,core_graph_album,resolved,apple_itunes_search_api,high,97,11,Baaba Maal,Nomad Soul,1998-07-14,3097806,,,https://music.apple.com/us/album/nomad-soul/3097806?uo=4,
album|babes in toyland|fontanelle,Babes in Toyland,Fontanelle,1992,1,070,core_graph_album,resolved,musicbrainz_ws2,high,109,15,Babes in Toyland,Fontanelle,1992-08-11,300957229,effc8fd7-7dd2-3458-ac77-734fa22e54bb,29e47ad3-f219-42e2-ab5c-a24f23fb601b,https://musicbrainz.org/release/29e47ad3-f219-42e2-ab5c-a24f23fb601b,
album|babymetal|metal resistance,BABYMETAL,Metal Resistance,2016,1,098,boundary_candidate,resolved,apple_itunes_search_api,high,97,12,BABYMETAL,METAL RESISTANCE,2016-04-01,1830273195,,,https://music.apple.com/us/album/metal-resistance/1830273195?uo=4,
album|backstreet boys|black and blue,Backstreet Boys,Black & Blue,2000,1,089,core_graph_album,resolved,apple_itunes_search_api,high,97,13,Backstreet Boys,Black & Blue,2000-11-21,303171231,,,https://music.apple.com/us/album/black-blue/303171231?uo=4,
album|backstreet boys|millennium,Backstreet Boys,Millennium,1999,1,089,core_graph_album,resolved,apple_itunes_search_api,high,97,12,Backstreet Boys,Millennium,1999-05-18,283567119,,,https://music.apple.com/us/album/millennium/283567119?uo=4,
album|bad brains|bad brains,Bad Brains,Bad Brains,1982,1,055,core_graph_album,resolved,musicbrainz_ws2,high,109,15,Bad Brains,Bad Brains,1982,,458f4bdf-ffbe-3643-977a-73e80d3d7b08,dcf077df-8856-4961-a0a0-e181a794ca61,https://musicbrainz.org/release/dcf077df-8856-4961-a0a0-e181a794ca61,
album|bad brains|rock for light,Bad Brains,Rock for Light,1983,1,055,core_graph_album,resolved,musicbrainz_ws2,high,109,20,Bad Brains,Rock for Light,1983-03,1302287380,876288a6-9b52-342b-a998-4d7dc01bc8bf,2de607cb-2854-455f-933e-833885f4d3d2,https://musicbrainz.org/release/2de607cb-2854-455f-933e-833885f4d3d2,
album|bad bunny|un verano sin ti,Bad Bunny,Un Verano Sin Ti,2022,1,094,core_graph_album,resolved,musicbrainz_ws2,high,109,23,Bad Bunny,Un verano sin ti,2022-05-06,1622045624,e992b449-141b-4aea-b07b-9b2a478a8570,aded3f90-b758-451a-aad7-711d5985b05f,https://musicbrainz.org/release/aded3f90-b758-451a-aad7-711d5985b05f,
album|bad bunny|yhlqmdlg,Bad Bunny,YHLQMDLG,2020,1,094,core_graph_album,resolved,musicbrainz_ws2,high,109,20,Bad Bunny,YHLQMDLG,2020-02-29,1500776322,e20e0bc0-4660-461b-8ac7-14ad2459cda6,c7827a8b-46c2-4fa3-8fab-d1c1a04bc1ad,https://musicbrainz.org/release/c7827a8b-46c2-4fa3-8fab-d1c1a04bc1ad,
album|bad company|bad company,Bad Company,Bad Company,1974,1,017,core_graph_album,resolved,apple_itunes_search_api,high,97,8,Bad Company,Bad Company,1974-06-15,978942690,,,https://music.apple.com/us/album/bad-company/978942690?uo=4,
album|bad omens|death of peace of mind,Bad Omens,The Death of Peace of Mind,2022,2,067;118,boundary_candidate;core_graph_album,resolved,musicbrainz_ws2,high,109,15,Bad Omens,THE DEATH OF PEACE OF MIND,2022-05-27,1817382334,3b75caf3-907a-463a-828c-7aa5e929bd7e,1729a094-5c29-44a5-9627-6706af50b5bf,https://musicbrainz.org/release/1729a094-5c29-44a5-9627-6706af50b5bf,
album|bad religion|recipe for hate,Bad Religion,Recipe for Hate,1993,1,076,core_graph_album,resolved,musicbrainz_ws2,high,109,14,Bad Religion,Recipe for Hate,1993-06-04,1485011076,3e38adc0-bb7d-39d1-a811-7ce6db5d869d,6df8cc11-d183-41f1-89f3-c71726b73ec2,https://musicbrainz.org/release/6df8cc11-d183-41f1-89f3-c71726b73ec2,
album|bad religion|stranger than fiction,Bad Religion,Stranger Than Fiction,1994,1,076,core_graph_album,resolved,musicbrainz_ws2,high,109,17,Bad Religion,Stranger Than Fiction,1994-08-30,1485011728,6415981c-4a20-3035-8817-7bf5a5398035,8f257750-da1e-402b-a5c7-a33dec23e0f1,https://musicbrainz.org/release/8f257750-da1e-402b-a5c7-a33dec23e0f1,
album|badfinger|no dice,Badfinger,No Dice,1970,1,021,core_graph_album,resolved,musicbrainz_ws2,high,109,19,Badfinger,No Dice,1970-11-09,771772437,7c049c8c-0581-34ea-9c77-9aafd83d1ec4,2bcbc91f-c282-3ca0-a81f-d47c11be46a3,https://musicbrainz.org/release/2bcbc91f-c282-3ca0-a81f-d47c11be46a3,
album|badfinger|straight up,Badfinger,Straight Up,1971,1,021,core_graph_album,resolved,musicbrainz_ws2,high,109,18,Badfinger,Straight Up,1971-12-13,771784195,df33a2f4-cd8a-38e2-819c-cc949047ae8c,dbe2fa6a-6aec-4f90-a847-fbb6fa9865f9,https://musicbrainz.org/release/dbe2fa6a-6aec-4f90-a847-fbb6fa9865f9,
album|band|music from big pink,The Band,Music from Big Pink,1968,1,019,core_graph_album,resolved,musicbrainz_ws2,high,109,11,The Band,Music From Big Pink,1968-07-01,1440814725,466fddac-8006-3e71-bbe7-7aa0f587aa88,afacbcab-cdf6-408f-a483-abaa06b618f6,https://musicbrainz.org/release/afacbcab-cdf6-408f-a483-abaa06b618f6,
album|barry manilow|barry manilow ii,Barry Manilow,Barry Manilow II,1974,1,025,core_graph_album,resolved,apple_itunes_search_api,high,97,12,Barry Manilow,Barry Manilow II,1974-10-01,177409903,,,https://music.apple.com/us/album/barry-manilow-ii/177409903?uo=4,
album|barry white|can t get enough,Barry White,Can't Get Enough,1974,1,041,core_graph_album,resolved,apple_itunes_search_api,high,97,7,Barry White,Can't Get Enough,1974-08-06,1431053185,,,https://music.apple.com/us/album/cant-get-enough/1431053185?uo=4,
album|basement jaxx|remedy,Basement Jaxx,Remedy,1999,1,081,core_graph_album,resolved,apple_itunes_search_api,high,97,15,Basement Jaxx,Remedy,1999-05-10,1540691197,,,https://music.apple.com/us/album/remedy/1540691197?uo=4,
album|basement jaxx|rooty,Basement Jaxx,Rooty,2001,1,081,core_graph_album,resolved,apple_itunes_search_api,high,97,13,Basement Jaxx,Rooty,2001-06-25,298596947,,,https://music.apple.com/us/album/rooty/298596947?uo=4,
album|basic channel|bcd,Basic Channel,BCD,1995,1,082,core_graph_album,resolved,apple_itunes_search_api,high,97,11,Basic Channel,BCD,1995-02-04,47297384,,,https://music.apple.com/us/album/bcd/47297384?uo=4,
album|bathory|under the sign of the black mark,Bathory,Under the Sign of the Black Mark,1987,1,068,core_graph_album,resolved,apple_itunes_search_api,high,97,10,Bathory,Under the Sign of the Black Mark,1987-01-01,1438969117,,,https://music.apple.com/us/album/under-the-sign-of-the-black-mark/1438969117?uo=4,
album|bauhaus|in the flat field,Bauhaus,In the Flat Field,1980,1,056,core_graph_album,resolved,musicbrainz_ws2,high,109,18,Bauhaus,In the Flat Field,1980-10,1025316248,0fc9f4c7-ee00-39ec-a767-4574823c2064,4ab8b678-e655-49ac-a89a-38e7e3d2b0b0,https://musicbrainz.org/release/4ab8b678-e655-49ac-a89a-38e7e3d2b0b0,
album|be bop deluxe|axe victim,Be-Bop Deluxe,Axe Victim,1974,1,020,core_graph_album,resolved,apple_itunes_search_api,high,97,10,Be Bop Deluxe,Axe Victim,1974-01-01,1772323082,,,https://music.apple.com/us/album/axe-victim/1772323082?uo=4,
album|be bop deluxe|futurama,Be-Bop Deluxe,Futurama,1975,1,020,core_graph_album,resolved,apple_itunes_search_api,high,97,9,Be Bop Deluxe,Futurama,1975-07-01,1769042441,,,https://music.apple.com/us/album/futurama/1769042441?uo=4,
album|beach boys|all summer long,The Beach Boys,All Summer Long,1964,1,007,core_graph_album,resolved,apple_itunes_search_api,high,97,12,The Beach Boys,All Summer Long,1964-07-13,1443160899,,,https://music.apple.com/us/album/all-summer-long/1443160899?uo=4,
album|beach boys|friends,The Beach Boys,Friends,1968,1,012,core_graph_album,resolved,apple_itunes_search_api,high,97,12,The Beach Boys,Friends,1968-01-01,1443088446,,,https://music.apple.com/us/album/friends/1443088446?uo=4,
album|beach boys|little deuce coupe,The Beach Boys,Little Deuce Coupe,1963,1,007,core_graph_album,resolved,apple_itunes_search_api,high,97,12,The Beach Boys,Little Deuce Coupe,1963-01-01,1443137734,,,https://music.apple.com/us/album/little-deuce-coupe/1443137734?uo=4,
album|beach boys|pet sounds,The Beach Boys,Pet Sounds,1966,1,013,core_graph_album,resolved,apple_itunes_search_api,high,97,13,The Beach Boys,Pet Sounds,1966-05-16,1440841241,,,https://music.apple.com/us/album/pet-sounds/1440841241?uo=4,
album|beach boys|surfer girl,The Beach Boys,Surfer Girl,1963,1,007,core_graph_album,resolved,apple_itunes_search_api,high,97,12,The Beach Boys,Surfer Girl,1963-01-01,1442921264,,,https://music.apple.com/us/album/surfer-girl/1442921264?uo=4,
album|beach boys|surfin safari,The Beach Boys,Surfin' Safari,1962,1,007,core_graph_album,resolved,apple_itunes_search_api,high,97,12,The Beach Boys,Surfin' Safari,1962-01-01,1442871699,,,https://music.apple.com/us/album/surfin-safari/1442871699?uo=4,
album|beach boys|surfin u s a,The Beach Boys,Surfin' U.S.A.,1963,1,007,core_graph_album,resolved,musicbrainz_ws2,high,104,12,The Beach Boys,Surfin’ U.S.A.,1963-03-04,1443101236,07013160-cced-3c32-9870-fe2b1467fad7,65fa348a-e246-4f47-889f-4819a9d966d0,https://musicbrainz.org/release/65fa348a-e246-4f47-889f-4819a9d966d0,
album|beach house|teen dream,Beach House,Teen Dream,2010,1,073,core_graph_album,resolved,musicbrainz_ws2,high,109,12,Beach House,Teen Dream,2010-01-16,349535407,4114f899-a9d2-48a8-b597-8a5ca8bb6847,a92f8b5e-76a7-48a8-88d0-17e67f0714c8,https://musicbrainz.org/release/a92f8b5e-76a7-48a8-88d0-17e67f0714c8,
album|beartooth|disgusting,Beartooth,Disgusting,2014,1,118,core_graph_album,resolved,apple_itunes_search_api,high,97,12,Beartooth,Disgusting,2014-06-10,872815920,,,https://music.apple.com/us/album/disgusting/872815920?uo=4,
album|beartooth|surface,Beartooth,The Surface,2023,1,118,core_graph_album,resolved,musicbrainz_ws2,high,109,11,Beartooth,The Surface,2023-10-13,1692844946,f4497d72-9e1b-4e8c-b435-cb685892c4ba,322a9168-e106-4fd6-a853-0b9dff537dee,https://musicbrainz.org/release/322a9168-e106-4fd6-a853-0b9dff537dee,
album|beastie boys|licensed to ill,Beastie Boys,Licensed to Ill,1986,1,045,core_graph_album,resolved,apple_itunes_search_api,high,97,13,Beastie Boys,Licensed to Ill,1986-11-15,1440912031,,,https://music.apple.com/us/album/licensed-to-ill/1440912031?uo=4,
album|beat happening|you turn me on,Beat Happening,You Turn Me On,1992,1,072,core_graph_album,resolved,apple_itunes_search_api,high,97,9,Beat Happening,You Turn Me On,1992-02-10,1649380863,,,https://music.apple.com/us/album/you-turn-me-on/1649380863?uo=4,
album|beat|beat,The Beat,The Beat,1979,1,021,core_graph_album,resolved,musicbrainz_ws2,high,109,13,The Beat,The Beat,1979,855019687,0800c2e3-a2cb-318a-b665-fd290d0da4a2,57cd2814-c302-4c26-963a-b50116fb698b,https://musicbrainz.org/release/57cd2814-c302-4c26-963a-b50116fb698b,
album|beatles|a hard day s night,The Beatles,A Hard Day's Night,1964,1,008,core_graph_album,resolved,apple_itunes_search_api,high,97,13,The Beatles,A Hard Day's Night,1964-07-10,1441164416,,,https://music.apple.com/us/album/a-hard-days-night/1441164416?uo=4,lookup_track_count_below_catalog_track_count
album|beatles|magical mystery tour,The Beatles,Magical Mystery Tour,1967,1,013,core_graph_album,resolved,apple_itunes_search_api,high,97,11,The Beatles,Magical Mystery Tour,1967-11-27,1441163490,,,https://music.apple.com/us/album/magical-mystery-tour/1441163490?uo=4,lookup_track_count_below_catalog_track_count
album|beatles|revolver,The Beatles,Revolver,1966,1,013,core_graph_album,resolved,apple_itunes_search_api,high,97,14,The Beatles,Revolver,1966-08-05,1441164670,,,https://music.apple.com/us/album/revolver/1441164670?uo=4,lookup_track_count_below_catalog_track_count
album|beatles|rubber soul,The Beatles,Rubber Soul,1965,1,010,core_graph_album,resolved,apple_itunes_search_api,high,97,14,The Beatles,Rubber Soul,1965-12-03,1441164359,,,https://music.apple.com/us/album/rubber-soul/1441164359?uo=4,lookup_track_count_below_catalog_track_count
album|beatles|sgt pepper s lonely hearts club band,The Beatles,Sgt. Pepper's Lonely Hearts Club Band,1967,1,013,core_graph_album,resolved,apple_itunes_search_api,high,97,13,The Beatles,Sgt. Pepper's Lonely Hearts Club Band,1967-06-01,1441164604,,,https://music.apple.com/us/album/sgt-peppers-lonely-hearts-club-band/1441164604?uo=4,lookup_track_count_below_catalog_track_count
album|beatles|with the beatles,The Beatles,With The Beatles,1963,1,008,core_graph_album,resolved,apple_itunes_search_api,high,97,14,The Beatles,With The Beatles,1963-11-22,1441164362,,,https://music.apple.com/us/album/with-the-beatles/1441164362?uo=4,lookup_track_count_below_catalog_track_count
album|beau brummels|bradley s barn,The Beau Brummels,Bradley's Barn,1968,1,009,boundary_candidate,resolved,apple_itunes_search_api,high,97,11,The Beau Brummels,Bradley's Barn,1968-10-01,63606568,,,https://music.apple.com/us/album/bradleys-barn/63606568?uo=4,
album|beau brummels|introducing the beau brummels,The Beau Brummels,Introducing The Beau Brummels,1965,1,009,core_graph_album,resolved,apple_itunes_search_api,high,97,12,The Beau Brummels,Introducing the Beau Brummels,1965-04-01,40286494,,,https://music.apple.com/us/album/introducing-the-beau-brummels/40286494?uo=4,
album|beau brummels|triangle,The Beau Brummels,Triangle,1967,1,009,core_graph_album,resolved,apple_itunes_search_api,high,97,11,The Beau Brummels,Triangle,1967-07-01,68091978,,,https://music.apple.com/us/album/triangle/68091978?uo=4,
album|bebel gilberto|tanto tempo,Bebel Gilberto,Tanto Tempo,2000,1,099,core_graph_album,resolved,apple_itunes_search_api,high,97,11,Bebel Gilberto,Tanto Tempo,2000-04-25,275982175,,,https://music.apple.com/us/album/tanto-tempo/275982175?uo=4,
album|bee gees|horizontal,Bee Gees,Horizontal,1968,1,012,core_graph_album,resolved,apple_itunes_search_api,high,97,12,Bee Gees,Horizontal,1968-01-01,1444171490,,,https://music.apple.com/us/album/horizontal/1444171490?uo=4,
album|bee gees|idea,Bee Gees,Idea,1968,1,012,core_graph_album,resolved,apple_itunes_search_api,high,97,13,Bee Gees,Idea,1968-01-01,1443382585,,,https://music.apple.com/us/album/idea/1443382585?uo=4,
album|bee gees|spirits having flown,Bee Gees,Spirits Having Flown,1979,1,040,core_graph_album,resolved,apple_itunes_search_api,high,97,10,Bee Gees,Spirits Having Flown,1979-02-05,1423191432,,,https://music.apple.com/us/album/spirits-having-flown/1423191432?uo=4,
album|behemoth|satanist,Behemoth,The Satanist,2014,1,068,core_graph_album,resolved,apple_itunes_search_api,high,97,9,Behemoth,The Satanist,2014-02-03,765742794,,,https://music.apple.com/us/album/the-satanist/765742794?uo=4,
album|beirut|gulag orkestar,Beirut,Gulag Orkestar,2006,1,078,core_graph_album,resolved,apple_itunes_search_api,high,97,11,Beirut,Gulag Orkestar,2006-05-06,1309594825,,,https://music.apple.com/us/album/gulag-orkestar/1309594825?uo=4,
album|belly|star,Belly,Star,1993,1,074,core_graph_album,resolved,apple_itunes_search_api,high,97,15,Belly,Star,1993-01-25,358058146,,,https://music.apple.com/us/album/star/358058146?uo=4,
album|ben e king|don t play that song,Ben E. King,Don't Play That Song!,1962,1,006,core_graph_album,resolved,apple_itunes_search_api,high,97,12,Ben E. King,Don't Play That Song!,1962-08-20,68211636,,,https://music.apple.com/us/album/dont-play-that-song/68211636?uo=4,
album|ben folds five|whatever and ever amen,Ben Folds Five,Whatever and Ever Amen,1997,1,025,core_graph_album,resolved,musicbrainz_ws2,high,109,12,Ben Folds Five,Whatever and Ever Amen,1997-03-18,158714886,f0731ed9-b6fd-3b1f-b95c-1c55041e492b,16f7f1e7-c2a8-478a-a213-98a8c4a34ea3,https://musicbrainz.org/release/16f7f1e7-c2a8-478a-a213-98a8c4a34ea3,
album|ben folds|rockin the suburbs,Ben Folds,Rockin' the Suburbs,2001,1,025,core_graph_album,resolved,musicbrainz_ws2,high,109,12,Ben Folds,Rockin’ the Suburbs,2001-09-11,190084442,b110c311-9cd1-3a5e-82e2-6ab07a1665c7,f6b84141-017d-413e-878b-dfed172ae382,https://musicbrainz.org/release/f6b84141-017d-413e-878b-dfed172ae382,
album|ben howard|every kingdom,Ben Howard,Every Kingdom,2011,1,030,core_graph_album,resolved,apple_itunes_search_api,high,97,11,Ben Howard,Every Kingdom,2011-01-01,1440804636,,,https://music.apple.com/us/album/every-kingdom/1440804636?uo=4,
album|benson boone|fireworks and rollerblades,Benson Boone,Fireworks & Rollerblades,2024,1,093,core_graph_album,resolved,apple_itunes_search_api,high,97,15,Benson Boone,Fireworks & Rollerblades,2024-04-05,1736051351,,,https://music.apple.com/us/album/fireworks-rollerblades/1736051351?uo=4,
album|bethel music|we will not be shaken,Bethel Music,We Will Not Be Shaken,2015,1,110,core_graph_album,resolved,musicbrainz_ws2,high,109,11,Bethel Music,We Will Not Be Shaken,2015-01,1748138640,332a3ed7-d646-4b22-8a86-573d31238949,0777a24e-4688-4932-ae4e-e55cae76e2cd,https://musicbrainz.org/release/0777a24e-4688-4932-ae4e-e55cae76e2cd,
album|beths|future me hates me,The Beths,Future Me Hates Me,2018,1,075,core_graph_album,resolved,apple_itunes_search_api,high,97,10,The Beths,Future Me Hates Me,2018-08-10,1583598359,,,https://music.apple.com/us/album/future-me-hates-me/1583598359?uo=4,
album|beyonce|b day,Beyonce,B'Day,2006,1,090,core_graph_album,resolved,apple_itunes_search_api,high,97,13,Beyoncé,B'Day,2006-09-04,296790269,,,https://music.apple.com/us/album/bday/296790269?uo=4,lookup_track_count_below_catalog_track_count
album|beyonce|i am sasha fierce,Beyonce,I Am... Sasha Fierce,2008,1,090,core_graph_album,resolved,apple_itunes_search_api,high,97,12,Beyoncé,I AM...SASHA FIERCE,2008-11-12,296016891,,,https://music.apple.com/us/album/i-am-sasha-fierce/296016891?uo=4,
album|beyonce|lemonade,Beyonce,Lemonade,2016,1,091,core_graph_album,resolved,musicbrainz_ws2,high,109,13,Beyoncé,LEMONADE,2016-04-23,1460430561,c1f22e07-7bdf-4a4f-8b50-7747c1091ef6,19c88bb5-1300-4bf3-b743-76e159d60b3a,https://musicbrainz.org/release/19c88bb5-1300-4bf3-b743-76e159d60b3a,
album|big black|atomizer,Big Black,Atomizer,1986,1,060,core_graph_album,resolved,musicbrainz_ws2,high,109,10,Big Black,Atomizer,1986-01,1120138003,94e3e968-4a8d-3d2f-9538-b96c0bfa2a06,ed007f01-f804-39bc-b980-09ac36dd5f73,https://musicbrainz.org/release/ed007f01-f804-39bc-b980-09ac36dd5f73,
album|big black|songs about fucking,Big Black,Songs About Fucking,1987,1,060,core_graph_album,resolved,musicbrainz_ws2,high,109,13,Big Black,Songs About Fucking,1987,443085887,fcaabc32-5f03-3ade-b2cf-68c8c9615b6a,4a89a2f8-f139-41d9-abb9-f1e553c7b030,https://musicbrainz.org/release/4a89a2f8-f139-41d9-abb9-f1e553c7b030,
album|big brother and the holding company|cheap thrills,Big Brother and the Holding Company,Cheap Thrills,1968,1,014,core_graph_album,resolved,apple_itunes_search_api,medium,87,11,Big Brother & The Holding Company & Janis Joplin,Cheap Thrills,1968-08-12,203773381,,,https://music.apple.com/us/album/cheap-thrills/203773381?uo=4,
album|big daddy kane|long live the kane,Big Daddy Kane,Long Live the Kane,1988,1,045,core_graph_album,resolved,musicbrainz_ws2,high,109,10,Big Daddy Kane,Long Live the Kane,1988-06-21,442164816,1290169e-b938-3b21-83e4-ec7dc2c0f70a,920af7b1-3a8b-4129-a881-7c9c6877b0ef,https://musicbrainz.org/release/920af7b1-3a8b-4129-a881-7c9c6877b0ef,
album|big joe turner|boss of the blues,Big Joe Turner,Boss of the Blues,1956,1,001,core_graph_album,resolved,apple_itunes_search_api,low,81,10,Big Joe Turner,The Boss of the Blues Sings Kansas City Jazz,1956-11-12,1834652998,,,https://music.apple.com/us/album/the-boss-of-the-blues-sings-kansas-city-jazz/1834652998?uo=4,
album|big l|lifestylez ov da poor and dangerous,Big L,Lifestylez ov da Poor & Dangerous,1995,1,048,core_graph_album,resolved,musicbrainz_ws2,high,109,12,Big L,Lifestylez ov da Poor & Dangerous,1995-03-28,171028409,9a29e57d-dd1c-35c1-bb05-d220bcb656d6,9f06636b-affd-4900-b8ad-c8b0892fdf2f,https://musicbrainz.org/release/9f06636b-affd-4900-b8ad-c8b0892fdf2f,
album|big pun|capital punishment,Big Pun,Capital Punishment,1998,1,048,core_graph_album,resolved,musicbrainz_ws2,high,109,24,Big Pun,Capital Punishment,1998-04-28,253530902,ac26d603-af30-3f88-8cee-3b2be29ea9e1,5ff73aa7-2326-444e-9204-1125f2bd4684,https://musicbrainz.org/release/5ff73aa7-2326-444e-9204-1125f2bd4684,
album|big star|1 record,Big Star,#1 Record,1972,1,021,core_graph_album,resolved,apple_itunes_search_api,high,97,12,Big Star,#1 Record,1972-04-24,1422691834,,,https://music.apple.com/us/album/1-record/1422691834?uo=4,lookup_track_count_below_catalog_track_count
album|big star|radio city,Big Star,Radio City,1974,1,021,core_graph_album,resolved,apple_itunes_search_api,high,97,12,Big Star,Radio City,1974-01-01,1442997142,,,https://music.apple.com/us/album/radio-city/1442997142?uo=4,lookup_track_count_below_catalog_track_count
album|big thief|dragon new warm mountain i believe in you,Big Thief,Dragon New Warm Mountain I Believe in You,2022,1,116,core_graph_album,resolved,apple_itunes_search_api,high,97,20,Big Thief,Dragon New Warm Mountain I Believe In You,2022-02-11,1591284600,,,https://music.apple.com/us/album/dragon-new-warm-mountain-i-believe-in-you/1591284600?uo=4,
album|bigbang|made,BIGBANG,Made,2016,1,098,core_graph_album,resolved,apple_itunes_search_api,high,97,11,BIGBANG,MADE,2016-12-13,1313175579,,,https://music.apple.com/us/album/made/1313175579?uo=4,
album|bikini kill|pussy whipped,Bikini Kill,Pussy Whipped,1993,1,074,core_graph_album,resolved,musicbrainz_ws2,high,109,12,Bikini Kill,Pussy Whipped,1993-10-26,540503667,db966c6a-8a3d-3868-afec-7829914d64e0,5865e72f-007f-4849-a15a-e7f77dc7402c,https://musicbrainz.org/release/5865e72f-007f-4849-a15a-e7f77dc7402c,
album|bilal|1st born second,Bilal,1st Born Second,2001,1,043,core_graph_album,resolved,apple_itunes_search_api,high,97,17,Bilal,1st Born Second,2001-01-01,1443567239,,,https://music.apple.com/us/album/1st-born-second/1443567239?uo=4,
album|bill evans trio|waltz for debby,Bill Evans Trio,Waltz for Debby,1962,1,101,core_graph_album,resolved,musicbrainz_ws2,high,101,10,"Bill Evans Trio with Scott LaFaro, Paul Motian",Waltz for Debby,1962,1440747830,392e7fcf-5ae9-37f6-b8c9-57901cfbee1f,b866e6df-abc3-48cd-9ecd-62acf6da47de,https://musicbrainz.org/release/b866e6df-abc3-48cd-9ecd-62acf6da47de,
album|bill haley and his comets|rock around the clock,Bill Haley & His Comets,Rock Around the Clock,1955,1,001,core_graph_album,resolved,apple_itunes_search_api,high,97,12,Bill Haley and His Comets,Rock Around the Clock,1955-12-19,1445775117,,,https://music.apple.com/us/album/rock-around-the-clock/1445775117?uo=4,
album|bill labounty|bill labounty,Bill LaBounty,Bill LaBounty,1982,1,023,core_graph_album,resolved,apple_itunes_search_api,high,97,10,Bill LaBounty,Bill Labounty,1982-01-01,390695258,,,https://music.apple.com/us/album/bill-labounty/390695258?uo=4,
album|bill labounty|this night won t last forever,Bill LaBounty,This Night Won't Last Forever,1978,1,023,core_graph_album,resolved,apple_itunes_search_api,high,97,10,Bill LaBounty,This Night Won't Last Forever,1978-02-14,82347322,,,https://music.apple.com/us/album/this-night-wont-last-forever/82347322?uo=4,
album|billie eilish|when we all fall asleep where do we go,Billie Eilish,"When We All Fall Asleep, Where Do We Go?",2019,1,091,core_graph_album,resolved,apple_itunes_search_api,high,97,14,Billie Eilish,"WHEN WE ALL FALL ASLEEP, WHERE DO WE GO?",2019-03-29,1450695723,,,https://music.apple.com/us/album/when-we-all-fall-asleep-where-do-we-go/1450695723?uo=4,
album|billie holiday|lady in satin,Billie Holiday,Lady in Satin,1958,1,100,core_graph_album,resolved,musicbrainz_ws2,high,109,11,Billie Holiday,Lady in Satin,1958,1689286255,cf7bc239-a3ba-3d87-80e5-261f750cb560,26de5031-ba05-4f29-a4b5-72b634a56434,https://musicbrainz.org/release/26de5031-ba05-4f29-a4b5-72b634a56434,
album|billy bragg and wilco|mermaid avenue,Billy Bragg and Wilco,Mermaid Avenue,1998,1,028,core_graph_album,resolved,apple_itunes_search_api,high,97,15,Billy Bragg & Wilco,Mermaid Avenue,1998-06-23,1679829563,,,https://music.apple.com/us/album/mermaid-avenue/1679829563?uo=4,
album|billy idol|rebel yell,Billy Idol,Rebel Yell,1983,1,057,core_graph_album,resolved,apple_itunes_search_api,high,97,9,Billy Idol,Rebel Yell,1983-11-10,1440901660,,,https://music.apple.com/us/album/rebel-yell/1440901660?uo=4,
album|billy joe shaver|old five and dimers like me,Billy Joe Shaver,Old Five and Dimers Like Me,1973,1,027,core_graph_album,resolved,apple_itunes_search_api,high,97,13,Billy Joe Shaver,Old Five And Dimers Like Me,1973-04-27,922126529,,,https://music.apple.com/us/album/old-five-and-dimers-like-me/922126529?uo=4,
album|billy joel|52nd street,Billy Joel,52nd Street,1978,1,025,core_graph_album,resolved,apple_itunes_search_api,high,97,9,Billy Joel,52nd Street,1978-10-12,259573387,,,https://music.apple.com/us/album/52nd-street/259573387?uo=4,
album|billy joel|an innocent man,Billy Joel,An Innocent Man,1983,1,088,core_graph_album,resolved,apple_itunes_search_api,high,97,10,Billy Joel,An Innocent Man,1983-08-08,259814641,,,https://music.apple.com/us/album/an-innocent-man/259814641?uo=4,
album|billy joel|piano man,Billy Joel,Piano Man,1973,1,025,core_graph_album,resolved,apple_itunes_search_api,high,97,10,Billy Joel,Piano Man,1973-11-14,158617297,,,https://music.apple.com/us/album/piano-man/158617297?uo=4,
album|billy joel|stranger,Billy Joel,The Stranger,1977,3,016;022;025,core_graph_album,resolved,apple_itunes_search_api,high,97,9,Billy Joel,The Stranger,1977-09-29,158617952,,,https://music.apple.com/us/album/the-stranger/158617952?uo=4,
album|billy ray cyrus|some gave all,Billy Ray Cyrus,Some Gave All,1992,1,034,boundary_candidate,resolved,apple_itunes_search_api,high,97,10,Billy Ray Cyrus,Some Gave All,1992-01-01,1440756021,,,https://music.apple.com/us/album/some-gave-all/1440756021?uo=4,
album|bing crosby|bing his legendary years 1931 1957,Bing Crosby,"Bing: His Legendary Years, 1931-1957",1993,1,100,core_graph_album,resolved,apple_itunes_search_api,low,81,101,Bing Crosby,Bing: His Legendary Years 1931-1957 (Box Set),1993-01-01,1445743386,,,https://music.apple.com/us/album/bing-his-legendary-years-1931-1957-box-set/1445743386?uo=4,lookup_track_count_below_catalog_track_count;large_track_count_review_recommended
album|bing crosby|merry christmas,Bing Crosby,Merry Christmas,1945,1,112,context_candidate,resolved,musicbrainz_ws2,high,109,12,Bing Crosby,Merry Christmas,1945,1425234668,a82c4b78-9e9a-390c-af1f-3c8a8a44c555,7a33ebc1-b283-44f8-a401-8f18d59e78a4,https://musicbrainz.org/release/7a33ebc1-b283-44f8-a401-8f18d59e78a4,
album|bjork|homogenic,Bjork,Homogenic,1997,1,087,core_graph_album,resolved,musicbrainz_ws2,high,109,10,Björk,Homogenic,1997-09-27,20833577,810272e0-aef1-3d85-b2d3-e512e87fc38c,7a2ad97a-55e9-48a4-953b-45ddc10f7f0f,https://musicbrainz.org/release/7a2ad97a-55e9-48a4-953b-45ddc10f7f0f,
album|black box|dreamland,Black Box,Dreamland,1990,1,081,core_graph_album,resolved,apple_itunes_search_api,high,97,9,Black Box,Dreamland,1990-05-08,690357437,,,https://music.apple.com/us/album/dreamland/690357437?uo=4,
album|black country new road|ants from up there,"Black Country, New Road",Ants From Up There,2022,1,115,boundary_candidate,resolved,apple_itunes_search_api,high,97,10,"Black Country, New Road",Ants From Up There,2022-02-04,1586070259,,,https://music.apple.com/us/album/ants-from-up-there/1586070259?uo=4,
album|black crowes|shake your money maker,The Black Crowes,Shake Your Money Maker,1990,1,019,core_graph_album,resolved,apple_itunes_search_api,high,97,10,The Black Crowes,Shake Your Money Maker,1990-02-13,1440810644,,,https://music.apple.com/us/album/shake-your-money-maker/1440810644?uo=4,
album|black crowes|southern harmony and musical companion,The Black Crowes,The Southern Harmony and Musical Companion,1992,1,019,core_graph_album,resolved,apple_itunes_search_api,high,97,10,The Black Crowes,The Southern Harmony and Musical Companion,1992-05-12,1444056030,,,https://music.apple.com/us/album/the-southern-harmony-and-musical-companion/1444056030?uo=4,
album|black eyed peas|e n d,Black Eyed Peas,The E.N.D.,2009,1,090,false_nearby_candidate,resolved,musicbrainz_ws2,high,117,15,The Black Eyed Peas,The E•N•D,2009-06-09,1440768902,bb022fc8-55f5-4f4d-82d9-0b504099a3b1,84b663a0-3091-4757-8c46-212bd8f0ce4a,https://musicbrainz.org/release/84b663a0-3091-4757-8c46-212bd8f0ce4a,
album|black flag|damaged,Black Flag,Damaged,1981,1,055,core_graph_album,resolved,musicbrainz_ws2,high,109,15,Black Flag,Damaged,1981-11-16,117018235,2cf40300-0f67-3136-9b84-57104f1f7a50,136a731b-8515-4023-9cca-722e6de4cf60,https://musicbrainz.org/release/136a731b-8515-4023-9cca-722e6de4cf60,
album|black flag|my war,Black Flag,My War,1984,1,055,core_graph_album,resolved,apple_itunes_search_api,high,97,9,Black Flag,My War,1984-03-01,117618702,,,https://music.apple.com/us/album/my-war/117618702?uo=4,
album|black keys|brothers,The Black Keys,Brothers,2010,1,079,core_graph_album,resolved,apple_itunes_search_api,high,97,15,The Black Keys,Brothers,2010-05-18,1052966893,,,https://music.apple.com/us/album/brothers/1052966893?uo=4,
album|black midi|schlagenheim,black midi,Schlagenheim,2019,1,115,boundary_candidate,resolved,apple_itunes_search_api,high,97,9,black midi,Schlagenheim,2019-06-21,1463962813,,,https://music.apple.com/us/album/schlagenheim/1463962813?uo=4,
album|black moon|enta da stage,Black Moon,Enta da Stage,1993,1,048,core_graph_album,resolved,musicbrainz_ws2,high,109,13,Black Moon,Enta da Stage,1993-10-19,1500489652,47afb438-72a6-3cb8-aa61-7df13de6e9ab,77fad998-2e9b-4e4f-a960-1c5b9d2a7b34,https://musicbrainz.org/release/77fad998-2e9b-4e4f-a960-1c5b9d2a7b34,
album|black sabbath|black sabbath,Black Sabbath,Black Sabbath,1970,1,061,core_graph_album,resolved,apple_itunes_search_api,high,97,5,Black Sabbath,Black Sabbath,1970-02-13,787645011,,,https://music.apple.com/us/album/black-sabbath/787645011?uo=4,
album|black sabbath|heaven and hell,Black Sabbath,Heaven and Hell,1980,1,061,core_graph_album,resolved,apple_itunes_search_api,high,97,8,Black Sabbath,Heaven and Hell,1980-04-25,298099519,,,https://music.apple.com/us/album/heaven-and-hell/298099519?uo=4,
album|black sabbath|master of reality,Black Sabbath,Master of Reality,1971,1,061,core_graph_album,resolved,apple_itunes_search_api,high,97,8,Black Sabbath,Master of Reality,1971-07-21,785239139,,,https://music.apple.com/us/album/master-of-reality/785239139?uo=4,
album|black sabbath|paranoid,Black Sabbath,Paranoid,1970,2,017;061,core_graph_album,resolved,apple_itunes_search_api,high,97,8,Black Sabbath,Paranoid,1970-09-18,785232473,,,https://music.apple.com/us/album/paranoid/785232473?uo=4,
album|black sabbath|vol 4,Black Sabbath,Vol. 4,1972,1,017,core_graph_album,resolved,apple_itunes_search_api,low,81,10,Black Sabbath,"Black Sabbath, Vol. 4",1972-09-25,785242007,,,https://music.apple.com/us/album/black-sabbath-vol-4/785242007?uo=4,
album|black sheep|a wolf in sheep s clothing,Black Sheep,A Wolf in Sheep's Clothing,1991,1,046,core_graph_album,resolved,musicbrainz_ws2,high,109,22,Black Sheep,A Wolf in Sheep’s Clothing,1991-10-22,1440723017,665b56fc-bc01-3fdc-9edc-bcdb8516427a,dad56b0a-69d8-4eab-9931-2cdc09b5edd6,https://musicbrainz.org/release/dad56b0a-69d8-4eab-9931-2cdc09b5edd6,
album|black star|mos def and talib kweli are black star,Black Star,Mos Def & Talib Kweli Are Black Star,1998,1,051,core_graph_album,resolved,musicbrainz_ws2,high,109,13,Black Star,Mos Def & Talib Kweli Are Black Star,1998-08-26,1440799801,aaa445c1-5f73-37c0-b53a-2444b279c538,00d59142-d2b6-4302-a0e0-70fceffad3bc,https://musicbrainz.org/release/00d59142-d2b6-4302-a0e0-70fceffad3bc,
album|blackberry smoke|whippoorwill,Blackberry Smoke,The Whippoorwill,2012,1,019,boundary_candidate,resolved,apple_itunes_search_api,high,97,13,Blackberry Smoke,The Whippoorwill,2012-08-14,926373999,,,https://music.apple.com/us/album/the-whippoorwill/926373999?uo=4,
album|blackfoot|strikes,Blackfoot,Strikes,1979,1,019,core_graph_album,resolved,apple_itunes_search_api,high,97,10,Blackfoot,Strikes,1979-04-01,78982159,,,https://music.apple.com/us/album/strikes/78982159?uo=4,
album|blackpink|album,BLACKPINK,The Album,2020,1,098,core_graph_album,resolved,apple_itunes_search_api,high,97,8,BLACKPINK,THE ALBUM,2020-10-02,1533894050,,,https://music.apple.com/us/album/the-album/1533894050?uo=4,
album|blink 182|enema of the state,Blink-182,Enema of the State,1999,1,076,core_graph_album,resolved,apple_itunes_search_api,high,97,12,blink-182,Enema of the State,1999-06-01,1444118632,,,https://music.apple.com/us/album/enema-of-the-state/1444118632?uo=4,
album|blink 182|take off your pants and jacket,Blink-182,Take Off Your Pants and Jacket,2001,1,076,core_graph_album,resolved,apple_itunes_search_api,high,97,13,blink-182,Take off Your Pants and Jacket,2001-06-12,1443271610,,,https://music.apple.com/us/album/take-off-your-pants-and-jacket/1443271610?uo=4,
album|bloc party|a weekend in the city,Bloc Party,A Weekend in the City,2007,1,080,core_graph_album,resolved,apple_itunes_search_api,high,97,13,Bloc Party,A Weekend In the City,2007-01-24,268052107,,,https://music.apple.com/us/album/a-weekend-in-the-city/268052107?uo=4,lookup_track_count_below_catalog_track_count
album|bloc party|silent alarm,Bloc Party,Silent Alarm,2005,1,080,core_graph_album,resolved,musicbrainz_ws2,high,106,14,Bloc Party,Silent Alarm,2005-03-14,50232347,f3f82b80-b2c5-3151-be53-5cb5803860e0,b7df14fc-81c2-45ef-9ace-d3f4d074fcb6,https://musicbrainz.org/release/b7df14fc-81c2-45ef-9ace-d3f4d074fcb6,
album|blondie|blondie,Blondie,Blondie,1976,1,054,core_graph_album,resolved,musicbrainz_ws2,high,109,16,Blondie,Blondie,1976,724506061,e0400e1e-2dd9-3bed-9538-614998b3702c,586778c9-8e69-30c4-a992-33511b7bdbbc,https://musicbrainz.org/release/586778c9-8e69-30c4-a992-33511b7bdbbc,
album|blondie|eat to the beat,Blondie,Eat to the Beat,1979,1,054,core_graph_album,resolved,apple_itunes_search_api,high,97,12,Blondie,Eat To the Beat,1979-09-28,1444083914,,,https://music.apple.com/us/album/eat-to-the-beat/1444083914?uo=4,
album|blondie|parallel lines,Blondie,Parallel Lines,1978,1,054,core_graph_album,resolved,apple_itunes_search_api,high,97,12,Blondie,Parallel Lines,1978-09-23,1440929735,,,https://music.apple.com/us/album/parallel-lines/1440929735?uo=4,
album|blondshell|blondshell,Blondshell,Blondshell,2023,1,116,core_graph_album,resolved,musicbrainz_ws2,high,109,9,Blondshell,Blondshell,2023-04-07,1783172294,66393333-3e8a-4a18-ade5-007934ec1ad4,300d2e3b-ce39-45c7-8d23-5bb0c984363c,https://musicbrainz.org/release/300d2e3b-ce39-45c7-8d23-5bb0c984363c,
album|blue cheer|vincebus eruptum,Blue Cheer,Vincebus Eruptum,1968,1,014,core_graph_album,resolved,apple_itunes_search_api,high,97,6,Blue Cheer,Vincebus Eruptum,1968-01-16,1443920355,,,https://music.apple.com/us/album/vincebus-eruptum/1443920355?uo=4,
album|bo diddley|bo diddley,Bo Diddley,Bo Diddley,1958,2,001;002,core_graph_album,resolved,apple_itunes_search_api,medium,87,12,Bo Diddley,Bo Diddley,1962-01-01,1469574409,,,https://music.apple.com/us/album/bo-diddley/1469574409?uo=4,
album|bo diddley|go bo diddley,Bo Diddley,Go Bo Diddley,1959,1,001,core_graph_album,resolved,apple_itunes_search_api,high,97,12,Bo Diddley,Go Bo Diddley,1959-07-01,1449758009,,,https://music.apple.com/us/album/go-bo-diddley/1449758009?uo=4,
album|boards of canada|music has the right to children,Boards of Canada,Music Has the Right to Children,1998,2,087;120,core_graph_album;false_nearby_candidate,resolved,apple_itunes_search_api,high,97,18,Boards of Canada,Music Has the Right to Children,1998-04-20,281116024,,,https://music.apple.com/us/album/music-has-the-right-to-children/281116024?uo=4,
album|bob dylan|blonde on blonde,Bob Dylan,Blonde on Blonde,1966,1,010,core_graph_album,resolved,apple_itunes_search_api,high,97,14,Bob Dylan,Blonde On Blonde,1966-06-20,178049863,,,https://music.apple.com/us/album/blonde-on-blonde/178049863?uo=4,
album|bob dylan|bringing it all back home,Bob Dylan,Bringing It All Back Home,1965,1,010,core_graph_album,resolved,apple_itunes_search_api,high,97,11,Bob Dylan,Bringing It All Back Home,1965-03-22,177964575,,,https://music.apple.com/us/album/bringing-it-all-back-home/177964575?uo=4,
album|bob dylan|freewheelin bob dylan,Bob Dylan,The Freewheelin' Bob Dylan,1963,2,024;026,core_graph_album,resolved,apple_itunes_search_api,high,97,13,Bob Dylan,The Freewheelin' Bob Dylan,1963-05-27,190758914,,,https://music.apple.com/us/album/the-freewheelin-bob-dylan/190758914?uo=4,
album|bob dylan|highway 61 revisited,Bob Dylan,Highway 61 Revisited,1965,1,010,core_graph_album,resolved,apple_itunes_search_api,high,97,9,Bob Dylan,Highway 61 Revisited,1965-08-30,201281514,,,https://music.apple.com/us/album/highway-61-revisited/201281514?uo=4,
album|bob dylan|john wesley harding,Bob Dylan,John Wesley Harding,1967,1,010,core_graph_album,resolved,apple_itunes_search_api,high,97,12,Bob Dylan,John Wesley Harding,1967-12-27,181457097,,,https://music.apple.com/us/album/john-wesley-harding/181457097?uo=4,
album|bob james|touchdown,Bob James,Touchdown,1978,1,102,core_graph_album,resolved,apple_itunes_search_api,high,94,5,Bob James,Touchdown,1977-07-20,1415654981,,,https://music.apple.com/us/album/touchdown/1415654981?uo=4,
album|bob marley and the wailers|legend,Bob Marley & The Wailers,Legend,1984,1,099,core_graph_album,resolved,apple_itunes_search_api,low,81,16,Bob Marley & The Wailers,Legend – The Best Of Bob Marley & The Wailers,1984-05-08,1469575763,,,https://music.apple.com/us/album/legend-the-best-of-bob-marley-the-wailers/1469575763?uo=4,lookup_track_count_below_catalog_track_count
album|bob seger|night moves,Bob Seger,Night Moves,1976,1,016,core_graph_album,resolved,apple_itunes_search_api,medium,87,9,Bob Seger & The Silver Bullet Band,Night Moves,1976-10-22,1440877183,,,https://music.apple.com/us/album/night-moves/1440877183?uo=4,
album|bobby blue bland|two steps from the blues,"Bobby ""Blue"" Bland",Two Steps from the Blues,1961,1,006,core_graph_album,resolved,apple_itunes_search_api,high,97,14,"Bobby ""Blue"" Bland",Two Steps from the Blues,1961-01-01,1469576135,,,https://music.apple.com/us/album/two-steps-from-the-blues/1469576135?uo=4,
album|bobby brown|bobby,Bobby Brown,Bobby,1992,1,042,core_graph_album,resolved,apple_itunes_search_api,high,97,14,Bobby Brown,Bobby,1992-08-24,1423319055,,,https://music.apple.com/us/album/bobby/1423319055?uo=4,
album|bobby brown|don t be cruel,Bobby Brown,Don't Be Cruel,1988,1,042,core_graph_album,resolved,apple_itunes_search_api,high,97,11,Bobby Brown,Don't Be Cruel,1988-06-20,1440773569,,,https://music.apple.com/us/album/dont-be-cruel/1440773569?uo=4,
album|bobby vee|bobby vee meets the crickets,Bobby Vee,Bobby Vee Meets the Crickets,1962,1,004,core_graph_album,resolved,apple_itunes_search_api,medium,87,14,Bobby Vee & The Crickets,Bobby Vee Meets the Crickets,1962-01-01,1443502474,,,https://music.apple.com/us/album/bobby-vee-meets-the-crickets/1443502474?uo=4,
album|bobby vee|take good care of my baby,Bobby Vee,Take Good Care of My Baby,1961,1,004,core_graph_album,resolved,apple_itunes_search_api,high,97,12,Bobby Vee,Take Good Care of My Baby,1961-01-01,1371782056,,,https://music.apple.com/us/album/take-good-care-of-my-baby/1371782056?uo=4,
album|bon iver|bon iver bon iver,Bon Iver,"Bon Iver, Bon Iver",2011,1,030,core_graph_album,resolved,musicbrainz_ws2,high,109,10,Bon Iver,"Bon Iver, Bon Iver",2011-06-21,438685974,2cb36662-3560-4b90-a0a5-7924ac039490,168b955e-692e-4160-a70e-5dd10b78dcad,https://musicbrainz.org/release/168b955e-692e-4160-a70e-5dd10b78dcad,
album|bon iver|for emma forever ago,Bon Iver,"For Emma, Forever Ago",2007,1,030,core_graph_album,resolved,musicbrainz_ws2,high,109,9,Bon Iver,"For Emma, Forever Ago",2007-07-08,947059824,187935b5-a0a4-3e6f-9684-48b67a5190a1,f2d4a53b-0612-48e2-a09c-02489ae27a51,https://musicbrainz.org/release/f2d4a53b-0612-48e2-a09c-02489ae27a51,
album|bon jovi|new jersey,Bon Jovi,New Jersey,1988,1,063,core_graph_album,resolved,apple_itunes_search_api,high,97,12,Bon Jovi,New Jersey,1988-09-19,1440826305,,,https://music.apple.com/us/album/new-jersey/1440826305?uo=4,
album|bon jovi|slippery when wet,Bon Jovi,Slippery When Wet,1986,2,063;113,core_graph_album;false_nearby_candidate,resolved,apple_itunes_search_api,high,97,10,Bon Jovi,Slippery When Wet,1986-08-18,1422954626,,,https://music.apple.com/us/album/slippery-when-wet/1422954626?uo=4,
album|bone thugs n harmony|e 1999 eternal,Bone Thugs-N-Harmony,E. 1999 Eternal,1995,1,047,core_graph_album,resolved,apple_itunes_search_api,high,97,15,Bone Thugs-n-Harmony,E. 1999 Eternal,1995-07-25,1168167172,,,https://music.apple.com/us/album/e-1999-eternal/1168167172?uo=4,
album|bonobo|black sands,Bonobo,Black Sands,2010,2,084;120,core_graph_album,resolved,apple_itunes_search_api,high,97,12,Bonobo,Black Sands,2010-03-29,416292276,,,https://music.apple.com/us/album/black-sands/416292276?uo=4,
album|boogie down productions|by all means necessary,Boogie Down Productions,By All Means Necessary,1988,1,046,core_graph_album,resolved,musicbrainz_ws2,high,109,14,Boogie Down Productions,By All Means Necessary,1988-05-31,1472441105,508f9242-acc1-3df2-b2e3-4651a0532cf4,b636c814-b76e-48e0-a547-c02954bf8d19,https://musicbrainz.org/release/b636c814-b76e-48e0-a547-c02954bf8d19,
album|boogie down productions|criminal minded,Boogie Down Productions,Criminal Minded,1987,1,046,core_graph_album,resolved,musicbrainz_ws2,high,109,10,Boogie Down Productions,Criminal Minded,1987,1094407338,420e3df4-6322-3399-8144-29ef7eb62e42,f91244bf-8b14-4548-be56-60f32640f14d,https://musicbrainz.org/release/f91244bf-8b14-4548-be56-60f32640f14d,
album|boris|pink,Boris,Pink,2005,1,064,core_graph_album,resolved,apple_itunes_search_api,high,97,11,Boris,Pink,2005-11-18,1580076290,,,https://music.apple.com/us/album/pink/1580076290?uo=4,
album|boston|boston,Boston,Boston,1976,1,016,core_graph_album,resolved,apple_itunes_search_api,high,97,8,Boston,Boston,1976-08-25,913902091,,,https://music.apple.com/us/album/boston/913902091?uo=4,
album|bottle rockets|brooklyn side,The Bottle Rockets,The Brooklyn Side,1994,1,028,core_graph_album,resolved,musicbrainz_ws2,high,109,20,The Bottle Rockets,The Brooklyn Side,1994,1843592620,66c631d6-eb31-41a0-8a28-0c27b681abdd,044a0852-9ea2-4098-bb76-992c7483aeca,https://musicbrainz.org/release/044a0852-9ea2-4098-bb76-992c7483aeca,
album|bowling for soup|a hangover you don t deserve,Bowling for Soup,A Hangover You Don't Deserve,2004,1,076,core_graph_album,resolved,musicbrainz_ws2,high,109,19,Bowling for Soup,A Hangover You Don’t Deserve,2004-09-14,271371083,30bbc3f1-a041-33e8-842d-6ee5818c695d,1e6e7119-4e3a-4b6e-ada9-a41d864b8ab4,https://musicbrainz.org/release/1e6e7119-4e3a-4b6e-ada9-a41d864b8ab4,
album|boygenius|record,boygenius,the record,2023,1,116,core_graph_album,resolved,musicbrainz_ws2,high,109,12,boygenius,the record,2023-03-31,1666138312,1339f18d-220a-4405-8ae9-e52993b1ef70,a8084248-af0b-4df8-84ca-e09e2a2000f2,https://musicbrainz.org/release/a8084248-af0b-4df8-84ca-e09e2a2000f2,
album|boyz ii men|cooleyhighharmony,Boyz II Men,Cooleyhighharmony,1991,1,042,core_graph_album,resolved,musicbrainz_ws2,high,109,17,Boyz II Men,Cooleyhighharmony,1991-04-30,1440776595,45758517-f46f-32fb-b49f-a75cfa0514cb,03f0194a-8361-40c2-9d14-d9d00a073a01,https://musicbrainz.org/release/03f0194a-8361-40c2-9d14-d9d00a073a01,
album|boyz ii men|ii,Boyz II Men,II,1994,1,042,core_graph_album,resolved,apple_itunes_search_api,high,97,13,Boyz II Men,II,1994-01-01,1440925670,,,https://music.apple.com/us/album/ii/1440925670?uo=4,
album|boz scaggs|silk degrees,Boz Scaggs,Silk Degrees,1976,2,022;023,core_graph_album,resolved,musicbrainz_ws2,high,109,10,Boz Scaggs,Silk Degrees,1976-02-18,1696326925,6d5e05f2-5e64-35bb-8600-c3a58ce23673,0b1cdfd2-a5d3-4978-974f-42cb3a1b86dc,https://musicbrainz.org/release/0b1cdfd2-a5d3-4978-974f-42cb3a1b86dc,
album|brand new|deja entendu,Brand New,Deja Entendu,2003,1,077,core_graph_album,resolved,apple_itunes_search_api,high,97,11,Brand New,Deja Entendu,2003-06-17,1440928946,,,https://music.apple.com/us/album/deja-entendu/1440928946?uo=4,
album|brand nubian|one for all,Brand Nubian,One for All,1990,1,046,core_graph_album,resolved,musicbrainz_ws2,high,109,16,Brand Nubian,One for All,1990-12-04,1604628301,bf12ec7a-8d1e-36c1-aa9a-ecf2eff01dc7,2257d35c-f5a3-4ea2-901c-692b0a5e37fc,https://musicbrainz.org/release/2257d35c-f5a3-4ea2-901c-692b0a5e37fc,
album|brandi carlile|story,Brandi Carlile,The Story,2007,1,029,core_graph_album,resolved,apple_itunes_search_api,high,97,13,Brandi Carlile,The Story,2007-04-03,250112717,,,https://music.apple.com/us/album/the-story/250112717?uo=4,
album|bravery|bravery,The Bravery,The Bravery,2005,1,080,core_graph_album,resolved,musicbrainz_ws2,high,109,11,The Bravery,The Bravery,2005-03-29,1443794045,70078d54-da14-39da-ab38-8833aa94fd1a,8583c548-0a95-49ae-8083-94540abec2ec,https://musicbrainz.org/release/8583c548-0a95-49ae-8083-94540abec2ec,
album|breaking benjamin|phobia,Breaking Benjamin,Phobia,2006,1,071,core_graph_album,resolved,apple_itunes_search_api,high,97,13,Breaking Benjamin,Phobia,2006-08-08,1440871686,,,https://music.apple.com/us/album/phobia/1440871686?uo=4,
album|breeders|last splash,The Breeders,Last Splash,1993,1,074,core_graph_album,resolved,apple_itunes_search_api,high,97,15,The Breeders,Last Splash,1993-08-30,1251495447,,,https://music.apple.com/us/album/last-splash/1251495447?uo=4,
album|brenda lee|all the way,Brenda Lee,All the Way,1961,1,004,core_graph_album,resolved,apple_itunes_search_api,high,97,12,Brenda Lee,All the Way,1961-08-07,1391385661,,,https://music.apple.com/us/album/all-the-way/1391385661?uo=4,
album|brenda lee|brenda lee,Brenda Lee,Brenda Lee,1960,1,004,core_graph_album,resolved,apple_itunes_search_api,high,97,12,Brenda Lee,Brenda Lee,1960-08-01,1391378779,,,https://music.apple.com/us/album/brenda-lee/1391378779?uo=4,
album|brent faiyaz|fuck the world,Brent Faiyaz,Fuck the World,2020,1,044,core_graph_album,resolved,musicbrainz_ws2,high,104,10,Brent Faiyaz,Fuck the World,2020-02-07,1488013862,553caf38-31f7-4cd7-b807-fd8eb86c655e,461eac33-7edd-481a-a7d1-089ec6fc01af,https://musicbrainz.org/release/461eac33-7edd-481a-a7d1-089ec6fc01af,
album|brian eno|music for airports,Brian Eno,Music for Airports,1978,1,087,core_graph_album,resolved,apple_itunes_search_api,low,81,4,Brian Eno,Ambient 1: Music for Airports,1978-03-01,724435863,,,https://music.apple.com/us/album/ambient-1-music-for-airports/724435863?uo=4,
album|bring me the horizon|sempiternal,Bring Me the Horizon,Sempiternal,2013,2,067;118,core_graph_album,resolved,musicbrainz_ws2,high,109,11,Bring Me the Horizon,Sempiternal,2013-04-02,598282638,f0c8edf8-26a7-4425-9ce9-82b00e90669a,b76c9540-d1ac-4771-a59c-16754caadd28,https://musicbrainz.org/release/b76c9540-d1ac-4771-a59c-16754caadd28,
album|bring me the horizon|that s the spirit,Bring Me the Horizon,That's the Spirit,2015,1,067,boundary_candidate,resolved,apple_itunes_search_api,high,97,11,Bring Me The Horizon,That's the Spirit,2015-09-11,1022197503,,,https://music.apple.com/us/album/thats-the-spirit/1022197503?uo=4,
album|britney spears|baby one more time,Britney Spears,...Baby One More Time,1999,1,089,core_graph_album,resolved,apple_itunes_search_api,high,97,11,Britney Spears,...Baby One More Time,1999-01-12,268284599,,,https://music.apple.com/us/album/baby-one-more-time/268284599?uo=4,
album|britney spears|oops i did it again,Britney Spears,Oops!... I Did It Again,2000,1,089,core_graph_album,resolved,apple_itunes_search_api,high,97,12,Britney Spears,Oops!...I Did It Again,2000-05-16,267954486,,,https://music.apple.com/us/album/oops-i-did-it-again/267954486?uo=4,
album|broken social scene|you forgot it in people,Broken Social Scene,You Forgot It in People,2002,1,078,core_graph_album,resolved,musicbrainz_ws2,high,109,13,Broken Social Scene,You Forgot It in People,2003-06-03,1442853882,65731979-ad24-3497-8c8b-541be4aa2fae,4a62cd38-0405-33c0-ade2-6be951f7b777,https://musicbrainz.org/release/4a62cd38-0405-33c0-ade2-6be951f7b777,
album|bronski beat|age of consent,Bronski Beat,The Age of Consent,1984,1,058,core_graph_album,resolved,musicbrainz_ws2,high,109,10,Bronski Beat,The Age of Consent,1984,1760177641,00a48312-d0c0-3bee-8818-6d1b836b52e0,980f9bee-18aa-4339-952c-4b1a5e07264c,https://musicbrainz.org/release/980f9bee-18aa-4339-952c-4b1a5e07264c,
album|brooks and dunn|brand new man,Brooks & Dunn,Brand New Man,1991,1,034,core_graph_album,resolved,apple_itunes_search_api,high,97,10,Brooks & Dunn,Brand New Man,1991-08-13,291896481,,,https://music.apple.com/us/album/brand-new-man/291896481?uo=4,
album|brooks and dunn|hard workin man,Brooks & Dunn,Hard Workin' Man,1993,1,034,core_graph_album,resolved,apple_itunes_search_api,high,97,11,Brooks & Dunn,Hard Workin' Man,1993-02-23,258626076,,,https://music.apple.com/us/album/hard-workin-man/258626076?uo=4,
album|bruce springsteen|born to run,Bruce Springsteen,Born to Run,1975,1,016,core_graph_album,resolved,apple_itunes_search_api,high,97,8,Bruce Springsteen,Born to Run,1975-08-25,310730204,,,https://music.apple.com/us/album/born-to-run/310730204?uo=4,
album|bryson tiller|trapsoul,Bryson Tiller,Trapsoul,2015,1,044,core_graph_album,resolved,apple_itunes_search_api,high,105,14,Bryson Tiller,T R A P S O U L,2015-10-02,1031334412,,,https://music.apple.com/us/album/t-r-a-p-s-o-u-l/1031334412?uo=4,
album|bsd u|late night bumps,bsd.u,Late Night Bumps,2014,1,120,core_graph_album,resolved,musicbrainz_ws2,high,109,5,bsd.u,[late night bumps],2014-04-06,1828927475,9b12069f-8372-41bc-819a-bf6bee332fbf,d8a8d203-1785-41f4-8e35-46e56510a014,https://musicbrainz.org/release/d8a8d203-1785-41f4-8e35-46e56510a014,
album|bts|be,BTS,BE,2020,1,098,core_graph_album,resolved,apple_itunes_search_api,high,97,8,BTS,BE,2020-11-20,1596532185,,,https://music.apple.com/us/album/be/1596532185?uo=4,
album|bts|love yourself tear,BTS,Love Yourself: Tear,2018,1,098,core_graph_album,resolved,apple_itunes_search_api,high,97,11,BTS,Love Yourself 轉 'Tear',2018-05-18,1598660934,,,https://music.apple.com/us/album/love-yourself-%E8%BD%89-tear/1598660934?uo=4,
album|bts|map of the soul 7,BTS,Map of the Soul: 7,2020,1,098,core_graph_album,resolved,apple_itunes_search_api,high,97,20,BTS,MAP OF THE SOUL : 7,2020-02-21,1599362484,,,https://music.apple.com/us/album/map-of-the-soul-7/1599362484?uo=4,lookup_track_count_below_catalog_track_count
album|buck owens|carnegie hall concert,Buck Owens,Carnegie Hall Concert,1966,1,031,core_graph_album,resolved,musicbrainz_ws2,high,113,16,Buck Owens and His Buckaroos,Carnegie Hall Concert,1966,1468587509,5e1be286-2ccd-327b-99b7-728724e5ce79,4a2bb837-9d66-4843-981e-a71f22f174a8,https://musicbrainz.org/release/4a2bb837-9d66-4843-981e-a71f22f174a8,resolved_by_aggressive_release_search
album|buddy holly and the crickets|chirping crickets,Buddy Holly and the Crickets,"The ""Chirping"" Crickets",1957,1,001,core_graph_album,resolved,apple_itunes_search_api,high,97,12,Buddy Holly & The Crickets,"The ""Chirping"" Crickets",1957-11-27,1469585360,,,https://music.apple.com/us/album/the-chirping-crickets/1469585360?uo=4,
album|buddy holly|buddy holly,Buddy Holly,Buddy Holly,1958,1,001,core_graph_album,resolved,apple_itunes_search_api,high,97,17,Buddy Holly,Buddy Holly,1958-02-20,1434877624,,,https://music.apple.com/us/album/buddy-holly/1434877624?uo=4,
album|buena vista social club|buena vista social club,Buena Vista Social Club,Buena Vista Social Club,1997,1,099,core_graph_album,resolved,apple_itunes_search_api,high,97,14,Buena Vista Social Club,Buena Vista Social Club,1997-06-23,1716598034,,,https://music.apple.com/us/album/buena-vista-social-club/1716598034?uo=4,
album|buena vista social club|buena vista social club presents ibrahim ferrer,Buena Vista Social Club,Buena Vista Social Club Presents Ibrahim Ferrer,1999,1,096,core_graph_album,resolved,musicbrainz_ws2,high,95,11,Ibrahim Ferrer,Buena Vista Social Club presents Ibrahim Ferrer,1999-06-08,1743961194,bcdfbb2d-a2e6-381c-8c27-e96eebcb23f5,231dc0e9-bcfa-449f-b445-ae6835c09b2a,https://musicbrainz.org/release/231dc0e9-bcfa-449f-b445-ae6835c09b2a,
album|buffalo springfield|buffalo springfield,Buffalo Springfield,Buffalo Springfield,1966,1,010,core_graph_album,resolved,apple_itunes_search_api,high,97,12,Buffalo Springfield,Buffalo Springfield,1966-12-05,265611980,,,https://music.apple.com/us/album/buffalo-springfield/265611980?uo=4,
album|buffalo springfield|buffalo springfield again,Buffalo Springfield,Buffalo Springfield Again,1967,1,010,core_graph_album,resolved,apple_itunes_search_api,high,97,10,Buffalo Springfield,Buffalo Springfield Again,1967-10-30,384584309,,,https://music.apple.com/us/album/buffalo-springfield-again/384584309?uo=4,
album|buffy sainte marie|it s my way,Buffy Sainte-Marie,It's My Way!,1964,1,026,core_graph_album,resolved,apple_itunes_search_api,high,97,13,Buffy Sainte-Marie,It's My Way!,1964-01-01,714339518,,,https://music.apple.com/us/album/its-my-way/714339518?uo=4,
album|built to spill|perfect from now on,Built to Spill,Perfect from Now On,1997,1,072,core_graph_album,resolved,apple_itunes_search_api,high,97,8,Built to Spill,Perfect from Now On,1997-01-28,77815682,,,https://music.apple.com/us/album/perfect-from-now-on/77815682?uo=4,
album|built to spill|there s nothing wrong with love,Built to Spill,There's Nothing Wrong with Love,1994,1,072,core_graph_album,resolved,apple_itunes_search_api,high,97,13,Built to Spill,There's Nothing Wrong with Love,1994-09-13,41757310,,,https://music.apple.com/us/album/theres-nothing-wrong-with-love/41757310?uo=4,
album|bullet for my valentine|poison,Bullet for My Valentine,The Poison,2005,1,067,core_graph_album,resolved,musicbrainz_ws2,high,109,13,Bullet for My Valentine,The Poison,2005-10-03,362420407,8fc4742b-2d82-36a1-9736-685e56333f47,22a1d128-6532-4e88-8ba4-a37438b14c84,https://musicbrainz.org/release/22a1d128-6532-4e88-8ba4-a37438b14c84,
album|bullet for my valentine|scream aim fire,Bullet for My Valentine,Scream Aim Fire,2008,1,067,core_graph_album,resolved,musicbrainz_ws2,high,109,11,Bullet for My Valentine,Scream Aim Fire,2008-01-25,272198989,d93f7b01-256f-3d69-8456-b61fbff701a1,d0423ae4-689b-4ee9-bd29-8641571bd379,https://musicbrainz.org/release/d0423ae4-689b-4ee9-bd29-8641571bd379,
album|burial|untrue,Burial,Untrue,2007,1,087,core_graph_album,resolved,apple_itunes_search_api,high,97,13,Burial,Untrue,2007-11-05,893175779,,,https://music.apple.com/us/album/untrue/893175779?uo=4,
album|burna boy|african giant,Burna Boy,African Giant,2019,1,097,core_graph_album,resolved,musicbrainz_ws2,high,109,19,Burna Boy,African Giant,2019-07-25,1471446047,84444c7d-ef0e-433e-b649-72f71c054eb6,66bf6a99-013c-4987-886f-57c4ce0b116d,https://musicbrainz.org/release/66bf6a99-013c-4987-886f-57c4ce0b116d,
album|burna boy|love damini,Burna Boy,"Love, Damini",2022,1,097,core_graph_album,resolved,apple_itunes_search_api,high,97,19,Burna Boy,"Love, Damini",2022-07-06,1749165462,,,https://music.apple.com/us/album/love-damini/1749165462?uo=4,
album|burna boy|twice as tall,Burna Boy,Twice as Tall,2020,1,097,core_graph_album,resolved,musicbrainz_ws2,high,109,15,Burna Boy,Twice as Tall,2020-08-13,1527514852,4f52c1f5-ccc8-4ead-9197-436feac507b0,0121c34f-8dd2-4091-9d29-84bc5420c2b0,https://musicbrainz.org/release/0121c34f-8dd2-4091-9d29-84bc5420c2b0,
album|bush|sixteen stone,Bush,Sixteen Stone,1994,1,071,false_nearby_candidate,resolved,musicbrainz_ws2,high,109,12,Bush,Sixteen Stone,1994-12-06,1440946044,eef2b4a3-49dc-33d7-9fbb-fb2313cd57b0,6eba37dc-dee7-4f7d-b9f6-60c2dc62b9d5,https://musicbrainz.org/release/6eba37dc-dee7-4f7d-b9f6-60c2dc62b9d5,
album|butthole surfers|locust abortion technician,Butthole Surfers,Locust Abortion Technician,1987,1,060,boundary_candidate,resolved,apple_itunes_search_api,high,97,11,Butthole Surfers,Locust Abortion Technician,1987-01-01,1687089932,,,https://music.apple.com/us/album/locust-abortion-technician/1687089932?uo=4,
album|butthole surfers|psychic powerless another mans sac,Butthole Surfers,Psychic... Powerless... Another Mans Sac,1984,1,060,core_graph_album,resolved,apple_itunes_search_api,high,102,10,Butthole Surfers,Psychic.... Powerless.... Another Man's Sac,1985-01-01,1685695367,,,https://music.apple.com/us/album/psychic-powerless-another-mans-sac/1685695367?uo=4,
album|buzzcocks|another music in a different kitchen,Buzzcocks,Another Music in a Different Kitchen,1978,1,053,core_graph_album,resolved,musicbrainz_ws2,high,109,15,Buzzcocks,Another Music in a Different Kitchen,1978-03-10,1251622089,7a82f652-2300-3ce6-a6ae-dd0efa8e4b15,c4215e05-57b6-4121-976f-c9512962c2e4,https://musicbrainz.org/release/c4215e05-57b6-4121-976f-c9512962c2e4,
album|buzzcocks|singles going steady,Buzzcocks,Singles Going Steady,1979,1,053,core_graph_album,resolved,musicbrainz_ws2,high,109,16,Buzzcocks,Singles Going Steady,1979-09-25,1458533505,6a537b72-0bd3-38c5-8aa1-0527e6e9a2f3,bb6b416c-e7f2-44fe-9959-0c47a835c894,https://musicbrainz.org/release/bb6b416c-e7f2-44fe-9959-0c47a835c894,
album|byrds|fifth dimension,The Byrds,Fifth Dimension,1966,1,009,core_graph_album,resolved,musicbrainz_ws2,high,109,17,The Byrds,Fifth Dimension,1966-07-18,275689785,8b98a364-6551-379f-89ea-c3fed4d5552f,29dc4e2b-d5a0-4da5-be06-3e933b3f9aa1,https://musicbrainz.org/release/29dc4e2b-d5a0-4da5-be06-3e933b3f9aa1,
album|byrds|notorious byrd brothers,The Byrds,The Notorious Byrd Brothers,1968,1,009,core_graph_album,resolved,musicbrainz_ws2,high,109,17,The Byrds,The Notorious Byrd Brothers,1968-01-03,257558067,5f8c3b00-bdfe-38ea-8a5d-61dc7e50882e,3ed8c88c-235d-4285-bb6d-918aae29a9a5,https://musicbrainz.org/release/3ed8c88c-235d-4285-bb6d-918aae29a9a5,
album|byrds|sweetheart of the rodeo,The Byrds,Sweetheart of the Rodeo,1968,1,010,boundary_candidate,resolved,musicbrainz_ws2,high,109,19,The Byrds,Sweetheart of the Rodeo,1968-08-30,170506766,2a02ea31-7a7f-3a46-8a46-aebfac434a81,0df94bc4-2e8b-4b91-961b-f1cdae1e3a86,https://musicbrainz.org/release/0df94bc4-2e8b-4b91-961b-f1cdae1e3a86,
album|byrds|turn turn turn,The Byrds,Turn! Turn! Turn!,1965,1,009,core_graph_album,resolved,musicbrainz_ws2,high,109,18,The Byrds,Turn! Turn! Turn!,1965-12-06,155655951,309d7e2e-d5a4-30ce-8b44-a3db97266cfc,7004110f-1e19-4a7e-b03a-de6e49f1e5f4,https://musicbrainz.org/release/7004110f-1e19-4a7e-b03a-de6e49f1e5f4,
album|byrds|younger than yesterday,The Byrds,Younger Than Yesterday,1967,1,009,core_graph_album,resolved,musicbrainz_ws2,high,109,17,The Byrds,Younger Than Yesterday,1967-02-06,648526404,4e4c1014-7c7b-397a-9c80-35b115a034fe,a4ef5475-62dc-4558-93a1-ada35d6042e6,https://musicbrainz.org/release/a4ef5475-62dc-4558-93a1-ada35d6042e6,
album|calvin harris|18 months,Calvin Harris,18 Months,2012,1,083,core_graph_album,resolved,musicbrainz_ws2,high,109,15,Calvin Harris,18 Months,2012-10-30,1713469222,98432828-5764-4892-9e3f-9c674cf70acb,21672dad-42dc-4fd9-a845-d1e675780329,https://musicbrainz.org/release/21672dad-42dc-4fd9-a845-d1e675780329,
album|calvin harris|motion,Calvin Harris,Motion,2014,1,083,core_graph_album,resolved,musicbrainz_ws2,high,109,15,Calvin Harris,Motion,2014-11-04,922876176,8b2d4efb-3f3f-4d6e-83f0-dc9d8ad8d8bb,32cd5caf-ff95-4d9f-a0e9-84da4c779d1c,https://musicbrainz.org/release/32cd5caf-ff95-4d9f-a0e9-84da4c779d1c,
album|cam ron|come home with me,Cam'ron,Come Home with Me,2002,1,048,core_graph_album,resolved,apple_itunes_search_api,high,97,15,Cam'ron,Come Home With Me,2002-05-14,1443849805,,,https://music.apple.com/us/album/come-home-with-me/1443849805?uo=4,
album|camel|mirage,Camel,Mirage,1974,1,018,core_graph_album,resolved,musicbrainz_ws2,high,109,9,Camel,Mirage,1974,1443266362,e7f41fc7-d659-3d80-b605-205a54367f04,2d1e803c-a50e-4c41-8903-0b3a9698746e,https://musicbrainz.org/release/2d1e803c-a50e-4c41-8903-0b3a9698746e,
album|camila cabello|camila,Camila Cabello,Camila,2018,1,091,core_graph_album,resolved,apple_itunes_search_api,high,97,11,Camila Cabello,Camila,2018-01-12,1321216767,,,https://music.apple.com/us/album/camila/1321216767?uo=4,
album|camper van beethoven|our beloved revolutionary sweetheart,Camper Van Beethoven,Our Beloved Revolutionary Sweetheart,1988,1,069,core_graph_album,resolved,apple_itunes_search_api,high,97,14,Camper Van Beethoven,Our Beloved Revolutionary Sweetheart,1988-05-24,712300527,,,https://music.apple.com/us/album/our-beloved-revolutionary-sweetheart/712300527?uo=4,
album|camper van beethoven|telephone free landslide victory,Camper Van Beethoven,Telephone Free Landslide Victory,1985,1,059,core_graph_album,resolved,apple_itunes_search_api,high,97,24,Camper Van Beethoven,Telephone Free Landslide Victory,1985-01-01,1852630617,,,https://music.apple.com/us/album/telephone-free-landslide-victory/1852630617?uo=4,large_track_count_review_recommended
album|candlebox|candlebox,Candlebox,Candlebox,1993,1,070,core_graph_album,resolved,musicbrainz_ws2,high,109,11,Candlebox,Candlebox,1993-07-20,300983126,7e290019-f816-3f73-b510-01f84735a6eb,a99037af-4267-4171-97d3-8b0d382fd4b3,https://musicbrainz.org/release/a99037af-4267-4171-97d3-8b0d382fd4b3,
album|candlemass|epicus doomicus metallicus,Candlemass,Epicus Doomicus Metallicus,1986,1,064,core_graph_album,resolved,musicbrainz_ws2,high,109,13,Candlemass,Epicus Doomicus Metallicus,1986,1189441000,7d42c10a-5cc7-3af4-89c6-5234e452e6d0,9bd7aa0b-4103-40ef-8d2c-d0f6a615460e,https://musicbrainz.org/release/9bd7aa0b-4103-40ef-8d2c-d0f6a615460e,
album|cannibal corpse|tomb of the mutilated,Cannibal Corpse,Tomb of the Mutilated,1992,1,068,core_graph_album,resolved,musicbrainz_ws2,high,109,10,Cannibal Corpse,Tomb of the Mutilated,1992-09-22,56585354,c996f842-dd0d-30e8-af7b-53137dac2209,6878457f-9bb4-4571-b02b-e5154ad96f6c,https://musicbrainz.org/release/6878457f-9bb4-4571-b02b-e5154ad96f6c,
album|cannibal ox|cold vein,Cannibal Ox,The Cold Vein,2001,1,051,core_graph_album,resolved,musicbrainz_ws2,high,109,30,Cannibal Ox,The Cold Vein,2001-05-15,1660711417,3c06ec78-508f-3282-876d-a029794bab85,8548f375-b87f-4eaf-a23f-d43499b6d0c9,https://musicbrainz.org/release/8548f375-b87f-4eaf-a23f-d43499b6d0c9,
album|capone n noreaga|war report,Capone-N-Noreaga,The War Report,1997,1,048,core_graph_album,resolved,musicbrainz_ws2,high,109,20,Capone‐N‐Noreaga,The War Report,1997,1604624690,2f5b01b1-9c0d-3b7a-8b3d-eaa273802651,33280322-b127-485b-93a3-c5d7aedb9aac,https://musicbrainz.org/release/33280322-b127-485b-93a3-c5d7aedb9aac,
album|captain beefheart and his magic band|safe as milk,Captain Beefheart & His Magic Band,Safe as Milk,1967,1,015,boundary_candidate,resolved,musicbrainz_ws2,high,109,19,Captain Beefheart & His Magic Band,Safe as Milk,1967-09,290334563,7e71ad8b-6cbd-3cc0-8087-3ab222e91c20,ced13987-c4d4-417a-9ed7-0e895b45dd04,https://musicbrainz.org/release/ced13987-c4d4-417a-9ed7-0e895b45dd04,
album|captain beefheart and his magic band|trout mask replica,Captain Beefheart & His Magic Band,Trout Mask Replica,1969,1,015,core_graph_album,resolved,musicbrainz_ws2,high,109,28,Captain Beefheart & His Magic Band,Trout Mask Replica,1969-11,,e6a580bd-5d29-3acd-a959-0bfab002ee6f,6229b93b-b220-462e-b224-a901ffc76a4e,https://musicbrainz.org/release/6229b93b-b220-462e-b224-a901ffc76a4e,
album|carcass|heartwork,Carcass,Heartwork,1993,1,068,core_graph_album,resolved,apple_itunes_search_api,high,97,10,Carcass,Heartwork,1993-10-18,57664464,,,https://music.apple.com/us/album/heartwork/57664464?uo=4,
album|cardi b|invasion of privacy,Cardi B,Invasion of Privacy,2018,1,050,core_graph_album,resolved,apple_itunes_search_api,high,97,13,Cardi B,Invasion of Privacy,2018-04-06,1368105671,,,https://music.apple.com/us/album/invasion-of-privacy/1368105671?uo=4,
album|caribou|swim,Caribou,Swim,2010,1,086,core_graph_album,resolved,apple_itunes_search_api,high,97,9,Caribou,Swim,2010-04-20,1246357659,,,https://music.apple.com/us/album/swim/1246357659?uo=4,lookup_track_count_below_catalog_track_count
album|carin leon|colmillo de leche,Carin Leon,Colmillo de Leche,2023,1,095,core_graph_album,resolved,apple_itunes_search_api,high,97,18,Carín León,Colmillo De Leche,2023-05-19,1738490788,,,https://music.apple.com/us/album/colmillo-de-leche/1738490788?uo=4,
album|carl craig|more songs about food and revolutionary art,Carl Craig,More Songs About Food and Revolutionary Art,1997,1,082,core_graph_album,resolved,apple_itunes_search_api,high,97,16,Carl Craig,More Songs about Food and Revolutionary Art,1997-03-24,1216983837,,,https://music.apple.com/us/album/more-songs-about-food-and-revolutionary-art/1216983837?uo=4,
album|carl perkins|dance album of carl perkins,Carl Perkins,Dance Album of Carl Perkins,1957,2,001;002,core_graph_album,resolved,apple_itunes_search_api,low,81,12,Carl Perkins,The Dance Album,1957-01-01,1890333382,,,https://music.apple.com/us/album/the-dance-album/1890333382?uo=4,
album|carla thomas|carla,Carla Thomas,Carla,1966,1,038,core_graph_album,resolved,musicbrainz_ws2,high,109,11,Carla Thomas,Carla,1966,63607628,c0bdec72-e1a2-3f9d-a1c1-9da30e9c31d4,114365c1-d205-4cb1-b1c3-d2c230dbec4c,https://musicbrainz.org/release/114365c1-d205-4cb1-b1c3-d2c230dbec4c,
album|carly simon|no secrets,Carly Simon,No Secrets,1972,1,022,core_graph_album,resolved,apple_itunes_search_api,high,97,10,Carly Simon,No Secrets,1972-11-28,1057307808,,,https://music.apple.com/us/album/no-secrets/1057307808?uo=4,
album|carole king|tapestry,Carole King,Tapestry,1971,3,022;024;025,core_graph_album,resolved,apple_itunes_search_api,high,97,12,Carole King,Tapestry,1971-02-10,747087657,,,https://music.apple.com/us/album/tapestry/747087657?uo=4,
album|caroline polachek|desire i want to turn into you,Caroline Polachek,"Desire, I Want to Turn Into You",2023,1,119,core_graph_album,resolved,apple_itunes_search_api,high,97,12,Caroline Polachek,"Desire, I Want to Turn Into You",2023-02-14,1669095245,,,https://music.apple.com/us/album/desire-i-want-to-turn-into-you/1669095245?uo=4,
album|caroline polachek|pang,Caroline Polachek,Pang,2019,1,119,core_graph_album,resolved,musicbrainz_ws2,high,109,14,Caroline Polachek,Pang,2019-10-18,1482421639,8c471a20-f7fe-4ccd-bfd8-045cde85ad18,3913f9b2-8622-4b0b-aeb5-3511d2b103bc,https://musicbrainz.org/release/3913f9b2-8622-4b0b-aeb5-3511d2b103bc,
album|carrie underwood|some hearts,Carrie Underwood,Some Hearts,2005,1,035,core_graph_album,resolved,apple_itunes_search_api,high,97,14,Carrie Underwood,Some Hearts,2005-11-15,214695525,,,https://music.apple.com/us/album/some-hearts/214695525?uo=4,
album|cars|candy o,The Cars,Candy-O,1979,1,057,core_graph_album,resolved,apple_itunes_search_api,high,97,11,The Cars,Candy-O,1979-06-02,1088527319,,,https://music.apple.com/us/album/candy-o/1088527319?uo=4,
album|cars|cars,The Cars,The Cars,1978,2,021;057,core_graph_album,resolved,apple_itunes_search_api,high,97,9,The Cars,The Cars,1978-06-06,1088527349,,,https://music.apple.com/us/album/the-cars/1088527349?uo=4,
album|cars|heartbeat city,The Cars,Heartbeat City,1984,1,057,core_graph_album,resolved,apple_itunes_search_api,high,97,10,The Cars,Heartbeat City,1984-03-13,1088528654,,,https://music.apple.com/us/album/heartbeat-city/1088528654?uo=4,
album|casting crowns|casting crowns,Casting Crowns,Casting Crowns,2003,1,109,context_candidate,resolved,apple_itunes_search_api,high,97,10,Casting Crowns,Casting Crowns,2003-10-07,269440887,,,https://music.apple.com/us/album/casting-crowns/269440887?uo=4,
album|casting crowns|lifesong,Casting Crowns,Lifesong,2005,1,109,core_graph_album,resolved,apple_itunes_search_api,high,97,11,Casting Crowns,Lifesong,2005-08-30,269440851,,,https://music.apple.com/us/album/lifesong/269440851?uo=4,
album|cat power|moon pix,Cat Power,Moon Pix,1998,1,072,core_graph_album,resolved,musicbrainz_ws2,high,109,11,Cat Power,Moon Pix,1998,1589270190,88d34969-dd30-32ee-a28b-eb8015f07116,b9643c4c-3ab7-482b-9285-14dcf41f6ea9,https://musicbrainz.org/release/b9643c4c-3ab7-482b-9285-14dcf41f6ea9,
album|cat stevens|tea for the tillerman,Cat Stevens,Tea for the Tillerman,1970,1,024,core_graph_album,resolved,musicbrainz_ws2,high,109,11,Cat Stevens,Tea for the Tillerman,1970-11-23,1535560790,418678e7-2807-3bed-a305-11b4181e533e,36e8231c-dc5c-49bc-bc9b-4bf5feda069d,https://musicbrainz.org/release/36e8231c-dc5c-49bc-bc9b-4bf5feda069d,
album|cat stevens|teaser and the firecat,Cat Stevens,Teaser and the Firecat,1971,1,024,core_graph_album,resolved,musicbrainz_ws2,high,109,10,Cat Stevens,Teaser and the Firecat,1971-10-01,1586832328,412367b1-736e-3cce-8e86-6f8bc067be98,15830dcf-3749-3394-9729-d5bd5648ad53,https://musicbrainz.org/release/15830dcf-3749-3394-9729-d5bd5648ad53,
album|cathedral|forest of equilibrium,Cathedral,Forest of Equilibrium,1991,1,064,core_graph_album,resolved,musicbrainz_ws2,high,109,7,Cathedral,Forest of Equilibrium,1991,65013942,fed5be55-20f2-39e3-bccc-708e91d4277a,6edaf25a-cc88-47a5-bdff-8bc772f8b8a8,https://musicbrainz.org/release/6edaf25a-cc88-47a5-bdff-8bc772f8b8a8,
album|catherine wheel|ferment,Catherine Wheel,Ferment,1992,1,073,core_graph_album,resolved,apple_itunes_search_api,high,97,12,Catherine Wheel,Ferment,1992-01-01,1443757761,,,https://music.apple.com/us/album/ferment/1443757761?uo=4,
album|cece winans|believe for it,CeCe Winans,Believe for It,2021,1,108,context_candidate,resolved,musicbrainz_ws2,high,109,15,CeCe Winans,Believe For It,2021-03-12,1550189726,19171c8c-f100-4c2a-b47d-adde9e66e38e,86536a7d-da01-48fe-99aa-c2545b9bf0fe,https://musicbrainz.org/release/86536a7d-da01-48fe-99aa-c2545b9bf0fe,
album|celia cruz and johnny pacheco|celia and johnny,Celia Cruz and Johnny Pacheco,Celia & Johnny,1974,1,096,core_graph_album,resolved,apple_itunes_search_api,medium,100,10,Celia Cruz & Johnny Pacheco,Celia & Johnny (Remastered 2024),2024-10-11,1769530314,,,https://music.apple.com/us/album/celia-johnny-remastered-2024/1769530314?uo=4,manual_apple_override;manual_apple_override_confidence_medium;manual_apple_override_title_differs_from_seed
album|cesaria evora|miss perfumado,Cesaria Evora,Miss Perfumado,1992,1,099,core_graph_album,resolved,apple_itunes_search_api,high,97,14,Cesária Evora,Miss Perfumado,1992-10-21,1857941789,,,https://music.apple.com/us/album/miss-perfumado/1857941789?uo=4,
album|chameleons|script of the bridge,The Chameleons,Script of the Bridge,1983,2,056;069,core_graph_album,resolved,musicbrainz_ws2,high,109,12,The Chameleons,Script Of The Bridge,1984-04,506784553,800508e1-5174-3f58-9fb5-35f469b677ed,8d0a70f5-58e4-4d58-8eee-cdfd1186b156,https://musicbrainz.org/release/8d0a70f5-58e4-4d58-8eee-cdfd1186b156,
album|chantels|we are the chantels,The Chantels,We Are the Chantels,1958,1,003,core_graph_album,resolved,musicbrainz_ws2,high,109,12,The Chantels,We Are The Chantels,1958-10,1873227807,88eff34b-f4b6-4402-b869-9baab26049a8,a25c5fa7-345b-490a-9de1-ee5aa3fd9533,https://musicbrainz.org/release/a25c5fa7-345b-490a-9de1-ee5aa3fd9533,
album|chappell roan|rise and fall of a midwest princess,Chappell Roan,The Rise and Fall of a Midwest Princess,2023,1,093,boundary_candidate,resolved,apple_itunes_search_api,high,97,14,Chappell Roan,The Rise and Fall of a Midwest Princess,2023-09-22,1707412988,,,https://music.apple.com/us/album/the-rise-and-fall-of-a-midwest-princess/1707412988?uo=4,
album|chapterhouse|whirlpool,Chapterhouse,Whirlpool,1991,1,073,core_graph_album,resolved,apple_itunes_search_api,high,97,16,Chapterhouse,Whirlpool,1991-01-01,400359123,,,https://music.apple.com/us/album/whirlpool/400359123?uo=4,
album|charles mingus|mingus ah um,Charles Mingus,Mingus Ah Um,1959,1,101,core_graph_album,resolved,apple_itunes_search_api,high,97,9,Charles Mingus,Mingus Ah Um,1959-10-01,636353127,,,https://music.apple.com/us/album/mingus-ah-um/636353127?uo=4,
album|charley pride|essential charley pride,Charley Pride,The Essential Charley Pride,2006,1,031,core_graph_album,resolved,apple_itunes_search_api,high,97,40,Charley Pride,The Essential Charley Pride,2006-05-08,271389624,,,https://music.apple.com/us/album/the-essential-charley-pride/271389624?uo=4,large_track_count_review_recommended
album|charli xcx|brat,Charli XCX,Brat,2024,1,093,boundary_candidate,resolved,musicbrainz_ws2,high,109,15,Charli xcx,BRAT,2024-06-07,1739079974,e0fdb431-0109-420d-8a37-f99eaeb4d671,06272341-cea9-42ad-9b0c-6ec47954417c,https://musicbrainz.org/release/06272341-cea9-42ad-9b0c-6ec47954417c,
album|charli xcx|how i m feeling now,Charli XCX,how i'm feeling now,2020,1,119,core_graph_album,resolved,apple_itunes_search_api,high,97,11,Charli xcx,how i'm feeling now,2020-05-15,1513162098,,,https://music.apple.com/us/album/how-im-feeling-now/1513162098?uo=4,
album|charli xcx|number 1 angel,Charli XCX,Number 1 Angel,2017,1,119,core_graph_album,resolved,musicbrainz_ws2,high,109,10,Charli XCX,Number 1 Angel,2017-03-10,1210513679,a165bb47-3b31-45c1-9da7-ebb60bde4e1d,bce24df0-0412-4ee9-b28e-693dc3e87e96,https://musicbrainz.org/release/bce24df0-0412-4ee9-b28e-693dc3e87e96,
album|cheap trick|cheap trick at budokan,Cheap Trick,Cheap Trick at Budokan,1978,1,021,core_graph_album,resolved,musicbrainz_ws2,high,109,10,Cheap Trick,Cheap Trick at Budokan,1978,193204065,2c3682e2-cc7b-32e0-ab48-d4dbbd458479,19494199-6a7f-4bd6-a15c-3f9a1b9b9188,https://musicbrainz.org/release/19494199-6a7f-4bd6-a15c-3f9a1b9b9188,
album|cheap trick|in color,Cheap Trick,In Color,1977,1,021,core_graph_album,resolved,apple_itunes_search_api,high,97,10,Cheap Trick,In Color,1977-09-01,1022580487,,,https://music.apple.com/us/album/in-color/1022580487?uo=4,
album|chemical brothers|dig your own hole,The Chemical Brothers,Dig Your Own Hole,1997,1,083,core_graph_album,resolved,apple_itunes_search_api,high,97,11,The Chemical Brothers,Dig Your Own Hole,1997-04-07,714366008,,,https://music.apple.com/us/album/dig-your-own-hole/714366008?uo=4,
album|cher|heart of stone,Cher,Heart of Stone,1989,1,088,core_graph_album,resolved,apple_itunes_search_api,high,97,12,Cher,Heart of Stone,1989-01-01,1440904830,,,https://music.apple.com/us/album/heart-of-stone/1440904830?uo=4,
album|chet baker|chet baker sings,Chet Baker,Chet Baker Sings,1954,1,100,core_graph_album,resolved,apple_itunes_search_api,high,97,14,Chet Baker,Chet Baker Sings,1954-04-01,1440864756,,,https://music.apple.com/us/album/chet-baker-sings/1440864756?uo=4,
album|chic|c est chic,Chic,C'est Chic,1978,1,040,core_graph_album,resolved,musicbrainz_ws2,high,109,8,Chic,C’est Chic,1978-11-08,1442990558,db46b19c-0e97-30de-ba53-7e823104d14a,ee5e159b-b73f-4ecf-8857-5f363bf9ac61,https://musicbrainz.org/release/ee5e159b-b73f-4ecf-8857-5f363bf9ac61,
album|chic|risque,Chic,Risque,1979,1,040,core_graph_album,resolved,musicbrainz_ws2,high,109,7,Chic,Risqué,1979-07-30,1442986865,baa74317-3f23-3f0b-a996-c68f52c61f13,e7f2c9bb-d26d-4afe-9ac3-54ed8772196d,https://musicbrainz.org/release/e7f2c9bb-d26d-4afe-9ac3-54ed8772196d,
album|chicago|chicago 17,Chicago,Chicago 17,1984,1,022,core_graph_album,resolved,musicbrainz_ws2,high,109,11,Chicago,Chicago 17,1984-05-14,193388821,3053c046-7bf3-34e7-b314-1fa2682ca81b,1ecfaba2-5c60-4675-ab09-2cae40ff473b,https://musicbrainz.org/release/1ecfaba2-5c60-4675-ab09-2cae40ff473b,
album|chicks|wide open spaces,The Chicks,Wide Open Spaces,1998,1,033,core_graph_album,resolved,apple_itunes_search_api,high,97,12,The Chicks,Wide Open Spaces,1998-01-27,155681921,,,https://music.apple.com/us/album/wide-open-spaces/155681921?uo=4,
album|chief keef|finally rich,Chief Keef,Finally Rich,2012,1,052,core_graph_album,resolved,apple_itunes_search_api,high,97,12,Chief Keef,Finally Rich,2012-01-01,1444005836,,,https://music.apple.com/us/album/finally-rich/1444005836?uo=4,lookup_track_count_below_catalog_track_count
album|chieftains|long black veil,The Chieftains,The Long Black Veil,1995,1,099,core_graph_album,resolved,apple_itunes_search_api,high,97,13,The Chieftains,The Long Black Veil,1995-01-24,254976921,,,https://music.apple.com/us/album/the-long-black-veil/254976921?uo=4,
album|chiffons|chiffons,The Chiffons,The Chiffons,1963,1,005,core_graph_album,resolved,musicbrainz_ws2,low,87,44,The Chiffons,"Essential Classics, Vol. 476: The Chiffons",,1466690187,ce622beb-fefa-4483-bb37-3085355bd150,581e77fd-ec90-4736-ac7d-7ede2ba0f15c,https://musicbrainz.org/release/581e77fd-ec90-4736-ac7d-7ede2ba0f15c,
album|childish gambino|because the internet,Childish Gambino,Because the Internet,2013,1,051,boundary_candidate,resolved,apple_itunes_search_api,high,97,19,Childish Gambino,Because the Internet,2013-12-10,1771703948,,,https://music.apple.com/us/album/because-the-internet/1771703948?uo=4,
album|chingy|jackpot,Chingy,Jackpot,2003,1,050,core_graph_album,resolved,apple_itunes_search_api,high,97,14,Chingy,Jackpot,2003-07-15,1648825757,,,https://music.apple.com/us/album/jackpot/1648825757?uo=4,
album|chocolate watchband|no way out,The Chocolate Watchband,No Way Out,1967,1,011,core_graph_album,resolved,apple_itunes_search_api,high,97,10,The Chocolate Watchband,No Way Out,1967-01-01,1444161778,,,https://music.apple.com/us/album/no-way-out/1444161778?uo=4,
album|chris stapleton|traveller,Chris Stapleton,Traveller,2015,1,035,core_graph_album,resolved,apple_itunes_search_api,high,97,14,Chris Stapleton,Traveller,2015-05-05,1440827477,,,https://music.apple.com/us/album/traveller/1440827477?uo=4,
album|chris tomlin|arriving,Chris Tomlin,Arriving,2004,1,110,context_candidate,resolved,apple_itunes_search_api,high,97,11,Chris Tomlin,Arriving,2004-09-21,1440844200,,,https://music.apple.com/us/album/arriving/1440844200?uo=4,
album|christian nodal|me deje llevar,Christian Nodal,Me Deje Llevar,2017,1,095,core_graph_album,resolved,apple_itunes_search_api,high,97,13,Christian Nodal,Me Dejé Llevar,2017-08-25,1440902522,,,https://music.apple.com/us/album/me-dej%C3%A9-llevar/1440902522?uo=4,
album|christina aguilera|christina aguilera,Christina Aguilera,Christina Aguilera,1999,1,089,core_graph_album,resolved,musicbrainz_ws2,high,109,18,Christina Aguilera,Christina Aguilera,1999-08-24,1308542675,6f47450a-6f77-3af2-80bb-4e7012c07180,d4faf895-c0c0-45ab-a912-42e99672425f,https://musicbrainz.org/release/d4faf895-c0c0-45ab-a912-42e99672425f,
album|christina perri|lovestrong,Christina Perri,Lovestrong.,2011,1,092,core_graph_album,resolved,apple_itunes_search_api,high,97,13,Christina Perri,Lovestrong.,2011-05-10,511504015,,,https://music.apple.com/us/album/lovestrong/511504015?uo=4,
album|christopher cross|christopher cross,Christopher Cross,Christopher Cross,1979,1,023,core_graph_album,resolved,musicbrainz_ws2,high,109,9,Christopher Cross,Christopher Cross,1979-12-20,1862733668,f74eeaf0-6415-378e-a4bf-79ca3937b9e3,700f7d37-08d8-4c67-8eeb-c7aa0392f6eb,https://musicbrainz.org/release/700f7d37-08d8-4c67-8eeb-c7aa0392f6eb,
album|chuck berry|after school session,Chuck Berry,After School Session,1957,1,001,core_graph_album,resolved,musicbrainz_ws2,high,109,12,Chuck Berry,After School Session,1957-05-01,1499703936,5afd7290-cd77-3a52-afac-01043240db5a,461de79f-61b5-4435-b0a6-1ad4a6450706,https://musicbrainz.org/release/461de79f-61b5-4435-b0a6-1ad4a6450706,
album|chuck mangione|feels so good,Chuck Mangione,Feels So Good,1977,1,102,core_graph_album,resolved,apple_itunes_search_api,high,97,6,Chuck Mangione,Feels So Good,1977-12-08,1434888809,,,https://music.apple.com/us/album/feels-so-good/1434888809?uo=4,
album|church|starfish,The Church,Starfish,1988,1,056,core_graph_album,resolved,apple_itunes_search_api,high,97,10,The Church,Starfish,1988-02-16,303081979,,,https://music.apple.com/us/album/starfish/303081979?uo=4,
album|chvrches|every open eye,Chvrches,Every Open Eye,2015,1,086,core_graph_album,resolved,musicbrainz_ws2,high,109,11,CHVRCHES,Every Open Eye,2015-09-25,1771710587,27bd2649-1d51-4bf6-8cc8-b598012ee3d6,6a2c3349-89ef-46db-9114-bdde84e6a28a,https://musicbrainz.org/release/6a2c3349-89ef-46db-9114-bdde84e6a28a,
album|cinderella|night songs,Cinderella,Night Songs,1986,1,063,core_graph_album,resolved,apple_itunes_search_api,high,97,10,Cinderella,Night Songs,1986-11-21,1440494441,,,https://music.apple.com/us/album/night-songs/1440494441?uo=4,
album|circle jerks|group sex,Circle Jerks,Group Sex,1980,1,055,core_graph_album,resolved,musicbrainz_ws2,high,109,14,Circle Jerks,Group Sex,1980,1711342117,8f5c4731-688f-3612-b5fe-318842359579,54e8d8a3-6f6e-40fc-a097-c44702565f75,https://musicbrainz.org/release/54e8d8a3-6f6e-40fc-a097-c44702565f75,
album|city girl|chroma velocity,City Girl,Chroma Velocity,2017,1,120,core_graph_album,resolved,musicbrainz_ws2,high,103,12,City Girl,Chroma Velocity,2019-06-10,1464062722,c607ac42-fa50-42a9-9b60-aec0a5a4289d,b417c692-d624-47a0-b444-8c108532b425,https://musicbrainz.org/release/b417c692-d624-47a0-b444-8c108532b425,
album|clairo|immunity,Clairo,Immunity,2019,1,116,core_graph_album,resolved,musicbrainz_ws2,high,109,11,Clairo,Immunity,2019-08-02,1893175128,fc97b087-221c-4ea4-9dd9-5277a52eb84a,92d4edd2-7540-43e9-8eef-cba124fcf42a,https://musicbrainz.org/release/92d4edd2-7540-43e9-8eef-cba124fcf42a,
album|clap your hands say yeah|clap your hands say yeah,Clap Your Hands Say Yeah,Clap Your Hands Say Yeah,2005,1,078,core_graph_album,resolved,musicbrainz_ws2,high,109,12,Clap Your Hands Say Yeah,Clap Your Hands Say Yeah,2005-10-11,1526628766,f31f11ef-71f6-3d32-8871-19be2dcbec22,89cc126a-c774-44ed-b9c0-45fce4787764,https://musicbrainz.org/release/89cc126a-c774-44ed-b9c0-45fce4787764,
album|clark sisters|is my living in vain,The Clark Sisters,Is My Living in Vain,1980,1,108,core_graph_album,resolved,apple_itunes_search_api,low,77,8,Mattie Moss Clark & The Clark Sisters,Is My Living In Vain,1985-09-10,331251837,,,https://music.apple.com/us/album/is-my-living-in-vain/331251837?uo=4,
album|clash|give em enough rope,The Clash,Give Em Enough Rope,1978,1,053,core_graph_album,resolved,musicbrainz_ws2,high,109,10,The Clash,Give ’Em Enough Rope,1978-11-10,684738276,fcd23bde-a71f-3a1e-8c7a-cde4eb427532,1cb0c83e-535e-36e3-9feb-b6f4c85c9471,https://musicbrainz.org/release/1cb0c83e-535e-36e3-9feb-b6f4c85c9471,
album|clash|london calling,The Clash,London Calling,1979,1,053,core_graph_album,resolved,musicbrainz_ws2,high,109,19,The Clash,London Calling,1980-01,684811762,8d73e45e-7ca1-3cb4-ae28-6da76196c17c,0b3b4095-b4b9-3a57-8556-e800064aabc7,https://musicbrainz.org/release/0b3b4095-b4b9-3a57-8556-e800064aabc7,
album|clint black|killin time,Clint Black,Killin' Time,1989,1,034,core_graph_album,resolved,musicbrainz_ws2,high,109,10,Clint Black,Killin’ Time,1989-05-02,305343235,c9ca57d2-1440-32ee-b233-7beb2082fc54,b4b389bc-60c1-4695-8a2a-9b7bd2531c19,https://musicbrainz.org/release/b4b389bc-60c1-4695-8a2a-9b7bd2531c19,
album|clipping|clppng,clipping.,CLPPNG,2014,1,051,core_graph_album,resolved,musicbrainz_ws2,high,109,14,clipping.,CLPPNG,2014-06-10,829302710,13339a16-754a-464b-ae86-592314d80561,2eaa1e47-7659-43a8-a919-2c28d816f191,https://musicbrainz.org/release/2eaa1e47-7659-43a8-a919-2c28d816f191,
album|clipse|lord willin,Clipse,Lord Willin',2002,1,049,core_graph_album,resolved,apple_itunes_search_api,high,97,15,Clipse,Lord Willin',2002-08-20,389140434,,,https://music.apple.com/us/album/lord-willin/389140434?uo=4,
album|cockney rebel|psychomodo,Cockney Rebel,The Psychomodo,1974,1,020,core_graph_album,resolved,musicbrainz_ws2,high,109,11,Cockney Rebel,The Psychomodo,1974,1629177704,6f3a6e5c-32ea-30b8-82eb-f4e0b9a4082e,86a3ef3a-db3b-42c6-972b-196391a80861,https://musicbrainz.org/release/86a3ef3a-db3b-42c6-972b-196391a80861,
album|cocteau twins|heaven or las vegas,Cocteau Twins,Heaven or Las Vegas,1990,1,073,core_graph_album,resolved,musicbrainz_ws2,high,109,10,Cocteau Twins,Heaven or Las Vegas,1990-08-21,258198881,12fab6b9-4eaf-33b0-963e-cae03ac332fe,f96df5d2-4ef9-3ef4-a4be-c743802b6f1e,https://musicbrainz.org/release/f96df5d2-4ef9-3ef4-a4be-c743802b6f1e,
album|cody jinks|adobe sessions,Cody Jinks,Adobe Sessions,2015,1,036,core_graph_album,resolved,apple_itunes_search_api,high,97,12,Cody Jinks,Adobe Sessions,2015-01-12,1659558261,,,https://music.apple.com/us/album/adobe-sessions/1659558261?uo=4,
album|coldplay|xandy,Coldplay,X&Y,2005,1,092,core_graph_album,resolved,apple_itunes_search_api,high,97,13,Coldplay,X&Y,2005-06-06,1123076757,,,https://music.apple.com/us/album/x-y/1123076757?uo=4,lookup_track_count_below_catalog_track_count
album|collins kids|hop skip and jump,The Collins Kids,"Hop, Skip and Jump",1991,1,002,core_graph_album,resolved,musicbrainz_ws2,high,109,59,The Collins Kids,"Hop, Skip & Jump",1991,,f61fd736-17c7-36e4-82a5-808ece75ab9b,ee18f181-dab2-427f-a996-53172495d03f,https://musicbrainz.org/release/ee18f181-dab2-427f-a996-53172495d03f,
album|com truise|galactic melt,Com Truise,Galactic Melt,2011,1,086,core_graph_album,resolved,apple_itunes_search_api,high,97,11,Com Truise,Galactic Melt,2011-06-14,679488051,,,https://music.apple.com/us/album/galactic-melt/679488051?uo=4,
album|commissioned|ordinary just won t do,Commissioned,Ordinary Just Won't Do,1989,1,108,core_graph_album,resolved,apple_itunes_search_api,high,97,10,Commissioned,Ordinary Just Won't Do,1989-06-06,259920392,,,https://music.apple.com/us/album/ordinary-just-wont-do/259920392?uo=4,
album|company flow|funcrusher plus,Company Flow,Funcrusher Plus,1997,1,051,core_graph_album,resolved,musicbrainz_ws2,high,109,19,Company Flow,Funcrusher Plus,1997-07-28,1675275204,e6e03027-2955-38b5-ba9f-2076297f8528,a353eccc-9a29-4219-923d-03cd8601418d,https://musicbrainz.org/release/a353eccc-9a29-4219-923d-03cd8601418d,
album|compton s most wanted|music to driveby,Compton's Most Wanted,Music to Driveby,1992,1,047,core_graph_album,resolved,musicbrainz_ws2,high,109,18,Compton’s Most Wanted,Music to Driveby,1992-09-29,277666953,aca34430-39be-36ce-b08e-90dc0e8e6e7a,bd7d323a-b55d-4788-ac7f-13dad18d851c,https://musicbrainz.org/release/bd7d323a-b55d-4788-ac7f-13dad18d851c,
album|concrete blonde|bloodletting,Concrete Blonde,Bloodletting,1990,1,074,core_graph_album,resolved,musicbrainz_ws2,high,109,10,Concrete Blonde,Bloodletting,1990-08-24,1440898848,6ae76cc0-027b-34d3-902d-01898bf0350f,5a3ed308-b700-3b07-ad40-bf429388bdd5,https://musicbrainz.org/release/5a3ed308-b700-3b07-ad40-bf429388bdd5,
album|connells|boylan heights,The Connells,Boylan Heights,1987,1,059,core_graph_album,resolved,apple_itunes_search_api,high,97,11,The Connells,Boylan Heights,1987-01-01,1440933948,,,https://music.apple.com/us/album/boylan-heights/1440933948?uo=4,
album|converge|jane doe,Converge,Jane Doe,2001,1,068,boundary_candidate,resolved,apple_itunes_search_api,high,97,12,Converge,Jane Doe,2001-09-04,493658129,,,https://music.apple.com/us/album/jane-doe/493658129?uo=4,
album|conway twitty|hello darlin,Conway Twitty,Hello Darlin',1970,1,031,core_graph_album,resolved,apple_itunes_search_api,high,97,11,Conway Twitty,Hello Darlin',1970-03-23,1455569078,,,https://music.apple.com/us/album/hello-darlin/1455569078?uo=4,
album|cory asbury|reckless love,Cory Asbury,Reckless Love,2018,1,110,context_candidate,resolved,apple_itunes_search_api,high,97,10,Cory Asbury,Reckless Love,2018-01-26,1747742610,,,https://music.apple.com/us/album/reckless-love/1747742610?uo=4,
album|count five|psychotic reaction,Count Five,Psychotic Reaction,1966,1,011,core_graph_album,resolved,apple_itunes_search_api,high,97,11,Count Five,Psychotic Reaction,1966-01-01,1443187830,,,https://music.apple.com/us/album/psychotic-reaction/1443187830?uo=4,
album|country joe and the fish|electric music for the mind and body,Country Joe and the Fish,Electric Music for the Mind and Body,1967,1,014,core_graph_album,resolved,musicbrainz_ws2,high,109,11,Country Joe and the Fish,Electric Music for the Mind and Body,1967-04,711998653,11351784-a205-3a5c-a04c-712b645da99c,814a9f66-09fd-4425-9352-e33b677b9f46,https://musicbrainz.org/release/814a9f66-09fd-4425-9352-e33b677b9f46,
album|coup|steal this album,The Coup,Steal This Album,1998,1,051,core_graph_album,resolved,musicbrainz_ws2,high,109,17,The Coup,Steal This Album,1998-11-10,265917402,30bd2ed3-22b9-3d7e-a3fc-40ddf96352a2,c172cf59-4211-43f2-bd95-8c2a3bfd5b22,https://musicbrainz.org/release/c172cf59-4211-43f2-bd95-8c2a3bfd5b22,
album|cranberries|no need to argue,The Cranberries,No Need to Argue,1994,1,074,core_graph_album,resolved,musicbrainz_ws2,high,109,13,The Cranberries,No Need to Argue,1994-10-03,1828830621,5ece0c50-bb0b-3cdf-90e2-287a60136d69,4580f27b-d91e-4bd4-8880-bda78854c1de,https://musicbrainz.org/release/4580f27b-d91e-4bd4-8880-bda78854c1de,
album|cream|disraeli gears,Cream,Disraeli Gears,1967,1,014,core_graph_album,resolved,apple_itunes_search_api,high,97,11,Cream,Disraeli Gears,1967-11-02,1440817229,,,https://music.apple.com/us/album/disraeli-gears/1440817229?uo=4,
album|cream|wheels of fire,Cream,Wheels of Fire,1968,1,014,core_graph_album,resolved,musicbrainz_ws2,high,109,14,Cream,Wheels of Fire,1968-06-14,1440830708,d4cd45f8-9a77-3449-a23c-0167e181fb5e,c0739ed8-9eae-3cb9-a8ce-c8f8619aad44,https://musicbrainz.org/release/c0739ed8-9eae-3cb9-a8ce-c8f8619aad44,
album|creed|human clay,Creed,Human Clay,1999,1,071,false_nearby_candidate,resolved,apple_itunes_search_api,high,97,12,Creed,Human Clay,1999-01-01,1440631060,,,https://music.apple.com/us/album/human-clay/1440631060?uo=4,
album|creedence clearwater revival|cosmo s factory,Creedence Clearwater Revival,Cosmo's Factory,1970,1,016,core_graph_album,resolved,apple_itunes_search_api,high,97,11,Creedence Clearwater Revival,Cosmo's Factory,1970-07-24,1440948745,,,https://music.apple.com/us/album/cosmos-factory/1440948745?uo=4,lookup_track_count_below_catalog_track_count
album|crests|best of the crests,The Crests,The Best of the Crests,1962,1,003,core_graph_album,resolved,musicbrainz_ws2,low,81,18,The Crests,The Best of the Crests featuring Johnny Maestro,1990,,150ee2e5-63f4-381c-a4aa-dddf4af806b8,4daf33b3-8f2c-4138-b60b-ac057c1cb45d,https://musicbrainz.org/release/4daf33b3-8f2c-4138-b60b-ac057c1cb45d,selected_release_year_far_from_seed_year
album|cro mags|age of quarrel,Cro-Mags,The Age of Quarrel,1986,1,055,boundary_candidate,resolved,apple_itunes_search_api,high,97,15,Cro-Mags,The Age of Quarrel,1986-09-12,1474115345,,,https://music.apple.com/us/album/the-age-of-quarrel/1474115345?uo=4,
album|crosby stills and nash|crosby stills and nash,"Crosby, Stills & Nash","Crosby, Stills & Nash",1969,1,010,core_graph_album,resolved,apple_itunes_search_api,high,97,10,"Crosby, Stills & Nash","Crosby, Stills & Nash",1969-05-29,908303090,,,https://music.apple.com/us/album/crosby-stills-nash/908303090?uo=4,
album|crumb|amama,Crumb,AMAMA,2024,1,117,core_graph_album,resolved,apple_itunes_search_api,high,97,12,Crumb,AMAMA,2024-05-17,1732581971,,,https://music.apple.com/us/album/amama/1732581971?uo=4,
album|crumb|jinx,Crumb,Jinx,2019,1,117,core_graph_album,resolved,apple_itunes_search_api,high,97,10,Crumb,Jinx,2019-06-14,1456789832,,,https://music.apple.com/us/album/jinx/1456789832?uo=4,
album|crystals|he s a rebel,The Crystals,He's a Rebel,1963,1,005,core_graph_album,resolved,musicbrainz_ws2,high,109,12,The Crystals,He's a Rebel,1963-02,518081032,93e47e09-af68-30f2-8867-2b6b85047e62,29b6bd75-7bfa-411f-a79b-464bb3037262,https://musicbrainz.org/release/29b6bd75-7bfa-411f-a79b-464bb3037262,
album|cure|disintegration,The Cure,Disintegration,1989,1,056,core_graph_album,resolved,musicbrainz_ws2,high,109,12,The Cure,Disintegration,1989-05-02,372100016,494bf606-d2f7-36d0-8340-eadad8601d2b,58462c1e-8a0f-4534-a83e-565f36d224e7,https://musicbrainz.org/release/58462c1e-8a0f-4534-a83e-565f36d224e7,
album|cure|seventeen seconds,The Cure,Seventeen Seconds,1980,1,056,core_graph_album,resolved,apple_itunes_search_api,high,97,10,The Cure,Seventeen Seconds,1980-04-22,286646354,,,https://music.apple.com/us/album/seventeen-seconds/286646354?uo=4,
album|curtis mayfield|super fly,Curtis Mayfield,Super Fly,1972,1,039,core_graph_album,resolved,musicbrainz_ws2,low,81,9,Curtis Mayfield,Super Fly (and more),1999,1048472205,08eefe50-665d-4a91-96d3-707cbd1016a7,d9c00e12-5fef-4183-bd14-b501dabc3613,https://musicbrainz.org/release/d9c00e12-5fef-4183-bd14-b501dabc3613,selected_release_year_far_from_seed_year
album|curve|doppelganger,Curve,Doppelganger,1992,1,073,core_graph_album,resolved,musicbrainz_ws2,high,106,11,Curve,Doppelgänger,1992-06-29,,0ed8a922-d124-34b0-bb6b-5489dd5de388,6be641b8-b1de-3273-a6d3-b8037735d2fe,https://musicbrainz.org/release/6be641b8-b1de-3273-a6d3-b8037735d2fe,
album|cut copy|in ghost colours,Cut Copy,In Ghost Colours,2008,1,085,core_graph_album,resolved,apple_itunes_search_api,high,97,15,Cut Copy,In Ghost Colours,2008-03-22,1820829054,,,https://music.apple.com/us/album/in-ghost-colours/1820829054?uo=4,
album|cyndi lauper|she s so unusual,Cyndi Lauper,She's So Unusual,1983,1,088,core_graph_album,resolved,apple_itunes_search_api,high,97,10,Cyndi Lauper,She's So Unusual,1983-10-14,400603643,,,https://music.apple.com/us/album/shes-so-unusual/400603643?uo=4,
album|d angelo|brown sugar,D'Angelo,Brown Sugar,1995,1,043,core_graph_album,resolved,apple_itunes_search_api,high,97,10,D'Angelo,Brown Sugar,1995-07-03,1444063061,,,https://music.apple.com/us/album/brown-sugar/1444063061?uo=4,
album|d angelo|voodoo,D'Angelo,Voodoo,2000,1,043,core_graph_album,resolved,apple_itunes_search_api,high,97,13,D'Angelo,Voodoo,2000-01-25,1443829916,,,https://music.apple.com/us/album/voodoo/1443829916?uo=4,
album|d banj|entertainer,D'banj,The Entertainer,2008,1,097,core_graph_album,resolved,musicbrainz_ws2,high,109,10,D’banj,The Entertainer,2008,1636949442,f637e3db-a9d4-4994-9e7e-4d8cda42f6b2,49ee2f90-f749-4311-8eb7-e84ac8d49afc,https://musicbrainz.org/release/49ee2f90-f749-4311-8eb7-e84ac8d49afc,
album|d o c|no one can do it better,The D.O.C.,No One Can Do It Better,1989,1,047,core_graph_album,resolved,musicbrainz_ws2,high,109,13,The D.O.C.,No One Can Do It Better,1989-07-11,79023568,65b0321c-4852-3e7f-a622-706d600ab485,9eecb9b4-ea73-4dbc-a220-887b585db5ba,https://musicbrainz.org/release/9eecb9b4-ea73-4dbc-a220-887b585db5ba,
album|daddy yankee|barrio fino,Daddy Yankee,Barrio Fino,2004,1,094,core_graph_album,resolved,musicbrainz_ws2,high,109,23,Daddy Yankee,Barrio fino,2004-07-13,1785999696,5fa20be8-ea07-31bd-a915-f12a3ab8495e,c7279bd8-9f15-4838-a0b8-0616fb1768b8,https://musicbrainz.org/release/c7279bd8-9f15-4838-a0b8-0616fb1768b8,
album|daft punk|discovery,Daft Punk,Discovery,2001,1,083,core_graph_album,resolved,musicbrainz_ws2,high,109,14,Daft Punk,Discovery,2001-03-13,697194953,48117b90-a16e-34ca-a514-19c702df1158,5ad66522-edce-3a77-b5fa-7956ee879239,https://musicbrainz.org/release/5ad66522-edce-3a77-b5fa-7956ee879239,
album|daft punk|homework,Daft Punk,Homework,1997,1,083,core_graph_album,resolved,musicbrainz_ws2,high,109,16,Daft Punk,Homework,1997-03-25,696884422,00054665-89fa-33d5-a8f0-1728ea8c32c3,ce45ae00-c3e2-38db-95e3-2cc4c42f2985,https://musicbrainz.org/release/ce45ae00-c3e2-38db-95e3-2cc4c42f2985,
album|damien rice|o,Damien Rice,O,2002,1,029,core_graph_album,resolved,musicbrainz_ws2,high,109,10,Damien Rice,O,2003,2249511,d7e69fd9-59ac-3093-8b72-60b77a91b298,b6288f94-b121-49c2-82af-35d88cdf3e41,https://musicbrainz.org/release/b6288f94-b121-49c2-82af-35d88cdf3e41,
album|damned|damned damned damned,The Damned,Damned Damned Damned,1977,1,053,core_graph_album,resolved,musicbrainz_ws2,high,109,12,The Damned,Damned Damned Damned,1977-02-18,1439808377,3ed0e51d-62a4-3957-ab42-579c6f8c148b,96c27010-925a-4e75-86a4-b55ad42480c5,https://musicbrainz.org/release/96c27010-925a-4e75-86a4-b55ad42480c5,
album|damned|machine gun etiquette,The Damned,Machine Gun Etiquette,1979,1,053,core_graph_album,resolved,musicbrainz_ws2,high,109,11,The Damned,Machine Gun Etiquette,1979-11-02,1621373741,2e30aefe-004b-3680-8ad4-4b2398d8e0ed,2f803106-a53a-49f4-8b9c-991a38a1b3b8,https://musicbrainz.org/release/2f803106-a53a-49f4-8b9c-991a38a1b3b8,
album|dan fogelberg|souvenirs,Dan Fogelberg,Souvenirs,1974,1,022,core_graph_album,resolved,musicbrainz_ws2,high,109,11,Dan Fogelberg,Souvenirs,1974-11,193862905,95cc2c8a-1e35-30ff-a8e2-3f07bc02c134,0c1ad6d4-cf37-4f07-8e76-7a2b600f4325,https://musicbrainz.org/release/0c1ad6d4-cf37-4f07-8e76-7a2b600f4325,
album|daniel caesar|freudian,Daniel Caesar,Freudian,2017,1,044,core_graph_album,resolved,musicbrainz_ws2,high,109,10,Daniel Caesar,Freudian,2017-08-25,1799080774,ba660007-8e88-4301-ba89-5574d06d29cc,209ad4ec-df53-4667-b45f-38413802b94b,https://musicbrainz.org/release/209ad4ec-df53-4667-b45f-38413802b94b,
album|danny brown|atrocity exhibition,Danny Brown,Atrocity Exhibition,2016,1,051,boundary_candidate,resolved,musicbrainz_ws2,high,109,15,Danny Brown,Atrocity Exhibition,2016-09-30,1142690534,88f4f8e5-ee88-4050-84ad-cf73f7c2b19a,7c594707-8286-447c-9eaf-10728119a703,https://musicbrainz.org/release/7c594707-8286-447c-9eaf-10728119a703,
album|danny elfman|batman,Danny Elfman,Batman,1989,1,107,context_candidate,resolved,musicbrainz_ws2,high,92,21,Danny Elfman,Batman: Original Motion Picture Score,1989-08-02,41229136,49abab2f-59e3-3732-a97c-dcb7d7008ae3,07a21584-3ca1-4aa3-b66f-45d944f31db0,https://musicbrainz.org/release/07a21584-3ca1-4aa3-b66f-45d944f31db0,
album|danny elfman|nightmare before christmas,Danny Elfman,The Nightmare Before Christmas,1993,1,105,context_candidate,resolved,musicbrainz_ws2,high,97,29,Danny Elfman,Tim Burton’s The Nightmare Before Christmas: Original Motion Picture Soundtrack,1993-10-12,1440662430,16879ae9-c718-328e-b2e4-cef03537eb4b,789737c2-81f1-4b81-8790-d148aa0c764e,https://musicbrainz.org/release/789737c2-81f1-4b81-8790-d148aa0c764e,
album|danny l harle|harlecore,Danny L Harle,Harlecore,2021,1,119,core_graph_album,resolved,musicbrainz_ws2,high,109,13,Danny L Harle,Harlecore,2021-02-26,1547705208,7c27628e-ed9c-456e-8c2e-a009038f7fbd,9c52d4b6-bc01-4d4a-910a-e15242dd8331,https://musicbrainz.org/release/9c52d4b6-bc01-4d4a-910a-e15242dd8331,
album|darius rucker|true believers,Darius Rucker,True Believers,2013,1,035,core_graph_album,resolved,musicbrainz_ws2,high,109,12,Darius Rucker,True Believers,2013-05-17,1469411292,e6283e1c-0041-4888-a8f5-5913f1fa626b,fe8473f7-6120-41a2-ac4f-b485447a324e,https://musicbrainz.org/release/fe8473f7-6120-41a2-ac4f-b485447a324e,
album|darkthrone|transilvanian hunger,Darkthrone,Transilvanian Hunger,1994,1,068,core_graph_album,resolved,musicbrainz_ws2,high,109,8,Darkthrone,Transilvanian Hunger,1994,128282603,bc9a4ab3-2ce0-3a49-b48f-3742169d0636,715d602a-fa32-4ed1-8585-afcd1d16a10b,https://musicbrainz.org/release/715d602a-fa32-4ed1-8585-afcd1d16a10b,
album|dashboard confessional|a mark a mission a brand a scar,Dashboard Confessional,"A Mark, a Mission, a Brand, a Scar",2003,1,077,core_graph_album,resolved,musicbrainz_ws2,high,109,13,Dashboard Confessional,A Mark • A Mission • A Brand • A Scar,2003-08-12,1458656659,f6b9294b-d696-308f-b786-2e40bd5c5dc5,ab81cf57-551a-4405-8d4a-31cf069bda09,https://musicbrainz.org/release/ab81cf57-551a-4405-8d4a-31cf069bda09,
album|dashboard confessional|places you have come to fear the most,Dashboard Confessional,The Places You Have Come to Fear the Most,2001,1,077,core_graph_album,resolved,musicbrainz_ws2,high,109,10,Dashboard Confessional,The Places You Have Come to Fear the Most,2001-03-20,1454007864,b797584c-8be6-3810-b5bc-2856d5a13cf1,fd3ea260-7f06-496b-aafe-7b93d2dad025,https://musicbrainz.org/release/fd3ea260-7f06-496b-aafe-7b93d2dad025,
album|datsuns|datsuns,The Datsuns,The Datsuns,2002,1,079,core_graph_album,resolved,musicbrainz_ws2,high,109,10,The Datsuns,The Datsuns,2002-10-07,282868443,d92bc475-88fa-3ac4-83ee-47e0e59cf038,2ac2aba7-c685-48ea-b14c-3b6eb787e96d,https://musicbrainz.org/release/2ac2aba7-c685-48ea-b14c-3b6eb787e96d,
album|daughtry|daughtry,Daughtry,Daughtry,2006,1,071,core_graph_album,resolved,musicbrainz_ws2,high,109,13,Daughtry,Daughtry,2006-11-21,214412700,a89eb3b6-efe2-3d03-86c1-7e88f66695d3,2f2878e6-30bf-4297-bbbc-3db852a28c2f,https://musicbrainz.org/release/2f2878e6-30bf-4297-bbbc-3db852a28c2f,
album|dave brubeck quartet|time out,Dave Brubeck Quartet,Time Out,1959,1,101,core_graph_album,resolved,musicbrainz_ws2,high,109,7,The Dave Brubeck Quartet,Time Out,1959,193085545,035a7881-3e2c-39d2-b110-fe26a4de94e5,08051d23-d6ed-4515-b176-3f2a6d67fcd4,https://musicbrainz.org/release/08051d23-d6ed-4515-b176-3f2a6d67fcd4,
album|dave van ronk|folksinger,Dave Van Ronk,Folksinger,1962,1,026,core_graph_album,resolved,musicbrainz_ws2,high,109,13,Dave Van Ronk,Folksinger,1962,1440947180,8671a71e-a9ee-3b36-8213-3da95cc53b65,a2d634a0-de89-4a56-87f0-e2ac31fcd400,https://musicbrainz.org/release/a2d634a0-de89-4a56-87f0-e2ac31fcd400,
album|dave van ronk|inside dave van ronk,Dave Van Ronk,Inside Dave Van Ronk,1964,1,026,core_graph_album,resolved,musicbrainz_ws2,high,109,12,Dave Van Ronk,Inside Dave Van Ronk,1964-10,6771126039,ab8211b4-82d2-30de-a3a8-0be1634cc4ea,ea12dd19-9657-4e3d-b8ca-39de5f21f904,https://musicbrainz.org/release/ea12dd19-9657-4e3d-b8ca-39de5f21f904,
album|david bowie|aladdin sane,David Bowie,Aladdin Sane,1973,1,020,core_graph_album,resolved,musicbrainz_ws2,high,109,10,David Bowie,Aladdin Sane,1973-04-19,1039655668,50f8710f-3ae6-319b-85a7-afe783f13449,64418688-706e-3312-b2b0-fba6c123c506,https://musicbrainz.org/release/64418688-706e-3312-b2b0-fba6c123c506,
album|david bowie|diamond dogs,David Bowie,Diamond Dogs,1974,1,020,core_graph_album,resolved,musicbrainz_ws2,high,109,11,David Bowie,Diamond Dogs,1974-05,1195107058,0dc4835d-b21a-3612-bac6-ab1e782a1396,99a48afd-1292-4076-a9b6-12818729eae8,https://musicbrainz.org/release/99a48afd-1292-4076-a9b6-12818729eae8,
album|david bowie|rise and fall of ziggy stardust and the spiders from mars,David Bowie,The Rise and Fall of Ziggy Stardust and the Spiders from Mars,1972,1,020,core_graph_album,resolved,musicbrainz_ws2,high,109,11,David Bowie,The Rise and Fall of Ziggy Stardust and the Spiders From Mars,1972-06-06,1039796877,6c9ae3dd-32ad-472c-96be-69d0a3536261,bb7f0f5a-586e-3f90-8665-fdc547aa2a54,https://musicbrainz.org/release/bb7f0f5a-586e-3f90-8665-fdc547aa2a54,
album|david gray|white ladder,David Gray,White Ladder,1998,1,029,core_graph_album,resolved,musicbrainz_ws2,high,109,10,David Gray,White Ladder,1998-11-02,1738297829,67c151dc-4702-3fdc-9bea-9b6256758e11,dc1bb10d-aa4e-44f2-8b91-5093dc03d2b9,https://musicbrainz.org/release/dc1bb10d-aa4e-44f2-8b91-5093dc03d2b9,
album|david roberts|all dressed up,David Roberts,All Dressed Up,1982,1,023,core_graph_album,resolved,musicbrainz_ws2,high,109,10,David Roberts,All Dressed Up…,1982,1210861566,929fd412-ded8-34ad-ae44-63b49ac1aa34,10c41a9f-780f-4215-8f5c-e96effecf718,https://musicbrainz.org/release/10c41a9f-780f-4215-8f5c-e96effecf718,
album|david sanborn and bob james|double vision,David Sanborn and Bob James,Double Vision,1986,1,102,core_graph_album,resolved,apple_itunes_search_api,high,95,7,Bob James & David Sanborn,Double Vision,1986-05-19,1306540022,,,https://music.apple.com/us/album/double-vision/1306540022?uo=4,
album|davido|a good time,Davido,A Good Time,2019,1,097,core_graph_album,resolved,musicbrainz_ws2,high,109,17,DaVido,A Good Time,2019-11-22,1484518867,8fa1c241-511a-4d74-91e8-991e199b549e,ae324fd0-005f-45ee-b9e6-5de79e13c3a9,https://musicbrainz.org/release/ae324fd0-005f-45ee-b9e6-5de79e13c3a9,
album|davido|timeless,Davido,Timeless,2023,1,097,core_graph_album,resolved,musicbrainz_ws2,high,109,17,Davido,Timeless,2023-03-31,1675379314,b1027da3-26ce-41e1-9aa5-b5cb2e643af3,cb508fc4-728c-43f1-abc0-5af0deb87596,https://musicbrainz.org/release/cb508fc4-728c-43f1-abc0-5af0deb87596,
album|db s|stands for decibels,The dB's,Stands for deciBels,1981,2,021;069,core_graph_album,resolved,musicbrainz_ws2,high,109,12,The dB’s,Stands for deciBels,1981,1740185463,b400a062-78f4-3a50-9494-e4235304e160,be88fceb-8ffb-4e10-89d0-c8d76eb34c1b,https://musicbrainz.org/release/be88fceb-8ffb-4e10-89d0-c8d76eb34c1b,
album|dc talk|jesus freak,DC Talk,Jesus Freak,1995,1,109,context_candidate,resolved,musicbrainz_ws2,high,109,14,dc Talk,Jesus Freak,1995-11-21,1440837022,daadc48b-e7ae-3a20-ba05-524b7a9e2257,34bbf932-2696-4b5f-b985-371345985ea1,https://musicbrainz.org/release/34bbf932-2696-4b5f-b985-371345985ea1,
album|de la soul|3 feet high and rising,De La Soul,3 Feet High and Rising,1989,1,046,core_graph_album,resolved,musicbrainz_ws2,high,109,23,De La Soul,3 Feet High and Rising,1989,1657705063,5243f39c-c344-3989-a0f6-2a2f75a9d827,f8ae1fa5-6665-4ff7-9f31-e6280d28b7f4,https://musicbrainz.org/release/f8ae1fa5-6665-4ff7-9f31-e6280d28b7f4,
album|de la soul|de la soul is dead,De La Soul,De La Soul Is Dead,1991,1,046,core_graph_album,resolved,musicbrainz_ws2,high,109,27,De La Soul,De La Soul Is Dead,1991-05-13,1673848395,0be4cdd5-ed37-3842-82ba-7f9983a34473,2fa48352-7734-4829-a8be-db1139e948cf,https://musicbrainz.org/release/2fa48352-7734-4829-a8be-db1139e948cf,
album|de la soul|stakes is high,De La Soul,Stakes Is High,1996,1,046,core_graph_album,resolved,musicbrainz_ws2,high,109,18,De La Soul,Stakes Is High,1996-07-02,1664600863,2a6020bf-93bf-384f-8378-af380159261d,7b9e302d-2e1a-4bdd-9816-5390683c4ab9,https://musicbrainz.org/release/7b9e302d-2e1a-4bdd-9816-5390683c4ab9,
album|dead boys|young loud and snotty,Dead Boys,Young Loud and Snotty,1977,1,053,core_graph_album,resolved,musicbrainz_ws2,high,109,11,Dead Boys,Young Loud and Snotty,1977-10,268497356,ff98aa71-717f-3059-8619-d651e9054ebb,d7a2897a-7efb-4c13-8f44-cdb7e0faa272,https://musicbrainz.org/release/d7a2897a-7efb-4c13-8f44-cdb7e0faa272,
album|dead kennedys|fresh fruit for rotting vegetables,Dead Kennedys,Fresh Fruit for Rotting Vegetables,1980,1,055,core_graph_album,resolved,musicbrainz_ws2,high,109,14,Dead Kennedys,Fresh Fruit for Rotting Vegetables,1980-09,1760838617,3495fca0-ce60-3342-93f2-23fd525d8069,1b3c89db-0eaa-4965-8161-60e8409bdd66,https://musicbrainz.org/release/1b3c89db-0eaa-4965-8161-60e8409bdd66,
album|deadmau5|random album title,Deadmau5,Random Album Title,2008,1,083,core_graph_album,resolved,musicbrainz_ws2,high,109,10,deadmau5,Random Album Title,2008-09-27,1821960341,af7658f3-36b4-345f-b053-caa9b7bf91cd,4d776716-a5ab-4e05-8aee-07224c88239b,https://musicbrainz.org/release/4d776716-a5ab-4e05-8aee-07224c88239b,
album|deafheaven|sunbather,Deafheaven,Sunbather,2013,1,068,boundary_candidate,resolved,musicbrainz_ws2,high,109,7,Deafheaven,Sunbather,2013-05-28,652038965,8a061d0e-fa0c-4571-91ff-8bc3911b6428,22f1d5cc-61a7-4976-975b-bf123e685fb9,https://musicbrainz.org/release/22f1d5cc-61a7-4976-975b-bf123e685fb9,
album|death angel|ultra violence,Death Angel,The Ultra-Violence,1987,1,062,core_graph_album,resolved,musicbrainz_ws2,high,109,8,Death Angel,The Ultra-Violence,1987,528973961,acdd9500-0d70-325a-84cc-5a1c1a7931e6,1e19bb51-1c57-3535-8c2a-dd62a42d3ddf,https://musicbrainz.org/release/1e19bb51-1c57-3535-8c2a-dd62a42d3ddf,
album|death cab for cutie|plans,Death Cab for Cutie,Plans,2005,1,078,core_graph_album,resolved,musicbrainz_ws2,high,109,11,Death Cab for Cutie,Plans,2005-08-30,966379289,bc7630eb-521a-3312-a281-adfb8c5aac7d,e8e4e1b0-4a5a-4406-be19-f1b25618643f,https://musicbrainz.org/release/e8e4e1b0-4a5a-4406-be19-f1b25618643f,
album|death cab for cutie|transatlanticism,Death Cab for Cutie,Transatlanticism,2003,1,078,core_graph_album,resolved,musicbrainz_ws2,high,109,11,Death Cab for Cutie,Transatlanticism,2003-10-07,718938040,f48c46e8-8178-3e74-b60f-72b677ebcb96,ced053e9-51a7-4cd3-8a61-65eb934ea00c,https://musicbrainz.org/release/ced053e9-51a7-4cd3-8a61-65eb934ea00c,
album|death grips|money store,Death Grips,The Money Store,2012,1,051,boundary_candidate,resolved,musicbrainz_ws2,high,109,13,Death Grips,The Money Store,2012-08-12,515449028,aa0b4e86-358e-4c92-aecd-94f5f59233f7,1cd7c764-28bb-4df1-af3f-6c0b6bf5e95c,https://musicbrainz.org/release/1cd7c764-28bb-4df1-af3f-6c0b6bf5e95c,
album|death|leprosy,Death,Leprosy,1988,1,068,core_graph_album,resolved,musicbrainz_ws2,high,109,36,Death,Leprosy,1988-11-16,847924394,e4f11dc7-ed0c-4fb2-bdf7-b1a6240bd167,26448b8b-de45-456b-ae34-3b7b589c7049,https://musicbrainz.org/release/26448b8b-de45-456b-ae34-3b7b589c7049,
album|death|scream bloody gore,Death,Scream Bloody Gore,1987,1,068,core_graph_album,resolved,musicbrainz_ws2,high,109,10,Death,Scream Bloody Gore,1987,369043988,4b2378ca-9617-3b4a-bac3-dcc23a0467bf,a5af9f1a-4259-3911-8f5f-7c594ad0b6b6,https://musicbrainz.org/release/a5af9f1a-4259-3911-8f5f-7c594ad0b6b6,
album|death|symbolic,Death,Symbolic,1995,1,068,core_graph_album,resolved,musicbrainz_ws2,high,109,9,Death,Symbolic,1995-03-21,214477696,bd675025-abcb-3536-9e19-ba3204c0183d,321a3c33-9310-4b9f-b104-762e465ec60f,https://musicbrainz.org/release/321a3c33-9310-4b9f-b104-762e465ec60f,
album|decemberists|crane wife,The Decemberists,The Crane Wife,2006,1,078,core_graph_album,resolved,musicbrainz_ws2,high,109,12,The Decemberists,The Crane Wife,2006-10-03,1044305402,3958580d-8271-3cd2-90d4-c027515941dc,7236f187-10bd-38ce-b995-5c27defa0e08,https://musicbrainz.org/release/7236f187-10bd-38ce-b995-5c27defa0e08,
album|decemberists|picaresque,The Decemberists,Picaresque,2005,1,078,core_graph_album,resolved,musicbrainz_ws2,high,109,11,The Decemberists,Picaresque,2005-03-22,313249629,83809016-521d-3b0b-8685-7d0e554fdcb7,42ef4aa7-a493-4ba8-be55-b66e73cc4c3d,https://musicbrainz.org/release/42ef4aa7-a493-4ba8-be55-b66e73cc4c3d,
album|dee dee sharp|it s mashed potato time,Dee Dee Sharp,It's Mashed Potato Time,1962,1,005,core_graph_album,resolved,musicbrainz_ws2,high,109,24,Dee Dee Sharp,It's Mashed Potato Time,1962,1443062668,a7b026bf-640c-3c40-b707-ecff6f4db2ce,35aee29f-a58a-44e8-ad85-cda2b7636d39,https://musicbrainz.org/release/35aee29f-a58a-44e8-ad85-cda2b7636d39,
album|deep purple|in rock,Deep Purple,In Rock,1970,1,017,core_graph_album,resolved,musicbrainz_ws2,medium,97,7,Deep Purple,Deep Purple in Rock,1970-06,1442271923,ebdb53c3-fbae-34b1-81cb-f825c9a56822,47e347ff-dd6b-3157-99c9-aabd46d5a7f9,https://musicbrainz.org/release/47e347ff-dd6b-3157-99c9-aabd46d5a7f9,
album|deep purple|machine head,Deep Purple,Machine Head,1972,1,017,core_graph_album,resolved,musicbrainz_ws2,high,109,7,Deep Purple,Machine Head,1972-03,1099334597,d00243c5-adcf-3018-9aa7-1957d7a5a774,e17f7941-2aec-3e22-bed6-ef8e7dc7b266,https://musicbrainz.org/release/e17f7941-2aec-3e22-bed6-ef8e7dc7b266,
album|def leppard|hysteria,Def Leppard,Hysteria,1987,1,063,core_graph_album,resolved,musicbrainz_ws2,high,109,12,Def Leppard,Hysteria,1987-08-03,1440903625,12fa3845-7c62-36e5-a8da-8be137155a72,6a3636e4-9586-4c13-bcc5-3ec7255674e1,https://musicbrainz.org/release/6a3636e4-9586-4c13-bcc5-3ec7255674e1,
album|def leppard|pyromania,Def Leppard,Pyromania,1983,1,063,core_graph_album,resolved,musicbrainz_ws2,high,109,10,Def Leppard,Pyromania,1983-01-20,1440902935,d77df681-b779-3d6d-b66a-3bfd15985e3e,1ea0c30d-b11c-48ee-8990-e0834b0211ab,https://musicbrainz.org/release/1ea0c30d-b11c-48ee-8990-e0834b0211ab,
album|def leppard|vault def leppard greatest hits 1980 1995,Def Leppard,Vault: Def Leppard Greatest Hits 1980-1995,1995,1,063,core_graph_album,resolved,musicbrainz_ws2,high,109,24,Def Leppard,Vault: Def Leppard Greatest Hits 1980–1995,1995,1671883291,b9a9668e-239a-3322-8164-ef4b59da4274,5d8b3b1d-476d-49cc-b686-80ebf25bc5c5,https://musicbrainz.org/release/5d8b3b1d-476d-49cc-b686-80ebf25bc5c5,
album|default|fallout,Default,The Fallout,2001,1,071,core_graph_album,resolved,musicbrainz_ws2,high,109,11,Default,The Fallout,2002-11-05,311284334,9cb0d2a2-1b3f-315e-9492-51161e69f8c9,40e29661-1d5c-4e23-b82d-a51e145294b5,https://musicbrainz.org/release/40e29661-1d5c-4e23-b82d-a51e145294b5,
album|deftones|around the fur,Deftones,Around the Fur,1997,1,066,core_graph_album,resolved,musicbrainz_ws2,high,109,10,Deftones,Around the Fur,1997-10-28,1099843198,6f935b80-160f-3787-97d6-a4ce342cf8c5,5d71d0f7-b47b-4795-a52c-e38f0a5dfd93,https://musicbrainz.org/release/5d71d0f7-b47b-4795-a52c-e38f0a5dfd93,
album|deftones|white pony,Deftones,White Pony,2000,2,066;118,core_graph_album;false_nearby_candidate,resolved,musicbrainz_ws2,high,109,12,Deftones,White Pony,2000-06-20,1099848709,a7d33e96-8e09-3aff-8629-44812a1b8489,37cbd6b9-0da8-4b34-8649-2328fc31e639,https://musicbrainz.org/release/37cbd6b9-0da8-4b34-8649-2328fc31e639,
album|deltron 3030|deltron 3030,Deltron 3030,Deltron 3030,2000,1,051,core_graph_album,resolved,musicbrainz_ws2,high,109,24,Deltron 3030,Deltron 3030,2000-10-17,288544306,a55be3b5-1d86-317a-ac22-49655313bae0,8f118f74-22ea-41dd-9e3d-3186203487f9,https://musicbrainz.org/release/8f118f74-22ea-41dd-9e3d-3186203487f9,
album|depeche mode|music for the masses,Depeche Mode,Music for the Masses,1987,1,058,core_graph_album,resolved,musicbrainz_ws2,high,109,10,Depeche Mode,Music for the Masses,1987-10-06,665403347,e59021bd-1710-3c13-9449-b78560039592,3f9d1a59-f16f-3408-9731-af829637df56,https://musicbrainz.org/release/3f9d1a59-f16f-3408-9731-af829637df56,
album|depeche mode|some great reward,Depeche Mode,Some Great Reward,1984,1,058,core_graph_album,resolved,musicbrainz_ws2,high,109,9,Depeche Mode,Some Great Reward,1984-10-29,665403327,b3100982-db15-3a4b-a3ed-363c91cb40de,6b5e6cfe-4484-355e-b9d2-d4e16dcd6d17,https://musicbrainz.org/release/6b5e6cfe-4484-355e-b9d2-d4e16dcd6d17,
album|depeche mode|violator,Depeche Mode,Violator,1990,1,058,core_graph_album,resolved,musicbrainz_ws2,high,109,9,Depeche Mode,Violator,1990-03-20,665404621,71f1482e-e63f-3b2c-811b-939f62708f2a,1144a82e-d5f7-4c51-a7de-e4218430fc7c,https://musicbrainz.org/release/1144a82e-d5f7-4c51-a7de-e4218430fc7c,
album|derrick may|innovator,Derrick May,Innovator,1991,1,082,core_graph_album,resolved,musicbrainz_ws2,high,101,29,Derrick May,Innovator,1997-10-28,1804523507,5a1322d1-1ddf-32ea-9ecd-e770afa4b5ac,4a19b862-5c43-450b-a8c7-a1ef6de47e71,https://musicbrainz.org/release/4a19b862-5c43-450b-a8c7-a1ef6de47e71,selected_release_year_drift_from_seed_year
album|descendents|milo goes to college,Descendents,Milo Goes to College,1982,1,055,core_graph_album,resolved,musicbrainz_ws2,high,109,15,Descendents,Milo Goes to College,1982-11-15,1614602121,6f180553-2c6a-3529-a380-636f1232313d,38532491-fd72-4331-81ff-873b089d6e75,https://musicbrainz.org/release/38532491-fd72-4331-81ff-873b089d6e75,
album|destiny s child|writing s on the wall,Destiny's Child,The Writing's on the Wall,1999,1,089,core_graph_album,resolved,musicbrainz_ws2,high,109,16,Destiny’s Child,The Writing’s on the Wall,1999-07-26,266809606,7bfda0d3-5747-3f7c-a60f-065b6ea29db1,5bbbf578-b87e-4ae0-91dd-725840b80d78,https://musicbrainz.org/release/5bbbf578-b87e-4ae0-91dd-725840b80d78,
album|devo|freedom of choice,Devo,Freedom of Choice,1980,1,057,core_graph_album,resolved,musicbrainz_ws2,high,109,12,DEVO,Freedom of Choice,1980-07-01,335254356,bb889709-d775-3cb1-84c2-1daf4884e165,d5fa17df-8bd3-303c-a40b-0bb77378910e,https://musicbrainz.org/release/d5fa17df-8bd3-303c-a40b-0bb77378910e,
album|devo|q are we not men a we are devo,Devo,Q: Are We Not Men? A: We Are Devo!,1978,1,057,core_graph_album,resolved,musicbrainz_ws2,high,109,11,DEVO,Q: Are We Not Men? A: We Are Devo!,1978,335252211,60a754f9-50e1-346a-97db-925a1e2ad7e0,66118d7e-07f6-3ccb-abde-270dadefd041,https://musicbrainz.org/release/66118d7e-07f6-3ccb-abde-270dadefd041,
album|diamond head|lightning to the nations,Diamond Head,Lightning to the Nations,1980,1,061,core_graph_album,resolved,musicbrainz_ws2,high,109,19,Diamond Head,Lightning to the Nations,1980-10-03,1635259055,450d4fe3-826d-3552-8de8-4a068371dd32,519302cc-cad4-464e-b5fb-11dfaacf20d6,https://musicbrainz.org/release/519302cc-cad4-464e-b5fb-11dfaacf20d6,
album|diana krall|when i look in your eyes,Diana Krall,When I Look in Your Eyes,1999,1,100,core_graph_album,resolved,musicbrainz_ws2,high,109,13,Diana Krall,When I Look in Your Eyes,1999-06-08,1440852057,02f1069d-bf57-312b-9d2e-519b0e4366f6,6c37291e-877d-44b6-a244-84b461354ae7,https://musicbrainz.org/release/6c37291e-877d-44b6-a244-84b461354ae7,
album|diana ross|diana,Diana Ross,Diana,1980,1,040,core_graph_album,resolved,musicbrainz_ws2,high,109,8,Diana Ross,Diana,1980-05-22,1443159760,fd07981b-fe56-3218-8df6-bcbe6992c96e,fd8c49a8-58c6-49e2-ad4a-1cf2a696a239,https://musicbrainz.org/release/fd8c49a8-58c6-49e2-ad4a-1cf2a696a239,
album|dick dale and his del tones|checkered flag,Dick Dale and His Del-Tones,Checkered Flag,1963,1,007,core_graph_album,resolved,musicbrainz_ws2,high,109,14,Dick Dale and His Del‐Tones,Checkered Flag,1963,1470561755,3e0db1fc-4d45-3168-a0bd-ccbc063a5163,bc4ac894-9815-43bd-91f7-89d2a6a3155e,https://musicbrainz.org/release/bc4ac894-9815-43bd-91f7-89d2a6a3155e,
album|dick dale and his del tones|king of the surf guitar,Dick Dale and His Del-Tones,King of the Surf Guitar,1963,2,002;007,core_graph_album,resolved,musicbrainz_ws2,high,109,14,Dick Dale and His Del‐Tones,King of the Surf Guitar,1963,1470557221,9a24bd0a-b23d-4e6f-91e6-4655a26d5518,d2bdcc93-df2c-4188-a058-0d229b01b543,https://musicbrainz.org/release/d2bdcc93-df2c-4188-a058-0d229b01b543,
album|dictators|go girl crazy,The Dictators,Go Girl Crazy!,1975,1,053,core_graph_album,resolved,musicbrainz_ws2,high,109,9,The Dictators,Go Girl Crazy,1975,607581053,0fbf007d-981a-3455-85ec-e53a67cbfa4f,6bae7c7e-de0a-4deb-a9e3-df94f27809d9,https://musicbrainz.org/release/6bae7c7e-de0a-4deb-a9e3-df94f27809d9,
album|dido|no angel,Dido,No Angel,1999,1,092,core_graph_album,resolved,musicbrainz_ws2,high,109,12,Dido,No Angel,1999,254578536,65e2f5a8-aa88-321b-852c-a900773ec300,4ed40b3e-72ca-36e8-9df3-887fe4058893,https://musicbrainz.org/release/4ed40b3e-72ca-36e8-9df3-887fe4058893,
album|digable planets|reachin a new refutation of time and space,Digable Planets,Reachin' (A New Refutation of Time and Space),1993,1,046,core_graph_album,resolved,musicbrainz_ws2,high,109,14,Digable Planets,Reachin’ (A New Refutation of Time and Space),1993-09-27,725211790,2836fcb0-2fd3-3de8-b7cc-53141d666894,335a55f6-1391-4425-9ac1-f3a711ab7de0,https://musicbrainz.org/release/335a55f6-1391-4425-9ac1-f3a711ab7de0,
album|diiv|oshin,DIIV,Oshin,2012,1,073,core_graph_album,resolved,musicbrainz_ws2,high,109,13,DIIV,Oshin,2012-06-26,594580092,94a2b79b-6d40-4bcc-af30-7e64595a913b,fa5f2bb7-89ea-4d4e-b0fe-51ec7b6f5c8e,https://musicbrainz.org/release/fa5f2bb7-89ea-4d4e-b0fe-51ec7b6f5c8e,
album|dinosaur jr|you re living all over me,Dinosaur Jr.,You're Living All Over Me,1987,1,069,core_graph_album,resolved,musicbrainz_ws2,high,109,10,Dinosaur,You’re Living All Over Me,1987-07,1497701141,40f8a16c-568b-3b94-9682-863c4dc7ab66,d1bb95a6-0190-459e-a29d-ef979374e087,https://musicbrainz.org/release/d1bb95a6-0190-459e-a29d-ef979374e087,
album|dinosaur jr|youre living all over me,Dinosaur Jr.,Youre Living All Over Me,1987,1,059,core_graph_album,resolved,musicbrainz_ws2,high,105,10,Dinosaur,You’re Living All Over Me,1987-07,1497701141,40f8a16c-568b-3b94-9682-863c4dc7ab66,d1bb95a6-0190-459e-a29d-ef979374e087,https://musicbrainz.org/release/d1bb95a6-0190-459e-a29d-ef979374e087,
album|dio|holy diver,Dio,Holy Diver,1983,1,061,core_graph_album,resolved,musicbrainz_ws2,high,109,9,Dio,Holy Diver,1983,1048475969,4e7b34de-0d87-356a-a3da-b21f769b7d4d,378d5dc2-e2d7-465a-bb11-2a68096ef642,https://musicbrainz.org/release/378d5dc2-e2d7-465a-bb11-2a68096ef642,
album|dion and the belmonts|presenting dion and the belmonts,Dion and the Belmonts,Presenting Dion and the Belmonts,1959,1,003,core_graph_album,resolved,musicbrainz_ws2,high,109,12,Dion and The Belmonts,Presenting Dion and The Belmonts,1959,1368844993,91a2391f-493c-33df-8496-cab3cb4fa83f,7600af57-ab7c-49e1-b71e-4832544236c5,https://musicbrainz.org/release/7600af57-ab7c-49e1-b71e-4832544236c5,
album|dionne warwick|presenting dionne warwick,Dionne Warwick,Presenting Dionne Warwick,1964,1,005,core_graph_album,resolved,musicbrainz_ws2,high,106,12,Dionne Warwick,Presenting Dionne Warwick,1963,342339548,7b479530-5bd8-3b3c-b9f5-ba09104d8c51,631bfd5e-25a7-4c40-8e30-8b81dabafb83,https://musicbrainz.org/release/631bfd5e-25a7-4c40-8e30-8b81dabafb83,
album|dire straits|brothers in arms,Dire Straits,Brothers in Arms,1985,1,016,core_graph_album,resolved,musicbrainz_ws2,high,109,9,Dire Straits,Brothers in Arms,1985-05-15,299545299,b02f651e-32a1-30ae-bc23-070b59170278,00dac2ff-f4d1-433b-a196-89b888591a99,https://musicbrainz.org/release/00dac2ff-f4d1-433b-a196-89b888591a99,
album|disclosure|caracal,Disclosure,Caracal,2015,1,083,core_graph_album,resolved,musicbrainz_ws2,high,109,15,Disclosure,Caracal,2015-09-25,1440828453,2699666d-f6da-4e05-802f-4d5807db6546,0165537a-9120-4f7b-9b87-3fc6f401acec,https://musicbrainz.org/release/0165537a-9120-4f7b-9b87-3fc6f401acec,
album|disclosure|settle,Disclosure,Settle,2013,1,081,core_graph_album,resolved,musicbrainz_ws2,high,109,16,Disclosure,Settle,2013-05-31,1440862011,cefd427e-185e-4a94-a6a9-a03d8a53b60a,7091b835-b042-440f-9f7a-46c866b28d17,https://musicbrainz.org/release/7091b835-b042-440f-9f7a-46c866b28d17,
album|disturbed|divisive,Disturbed,Divisive,2022,1,118,false_nearby_candidate,resolved,musicbrainz_ws2,high,109,10,Disturbed,Divisive,2022-11-18,1646032515,ad6cb8a1-db27-4788-aaa9-390f59f67226,34d6fa52-8bf1-42d4-9b3e-6e6a4edb133d,https://musicbrainz.org/release/34d6fa52-8bf1-42d4-9b3e-6e6a4edb133d,
album|disturbed|sickness,Disturbed,The Sickness,2000,1,066,core_graph_album,resolved,musicbrainz_ws2,high,109,12,Disturbed,The Sickness,2000-03-07,1030601019,92852c11-b67d-32b9-84d8-b52bba0cec9e,53aab184-be59-4d50-80c3-c4b1dbe5c7f5,https://musicbrainz.org/release/53aab184-be59-4d50-80c3-c4b1dbe5c7f5,
album|dixie cups|very best of the dixie cups chapel of love,The Dixie Cups,The Very Best of The Dixie Cups: Chapel of Love,1999,1,005,core_graph_album,resolved,apple_itunes_search_api,medium,100,17,The Dixie Cups,The Very Best of The Dixie Cups: Chapel of Love,1999-02-02,1881889298,,,https://music.apple.com/us/album/the-very-best-of-the-dixie-cups-chapel-of-love/1881889298?uo=4,manual_apple_override;manual_apple_override_confidence_medium
album|dj quik|quik is the name,DJ Quik,Quik Is the Name,1991,1,047,core_graph_album,resolved,musicbrainz_ws2,high,109,13,DJ Quik,Quik Is the Name,1991-07-01,283661311,c7504e89-7091-3473-9595-3952d5e0ca30,573ba363-1706-4820-92ef-a3552235c7da,https://musicbrainz.org/release/573ba363-1706-4820-92ef-a3552235c7da,
album|dj quik|safe sound,DJ Quik,Safe + Sound,1995,1,047,core_graph_album,resolved,musicbrainz_ws2,high,109,17,DJ Quik,Safe + Sound,1995-02-21,304718797,29d20149-4313-35c8-8292-3e5bad19df22,fd28c03b-e538-40ba-b997-e2c10fbd0a82,https://musicbrainz.org/release/fd28c03b-e538-40ba-b997-e2c10fbd0a82,
album|dj shadow|endtroducing,DJ Shadow,Endtroducing.....,1996,1,084,core_graph_album,resolved,musicbrainz_ws2,high,109,16,DJ Shadow,Endtroducing.....,1996-11-19,1660485817,4b2186f5-ff00-3227-ae11-783ba93e1089,5992a7fd-6ade-3895-827a-a7dfdf6ebb51,https://musicbrainz.org/release/5992a7fd-6ade-3895-827a-a7dfdf6ebb51,
album|dmx|it s dark and hell is hot,DMX,It's Dark and Hell Is Hot,1998,1,048,core_graph_album,resolved,musicbrainz_ws2,high,109,19,DMX,It’s Dark and Hell Is Hot,1998-05-19,1485050192,209b96ad-1846-34ff-ac3c-871f2e633d80,a03d7454-8b08-4c01-9adb-746a3b6465ae,https://musicbrainz.org/release/a03d7454-8b08-4c01-9adb-746a3b6465ae,
album|dna|a taste of dna,DNA,A Taste of DNA,1981,1,054,core_graph_album,resolved,musicbrainz_ws2,high,109,6,DNA,A Taste of DNA,1981,,67214de5-a11b-398e-8947-2a953d1e230f,9dc553dd-2807-4aac-84d7-ee5b11528823,https://musicbrainz.org/release/9dc553dd-2807-4aac-84d7-ee5b11528823,
album|doja cat|planet her,Doja Cat,Planet Her,2021,2,050;093,boundary_candidate;core_graph_album,resolved,musicbrainz_ws2,high,109,13,Doja Cat,Planet Her,2021-06-25,1573475827,6c90cb91-e615-4545-854b-6d6f10c5cb6d,1cb20415-020b-4b11-b34e-5777594bd8e3,https://musicbrainz.org/release/1cb20415-020b-4b11-b34e-5777594bd8e3,
album|dokken|tooth and nail,Dokken,Tooth and Nail,1984,1,063,core_graph_album,resolved,musicbrainz_ws2,high,109,10,Dokken,Tooth and Nail,1984,1727790306,4ffe7e68-8d2e-3fae-931c-b452baff4223,4c49feaf-3cae-46a8-bb0f-dfe052f1f5fa,https://musicbrainz.org/release/4c49feaf-3cae-46a8-bb0f-dfe052f1f5fa,
album|dolly parton|coat of many colors,Dolly Parton,Coat of Many Colors,1971,1,033,core_graph_album,resolved,musicbrainz_ws2,high,109,10,Dolly Parton,Coat of Many Colors,1971-10,217532812,2c98f21a-e2af-3412-a253-de9a1e06d7f7,5df74932-a94b-4a20-b177-92ff4d3b47c3,https://musicbrainz.org/release/5df74932-a94b-4a20-b177-92ff4d3b47c3,
album|dolly parton|here you come again,Dolly Parton,Here You Come Again,1977,1,033,core_graph_album,resolved,musicbrainz_ws2,high,109,10,Dolly Parton,Here You Come Again,1977-10-29,1062400365,3d65ac79-afb8-3b59-aac0-c88748ce3b02,9250de59-1dea-41ae-b3a9-119a9e1307d3,https://musicbrainz.org/release/9250de59-1dea-41ae-b3a9-119a9e1307d3,
album|don gibson|oh lonesome me,Don Gibson,Oh Lonesome Me,1958,1,031,core_graph_album,resolved,musicbrainz_ws2,high,104,12,Don Gibson,Oh Lonesome Me,1958,1462450303,7a25600a-9e64-454a-bd7f-4c9a91620a53,96171795-d33a-4c91-877b-8a0d4786399d,https://musicbrainz.org/release/96171795-d33a-4c91-877b-8a0d4786399d,
album|don mclean|american pie,Don McLean,American Pie,1971,1,024,core_graph_album,resolved,musicbrainz_ws2,high,109,10,Don McLean,American Pie,1971-10,1440834532,1189a8bc-f356-3c0a-a689-d8e0d1b5e4b8,2122c7ee-3fa2-408a-9001-f5eb9a22a320,https://musicbrainz.org/release/2122c7ee-3fa2-408a-9001-f5eb9a22a320,
album|don omar|king of kings,Don Omar,King of Kings,2006,1,094,core_graph_album,resolved,musicbrainz_ws2,high,109,18,Don Omar,King of Kings,2006-05-23,1443507107,fbb17f59-ffdb-32bc-8778-27c9201c82d8,39596074-33cf-41c9-a4c2-cb8adf7821bf,https://musicbrainz.org/release/39596074-33cf-41c9-a4c2-cb8adf7821bf,
album|donna summer|bad girls,Donna Summer,Bad Girls,1979,1,040,core_graph_album,resolved,musicbrainz_ws2,high,109,15,Donna Summer,Bad Girls,1979-04-25,1425179100,f7568cc7-4c09-3a47-abbc-593e7aaac7d6,a855cd93-c192-4c42-96e3-14d2fdf9aa2b,https://musicbrainz.org/release/a855cd93-c192-4c42-96e3-14d2fdf9aa2b,
album|donna summer|i remember yesterday,Donna Summer,I Remember Yesterday,1977,1,040,core_graph_album,resolved,musicbrainz_ws2,high,109,8,Donna Summer,I Remember Yesterday,1977-06-01,1442959303,ad08974f-1da6-37af-b1b7-3523d892caa9,4b53ff3d-c6d1-4dd4-930f-820429710962,https://musicbrainz.org/release/4b53ff3d-c6d1-4dd4-930f-820429710962,
album|donna summer|love to love you baby,Donna Summer,Love to Love You Baby,1975,1,040,core_graph_album,resolved,musicbrainz_ws2,high,109,6,Donna Summer,Love to Love You Baby,1975,1423290574,b0866510-7c36-32ed-a03a-f71798ece1ed,1994a42b-2c49-46b8-ab0e-a97775b8bf38,https://musicbrainz.org/release/1994a42b-2c49-46b8-ab0e-a97775b8bf38,
album|donnas|spend the night,The Donnas,Spend the Night,2002,1,079,core_graph_album,resolved,musicbrainz_ws2,high,109,13,The Donnas,Spend the Night,2002-10-22,319397457,0e1c01ac-1006-3d0d-99d2-3aa75fb99f88,35331eff-cbdc-4ea8-bb2c-b015ceafca86,https://musicbrainz.org/release/35331eff-cbdc-4ea8-bb2c-b015ceafca86,
album|donnie mcclurkin|live in london and more,Donnie McClurkin,Live in London and More...,2000,1,108,core_graph_album,resolved,musicbrainz_ws2,high,109,14,Donnie McClurkin,Live in London and More...,2000-08-17,307496311,91863d90-3be7-31ec-bbf0-bf7075aee854,891ff39d-bf5c-43a7-b4fd-6bdd1f9998ff,https://musicbrainz.org/release/891ff39d-bf5c-43a7-b4fd-6bdd1f9998ff,
album|donovan|sunshine superman,Donovan,Sunshine Superman,1966,1,010,core_graph_album,resolved,musicbrainz_ws2,high,109,10,Donovan,Sunshine Superman,1966-09-26,197973066,092eedd3-b8e2-33a6-8a9b-e9788e060886,a078e78e-a063-41cc-9740-07aa7f82b845,https://musicbrainz.org/release/a078e78e-a063-41cc-9740-07aa7f82b845,
album|donovan|wear your love like heaven,Donovan,Wear Your Love Like Heaven,1967,1,013,core_graph_album,resolved,musicbrainz_ws2,high,109,22,Donovan,Wear Your Love Like Heaven,1967-12,327440814,c019288b-92d1-49c9-a3d5-fb73f0bb5968,db75a3fe-f227-4485-8ec4-663fcbaa7509,https://musicbrainz.org/release/db75a3fe-f227-4485-8ec4-663fcbaa7509,
album|doobie brothers|minute by minute,The Doobie Brothers,Minute by Minute,1978,1,023,core_graph_album,resolved,musicbrainz_ws2,high,109,10,The Doobie Brothers,Minute by Minute,1978-12-07,1110557228,4c845430-fcaf-33eb-8cb8-f371f405ca38,da7c841b-8494-47b9-94b2-66dcc4a6e5f8,https://musicbrainz.org/release/da7c841b-8494-47b9-94b2-66dcc4a6e5f8,
album|doors|doors,The Doors,The Doors,1967,1,014,core_graph_album,resolved,musicbrainz_ws2,high,109,11,The Doors,The Doors,1967-01-04,1622368510,8ebffd15-06c3-3b88-a761-ec18c5513287,4438e99b-ef1e-32d0-962d-79e9f511f64e,https://musicbrainz.org/release/4438e99b-ef1e-32d0-962d-79e9f511f64e,
album|doors|strange days,The Doors,Strange Days,1967,1,014,core_graph_album,resolved,musicbrainz_ws2,high,109,10,The Doors,Strange Days,1967-09-27,1622362830,9b1acd78-3d19-37bb-8ca0-5816d44da439,ad2fe124-3743-4375-8bb1-fc3baa8b62e0,https://musicbrainz.org/release/ad2fe124-3743-4375-8bb1-fc3baa8b62e0,
album|dorian electra|flamboyant,Dorian Electra,Flamboyant,2019,1,119,core_graph_album,resolved,musicbrainz_ws2,high,109,11,Dorian Electra,Flamboyant,2019-07-17,1464724121,8964ae5f-ecb7-4d9c-ba0b-94b5a5d48b5d,2091c24e-4bfb-4efb-8f5c-385eb3fc76e4,https://musicbrainz.org/release/2091c24e-4bfb-4efb-8f5c-385eb3fc76e4,
album|dorian electra|my agenda,Dorian Electra,My Agenda,2020,1,119,core_graph_album,resolved,musicbrainz_ws2,high,109,11,Dorian Electra,My Agenda,2020-10-16,1719297653,b3bbc65f-ab11-4620-938b-9b8c3ac05ad5,ff30605f-41a4-48f2-ae25-05c769fd7906,https://musicbrainz.org/release/ff30605f-41a4-48f2-ae25-05c769fd7906,
album|dr dre|chronic,Dr. Dre,The Chronic,1992,1,047,core_graph_album,resolved,musicbrainz_ws2,high,109,16,Dr. Dre,The Chronic,1992-12-15,1668460963,ad444843-7160-33d7-b0c9-fc99f2c14a99,8139e127-1ee0-4894-bba2-f49af37eeaee,https://musicbrainz.org/release/8139e127-1ee0-4894-bba2-f49af37eeaee,
album|drake and future|what a time to be alive,Drake and Future,What a Time to Be Alive,2015,1,052,core_graph_album,resolved,musicbrainz_ws2,high,109,11,Drake & Future,What a Time to Be Alive,2015-09-20,1440842320,a2e3ca75-1e07-457b-973a-069e8d9c6c56,08d2b8f4-0931-49b9-b7eb-2c6716134567,https://musicbrainz.org/release/08d2b8f4-0931-49b9-b7eb-2c6716134567,
album|drake|take care,Drake,Take Care,2011,1,050,core_graph_album,resolved,musicbrainz_ws2,high,109,20,Drake,Take Care,2011-11-15,1440642493,47809021-4515-4215-beea-db3f5dfb6267,129c3821-2931-4c01-b2c8-9cc96461399d,https://musicbrainz.org/release/129c3821-2931-4c01-b2c8-9cc96461399d,
album|drake|views,Drake,Views,2016,1,050,core_graph_album,resolved,musicbrainz_ws2,high,109,20,Drake,Views,2016-05-06,1440841363,4aaaa715-df17-43b8-987e-04b54ec4a697,5bf8a5ea-966d-4fcd-8ae4-280c1a1a9d3d,https://musicbrainz.org/release/5bf8a5ea-966d-4fcd-8ae4-280c1a1a9d3d,
album|dream syndicate|days of wine and roses,The Dream Syndicate,The Days of Wine and Roses,1982,2,059;069,core_graph_album,resolved,musicbrainz_ws2,high,109,15,The Dream Syndicate,The Days of Wine and Roses,1982-10-28,1667678036,cad1a3b9-d054-328f-850e-6381314cd767,c6233602-7a77-4a1a-b405-d3d75a9c631c,https://musicbrainz.org/release/c6233602-7a77-4a1a-b405-d3d75a9c631c,
album|drexciya|harnessed the storm,Drexciya,Harnessed the Storm,2002,1,082,core_graph_album,resolved,musicbrainz_ws2,high,109,10,Drexciya,Harnessed the Storm,2002-01-25,1621819671,563e8212-3d38-3417-88b2-29f7a1b52edb,c1393d87-def0-4830-8e67-8c1678bde8e0,https://musicbrainz.org/release/c1393d87-def0-4830-8e67-8c1678bde8e0,
album|drifters|drifters golden hits,The Drifters,The Drifters' Golden Hits,1968,1,003,core_graph_album,resolved,musicbrainz_ws2,high,109,12,The Drifters,The Drifters’ Golden Hits,1968,1566599254,634d388f-5adb-368c-a240-d98a07d7b561,55180cc4-cf09-3d4d-86d9-87099331b3fe,https://musicbrainz.org/release/55180cc4-cf09-3d4d-86d9-87099331b3fe,
album|drifters|save the last dance for me,The Drifters,Save the Last Dance for Me,1962,1,003,core_graph_album,resolved,musicbrainz_ws2,high,101,12,The Drifters,Save the Last Dance for Me,,159362635,8460e1c0-29c7-4b78-8e0a-426fcbacd258,881902df-5e2d-482c-93a4-d13ac5677ebf,https://musicbrainz.org/release/881902df-5e2d-482c-93a4-d13ac5677ebf,
album|drive by truckers|decoration day,Drive-By Truckers,Decoration Day,2003,1,028,core_graph_album,resolved,musicbrainz_ws2,high,109,15,Drive‐By Truckers,Decoration Day,2003-06-17,1436925743,196730c7-2c36-3157-b68c-3edd2bc4bebd,15f53c91-d9c0-40b0-920f-cc62cdfb63eb,https://musicbrainz.org/release/15f53c91-d9c0-40b0-920f-cc62cdfb63eb,
album|drive by truckers|dirty south,Drive-By Truckers,The Dirty South,2004,1,028,core_graph_album,resolved,musicbrainz_ws2,high,109,14,Drive‐By Truckers,The Dirty South,2004-08-24,1436923752,5fceac69-fc0e-3275-b289-3365fd4b0ae3,48239f74-e24f-4e0b-a4e6-019c266ec905,https://musicbrainz.org/release/48239f74-e24f-4e0b-a4e6-019c266ec905,
album|drive by truckers|southern rock opera,Drive-By Truckers,Southern Rock Opera,2001,1,028,core_graph_album,resolved,musicbrainz_ws2,high,109,20,Drive‐By Truckers,Southern Rock Opera,2002-07-16,1452800570,1974b728-bad0-3406-9863-5da1094ed243,bd3a9303-06c3-342e-9209-aeb2e194b02b,https://musicbrainz.org/release/bd3a9303-06c3-342e-9209-aeb2e194b02b,
album|drive like jehu|yank crime,Drive Like Jehu,Yank Crime,1994,1,060,core_graph_album,resolved,musicbrainz_ws2,high,109,12,Drive Like Jehu,Yank Crime,1994-04-26,321075318,532210d8-5101-3893-a2bb-f9cd8df6e303,883a8c08-4f08-4acc-b2a4-9f2d549ac696,https://musicbrainz.org/release/883a8c08-4f08-4acc-b2a4-9f2d549ac696,
album|drop nineteens|delaware,Drop Nineteens,Delaware,1992,1,073,core_graph_album,resolved,musicbrainz_ws2,high,109,10,Drop Nineteens,Delaware,1992,714831767,df8630a6-e0b5-3504-92d3-9f8c474c2da1,982d838e-2753-3964-8730-2219cb347560,https://musicbrainz.org/release/982d838e-2753-3964-8730-2219cb347560,
album|dry cleaning|new long leg,Dry Cleaning,New Long Leg,2021,1,115,core_graph_album,resolved,musicbrainz_ws2,high,109,10,Dry Cleaning,New Long Leg,2021-04-02,1549505079,adfb59fc-f1ea-4e2c-9de9-25be31c3019d,2e942689-5d23-418d-bf65-255ec37c450a,https://musicbrainz.org/release/2e942689-5d23-418d-bf65-255ec37c450a,
album|dry cleaning|stumpwork,Dry Cleaning,Stumpwork,2022,1,115,core_graph_album,resolved,musicbrainz_ws2,high,109,11,Dry Cleaning,Stumpwork,2022-10-21,1625455425,e158aa01-e752-4d4b-9cfb-69335efd54d3,8d1abde0-4b9a-4dae-b97b-2b6f1faa7ee7,https://musicbrainz.org/release/8d1abde0-4b9a-4dae-b97b-2b6f1faa7ee7,
album|dua lipa|future nostalgia,Dua Lipa,Future Nostalgia,2020,1,093,core_graph_album,resolved,musicbrainz_ws2,high,109,13,Dua Lipa,Future Nostalgia,2020-03-27,1538003494,aa366795-92d7-4d67-91fa-6741f82a4858,4ca70e1c-8774-4ff2-bfc2-5a6cf8d005d9,https://musicbrainz.org/release/4ca70e1c-8774-4ff2-bfc2-5a6cf8d005d9,
album|duane eddy|have twangy guitar will travel,Duane Eddy,"Have ""Twangy"" Guitar Will Travel",1958,1,002,core_graph_album,resolved,musicbrainz_ws2,high,109,12,Duane Eddy,Have “Twangy” Guitar Will Travel,1958,217699746,212c266f-4268-31c8-9dc3-1af0dc23fe21,c6be78a2-1485-4b8b-8a64-ec8d79aea295,https://musicbrainz.org/release/c6be78a2-1485-4b8b-8a64-ec8d79aea295,
album|duke ellington|ellington at newport,Duke Ellington,Ellington at Newport,1956,1,101,core_graph_album,resolved,musicbrainz_ws2,high,101,10,Duke Ellington & His Orchestra,Ellington at Newport,1956-09,902277483,c7af2ab6-81b0-3f92-8253-9417d00f1361,038df101-bd83-456f-bce6-5603d37df602,https://musicbrainz.org/release/038df101-bd83-456f-bce6-5603d37df602,
album|duran duran|rio,Duran Duran,Rio,1982,1,057,core_graph_album,resolved,musicbrainz_ws2,high,109,8,Duran Duran,Rio,1982,1752170129,3c638420-8208-3c01-b723-f061b10e3f3a,8da4d250-d538-47d8-b8c1-fd8d6209726f,https://musicbrainz.org/release/8da4d250-d538-47d8-b8c1-fd8d6209726f,
album|duran duran|seven and the ragged tiger,Duran Duran,Seven and the Ragged Tiger,1983,1,057,core_graph_album,resolved,musicbrainz_ws2,high,109,9,Duran Duran,Seven and the Ragged Tiger,1983,696450569,c574bd67-dbac-352a-8783-cb5a43b369cc,128bb9d0-39e8-35d3-8f60-72e58a9cee3f,https://musicbrainz.org/release/128bb9d0-39e8-35d3-8f60-72e58a9cee3f,
album|dwight twilley band|twilley don t mind,Dwight Twilley Band,Twilley Don't Mind,1976,1,021,core_graph_album,resolved,musicbrainz_ws2,high,106,9,Dwight Twilley Band,Twilley Don’t Mind,1977,1444056637,be07ef38-6946-43ad-8512-157c41161960,66ee9a8d-053b-4666-b674-4a36d7b85deb,https://musicbrainz.org/release/66ee9a8d-053b-4666-b674-4a36d7b85deb,
album|dwight yoakam|guitars cadillacs etc etc,Dwight Yoakam,"Guitars, Cadillacs, Etc., Etc.",1986,1,034,core_graph_album,resolved,musicbrainz_ws2,high,109,10,Dwight Yoakam,"Guitars, Cadillacs, Etc., Etc.",1986,1618324660,22ab4e5a-50fc-3eb8-a59a-ccb1be21c5a6,05ddae0f-4718-4a93-820c-0bcce28c1095,https://musicbrainz.org/release/05ddae0f-4718-4a93-820c-0bcce28c1095,
album|eagles|hotel california,Eagles,Hotel California,1976,1,016,core_graph_album,resolved,musicbrainz_ws2,medium,101,9,Eagles,Hotel California,,635770200,3fbcdb1c-27be-4a83-bc92-377dfa23aef9,469b7571-430f-49c7-ab81-b427f2911290,https://musicbrainz.org/release/469b7571-430f-49c7-ab81-b427f2911290,
album|eagles|their greatest hits 1971 1975,Eagles,Their Greatest Hits 1971-1975,1976,1,022,core_graph_album,resolved,musicbrainz_ws2,high,109,10,Eagles,Their Greatest Hits 1971–1975,1976-02-17,635829435,56ecf5cb-ad82-3d7e-82bf-1904cc16f451,3636ccf5-c0c2-41e2-be52-9ccde1d3167e,https://musicbrainz.org/release/3636ccf5-c0c2-41e2-be52-9ccde1d3167e,
album|earl sweatshirt|some rap songs,Earl Sweatshirt,Some Rap Songs,2018,1,051,boundary_candidate,resolved,musicbrainz_ws2,high,109,15,Earl Sweatshirt,Some Rap Songs,2018-11-30,1442399872,9ba97882-489e-41c1-a0b4-a7c7749716e7,bb12aa9f-824c-4c3d-8e6c-5cb1f40b3ca3,https://musicbrainz.org/release/bb12aa9f-824c-4c3d-8e6c-5cb1f40b3ca3,
album|earth wind and fire|that s the way of the world,"Earth, Wind & Fire",That's the Way of the World,1975,1,039,core_graph_album,resolved,musicbrainz_ws2,high,109,8,"Earth, Wind & Fire",That’s the Way of the World,1975-03,532975789,e9845207-8ae3-36db-b0e1-2efcdb46687d,0610cfdc-f25f-41d0-9f15-9e12745fe8e6,https://musicbrainz.org/release/0610cfdc-f25f-41d0-9f15-9e12745fe8e6,
album|earth|earth 2 special low frequency version,Earth,Earth 2: Special Low Frequency Version,1993,1,064,core_graph_album,resolved,musicbrainz_ws2,high,109,3,Earth,Earth 2: Special Low Frequency Version,1993-02-05,830789832,98cb9c21-38dc-3592-b201-6eefb452068e,8374544b-b99d-4c81-89bf-880efbd19285,https://musicbrainz.org/release/8374544b-b99d-4c81-89bf-880efbd19285,
album|eazy e|eazy duz it,Eazy-E,Eazy-Duz-It,1988,1,047,core_graph_album,resolved,musicbrainz_ws2,high,109,14,Eazy‐E,Eazy‐Duz‐It,1988-09-16,1440816169,9c32d266-006d-3301-94b0-da3ca5daf3a9,5347a8c4-a4a9-4cd3-a4e8-515c762916c0,https://musicbrainz.org/release/5347a8c4-a4a9-4cd3-a4e8-515c762916c0,
album|echo and the bunnymen|crocodiles,Echo & the Bunnymen,Crocodiles,1980,1,056,core_graph_album,resolved,musicbrainz_ws2,high,109,12,Echo and the Bunnymen,Crocodiles,1980,299807766,94b22dcb-4761-3655-975a-1a226e00a9c8,eb3fd349-1731-46d1-a9ff-60e07ea00330,https://musicbrainz.org/release/eb3fd349-1731-46d1-a9ff-60e07ea00330,
album|echo and the bunnymen|ocean rain,Echo & the Bunnymen,Ocean Rain,1984,2,056;069,core_graph_album,resolved,musicbrainz_ws2,high,109,9,Echo & the Bunnymen,Ocean Rain,1984-05-04,251006541,ecbe6d07-c2e4-37fe-9a99-8484dd7f9a20,3fc75d60-25df-3f5a-9133-24d228649fa7,https://musicbrainz.org/release/3fc75d60-25df-3f5a-9133-24d228649fa7,
album|ed sheeran|x,Ed Sheeran,x,2014,1,092,core_graph_album,resolved,musicbrainz_ws2,medium,92,12,Ed Sheeran,Don’t (X Ambassadors remix),2014-10-17,858518077,92f14aa2-3acc-4125-936f-865546b1a180,c1ee45e1-6390-4241-b041-cb1f40bdec4d,https://musicbrainz.org/release/c1ee45e1-6390-4241-b041-cb1f40bdec4d,
album|eddie cochran|eddie cochran sings to you,Eddie Cochran,Eddie Cochran Sings to You,1957,1,002,core_graph_album,resolved,apple_itunes_search_api,medium,100,12,Eddie Cochran,Singin' To My Baby,1957-11-01,1443405815,,,https://music.apple.com/us/album/singin-to-my-baby/1443405815?uo=4,manual_apple_override;manual_apple_override_confidence_medium;manual_apple_override_title_differs_from_seed
album|eddie palmieri|azucar pa ti,Eddie Palmieri,Azucar Pa' Ti,1965,1,096,core_graph_album,resolved,musicbrainz_ws2,high,109,7,Eddie Palmieri,Azúcar pa' ti,1965,1464263018,e9385ca3-701f-39bc-873e-685832905724,cda3a01b-8cb8-48e5-8d93-b269861a38bf,https://musicbrainz.org/release/cda3a01b-8cb8-48e5-8d93-b269861a38bf,
album|editors|back room,Editors,The Back Room,2005,1,080,core_graph_album,resolved,musicbrainz_ws2,high,109,17,Editors,The Back Room,2005-07-25,1378459935,afcf1710-40aa-3614-85e4-ab2cf12a7a5a,30ab657f-d601-4cef-9a27-7a92c4d16a0c,https://musicbrainz.org/release/30ab657f-d601-4cef-9a27-7a92c4d16a0c,
album|eevee|seeds,eevee,Seeds,2017,1,120,core_graph_album,resolved,musicbrainz_ws2,high,104,13,eevee,seeds,2017-03-07,,791d1584-374a-482a-9e03-4e452b7e4d48,42f673ec-60b1-42ce-8907-15a08376ee22,https://musicbrainz.org/release/42f673ec-60b1-42ce-8907-15a08376ee22,
album|el gran combo de puerto rico|aqui no se sienta nadie,El Gran Combo de Puerto Rico,Aqui No Se Sienta Nadie,1979,1,096,core_graph_album,resolved,musicbrainz_ws2,high,109,8,El Gran Combo,¡Aquí no se sienta nadie!,1979,280795281,5fb58c66-4936-3946-8495-f5b3afaa421d,3072752e-3aca-41c7-82ec-a38dfc1a98cf,https://musicbrainz.org/release/3072752e-3aca-41c7-82ec-a38dfc1a98cf,
album|el p|fantastic damage,El-P,Fantastic Damage,2002,1,051,core_graph_album,resolved,musicbrainz_ws2,high,109,16,El‐P,Fantastic Damage,2002-05-14,1510478926,844b149a-80dc-34b2-beaf-021f56fe0459,0351db35-0a3b-4268-96c4-a5c9549bf571,https://musicbrainz.org/release/0351db35-0a3b-4268-96c4-a5c9549bf571,
album|elastica|elastica,Elastica,Elastica,1995,1,074,core_graph_album,resolved,musicbrainz_ws2,high,109,16,Elastica,Elastica,1995-03-14,1443993070,f1cbf448-c205-3642-a4c5-6042989d8ed4,3eaf44f1-b18f-448e-854f-6f583c8ffbaa,https://musicbrainz.org/release/3eaf44f1-b18f-448e-854f-6f583c8ffbaa,
album|electric light orchestra|out of the blue,Electric Light Orchestra,Out of the Blue,1977,1,018,core_graph_album,resolved,musicbrainz_ws2,high,109,17,Electric Light Orchestra,Out of the Blue,1977-11-05,1054525002,a720436f-9c8e-439a-a147-18e83441edab,36937960-f0bb-442f-abe8-bf3bd19ccc4c,https://musicbrainz.org/release/36937960-f0bb-442f-abe8-bf3bd19ccc4c,
album|electric prunes|electric prunes,The Electric Prunes,The Electric Prunes,1967,1,011,core_graph_album,resolved,musicbrainz_ws2,high,109,12,The Electric Prunes,The Electric Prunes,1967,655574615,01c812fa-3d8d-4a18-ac9b-b274d4b23952,7d3ff048-1880-483f-95ab-75f9ee257ca4,https://musicbrainz.org/release/7d3ff048-1880-483f-95ab-75f9ee257ca4,
album|electric wizard|come my fanatics,Electric Wizard,Come My Fanatics...,1997,1,064,core_graph_album,resolved,musicbrainz_ws2,high,109,8,Electric Wizard,Come My Fanatics…,1997-01,965386233,3443d8ea-6d7d-3d9e-b613-f9df853438c4,2e5fbf51-b419-4e34-bdd8-2afc65fd9dd3,https://musicbrainz.org/release/2e5fbf51-b419-4e34-bdd8-2afc65fd9dd3,
album|electric wizard|dopethrone,Electric Wizard,Dopethrone,2000,1,064,core_graph_album,resolved,musicbrainz_ws2,high,109,9,Electric Wizard,Dopethrone,2000,965381927,5ebf4f0a-61ba-3829-9d0c-0a0e5ad8897e,ffa960e6-503f-3a2c-a57a-801298cfdecf,https://musicbrainz.org/release/ffa960e6-503f-3a2c-a57a-801298cfdecf,
album|elevation worship and maverick city music|old church basement,Elevation Worship and Maverick City Music,Old Church Basement,2021,1,110,context_candidate,resolved,musicbrainz_ws2,high,109,13,Elevation Worship & Maverick City Music,Old Church Basement,2021,1557087895,7af928dc-0f9e-4ab1-ac1b-963e0f9f397c,3a569a80-bfa6-4343-bd75-00e6de89414e,https://musicbrainz.org/release/3a569a80-bfa6-4343-bd75-00e6de89414e,
album|ella fitzgerald and louis armstrong|ella and louis,Ella Fitzgerald and Louis Armstrong,Ella and Louis,1956,1,100,core_graph_album,resolved,musicbrainz_ws2,high,101,11,Ella Fitzgerald & Louis Armstrong,Ella and Louis,,1469584174,8edf2ffa-8ed0-3950-ae84-9ef4d078e3f2,680b09f6-1ac1-454b-a4f9-4a0c3f0d5f6d,https://musicbrainz.org/release/680b09f6-1ac1-454b-a4f9-4a0c3f0d5f6d,
album|ella fitzgerald|ella fitzgerald sings the cole porter song book,Ella Fitzgerald,Ella Fitzgerald Sings the Cole Porter Song Book,1956,1,100,core_graph_album,resolved,musicbrainz_ws2,high,109,32,Ella Fitzgerald,Ella Fitzgerald Sings the Cole Porter Song Book,1956,1443089499,dcc0d723-e27f-36e8-8438-dbbde7eb9a67,617fe930-78f2-4b41-9e7d-db0a5f4f6023,https://musicbrainz.org/release/617fe930-78f2-4b41-9e7d-db0a5f4f6023,
album|elton john|captain fantastic and the brown dirt cowboy,Elton John,Captain Fantastic and the Brown Dirt Cowboy,1975,1,025,core_graph_album,resolved,musicbrainz_ws2,high,109,13,Elton John,Captain Fantastic and the Brown Dirt Cowboy,1975-05-19,1440810893,31edc094-37e7-3b02-b79b-f8442cc3fbdb,24994796-7316-4406-97f6-f79ce9060a52,https://musicbrainz.org/release/24994796-7316-4406-97f6-f79ce9060a52,
album|elton john|goodbye yellow brick road,Elton John,Goodbye Yellow Brick Road,1973,3,016;022;025,core_graph_album,resolved,musicbrainz_ws2,high,109,17,Elton John,Goodbye Yellow Brick Road,1973,1440863013,80df0f1b-4ce7-348a-aa1b-0d31ebff111a,111c508a-31db-4094-b678-8bb4b188d4bd,https://musicbrainz.org/release/111c508a-31db-4094-b678-8bb4b188d4bd,
album|elton john|honky chateau,Elton John,Honky Chateau,1972,1,025,core_graph_album,resolved,musicbrainz_ws2,high,109,11,Elton John,Honky Château,1972-05-26,1440910513,e17f2d6e-7849-37f9-a6d8-cda4d59cea28,5a9a59d6-6490-4735-bd48-19d7fb38ff06,https://musicbrainz.org/release/5a9a59d6-6490-4735-bd48-19d7fb38ff06,
album|elton john|madman across the water,Elton John,Madman Across the Water,1971,1,025,core_graph_album,resolved,musicbrainz_ws2,high,109,9,Elton John,Madman Across the Water,1971-11-15,1440643462,9c371adb-37de-308c-88ea-8e52248ab1a1,de5f2719-8e9c-420f-967f-a1a940b6efa9,https://musicbrainz.org/release/de5f2719-8e9c-420f-967f-a1a940b6efa9,
album|elvis costello|my aim is true,Elvis Costello,My Aim Is True,1977,1,057,core_graph_album,resolved,musicbrainz_ws2,high,109,13,Elvis Costello,My Aim Is True,1977-11-01,1440840988,c7a4740f-2729-3895-8498-08c521886a95,2733ee56-cda6-3cd1-9cb4-38dd64e403f0,https://musicbrainz.org/release/2733ee56-cda6-3cd1-9cb4-38dd64e403f0,
album|elvis presley|elvis,Elvis Presley,Elvis,1956,1,001,core_graph_album,resolved,musicbrainz_ws2,high,107,12,Elvis Presley,Elvis,1956-10-19,671019853,79dabce4-71c2-34ce-9d5d-83f9442fb325,b699b9da-adc3-49e2-9473-58bf54ffdbed,https://musicbrainz.org/release/b699b9da-adc3-49e2-9473-58bf54ffdbed,
album|elvis presley|elvis christmas album,Elvis Presley,Elvis' Christmas Album,1957,1,112,context_candidate,resolved,musicbrainz_ws2,high,109,12,Elvis Presley,Elvis’ Christmas Album,1957-10-15,676288305,626a3486-a3ef-3cf6-bdda-11c55b529509,90673f6b-8306-4663-93d9-eb2c40c4356e,https://musicbrainz.org/release/90673f6b-8306-4663-93d9-eb2c40c4356e,
album|elvis presley|elvis presley,Elvis Presley,Elvis Presley,1956,1,001,core_graph_album,resolved,musicbrainz_ws2,high,101,12,Elvis Presley,Elvis Presley,,671019373,a71054f1-f3c4-4ccc-b34a-897b4183a5fe,1fa48549-de90-4319-b77f-7712939e305a,https://musicbrainz.org/release/1fa48549-de90-4319-b77f-7712939e305a,
album|emerson lake and palmer|brain salad surgery,"Emerson, Lake & Palmer",Brain Salad Surgery,1973,1,018,core_graph_album,resolved,musicbrainz_ws2,high,109,8,"Emerson, Lake & Palmer",Brain Salad Surgery,1973-12,1528518952,94e2aefb-d3f8-37bd-8412-130b158ab40b,1da08cf0-bae5-4bd3-a535-9e9ccafbb0f7,https://musicbrainz.org/release/1da08cf0-bae5-4bd3-a535-9e9ccafbb0f7,
album|eminem|eminem show,Eminem,The Eminem Show,2002,1,050,core_graph_album,resolved,musicbrainz_ws2,high,109,20,Eminem,The Eminem Show,2002-05-28,1440903530,e9585ed4-d148-3711-bbee-55a97b58325a,5c3da192-e366-4b55-8174-85e20f900dbb,https://musicbrainz.org/release/5c3da192-e366-4b55-8174-85e20f900dbb,
album|eminem|marshall mathers lp,Eminem,The Marshall Mathers LP,2000,1,050,core_graph_album,resolved,musicbrainz_ws2,high,109,18,Eminem,The Marshall Mathers LP,2000-05-23,1440866782,b0fa91c8-0996-38f1-ab84-797f58d7c4eb,156a7344-89e1-49fb-b3d3-9525c1ee5a5f,https://musicbrainz.org/release/156a7344-89e1-49fb-b3d3-9525c1ee5a5f,
album|emmylou harris|pieces of the sky,Emmylou Harris,Pieces of the Sky,1975,2,027;032,core_graph_album,resolved,musicbrainz_ws2,high,109,12,Emmylou Harris,Pieces of the Sky,1975-02-07,5559908,f735c43b-aa59-3855-8f4b-fa2cd6af7bbd,9b329544-6718-48eb-9740-1d30c90bae9d,https://musicbrainz.org/release/9b329544-6718-48eb-9740-1d30c90bae9d,
album|emmylou harris|wrecking ball,Emmylou Harris,Wrecking Ball,1995,1,027,boundary_candidate,resolved,musicbrainz_ws2,high,109,12,Emmylou Harris,Wrecking Ball,1995-09-26,849478125,50bf0710-3c1f-3e96-aca7-21c8fd3c4930,5356227c-f489-4dd8-aeee-621866b1882c,https://musicbrainz.org/release/5356227c-f489-4dd8-aeee-621866b1882c,
album|emperor|in the nightside eclipse,Emperor,In the Nightside Eclipse,1994,1,068,core_graph_album,resolved,musicbrainz_ws2,high,109,10,Emperor,In the Nightside Eclipse,1995,1670679463,e8170089-f81a-3103-bb22-e6f43c4fcaf9,0f621938-c5e8-32a3-9e2c-cfe5eb40419a,https://musicbrainz.org/release/0f621938-c5e8-32a3-9e2c-cfe5eb40419a,
album|english teacher|this could be texas,English Teacher,This Could Be Texas,2024,1,115,core_graph_album,resolved,musicbrainz_ws2,high,109,13,English Teacher,This Could Be Texas,2024-04-12,1731134627,6a6b9cb9-92c1-45ff-b4ed-940887fc04ca,2fc3945e-8d3a-4f5c-ba9c-6673b2104cf1,https://musicbrainz.org/release/2fc3945e-8d3a-4f5c-ba9c-6673b2104cf1,
album|enrique iglesias|escape,Enrique Iglesias,Escape,2001,1,094,core_graph_album,resolved,musicbrainz_ws2,high,109,13,Enrique Iglesias,Escape,2001-10-30,1440913930,43fd822c-5f5c-36fd-a401-ae92aeea1d45,e604d9a7-030b-422b-8b5e-0b4a65554bf4,https://musicbrainz.org/release/e604d9a7-030b-422b-8b5e-0b4a65554bf4,
album|entombed|left hand path,Entombed,Left Hand Path,1990,1,068,core_graph_album,resolved,musicbrainz_ws2,high,109,12,Entombed,Left Hand Path,1990,362543320,3f5ce50c-78a7-30f8-8a03-34b3d7aea9b9,d53b9396-21f0-4af6-b386-361c2a14eb89,https://musicbrainz.org/release/d53b9396-21f0-4af6-b386-361c2a14eb89,
album|enya|watermark,Enya,Watermark,1988,1,103,false_nearby_candidate,resolved,musicbrainz_ws2,high,109,12,Enya,Watermark,1988,62446480,a2cb6793-9f04-35d9-8cb8-03c6fa7ae240,b703cc2f-5062-45c3-886a-b0127e987690,https://musicbrainz.org/release/b703cc2f-5062-45c3-886a-b0127e987690,
album|erasure|innocents,Erasure,The Innocents,1988,1,058,core_graph_album,resolved,musicbrainz_ws2,high,109,13,Erasure,The Innocents,1988-05-24,332852548,7739a5e3-4616-3e08-a8d5-d1da69e86da5,729e5c2a-5f8a-4c09-9011-6972c57709dd,https://musicbrainz.org/release/729e5c2a-5f8a-4c09-9011-6972c57709dd,
album|eric b and rakim|follow the leader,Eric B. & Rakim,Follow the Leader,1988,1,046,core_graph_album,resolved,musicbrainz_ws2,high,109,11,Eric B. & Rakim,Follow the Leader,1988-07-26,1442940211,aa42599e-6745-329b-8ef1-0cb53e48f445,3bb39798-b69a-3752-ba5b-5df273b3e7b3,https://musicbrainz.org/release/3bb39798-b69a-3752-ba5b-5df273b3e7b3,
album|eric b and rakim|paid in full,Eric B. & Rakim,Paid in Full,1987,1,046,core_graph_album,resolved,musicbrainz_ws2,high,109,12,Eric B. & Rakim,Paid in Full,1987-07-07,1440841577,e124668d-731c-3d2f-bd38-facf91df5e27,a9a29f09-a77a-4d2a-b1cc-e4d7c3458848,https://musicbrainz.org/release/a9a29f09-a77a-4d2a-b1cc-e4d7c3458848,
album|eric church|chief,Eric Church,Chief,2011,1,035,core_graph_album,resolved,musicbrainz_ws2,high,109,11,Eric Church,Chief,2011-07-26,721280109,979e5e4d-0c1d-46c0-9fda-fa9b6fce89a6,114dc1d5-a25d-4893-abaa-a405282128c2,https://musicbrainz.org/release/114dc1d5-a25d-4893-abaa-a405282128c2,
album|ericdoa|things with wings,ericdoa,Things with Wings,2022,1,119,core_graph_album,resolved,musicbrainz_ws2,high,109,15,ericdoa,things with wings,2022-05-20,1620071102,b0c308e1-2290-4d0e-82c9-94e5c6899b4b,74837ef8-9396-40c9-b48b-009fb9175ee8,https://musicbrainz.org/release/74837ef8-9396-40c9-b48b-009fb9175ee8,
album|erykah badu|baduizm,Erykah Badu,Baduizm,1997,1,043,core_graph_album,resolved,musicbrainz_ws2,high,109,14,Erykah Badu,Baduizm,1997-02-11,1440837269,45536412-c62c-34fc-9524-0bac1d2542c1,92c85c68-e8e4-3c39-bf4e-dd9e7339427c,https://musicbrainz.org/release/92c85c68-e8e4-3c39-bf4e-dd9e7339427c,
album|erykah badu|mama s gun,Erykah Badu,Mama's Gun,2000,1,043,core_graph_album,resolved,musicbrainz_ws2,high,109,14,Erykah Badu,Mama's Gun,2000-11-21,1440755899,25bdfd28-72ca-3d1f-88fc-dcf67df91720,b6b5b654-5c60-4520-b099-4a50d33e2bd0,https://musicbrainz.org/release/b6b5b654-5c60-4520-b099-4a50d33e2bd0,
album|esg|come away with esg,ESG,Come Away with ESG,1983,1,054,core_graph_album,resolved,musicbrainz_ws2,high,109,11,ESG,Come Away With ESG,1983,1668437008,56f22288-1033-3f71-8eed-026e8aeabb01,de4b2bc4-83ba-41eb-9c14-ce1231a5fbbb,https://musicbrainz.org/release/de4b2bc4-83ba-41eb-9c14-ce1231a5fbbb,
album|eslabon armado|nostalgia,Eslabon Armado,Nostalgia,2022,1,095,core_graph_album,resolved,musicbrainz_ws2,high,109,14,Eslabon Armado,NOSTALGIA,2022-05-06,1622074671,ad8f67ee-2b12-4488-8f23-f9f8578f1bde,e43859fe-62d3-4154-893c-0f612d40b880,https://musicbrainz.org/release/e43859fe-62d3-4154-893c-0f612d40b880,
album|ethel cain|perverts,Ethel Cain,Perverts,2025,1,116,core_graph_album,resolved,musicbrainz_ws2,high,104,9,Ethel Cain,Perverts,2025-01-08,1781666357,49ce4101-6d38-4718-9ecb-cc29a759b541,b46c959a-8474-47bf-80f9-df75a8435598,https://musicbrainz.org/release/b46c959a-8474-47bf-80f9-df75a8435598,
album|ethel cain|preacher s daughter,Ethel Cain,Preacher's Daughter,2022,1,116,core_graph_album,resolved,musicbrainz_ws2,high,109,13,Ethel Cain,Preacher’s Daughter,2022-05-12,1619405400,5413753c-9404-4cb7-af0c-f3957a91487d,02e76b0a-b9c6-4f28-97cd-f09e93c5490c,https://musicbrainz.org/release/02e76b0a-b9c6-4f28-97cd-f09e93c5490c,
album|etta james|at last,Etta James,At Last!,1960,1,006,core_graph_album,resolved,musicbrainz_ws2,high,109,14,Etta James,At Last!,1960-11-15,1440838775,56933d06-34a0-3a49-8e42-7c39f8c356dd,647d23bd-5be0-4361-bcd0-94994667c4cf,https://musicbrainz.org/release/647d23bd-5be0-4361-bcd0-94994667c4cf,
album|etta james|tell mama,Etta James,Tell Mama,1968,1,038,core_graph_album,resolved,musicbrainz_ws2,high,109,12,Etta James,Tell Mama,1968-01,1371791759,8cadf19c-1f50-3c59-ab78-79145f7339d3,eef6d2cd-a0b2-4ff9-a415-0e45b08e4732,https://musicbrainz.org/release/eef6d2cd-a0b2-4ff9-a415-0e45b08e4732,
album|eurythmics|sweet dreams are made of this,Eurythmics,Sweet Dreams (Are Made of This),1983,1,058,core_graph_album,resolved,musicbrainz_ws2,high,109,10,Eurythmics,Sweet Dreams (Are Made of This),1983,255965840,b969f851-b5cf-3a3f-9bfe-1280eb271406,14c905c0-a496-330c-876c-dae411d3450f,https://musicbrainz.org/release/14c905c0-a496-330c-876c-dae411d3450f,
album|evanescence|fallen,Evanescence,Fallen,2003,1,066,boundary_candidate,resolved,musicbrainz_ws2,high,109,12,Evanescence,Fallen,2003-03-04,1440665838,2187d248-1a3b-35d0-a4ec-bead586ff547,9cb25ce1-bc4f-40b4-bf8c-9f06e2162e8b,https://musicbrainz.org/release/9cb25ce1-bc4f-40b4-bf8c-9f06e2162e8b,
album|exo|war,EXO,The War,2017,1,098,core_graph_album,resolved,musicbrainz_ws2,high,109,9,EXO,THE WAR,2017-07-18,1260294767,3ab770b9-a714-4688-8d41-551e05a00e10,5a054234-bea3-4af6-868c-902078e16871,https://musicbrainz.org/release/5a054234-bea3-4af6-868c-902078e16871,
album|exodus|bonded by blood,Exodus,Bonded by Blood,1985,1,062,core_graph_album,resolved,musicbrainz_ws2,high,109,9,Exodus,Bonded by Blood,1986,1004701980,08e23bf4-ab01-3d24-9a71-bfcbc1567fe3,dd9b4989-bd9d-4ce6-8b3d-026c3475c376,https://musicbrainz.org/release/dd9b4989-bd9d-4ce6-8b3d-026c3475c376,
album|faint|danse macabre,The Faint,Danse Macabre,2001,1,080,core_graph_album,resolved,musicbrainz_ws2,high,109,9,The Faint,Danse Macabre,2001-08-21,6939355,85e75a49-d94f-3aa1-9283-fd5d199fbd3c,49ec1f58-4f09-4e70-8ff6-0609a3b4a179,https://musicbrainz.org/release/49ec1f58-4f09-4e70-8ff6-0609a3b4a179,
album|faith hill|breathe,Faith Hill,Breathe,1999,1,033,core_graph_album,resolved,musicbrainz_ws2,high,109,13,Faith Hill,Breathe,1999-11-09,321981503,a2d6da6c-2b17-37b7-8957-7cb2956325ca,68fbc4d5-99db-4a32-b395-663d6780ee82,https://musicbrainz.org/release/68fbc4d5-99db-4a32-b395-663d6780ee82,
album|faith no more|angel dust,Faith No More,Angel Dust,1992,1,066,core_graph_album,resolved,musicbrainz_ws2,high,109,14,Faith No More,Angel Dust,1992-06-12,184672979,503e5b85-df2a-365a-82e4-32ca30538d8d,71deb7c9-22b4-401c-ad68-e35064af6f09,https://musicbrainz.org/release/71deb7c9-22b4-401c-ad68-e35064af6f09,
album|faith no more|real thing,Faith No More,The Real Thing,1989,1,066,core_graph_album,resolved,musicbrainz_ws2,high,109,11,Faith No More,The Real Thing,1989-06-20,83386606,1ba7c980-4882-31fb-9918-12791f59d303,2694c799-4431-40da-9af8-ff44fdc3461f,https://musicbrainz.org/release/2694c799-4431-40da-9af8-ff44fdc3461f,
album|fall out boy|from under the cork tree,Fall Out Boy,From Under the Cork Tree,2005,1,077,core_graph_album,resolved,musicbrainz_ws2,high,109,13,Fall Out Boy,From Under the Cork Tree,2005-05-03,1440748840,e848562f-a802-355c-a52c-90ba6aaa91d1,0fe68756-b05e-43da-a702-b450e897e5d6,https://musicbrainz.org/release/0fe68756-b05e-43da-a702-b450e897e5d6,
album|fall out boy|take this to your grave,Fall Out Boy,Take This to Your Grave,2003,1,077,core_graph_album,resolved,musicbrainz_ws2,high,109,12,Fall Out Boy,Take This to Your Grave,2003-05-06,76160059,35c38964-b632-33d2-a30d-59fea09c989d,c044f797-add8-4267-9ae1-acda80e88985,https://musicbrainz.org/release/c044f797-add8-4267-9ae1-acda80e88985,
album|fall|hex enduction hour,The Fall,Hex Enduction Hour,1982,1,056,core_graph_album,resolved,musicbrainz_ws2,high,109,20,The Fall,Hex Enduction Hour,1982-03-08,1564714288,71d6b717-75e8-373c-a482-32c58c241b35,114855e0-b472-4f52-a460-6de1b2e2506a,https://musicbrainz.org/release/114855e0-b472-4f52-a460-6de1b2e2506a,
album|falling in reverse|coming home,Falling in Reverse,Coming Home,2017,1,118,core_graph_album,resolved,musicbrainz_ws2,high,109,13,Falling in Reverse,Coming Home,2017-04-17,1485065540,ca301966-5bf8-457c-a2e9-81ee47e5a564,734e5e8b-eab7-445e-b2c3-5ce8ab084fcc,https://musicbrainz.org/release/734e5e8b-eab7-445e-b2c3-5ce8ab084fcc,
album|falling in reverse|popular monster,Falling in Reverse,Popular Monster,2024,1,118,core_graph_album,resolved,musicbrainz_ws2,high,109,11,Falling in Reverse,Popular Monster,2024-08-16,1741617063,d14f7547-2dcf-4c74-800e-614723b2352b,a1465102-4b9c-4a4d-a85b-75d5582324f6,https://musicbrainz.org/release/a1465102-4b9c-4a4d-a85b-75d5582324f6,
album|fania all stars|live at the cheetah vol 1,Fania All-Stars,"Live at the Cheetah, Vol. 1",1972,1,096,core_graph_album,resolved,musicbrainz_ws2,high,109,4,Fania All-Stars,"Live at the Cheetah, Vol. 1",1972,1481517285,8b5e9d54-6c5d-4867-a8d0-d0422df923e3,0d0bf414-4617-4692-a567-8ec65087a3ba,https://musicbrainz.org/release/0d0bf414-4617-4692-a567-8ec65087a3ba,
album|fat boys|crushin,Fat Boys,Crushin',1987,1,045,false_nearby_candidate,resolved,musicbrainz_ws2,high,109,10,Fat Boys,Crushin’,1987-08-14,1559095530,a749dee7-f857-3b4a-95c4-3e43ca1ae225,2d947e9f-ab68-4cef-8831-f50d1e39278d,https://musicbrainz.org/release/2d947e9f-ab68-4cef-8831-f50d1e39278d,
album|fat boys|fat boys,Fat Boys,Fat Boys,1984,1,045,core_graph_album,resolved,musicbrainz_ws2,high,109,7,Fat Boys,Fat Boys,1984,400323441,17d35176-f517-3ba9-a8a5-98413597595c,cdc38a08-0b46-4c98-bc21-fda869baa01b,https://musicbrainz.org/release/cdc38a08-0b46-4c98-bc21-fda869baa01b,
album|fatboy slim|you ve come a long way baby,Fatboy Slim,"You've Come a Long Way, Baby",1998,1,083,core_graph_album,resolved,musicbrainz_ws2,high,109,10,Fatboy Slim,"You’ve Come a Long Way, Baby",1998-10-20,714916269,435fe38e-404c-3887-8300-cc94420a121c,6f829bf7-163b-49e5-84ba-fb44c2ad88e8,https://musicbrainz.org/release/6f829bf7-163b-49e5-84ba-fb44c2ad88e8,
album|father john misty|i love you honeybear,Father John Misty,"I Love You, Honeybear",2015,1,030,boundary_candidate,resolved,musicbrainz_ws2,high,109,11,Father John Misty,"I Love You, Honeybear",2015-02-10,931563362,87c49a7f-04e5-4fe4-b904-86db4388d311,1da87923-5518-4f1d-b033-d3fe3a4b84b2,https://musicbrainz.org/release/1da87923-5518-4f1d-b033-d3fe3a4b84b2,
album|fats domino|this is fats domino,Fats Domino,This Is Fats Domino!,1956,1,001,core_graph_album,resolved,musicbrainz_ws2,high,109,12,Fats Domino,This Is Fats Domino!,1956-12,,a3d5e53b-9b31-3014-a9c7-b6bfacc7cad3,1d47617b-5aa1-463e-a933-331a236b31f3,https://musicbrainz.org/release/1d47617b-5aa1-463e-a933-331a236b31f3,
album|faye webster|i know i m funny haha,Faye Webster,I Know I'm Funny haha,2021,1,116,core_graph_album,resolved,musicbrainz_ws2,high,109,11,Faye Webster,I Know I'm Funny haha,2021-06-25,1561398236,aa790ade-a90c-4c8c-a312-a671b8238a49,1e67e54b-a651-4fe7-896b-f04352026d72,https://musicbrainz.org/release/1e67e54b-a651-4fe7-896b-f04352026d72,
album|faye webster|underdressed at the symphony,Faye Webster,Underdressed at the Symphony,2024,1,116,core_graph_album,resolved,musicbrainz_ws2,high,109,10,Faye Webster,Underdressed at the Symphony,2024-03-01,1716952641,1322ff7f-b274-465e-bdca-0860f086c558,1d2d9470-575a-4b73-8e7e-9de6279eea2f,https://musicbrainz.org/release/1d2d9470-575a-4b73-8e7e-9de6279eea2f,
album|fear factory|demanufacture,Fear Factory,Demanufacture,1995,1,065,core_graph_album,resolved,musicbrainz_ws2,high,109,11,Fear Factory,Demanufacture,1995-06,214477830,bb54def1-20ed-3970-a51e-32f03be5a397,d109c2fe-ea76-47ce-b897-3a736eac712b,https://musicbrainz.org/release/d109c2fe-ea76-47ce-b897-3a736eac712b,
album|feelies|crazy rhythms,The Feelies,Crazy Rhythms,1980,2,059;069,core_graph_album,resolved,musicbrainz_ws2,high,109,11,The Feelies,Crazy Rhythms,1980,1518271845,0e1245bc-b370-32ec-b39d-ec746be808fc,e91e664a-d13d-4766-a1be-75421a053aad,https://musicbrainz.org/release/e91e664a-d13d-4766-a1be-75421a053aad,
album|feelies|good earth,The Feelies,The Good Earth,1986,1,069,core_graph_album,resolved,musicbrainz_ws2,high,109,11,The Feelies,The Good Earth,1986,1517986959,5838069c-cca4-307b-995b-22d110504955,b8704d6a-51ee-349e-9aff-1d131b4d20fb,https://musicbrainz.org/release/b8704d6a-51ee-349e-9aff-1d131b4d20fb,
album|fela kuti|zombie,Fela Kuti,Zombie,1977,1,097,core_graph_album,resolved,musicbrainz_ws2,low,73,4,Fela Kuti and Africa 70,Na Poi / Zombie,1998-09-23,559710299,d3de5856-816a-4759-bf9c-d5ff0e5cd740,87916e25-0f71-4751-820b-77daa7a7ba4d,https://musicbrainz.org/release/87916e25-0f71-4751-820b-77daa7a7ba4d,selected_release_year_far_from_seed_year
album|femi kuti|shoki shoki,Femi Kuti,Shoki Shoki,1998,1,097,core_graph_album,resolved,musicbrainz_ws2,high,109,9,Femi Kuti,Shoki Shoki,2000,1817151873,b1781d5b-2e2b-3c12-bb54-65020c864b69,b8c98dff-0970-4a82-9c8b-03410bd5961b,https://musicbrainz.org/release/b8c98dff-0970-4a82-9c8b-03410bd5961b,
album|fergie|dutchess,Fergie,The Dutchess,2006,1,090,core_graph_album,resolved,musicbrainz_ws2,high,109,15,Fergie,The Dutchess,2006-09-13,1440659902,5a4599e9-7ec3-3346-8997-5d5f33377c78,d7d6a3c8-7c28-4cc2-8738-b00876539116,https://musicbrainz.org/release/d7d6a3c8-7c28-4cc2-8738-b00876539116,
album|fever 333|strength in numb333rs,Fever 333,Strength in Numb333rs,2019,1,118,core_graph_album,resolved,musicbrainz_ws2,high,109,10,FEVER 333,STRENGTH IN NUMB333RS,2019-01-18,1441326645,69865f16-05ca-4067-a715-150ea36616d9,190e6f77-9a19-4d3c-8ef5-4082023d4260,https://musicbrainz.org/release/190e6f77-9a19-4d3c-8ef5-4082023d4260,
album|fifty foot hose|cauldron,Fifty Foot Hose,Cauldron,1967,1,015,core_graph_album,resolved,musicbrainz_ws2,high,106,18,Fifty Foot Hose,Cauldron,1968,1621378191,5a276204-9d25-3be2-83b9-d16dfe647af0,ebb3a1bc-18d0-4cc3-8f64-1647896e8f10,https://musicbrainz.org/release/ebb3a1bc-18d0-4cc3-8f64-1647896e8f10,
album|filter|short bus,Filter,Short Bus,1995,1,065,false_nearby_candidate,resolved,musicbrainz_ws2,high,109,11,Filter,Short Bus,1995,1576788603,ab9d24f9-089d-343f-b8eb-2b9c872f5255,2045d9a9-9c89-4e6c-aeaf-61e2ccfb7398,https://musicbrainz.org/release/2045d9a9-9c89-4e6c-aeaf-61e2ccfb7398,
album|fiona apple|extraordinary machine,Fiona Apple,Extraordinary Machine,2005,1,025,core_graph_album,resolved,musicbrainz_ws2,high,109,12,Fiona Apple,Extraordinary Machine,2005-10-04,153432152,81c98a74-56ba-355e-8d63-83e12a63dace,d27b2085-99b5-3556-8d9c-b6396fa1d81a,https://musicbrainz.org/release/d27b2085-99b5-3556-8d9c-b6396fa1d81a,
album|fiona apple|tidal,Fiona Apple,Tidal,1996,1,074,core_graph_album,resolved,musicbrainz_ws2,high,109,10,Fiona Apple,Tidal,1996-07-23,309677190,82ba556e-99bf-380d-b9b5-5a97737f1cd1,43d7578a-17de-4ce6-810b-dd5deb9bb59c,https://musicbrainz.org/release/43d7578a-17de-4ce6-810b-dd5deb9bb59c,
album|fiona apple|when the pawn,Fiona Apple,When the Pawn...,1999,1,025,boundary_candidate,resolved,musicbrainz_ws2,medium,91,10,Fiona Apple,Tidal / When the Pawn…,2002-12-16,153019510,a5699755-a6ac-4b27-9720-4c290689d1b3,083a27b7-e140-4e5e-84a2-eb746102b143,https://musicbrainz.org/release/083a27b7-e140-4e5e-84a2-eb746102b143,
album|first aid kit|lion s roar,First Aid Kit,The Lion's Roar,2012,1,030,core_graph_album,resolved,musicbrainz_ws2,high,109,10,First Aid Kit,The Lion’s Roar,2012-01-24,1583271287,7502eb7d-1e83-41ce-b7ee-7b66f340d518,79226b04-81d0-41c5-ae2e-949ce00aae0a,https://musicbrainz.org/release/79226b04-81d0-41c5-ae2e-949ce00aae0a,
album|fischerspooner|1,Fischerspooner,#1,2001,1,085,core_graph_album,resolved,musicbrainz_ws2,high,106,13,Fischerspooner,#1,2003-02-25,715785591,0fc357b5-b750-32e9-9b68-4c80e69f0ab4,2e3e7b32-71e7-4426-b7fe-2579ad3f28a9,https://musicbrainz.org/release/2e3e7b32-71e7-4426-b7fe-2579ad3f28a9,
album|five satins|50 best hits 2023 remastered,The Five Satins,50 Best Hits (2023 Remastered),1965,1,003,core_graph_album,resolved,apple_itunes_search_api,medium,100,50,The Five Satins,50 Best Hits (2023 Remastered),1965-07-11,1715543363,,,https://music.apple.com/us/album/50-best-hits-2023-remastered/1715543363?uo=4,manual_apple_override;manual_apple_override_confidence_medium
album|flamin groovies|shake some action,Flamin' Groovies,Shake Some Action,1976,1,021,core_graph_album,resolved,musicbrainz_ws2,high,109,14,Flamin’ Groovies,Shake Some Action,1976,276981907,df63d59f-2848-32ad-bbf5-866df3472adf,dc82ae0b-0916-3350-b0c5-e23ab26455f4,https://musicbrainz.org/release/dc82ae0b-0916-3350-b0c5-e23ab26455f4,
album|flamingos|flamingo serenade,The Flamingos,Flamingo Serenade,1959,1,003,core_graph_album,resolved,musicbrainz_ws2,high,109,12,The Flamingos,Flamingo Serenade,1959-10,1195540531,388e031f-92a6-3a7f-989a-6ec1632d2494,4ce5ac76-b0c6-4ad3-a920-42d22f022fb4,https://musicbrainz.org/release/4ce5ac76-b0c6-4ad3-a920-42d22f022fb4,
album|flatland cavalry|humble folks,Flatland Cavalry,Humble Folks,2016,1,036,core_graph_album,resolved,musicbrainz_ws2,high,109,11,Flatland Cavalry,Humble Folks,2016-04-01,1724062817,9ebbdd6c-246b-4542-8b87-053398ba8124,df5c39a3-8ed9-4616-aa2c-1adcbe7f3c60,https://musicbrainz.org/release/df5c39a3-8ed9-4616-aa2c-1adcbe7f3c60,
album|flatlanders|more a legend than a band,The Flatlanders,More a Legend Than a Band,1990,1,032,core_graph_album,resolved,musicbrainz_ws2,high,109,13,The Flatlanders,More a Legend Than a Band,1990,,c2a18471-ab16-368e-8289-7e5fa5302726,a96c8956-5c21-4b05-a44b-0c6d725659fb,https://musicbrainz.org/release/a96c8956-5c21-4b05-a44b-0c6d725659fb,
album|fleet foxes|fleet foxes,Fleet Foxes,Fleet Foxes,2008,1,030,core_graph_album,resolved,musicbrainz_ws2,high,109,11,Fleet Foxes,Fleet Foxes,2008-06-03,281086394,af9a5099-04c5-3aaf-b0d1-fa160bd92e02,d99d7f59-44ad-4fbd-a837-0dc00576f01b,https://musicbrainz.org/release/d99d7f59-44ad-4fbd-a837-0dc00576f01b,
album|fleet foxes|helplessness blues,Fleet Foxes,Helplessness Blues,2011,1,030,core_graph_album,resolved,musicbrainz_ws2,high,109,12,Fleet Foxes,Helplessness Blues,2011-05-03,425059566,d569deba-8c6b-4d08-8c43-d0e5a1b8c7f3,f26a97e8-460e-44cd-9866-d64952509546,https://musicbrainz.org/release/f26a97e8-460e-44cd-9866-d64952509546,
album|fleetwood mac|fleetwood mac,Fleetwood Mac,Fleetwood Mac,1975,1,022,core_graph_album,resolved,musicbrainz_ws2,high,109,11,Fleetwood Mac,Fleetwood Mac,1975-07-11,912323292,6b5d9bf1-f496-34b5-9488-7df2533d6208,833cd8ce-3748-4a8f-80f5-5c31d9bcb261,https://musicbrainz.org/release/833cd8ce-3748-4a8f-80f5-5c31d9bcb261,
album|fleetwood mac|rumours,Fleetwood Mac,Rumours,1977,2,016;022,core_graph_album,resolved,musicbrainz_ws2,high,109,11,Fleetwood Mac,Rumours,1977-02-04,594061854,416bb5e5-c7d1-3977-8fd7-7c9daf6c2be6,081ea37e-db59-4332-8cd2-ad020cb93af6,https://musicbrainz.org/release/081ea37e-db59-4332-8cd2-ad020cb93af6,
album|floetry|floetic,Floetry,Floetic,2002,1,043,core_graph_album,resolved,musicbrainz_ws2,high,109,16,Floetry,Floetic,2002,1440756123,7c94449f-1ddd-3b1e-a818-d01ba09d46ad,21b323ac-deb1-4321-a458-c851cf933679,https://musicbrainz.org/release/21b323ac-deb1-4321-a458-c851cf933679,
album|florida georgia line|here s to the good times,Florida Georgia Line,Here's to the Good Times,2012,1,035,core_graph_album,resolved,musicbrainz_ws2,high,109,11,Florida Georgia Line,Here’s to the Good Times,2012-12-04,1440811897,7e7e0010-628f-48da-8d4a-4b3f90faac56,b9d2628e-5ab4-4dad-b587-46baee46317d,https://musicbrainz.org/release/b9d2628e-5ab4-4dad-b587-46baee46317d,
album|flume|skin,Flume,Skin,2016,1,083,core_graph_album,resolved,musicbrainz_ws2,high,109,16,Flume,Skin,2016-05-27,1885929732,325b927d-72df-4e71-a5f9-7c717f72fb42,d91d4634-88f7-4fcc-befd-8b83a18d3323,https://musicbrainz.org/release/d91d4634-88f7-4fcc-befd-8b83a18d3323,
album|flying burrito brothers|gilded palace of sin,The Flying Burrito Brothers,The Gilded Palace of Sin,1969,1,032,core_graph_album,resolved,musicbrainz_ws2,low,75,11,The Flying Burrito Brothers,The Gilded Palace of Sin / Burrito Deluxe,1997,1440876015,a7562b15-0ee5-35cf-b9ce-38d892475521,c35a9e38-dfae-4ad0-83fb-8e9cff3b0296,https://musicbrainz.org/release/c35a9e38-dfae-4ad0-83fb-8e9cff3b0296,selected_release_title_contains_edition_noise;selected_release_year_far_from_seed_year
album|flying lotus|cosmogramma,Flying Lotus,Cosmogramma,2010,1,087,core_graph_album,resolved,musicbrainz_ws2,high,109,17,Flying Lotus,Cosmogramma,2010-05-03,367788829,ddae2c76-1433-4a9a-be05-3447bda75eee,9e68f88b-f2c6-35bd-a317-f32a8911f598,https://musicbrainz.org/release/9e68f88b-f2c6-35bd-a317-f32a8911f598,
album|foals|antidotes,Foals,Antidotes,2008,1,080,core_graph_album,resolved,musicbrainz_ws2,high,109,20,Foals,Antidotes,2008-03-25,1551822348,b3354e1f-317e-3b64-88e1-d4dc54571a6d,e3c2586f-9a3c-41ac-a419-5565ea0a2bc8,https://musicbrainz.org/release/e3c2586f-9a3c-41ac-a419-5565ea0a2bc8,
album|foals|total life forever,Foals,Total Life Forever,2010,1,080,core_graph_album,resolved,musicbrainz_ws2,high,109,11,Foals,Total Life Forever,2010-05-10,369960478,d538df74-a31e-4aa8-ad10-ffb125db6725,07012cce-cceb-4fd1-87cf-7794d8d4decd,https://musicbrainz.org/release/07012cce-cceb-4fd1-87cf-7794d8d4decd,
album|focus|moving waves,Focus,Moving Waves,1971,1,018,core_graph_album,resolved,apple_itunes_search_api,high,109,6,Focus,Moving Waves,1971-01-01,151178566,,,https://music.apple.com/us/album/moving-waves/151178566?uo=4,
album|foghat|fool for the city,Foghat,Fool for the City,1975,1,017,core_graph_album,resolved,musicbrainz_ws2,high,109,7,Foghat,Fool for the City,1975,1098935593,aa1898ac-9d10-3c4f-8a5c-3375741963c3,e2595458-af18-4b9e-859e-1f3db20f0b2b,https://musicbrainz.org/release/e2595458-af18-4b9e-859e-1f3db20f0b2b,
album|fontaines d c|skinty fia,Fontaines D.C.,Skinty Fia,2022,1,115,core_graph_album,resolved,musicbrainz_ws2,high,109,10,Fontaines D.C.,Skinty Fia,2022,1783171798,aa2f908a-5aba-40c1-a198-3d0ad4f43486,269f2447-ec14-4a5c-8589-6488968ccc46,https://musicbrainz.org/release/269f2447-ec14-4a5c-8589-6488968ccc46,
album|foo fighters|colour and the shape,Foo Fighters,The Colour and the Shape,1997,1,071,core_graph_album,resolved,musicbrainz_ws2,high,109,14,Foo Fighters,The Colour and the Shape,1997-05-20,362133451,7822977a-984d-358d-823f-426139c0eaba,29c813ca-30cb-404e-b33e-87f366f4da84,https://musicbrainz.org/release/29c813ca-30cb-404e-b33e-87f366f4da84,
album|food house|food house,food house,food house,2020,1,119,core_graph_album,resolved,musicbrainz_ws2,high,109,11,food house,food house,2020-10-29,1535282231,2894de99-aa85-490b-be38-5f5aaca034df,c790060f-857a-45d0-a8ad-ebbd9b8ab5ac,https://musicbrainz.org/release/c790060f-857a-45d0-a8ad-ebbd9b8ab5ac,
album|foreigner|4,Foreigner,4,1981,1,016,core_graph_album,resolved,musicbrainz_ws2,high,109,12,Foreigner,4,1981-07-02,285143156,b29a37cd-e84f-435e-a671-fd7541f65c53,2a17a212-cbac-4de0-962c-10ef56c95db8,https://musicbrainz.org/release/2a17a212-cbac-4de0-962c-10ef56c95db8,
album|foster the people|torches,Foster the People,Torches,2011,1,117,core_graph_album,resolved,musicbrainz_ws2,high,109,11,Foster the People,Torches,2011-05-23,435761204,535748f7-5b3d-4a2a-8f9c-bd8baa587239,4aaead1c-75a0-43ad-80f2-392afc278efa,https://musicbrainz.org/release/4aaead1c-75a0-43ad-80f2-392afc278efa,
album|fountains of wayne|utopia parkway,Fountains of Wayne,Utopia Parkway,1999,1,075,core_graph_album,resolved,musicbrainz_ws2,high,109,14,Fountains of Wayne,Utopia Parkway,1999-04-06,281709694,82ff231d-cf2e-3b4b-aab8-3260f82ddc06,20ebdc52-e657-4563-9d69-7ab55cff2da2,https://musicbrainz.org/release/20ebdc52-e657-4563-9d69-7ab55cff2da2,
album|fountains of wayne|welcome interstate managers,Fountains of Wayne,Welcome Interstate Managers,2003,1,075,core_graph_album,resolved,musicbrainz_ws2,high,109,17,Fountains of Wayne,Welcome Interstate Managers,2003-06-25,712721721,db2a3102-5ea2-395f-89e9-2de7881186b3,3987eb62-d206-4ddc-86b5-c54eddbbed9a,https://musicbrainz.org/release/3987eb62-d206-4ddc-86b5-c54eddbbed9a,
album|four tet|rounds,Four Tet,Rounds,2003,1,087,core_graph_album,resolved,musicbrainz_ws2,high,109,10,Four Tet,Rounds,2003-05-06,308893811,cf688036-4ffa-36f5-ab81-9c7efecf63cd,8c34bee6-9f0c-342f-8c9e-3df5c056042a,https://musicbrainz.org/release/8c34bee6-9f0c-342f-8c9e-3df5c056042a,
album|four tops|reach out,Four Tops,Reach Out,1967,1,037,core_graph_album,resolved,musicbrainz_ws2,high,109,12,Four Tops,Reach Out,1967-07,1443092485,6fdc3cfa-7bac-3b19-aa87-94947ef40ffa,8e998f83-209e-4db1-91e8-55412fde369a,https://musicbrainz.org/release/8e998f83-209e-4db1-91e8-55412fde369a,
album|fourplay|fourplay,Fourplay,Fourplay,1991,1,102,core_graph_album,resolved,musicbrainz_ws2,high,109,11,Fourplay,Fourplay,1991,1306463758,342321bc-da97-3160-bc86-ba11b7850f0c,1aa69b55-1351-49c5-aeaf-0260b1234e62,https://musicbrainz.org/release/1aa69b55-1351-49c5-aeaf-0260b1234e62,
album|frank ocean|blonde,Frank Ocean,Blonde,2016,1,044,core_graph_album,resolved,musicbrainz_ws2,high,109,17,Frank Ocean,Blonde,2016-11-25,1146195596,0da340a0-6ad7-4fc2-a272-6f94393a7831,08f54f68-7c89-4e22-8a0f-ac2b06e48568,https://musicbrainz.org/release/08f54f68-7c89-4e22-8a0f-ac2b06e48568,
album|frank ocean|channel orange,Frank Ocean,Channel Orange,2012,1,044,core_graph_album,resolved,musicbrainz_ws2,high,109,17,Frank Ocean,channel ORANGE,2012-07-17,1440765580,f8f4167d-897c-4b25-a171-638374d1dfa4,9519df6d-f8a6-4b57-9ab4-ddb35aa7d09e,https://musicbrainz.org/release/9519df6d-f8a6-4b57-9ab4-ddb35aa7d09e,
album|frank sinatra|come fly with me,Frank Sinatra,Come Fly with Me,1958,1,100,core_graph_album,resolved,musicbrainz_ws2,low,93,12,Frank Sinatra,Come Fly with Me,1992,1442910348,ee1b1494-745d-43b3-aa8d-ee28cea87a90,54f87ff1-4c87-482e-aa76-a0756d940214,https://musicbrainz.org/release/54f87ff1-4c87-482e-aa76-a0756d940214,selected_release_year_far_from_seed_year
album|frank sinatra|in the wee small hours,Frank Sinatra,In the Wee Small Hours,1955,1,100,core_graph_album,resolved,musicbrainz_ws2,high,109,16,Frank Sinatra,In the Wee Small Hours,1955-04-25,1440815019,5a5d9938-38a9-3f32-b03b-8f14f62b880a,881f621c-618c-48da-80a8-50380996fe15,https://musicbrainz.org/release/881f621c-618c-48da-80a8-50380996fe15,
album|frank sinatra|songs for swingin lovers,Frank Sinatra,Songs for Swingin' Lovers!,1956,1,100,core_graph_album,resolved,musicbrainz_ws2,high,109,15,Frank Sinatra,Songs for Swingin’ Lovers!,1956-03-05,1440841946,12421e82-3ca1-39c5-bbcf-bba54ba251e5,6ebb996f-da6d-3517-b9be-9c52779572e3,https://musicbrainz.org/release/6ebb996f-da6d-3517-b9be-9c52779572e3,
album|frank zappa|lumpy gravy,Frank Zappa,Lumpy Gravy,1968,1,015,boundary_candidate,resolved,musicbrainz_ws2,high,109,2,Frank Zappa,Lumpy Gravy,1968-05-13,1443184225,b70fd4c3-d2f9-3322-8473-2c96f53171fc,614e8d0a-5631-47ef-80e9-788427d211a2,https://musicbrainz.org/release/614e8d0a-5631-47ef-80e9-788427d211a2,
album|frankie knuckles|beyond the mix,Frankie Knuckles,Beyond the Mix,1991,1,081,core_graph_album,resolved,musicbrainz_ws2,high,109,10,Frankie Knuckles,Beyond the Mix,1991-08-06,713019783,2c9e6f87-92af-3b38-a7d2-50c590c47eb1,33d1434d-3179-416f-b45b-02fe98640282,https://musicbrainz.org/release/33d1434d-3179-416f-b45b-02fe98640282,
album|frankie lymon and the teenagers|why do fools fall in love,Frankie Lymon and the Teenagers,Why Do Fools Fall in Love,1956,1,003,core_graph_album,resolved,musicbrainz_ws2,low,93,25,Frankie Lymon & The Teenagers,Why Do Fools Fall in Love,2018-11-09,1544753342,e93cbc78-1c69-4c66-ae1f-43c6308c03fe,ce887b10-b8f2-4868-8e86-46f249e51dd6,https://musicbrainz.org/release/ce887b10-b8f2-4868-8e86-46f249e51dd6,selected_release_year_far_from_seed_year
album|franz ferdinand|franz ferdinand,Franz Ferdinand,Franz Ferdinand,2004,1,080,core_graph_album,resolved,musicbrainz_ws2,high,109,11,Franz Ferdinand,Franz Ferdinand,2004-04-20,315843479,c145ca26-2556-3780-828f-82729de51f7b,462210cb-c90c-38f9-8fcf-1a04d7c86729,https://musicbrainz.org/release/462210cb-c90c-38f9-8fcf-1a04d7c86729,
album|fray|how to save a life,The Fray,How to Save a Life,2005,1,092,core_graph_album,resolved,musicbrainz_ws2,high,109,12,The Fray,How to Save a Life,2005-09-13,385629502,9b31a203-647f-3077-80c7-78e41cf73018,48271e9b-428d-4830-ba9b-5f7fa0177232,https://musicbrainz.org/release/48271e9b-428d-4830-ba9b-5f7fa0177232,
album|fred again|actual life 3,Fred again..,Actual Life 3,2022,1,083,core_graph_album,resolved,musicbrainz_ws2,high,95,13,Fred again..,Actual Life 3 (January 1 - September 9 2022),2022-10-28,1640463893,fd4a7d8c-1bf1-4906-a46c-1ef2e64b6eaf,34a94bd5-b334-4e53-8e38-ccc57e5498d9,https://musicbrainz.org/release/34a94bd5-b334-4e53-8e38-ccc57e5498d9,
album|fred hammond|pages of life chapters i and ii,Fred Hammond,Pages of Life: Chapters I & II,1998,1,108,context_candidate,resolved,musicbrainz_ws2,high,101,29,Fred Hammond & Radical for Christ,"Pages Of Life, Chapters I & II",1998-04-28,303172920,458461fe-708a-3279-b1d3-98db8052c78a,17dfdc56-34c5-47e1-b411-e74aa8c27e5d,https://musicbrainz.org/release/17dfdc56-34c5-47e1-b411-e74aa8c27e5d,
album|fred neil|bleecker and macdougal,Fred Neil,Bleecker & MacDougal,1965,1,026,core_graph_album,resolved,musicbrainz_ws2,high,109,13,Fred Neil,Bleecker & MacDougal,1965,59389440,098a9a18-88cc-33c0-846e-7ed031d5412d,e058e907-d6c7-486f-b93a-5c8028912839,https://musicbrainz.org/release/e058e907-d6c7-486f-b93a-5c8028912839,
album|free design|you could be born again,The Free Design,You Could Be Born Again,1968,1,012,core_graph_album,resolved,musicbrainz_ws2,high,109,14,The Free Design,You Could Be Born Again,1968,1790495797,3ddd9f1a-aa45-3a73-98a8-71fb76ecb009,33ccee1c-9187-4e7f-b96e-04bec0549fb6,https://musicbrainz.org/release/33ccee1c-9187-4e7f-b96e-04bec0549fb6,
album|free|fire and water,Free,Fire and Water,1970,1,017,core_graph_album,resolved,musicbrainz_ws2,high,109,7,Free,Fire and Water,1970,1440833369,db60560f-daa5-3b56-b03b-ae6f23f57a5e,acfb1bb9-4c08-3e3f-8e2e-4ff409355f51,https://musicbrainz.org/release/acfb1bb9-4c08-3e3f-8e2e-4ff409355f51,
album|front line assembly|tactical neural implant,Front Line Assembly,Tactical Neural Implant,1992,1,065,core_graph_album,resolved,musicbrainz_ws2,high,109,8,Front Line Assembly,Tactical Neural Implant,1992-04-28,216663097,611e2a82-9f19-3ad0-98a8-42397143b09d,b6416c39-19d4-3a82-bb78-f422b864d45c,https://musicbrainz.org/release/b6416c39-19d4-3a82-bb78-f422b864d45c,
album|frost children|speed run,Frost Children,Speed Run,2023,1,119,boundary_candidate,resolved,musicbrainz_ws2,high,109,11,Frost Children,SPEED RUN,2023-04-14,1831252327,5d9bd827-0d3f-45f9-aa04-62e5218c6ca8,ea72d456-8999-40d1-9b7a-6c21049eab86,https://musicbrainz.org/release/ea72d456-8999-40d1-9b7a-6c21049eab86,
album|fuel|sunburn,Fuel,Sunburn,1998,1,071,core_graph_album,resolved,musicbrainz_ws2,high,109,13,Fuel,Sunburn,1998,203911729,40c1744b-02ab-34d0-9048-39da6dca36a1,ee01592b-5da1-3dea-a289-d2b0906b7d5a,https://musicbrainz.org/release/ee01592b-5da1-3dea-a289-d2b0906b7d5a,
album|fuerza regida|pa las baby s y belikeada,Fuerza Regida,Pa Las Baby's y Belikeada,2023,1,095,core_graph_album,resolved,musicbrainz_ws2,high,109,30,Fuerza Regida,Pa Las Baby's y Belikeada,2023-10-20,1712362875,2f8297a5-0265-4615-bcd4-db443a442082,a465430b-27a5-44c2-814e-166fa1fcb068,https://musicbrainz.org/release/a465430b-27a5-44c2-814e-166fa1fcb068,
album|fugazi|repeater,Fugazi,Repeater,1990,1,060,core_graph_album,resolved,musicbrainz_ws2,high,109,14,Fugazi,Repeater,1990,49249888,c7c2de8e-3c98-3923-a4d9-54c4295d20b4,00baa173-29db-33a9-af6d-fe109e53a211,https://musicbrainz.org/release/00baa173-29db-33a9-af6d-fe109e53a211,
album|fugees|score,Fugees,The Score,1996,1,050,core_graph_album,resolved,musicbrainz_ws2,high,101,15,Fugees (Refugee Camp),The Score,1996-04-02,1054461239,dd2203dd-a149-316b-ad7f-a303dc4fc459,01882f08-0c82-4ecb-8a3f-471e2f61ef52,https://musicbrainz.org/release/01882f08-0c82-4ecb-8a3f-471e2f61ef52,
album|fugs|fugs first album,The Fugs,The Fugs First Album,1965,1,015,core_graph_album,resolved,musicbrainz_ws2,high,118,10,The Fugs,The Fugs First Album,1966,1439276930,e6e6cd24-edc9-3e1e-9e5f-8580ed47f474,9328d635-3e4b-4414-a92e-5306a2da5585,https://musicbrainz.org/release/9328d635-3e4b-4414-a92e-5306a2da5585,resolved_by_aggressive_release_search
album|fugs|it crawled into my hand honest,The Fugs,"It Crawled Into My Hand, Honest",1968,1,015,core_graph_album,resolved,musicbrainz_ws2,high,109,21,The Fugs,"It Crawled Into My Hand, Honest",1968,,b7081675-5f8a-3b97-a6ed-e329d5b0ad0a,4840c459-c38a-3bc5-a81d-bc0ebdd4a748,https://musicbrainz.org/release/4840c459-c38a-3bc5-a81d-bc0ebdd4a748,
album|funkadelic|maggot brain,Funkadelic,Maggot Brain,1971,1,039,boundary_candidate,resolved,musicbrainz_ws2,high,109,7,Funkadelic,Maggot Brain,1971-07-12,1595227414,a334e612-e736-3b4f-82b4-c4dfb774983c,f17855ba-2027-44c0-8a7d-bcdea711d716,https://musicbrainz.org/release/f17855ba-2027-44c0-8a7d-bcdea711d716,
album|funkadelic|one nation under a groove,Funkadelic,One Nation Under a Groove,1978,1,039,core_graph_album,resolved,musicbrainz_ws2,high,109,10,Funkadelic,One Nation Under a Groove,1978-10,,9d084107-b712-3599-ab62-ac76fe3756b5,8502a305-00b7-4f50-941c-5c4135026ffd,https://musicbrainz.org/release/8502a305-00b7-4f50-941c-5c4135026ffd,
album|future|ds2,Future,DS2,2015,1,052,core_graph_album,resolved,musicbrainz_ws2,high,109,18,Future,DS2,2015-07-17,1017125737,9ac43ae5-c0de-42f6-8365-b68de4966833,07be3eda-bdaa-483b-a2a2-aff71122a6a3,https://musicbrainz.org/release/07be3eda-bdaa-483b-a2a2-aff71122a6a3,
album|future|monster,Future,Monster,2014,1,052,core_graph_album,resolved,musicbrainz_ws2,high,109,13,Future,Monster,2014-10-28,1484889814,cea00e8a-ed12-4baf-b3c6-2e60225b07c9,3a329dbe-b239-4e00-9d31-de19c8d6f7a1,https://musicbrainz.org/release/3a329dbe-b239-4e00-9d31-de19c8d6f7a1,
album|galaxie 500|on fire,Galaxie 500,On Fire,1989,1,073,core_graph_album,resolved,musicbrainz_ws2,high,109,13,Galaxie 500,On Fire,1989,310810412,d25e7bfe-2f10-3413-a8a2-d166784f4994,162eca4b-b43b-3fed-80d9-b7ef89148f73,https://musicbrainz.org/release/162eca4b-b43b-3fed-80d9-b7ef89148f73,
album|galaxie 500|today,Galaxie 500,Today,1988,1,059,core_graph_album,resolved,musicbrainz_ws2,high,109,10,Galaxie 500,Today,1988-10,310812530,f40da875-567e-363a-89f6-9a4687c4756e,f4f67079-2acc-4802-8d9a-d2049b1678d1,https://musicbrainz.org/release/f4f67079-2acc-4802-8d9a-d2049b1678d1,
album|gang of four|entertainment,Gang of Four,Entertainment!,1979,1,056,core_graph_album,resolved,musicbrainz_ws2,high,109,12,Gang of Four,Entertainment!,1979-09,1589225331,d0493944-992b-3534-9174-8320c1879837,ca391616-a063-45b6-aba8-525e36042c18,https://musicbrainz.org/release/ca391616-a063-45b6-aba8-525e36042c18,
album|gang of four|solid gold,Gang of Four,Solid Gold,1981,1,056,core_graph_album,resolved,musicbrainz_ws2,high,109,10,Gang of Four,Solid Gold,1981,1589239449,8a180426-c263-38ae-bced-c19b9d827b4f,b3de17c0-3a0e-4107-8d53-f45fd733bdb8,https://musicbrainz.org/release/b3de17c0-3a0e-4107-8d53-f45fd733bdb8,
album|gang starr|daily operation,Gang Starr,Daily Operation,1992,1,046,core_graph_album,resolved,musicbrainz_ws2,high,109,18,Gang Starr,Daily Operation,1992,1442868254,1869c250-8972-3837-a8ea-9cd015c459ff,5db6596c-4d1d-4338-b824-9bcb956d2b70,https://musicbrainz.org/release/5db6596c-4d1d-4338-b824-9bcb956d2b70,
album|gang starr|hard to earn,Gang Starr,Hard to Earn,1994,1,046,core_graph_album,resolved,musicbrainz_ws2,high,109,17,Gang Starr,Hard to Earn,1994-03-08,1440845652,6b3d273c-0548-3e58-a879-727ef831f4e5,48d27283-7ff9-4a8c-bb94-d4e5d412e019,https://musicbrainz.org/release/48d27283-7ff9-4a8c-bb94-d4e5d412e019,
album|gang starr|step in the arena,Gang Starr,Step in the Arena,1991,1,046,core_graph_album,resolved,musicbrainz_ws2,high,106,18,Gang Starr,Step in the Arena,1990,723665537,b66d223b-f057-3bba-9fee-92ee3db86257,0e272d73-ed9d-48b0-809c-8c562be52bd7,https://musicbrainz.org/release/0e272d73-ed9d-48b0-809c-8c562be52bd7,
album|garbage|garbage,Garbage,Garbage,1995,1,074,core_graph_album,resolved,musicbrainz_ws2,high,109,12,Garbage,Garbage,1995-08-15,1440827138,dcad245f-9d95-3751-9e69-d50ca399b46a,81fd4218-d269-48d4-b2cc-1e74b6c28187,https://musicbrainz.org/release/81fd4218-d269-48d4-b2cc-1e74b6c28187,
album|garth brooks|no fences,Garth Brooks,No Fences,1990,1,034,core_graph_album,resolved,musicbrainz_ws2,high,109,10,Garth Brooks,No Fences,1990-08-27,,d4377787-0d92-3902-997a-feb75f4dee2d,01cdf7c5-4640-44ef-9df2-bd9b8fbe6184,https://musicbrainz.org/release/01cdf7c5-4640-44ef-9df2-bd9b8fbe6184,
album|garth brooks|ropin the wind,Garth Brooks,Ropin' the Wind,1991,1,034,core_graph_album,resolved,musicbrainz_ws2,high,109,10,Garth Brooks,Ropin’ the Wind,1991-09-10,,0532c91d-e099-3d5c-8fac-4711035f7297,0d32d936-41ae-4582-9554-c8e14dcb546a,https://musicbrainz.org/release/0d32d936-41ae-4582-9554-c8e14dcb546a,
album|gary numan|pleasure principle,Gary Numan,The Pleasure Principle,1979,1,058,core_graph_album,resolved,musicbrainz_ws2,high,109,17,Gary Numan,The Pleasure Principle,1979-12,251652523,2ba66802-18a7-3bf4-958c-db871a6e7f34,779b1bb4-5fa5-401e-a26e-6367920755e4,https://musicbrainz.org/release/779b1bb4-5fa5-401e-a26e-6367920755e4,
album|geese|3d country,Geese,3D Country,2023,1,115,core_graph_album,resolved,musicbrainz_ws2,high,109,11,Geese,3D Country,2023-06-23,1822502596,d87d8f5d-4d89-45e1-b86d-2f9241db0edc,b5a2c004-d5dc-4e61-9d5c-387671ef7d93,https://musicbrainz.org/release/b5a2c004-d5dc-4e61-9d5c-387671ef7d93,
album|gene pitney|only love can break a heart,Gene Pitney,Only Love Can Break a Heart,1962,1,004,core_graph_album,resolved,musicbrainz_ws2,high,109,12,Gene Pitney,Only Love Can Break a Heart,1962-03,285982849,d563b258-ad92-4522-8162-0e225f1906b4,301fc567-62bb-43f3-baf3-620c46a8a63e,https://musicbrainz.org/release/301fc567-62bb-43f3-baf3-620c46a8a63e,
album|gene vincent|bluejean bop,Gene Vincent,Bluejean Bop!,1958,1,002,core_graph_album,resolved,musicbrainz_ws2,high,95,12,Gene Vincent and His Blue Caps,Bluejean Bop!,,1443088443,acaf3a11-874a-348a-810d-9c792caf383d,88d5546a-005f-4e44-9a3d-838a21b559ef,https://musicbrainz.org/release/88d5546a-005f-4e44-9a3d-838a21b559ef,
album|gene vincent|gene vincent and his blue caps,Gene Vincent,Gene Vincent and His Blue Caps,1957,1,002,core_graph_album,resolved,musicbrainz_ws2,low,73,12,Gene Vincent and His Blue Caps,The Best of Gene Vincent and His Blue Caps,1988,1444084564,7e4ed61a-a68e-45b8-a49d-2f0db9cbd0a9,17b3c5c3-ed40-4b75-b626-8d14ec9cb0ef,https://musicbrainz.org/release/17b3c5c3-ed40-4b75-b626-8d14ec9cb0ef,selected_release_year_far_from_seed_year
album|generation x|generation x,Generation X,Generation X,1978,1,053,core_graph_album,resolved,musicbrainz_ws2,high,109,16,Generation X,Generation X,1978,1629183195,ef82c694-53bf-3b79-af75-434b50c4a0f8,066367c9-ed5c-4537-84bb-3df5147d55bf,https://musicbrainz.org/release/066367c9-ed5c-4537-84bb-3df5147d55bf,
album|genesis|foxtrot,Genesis,Foxtrot,1972,1,018,core_graph_album,resolved,musicbrainz_ws2,high,109,6,Genesis,Foxtrot,1972,294841954,81d890d2-e71a-3e96-b3f1-4ddb3b6feb81,4b95e699-fb14-402b-ad81-cad37385f863,https://musicbrainz.org/release/4b95e699-fb14-402b-ad81-cad37385f863,
album|genesis|lamb lies down on broadway,Genesis,The Lamb Lies Down on Broadway,1974,1,018,core_graph_album,resolved,musicbrainz_ws2,high,109,23,Genesis,The Lamb Lies Down on Broadway,1974-11-18,1842928175,f2e5d462-6ec1-3cf8-8ea8-06eab8fe51f5,53a9e4bf-fe0c-3099-9d08-d6bbf235604f,https://musicbrainz.org/release/53a9e4bf-fe0c-3099-9d08-d6bbf235604f,
album|genesis|selling england by the pound,Genesis,Selling England by the Pound,1973,1,018,core_graph_album,resolved,musicbrainz_ws2,high,109,8,Genesis,Selling England by the Pound,1973,294810249,1fadec3d-7451-32e8-9194-ad7e5312cb9b,0802a684-f211-3fea-969a-d1d2839a21e0,https://musicbrainz.org/release/0802a684-f211-3fea-969a-d1d2839a21e0,
album|gentle giant|octopus,Gentle Giant,Octopus,1972,1,018,boundary_candidate,resolved,musicbrainz_ws2,high,109,9,Gentle Giant,Octopus,1973-02,1698666885,11d1c7a9-87d1-3f3f-90eb-8e0edb636085,5946db86-90b0-3821-bc3b-5b0af26544f4,https://musicbrainz.org/release/5946db86-90b0-3821-bc3b-5b0af26544f4,
album|george benson|breezin,George Benson,Breezin',1976,1,102,core_graph_album,resolved,musicbrainz_ws2,high,109,6,George Benson,Breezin’,1976-05-19,1018562855,1f5694c1-300e-3b48-84df-fd862272f06d,29a5b09a-f19a-4cab-8ed1-2b2e4fd29daf,https://musicbrainz.org/release/29a5b09a-f19a-4cab-8ed1-2b2e4fd29daf,
album|george jones|i am what i am,George Jones,I Am What I Am,1980,1,031,core_graph_album,resolved,musicbrainz_ws2,high,109,14,George Jones,I Am What I Am,1980-09,169742834,ed29b134-4848-3955-9a35-2b01150c9a41,880ee09a-a3e3-4d40-bfd8-9b98fbef313e,https://musicbrainz.org/release/880ee09a-a3e3-4d40-bfd8-9b98fbef313e,
album|george michael|faith,George Michael,Faith,1987,1,088,core_graph_album,resolved,musicbrainz_ws2,high,109,10,George Michael,Faith,1987,395918916,4e61585f-f341-3174-85cf-afad8df46fbe,14d6afda-36d1-4200-944f-4c5e4c90b770,https://musicbrainz.org/release/14d6afda-36d1-4200-944f-4c5e4c90b770,
album|george strait|blue clear sky,George Strait,Blue Clear Sky,1996,1,034,core_graph_album,resolved,musicbrainz_ws2,high,109,10,George Strait,Blue Clear Sky,1996-04-23,1440734787,faa742cd-a255-3cff-95b5-947508b8072e,16188be5-6458-4a95-af7d-7a98d9f23cbe,https://musicbrainz.org/release/16188be5-6458-4a95-af7d-7a98d9f23cbe,
album|george strait|pure country,George Strait,Pure Country,1992,1,034,core_graph_album,resolved,musicbrainz_ws2,high,97,11,George Strait,Pure Country: Original Motion Picture Soundtrack,1992,1440782254,c144014e-ef57-3132-86e9-cfb2c5491322,95792c18-ee53-4ab0-bd69-7442f427f84c,https://musicbrainz.org/release/95792c18-ee53-4ab0-bd69-7442f427f84c,
album|germs|gi,Germs,GI,1979,1,055,core_graph_album,resolved,musicbrainz_ws2,high,109,16,Germs,(GI),1979-10,286128938,1f66bd0f-4bbe-3eeb-8271-3a43972473ff,ea019f4f-0e6a-4714-a94f-20b50f1ec2f3,https://musicbrainz.org/release/ea019f4f-0e6a-4714-a94f-20b50f1ec2f3,
album|gerry rafferty|city to city,Gerry Rafferty,City to City,1978,1,022,core_graph_album,resolved,musicbrainz_ws2,high,109,10,Gerry Rafferty,City to City,1978,693606397,238c3fb4-5792-342b-b217-02f66298b424,71f016ef-6c2e-4368-a324-552b4e1c483f,https://musicbrainz.org/release/71f016ef-6c2e-4368-a324-552b4e1c483f,
album|get up kids|something to write home about,The Get Up Kids,Something to Write Home About,1999,1,077,core_graph_album,resolved,musicbrainz_ws2,high,109,12,The Get Up Kids,Something to Write Home About,1999-09-28,1450931751,11e9a0c1-9192-3f8b-a29f-8ab128bc50ff,011310b5-57b5-416e-8331-9bc134f6fbc8,https://musicbrainz.org/release/011310b5-57b5-416e-8331-9bc134f6fbc8,
album|geto boys|grip it on that other level,Geto Boys,Grip It! On That Other Level,1989,1,049,core_graph_album,resolved,apple_itunes_search_api,high,100,12,Geto Boys,Grip It on That Other Level,1989-03-12,1812969997,,,https://music.apple.com/il/album/grip-it-on-that-other-level/1812969997?uo=4,manual_apple_override
album|ghost|meliora,Ghost,Meliora,2015,1,118,core_graph_album,resolved,musicbrainz_ws2,high,109,10,Ghost,Meliora,2015-08-21,1440952111,02be3272-739c-46a4-9668-1d7dab9cc17e,5936446b-8862-4543-b8ca-5787702f87b2,https://musicbrainz.org/release/5936446b-8862-4543-b8ca-5787702f87b2,
album|ghostface killah|ironman,Ghostface Killah,Ironman,1996,1,048,core_graph_album,resolved,musicbrainz_ws2,high,109,16,Ghostface Killah,Ironman,1996-10-29,157485357,97173ef6-fd21-3d0a-80d3-c8c79fb97b17,d07c5ce9-7091-4f1c-b78c-ef56a7371598,https://musicbrainz.org/release/d07c5ce9-7091-4f1c-b78c-ef56a7371598,
album|gilbert o sullivan|himself,Gilbert O'Sullivan,Himself,1971,1,025,core_graph_album,resolved,musicbrainz_ws2,high,109,14,Gilbert O’Sullivan,Himself,1972,1716371365,fcb413af-5b0a-39e0-bbfb-c00e19d97a2f,261e7770-bc93-44c4-b26d-8001e369bee3,https://musicbrainz.org/release/261e7770-bc93-44c4-b26d-8001e369bee3,
album|gilberto santa rosa|perspectiva,Gilberto Santa Rosa,Perspectiva,1991,1,096,core_graph_album,resolved,musicbrainz_ws2,high,109,10,Gilberto Santa Rosa,Perspectiva,1991-10-28,170115057,d9b62b08-7a5d-345a-9252-aa23302072ed,20715764-e21d-47e3-872a-f9a234bde82e,https://musicbrainz.org/release/20715764-e21d-47e3-872a-f9a234bde82e,
album|gilla band|most normal,Gilla Band,Most Normal,2022,1,115,core_graph_album,resolved,musicbrainz_ws2,high,109,12,Gilla Band,Most Normal,2022-10-07,1630898850,19457ab0-f1a4-4f8f-ac1e-9abe514166fb,0b5a8748-1b36-450d-9af9-ac54801bc428,https://musicbrainz.org/release/0b5a8748-1b36-450d-9af9-ac54801bc428,
album|gillian welch|harrow and the harvest,Gillian Welch,The Harrow & The Harvest,2011,1,027,core_graph_album,resolved,musicbrainz_ws2,high,109,10,Gillian Welch,The Harrow & The Harvest,2011-06-28,442562856,bea454b7-cb3c-420b-bf08-46886440af1c,c5c8be35-4645-44b8-b994-7c5140081a2d,https://musicbrainz.org/release/c5c8be35-4645-44b8-b994-7c5140081a2d,
album|gillian welch|revival,Gillian Welch,Revival,1996,1,027,core_graph_album,resolved,musicbrainz_ws2,high,109,10,Gillian Welch,Revival,1996-04,79773890,1b59c403-965a-3f63-bca2-2590f3a0660f,769578b3-5603-407e-93d6-c689e2d43e5a,https://musicbrainz.org/release/769578b3-5603-407e-93d6-c689e2d43e5a,
album|gillian welch|time the revelator,Gillian Welch,Time (The Revelator),2001,1,027,core_graph_album,resolved,musicbrainz_ws2,high,109,10,Gillian Welch,Time (The Revelator),2001-07-31,79765126,4f9a9d35-b16d-3b7b-80d0-32b29683633f,917a723a-9449-4517-83be-1bc8a56ae64b,https://musicbrainz.org/release/917a723a-9449-4517-83be-1bc8a56ae64b,
album|gino vannelli|brother to brother,Gino Vannelli,Brother to Brother,1978,1,023,core_graph_album,resolved,musicbrainz_ws2,high,109,9,Gino Vannelli,Brother to Brother,1978-09-05,1443919162,a8ca3f80-327c-3bd4-b34b-00f7afae118a,8c4b5139-48f5-4e60-949c-59571326ae90,https://musicbrainz.org/release/8c4b5139-48f5-4e60-949c-59571326ae90,
album|gipsy kings|gipsy kings,Gipsy Kings,Gipsy Kings,1988,1,099,core_graph_album,resolved,musicbrainz_ws2,medium,109,12,Gipsy Kings,Gipsy Kings,1988-02,316136217,9a257854-7f30-386b-ad9c-e3deaee59a0c,f884d3a0-2be3-4ce0-b6af-065734a8c7d8,https://musicbrainz.org/release/f884d3a0-2be3-4ce0-b6af-065734a8c7d8,
album|glass animals|dreamland,Glass Animals,Dreamland,2020,1,117,core_graph_album,resolved,musicbrainz_ws2,high,109,16,Glass Animals,Dreamland,2020-08-07,1508562310,1ccd441a-a906-4773-8e72-e4055732a784,bd0fd9c6-5b86-46f8-8d68-1b6640cce223,https://musicbrainz.org/release/bd0fd9c6-5b86-46f8-8d68-1b6640cce223,
album|glen campbell|rhinestone cowboy,Glen Campbell,Rhinestone Cowboy,1975,1,033,core_graph_album,resolved,musicbrainz_ws2,high,109,15,Glen Campbell,Rhinestone Cowboy,1975-07,1442453148,882f2287-0b5b-3041-9afc-2cdaa9194760,43443067-5757-45c6-9685-b57101e3b90b,https://musicbrainz.org/release/43443067-5757-45c6-9685-b57101e3b90b,
album|glen campbell|wichita lineman,Glen Campbell,Wichita Lineman,1968,1,033,core_graph_album,resolved,musicbrainz_ws2,high,109,11,Glen Campbell,Wichita Lineman,1968-11,1443109329,23d3efe5-ab8f-3342-b33b-4f2837671970,bd151e7a-a9c5-4560-b8d3-bc393d6cda02,https://musicbrainz.org/release/bd151e7a-a9c5-4560-b8d3-bc393d6cda02,
album|gloria estefan|mi tierra,Gloria Estefan,Mi Tierra,1993,1,096,core_graph_album,resolved,musicbrainz_ws2,high,109,12,Gloria Estefan,Mi tierra,1993,196407720,cc6b8564-65b5-38dc-99dc-717763bde5ab,2b5b02de-9179-4d91-86b1-368abe21db6c,https://musicbrainz.org/release/2b5b02de-9179-4d91-86b1-368abe21db6c,
album|gloria gaynor|love tracks,Gloria Gaynor,Love Tracks,1978,1,040,core_graph_album,resolved,musicbrainz_ws2,high,109,8,Gloria Gaynor,Love Tracks,1978-11-27,1475006468,73c7828a-8549-3447-96cf-777be057829e,2716d091-9a43-46b8-ad05-78a786f0147c,https://musicbrainz.org/release/2716d091-9a43-46b8-ad05-78a786f0147c,
album|go go s|beauty and the beat,The Go-Go's,Beauty and the Beat,1981,1,057,core_graph_album,resolved,apple_itunes_search_api,high,109,11,The Go-Go's,Beauty and the Beat,1981-07-08,1440843867,,,https://music.apple.com/us/album/beauty-and-the-beat/1440843867?uo=4,
album|godflesh|streetcleaner,Godflesh,Streetcleaner,1989,1,065,core_graph_album,resolved,musicbrainz_ws2,high,109,14,Godflesh,Streetcleaner,1991-07-01,61616986,2c784b05-145c-43f2-aca2-7ce3f4e6daf5,7e97048b-db16-31ed-8bb1-653771da1a6a,https://musicbrainz.org/release/7e97048b-db16-31ed-8bb1-653771da1a6a,
album|godz|contact high with the godz,The Godz,Contact High with the Godz,1966,1,015,core_graph_album,resolved,musicbrainz_ws2,high,109,9,The Godz,Contact High With The Godz,1966,1235489548,7f9d7447-fd7e-3e6d-982e-65f192623476,15a68293-b927-4fde-ae73-815db05d5758,https://musicbrainz.org/release/15a68293-b927-4fde-ae73-815db05d5758,
album|gojira|from mars to sirius,Gojira,From Mars to Sirius,2005,1,068,core_graph_album,resolved,musicbrainz_ws2,high,109,12,Gojira,From Mars to Sirius,2006-08-22,213374112,c64e38e7-ea8d-3cda-ba62-1f4b9f899419,1335c567-581f-30d9-940a-7957c226e47e,https://musicbrainz.org/release/1335c567-581f-30d9-940a-7957c226e47e,
album|gojira|magma,Gojira,Magma,2016,1,068,core_graph_album,resolved,musicbrainz_ws2,high,109,10,Gojira,Magma,2016-06-17,1104432592,f8481d5e-73fe-491a-b187-7b88f4d0fce1,350ff489-d33a-4d8f-aa3d-937993e6228b,https://musicbrainz.org/release/350ff489-d33a-4d8f-aa3d-937993e6228b,
album|goo goo dolls|dizzy up the girl,Goo Goo Dolls,Dizzy Up the Girl,1998,1,071,core_graph_album,resolved,musicbrainz_ws2,high,109,13,The Goo Goo Dolls,Dizzy Up the Girl,1998-09-22,1109658139,097ff669-1ff3-39a7-b981-b8e50a905856,0f303cbe-3f9c-4a00-8bc1-da5169ba28f9,https://musicbrainz.org/release/0f303cbe-3f9c-4a00-8bc1-da5169ba28f9,
album|good charlotte|young and the hopeless,Good Charlotte,The Young and the Hopeless,2002,1,076,core_graph_album,resolved,musicbrainz_ws2,high,109,14,Good Charlotte,The Young and the Hopeless,2002-10-01,288051938,9662dfdf-ddd2-342c-aaff-2665b6e4d93f,4a03ff9c-68d9-44fa-beb7-e52940c86334,https://musicbrainz.org/release/4a03ff9c-68d9-44fa-beb7-e52940c86334,
album|goodie mob|soul food,Goodie Mob,Soul Food,1995,1,049,core_graph_album,resolved,musicbrainz_ws2,high,109,19,Goodie Mob,Soul Food,1995,298575031,24cfe4c3-06c4-3148-9e32-b88dd2aebdb3,027d4337-0ff3-474a-9ea9-2eaacd222a76,https://musicbrainz.org/release/027d4337-0ff3-474a-9ea9-2eaacd222a76,
album|goodie mob|still standing,Goodie Mob,Still Standing,1998,1,049,core_graph_album,resolved,musicbrainz_ws2,high,109,15,Goodie Mob,Still Standing,1998,298577664,a3e7bfa0-377d-4551-b9b7-58eb935b1497,6337245d-47f7-4c77-a0cd-f5ce75253c85,https://musicbrainz.org/release/6337245d-47f7-4c77-a0cd-f5ce75253c85,
album|gorillaz|cracker island,Gorillaz,Cracker Island,2023,1,117,boundary_candidate,resolved,musicbrainz_ws2,high,109,11,Gorillaz,Cracker Island,2023-02-24,1641561652,160bc106-a0d1-456e-b704-6f91b05dfa04,8e6d8b2c-4ac7-4191-808f-320ab459825c,https://musicbrainz.org/release/8e6d8b2c-4ac7-4191-808f-320ab459825c,
album|gram parsons|grievous angel,Gram Parsons,Grievous Angel,1974,2,027;032,core_graph_album,resolved,musicbrainz_ws2,high,109,9,Gram Parsons,Grievous Angel,1974-01,304907551,eeb6a226-8323-327e-9116-1dc51e2fcb23,2fdf1fb4-607f-3276-b6b1-7d7d169ad5bc,https://musicbrainz.org/release/2fdf1fb4-607f-3276-b6b1-7d7d169ad5bc,
album|grandmaster flash and the furious five|message,Grandmaster Flash and the Furious Five,The Message,1982,1,045,core_graph_album,resolved,musicbrainz_ws2,high,109,8,Grandmaster Flash & The Furious Five,The Message,1982,59389719,2348a270-ad78-30e1-b50f-82b2445c15f0,e07ecf34-7391-48e0-ab50-f9cbd94196c9,https://musicbrainz.org/release/e07ecf34-7391-48e0-ab50-f9cbd94196c9,
album|grateful dead|live dead,Grateful Dead,Live/Dead,1969,1,014,core_graph_album,resolved,musicbrainz_ws2,high,109,7,The Grateful Dead,Live/Dead,1969-11-10,20885553,4c442102-c2d2-33ca-8c11-80db9e569420,6a69fa69-2825-4005-8623-c7d86c9c47e8,https://musicbrainz.org/release/6a69fa69-2825-4005-8623-c7d86c9c47e8,
album|green day|american idiot,Green Day,American Idiot,2004,1,076,core_graph_album,resolved,musicbrainz_ws2,high,109,13,Green Day,American Idiot,2004-09-21,1161539183,de9bf827-a9b0-348b-a7c9-556c03c3fb07,1790c881-b35b-4c3e-a489-e011e5143476,https://musicbrainz.org/release/1790c881-b35b-4c3e-a489-e011e5143476,
album|green day|dookie,Green Day,Dookie,1994,1,076,core_graph_album,resolved,musicbrainz_ws2,high,109,15,Green Day,Dookie,1994-02-01,1160081985,314cffd4-daa5-3337-85e5-e54165a96113,17ca17ed-f061-4d5b-97e2-848d85e47d95,https://musicbrainz.org/release/17ca17ed-f061-4d5b-97e2-848d85e47d95,
album|green day|insomniac,Green Day,Insomniac,1995,1,076,core_graph_album,resolved,musicbrainz_ws2,high,109,14,Green Day,Insomniac,1995-10-10,1160079960,061f572e-7660-3c6b-b4cd-cf66d46da93c,027cf6e6-eb61-3885-a906-67b889f6389a,https://musicbrainz.org/release/027cf6e6-eb61-3885-a906-67b889f6389a,
album|green river|rehab doll,Green River,Rehab Doll,1988,1,070,core_graph_album,resolved,musicbrainz_ws2,high,109,16,Green River,Rehab Doll,1988-05-01,283554815,784c7149-d386-4e1f-9713-605cf5966252,57f57400-da68-44e3-ae4a-f2d555aa1927,https://musicbrainz.org/release/57f57400-da68-44e3-ae4a-f2d555aa1927,
album|greenhornes|gun for you,The Greenhornes,Gun for You,1999,1,079,core_graph_album,resolved,musicbrainz_ws2,high,109,12,The Greenhornes,Gun for You,1999,371727050,f26ba4c3-c090-30ed-87dd-86153889e340,5be61078-281c-4734-beed-062c0fd68488,https://musicbrainz.org/release/5be61078-281c-4734-beed-062c0fd68488,
album|gregory alan isakov|this empty northern hemisphere,Gregory Alan Isakov,This Empty Northern Hemisphere,2009,1,030,core_graph_album,resolved,musicbrainz_ws2,high,109,13,Gregory Alan Isakov,This Empty Northern Hemisphere,2009,316335828,8e1fbc06-1a15-4645-a41e-f80d3b08dd23,a9f1fa02-8290-449a-95ee-e88c53a3e60b,https://musicbrainz.org/release/a9f1fa02-8290-449a-95ee-e88c53a3e60b,
album|grimes|art angels,Grimes,Art Angels,2015,1,119,core_graph_album,resolved,musicbrainz_ws2,high,109,14,Grimes,Art Angels,2015-11-06,1051022913,cac0be2c-509f-40a9-b1ac-a70aa2243a54,b92a7502-caf8-4370-83b5-8765e03db95e,https://musicbrainz.org/release/b92a7502-caf8-4370-83b5-8765e03db95e,
album|grimes|visions,Grimes,Visions,2012,1,086,core_graph_album,resolved,musicbrainz_ws2,high,109,14,Grimes,Visions,2012-02-21,499874506,3f3a6d95-326e-4384-80b0-0744f20f24ff,2af69fe2-7d76-4bdb-b874-40d2e9d1f16f,https://musicbrainz.org/release/2af69fe2-7d76-4bdb-b874-40d2e9d1f16f,
album|grizzly bear|veckatimest,Grizzly Bear,Veckatimest,2009,1,078,core_graph_album,resolved,musicbrainz_ws2,high,109,12,Grizzly Bear,Veckatimest,2009-05-24,314837656,94d5731b-1240-38f2-b232-2ad9ffa5442d,a1a303ce-8961-4a90-81f9-c114f614bfea,https://musicbrainz.org/release/a1a303ce-8961-4a90-81f9-c114f614bfea,
album|grizzly bear|yellow house,Grizzly Bear,Yellow House,2006,1,078,core_graph_album,resolved,musicbrainz_ws2,high,109,10,Grizzly Bear,Yellow House,2006-09-04,167622312,27943691-0d9e-3cf5-90dc-5fb7ed1ee2b9,da6d95b3-17bb-4dcf-b5a0-cb688dfa7f04,https://musicbrainz.org/release/da6d95b3-17bb-4dcf-b5a0-cb688dfa7f04,
album|grover washington jr|winelight,Grover Washington Jr.,Winelight,1980,1,102,core_graph_album,resolved,musicbrainz_ws2,high,109,6,"Grover Washington, Jr.",Winelight,1980,321974938,ad775d76-0297-30d2-8ada-5b5bfdc53b62,e91dd838-6153-45e6-910a-35d65c8e0e78,https://musicbrainz.org/release/e91dd838-6153-45e6-910a-35d65c8e0e78,
album|grupo frontera|el comienzo,Grupo Frontera,El Comienzo,2023,1,095,core_graph_album,resolved,musicbrainz_ws2,high,109,12,Grupo Frontera,El comienzo,2023-08-25,1840983079,74c53322-ee67-4fb9-b49d-c2238a2bffe7,027c51b8-8ec4-4fef-aa12-65d82ff383ff,https://musicbrainz.org/release/027c51b8-8ec4-4fef-aa12-65d82ff383ff,
album|gucci mane|trap house,Gucci Mane,Trap House,2005,1,049,core_graph_album,resolved,musicbrainz_ws2,high,109,18,Gucci Mane,Trap House,2005-05-24,577629542,d566cfdc-c6dc-3755-b693-55af67d81f9a,a88d6cef-a8c7-4508-b9de-7eb55651cfb4,https://musicbrainz.org/release/a88d6cef-a8c7-4508-b9de-7eb55651cfb4,
album|guided by voices|alien lanes,Guided by Voices,Alien Lanes,1995,1,072,core_graph_album,resolved,musicbrainz_ws2,high,109,28,Guided by Voices,Alien Lanes,1995-04-04,1589230315,5cb308cd-3d5c-3682-b568-2fc374dc2ed7,8db7e7f3-b1ca-4224-ae5e-46b48eacf243,https://musicbrainz.org/release/8db7e7f3-b1ca-4224-ae5e-46b48eacf243,
album|guided by voices|bee thousand,Guided by Voices,Bee Thousand,1994,1,072,core_graph_album,resolved,musicbrainz_ws2,high,109,20,Guided by Voices,Bee Thousand,1994-06-21,280175064,b30f876f-1fe6-34ef-b334-9c68af820daa,80727694-3ec0-3bb7-9c08-afa06dae8f3d,https://musicbrainz.org/release/80727694-3ec0-3bb7-9c08-afa06dae8f3d,
album|guns n roses|appetite for destruction,Guns N' Roses,Appetite for Destruction,1987,1,063,boundary_candidate,resolved,musicbrainz_ws2,high,109,12,Guns N’ Roses,Appetite for Destruction,1987-07-21,1377813284,a0b94d0a-210b-4b15-bd1d-93be2196c14a,08a9e989-0f6c-4181-a8eb-bcd650eb4106,https://musicbrainz.org/release/08a9e989-0f6c-4181-a8eb-bcd650eb4106,
album|guy clark|old no 1,Guy Clark,Old No. 1,1975,2,027;032,core_graph_album,resolved,musicbrainz_ws2,high,109,10,Guy Clark,Old No. 1,1975-11,284045110,5ad7515b-b030-3a76-912e-4ef7db221902,e9c614f4-1f24-4f64-878d-bd6cf74a89f0,https://musicbrainz.org/release/e9c614f4-1f24-4f64-878d-bd6cf74a89f0,
album|guy clark|texas cookin,Guy Clark,Texas Cookin',1976,1,027,core_graph_album,resolved,musicbrainz_ws2,high,109,10,Guy Clark,Texas Cookin',1976-09,284045330,80ea1b65-7182-36d3-9f2c-9a8f269097d8,3943b94a-db57-3437-90b0-2f329af29daa,https://musicbrainz.org/release/3943b94a-db57-3437-90b0-2f329af29daa,
album|gwen stefani|love angel music baby,Gwen Stefani,Love. Angel. Music. Baby.,2004,1,090,core_graph_album,resolved,musicbrainz_ws2,high,109,20,Gwen Stefani,Love. Angel. Music. Baby.,2004,1452869898,3873f5a4-e3e2-3e88-ae7e-c2ea5de1a5ba,48ddbeeb-4d78-4b57-a1f8-d0c88050fb2c,https://musicbrainz.org/release/48ddbeeb-4d78-4b57-a1f8-d0c88050fb2c,
album|gza|liquid swords,GZA,Liquid Swords,1995,1,048,core_graph_album,resolved,musicbrainz_ws2,high,101,13,Genius/GZA,Liquid Swords,1995-11-07,1440835438,6075a004-e983-3a00-8a13-50af32f0e200,62fff24a-b6e6-4c85-9c8a-98fc2169b6d9,https://musicbrainz.org/release/62fff24a-b6e6-4c85-9c8a-98fc2169b6d9,
album|hall and oates|private eyes,Hall & Oates,Private Eyes,1981,1,088,core_graph_album,resolved,musicbrainz_ws2,high,104,13,Hall & Oates,Private Eyes,1981,217749693,145ad902-881d-39ba-88a8-d8bb8621c12e,2132863f-1c97-4102-b49d-0191be367c5a,https://musicbrainz.org/release/2132863f-1c97-4102-b49d-0191be367c5a,
album|halsey|badlands,Halsey,Badlands,2015,1,091,core_graph_album,resolved,musicbrainz_ws2,high,109,11,Halsey,BADLANDS,2015-08-28,1440872587,ac12d35d-8f26-4e4a-83b4-f089d5a07b13,38da9f30-d991-4d5e-9055-ca59e75ea74d,https://musicbrainz.org/release/38da9f30-d991-4d5e-9055-ca59e75ea74d,
album|halsey|manic,Halsey,Manic,2020,1,091,core_graph_album,resolved,musicbrainz_ws2,high,109,16,Halsey,Manic,2020-01-17,1479627997,50e1fb42-ac14-4487-a58d-ed5c847f701d,a321b5b9-5b9e-4d53-8035-cbb676213859,https://musicbrainz.org/release/a321b5b9-5b9e-4d53-8035-cbb676213859,
album|hank williams|40 greatest hits,Hank Williams,40 Greatest Hits,1978,1,031,core_graph_album,resolved,musicbrainz_ws2,high,109,40,Hank Williams,40 Greatest Hits,,1434905254,4a48eaed-2b09-3147-b310-187bfc692849,86a421c7-058f-4cd5-aa5e-ce62e78a1458,https://musicbrainz.org/release/86a421c7-058f-4cd5-aa5e-ce62e78a1458,
album|hannah diamond|reflections,Hannah Diamond,Reflections,2019,1,119,core_graph_album,resolved,musicbrainz_ws2,high,109,10,Hannah Diamond,Reflections,2019-11-22,1543477278,6309c5f9-8700-44b8-b61f-20b888371047,43bb4de9-eeb4-4b9b-8bb8-04c11fdbc4c5,https://musicbrainz.org/release/43bb4de9-eeb4-4b9b-8bb8-04c11fdbc4c5,
album|hanoi rocks|two steps from the move,Hanoi Rocks,Two Steps from the Move,1984,1,020,boundary_candidate,resolved,musicbrainz_ws2,high,109,10,Hanoi Rocks,Two Steps From the Move,1984-08,,836a4928-f20e-3a5d-8cbd-f0d8d4f375aa,8be040dc-7896-4d75-a729-0834352ca50a,https://musicbrainz.org/release/8be040dc-7896-4d75-a729-0834352ca50a,
album|hans zimmer and james newton howard|dark knight,Hans Zimmer and James Newton Howard,The Dark Knight,2008,1,107,context_candidate,resolved,musicbrainz_ws2,high,109,28,Hans Zimmer & James Newton Howard,The Dark Knight,2008-07-15,302505039,61618612-a433-30c3-81d0-4d7df75d7cee,2360f311-e171-40f4-84e1-03d20c0fde34,https://musicbrainz.org/release/2360f311-e171-40f4-84e1-03d20c0fde34,
album|hans zimmer and lisa gerrard|gladiator,Hans Zimmer and Lisa Gerrard,Gladiator,2000,1,107,core_graph_album,resolved,musicbrainz_ws2,high,97,17,Hans Zimmer & Lisa Gerrard,Gladiator (Soundtrack from the Motion Picture),2000-04-25,1440563157,e4a3c015-3cac-31cb-8602-88d11edf5ddf,788e33f7-a53e-43a4-8ddf-a157be031fde,https://musicbrainz.org/release/788e33f7-a53e-43a4-8ddf-a157be031fde,
album|hans zimmer|interstellar,Hans Zimmer,Interstellar,2014,1,107,core_graph_album,resolved,musicbrainz_ws2,high,92,30,Hans Zimmer,Interstellar,2014-11-18,1533983552,4513c7b9-854e-457f-81d6-3dbeb001beb8,20074beb-380c-4da5-8dcd-e1eb063f78ce,https://musicbrainz.org/release/20074beb-380c-4da5-8dcd-e1eb063f78ce,
album|harptones|life is but a dream,The Harptones,Life Is But a Dream,1990,1,003,core_graph_album,resolved,musicbrainz_ws2,low,81,10,The Harptones,Life is But a Dream: The Ultimate Harptones (1953-1961),2012,1491664837,f21fe099-ade6-4048-8d23-04370b0a0916,885e3d53-5f8f-4f84-962e-f6a80b99ba53,https://musicbrainz.org/release/885e3d53-5f8f-4f84-962e-f6a80b99ba53,selected_release_year_far_from_seed_year
album|harry nilsson|nilsson schmilsson,Harry Nilsson,Nilsson Schmilsson,1971,2,022;025,core_graph_album,resolved,apple_itunes_search_api,high,109,10,Harry Nilsson,Nilsson Schmilsson,1971-11-01,304815001,,,https://music.apple.com/us/album/nilsson-schmilsson/304815001?uo=4,
album|harry styles|fine line,Harry Styles,Fine Line,2019,1,091,core_graph_album,resolved,musicbrainz_ws2,high,109,12,Harry Styles,Fine Line,2022-02-02,1485802965,b9990da8-7953-4e64-aea5-065ca9cd3cb7,4325c1d4-cef1-4650-9d09-57af47b23cf4,https://musicbrainz.org/release/4325c1d4-cef1-4650-9d09-57af47b23cf4,
album|hawthorne heights|silence in black and white,Hawthorne Heights,The Silence in Black and White,2004,1,077,core_graph_album,resolved,musicbrainz_ws2,high,109,11,Hawthorne Heights,The Silence in Black and White,2004-06-08,1293039797,68c6ea99-bbbc-31d4-95ca-3aa6e51f288e,f6f6fab1-c932-4ead-9bf8-943b96fc6786,https://musicbrainz.org/release/f6f6fab1-c932-4ead-9bf8-943b96fc6786,
album|hayes carll|trouble in mind,Hayes Carll,Trouble in Mind,2008,1,036,core_graph_album,resolved,musicbrainz_ws2,high,109,14,Hayes Carll,Trouble in Mind,2008-04-08,1440720129,5f0cf39b-a84b-3478-bbaf-ad4a287a9048,d33db14d-9fa4-4b9c-8a93-32639c9c4d35,https://musicbrainz.org/release/d33db14d-9fa4-4b9c-8a93-32639c9c4d35,
album|head and the heart|head and the heart,The Head and the Heart,The Head and the Heart,2011,1,030,core_graph_album,resolved,musicbrainz_ws2,high,106,10,The Head and the Heart,The Head and the Heart,2011-01-11,1771697400,d51ffb84-a158-4a1f-ab76-99fc6f372344,71e4699f-314d-4ec7-a563-0896f18735d3,https://musicbrainz.org/release/71e4699f-314d-4ec7-a563-0896f18735d3,
album|heatwave|too hot to handle,Heatwave,Too Hot to Handle,1976,1,040,core_graph_album,resolved,musicbrainz_ws2,high,109,9,Heatwave,Too Hot to Handle,1977-05-30,192659318,f9c5dd33-ceba-395e-b203-31c03f3df66d,aeec3ff0-cff4-4a40-9e3d-3c8ca671d5f4,https://musicbrainz.org/release/aeec3ff0-cff4-4a40-9e3d-3c8ca671d5f4,
album|hector lavoe|la voz,Hector Lavoe,La Voz,1975,1,096,core_graph_album,resolved,musicbrainz_ws2,high,109,8,Héctor Lavoe,La voz,1975,1691096142,35dee68f-a1ad-3090-b055-6a6033178782,7564486d-aaf2-4446-a300-aee0f212ff5e,https://musicbrainz.org/release/7564486d-aaf2-4446-a300-aee0f212ff5e,
album|herb alpert|rise,Herb Alpert,Rise,1979,1,102,core_graph_album,resolved,musicbrainz_ws2,high,109,8,Herb Alpert,Rise,1979-09-17,1529660252,97a4612d-1eb9-3796-81f0-618d49b32e37,737b9fc1-59fd-43de-a32e-4b76b0fcf29e,https://musicbrainz.org/release/737b9fc1-59fd-43de-a32e-4b76b0fcf29e,
album|herbie hancock|head hunters,Herbie Hancock,Head Hunters,1973,1,101,core_graph_album,resolved,musicbrainz_ws2,high,109,4,Herbie Hancock,Head Hunters,1973-10-13,158571524,322f18bb-5491-38e9-9044-c0a468651eec,267a7c89-3624-4b7a-b7a2-aefc2bdc5e89,https://musicbrainz.org/release/267a7c89-3624-4b7a-b7a2-aefc2bdc5e89,
album|high on fire|blessed black wings,High on Fire,Blessed Black Wings,2005,1,064,core_graph_album,resolved,musicbrainz_ws2,high,109,9,High on Fire,Blessed Black Wings,2005-02-01,67965407,1ec5c67e-b185-35c3-9848-61065d281346,0941ae0e-d658-4c49-8449-5d297835cbd7,https://musicbrainz.org/release/0941ae0e-d658-4c49-8449-5d297835cbd7,
album|highly suspect|mister asylum,Highly Suspect,Mister Asylum,2015,1,118,core_graph_album,resolved,musicbrainz_ws2,high,109,10,Highly Suspect,Mister Asylum,2015-07-14,975018114,7f92331d-7447-4867-8766-a91ebcade956,1e551a31-4b41-43ed-8720-b5bff7482f93,https://musicbrainz.org/release/1e551a31-4b41-43ed-8720-b5bff7482f93,
album|hikaru utada|first love,Hikaru Utada,First Love,1999,1,098,core_graph_album,resolved,musicbrainz_ws2,high,114,11,Hikaru Utada,First Love,1999-03-10,1440763349,c60fcd45-9420-30aa-98e5-2bffb894021a,33008545-6eb8-41e4-96e5-43c0114ae0b3,https://musicbrainz.org/release/33008545-6eb8-41e4-96e5-43c0114ae0b3,resolved_by_aggressive_release_search
album|hillsong united|zion,Hillsong United,Zion,2013,1,110,core_graph_album,resolved,musicbrainz_ws2,high,109,13,Hillsong UNITED,Zion,2013-02-26,1827110207,45e635e1-11a2-4461-b5ad-e9f9e94e7c9d,ba4912d1-89f5-44bb-96c7-541814c79641,https://musicbrainz.org/release/ba4912d1-89f5-44bb-96c7-541814c79641,
album|hillsong worship|shout to the lord,Hillsong Worship,Shout to the Lord,1996,1,110,context_candidate,resolved,musicbrainz_ws2,medium,89,12,Hillsong Worship,Shout to the Lord (Trax),,1803646271,cd425bb8-3b89-45c3-a764-1e4a5cca8c38,a70dae0d-f557-431a-b2ca-3955da2f3f5c,https://musicbrainz.org/release/a70dae0d-f557-431a-b2ca-3955da2f3f5c,
album|hinder|extreme behavior,Hinder,Extreme Behavior,2005,1,071,core_graph_album,resolved,musicbrainz_ws2,high,109,11,Hinder,Extreme Behavior,2005-09-27,1440762422,26fd44de-ea00-3292-b17b-dfbc177d7d02,2edf2237-7797-40df-ae87-473fb1c8eaa1,https://musicbrainz.org/release/2edf2237-7797-40df-ae87-473fb1c8eaa1,
album|hives|tyrannosaurus hives,The Hives,Tyrannosaurus Hives,2004,1,079,core_graph_album,resolved,musicbrainz_ws2,high,109,12,The Hives,Tyrannosaurus Hives,2004-07-20,1442588576,aab16dd4-0c5c-3256-940c-0e157a3ab962,598be745-065c-4f6a-85dc-d474959623e7,https://musicbrainz.org/release/598be745-065c-4f6a-85dc-d474959623e7,
album|hives|veni vidi vicious,The Hives,Veni Vidi Vicious,2000,1,079,core_graph_album,resolved,musicbrainz_ws2,high,109,12,The Hives,Veni Vidi Vicious,2000,279691845,61a34a5e-37ea-3f7b-a462-e645b96108df,21fbafd4-2113-4e41-a1b6-f5535de21445,https://musicbrainz.org/release/21fbafd4-2113-4e41-a1b6-f5535de21445,
album|hole|live through this,Hole,Live Through This,1994,1,074,core_graph_album,resolved,musicbrainz_ws2,high,109,12,Hole,Live Through This,1994-04-12,1445732603,fe676d05-f97c-303a-890b-da53c69e5d42,6d2787f1-f584-4a76-8a97-7926e96fd73e,https://musicbrainz.org/release/6d2787f1-f584-4a76-8a97-7926e96fd73e,
album|hollies|butterfly,The Hollies,Butterfly,1967,1,009,core_graph_album,resolved,musicbrainz_ws2,high,109,24,The Hollies,Butterfly,,1750080262,6cf39074-82a8-3315-83e4-0db38fbbe609,a753418f-ae5e-40d3-addb-27649ceac004,https://musicbrainz.org/release/a753418f-ae5e-40d3-addb-27649ceac004,
album|hollies|evolution,The Hollies,Evolution,1967,1,009,core_graph_album,resolved,musicbrainz_ws2,high,109,24,The Hollies,Evolution,1967-06,1750074861,a2544e4b-e6bf-3ca9-9629-e38c714d14bc,0fe79162-c890-4a69-9308-489d57e8f7d9,https://musicbrainz.org/release/0fe79162-c890-4a69-9308-489d57e8f7d9,
album|hollies|for certain because,The Hollies,For Certain Because,1966,1,009,core_graph_album,resolved,musicbrainz_ws2,high,109,24,The Hollies,For Certain Because...,,696623142,2a702efe-6360-341d-9608-e3788c758602,082b53d1-9cea-481c-8ba7-61b1b4b8c46d,https://musicbrainz.org/release/082b53d1-9cea-481c-8ba7-61b1b4b8c46d,
album|home|odyssey,HOME,Odyssey,2014,1,086,boundary_candidate,resolved,musicbrainz_ws2,high,109,12,HOME,Odyssey,2014-07-01,1790486926,849dd439-0737-40ea-b151-ed06a0a0adcd,217e89e9-02b4-4f5a-b553-ef5ff30eb48d,https://musicbrainz.org/release/217e89e9-02b4-4f5a-b553-ef5ff30eb48d,
album|hoobastank|reason,Hoobastank,The Reason,2003,1,071,core_graph_album,resolved,musicbrainz_ws2,high,109,17,Hoobastank,The Reason,2003-12-09,1722839954,a15cf3f5-5ca1-39dc-9d1d-7c3aefc530bd,e4359cf3-9c3b-48cf-a5b0-bfaad94b5699,https://musicbrainz.org/release/e4359cf3-9c3b-48cf-a5b0-bfaad94b5699,
album|horace silver|song for my father,Horace Silver,Song for My Father,1965,1,101,core_graph_album,resolved,musicbrainz_ws2,high,98,6,The Horace Silver Quintet,Song for My Father,1965,1471085186,5fd8134c-ff96-3f48-a0a7-952a1e00e78e,127d130d-a465-4e46-b30a-44f8693f25b4,https://musicbrainz.org/release/127d130d-a465-4e46-b30a-44f8693f25b4,
album|horsegirl|versions of modern performance,Horsegirl,Versions of Modern Performance,2022,1,115,core_graph_album,resolved,musicbrainz_ws2,high,109,12,Horsegirl,Versions of Modern Performance,2022-06-03,1610089396,b8c0ad69-d7be-4069-86f4-aa53493cc25e,0182b05e-0378-4073-b95e-af09172a2070,https://musicbrainz.org/release/0182b05e-0378-4073-b95e-af09172a2070,
album|hot chip|warning,Hot Chip,The Warning,2006,1,085,core_graph_album,resolved,musicbrainz_ws2,high,109,12,Hot Chip,The Warning,2006-06-13,1250994586,4c616513-9b14-3dfd-b023-a7e77e69a029,6ff468ec-c06d-3e90-b0eb-529af92784b7,https://musicbrainz.org/release/6ff468ec-c06d-3e90-b0eb-529af92784b7,
album|howard shore|lord of the rings the fellowship of the ring,Howard Shore,The Lord of the Rings: The Fellowship of the Ring,2001,1,107,context_candidate,resolved,musicbrainz_ws2,high,97,18,Howard Shore,The Lord of the Rings: The Fellowship of the Ring,2001-11-20,323714092,355b15b8-6074-3e18-8e26-8bd6894a5899,71dd1dfc-7101-4017-a38d-5c9d0d993bb0,https://musicbrainz.org/release/71dd1dfc-7101-4017-a38d-5c9d0d993bb0,
album|human league|dare,The Human League,Dare,1981,1,058,core_graph_album,resolved,musicbrainz_ws2,high,109,10,The Human League,Dare,1981,724437555,e8e7999e-0b87-3298-947d-2ad22717fc27,a5371eb2-b138-4edd-b456-121eba0312a9,https://musicbrainz.org/release/a5371eb2-b138-4edd-b456-121eba0312a9,
album|husker du|flip your wig,Husker Du,Flip Your Wig,1985,1,059,core_graph_album,resolved,musicbrainz_ws2,high,109,14,Hüsker Dü,Flip Your Wig,1985,515394844,cabcecff-0758-37aa-ba05-5361e43fe17c,aba22744-3a14-4862-aba5-8599ad5ee0e1,https://musicbrainz.org/release/aba22744-3a14-4862-aba5-8599ad5ee0e1,
album|husker du|metal circus,Husker Du,Metal Circus,1983,1,055,core_graph_album,resolved,musicbrainz_ws2,high,104,7,Hüsker Dü,Metal Circus,1983-10,515536188,b0d7336b-1edc-3df6-a176-96b0a9a93e52,61059cb0-7e9d-4c66-9c2b-927d8436c5f5,https://musicbrainz.org/release/61059cb0-7e9d-4c66-9c2b-927d8436c5f5,
album|husker du|new day rising,Husker Du,New Day Rising,1985,1,069,core_graph_album,resolved,musicbrainz_ws2,high,109,15,Hüsker Dü,New Day Rising,1985-01,515394889,5ae570d2-65c1-3da5-9a1b-dbb98ca7c3d2,1958aac5-4daa-31fb-9197-ebeed6769233,https://musicbrainz.org/release/1958aac5-4daa-31fb-9197-ebeed6769233,
album|husker du|zen arcade,Husker Du,Zen Arcade,1984,1,055,core_graph_album,resolved,musicbrainz_ws2,high,109,23,Hüsker Dü,Zen Arcade,1984-07,515427828,ce6f4b2d-a51a-35ac-992f-3657e7c531d5,e4da20c7-5507-4c21-a5ec-38ef8e7fedd9,https://musicbrainz.org/release/e4da20c7-5507-4c21-a5ec-38ef8e7fedd9,
album|i prevail|trauma,I Prevail,Trauma,2019,2,067;118,boundary_candidate;core_graph_album,resolved,musicbrainz_ws2,high,109,13,I Prevail,TRAUMA,2019-03-19,1452693515,e5f9effd-4c4a-4d88-9a6d-6cf18a5ce775,6524764f-4460-40c6-8786-3b4986fb9669,https://musicbrainz.org/release/6524764f-4460-40c6-8786-3b4986fb9669,
album|ice cube|amerikkka s most wanted,Ice Cube,AmeriKKKa's Most Wanted,1990,1,047,core_graph_album,resolved,musicbrainz_ws2,high,109,16,Ice Cube,AmeriKKKa’s Most Wanted,1990-05-16,1422704616,f7e8792d-4aaf-389c-b0e5-a4bbae2bacdf,9ab4e2f5-1f74-4007-b8af-090ffea412a8,https://musicbrainz.org/release/9ab4e2f5-1f74-4007-b8af-090ffea412a8,
album|ice cube|death certificate,Ice Cube,Death Certificate,1991,1,047,boundary_candidate,resolved,musicbrainz_ws2,high,109,20,Ice Cube,Death Certificate,1991-10-29,1590072758,5e111110-e4af-3487-b498-c7fa44ddf32c,291a821a-f1f3-4205-9abe-4a037c2b76ad,https://musicbrainz.org/release/291a821a-f1f3-4205-9abe-4a037c2b76ad,
album|ice cube|predator,Ice Cube,The Predator,1992,1,047,core_graph_album,resolved,musicbrainz_ws2,high,109,16,Ice Cube,The Predator,1992-11-17,1440858596,2e904c43-e060-3a4c-aa6d-7e4cd8f7cde8,c9950c2d-0f35-48cc-8a59-afa7933d0ddf,https://musicbrainz.org/release/c9950c2d-0f35-48cc-8a59-afa7933d0ddf,
album|ice nine kills|silver scream,Ice Nine Kills,The Silver Scream,2018,1,067,core_graph_album,resolved,musicbrainz_ws2,high,109,13,Ice Nine Kills,The Silver Scream,2018-10-05,1435519854,7c198eeb-2521-4516-99e2-7cfb9c776903,20322f7e-53e6-4581-8431-1cffe5607a9f,https://musicbrainz.org/release/20322f7e-53e6-4581-8431-1cffe5607a9f,
album|ice t|o g original gangster,Ice-T,O.G. Original Gangster,1991,1,047,core_graph_album,resolved,musicbrainz_ws2,high,109,24,Ice‐T,O.G. Original Gangster,1991-05-14,345100584,5efcd612-f7d0-3eaa-bd04-b712b80f25af,00ea9b72-029b-4d99-9ed6-3856f49c9dcb,https://musicbrainz.org/release/00ea9b72-029b-4d99-9ed6-3856f49c9dcb,
album|idealism|rainy evening,idealism,rainy evening,2016,1,120,core_graph_album,resolved,musicbrainz_ws2,high,104,5,idealism,rainy evening,2016-08-18,1892684529,a0fcf9e2-1398-4617-865b-7a7d53953f6d,3777c78f-f7f7-4e68-b821-8e89c061ebe1,https://musicbrainz.org/release/3777c78f-f7f7-4e68-b821-8e89c061ebe1,
album|idle race|birthday party,The Idle Race,The Birthday Party,1968,1,013,core_graph_album,resolved,musicbrainz_ws2,high,109,12,The Idle Race,The Birthday Party,1968,,2016904d-88e7-3264-a278-2fa554140036,4889373c-5ea7-4316-a5fe-813c19a753c2,https://musicbrainz.org/release/4889373c-5ea7-4316-a5fe-813c19a753c2,
album|idles|joy as an act of resistance,IDLES,Joy as an Act of Resistance.,2018,1,115,core_graph_album,resolved,musicbrainz_ws2,high,109,12,IDLES,Joy as an Act of Resistance.,2018-08-31,1393364154,45003bef-d379-441d-b246-358f0b78985c,4ced3135-4017-4516-88e2-309316c8edc3,https://musicbrainz.org/release/4ced3135-4017-4516-88e2-309316c8edc3,
album|ike and tina turner|soul of ike and tina turner,Ike & Tina Turner,The Soul of Ike & Tina Turner,1961,1,006,core_graph_album,resolved,musicbrainz_ws2,high,109,12,Ike & Tina Turner,The Soul of Ike & Tina Turner,1961-02,1433974045,cfa53dbf-285b-30dd-b976-3aa411c37b0f,9b742e2b-8b16-4f0f-911b-b98bf9cf66be,https://musicbrainz.org/release/9b742e2b-8b16-4f0f-911b-b98bf9cf66be,
album|il divo|ancora,Il Divo,Ancora,2005,1,103,core_graph_album,resolved,musicbrainz_ws2,high,109,10,Il Divo,Ancora,2005,159707441,0d63da5b-882c-3f18-8039-8dfcc0d27ebb,0d0c2ca9-e3df-414f-8737-8215b987d9ca,https://musicbrainz.org/release/0d0c2ca9-e3df-414f-8737-8215b987d9ca,
album|india arie|acoustic soul,India.Arie,Acoustic Soul,2001,1,043,core_graph_album,resolved,musicbrainz_ws2,high,109,16,India.Arie,Acoustic Soul,2001-03-27,1440785961,347d9975-d7ab-3058-8c60-713e64340418,778cf2aa-9005-42f9-9996-d70712b2c254,https://musicbrainz.org/release/778cf2aa-9005-42f9-9996-d70712b2c254,
album|indigo girls|rites of passage,Indigo Girls,Rites of Passage,1992,1,029,core_graph_album,resolved,musicbrainz_ws2,high,109,15,Indigo Girls,Rites of Passage,1992-05-12,262057602,7e668077-cfb0-3b7a-a48c-af8812d8e56e,d5bfb4ba-39db-4c54-834a-cbd5bb67ac7f,https://musicbrainz.org/release/d5bfb4ba-39db-4c54-834a-cbd5bb67ac7f,
album|indigo girls|swamp ophelia,Indigo Girls,Swamp Ophelia,1994,1,029,core_graph_album,resolved,musicbrainz_ws2,high,109,11,Indigo Girls,Swamp Ophelia,1994-05-10,192798180,c914fefc-e1a8-3616-a6c1-a0235196a385,f3ee6af5-7161-45b7-97a9-b5e857cf5147,https://musicbrainz.org/release/f3ee6af5-7161-45b7-97a9-b5e857cf5147,
album|inner city|paradise,Inner City,Paradise,1989,1,082,core_graph_album,resolved,musicbrainz_ws2,high,109,10,Inner City,Paradise,1989,724913797,87741bda-7102-3e89-9954-240ff6942c43,671c1c53-8247-4e4d-92af-100a11f1f505,https://musicbrainz.org/release/671c1c53-8247-4e4d-92af-100a11f1f505,
album|interpol|antics,Interpol,Antics,2004,1,080,core_graph_album,resolved,musicbrainz_ws2,high,109,10,Interpol,Antics,2004-09-28,1589250507,bc7740e1-02c9-3ab7-9869-0e0c79acf941,f467b4a0-5506-3a59-aed6-8788a84fa2cf,https://musicbrainz.org/release/f467b4a0-5506-3a59-aed6-8788a84fa2cf,
album|interpol|turn on the bright lights,Interpol,Turn On the Bright Lights,2002,1,080,core_graph_album,resolved,musicbrainz_ws2,high,109,11,Interpol,Turn On the Bright Lights,2002-08-20,1589272584,e7227840-5ef2-3813-af26-15dab34e1a51,37990288-3e50-475b-9a0d-2d5c7bbdf687,https://musicbrainz.org/release/37990288-3e50-475b-9a0d-2d5c7bbdf687,
album|inxs|kick,INXS,Kick,1987,1,057,core_graph_album,resolved,musicbrainz_ws2,high,109,12,INXS,Kick,1987-10-20,1614037635,ec6bc9d7-01e1-3d58-8e79-960611b26f44,160806d7-651d-3470-a09b-40d1b7b21d26,https://musicbrainz.org/release/160806d7-651d-3470-a09b-40d1b7b21d26,
album|inxs|listen like thieves,INXS,Listen Like Thieves,1985,1,057,core_graph_album,resolved,musicbrainz_ws2,high,109,11,INXS,Listen Like Thieves,1985,828783216,8baeedaf-d4d1-3ec4-9639-224ee93c5568,dce84fc2-eaac-411d-8ff7-e1328c474ce4,https://musicbrainz.org/release/dce84fc2-eaac-411d-8ff7-e1328c474ce4,
album|iris dement|infamous angel,Iris DeMent,Infamous Angel,1992,1,027,core_graph_album,resolved,musicbrainz_ws2,high,109,11,Iris DeMent,Infamous Angel,1992-01-16,1250228683,66fe31bd-79b7-357a-8e0d-a6c111651441,a4106179-25f7-347e-bedb-e747248bc1e6,https://musicbrainz.org/release/a4106179-25f7-347e-bedb-e747248bc1e6,
album|iron and wine|creek drank the cradle,Iron & Wine,The Creek Drank the Cradle,2002,1,078,core_graph_album,resolved,musicbrainz_ws2,high,109,11,Iron & Wine,The Creek Drank the Cradle,2002-09-24,3274325,8d9f43cb-ad78-34e2-b91d-93a5c350876b,5cb87076-f903-4ed2-ae85-ea8e1da0b48e,https://musicbrainz.org/release/5cb87076-f903-4ed2-ae85-ea8e1da0b48e,
album|iron and wine|our endless numbered days,Iron & Wine,Our Endless Numbered Days,2004,2,030;078,core_graph_album,resolved,musicbrainz_ws2,high,109,12,Iron & Wine,Our Endless Numbered Days,2004-03-24,5644896,e73745df-c2de-374a-818b-bcedc03ac655,309f3d10-3807-4ed0-a105-ba7fdc89ae43,https://musicbrainz.org/release/309f3d10-3807-4ed0-a105-ba7fdc89ae43,
album|iron and wine|shepherd s dog,Iron & Wine,The Shepherd's Dog,2007,1,030,core_graph_album,resolved,musicbrainz_ws2,high,109,12,Iron & Wine,The Shepherd's Dog,2007-09-25,669617227,2b701e39-8a06-3ec0-bb30-f1cb1f291d1f,73249796-dda7-4fd2-899b-8e8819dd1a21,https://musicbrainz.org/release/73249796-dda7-4fd2-899b-8e8819dd1a21,
album|iron maiden|live after death,Iron Maiden,Live After Death,1985,1,061,core_graph_album,resolved,musicbrainz_ws2,high,109,18,Iron Maiden,Live After Death,1985-10-14,1713861150,09ac3f31-dd03-36b8-8749-24fcae31bbc3,02dc942a-5587-3781-8215-e9021d237014,https://musicbrainz.org/release/02dc942a-5587-3781-8215-e9021d237014,
album|iron maiden|number of the beast,Iron Maiden,The Number of the Beast,1982,1,061,core_graph_album,resolved,musicbrainz_ws2,high,109,8,Iron Maiden,The Number of the Beast,1982,1713862422,4ebfe175-e7ed-34cd-8e91-67c7e4a53579,a222f11b-be36-47d4-a2de-7874e4b6a2e5,https://musicbrainz.org/release/a222f11b-be36-47d4-a2de-7874e4b6a2e5,
album|iron maiden|powerslave,Iron Maiden,Powerslave,1984,1,061,core_graph_album,resolved,musicbrainz_ws2,high,109,8,Iron Maiden,Powerslave,1984-09-03,1713861278,60a20bc8-acac-3cbb-99f9-ce458317233a,7cd5bac3-a201-3b7f-a113-848c19488937,https://musicbrainz.org/release/7cd5bac3-a201-3b7f-a113-848c19488937,
album|isaac hayes|black moses,Isaac Hayes,Black Moses,1971,1,038,core_graph_album,resolved,musicbrainz_ws2,high,109,14,Isaac Hayes,Black Moses,1971-11,1886473322,7ed84a15-1ef3-33bd-8fb4-8d090216b5a2,bab9db00-6fb4-4916-9fdb-3f750e66eb77,https://musicbrainz.org/release/bab9db00-6fb4-4916-9fdb-3f750e66eb77,
album|isaac hayes|hot buttered soul,Isaac Hayes,Hot Buttered Soul,1969,1,038,core_graph_album,resolved,musicbrainz_ws2,high,109,4,Isaac Hayes,Hot Buttered Soul,1969,1440941776,e76d4f75-f09b-3f5b-aca9-44ac4489e58d,6b7fb2e0-98c1-4aea-8b1b-5b121ab579c9,https://musicbrainz.org/release/6b7fb2e0-98c1-4aea-8b1b-5b121ab579c9,
album|ivy queen|diva,Ivy Queen,Diva,2003,1,094,core_graph_album,resolved,musicbrainz_ws2,high,109,17,Ivy Queen,Diva,2003-08-19,1451154288,16d634e4-341c-3e27-bfc9-733945ee08bf,05bac8e7-0797-45a3-9fa5-5d29d17b3030,https://musicbrainz.org/release/05bac8e7-0797-45a3-9fa5-5d29d17b3030,
album|j balvin|colores,J Balvin,Colores,2020,1,094,core_graph_album,resolved,musicbrainz_ws2,high,109,10,J Balvin,Colores,2020-03-19,1500490683,9f3ac5e9-f4f8-4dab-a268-d56ae6e1d38f,37a574a2-9596-4356-9d6e-8a193f9f61d3,https://musicbrainz.org/release/37a574a2-9596-4356-9d6e-8a193f9f61d3,
album|j balvin|energia,J Balvin,Energia,2016,1,094,core_graph_album,resolved,musicbrainz_ws2,high,109,15,J Balvin,Energía,2016-06-22,1440834941,486643f7-d95a-4949-af39-ed09cc2ef76c,40e7ee6f-67d7-43a0-9faa-b079da4cc4c5,https://musicbrainz.org/release/40e7ee6f-67d7-43a0-9faa-b079da4cc4c5,
album|j balvin|vibras,J Balvin,Vibras,2018,1,094,core_graph_album,resolved,musicbrainz_ws2,high,109,14,J Balvin,Vibras,2018-05-25,1368816332,a769ee52-f9e4-406e-980f-ade1d9ca64a9,6ed09779-0639-402e-9234-fbae5609c884,https://musicbrainz.org/release/6ed09779-0639-402e-9234-fbae5609c884,
album|j cole|2014 forest hills drive,J. Cole,2014 Forest Hills Drive,2014,1,052,core_graph_album,resolved,musicbrainz_ws2,high,109,13,J. Cole,2014 Forest Hills Drive,2014-12-09,1600772499,5995738d-4b6f-4db6-847b-310a9dc67085,0e18916e-9e1d-435f-925f-512589f9233b,https://musicbrainz.org/release/0e18916e-9e1d-435f-925f-512589f9233b,
album|j dilla|donuts,J Dilla,Donuts,2006,2,051;120,boundary_candidate;core_graph_album,resolved,musicbrainz_ws2,high,109,31,J Dilla,Donuts,2006-02-07,108233171,6b78c33a-64c4-3472-99e9-be45a392acb4,d5f87adc-f67c-47e7-a8f5-f94a5b3d2ff5,https://musicbrainz.org/release/d5f87adc-f67c-47e7-a8f5-f94a5b3d2ff5,
album|j san|her,j'san,Her,2017,1,120,core_graph_album,resolved,apple_itunes_search_api,high,106,10,j'san,Her,2018-03-30,1725573618,,,https://music.apple.com/us/album/her/1725573618?uo=4,
album|ja rule|pain is love,Ja Rule,Pain Is Love,2001,1,050,core_graph_album,resolved,musicbrainz_ws2,high,109,17,Ja Rule,Pain Is Love,2001,1450652951,b5ef21d7-b349-3197-b05d-9a8f0ee1a158,2acec17c-4b4f-49a1-8893-42d88add9eea,https://musicbrainz.org/release/2acec17c-4b4f-49a1-8893-42d88add9eea,
album|jack johnson|brushfire fairytales,Jack Johnson,Brushfire Fairytales,2001,1,029,core_graph_album,resolved,musicbrainz_ws2,high,106,15,Jack Johnson,Brushfire Fairytales,2001-02-06,906900960,df1bcf92-b690-38ab-bbc5-487a7dc2b688,5a2c232e-af87-4b6b-b729-0ca0cae4cb17,https://musicbrainz.org/release/5a2c232e-af87-4b6b-b729-0ca0cae4cb17,
album|jackie wilson|mr excitement,Jackie Wilson,Mr. Excitement!,1962,1,006,core_graph_album,resolved,musicbrainz_ws2,low,93,20,Jackie Wilson,Mr. Excitement,2011-07-25,,48d03488-2de9-477b-8ddb-df62beebd9a5,6c6e828a-1233-476b-b31e-9c90cc3db9a4,https://musicbrainz.org/release/6c6e828a-1233-476b-b31e-9c90cc3db9a4,selected_release_year_far_from_seed_year
album|jackson 5|diana ross presents the jackson 5,Jackson 5,Diana Ross Presents The Jackson 5,1969,1,037,core_graph_album,resolved,musicbrainz_ws2,high,109,12,The Jackson 5,Diana Ross Presents the Jackson 5,1969-12-18,1443221837,564b97a3-8001-3c32-a1a1-1a6199911923,19118d73-2e80-4c7b-9b88-4d1fa34c3f26,https://musicbrainz.org/release/19118d73-2e80-4c7b-9b88-4d1fa34c3f26,
album|jackson browne|for everyman,Jackson Browne,For Everyman,1973,1,024,core_graph_album,resolved,musicbrainz_ws2,high,109,10,Jackson Browne,For Everyman,1973,1739866548,d3e92728-24b4-3c01-b159-76d1c85d16cd,6b7bf01a-1e21-487f-88f8-cb951b99b814,https://musicbrainz.org/release/6b7bf01a-1e21-487f-88f8-cb951b99b814,
album|jackson browne|late for the sky,Jackson Browne,Late for the Sky,1974,1,024,core_graph_album,resolved,musicbrainz_ws2,high,109,8,Jackson Browne,Late for the Sky,1974-09,875641469,e87e9bc0-bbd3-3c68-a391-0412794a717c,aef41e51-03f8-4443-969a-6fb446cc4d23,https://musicbrainz.org/release/aef41e51-03f8-4443-969a-6fb446cc4d23,
album|james blunt|back to bedlam,James Blunt,Back to Bedlam,2004,1,092,core_graph_album,resolved,musicbrainz_ws2,high,109,11,James Blunt,Back to Bedlam,2005-10-04,714602877,aa0f8959-1f47-3f9d-9a7d-28de21ab3956,34cf2487-87b9-466c-a528-344ec5247e43,https://musicbrainz.org/release/34cf2487-87b9-466c-a528-344ec5247e43,
album|james brown and the famous flames|please please please,James Brown & The Famous Flames,Please Please Please,1959,1,006,core_graph_album,resolved,musicbrainz_ws2,high,106,16,James Brown & The Famous Flames,"Please, Please, Please",1958-12,1443828151,7d88e9c1-bd4b-4a67-be23-a07435b73968,938643be-600d-4da3-8748-464b0b9ffbf4,https://musicbrainz.org/release/938643be-600d-4da3-8748-464b0b9ffbf4,
album|james brown|live at the apollo,James Brown,Live at the Apollo,1963,2,006;039,core_graph_album,resolved,musicbrainz_ws2,medium,97,11,James Brown,Live at The Apollo (24-10-1962),1963,1445669062,a2bad96f-a572-38f2-b362-5865dedc0d35,1375c5b6-ae99-40fb-a4e2-5b270ad8ea59,https://musicbrainz.org/release/1375c5b6-ae99-40fb-a4e2-5b270ad8ea59,
album|james brown|payback,James Brown,The Payback,1973,1,039,core_graph_album,resolved,musicbrainz_ws2,high,109,8,James Brown,The Payback,1973-12,1440814785,d428149d-7ad9-3fbe-85de-acbee37ab050,16991753-f0be-4bfc-bed0-f9b76b8f3c8f,https://musicbrainz.org/release/16991753-f0be-4bfc-bed0-f9b76b8f3c8f,
album|james brown|sex machine,James Brown,Sex Machine,1970,1,039,core_graph_album,resolved,musicbrainz_ws2,high,101,15,James Brown,Sex Machine,,1442983352,84056972-11ce-3fec-a2b7-c8f243129c1c,fc478aaf-6bc3-4490-85b2-435e30920194,https://musicbrainz.org/release/fc478aaf-6bc3-4490-85b2-435e30920194,
album|james taylor|sweet baby james,James Taylor,Sweet Baby James,1970,2,022;024,core_graph_album,resolved,musicbrainz_ws2,high,109,11,James Taylor,Sweet Baby James,1970-02,1480026454,a3a2756d-93b4-37c6-8b82-513070ef58d6,ca12d8ee-ef90-47a2-8823-a1bc45fc258b,https://musicbrainz.org/release/ca12d8ee-ef90-47a2-8823-a1bc45fc258b,
album|james white and the blacks|off white,James White and the Blacks,Off White,1979,1,054,core_graph_album,resolved,musicbrainz_ws2,high,109,14,James White and the Blacks,Off White,1979,258293474,f3bb78b5-dc6c-3048-9399-498baa86658f,e55226a6-1dce-416a-9917-a9320894ac0d,https://musicbrainz.org/release/e55226a6-1dce-416a-9917-a9320894ac0d,
album|jan and dean|dead man s curve the new girl in school,Jan and Dean,Dead Man's Curve / The New Girl in School,1964,1,007,core_graph_album,resolved,musicbrainz_ws2,high,109,12,Jan & Dean,Dead Man's Curve / The New Girl in School,1964,721245380,10b91774-4ed3-4e0b-b5ae-2bfbc5a55c57,5ff55c58-c652-4068-89b7-02697c83dc09,https://musicbrainz.org/release/5ff55c58-c652-4068-89b7-02697c83dc09,
album|jan and dean|ride the wild surf,Jan & Dean,Ride the Wild Surf,1964,1,007,core_graph_album,resolved,apple_itunes_search_api,high,100,12,Jan & Dean,Ride the Wild Surf,1964-01-01,715562999,,,https://music.apple.com/us/album/ride-the-wild-surf/715562999?uo=4,manual_apple_override
album|jane remover|census designated,Jane Remover,Census Designated,2023,1,119,boundary_candidate,resolved,musicbrainz_ws2,high,109,10,Jane Remover,Census Designated,2023-10-20,1703895203,650abe5d-5766-4825-a49c-f68ae6405a26,b74bcac2-faf2-431f-81c1-0c4ef2720e07,https://musicbrainz.org/release/b74bcac2-faf2-431f-81c1-0c4ef2720e07,
album|jane s addiction|nothing s shocking,Jane's Addiction,Nothing's Shocking,1988,1,069,core_graph_album,resolved,musicbrainz_ws2,high,109,11,Jane’s Addiction,Nothing’s Shocking,1988,1018518208,97b7e291-8714-3e54-ac24-480be535ee8d,3156d06a-b783-4eea-a336-89b8a4513872,https://musicbrainz.org/release/3156d06a-b783-4eea-a336-89b8a4513872,
album|janet jackson|control,Janet Jackson,Control,1986,2,042;088,core_graph_album,resolved,musicbrainz_ws2,high,109,9,Janet Jackson,Control,1986-01-25,1440831636,b23d3137-df51-3047-a6a5-b5efbde50f22,961111ee-8c63-4e42-b6ec-ec03642aaa58,https://musicbrainz.org/release/961111ee-8c63-4e42-b6ec-ec03642aaa58,
album|janet jackson|janet,Janet Jackson,janet.,1993,1,042,core_graph_album,resolved,musicbrainz_ws2,low,89,28,Janet Jackson,Janet Jackson,1982-09-23,1388413681,a03d7530-7bd2-35f2-b49e-0f036ea3ecc4,5b038746-4f4e-41ec-92b6-f51f310a805a,https://musicbrainz.org/release/5b038746-4f4e-41ec-92b6-f51f310a805a,selected_release_year_far_from_seed_year
album|janet jackson|janet jackson s rhythm nation 1814,Janet Jackson,Janet Jackson's Rhythm Nation 1814,1989,1,088,core_graph_album,resolved,apple_itunes_search_api,high,100,20,Janet Jackson,Rhythm Nation 1814,1989-09-19,1440838561,,,https://music.apple.com/us/album/rhythm-nation-1814/1440838561?uo=4,manual_apple_override;manual_apple_override_title_differs_from_seed
album|janet jackson|rhythm nation 1814,Janet Jackson,Rhythm Nation 1814,1989,1,042,core_graph_album,resolved,musicbrainz_ws2,high,109,20,Janet Jackson,Rhythm Nation 1814,1989-09-19,1440838561,20aaac17-e4e8-373c-99cc-211321b82832,114ea1ec-d529-4c71-9ac7-a5a4aa13fcbd,https://musicbrainz.org/release/114ea1ec-d529-4c71-9ac7-a5a4aa13fcbd,
album|japanese breakfast|jubilee,Japanese Breakfast,Jubilee,2021,1,116,core_graph_album,resolved,musicbrainz_ws2,high,109,10,Japanese Breakfast,Jubilee,2021-06-04,1553364590,f4e55ff9-2fe6-417c-a631-f4cf528edc61,7aa0673a-53b0-4cb8-9a94-9834b3c43b22,https://musicbrainz.org/release/7aa0673a-53b0-4cb8-9a94-9834b3c43b22,
album|jars of clay|jars of clay,Jars of Clay,Jars of Clay,1995,1,109,core_graph_album,resolved,musicbrainz_ws2,high,109,10,Jars of Clay,Jars of Clay,1995-10-24,309887579,032b2f03-0a5e-3298-b02d-b54f0a40271e,6238ba1b-fa7d-4e23-aae7-58b53fa43a52,https://musicbrainz.org/release/6238ba1b-fa7d-4e23-aae7-58b53fa43a52,
album|jason aldean|my kinda party,Jason Aldean,My Kinda Party,2010,1,035,core_graph_album,resolved,musicbrainz_ws2,high,109,15,Jason Aldean,My Kinda Party,2010-11-02,1686124260,e25c26bb-57e8-4c9f-9b66-8dbba5648e3a,c7a535e3-a483-495f-8ef7-2e40970a7d14,https://musicbrainz.org/release/c7a535e3-a483-495f-8ef7-2e40970a7d14,
album|jason isbell and the 400 unit|nashville sound,Jason Isbell and the 400 Unit,The Nashville Sound,2017,1,027,core_graph_album,resolved,musicbrainz_ws2,high,109,10,Jason Isbell and the 400 Unit,The Nashville Sound,2017-06-16,1216344634,b0dada6a-8874-4b48-961f-2a9b022ffdb0,83fc4709-5a3d-4589-9076-80297a796fba,https://musicbrainz.org/release/83fc4709-5a3d-4589-9076-80297a796fba,
album|jason isbell|southeastern,Jason Isbell,Southeastern,2013,2,027;036,core_graph_album,resolved,musicbrainz_ws2,high,109,12,Jason Isbell,Southeastern,2013-06-11,1760726182,47e4fe0d-8be7-4bdc-b5e7-5b0409ed6afc,8a3be0f3-c237-4e0d-bdba-f82b3329a974,https://musicbrainz.org/release/8a3be0f3-c237-4e0d-bdba-f82b3329a974,
album|jawbox|for your own special sweetheart,Jawbox,For Your Own Special Sweetheart,1994,1,060,core_graph_album,resolved,musicbrainz_ws2,high,109,13,Jawbox,For Your Own Special Sweetheart,1994-01,207081205,8f5442d4-a3d5-3988-82db-3fa0a788d287,b9265aef-2e3d-4464-8aa5-a386c75d8a03,https://musicbrainz.org/release/b9265aef-2e3d-4464-8aa5-a386c75d8a03,
album|jawbox|novelty,Jawbox,Novelty,1992,1,060,core_graph_album,resolved,musicbrainz_ws2,high,109,12,Jawbox,Novelty,1992-05,54546108,75a74606-30ab-3d20-8590-25b5a915efd5,bff613ff-6a26-45ef-b10b-99577f43c434,https://musicbrainz.org/release/bff613ff-6a26-45ef-b10b-99577f43c434,
album|jay z|blueprint,Jay-Z,The Blueprint,2001,1,048,core_graph_album,resolved,musicbrainz_ws2,high,109,15,Jay‐Z,The Blueprint,2001-09-11,1440935272,11ae8c9c-27c1-3308-9761-edb87c8f54ea,51fe12d2-4adb-4e83-9dee-f33f7907bc48,https://musicbrainz.org/release/51fe12d2-4adb-4e83-9dee-f33f7907bc48,
album|jay z|reasonable doubt,Jay-Z,Reasonable Doubt,1996,1,048,core_graph_album,resolved,musicbrainz_ws2,high,109,16,Jaÿ‐Z,Reasonable Doubt,1996-06-25,1636373860,a7f852ba-08bc-36f1-92f3-4dc127f4b70a,e9a5f123-447f-4430-8efb-0921e1761ddf,https://musicbrainz.org/release/e9a5f123-447f-4430-8efb-0921e1761ddf,
album|jay z|vol 2 hard knock life,Jay-Z,Vol. 2... Hard Knock Life,1998,1,048,core_graph_album,resolved,musicbrainz_ws2,high,109,14,Jay‐Z,Vol. 2… Hard Knock Life,1998,1440914180,342d74c6-4c01-4541-b3ae-4524c47ad543,30c91583-2da7-4b28-b932-21aabb17c561,https://musicbrainz.org/release/30c91583-2da7-4b28-b932-21aabb17c561,
album|jayhawks|hollywood town hall,The Jayhawks,Hollywood Town Hall,1992,1,028,core_graph_album,resolved,musicbrainz_ws2,high,109,10,The Jayhawks,Hollywood Town Hall,1992,1443894392,054c4dd8-a36b-32c5-9320-c0aaf10cbb98,369f2f63-68a9-4d05-9c16-6a6e6c0d59a2,https://musicbrainz.org/release/369f2f63-68a9-4d05-9c16-6a6e6c0d59a2,
album|jayhawks|tomorrow the green grass,The Jayhawks,Tomorrow the Green Grass,1995,1,028,core_graph_album,resolved,musicbrainz_ws2,high,109,13,The Jayhawks,Tomorrow the Green Grass,1995-02-14,1440928275,1ea16c44-6bc9-314e-9c0b-ecb54d549d13,d46b37d8-9c6f-3fa5-ba43-eb429427b763,https://musicbrainz.org/release/d46b37d8-9c6f-3fa5-ba43-eb429427b763,
album|jean michel jarre|oxygene,Jean-Michel Jarre,Oxygene,1976,1,087,core_graph_album,resolved,musicbrainz_ws2,high,109,6,Jean Michel Jarre,Oxygène,1976,1719812323,3055cd07-9b9d-34ed-b227-942ba6977174,1e9e1924-ee6d-4241-9e86-3159fc1def4f,https://musicbrainz.org/release/1e9e1924-ee6d-4241-9e86-3159fc1def4f,
album|jeff mills|waveform transmission vol 1,Jeff Mills,Waveform Transmission Vol. 1,1992,1,082,core_graph_album,resolved,musicbrainz_ws2,medium,87,8,Jeff Mills,Waveform Transmission Vol. 1,1993,,b23eb64a-51aa-3d95-8c44-bc78af7b0457,93abd6db-420a-45e9-9c9e-7e9007bf6daa,https://musicbrainz.org/release/93abd6db-420a-45e9-9c9e-7e9007bf6daa,
album|jefferson airplane|surrealistic pillow,Jefferson Airplane,Surrealistic Pillow,1967,1,013,core_graph_album,resolved,musicbrainz_ws2,high,109,17,Jefferson Airplane,Surrealistic Pillow,1967-02,281811707,e6440cd2-5e8e-367d-bc49-cc042b5ef524,551c7e9c-c83c-3d6b-bd55-f645cf9f7740,https://musicbrainz.org/release/551c7e9c-c83c-3d6b-bd55-f645cf9f7740,
album|jellyfish|bellybutton,Jellyfish,Bellybutton,1990,1,021,core_graph_album,resolved,musicbrainz_ws2,high,109,10,Jellyfish,Bellybutton,1990,723693536,4bebb944-9eba-3763-9037-43b5f5fbd7f8,b08de7c1-9f3d-3386-b028-67c3b5dedd82,https://musicbrainz.org/release/b08de7c1-9f3d-3386-b028-67c3b5dedd82,
album|jellyfish|spilt milk,Jellyfish,Spilt Milk,1993,1,075,core_graph_album,resolved,musicbrainz_ws2,high,109,12,Jellyfish,Spilt Milk,1993-02-09,1713115869,cd04aee7-d575-3da5-b6b1-736010543475,b6a6db52-2185-4501-960e-81dbd51c59cb,https://musicbrainz.org/release/b6a6db52-2185-4501-960e-81dbd51c59cb,
album|jennifer lopez|on the 6,Jennifer Lopez,On the 6,1999,1,089,core_graph_album,resolved,musicbrainz_ws2,high,109,16,Jennifer Lopez,On the 6,1999-06-01,265143164,b49f2176-899b-3262-9b08-0a2aa0f5fbd6,e68c0154-8319-4962-848c-3645f6bb9aa8,https://musicbrainz.org/release/e68c0154-8319-4962-848c-3645f6bb9aa8,
album|jerry jeff walker|viva terlingua,Jerry Jeff Walker,Viva Terlingua,1973,1,032,core_graph_album,resolved,musicbrainz_ws2,high,109,9,Jerry Jeff Walker,¡Viva Terlingua!,1973,1444063123,3ff80cab-1ba1-3d4c-b0c9-a60b34435d56,ee61757e-a313-424e-b232-ab58cebb5e90,https://musicbrainz.org/release/ee61757e-a313-424e-b232-ab58cebb5e90,
album|jerry lee lewis|jerry lee s greatest,Jerry Lee Lewis,Jerry Lee's Greatest!,1959,1,001,core_graph_album,resolved,musicbrainz_ws2,high,103,12,Jerry Lee Lewis,Jerry Lee’s Greatest!,1961-12,1890334969,f8f16a23-6fbc-3925-9a82-9fc1f28efa47,b55df919-bf4b-4fc3-9448-f3e5a0337281,https://musicbrainz.org/release/b55df919-bf4b-4fc3-9448-f3e5a0337281,
album|jeru the damaja|sun rises in the east,Jeru the Damaja,The Sun Rises in the East,1994,1,048,core_graph_album,resolved,musicbrainz_ws2,high,109,13,Jeru the Damaja,The Sun Rises in the East,1994-05-24,1434911347,4c1feb97-bc6c-32f9-8adb-bd85105fdaa0,23df2316-7e0a-3fad-a7fd-9f63379e4120,https://musicbrainz.org/release/23df2316-7e0a-3fad-a7fd-9f63379e4120,
album|jesus and mary chain|psychocandy,The Jesus and Mary Chain,Psychocandy,1985,1,069,boundary_candidate,resolved,musicbrainz_ws2,high,109,14,The Jesus and Mary Chain,Psychocandy,1985-11,1676759774,7534461f-d5ed-3ab0-b5a8-48d7f9b49c70,31eb0922-5c4a-4aa9-bdb9-428b4008a3b9,https://musicbrainz.org/release/31eb0922-5c4a-4aa9-bdb9-428b4008a3b9,
album|jesus culture|your love never fails,Jesus Culture,Your Love Never Fails,2008,1,110,core_graph_album,resolved,musicbrainz_ws2,high,109,10,Jesus Culture,Your Love Never Fails,2008-07-29,1440830801,20e5f584-2d9e-4338-ae27-4bdd952db6dd,a0580f48-3dc8-4177-862d-571168fd9d05,https://musicbrainz.org/release/a0580f48-3dc8-4177-862d-571168fd9d05,
album|jesus lizard|goat,The Jesus Lizard,Goat,1991,1,060,core_graph_album,resolved,musicbrainz_ws2,high,109,14,The Jesus Lizard,Goat,1991,1120152897,5c057a6c-1841-37b3-a94d-a43f476bef1f,2f6437fc-8cc1-4c75-9007-f7a38f673120,https://musicbrainz.org/release/2f6437fc-8cc1-4c75-9007-f7a38f673120,
album|jesus lizard|liar,The Jesus Lizard,Liar,1992,1,060,core_graph_album,resolved,musicbrainz_ws2,high,109,14,The Jesus Lizard,Liar,1992-10-05,1120149482,054180e4-35f2-34a4-b007-db90f07c90e8,d9b3e795-c0d0-3492-a12c-b391ef9fc92b,https://musicbrainz.org/release/d9b3e795-c0d0-3492-a12c-b391ef9fc92b,
album|jet|get born,Jet,Get Born,2003,1,079,core_graph_album,resolved,musicbrainz_ws2,high,109,13,Jet,Get Born,2003-10-07,1778047969,bfc13ebf-27b6-3d1b-94f5-756745ec7b6f,ccc51be3-9f26-4cab-833c-0037ee519ab6,https://musicbrainz.org/release/ccc51be3-9f26-4cab-833c-0037ee519ab6,
album|jethro tull|aqualung,Jethro Tull,Aqualung,1971,1,018,core_graph_album,resolved,musicbrainz_ws2,high,109,14,Jethro Tull,Aqualung,1971-05-03,726371044,204cc47e-2e1a-3877-8e1e-d14bfffd19aa,78e414d2-bb74-331d-b878-cee7aef7a595,https://musicbrainz.org/release/78e414d2-bb74-331d-b878-cee7aef7a595,
album|jethro tull|thick as a brick,Jethro Tull,Thick as a Brick,1972,1,018,core_graph_album,resolved,musicbrainz_ws2,high,109,8,Jethro Tull,Thick as a Brick,1972-05-10,1006839794,13081627-5418-300c-af24-f65875ab61b7,af039dc2-347f-39fc-b34c-4365395546bc,https://musicbrainz.org/release/af039dc2-347f-39fc-b34c-4365395546bc,
album|jewel|pieces of you,Jewel,Pieces of You,1995,1,029,core_graph_album,resolved,musicbrainz_ws2,high,106,14,Jewel,Pieces of You,1995-02-28,1576787215,6429018a-ead6-3071-969e-ebc575ac1765,22a13331-a345-460e-a3fa-a0a3e7b4d97d,https://musicbrainz.org/release/22a13331-a345-460e-a3fa-a0a3e7b4d97d,
album|jhene aiko|souled out,Jhene Aiko,Souled Out,2014,1,044,core_graph_album,resolved,musicbrainz_ws2,high,109,14,Jhené Aiko,Souled Out,2014-09-09,1443227822,f383e8b9-9709-4958-8a77-25bfc96e88a7,298b26bd-9ecf-47aa-9ddd-63f2cb8293a5,https://musicbrainz.org/release/298b26bd-9ecf-47aa-9ddd-63f2cb8293a5,
album|jill scott|who is jill scott words and sounds vol 1,Jill Scott,Who Is Jill Scott? Words and Sounds Vol. 1,2000,1,043,core_graph_album,resolved,musicbrainz_ws2,high,109,19,Jill Scott,"Who Is Jill Scott? Words and Sounds, Vol. 1",2000-07-18,1416153023,5324b9a9-18d1-3aec-a4ae-efeae11e3816,19876cc6-0d9b-4d7f-a516-ea5f50fac42e,https://musicbrainz.org/release/19876cc6-0d9b-4d7f-a516-ea5f50fac42e,
album|jimi hendrix experience|are you experienced,The Jimi Hendrix Experience,Are You Experienced,1967,1,014,core_graph_album,resolved,musicbrainz_ws2,high,109,17,The Jimi Hendrix Experience,Are You Experienced,1967-08-23,357225315,da40e720-2097-3730-8a7f-0c2ddbff4a96,7eceb634-a571-32bf-aac4-0b7f6615efc6,https://musicbrainz.org/release/7eceb634-a571-32bf-aac4-0b7f6615efc6,
album|jimi hendrix experience|electric ladyland,The Jimi Hendrix Experience,Electric Ladyland,1968,1,014,core_graph_album,resolved,musicbrainz_ws2,high,109,16,The Jimi Hendrix Experience,Electric Ladyland,1968-10-25,357652252,47ba2d59-5544-34a4-b108-dc08c0956298,cc52d495-159a-4a54-b729-2b7506a7a4d6,https://musicbrainz.org/release/cc52d495-159a-4a54-b729-2b7506a7a4d6,
album|jimmy eat world|bleed american,Jimmy Eat World,Bleed American,2001,1,077,core_graph_album,resolved,musicbrainz_ws2,high,109,11,Jimmy Eat World,Bleed American,2001-07-17,1450030107,a92d9f5f-60a3-3e7d-a0a3-e028c29e5ca5,c42c37be-11e3-472a-ae6c-429c8e300efd,https://musicbrainz.org/release/c42c37be-11e3-472a-ae6c-429c8e300efd,
album|jimmy eat world|clarity,Jimmy Eat World,Clarity,1999,1,077,core_graph_album,resolved,musicbrainz_ws2,high,109,15,Jimmy Eat World,Clarity,1999-02-23,718997679,4a12c3a5-5a5e-3e6f-aee9-1cfb2137da4c,ad1f1d21-fc52-4dec-a8b8-5a310ab2341e,https://musicbrainz.org/release/ad1f1d21-fc52-4dec-a8b8-5a310ab2341e,
album|jive five|best of the jive five,The Jive Five,The Best of The Jive Five,1990,1,003,core_graph_album,resolved,apple_itunes_search_api,medium,100,14,The Jive Five,Their Greatest Hits,1990-03-06,350891841,,,https://music.apple.com/us/album/their-greatest-hits/350891841?uo=4,manual_apple_override;manual_apple_override_confidence_medium;manual_apple_override_title_differs_from_seed
album|joan baez|farewell angelina,Joan Baez,"Farewell, Angelina",1965,1,026,core_graph_album,resolved,musicbrainz_ws2,high,109,14,Joan Baez,"Farewell, Angelina",1965-10,712077351,4833a606-5a3f-3fa6-bfbc-0d525e641a61,68a7a530-8c17-4b66-a8cc-fcf58e116112,https://musicbrainz.org/release/68a7a530-8c17-4b66-a8cc-fcf58e116112,
album|joan baez|in concert,Joan Baez,In Concert,1962,1,026,core_graph_album,resolved,musicbrainz_ws2,medium,95,16,Joan Baez,"Joan Baez in Concert, Part 1",1962-09,711947051,85cd9dcd-b0eb-3fc4-bfce-5aa7fd99cdbc,d9350283-4c86-47a6-84dd-fffc7fe4aa98,https://musicbrainz.org/release/d9350283-4c86-47a6-84dd-fffc7fe4aa98,
album|joan baez|joan baez,Joan Baez,Joan Baez,1960,1,026,core_graph_album,resolved,musicbrainz_ws2,high,109,13,Joan Baez,Joan Baez,1960-11,1439839396,637441f0-6ca3-3557-96f7-68f6701893fb,900ebea1-bbb5-47f1-a63f-04129d50f6ea,https://musicbrainz.org/release/900ebea1-bbb5-47f1-a63f-04129d50f6ea,
album|joan sebastian|secreto de amor,Joan Sebastian,Secreto de Amor,2000,1,095,core_graph_album,resolved,musicbrainz_ws2,high,109,10,Joan Sebastian,Secreto de amor,2000-04-18,1495513038,45313570-2dc0-37f4-ad02-f48542023ec7,0f149cc1-be5b-410a-804f-a96d53ead313,https://musicbrainz.org/release/0f149cc1-be5b-410a-804f-a96d53ead313,
album|jodeci|diary of a mad band,Jodeci,Diary of a Mad Band,1993,1,042,core_graph_album,resolved,musicbrainz_ws2,high,109,13,Jodeci,Diary of a Mad Band,1993-12-21,1440637554,36e40a5f-c4b0-3cfd-8f8d-7483afbab494,7eba5ca4-7df4-4730-adbb-be25efafdc84,https://musicbrainz.org/release/7eba5ca4-7df4-4730-adbb-be25efafdc84,
album|joe jackson|look sharp,Joe Jackson,Look Sharp!,1979,1,057,core_graph_album,resolved,musicbrainz_ws2,high,109,13,Joe Jackson,Look Sharp!,1979,1440917022,b3232ac6-378d-34c6-aca7-6aed95ae5ad0,096245df-fa38-4ce6-9ef1-82fae4f950a8,https://musicbrainz.org/release/096245df-fa38-4ce6-9ef1-82fae4f950a8,
album|joff bush|bluey the album,Joff Bush,Bluey: The Album,2021,1,114,core_graph_album,resolved,musicbrainz_ws2,high,101,17,Joff Bush & The Bluey Music Team,Bluey The Album,2021-10-01,1539376375,11a4486c-bc5c-496d-831e-6ed190c62324,fbc77a43-1a27-4fee-85c1-1d3926792425,https://musicbrainz.org/release/fbc77a43-1a27-4fee-85c1-1d3926792425,
album|john coltrane|a love supreme,John Coltrane,A Love Supreme,1965,1,101,core_graph_album,resolved,musicbrainz_ws2,high,109,4,John Coltrane,A Love Supreme,1965,1440713018,77cf47ba-58cd-3f3d-a5f9-79bf89860421,2d2b2557-5000-37ae-b18f-1fec5d66b67f,https://musicbrainz.org/release/2d2b2557-5000-37ae-b18f-1fec5d66b67f,
album|john coltrane|blue train,John Coltrane,Blue Train,1958,1,101,core_graph_album,resolved,musicbrainz_ws2,high,109,5,John Coltrane,Blue Train,1958,1468202477,12349ce8-2087-3d16-93da-70cd65621774,4ca248f9-8f10-462b-a3bd-6ff48f25f151,https://musicbrainz.org/release/4ca248f9-8f10-462b-a3bd-6ff48f25f151,
album|john legend|get lifted,John Legend,Get Lifted,2004,1,092,core_graph_album,resolved,musicbrainz_ws2,high,109,15,John Legend,Get Lifted,2004-12-28,1451363316,fa6e1004-d4f8-3a12-9cdd-2c0ec0c7ea41,60f51f51-1dfe-336e-be4f-a3e3cb1bc438,https://musicbrainz.org/release/60f51f51-1dfe-336e-be4f-a3e3cb1bc438,
album|john martyn|solid air,John Martyn,Solid Air,1973,1,024,boundary_candidate,resolved,musicbrainz_ws2,high,109,10,John Martyn,Solid Air,1973,1443804309,e1670336-f7b9-31b6-bd3c-77d8e8169cd9,436c04ef-1feb-3cfc-9352-86fde1eccc61,https://musicbrainz.org/release/436c04ef-1feb-3cfc-9352-86fde1eccc61,
album|john mayer|heavier things,John Mayer,Heavier Things,2003,1,029,core_graph_album,resolved,musicbrainz_ws2,high,109,10,John Mayer,Heavier Things,2003-09-09,199049977,b6d8aecb-39c7-3287-9b3c-f57fe35a610c,0b6ac164-930a-4405-9018-e09015d02b2e,https://musicbrainz.org/release/0b6ac164-930a-4405-9018-e09015d02b2e,
album|john mayer|room for squares,John Mayer,Room for Squares,2001,1,029,core_graph_album,resolved,musicbrainz_ws2,high,109,13,John Mayer,Room for Squares,2001-08-16,283699720,0e2e1f1d-57d7-377e-820c-f846bff80b24,b181ec85-890a-43f8-a247-b6d79da71522,https://musicbrainz.org/release/b181ec85-890a-43f8-a247-b6d79da71522,
album|john prine|bruised orange,John Prine,Bruised Orange,1978,1,027,core_graph_album,resolved,musicbrainz_ws2,high,109,10,John Prine,Bruised Orange,1978,285601729,19f67871-5861-37b2-bacd-13ae2598bd8d,5bb6f0bd-e15d-4865-bfb4-b8f9bde7ef8d,https://musicbrainz.org/release/5bb6f0bd-e15d-4865-bfb4-b8f9bde7ef8d,
album|john prine|john prine,John Prine,John Prine,1971,1,027,core_graph_album,resolved,musicbrainz_ws2,high,109,13,John Prine,John Prine,1971,1018524551,a13154a4-14a1-3344-ae14-3bea728ebe58,2b115165-6200-4a7f-9c78-f03b53d42b80,https://musicbrainz.org/release/2b115165-6200-4a7f-9c78-f03b53d42b80,
album|john williams|jurassic park,John Williams,Jurassic Park,1993,1,107,context_candidate,resolved,musicbrainz_ws2,medium,92,16,John Williams,Theme From Jurassic Park,1993,1440800206,2b002936-43cb-431f-bec7-d26982c95372,97455cb6-b452-4a8d-b1a5-57afb7feef6c,https://musicbrainz.org/release/97455cb6-b452-4a8d-b1a5-57afb7feef6c,
album|john williams|star wars,John Williams,Star Wars,1977,1,107,context_candidate,resolved,musicbrainz_ws2,high,109,16,John Williams,Star Wars,1977,1375814280,80fe84a4-b606-3491-a170-f2ca17501493,8a7c5652-d859-4bb0-9b6d-7b44be43b08b,https://musicbrainz.org/release/8a7c5652-d859-4bb0-9b6d-7b44be43b08b,
album|johnnie taylor|who s making love,Johnnie Taylor,Who's Making Love...,1968,1,038,core_graph_album,resolved,musicbrainz_ws2,high,109,12,Johnnie Taylor,Who's Making Love,1968,1444163315,91f65e19-95b8-302f-b4cc-24ce1f0b2e0c,c108ccd6-b7de-450b-8bdb-1ca5b1e7da52,https://musicbrainz.org/release/c108ccd6-b7de-450b-8bdb-1ca5b1e7da52,
album|johnny and the hurricanes|red river rock,Johnny and the Hurricanes,Red River Rock,1959,1,007,core_graph_album,resolved,musicbrainz_ws2,high,101,12,Johnny and the Hurricanes,Red River Rock,1960,1563530680,69282035-1a7d-4411-9c96-9546b5cc90af,0a05af09-ab7a-4b44-8606-0db92145a14d,https://musicbrainz.org/release/0a05af09-ab7a-4b44-8606-0db92145a14d,
album|johnny burnette and the rock n roll trio|johnny burnette and the rock n roll trio,Johnny Burnette and the Rock 'n Roll Trio,Johnny Burnette and the Rock 'n Roll Trio,1957,1,002,core_graph_album,resolved,musicbrainz_ws2,high,106,12,Johnny Burnette and the Rock ’n’ Roll Trio,Johnny Burnette and the Rock ’n’ Roll Trio,1956-12,1443810302,c962b63f-683d-3966-aac8-8c60d56f30c3,aa493724-ea3e-42f5-9253-3137870d124f,https://musicbrainz.org/release/aa493724-ea3e-42f5-9253-3137870d124f,
album|johnny cash|at folsom prison,Johnny Cash,At Folsom Prison,1968,1,031,core_graph_album,resolved,musicbrainz_ws2,high,109,16,Johnny Cash,At Folsom Prison,1968,825516828,6b4ea595-3378-3019-be5f-058412670791,89efce77-e3a9-4a7d-8be7-0eadfbdfa28e,https://musicbrainz.org/release/89efce77-e3a9-4a7d-8be7-0eadfbdfa28e,
album|johnny cash|fabulous johnny cash,Johnny Cash,The Fabulous Johnny Cash,1958,1,002,core_graph_album,resolved,musicbrainz_ws2,high,109,12,Johnny Cash,The Fabulous Johnny Cash,1958-11,824805241,00da4796-a49b-370f-8ac9-88cd90a4a5ac,2b9ade93-a77f-4b6f-ba55-659690648bbd,https://musicbrainz.org/release/2b9ade93-a77f-4b6f-ba55-659690648bbd,
album|johnny cash|johnny cash with his hot and blue guitar,Johnny Cash,Johnny Cash with His Hot and Blue Guitar!,1957,2,001;002,core_graph_album,resolved,musicbrainz_ws2,high,109,12,Johnny Cash,Johnny Cash With His Hot and Blue Guitar,1957-10-11,1890333832,288b58ea-6b89-3dae-8428-2822fb15c7cb,5434e59f-b666-43b3-8503-081bfca307eb,https://musicbrainz.org/release/5434e59f-b666-43b3-8503-081bfca307eb,
album|johnny mathis|johnny s greatest hits,Johnny Mathis,Johnny's Greatest Hits,1958,1,004,core_graph_album,resolved,musicbrainz_ws2,high,109,12,Johnny Mathis,Johnny’s Greatest Hits,1958-03-17,181452509,d7466ae3-cf03-3e27-bf8f-e578e69f21fc,1a19be4f-6f85-416f-b638-437f9d10a6fb,https://musicbrainz.org/release/1a19be4f-6f85-416f-b638-437f9d10a6fb,
album|joni mitchell|blue,Joni Mitchell,Blue,1971,1,024,core_graph_album,resolved,musicbrainz_ws2,high,109,10,Joni Mitchell,Blue,1971-06-22,1492263092,42d725fb-a8b7-388c-8866-3b02789af326,243fb7b0-e7f3-42e8-bdfc-a66fd9e23d0e,https://musicbrainz.org/release/243fb7b0-e7f3-42e8-bdfc-a66fd9e23d0e,
album|joni mitchell|court and spark,Joni Mitchell,Court and Spark,1974,1,024,core_graph_album,resolved,musicbrainz_ws2,high,109,11,Joni Mitchell,Court and Spark,1974,1492263239,3bd19e28-698e-3b7e-a8ec-f872bf001651,3c49f16c-1c91-4dbc-9c7d-8e3dc29409d0,https://musicbrainz.org/release/3c49f16c-1c91-4dbc-9c7d-8e3dc29409d0,
album|joni mitchell|hejira,Joni Mitchell,Hejira,1976,1,024,core_graph_album,resolved,musicbrainz_ws2,high,109,9,Joni Mitchell,Hejira,1976-11,1492262288,039f2ae4-36dd-3608-9103-67ce7f6c9288,866d4044-7a79-40ff-ba3c-a25dbc42317f,https://musicbrainz.org/release/866d4044-7a79-40ff-ba3c-a25dbc42317f,
album|joni mitchell|ladies of the canyon,Joni Mitchell,Ladies of the Canyon,1970,1,024,core_graph_album,resolved,musicbrainz_ws2,high,109,12,Joni Mitchell,Ladies of the Canyon,1970-04,1492312524,b04408f3-7a41-30f0-89c0-eba1efea3aae,0c76008d-a75c-45da-94da-82def71ac48d,https://musicbrainz.org/release/0c76008d-a75c-45da-94da-82def71ac48d,
album|jose gonzalez|veneer,Jose Gonzalez,Veneer,2003,1,030,core_graph_album,resolved,musicbrainz_ws2,high,109,11,José González,Veneer,2005-08-06,828118023,c128bbd3-0481-3abd-98df-4bf5ef8df243,4c3fc39e-7df8-41a8-9e8d-d95b25646b81,https://musicbrainz.org/release/4c3fc39e-7df8-41a8-9e8d-d95b25646b81,
album|josh groban|closer,Josh Groban,Closer,2003,1,103,core_graph_album,resolved,musicbrainz_ws2,high,109,13,Josh Groban,Closer,2003-11-11,986497062,4761a07d-acb6-3650-bf38-7f12cc774353,69d2a99d-a3b7-4ae8-b394-0ce913eda305,https://musicbrainz.org/release/69d2a99d-a3b7-4ae8-b394-0ce913eda305,
album|journey|escape,Journey,Escape,1981,1,016,core_graph_album,resolved,musicbrainz_ws2,high,109,10,Journey,Escape,1981-07-17,1640102583,89ed7ed6-4292-3892-b0de-c9c27005c08d,42a1534b-c3d6-40a5-aea8-0824b6e69f4a,https://musicbrainz.org/release/42a1534b-c3d6-40a5-aea8-0824b6e69f4a,
album|journey|journey greatest hits,Journey,Journey Greatest Hits,1988,1,113,false_nearby_candidate,resolved,apple_itunes_search_api,medium,100,16,Journey,Greatest Hits (2024 Remaster),1988-11-29,169003304,,,https://music.apple.com/us/album/greatest-hits-2024-remaster/169003304?uo=4,manual_apple_override;manual_apple_override_confidence_medium;manual_apple_override_title_differs_from_seed
album|joy division|closer,Joy Division,Closer,1980,1,056,core_graph_album,resolved,musicbrainz_ws2,high,109,21,Joy Division,Closer,1980-07-18,266610001,852f9715-24b3-37d5-b8a5-456f5e19b41e,4fbcc7d9-5c59-4283-9181-d92dd391924c,https://musicbrainz.org/release/4fbcc7d9-5c59-4283-9181-d92dd391924c,
album|joy division|unknown pleasures,Joy Division,Unknown Pleasures,1979,1,056,core_graph_album,resolved,musicbrainz_ws2,high,109,22,Joy Division,Unknown Pleasures,1980-07,266603040,42352def-1aab-3000-b548-895ebd869cb6,8c7b6fd4-bd58-46dd-b747-8b67ae863aa2,https://musicbrainz.org/release/8c7b6fd4-bd58-46dd-b747-8b67ae863aa2,
album|juan gabriel|recuerdos ii,Juan Gabriel,Recuerdos II,1984,1,095,core_graph_album,resolved,musicbrainz_ws2,high,109,10,Juan Gabriel,Recuerdos II,1984,404411092,21ffb6f4-5441-38f1-bc64-9482eaad8a5f,34518c2e-d0e1-45db-8ec5-fd3b847965e3,https://musicbrainz.org/release/34518c2e-d0e1-45db-8ec5-fd3b847965e3,
album|juan luis guerra 4 40|ojala que llueva cafe,Juan Luis Guerra 4.40,Ojala Que Llueva Cafe,1989,1,096,core_graph_album,resolved,apple_itunes_search_api,high,109,7,Juan Luis Guerra 4.40,Ojalá Que Llueva Café,1989-01-01,19468947,,,https://music.apple.com/us/album/ojal%C3%A1-que-llueva-caf%C3%A9/19468947?uo=4,
album|juan luis guerra|bachata rosa,Juan Luis Guerra,Bachata Rosa,1990,1,096,core_graph_album,resolved,musicbrainz_ws2,high,101,10,Juan Luis Guerra 4.40,Bachata rosa,1990,19468976,acb01f0a-5c5a-35d3-adbf-08697accd6c9,e785c481-c66d-3fc2-978c-139455e81a12,https://musicbrainz.org/release/e785c481-c66d-3fc2-978c-139455e81a12,
album|judas priest|british steel,Judas Priest,British Steel,1980,1,061,core_graph_album,resolved,musicbrainz_ws2,high,109,11,Judas Priest,British Steel,1980-04-14,207346194,5bd56af7-2bd6-392e-a815-b39354e3780d,99971407-de40-472a-80ae-132774f284db,https://musicbrainz.org/release/99971407-de40-472a-80ae-132774f284db,
album|judas priest|screaming for vengeance,Judas Priest,Screaming for Vengeance,1982,1,061,core_graph_album,resolved,musicbrainz_ws2,high,109,12,Judas Priest,Screaming for Vengeance,1982,207178130,40f3885e-7158-3154-826d-676f2b79c6fb,2795da07-be3c-455a-b46a-084f63fb4c9c,https://musicbrainz.org/release/2795da07-be3c-455a-b46a-084f63fb4c9c,
album|judas priest|stained class,Judas Priest,Stained Class,1978,1,061,core_graph_album,resolved,musicbrainz_ws2,high,109,11,Judas Priest,Stained Class,1978-02-10,207346308,c035f09e-430c-3510-9a4d-7cb33dd56ed8,809086f9-2f73-4f84-89af-bc50f4d549b4,https://musicbrainz.org/release/809086f9-2f73-4f84-89af-bc50f4d549b4,
album|judds|why not me,The Judds,Why Not Me,1984,1,034,core_graph_album,resolved,musicbrainz_ws2,high,109,10,The Judds,Why Not Me,1984,68889539,d8287d5a-1eca-3d68-8362-b62aa296a5c7,6f49a234-13ea-462b-a67e-6fbcc8855c58,https://musicbrainz.org/release/6f49a234-13ea-462b-a67e-6fbcc8855c58,
album|judee sill|judee sill,Judee Sill,Judee Sill,1971,1,024,core_graph_album,resolved,musicbrainz_ws2,high,109,11,Judee Sill,Judee Sill,1971,121050588,e618fb0c-0534-3089-9d57-9bdc3311a3a2,d5c1162c-6b4c-41a5-ad99-ba853c983dae,https://musicbrainz.org/release/d5c1162c-6b4c-41a5-ad99-ba853c983dae,
album|judy collins|wildflowers,Judy Collins,Wildflowers,1967,1,026,core_graph_album,resolved,musicbrainz_ws2,high,109,10,Judy Collins,Wildflowers,1967,256609835,ee157c06-4eee-30d9-8f88-a4c3138126f3,6505e6f8-2cc7-4053-b9cd-ec4bdf4707fe,https://musicbrainz.org/release/6505e6f8-2cc7-4053-b9cd-ec4bdf4707fe,
album|juice wrld|goodbye and good riddance,Juice WRLD,Goodbye & Good Riddance,2018,1,052,boundary_candidate,resolved,musicbrainz_ws2,high,109,16,Juice WRLD,Goodbye & Good Riddance,2018-05-23,1407165109,8bd7dded-24ea-488c-a3e3-3c7158ea12ee,b41e2347-e89e-4b1b-bbe1-64638d740529,https://musicbrainz.org/release/b41e2347-e89e-4b1b-bbe1-64638d740529,
album|julien baker|sprained ankle,Julien Baker,Sprained Ankle,2015,1,116,core_graph_album,resolved,musicbrainz_ws2,high,109,9,Julien Baker,Sprained Ankle,2015-10-23,1874477871,9d694f1c-fc4b-4372-ab6e-634844f46be9,050c3d21-b0d3-472b-b7b2-aed2eb4e75f6,https://musicbrainz.org/release/050c3d21-b0d3-472b-b7b2-aed2eb4e75f6,
album|jung kook|golden,Jung Kook,Golden,2023,1,098,core_graph_album,resolved,musicbrainz_ws2,high,109,11,Jung Kook,GOLDEN,2023-11-03,1709554767,e51c54ea-71d2-413a-9fbe-1be9389b0fa6,0c38d7bc-8ce6-4976-9dff-d6b650b6db4c,https://musicbrainz.org/release/0c38d7bc-8ce6-4976-9dff-d6b650b6db4c,
album|jungle brothers|done by the forces of nature,Jungle Brothers,Done by the Forces of Nature,1989,1,046,core_graph_album,resolved,musicbrainz_ws2,high,109,16,Jungle Brothers,Done by the Forces of Nature,1989-11-21,,2cfffb56-98df-3718-8c8f-631904ca2554,d7d68e45-2b8c-4629-9c75-84a59bcc8a90,https://musicbrainz.org/release/d7d68e45-2b8c-4629-9c75-84a59bcc8a90,
album|jungle|volcano,Jungle,Volcano,2023,1,117,core_graph_album,resolved,musicbrainz_ws2,high,109,14,Jungle,Volcano,2023-08-11,1676151993,07bd527b-afe9-405b-bc92-0766cb280d05,14fbd2c0-0468-4cd7-9630-6aa655e11d5b,https://musicbrainz.org/release/14fbd2c0-0468-4cd7-9630-6aa655e11d5b,
album|junior h|atrapado en un sueno,Junior H,Atrapado en un Sueno,2020,1,095,core_graph_album,resolved,musicbrainz_ws2,high,109,7,Junior H,Atrapado en un Sueño,2020-03-27,1503282684,9ec2aa46-6a8e-4e65-8554-65e032436f6c,3f4ea49e-c22b-4139-a370-94b3af4e15d8,https://musicbrainz.org/release/3f4ea49e-c22b-4139-a370-94b3af4e15d8,
album|justice|cross,Justice,Cross,2007,1,085,core_graph_album,resolved,musicbrainz_ws2,medium,94,18,Justice,A Cross the Universe,2008-12-09,1331418560,2fedcb2d-c224-3a34-b9bc-d8f8e9bea4c4,129a23bc-1f34-453e-9b6a-4c205d3df2d2,https://musicbrainz.org/release/129a23bc-1f34-453e-9b6a-4c205d3df2d2,
album|justin timberlake|futuresex lovesounds,Justin Timberlake,FutureSex/LoveSounds,2006,1,090,core_graph_album,resolved,musicbrainz_ws2,high,109,12,Justin Timberlake,FutureSex/LoveSounds,2006-09-12,187665948,00de8e96-b902-3d80-b980-1298937b0b2a,128db891-c1ee-4ade-ae35-c648e6b092d3,https://musicbrainz.org/release/128db891-c1ee-4ade-ae35-c648e6b092d3,
album|juvenile|400 degreez,Juvenile,400 Degreez,1998,1,049,core_graph_album,resolved,musicbrainz_ws2,high,109,18,Juvenile,400 Degreez,1998-11-03,1440644146,08399f8b-c114-3080-b548-7599af1ebc5c,294a4054-8a15-446d-bb57-23fcc4552ce9,https://musicbrainz.org/release/294a4054-8a15-446d-bb57-23fcc4552ce9,
album|kacey musgraves|golden hour,Kacey Musgraves,Golden Hour,2018,1,035,boundary_candidate,resolved,musicbrainz_ws2,high,109,13,Kacey Musgraves,Golden Hour,2018-03-30,1440918116,56713bde-f9de-4097-bbe3-41d9d7af32c4,03689b03-1e15-4315-9693-9d7136754d61,https://musicbrainz.org/release/03689b03-1e15-4315-9693-9d7136754d61,
album|kaleidoscope|tangerine dream,Kaleidoscope,Tangerine Dream,1967,1,013,core_graph_album,resolved,musicbrainz_ws2,high,109,11,Kaleidoscope,Tangerine Dream,1967,1443997135,8e757961-772f-3be2-babb-980944c09965,92854424-0e4e-4fa8-87ea-3a7588751fe9,https://musicbrainz.org/release/92854424-0e4e-4fa8-87ea-3a7588751fe9,
album|kanye west|college dropout,Kanye West,The College Dropout,2004,1,050,core_graph_album,resolved,musicbrainz_ws2,high,109,21,Kanye West,The College Dropout,2004-02-10,1412872568,8a01217e-6947-3927-a39b-6691104694f1,99a96bf6-8166-3b7c-97ed-ea525f13ec65,https://musicbrainz.org/release/99a96bf6-8166-3b7c-97ed-ea525f13ec65,
album|kanye west|graduation,Kanye West,Graduation,2007,1,050,core_graph_album,resolved,musicbrainz_ws2,high,109,14,Kanye West,Graduation,2007-09-11,1451901307,d44c50ad-61fd-3fce-95fc-27024d7f1d30,28613215-350d-4f05-9aac-2ef79653d67a,https://musicbrainz.org/release/28613215-350d-4f05-9aac-2ef79653d67a,
album|kanye west|late registration,Kanye West,Late Registration,2005,1,050,core_graph_album,resolved,musicbrainz_ws2,high,109,21,Kanye West,Late Registration,2005-08-30,1440668749,c563d738-3841-31ce-b29d-ec6b40fd1e7b,0dc6b658-de04-43d3-8780-3e754141d0b8,https://musicbrainz.org/release/0dc6b658-de04-43d3-8780-3e754141d0b8,
album|kanye west|my beautiful dark twisted fantasy,Kanye West,My Beautiful Dark Twisted Fantasy,2010,1,050,core_graph_album,resolved,musicbrainz_ws2,high,109,14,Kanye West,My Beautiful Dark Twisted Fantasy,2010-11-22,1443160553,5d6e21e1-deb5-428e-bb42-c2a567f3619b,2fcfcaaa-6594-4291-b79f-2d354139e108,https://musicbrainz.org/release/2fcfcaaa-6594-4291-b79f-2d354139e108,
album|karol g|manana sera bonito,Karol G,Manana Sera Bonito,2023,1,094,core_graph_album,resolved,musicbrainz_ws2,high,109,17,KAROL G,MAÑANA SERÁ BONITO,2023-02-23,1670245862,a1ceb373-b802-4889-a20f-2039dab9c5ce,3a306f98-4e37-4709-97f7-5a55d96e55e1,https://musicbrainz.org/release/3a306f98-4e37-4709-97f7-5a55d96e55e1,
album|kathleen edwards|failer,Kathleen Edwards,Failer,2003,1,028,core_graph_album,resolved,musicbrainz_ws2,high,109,10,Kathleen Edwards,Failer,2003-01-13,1466258211,a79acf7d-4237-34b3-a670-d50886c384a3,41b81aa0-4ddb-41a5-ae29-bedc24cc4d71,https://musicbrainz.org/release/41b81aa0-4ddb-41a5-ae29-bedc24cc4d71,
album|kathy young and the innocents|a thousand stars,Kathy Young & The Innocents,A Thousand Stars,1961,1,004,core_graph_album,resolved,musicbrainz_ws2,low,93,24,Kathy Young & The Innocents,A Thousand Stars,1998,,a1d9b220-5520-310a-8451-9e7abaaade05,1c36af7a-72fb-4c3c-ac48-7f62d44bbeaa,https://musicbrainz.org/release/1c36af7a-72fb-4c3c-ac48-7f62d44bbeaa,selected_release_year_far_from_seed_year
album|katy perry|prism,Katy Perry,Prism,2013,1,091,core_graph_album,resolved,musicbrainz_ws2,high,109,13,Katy Perry,PRISM,2013-10-21,1440871208,0d8b973c-fcff-4830-b645-a877b8a9a08f,05a39738-e056-4504-8727-f1728c03dee8,https://musicbrainz.org/release/05a39738-e056-4504-8727-f1728c03dee8,
album|katy perry|teenage dream,Katy Perry,Teenage Dream,2010,1,090,core_graph_album,resolved,musicbrainz_ws2,high,109,12,Katy Perry,Teenage Dream,2010-08-24,716192216,e6f683c9-fc85-412c-a352-d6e411fc2603,26b1f451-1bd3-4b1c-918d-9ae98be00f6c,https://musicbrainz.org/release/26b1f451-1bd3-4b1c-918d-9ae98be00f6c,
album|kavinsky|outrun,Kavinsky,OutRun,2013,1,086,core_graph_album,resolved,musicbrainz_ws2,high,109,14,Kavinsky,OutRun,2013,1440873249,d8b70a79-a964-4baf-8567-5c3e95cb2734,785dbea3-130b-4fe3-94dc-a7e9c01dae8c,https://musicbrainz.org/release/785dbea3-130b-4fe3-94dc-a7e9c01dae8c,
album|kc and the sunshine band|kc and the sunshine band,KC and the Sunshine Band,KC and the Sunshine Band,1975,1,040,core_graph_album,resolved,musicbrainz_ws2,high,109,9,KC and the Sunshine Band,KC and the Sunshine Band,1975-07,814050390,fbcd5ce0-c2bb-378f-96a0-ea401b09d1ea,81170b31-2ba2-4784-999f-35ff2e2b240d,https://musicbrainz.org/release/81170b31-2ba2-4784-999f-35ff2e2b240d,
album|keith and kristyn getty|in christ alone,Keith and Kristyn Getty,In Christ Alone,2006,1,110,context_candidate,resolved,musicbrainz_ws2,high,109,11,Keith and Kristyn Getty,In Christ Alone,2006,715484570,8aa61709-9c1c-39df-8fcc-6d576a573d8e,afc6b139-8bfd-4c5d-8c8a-09a13b381771,https://musicbrainz.org/release/afc6b139-8bfd-4c5d-8c8a-09a13b381771,
album|kelela|take me apart,Kelela,Take Me Apart,2017,1,044,boundary_candidate,resolved,musicbrainz_ws2,high,109,14,Kelela,Take Me Apart,2017-10-06,1263130527,72ff5e97-05c4-493a-8aea-3bad435a6fd0,05701ab9-0875-4d50-b974-739880b3263d,https://musicbrainz.org/release/05701ab9-0875-4d50-b974-739880b3263d,
album|kendrick lamar and various artists|black panther the album,Kendrick Lamar and Various Artists,Black Panther: The Album,2018,1,106,context_candidate,resolved,apple_itunes_search_api,high,123,14,Kendrick Lamar,Black Panther: The Album,2018-02-09,1440903005,,,https://music.apple.com/us/album/black-panther-the-album/1440903005?uo=4,lookup_track_count_below_catalog_track_count
album|kendrick lamar|damn,Kendrick Lamar,DAMN.,2017,1,052,core_graph_album,resolved,musicbrainz_ws2,high,109,14,Kendrick Lamar,DAMN.,2017-04-14,1440881047,b88655ba-7469-48b8-a296-b9011ab73ef3,2a74f401-f412-4fec-b059-c287d69801e2,https://musicbrainz.org/release/2a74f401-f412-4fec-b059-c287d69801e2,
album|kendrick lamar|good kid m a a d city,Kendrick Lamar,"good kid, m.A.A.d city",2012,1,052,core_graph_album,resolved,musicbrainz_ws2,high,109,12,Kendrick Lamar,"good kid, m.A.A.d city",2012-10-22,1471263898,499c19c8-0dab-4824-884b-6191d145e95b,0726c5f4-da29-4a78-a8ab-b08e632fe3b9,https://musicbrainz.org/release/0726c5f4-da29-4a78-a8ab-b08e632fe3b9,
album|kendrick lamar|to pimp a butterfly,Kendrick Lamar,To Pimp a Butterfly,2015,1,052,core_graph_album,resolved,musicbrainz_ws2,high,109,16,Kendrick Lamar,To Pimp a Butterfly,2015-03-15,1440828886,d9103c72-3807-4378-9ce7-b6f3e8fdd547,2d45efbe-a339-4002-a9a6-6ece0f33b4bf,https://musicbrainz.org/release/2d45efbe-a339-4002-a9a6-6ece0f33b4bf,
album|kenny g|breathless,Kenny G,Breathless,1992,1,102,core_graph_album,resolved,musicbrainz_ws2,high,109,14,Kenny G,Breathless,1992,258622449,e2d1a876-69e6-336b-b168-e118e196812c,2cb58624-ded3-467f-a30f-ef0ff5abac50,https://musicbrainz.org/release/2cb58624-ded3-467f-a30f-ef0ff5abac50,
album|kenny g|classics in the key of g,Kenny G,Classics in the Key of G,1999,1,102,false_nearby_candidate,resolved,musicbrainz_ws2,high,109,11,Kenny G,Classics in the Key of G,1999,271367813,84a2a301-6d7e-340c-bc2c-9d3829015cf7,050290d8-132a-4f72-b74f-a9566ccd9912,https://musicbrainz.org/release/050290d8-132a-4f72-b74f-a9566ccd9912,
album|kenny g|duotones,Kenny G,Duotones,1986,1,102,core_graph_album,resolved,musicbrainz_ws2,high,109,10,Kenny G,Duotones,1986,299723498,0f8888f3-cacd-30f0-ab04-9d3737e8e897,1b841d37-af60-44cd-b3ae-08273208db25,https://musicbrainz.org/release/1b841d37-af60-44cd-b3ae-08273208db25,
album|kenny larkin|azimuth,Kenny Larkin,Azimuth,1994,1,082,core_graph_album,resolved,musicbrainz_ws2,high,109,11,Kenny Larkin,Azimuth,1994-02-08,288651574,d1faea11-035c-3bee-b79b-dffe8dcd39ee,1b5e8d94-4b2c-49d0-979c-90a924bcbc7c,https://musicbrainz.org/release/1b5e8d94-4b2c-49d0-979c-90a924bcbc7c,
album|kenny loggins|nightwatch,Kenny Loggins,Nightwatch,1978,1,023,core_graph_album,resolved,musicbrainz_ws2,high,109,9,Kenny Loggins,Nightwatch,1978-07-12,192660327,739ed973-75cb-31a6-85f5-a2febd2d0d97,770963c4-181b-4f17-89b8-80519fb2abd3,https://musicbrainz.org/release/770963c4-181b-4f17-89b8-80519fb2abd3,
album|kenny rogers|gambler,Kenny Rogers,The Gambler,1978,1,033,core_graph_album,resolved,musicbrainz_ws2,high,109,11,Kenny Rogers,The Gambler,1978,1440840359,8c318de7-c3f5-37cd-9906-5fc38d238c40,6dd032e7-b75f-4165-8d80-0230df04d28f,https://musicbrainz.org/release/6dd032e7-b75f-4165-8d80-0230df04d28f,
album|kenny rogers|kenny,Kenny Rogers,Kenny,1979,1,033,core_graph_album,resolved,musicbrainz_ws2,high,109,11,Kenny Rogers,Kenny,1979-09-10,1443292623,57886d9d-67f4-32c4-a791-c43cd56f7589,6e6ad6b1-ed3e-42ed-af9c-ddc1b5504967,https://musicbrainz.org/release/6e6ad6b1-ed3e-42ed-af9c-ddc1b5504967,
album|kesha|animal,Kesha,Animal,2010,1,090,core_graph_album,resolved,musicbrainz_ws2,medium,84,18,Kesha,Animal (Brownie remix),2014-01-16,381237317,1c098125-0174-4080-8063-798dc6a9511c,090413da-79e1-46b6-8e79-74a23933bcfb,https://musicbrainz.org/release/090413da-79e1-46b6-8e79-74a23933bcfb,
album|khruangbin|con todo el mundo,Khruangbin,Con Todo el Mundo,2018,1,117,core_graph_album,resolved,musicbrainz_ws2,high,109,10,Khruangbin,Con Todo El Mundo,2018-01-26,1299241642,62074290-985b-4220-a796-b752112e73c7,4be644ae-4b0c-4a4c-a997-1b0e7b0f2301,https://musicbrainz.org/release/4be644ae-4b0c-4a4c-a997-1b0e7b0f2301,
album|khruangbin|mordechai,Khruangbin,Mordechai,2020,1,117,core_graph_album,resolved,musicbrainz_ws2,high,109,10,Khruangbin,Mordechai,2020-06-26,1501585499,53e6ec80-ddc7-4db8-80f8-5e081545c856,5df93fdf-7763-40eb-9b17-3c938c2fb545,https://musicbrainz.org/release/5df93fdf-7763-40eb-9b17-3c938c2fb545,
album|kid cudi|man on the moon the end of day,Kid Cudi,Man on the Moon: The End of Day,2009,1,051,core_graph_album,resolved,musicbrainz_ws2,high,109,15,Kid Cudi,Man on the Moon: The End of Day,2009-09-15,1443864602,1b4bb003-db4c-4858-84ec-817aaca09501,649dc67c-c58a-41cd-af5b-57b2fff754c8,https://musicbrainz.org/release/649dc67c-c58a-41cd-af5b-57b2fff754c8,
album|kid laroi|first time,The Kid LAROI,The First Time,2023,1,093,core_graph_album,resolved,musicbrainz_ws2,high,109,19,The Kid LAROI,THE FIRST TIME,2023-12-05,1895174191,c7dfea50-73db-4200-ac9a-3da2285604d4,adb7389e-d1ee-4c66-abec-28e2670619a3,https://musicbrainz.org/release/adb7389e-d1ee-4c66-abec-28e2670619a3,
album|kidz bop|kidz bop,Kidz Bop,Kidz Bop,2001,1,114,false_nearby_candidate,resolved,musicbrainz_ws2,medium,94,18,Kidz Bop,Kidz Bop 5,2004-02-24,1440930066,a8746e0d-57ea-3639-8c2e-facf80759e91,109ed232-a5d9-4f05-a47a-a6881395fe46,https://musicbrainz.org/release/109ed232-a5d9-4f05-a47a-a6881395fe46,
album|killers|direct hits,The Killers,Direct Hits,2013,1,113,false_nearby_candidate,resolved,musicbrainz_ws2,high,109,15,The Killers,Direct Hits,2013-11-11,1440891166,a2693fde-a18c-49dc-9173-456501d406ee,72209af9-c6a5-4c88-9831-b48dc3664857,https://musicbrainz.org/release/72209af9-c6a5-4c88-9831-b48dc3664857,
album|killers|hot fuss,The Killers,Hot Fuss,2004,1,080,boundary_candidate,resolved,musicbrainz_ws2,high,109,12,The Killers,Hot Fuss,2004-06-15,1526194184,e8c09b4e-33ae-368b-8f70-24b4e14fb9ad,40c922b2-c9b9-4681-8c0d-849194791227,https://musicbrainz.org/release/40c922b2-c9b9-4681-8c0d-849194791227,
album|killing joke|killing joke,Killing Joke,Killing Joke,1980,1,056,core_graph_album,resolved,musicbrainz_ws2,high,109,13,Killing Joke,Killing Joke,1980,1698411208,30a8c233-66ab-3ceb-87e2-bda76f4164ca,f6682374-2f90-332a-8299-f17326680bad,https://musicbrainz.org/release/f6682374-2f90-332a-8299-f17326680bad,
album|killing joke|night time,Killing Joke,Night Time,1985,1,065,core_graph_album,resolved,musicbrainz_ws2,high,109,17,Killing Joke,Night Time,1986,1698417124,11851270-b38e-3d60-a3ae-972a1e98d326,145af623-e254-3091-99eb-c243b322de9d,https://musicbrainz.org/release/145af623-e254-3091-99eb-c243b322de9d,
album|kills|keep on your mean side,The Kills,Keep on Your Mean Side,2003,1,079,core_graph_album,resolved,musicbrainz_ws2,high,109,17,The Kills,Keep on Your Mean Side,2003-04-01,1801960090,0a69d205-68fe-35cf-8387-aaaa7d854ed1,b57185c3-79c3-4079-aadf-0de3f11e6b4d,https://musicbrainz.org/release/b57185c3-79c3-4079-aadf-0de3f11e6b4d,
album|kills|midnight boom,The Kills,Midnight Boom,2008,1,079,core_graph_album,resolved,musicbrainz_ws2,high,109,13,The Kills,Midnight Boom,2008-03-18,274631770,c7c6de58-87ce-3e86-9e29-bfdae583e738,9da16242-9cd9-4adf-a0d4-ab762dd0db11,https://musicbrainz.org/release/9da16242-9cd9-4adf-a0d4-ab762dd0db11,
album|killswitch engage|alive or just breathing,Killswitch Engage,Alive or Just Breathing,2002,1,067,core_graph_album,resolved,musicbrainz_ws2,high,109,12,Killswitch Engage,Alive or Just Breathing,2002-05-13,214476864,f2f3d37e-7099-37c4-8e94-085b3b4a374a,0f4f5156-fcfc-447c-b1d8-b596b8c38bc0,https://musicbrainz.org/release/0f4f5156-fcfc-447c-b1d8-b596b8c38bc0,
album|killswitch engage|end of heartache,Killswitch Engage,The End of Heartache,2004,1,067,core_graph_album,resolved,musicbrainz_ws2,high,109,12,Killswitch Engage,The End of Heartache,2004-05-11,214628864,7fef0d18-8c73-3c82-811c-a62a0a92859d,21a9b12f-3a28-454d-af9e-31a918e00cd4,https://musicbrainz.org/release/21a9b12f-3a28-454d-af9e-31a918e00cd4,
album|king crimson|in the court of the crimson king,King Crimson,In the Court of the Crimson King,1969,1,018,core_graph_album,resolved,musicbrainz_ws2,high,109,8,King Crimson,In the Court of the Crimson King,1969-10-10,918534711,a50636b5-5233-3329-a7f3-dba3d0e00ef7,78f85aec-3efc-3d32-91a4-41b499e399c5,https://musicbrainz.org/release/78f85aec-3efc-3d32-91a4-41b499e399c5,
album|king gizzard and the lizard wizard|butterfly 3000,King Gizzard & the Lizard Wizard,Butterfly 3000,2021,1,117,core_graph_album,resolved,musicbrainz_ws2,high,109,10,King Gizzard & the Lizard Wizard,Butterfly 3000,2021-06-11,1569279719,0d818618-f507-4a76-a245-7b9c86738b68,793e1cc3-f568-4b5c-b160-b39ecd5ac007,https://musicbrainz.org/release/793e1cc3-f568-4b5c-b160-b39ecd5ac007,
album|kinks|kinks,The Kinks,Kinks,1964,1,008,core_graph_album,resolved,musicbrainz_ws2,high,109,14,The Kinks,Kinks,1964-10-02,1439224904,874449ed-f27e-4e1b-923e-9f1aaef4cc06,51d42cce-38c9-47de-bc12-ed2fc5351f2c,https://musicbrainz.org/release/51d42cce-38c9-47de-bc12-ed2fc5351f2c,
album|kinks|kinks are the village green preservation society,The Kinks,The Kinks Are the Village Green Preservation Society,1968,1,015,boundary_candidate,resolved,musicbrainz_ws2,high,109,15,The Kinks,The Kinks Are the Village Green Preservation Society,1969-01,1415003287,4516a30e-939c-3b2b-a8ea-f94ae418d3a6,f1f670f2-5fd6-36b5-aaf7-24e4dcea9852,https://musicbrainz.org/release/f1f670f2-5fd6-36b5-aaf7-24e4dcea9852,
album|kirk franklin|god s property,Kirk Franklin,God's Property,1997,1,108,context_candidate,resolved,musicbrainz_ws2,high,109,13,Kirk Franklin,God's Property,1997,423931465,2e3d507a-fe6c-3810-bcad-5b33b308ecb3,324bd525-16e7-42c1-aa09-b7aefa134bc3,https://musicbrainz.org/release/324bd525-16e7-42c1-aa09-b7aefa134bc3,
album|kiss|alive,Kiss,Alive!,1975,1,017,core_graph_album,resolved,musicbrainz_ws2,high,109,16,KISS,Alive!,1975-09-10,1853653621,aa876c87-138c-339b-8176-abacb4e45259,00c8c9e2-e369-4273-b0ef-a95a0c113001,https://musicbrainz.org/release/00c8c9e2-e369-4273-b0ef-a95a0c113001,
album|kitchens of distinction|strange free world,Kitchens of Distinction,Strange Free World,1991,1,073,core_graph_album,resolved,musicbrainz_ws2,high,106,10,Kitchens of Distinction,Strange Free World,1991-02-19,1299907534,278a7d7b-8c72-31dd-8626-347188371ab3,c85ae277-aba4-3634-8adc-08583a536b6d,https://musicbrainz.org/release/c85ae277-aba4-3634-8adc-08583a536b6d,
album|kmfdm|nihil,KMFDM,Nihil,1995,1,065,core_graph_album,resolved,musicbrainz_ws2,high,109,11,KMFDM,Nihil,1995-04-04,413176758,f8a4b18f-7cdb-3c80-8158-b758fcbf59a0,57c5b27b-e472-49e7-a53b-666f4c50d835,https://musicbrainz.org/release/57c5b27b-e472-49e7-a53b-666f4c50d835,
album|knack|get the knack,The Knack,Get the Knack,1979,1,021,core_graph_album,resolved,musicbrainz_ws2,high,109,12,The Knack,Get the Knack,1979-06-11,716268020,379f3adb-20a6-365a-9b90-6fdf34beb16b,489e7f56-d73e-3772-9229-c45375da5e5b,https://musicbrainz.org/release/489e7f56-d73e-3772-9229-c45375da5e5b,
album|knife|silent shout,The Knife,Silent Shout,2006,1,085,core_graph_album,resolved,musicbrainz_ws2,high,109,11,The Knife,Silent Shout,2006-03-20,1489763587,02c05025-e031-30a0-afee-d92cea9d79dd,2175238f-7ea9-4aef-b646-516357c4fb4b,https://musicbrainz.org/release/2175238f-7ea9-4aef-b646-516357c4fb4b,
album|koe wetzel|harold saul high,Koe Wetzel,Harold Saul High,2019,1,036,core_graph_album,resolved,musicbrainz_ws2,high,109,15,Koe Wetzel,Harold Saul High,2019-06-21,1707394391,7a701bb4-8bdc-4c7f-a134-3b6dd9bafbeb,a19011e2-ef01-4c78-b835-a50119144f43,https://musicbrainz.org/release/a19011e2-ef01-4c78-b835-a50119144f43,
album|korn|follow the leader,Korn,Follow the Leader,1998,1,066,core_graph_album,resolved,musicbrainz_ws2,high,109,14,Korn,Follow the Leader,1998-08-18,1165630592,e47ad139-89f6-39e8-aa84-fe84c45aeb7d,1e8f0eda-b120-4495-aec6-416d83820697,https://musicbrainz.org/release/1e8f0eda-b120-4495-aec6-416d83820697,
album|korn|issues,Korn,Issues,1999,1,066,core_graph_album,resolved,musicbrainz_ws2,high,109,16,Korn,Issues,1999-11-16,193152832,c7497ce4-c746-3a75-946e-daa8ab117c47,40d2b064-27e4-3374-b961-86942c062bdc,https://musicbrainz.org/release/40d2b064-27e4-3374-b961-86942c062bdc,
album|korn|korn,Korn,Korn,1994,1,066,core_graph_album,resolved,musicbrainz_ws2,high,109,12,Korn,Korn,1994-10-11,423045626,aa08a002-2777-39cf-a554-e0988fc68030,fff55b9d-25b8-455e-93af-6d686746d7e9,https://musicbrainz.org/release/fff55b9d-25b8-455e-93af-6d686746d7e9,
album|kraftwerk|trans europe express,Kraftwerk,Trans-Europe Express,1977,1,087,core_graph_album,resolved,musicbrainz_ws2,low,88,8,Kraftwerk,Trans Europe Express,1999,726144557,0e2b636a-3813-476e-898d-d027218e05d2,92f6308b-b167-40e9-895c-cd74b07678bd,https://musicbrainz.org/release/92f6308b-b167-40e9-895c-cd74b07678bd,selected_release_year_far_from_seed_year
album|kreator|extreme aggression,Kreator,Extreme Aggression,1989,1,062,core_graph_album,resolved,musicbrainz_ws2,high,109,23,Kreator,Extreme Aggression,1989,1438886922,6b51dbf6-ef23-394e-85e2-5d3beabd23c0,13dbf839-7b51-46c2-9a6e-f7db61082267,https://musicbrainz.org/release/13dbf839-7b51-46c2-9a6e-f7db61082267,
album|kreator|pleasure to kill,Kreator,Pleasure to Kill,1986,1,062,boundary_candidate,resolved,musicbrainz_ws2,high,109,12,Kreator,Pleasure to Kill,1986-11-01,1440510376,8dcae7a3-9e87-3089-90fc-56baffb245eb,ce696baa-55f6-4e20-83cc-c78fa4ae9cae,https://musicbrainz.org/release/ce696baa-55f6-4e20-83cc-c78fa4ae9cae,
album|kris kristofferson|kristofferson,Kris Kristofferson,Kristofferson,1970,1,032,core_graph_album,resolved,musicbrainz_ws2,high,109,12,Kris Kristofferson,Kristofferson,1970-06,1011273584,1052b616-c5c9-437b-9dd9-73cd79135bad,50adc3cb-589b-4e09-bca5-c4afca860e09,https://musicbrainz.org/release/50adc3cb-589b-4e09-bca5-c4afca860e09,
album|kris kristofferson|silver tongued devil and i,Kris Kristofferson,The Silver Tongued Devil and I,1971,1,032,core_graph_album,resolved,musicbrainz_ws2,high,109,10,Kris Kristofferson,The Silver Tongued Devil and I,1971,267712610,c6f9453d-f539-3298-bf25-295d0dbe13f3,def4391a-20f6-4215-bc7e-72d7bc49e1c7,https://musicbrainz.org/release/def4391a-20f6-4215-bc7e-72d7bc49e1c7,
album|krs one|edutainment,KRS-One,Edutainment,1990,1,046,core_graph_album,resolved,apple_itunes_search_api,high,100,21,Boogie Down Productions,Edutainment,1990-08-21,306669485,,,https://music.apple.com/us/album/edutainment/306669485?uo=4,manual_apple_override;manual_apple_override_artist_differs_from_seed
album|krs one|return of the boom bap,KRS-One,Return of the Boom Bap,1993,1,046,core_graph_album,resolved,musicbrainz_ws2,high,109,14,KRS‐ONE,Return of the Boom Bap,1993-09-28,267251596,a03a1ce3-3e3e-31b1-92e5-9f142ba2ad0c,7d72a89d-8a2b-45a1-b3f9-3f5c216cce2a,https://musicbrainz.org/release/7d72a89d-8a2b-45a1-b3f9-3f5c216cce2a,
album|kruder and dorfmeister|kandd sessions,Kruder & Dorfmeister,The K&D Sessions,1998,1,084,core_graph_album,resolved,musicbrainz_ws2,high,109,21,Kruder & Dorfmeister,The K&D Sessions™,1998-10-05,1613602443,5869d55e-9a35-3bca-be2c-f7ae47440c62,0fde0a95-231a-48cd-b910-72820d3644b0,https://musicbrainz.org/release/0fde0a95-231a-48cd-b910-72820d3644b0,
album|kt tunstall|eye to the telescope,KT Tunstall,Eye to the Telescope,2004,1,029,core_graph_album,resolved,musicbrainz_ws2,high,109,13,KT Tunstall,Eye to the Telescope,2005-02-07,724692632,1eb120cf-a4b5-3580-8f02-70f30b557f8d,f8cc5f2f-1671-407b-b746-731326a675d8,https://musicbrainz.org/release/f8cc5f2f-1671-407b-b746-731326a675d8,
album|kudasai|falling,Kudasai,Falling,2017,1,120,core_graph_album,resolved,apple_itunes_search_api,high,99,8,Kudasaibeats,Falling,2017-12-20,1326572909,,,https://music.apple.com/us/album/falling/1326572909?uo=4,
album|kupla|imaginary,Kupla,Imaginary,2021,1,120,core_graph_album,resolved,musicbrainz_ws2,high,103,14,Kupla,Imaginary,2019-02-25,1451389787,77061c25-1314-4317-88b0-0cea48fe63f1,bf80d69b-1eca-49e3-8d6f-9ff616bf61dc,https://musicbrainz.org/release/bf80d69b-1eca-49e3-8d6f-9ff616bf61dc,
album|kupla|kingdom in blue,Kupla,Kingdom in Blue,2020,1,120,core_graph_album,resolved,musicbrainz_ws2,high,109,8,Kupla,Kingdom in Blue,2020-02-29,1710114231,2174f85b-2de8-4a6d-9a99-22167f779c37,19e0f7f2-3354-4582-b24c-f224cc8f3fb3,https://musicbrainz.org/release/19e0f7f2-3354-4582-b24c-f224cc8f3fb3,
album|kurtis blow|kurtis blow,Kurtis Blow,Kurtis Blow,1980,1,045,core_graph_album,resolved,musicbrainz_ws2,high,109,9,Kurtis Blow,Kurtis Blow,1980,1442217354,23dcff59-098c-3721-b595-1060a488b12c,99c09599-92b6-434e-abcf-4f60fa0a7c97,https://musicbrainz.org/release/99c09599-92b6-434e-abcf-4f60fa0a7c97,
album|kurtis blow|tough,Kurtis Blow,Tough,1982,1,045,core_graph_album,resolved,musicbrainz_ws2,high,109,5,Kurtis Blow,Tough,1982,,ba7198d0-4431-320a-9d0e-eee594ce80e3,930db14d-33a1-40cc-b302-8542541b8f0a,https://musicbrainz.org/release/930db14d-33a1-40cc-b302-8542541b8f0a,
album|kyuss|and the circus leaves town,Kyuss,...And the Circus Leaves Town,1995,1,064,core_graph_album,resolved,musicbrainz_ws2,high,109,11,Kyuss,…And the Circus Leaves Town,1995-07-11,207914986,3fba4dd1-557a-3a71-9a67-930146939c3e,43efeaab-bf01-4751-9646-d9b4d7b03096,https://musicbrainz.org/release/43efeaab-bf01-4751-9646-d9b4d7b03096,
album|kyuss|blues for the red sun,Kyuss,Blues for the Red Sun,1992,1,064,core_graph_album,resolved,musicbrainz_ws2,high,109,14,Kyuss,Blues for the Red Sun,1992-06-30,213508542,816f2753-e709-3b10-ad93-e4c1af7aea6c,d9febdc9-c13c-3a62-9abd-5e52cf4d99be,https://musicbrainz.org/release/d9febdc9-c13c-3a62-9abd-5e52cf4d99be,
album|kyuss|welcome to sky valley,Kyuss,Welcome to Sky Valley,1994,1,064,core_graph_album,resolved,musicbrainz_ws2,high,109,10,Kyuss,Welcome to Sky Valley,1994-06-28,207973376,eecc24d6-b4ba-39a9-818f-a6ec14a9a04f,611f1571-3665-3dff-8472-8cc8e4180952,https://musicbrainz.org/release/611f1571-3665-3dff-8472-8cc8e4180952,
album|l7|bricks are heavy,L7,Bricks Are Heavy,1992,1,070,core_graph_album,resolved,musicbrainz_ws2,high,109,11,L7,Bricks Are Heavy,1992-04-14,309736061,9f7bedef-5588-3bca-8c81-06a102c4eb8d,ef4b7301-2e68-41ce-8e6a-2af73cac7328,https://musicbrainz.org/release/ef4b7301-2e68-41ce-8e6a-2af73cac7328,
album|l7|hungry for stink,L7,Hungry for Stink,1994,1,070,core_graph_album,resolved,musicbrainz_ws2,high,109,12,L7,Hungry for Stink,1994-07-12,309582523,9b0d70e2-ca9f-35da-9465-02d459f69d9a,f421b988-09d5-4287-9fa7-2812cd183d1c,https://musicbrainz.org/release/f421b988-09d5-4287-9fa7-2812cd183d1c,
album|lady gaga|artpop,Lady Gaga,Artpop,2013,1,091,core_graph_album,resolved,musicbrainz_ws2,high,109,14,Lady Gaga,ARTPOP,2013-11-11,1451767863,815b31d8-b972-48a7-b74a-38c49a277676,4b770610-8bb6-4de4-8666-d1acb9940fe9,https://musicbrainz.org/release/4b770610-8bb6-4de4-8666-d1acb9940fe9,
album|lady gaga|fame,Lady Gaga,The Fame,2008,1,090,core_graph_album,resolved,musicbrainz_ws2,high,109,15,Lady Gaga,The Fame,2008-09-06,1440818588,e5495719-b3ad-3eea-a533-fb70af43c23d,053a9be4-5c11-4735-9071-b4c142cd14ee,https://musicbrainz.org/release/053a9be4-5c11-4735-9071-b4c142cd14ee,
album|lady gaga|fame monster,Lady Gaga,The Fame Monster,2009,1,090,core_graph_album,resolved,musicbrainz_ws2,high,104,9,Lady Gaga,The Fame Monster,2009-11-23,1440860294,20b4c8b3-e922-44a3-90e8-fa00acad8ed4,b01c4fd4-5984-3e86-a96d-8c72fa9cf62e,https://musicbrainz.org/release/b01c4fd4-5984-3e86-a96d-8c72fa9cf62e,
album|lady gaga|joanne,Lady Gaga,Joanne,2016,1,091,core_graph_album,resolved,musicbrainz_ws2,high,109,11,Lady Gaga,Joanne,2016-10-21,1440895544,b3d4aef6-749f-40c1-b8f0-e763bde8cfdc,34fcd2ed-ec25-4662-8a38-391b81ebf405,https://musicbrainz.org/release/34fcd2ed-ec25-4662-8a38-391b81ebf405,
album|lainey wilson|bell bottom country,Lainey Wilson,Bell Bottom Country,2022,1,035,core_graph_album,resolved,musicbrainz_ws2,high,109,16,Lainey Wilson,Bell Bottom Country,2022-12-05,1653428056,c7c529f4-ec0d-4414-a20e-554e5e1feeae,0994634e-9199-4f4c-901c-6e9cc3d02384,https://musicbrainz.org/release/0994634e-9199-4f4c-901c-6e9cc3d02384,
album|lana del rey|born to die,Lana Del Rey,Born to Die,2012,1,091,boundary_candidate,resolved,musicbrainz_ws2,high,109,13,Lana Del Rey,Born to Die,2012-01-30,1440811595,4b16a1bc-8644-48ae-9b3e-8ae36aa30cfc,214a43c7-5dea-4808-962a-68d2a6490b90,https://musicbrainz.org/release/214a43c7-5dea-4808-962a-68d2a6490b90,
album|lana del rey|norman fucking rockwell,Lana Del Rey,Norman Fucking Rockwell!,2019,1,091,core_graph_album,resolved,musicbrainz_ws2,high,109,14,Lana Del Rey,Norman Fucking Rockwell!,2019-08-30,1474669063,24fd0887-9e83-42e3-b27e-e7f89ead4c03,330994f3-f7b1-44f6-aeca-15a228f29b51,https://musicbrainz.org/release/330994f3-f7b1-44f6-aeca-15a228f29b51,
album|lang lang|chopin album,Lang Lang,The Chopin Album,2012,1,103,boundary_candidate,resolved,musicbrainz_ws2,high,101,19,Chopin; Lang Lang,The Chopin Album,2012-10-09,1071950074,e59ba0f9-6dbc-45f8-926c-13c373e7f492,84b0e3b8-6d23-44f3-960e-38d10491fc70,https://musicbrainz.org/release/84b0e3b8-6d23-44f3-960e-38d10491fc70,
album|larry heard|sceneries not songs volume one,Larry Heard,"Sceneries Not Songs, Volume One",1994,1,081,core_graph_album,resolved,musicbrainz_ws2,high,109,9,Larry Heard,"Sceneries Not Songs, Volume One",1994,1706159425,24175d5f-adf5-463d-b39f-c534bafbd9f0,edafbf6e-e9ae-4efe-ac6f-bbaeb61d9a2f,https://musicbrainz.org/release/edafbf6e-e9ae-4efe-ac6f-bbaeb61d9a2f,
album|larsen feiten band|larsen feiten band,Larsen-Feiten Band,Larsen-Feiten Band,1980,1,023,core_graph_album,resolved,musicbrainz_ws2,medium,93,8,Larsen/Feiten Band,Larsen/Feiten Band,2005,375620554,52b6dd79-6180-4650-9c2e-0a60de063e92,6462f047-7425-440e-bbe9-dafa663f8d63,https://musicbrainz.org/release/6462f047-7425-440e-bbe9-dafa663f8d63,selected_release_year_far_from_seed_year
album|last dinner party|prelude to ecstasy,The Last Dinner Party,Prelude to Ecstasy,2024,1,115,core_graph_album,resolved,musicbrainz_ws2,high,109,12,The Last Dinner Party,Prelude to Ecstasy,2024-02-02,1716063932,e279319c-2121-44c5-a93a-204492bfe7a6,65a6eaa3-4e73-4324-aec7-6297b75983aa,https://musicbrainz.org/release/65a6eaa3-4e73-4324-aec7-6297b75983aa,
album|laura nyro|eli and the thirteenth confession,Laura Nyro,Eli and the Thirteenth Confession,1968,1,024,core_graph_album,resolved,musicbrainz_ws2,high,109,13,Laura Nyro,Eli and the Thirteenth Confession,1968,251016022,c5410670-fce4-3139-9fab-6806d79171c5,475ef81f-3cff-47ad-becf-f4d5c32b2d99,https://musicbrainz.org/release/475ef81f-3cff-47ad-becf-f4d5c32b2d99,
album|laura nyro|new york tendaberry,Laura Nyro,New York Tendaberry,1969,1,024,core_graph_album,resolved,musicbrainz_ws2,high,109,11,Laura Nyro,New York Tendaberry,1969,192480377,34b5e032-0eac-3c6d-ace2-fb0844d34474,04441d87-28e4-46a6-99ca-e118023e9609,https://musicbrainz.org/release/04441d87-28e4-46a6-99ca-e118023e9609,
album|lauren daigle|look up child,Lauren Daigle,Look Up Child,2018,1,109,context_candidate,resolved,musicbrainz_ws2,high,109,13,Lauren Daigle,Look Up Child,2018-09-07,1447184494,ed2bd705-f873-4053-906e-4d410fcd0972,150f9347-bcba-462f-b727-53b9aa3d803e,https://musicbrainz.org/release/150f9347-bcba-462f-b727-53b9aa3d803e,
album|laurie berkner band|whaddaya think of that,The Laurie Berkner Band,Whaddaya Think of That?,1997,1,114,core_graph_album,resolved,apple_itunes_search_api,high,109,21,The Laurie Berkner Band,Whaddaya Think of That?,1997-05-25,1442224467,,,https://music.apple.com/us/album/whaddaya-think-of-that/1442224467?uo=4,
album|lauryn hill|miseducation of lauryn hill,Lauryn Hill,The Miseducation of Lauryn Hill,1998,2,043;050,core_graph_album,resolved,musicbrainz_ws2,high,109,16,Lauryn Hill,The Miseducation of Lauryn Hill,1998-08-25,1276760743,8691d12c-abd8-385c-b1eb-d841190124f7,4f931a2b-98eb-49bb-94b7-0ec62dcfe644,https://musicbrainz.org/release/4f931a2b-98eb-49bb-94b7-0ec62dcfe644,
album|lcd soundsystem|sound of silver,LCD Soundsystem,Sound of Silver,2007,1,085,core_graph_album,resolved,musicbrainz_ws2,high,109,9,LCD Soundsystem,Sound of Silver,2007-03-12,742432549,5cbcdd9f-4b7d-3b3c-b9f2-6b0e75971157,59ce7d03-4fa5-4676-b042-25d0e61f4e8d,https://musicbrainz.org/release/59ce7d03-4fa5-4676-b042-25d0e61f4e8d,
album|lcd soundsystem|this is happening,LCD Soundsystem,This Is Happening,2010,1,085,core_graph_album,resolved,musicbrainz_ws2,high,109,11,LCD Soundsystem,This Is Happening,2010-05-17,693387639,8898e5eb-48aa-4eea-8569-d3a2e9adaf02,0603be02-a485-3756-99e2-b5f0115e6c51,https://musicbrainz.org/release/0603be02-a485-3756-99e2-b5f0115e6c51,
album|leann rimes|blue,LeAnn Rimes,Blue,1996,1,033,core_graph_album,resolved,musicbrainz_ws2,high,109,11,LeAnn Rimes,Blue,1996-07-09,68870764,dfad1c79-be02-3cf4-8d16-1ba95807b841,ff4ddbad-a8f7-4479-a9d8-0f52f9d5e867,https://musicbrainz.org/release/ff4ddbad-a8f7-4479-a9d8-0f52f9d5e867,
album|led zeppelin|led zeppelin ii,Led Zeppelin,Led Zeppelin II,1969,1,017,core_graph_album,resolved,musicbrainz_ws2,high,109,9,Led Zeppelin,Led Zeppelin II,1969,580708374,33b4653d-006e-3cc1-8afb-386b15a6cd6e,35317cff-f99a-4baf-93b0-bb456190c480,https://musicbrainz.org/release/35317cff-f99a-4baf-93b0-bb456190c480,
album|led zeppelin|led zeppelin iv,Led Zeppelin,Led Zeppelin IV,1971,1,016,core_graph_album,resolved,musicbrainz_ws2,high,109,8,Led Zeppelin,[Led Zeppelin IV],1971-11-08,580708175,2e61da88-39e9-3473-81d2-c964cb394952,71eafe5d-33b0-4e41-9b51-754b8450302e,https://musicbrainz.org/release/71eafe5d-33b0-4e41-9b51-754b8450302e,
album|led zeppelin|physical graffiti,Led Zeppelin,Physical Graffiti,1975,1,016,core_graph_album,resolved,musicbrainz_ws2,high,109,15,Led Zeppelin,Physical Graffiti,1975-02-24,580707980,116c9490-6af4-3827-8261-2d5b1f508fe7,0d06025c-afff-49fd-a1db-8005e686e4d9,https://musicbrainz.org/release/0d06025c-afff-49fd-a1db-8005e686e4d9,
album|left banke|walk away renee pretty ballerina,The Left Banke,Walk Away Renee/Pretty Ballerina,1967,1,012,core_graph_album,resolved,apple_itunes_search_api,high,109,11,The Left Banke,Walk Away Renée/Pretty Ballerina,1967-02-01,1479740109,,,https://music.apple.com/us/album/walk-away-ren%C3%A9e-pretty-ballerina/1479740109?uo=4,
album|lemon pipers|jungle marmalade,The Lemon Pipers,Jungle Marmalade,1968,1,013,core_graph_album,resolved,musicbrainz_ws2,high,109,10,The Lemon Pipers,Jungle Marmalade,1968,1065977970,d2982ae1-f671-4ac1-b32d-efa5fa25a7f7,75503c38-0d80-432f-80d3-b70800311661,https://musicbrainz.org/release/75503c38-0d80-432f-80d3-b70800311661,
album|lemonheads|it s a shame about ray,The Lemonheads,It's a Shame About Ray,1992,1,075,core_graph_album,resolved,musicbrainz_ws2,high,104,4,The Lemonheads,It’s a Shame About Ray,1992,1716979934,6f75c9c0-29f6-43c5-9373-7076ee6a9177,9c88c251-1090-4e26-bac5-cd779686209e,https://musicbrainz.org/release/9c88c251-1090-4e26-bac5-cd779686209e,
album|leonard cohen|songs from a room,Leonard Cohen,Songs from a Room,1969,1,024,core_graph_album,resolved,musicbrainz_ws2,high,109,10,Leonard Cohen,Songs From a Room,1969-04,185985535,0c0d5696-5d29-3809-8b79-4bf1320f0353,9d42c47e-aefa-48e4-855f-32bb3ce8f59a,https://musicbrainz.org/release/9d42c47e-aefa-48e4-855f-32bb3ce8f59a,
album|leonard cohen|songs of leonard cohen,Leonard Cohen,Songs of Leonard Cohen,1967,1,024,core_graph_album,resolved,musicbrainz_ws2,high,109,10,Leonard Cohen,Songs of Leonard Cohen,1967-12,1826864082,34291a49-8df9-304e-bd39-16b11d829d5f,32017e37-342e-4263-99f2-9aea53e63f0a,https://musicbrainz.org/release/32017e37-342e-4263-99f2-9aea53e63f0a,
album|lesley gore|i ll cry if i want to,Lesley Gore,I'll Cry If I Want To,1963,2,004;005,core_graph_album,resolved,musicbrainz_ws2,high,109,12,Lesley Gore,I’ll Cry If I Want To,1963-06,1444105522,0aa41e74-a1ce-3c93-9e44-b2ba82ac0616,96f8125f-c565-440c-b069-2f65c1ad503b,https://musicbrainz.org/release/96f8125f-c565-440c-b069-2f65c1ad503b,
album|less than jake|losing streak,Less Than Jake,Losing Streak,1996,1,076,core_graph_album,resolved,musicbrainz_ws2,high,109,16,Less Than Jake,Losing Streak,1996-11-12,723527271,979a59e6-0e2e-3a71-a8e8-ea55352ada69,9bc4688e-2268-4765-9d1c-f7c7d621304c,https://musicbrainz.org/release/9bc4688e-2268-4765-9d1c-f7c7d621304c,
album|let s active|cypress,Let's Active,Cypress,1984,1,069,core_graph_album,resolved,musicbrainz_ws2,high,109,13,Let's Active,Cypress,1984,1851339213,a79cc4a7-3733-380b-b00d-c4223b05b4ba,d4d2fab9-eb88-4c03-9fe8-eab5c503865b,https://musicbrainz.org/release/d4d2fab9-eb88-4c03-9fe8-eab5c503865b,
album|letters to cleo|aurora gory alice,Letters to Cleo,Aurora Gory Alice,1993,1,074,core_graph_album,resolved,musicbrainz_ws2,high,109,10,Letters to Cleo,Aurora Gory Alice,1993,298888785,c7c1f212-1f9b-32a7-ae2a-2cd141cf324b,413420ec-fa3c-4740-8508-fd4122782709,https://musicbrainz.org/release/413420ec-fa3c-4740-8508-fd4122782709,
album|lewis capaldi|divinely uninspired to a hellish extent,Lewis Capaldi,Divinely Uninspired to a Hellish Extent,2019,1,092,core_graph_album,resolved,musicbrainz_ws2,high,109,12,Lewis Capaldi,Divinely Uninspired to a Hellish Extent,2019-11-22,1452618876,f1849099-2dfa-42b8-a3fc-a8248938578f,032e8a9c-d90f-4b02-9745-da584afd4d0a,https://musicbrainz.org/release/032e8a9c-d90f-4b02-9745-da584afd4d0a,
album|libertines|up the bracket,The Libertines,Up the Bracket,2002,1,079,core_graph_album,resolved,musicbrainz_ws2,high,109,12,The Libertines,Up the Bracket,2002,260021836,21c7323a-88c3-3800-92c4-b09715d79811,3ffbb533-fb0c-4a36-8df6-270f235e6c24,https://musicbrainz.org/release/3ffbb533-fb0c-4a36-8df6-270f235e6c24,
album|lifehouse|no name face,Lifehouse,No Name Face,2000,1,071,core_graph_album,resolved,musicbrainz_ws2,high,109,12,Lifehouse,No Name Face,2000,1440768163,ae76bd62-2ca4-3665-a061-9674a6397998,b22f536d-6739-4724-a4ac-2836f650e47f,https://musicbrainz.org/release/b22f536d-6739-4724-a4ac-2836f650e47f,
album|lil baby and gunna|drip harder,Lil Baby and Gunna,Drip Harder,2018,1,052,core_graph_album,resolved,musicbrainz_ws2,high,109,13,Lil Baby & Gunna,Drip Harder,2018-10-05,1437955279,f8a9f84c-3006-48c1-ab02-3a83623496a9,8aad2916-9062-423d-92fc-5150f8871196,https://musicbrainz.org/release/8aad2916-9062-423d-92fc-5150f8871196,
album|lil baby|my turn,Lil Baby,My Turn,2020,1,052,core_graph_album,resolved,musicbrainz_ws2,high,109,20,Lil Baby,My Turn,2020-02-28,1498988850,77586fd3-4316-4a16-af35-51336d51df5d,63f7e31b-132f-40f1-8d72-56420a913607,https://musicbrainz.org/release/63f7e31b-132f-40f1-8d72-56420a913607,
album|lil jon and the east side boyz|kings of crunk,Lil Jon & The East Side Boyz,Kings of Crunk,2002,1,049,core_graph_album,resolved,musicbrainz_ws2,high,109,19,Lil Jon & The East Side Boyz,Kings of Crunk,2002-10-08,311288074,ee1bc99b-50b1-3e43-9824-6544954f06f0,4bc26d8a-33ee-42d4-9987-39f66f74f858,https://musicbrainz.org/release/4bc26d8a-33ee-42d4-9987-39f66f74f858,
album|lil uzi vert|luv is rage 2,Lil Uzi Vert,Luv Is Rage 2,2017,1,052,core_graph_album,resolved,musicbrainz_ws2,high,109,16,Lil Uzi Vert,Luv Is Rage 2,2017-11-17,1274150514,0218232d-4b51-4315-a830-8fb91bd6e2c4,08e0a3f9-e6d7-47ac-a67d-04adb52f2683,https://musicbrainz.org/release/08e0a3f9-e6d7-47ac-a67d-04adb52f2683,
album|lil wayne|tha carter iii,Lil Wayne,Tha Carter III,2008,1,049,core_graph_album,resolved,musicbrainz_ws2,high,109,18,Lil Wayne,Tha Carter III,2008-06-09,1440737099,cb688885-74b2-4e9b-a18c-6102866151f2,918accb8-0f1e-4971-93ba-08ea3f8b8832,https://musicbrainz.org/release/918accb8-0f1e-4971-93ba-08ea3f8b8832,
album|limp bizkit|chocolate starfish and the hot dog flavored water,Limp Bizkit,Chocolate Starfish and the Hot Dog Flavored Water,2000,1,066,core_graph_album,resolved,musicbrainz_ws2,high,109,15,Limp Bizkit,Chocolate Starfish and the Hot Dog Flavored Water,2000-10-17,1440842682,55203b2f-314b-39c2-9e48-56a95e41a337,0d039543-bed7-4f57-9c53-0115a5b4d955,https://musicbrainz.org/release/0d039543-bed7-4f57-9c53-0115a5b4d955,
album|limp bizkit|significant other,Limp Bizkit,Significant Other,1999,1,066,false_nearby_candidate,resolved,musicbrainz_ws2,high,109,16,Limp Bizkit,Significant Other,1999-06-22,1440754472,2234d0c4-5ee5-3388-8baa-49bcb23ebbbd,148e9e65-ed17-480c-861a-8500dc6ba3cc,https://musicbrainz.org/release/148e9e65-ed17-480c-861a-8500dc6ba3cc,
album|linda ronstadt|what s new,Linda Ronstadt,What's New,1983,1,100,core_graph_album,resolved,musicbrainz_ws2,high,101,9,Linda Ronstadt & The Nelson Riddle Orchestra,What’s New,1983,872636535,12fc3ea8-16ad-34d2-ab00-ec3d43f9ff0f,891785fd-bf7b-4101-8b29-fd7c72b8fb46,https://musicbrainz.org/release/891785fd-bf7b-4101-8b29-fd7c72b8fb46,
album|lindsey stirling|lindsey stirling,Lindsey Stirling,Lindsey Stirling,2012,1,103,core_graph_album,resolved,musicbrainz_ws2,high,109,14,Lindsey Stirling,Lindsey Stirling,2012-09-18,719708098,9f4032f2-5e55-4f57-824e-a11bee19d19e,f989056f-e849-485b-9b86-50fe449912c6,https://musicbrainz.org/release/f989056f-e849-485b-9b86-50fe449912c6,
album|link wray|link wray and the wraymen,Link Wray,Link Wray & the Wraymen,1960,1,002,core_graph_album,resolved,musicbrainz_ws2,high,101,12,Link Wray & the Wraymen,Link Wray & the Wraymen,1960,,458e8c39-70c7-4884-9dad-1854c47d700a,1948ac46-e5d3-46dd-9c77-dd232294f94c,https://musicbrainz.org/release/1948ac46-e5d3-46dd-9c77-dd232294f94c,
album|linkin park|hybrid theory,Linkin Park,Hybrid Theory,2000,1,066,core_graph_album,resolved,musicbrainz_ws2,high,109,12,Linkin Park,Hybrid Theory,2000-10-24,528436018,b5b4bb4b-8ba5-3acf-88cb-4cae2699d8da,3689b1d4-fe96-4b9c-9e79-f7f3ea5f3c07,https://musicbrainz.org/release/3689b1d4-fe96-4b9c-9e79-f7f3ea5f3c07,
album|linkin park|meteora,Linkin Park,Meteora,2003,1,066,core_graph_album,resolved,musicbrainz_ws2,high,109,13,Linkin Park,Meteora,2003-03-25,528435845,09474d62-17dd-3a4f-98fb-04c65f38a479,e9b5c5ad-d91e-39d0-89fc-b8ac312bcc55,https://musicbrainz.org/release/e9b5c5ad-d91e-39d0-89fc-b8ac312bcc55,
album|lionel richie|can t slow down,Lionel Richie,Can't Slow Down,1983,1,088,core_graph_album,resolved,musicbrainz_ws2,high,109,8,Lionel Richie,Can’t Slow Down,1983-10-11,1440808868,cccdb1a1-333d-30e1-9486-81b8113e608a,0503f8b7-4637-4b14-90e0-550388f98081,https://musicbrainz.org/release/0503f8b7-4637-4b14-90e0-550388f98081,
album|liquid liquid|optimo,Liquid Liquid,Optimo,1983,1,054,core_graph_album,resolved,musicbrainz_ws2,high,104,4,Liquid Liquid,Optimo,1983-01-01,1403570064,4e447d21-dd4d-3d79-8b42-26485ba7621a,89268acb-06dd-4a67-85b7-e429d7e600f9,https://musicbrainz.org/release/89268acb-06dd-4a67-85b7-e429d7e600f9,
album|litter|distortions,The Litter,Distortions,1967,1,011,core_graph_album,resolved,musicbrainz_ws2,high,109,10,The Litter,Distortions,1967,1470158161,6e71d095-4840-3c20-ba29-a4ee0ef2c13c,16abf5d0-b6c5-4b82-ba51-6716fd0317e7,https://musicbrainz.org/release/16abf5d0-b6c5-4b82-ba51-6716fd0317e7,
album|little anthony and the imperials|greatest hits of little anthony and the imperials,Little Anthony and the Imperials,The Greatest Hits of Little Anthony and the Imperials,2005,1,003,core_graph_album,resolved,apple_itunes_search_api,medium,100,12,Little Anthony & The Imperials,The Greatest Hits of Little Anthony and the Imperials,2005-09-20,80004926,,,https://music.apple.com/us/album/the-greatest-hits-of-little-anthony-and-the-imperials/80004926?uo=4,manual_apple_override;manual_apple_override_confidence_medium
album|little feat|waiting for columbus,Little Feat,Waiting for Columbus,1978,1,019,core_graph_album,resolved,musicbrainz_ws2,high,109,17,Little Feat,Waiting for Columbus,1978,286757362,3a84d6fc-75d4-35aa-9288-51651acf2276,676f9f20-dc31-4f9a-bcc4-d12c11b23da1,https://musicbrainz.org/release/676f9f20-dc31-4f9a-bcc4-d12c11b23da1,
album|little peggy march|i will follow him,Little Peggy March,I Will Follow Him,1963,1,004,core_graph_album,resolved,musicbrainz_ws2,high,109,18,Little Peggy March,I Will Follow Him,1963,775437904,2b7ad1f4-1d9c-425f-808e-62ea832ae296,9e43f736-72e9-4184-9068-76450fbf7f44,https://musicbrainz.org/release/9e43f736-72e9-4184-9068-76450fbf7f44,
album|little richard|here s little richard,Little Richard,Here's Little Richard,1957,1,001,core_graph_album,resolved,musicbrainz_ws2,high,109,34,Little Richard,Here's Little Richard,1957-03,1440936634,a987042b-4fe0-35bb-9cca-7ff44b1ff5b4,492475e3-a815-476d-b97b-1e64305c9821,https://musicbrainz.org/release/492475e3-a815-476d-b97b-1e64305c9821,
album|little river band|greatest hits,Little River Band,Greatest Hits,1982,1,022,core_graph_album,resolved,musicbrainz_ws2,high,109,25,Little River Band,Greatest Hits,1982,1645806082,f54e7250-2360-35f1-be6a-b1324422d6f3,51fad020-eab6-4544-ba81-ae8bb6b9a0a4,https://musicbrainz.org/release/51fad020-eab6-4544-ba81-ae8bb6b9a0a4,
album|live|throwing copper,Live,Throwing Copper,1994,1,071,false_nearby_candidate,resolved,musicbrainz_ws2,high,109,14,Lïve,Throwing Copper,1994-04-19,1440486977,9f31404b-49d0-365e-935d-cb040b762abf,5cf8bec1-6677-405a-9d75-ac37efec5d91,https://musicbrainz.org/release/5cf8bec1-6677-405a-9d75-ac37efec5d91,
album|liz phair|exile in guyville,Liz Phair,Exile in Guyville,1993,1,074,core_graph_album,resolved,musicbrainz_ws2,high,109,18,Liz Phair,Exile in Guyville,1993-06-22,1589236833,c186db82-9988-367e-8486-2e38e9b6c8db,b08b6174-7f4d-4064-a4d8-b6824e0dc1c3,https://musicbrainz.org/release/b08b6174-7f4d-4064-a4d8-b6824e0dc1c3,
album|ll cool j|bigger and deffer,LL Cool J,Bigger and Deffer,1987,1,045,core_graph_album,resolved,musicbrainz_ws2,high,96,12,L.L. Cool J,Bigger and Deffer,1987,,c1952092-24a2-3a1e-8597-0dad68d7ab51,28240acf-4f3d-44bf-9081-102769688114,https://musicbrainz.org/release/28240acf-4f3d-44bf-9081-102769688114,
album|ll cool j|radio,LL Cool J,Radio,1985,1,045,core_graph_album,resolved,musicbrainz_ws2,high,96,11,L.L. Cool J,Radio,1985-11-18,,32511a9b-a392-35ce-8173-b4b262229fc4,39eae5d9-6070-4c6e-a32b-e068355b773c,https://musicbrainz.org/release/39eae5d9-6070-4c6e-a32b-e068355b773c,
album|lmfao|sorry for party rocking,LMFAO,Sorry for Party Rocking,2011,1,113,core_graph_album,resolved,musicbrainz_ws2,high,109,11,LMFAO,Sorry for Party Rocking,2011-06-21,1443124632,3be839a3-1d35-4846-aa64-9d1532648799,9197df9f-7f26-4498-af10-4eb5e67d6c8b,https://musicbrainz.org/release/9197df9f-7f26-4498-af10-4eb5e67d6c8b,
album|lord huron|lonesome dreams,Lord Huron,Lonesome Dreams,2012,1,030,core_graph_album,resolved,musicbrainz_ws2,high,109,11,Lord Huron,Lonesome Dreams,2012-10-09,1758066410,56174f36-62c3-4c68-87d3-0052a09a7132,37abdee9-22f7-4998-a0ad-b2f24fd7f9ed,https://musicbrainz.org/release/37abdee9-22f7-4998-a0ad-b2f24fd7f9ed,
album|lorde|melodrama,Lorde,Melodrama,2017,1,091,core_graph_album,resolved,musicbrainz_ws2,high,109,11,Lorde,Melodrama,2017-06-16,1429662346,668e80e0-b35e-4471-9788-0a3d797fe42c,04dda6c4-bd4b-4230-bc5c-dcf3cbc48ecc,https://musicbrainz.org/release/04dda6c4-bd4b-4230-bc5c-dcf3cbc48ecc,
album|lorde|pure heroine,Lorde,Pure Heroine,2013,1,091,boundary_candidate,resolved,musicbrainz_ws2,high,109,10,Lorde,Pure Heroine,2013-09-30,1440818584,8e8a1db7-1d43-44d3-9796-fd69f12730cb,f546b766-4b04-4781-b058-3d5e7dabc37d,https://musicbrainz.org/release/f546b766-4b04-4781-b058-3d5e7dabc37d,
album|loretta lynn|coal miner s daughter,Loretta Lynn,Coal Miner's Daughter,1970,1,031,core_graph_album,resolved,musicbrainz_ws2,high,109,11,Loretta Lynn,Coal Miner's Daughter,1970,1442878759,edca17e1-d696-3fc8-a22a-06d232f1f48f,0e66321a-98f2-4ecb-8774-ce6515db78d9,https://musicbrainz.org/release/0e66321a-98f2-4ecb-8774-ce6515db78d9,
album|loretta lynn|don t come home a drinkin with lovin on your mind,Loretta Lynn,Don't Come Home A-Drinkin' (With Lovin' on Your Mind),1967,1,031,core_graph_album,resolved,musicbrainz_ws2,high,109,12,Loretta Lynn,Don't Come Home A Drinkin' (With Lovin' on Your Mind),1967,1444207380,4ba8b8c5-e417-3862-b718-0eae1cd4b212,7b4b5cba-e9b1-47c9-8a64-64ea4be8a588,https://musicbrainz.org/release/7b4b5cba-e9b1-47c9-8a64-64ea4be8a588,
album|los tigres del norte|jefe de jefes,Los Tigres del Norte,Jefe de Jefes,1997,1,095,core_graph_album,resolved,musicbrainz_ws2,high,109,19,Los Tigres del Norte,Jefe de jefes,1997-06-17,1442962139,5debd614-fbf6-4984-96df-471e32398431,66119c5b-3d51-4675-9025-41854b97f8ce,https://musicbrainz.org/release/66119c5b-3d51-4675-9025-41854b97f8ce,
album|lou reed|transformer,Lou Reed,Transformer,1972,1,020,core_graph_album,resolved,musicbrainz_ws2,high,109,11,Lou Reed,Transformer,1972-11-08,976826793,6c8345df-f822-33af-b64a-eff2e46941b9,c0afd87f-2f90-4c4d-b69d-ec150660fa5a,https://musicbrainz.org/release/c0afd87f-2f90-4c4d-b69d-ec150660fa5a,
album|love|forever changes,Love,Forever Changes,1967,1,012,core_graph_album,resolved,musicbrainz_ws2,high,109,11,Love,Forever Changes,1967-11-01,1125521386,c7035bc6-6101-326f-992c-401d451c1716,559bdfab-5744-4986-812a-52de4678dd60,https://musicbrainz.org/release/559bdfab-5744-4986-812a-52de4678dd60,
album|lovin spoonful|daydream,The Lovin' Spoonful,Daydream,1966,1,010,core_graph_album,resolved,musicbrainz_ws2,high,109,17,The Lovin’ Spoonful,Daydream,1966,253838626,31526486-e532-3c98-a4d8-a2f05384eabe,b01a61fc-c446-45f9-922b-51c7c8650bae,https://musicbrainz.org/release/b01a61fc-c446-45f9-922b-51c7c8650bae,
album|lovin spoonful|hums of the lovin spoonful,The Lovin' Spoonful,Hums of the Lovin' Spoonful,1966,1,010,core_graph_album,resolved,musicbrainz_ws2,high,109,17,The Lovin’ Spoonful,Hums of the Lovin’ Spoonful,1966,253681108,318d54e2-9c63-3033-a24e-f3b19d316bbd,e8529a45-03eb-4f68-8183-4ccdc0375e14,https://musicbrainz.org/release/e8529a45-03eb-4f68-8183-4ccdc0375e14,
album|luciano pavarotti|essential pavarotti,Luciano Pavarotti,The Essential Pavarotti,1990,1,103,core_graph_album,resolved,musicbrainz_ws2,high,109,18,Luciano Pavarotti,The Essential Pavarotti,1990-02-28,1440713233,2084efde-494b-39e3-8d9f-426b4fafc881,2e082002-1619-4304-82e4-4c8aefbc8d5d,https://musicbrainz.org/release/2e082002-1619-4304-82e4-4c8aefbc8d5d,
album|lucinda williams|car wheels on a gravel road,Lucinda Williams,Car Wheels on a Gravel Road,1998,2,027;036,core_graph_album,resolved,musicbrainz_ws2,high,109,13,Lucinda Williams,Car Wheels on a Gravel Road,1998-06-30,1440915686,493de006-33bf-3404-9bb7-1f3b0c22ce05,386ec7ec-d3de-42d4-b5ac-71a0b547d384,https://musicbrainz.org/release/386ec7ec-d3de-42d4-b5ac-71a0b547d384,
album|lucinda williams|lucinda williams,Lucinda Williams,Lucinda Williams,1988,1,027,core_graph_album,resolved,musicbrainz_ws2,high,109,32,Lucinda Williams,Lucinda Williams,1988,1840270927,9868b6bf-6bf5-3d62-bdb9-a312694c34f1,933e0ef6-f0e6-4bb6-8a30-3ff4300af70e,https://musicbrainz.org/release/933e0ef6-f0e6-4bb6-8a30-3ff4300af70e,
album|lucy dacus|home video,Lucy Dacus,Home Video,2021,1,116,core_graph_album,resolved,musicbrainz_ws2,high,109,11,Lucy Dacus,Home Video,2021-06-25,1586471742,5cc3fbf0-bfcd-4b2d-9242-c353626764e6,1959fb64-0138-4877-9f8d-35ff214137e6,https://musicbrainz.org/release/1959fb64-0138-4877-9f8d-35ff214137e6,
album|ludacris|word of mouf,Ludacris,Word of Mouf,2001,1,049,core_graph_album,resolved,musicbrainz_ws2,high,109,18,Ludacris,Word of Mouf,2001-11-06,1440920531,ebc3e2cf-a96a-3bb6-aa3d-282d35155518,1747937a-ae8d-421d-8e78-c1f64965c6a3,https://musicbrainz.org/release/1747937a-ae8d-421d-8e78-c1f64965c6a3,
album|ludovico einaudi|divenire,Ludovico Einaudi,Divenire,2006,1,103,core_graph_album,resolved,musicbrainz_ws2,high,109,12,Ludovico Einaudi,Divenire,2007,1452504769,39f2c673-1387-4272-9db9-5f19d48e47cb,4694854e-5960-4fa2-b25e-46ad32707a31,https://musicbrainz.org/release/4694854e-5960-4fa2-b25e-46ad32707a31,
album|ludwig goransson|black panther,Ludwig Goransson,Black Panther,2018,1,107,context_candidate,resolved,musicbrainz_ws2,high,97,28,Ludwig Göransson,Black Panther: Original Score,2018-03-16,1440628690,b278f000-27d8-4d32-82c6-f5bf82bff3c0,6154edc6-615e-466c-b900-a8fa280b711f,https://musicbrainz.org/release/6154edc6-615e-466c-b900-a8fa280b711f,
album|luke bryan|crash my party,Luke Bryan,Crash My Party,2013,1,035,core_graph_album,resolved,musicbrainz_ws2,high,109,13,Luke Bryan,Crash My Party,2013,1440861846,f758ae7a-7eb0-4986-8b23-62631016f1bc,25184881-4fc1-4df3-8fdf-bccf0e5e6130,https://musicbrainz.org/release/25184881-4fc1-4df3-8fdf-bccf0e5e6130,
album|luke bryan|tailgates and tanlines,Luke Bryan,Tailgates & Tanlines,2011,1,035,core_graph_album,resolved,musicbrainz_ws2,high,109,13,Luke Bryan,Tailgates & Tanlines,2011-08-09,1617201744,23fffff0-5311-4b9f-b131-150a7ab60a55,8daf2bfc-9341-4f14-98ef-eaadfc139ebd,https://musicbrainz.org/release/8daf2bfc-9341-4f14-98ef-eaadfc139ebd,
album|luke combs|this one s for you,Luke Combs,This One's for You,2017,1,035,core_graph_album,resolved,musicbrainz_ws2,high,106,12,Luke Combs,This One’s for You,2017-06-02,1228887671,c2418821-b690-4cb8-9944-592386299150,1ea71a91-c940-42d7-92d8-0d1d56a842d8,https://musicbrainz.org/release/1ea71a91-c940-42d7-92d8-0d1d56a842d8,
album|lumineers|cleopatra,The Lumineers,Cleopatra,2016,1,030,core_graph_album,resolved,musicbrainz_ws2,high,109,11,The Lumineers,Cleopatra,2016-04-08,1754016727,3afcf111-fc5d-4b7c-9712-55d225f4b2eb,67c4aef8-fb47-4d02-b3b0-f60c198cbe9c,https://musicbrainz.org/release/67c4aef8-fb47-4d02-b3b0-f60c198cbe9c,
album|lumineers|lumineers,The Lumineers,The Lumineers,2012,1,030,core_graph_album,resolved,musicbrainz_ws2,high,109,11,The Lumineers,The Lumineers,2012-05-01,1754219081,0304f1e1-0547-4fd9-a0cc-90bfdb7945b0,92d9be20-158c-4bbe-9972-8bb72bd5115d,https://musicbrainz.org/release/92d9be20-158c-4bbe-9972-8bb72bd5115d,
album|luscious jackson|fever in fever out,Luscious Jackson,Fever In Fever Out,1996,1,074,core_graph_album,resolved,musicbrainz_ws2,high,109,14,Luscious Jackson,Fever in Fever Out,1996-10-29,724058279,6699ee3a-b3da-3f91-88ca-2caad58895da,2db887d1-43e4-4081-a8f4-67698801ee5b,https://musicbrainz.org/release/2db887d1-43e4-4081-a8f4-67698801ee5b,
album|lush|spooky,Lush,Spooky,1992,1,073,core_graph_album,resolved,musicbrainz_ws2,high,109,12,Lush,Spooky,1992-02-04,311187779,11cdf8e5-6ff5-351c-82ab-7971ae8b468b,798705ca-a488-4a53-887b-72652d767832,https://musicbrainz.org/release/798705ca-a488-4a53-887b-72652d767832,
album|luther vandross|never too much,Luther Vandross,Never Too Much,1981,1,041,core_graph_album,resolved,musicbrainz_ws2,high,109,7,Luther Vandross,Never Too Much,1981-08-12,190652453,6e49186d-ce5c-3686-86cd-021f0ce1eda3,866168fd-b5fc-4f22-8bd9-c06cb4cbb442,https://musicbrainz.org/release/866168fd-b5fc-4f22-8bd9-c06cb4cbb442,
album|luther vandross|night i fell in love,Luther Vandross,The Night I Fell in Love,1985,1,041,core_graph_album,resolved,musicbrainz_ws2,high,109,8,Luther Vandross,The Night I Fell in Love,1985-03-11,197979799,08eabad0-7d10-3b7a-beb4-abd40fc479f7,52854ce6-96a6-48ab-bf3c-8e39f7854837,https://musicbrainz.org/release/52854ce6-96a6-48ab-bf3c-8e39f7854837,
album|lydia lunch|queen of siam,Lydia Lunch,Queen of Siam,1980,1,054,core_graph_album,resolved,musicbrainz_ws2,high,109,11,Lydia Lunch,Queen of Siam,1980,,4d3ad50b-2440-3d8e-abd1-1ab21442ae85,c0dde90c-ad2c-46a6-bf36-699ad2fd0911,https://musicbrainz.org/release/c0dde90c-ad2c-46a6-bf36-699ad2fd0911,
album|lyle lovett|pontiac,Lyle Lovett,Pontiac,1987,1,027,core_graph_album,resolved,musicbrainz_ws2,high,109,11,Lyle Lovett,Pontiac,1987,259360529,fc445793-e990-35c1-9ed0-b01c42965908,82298693-edea-4c59-b74c-36275186cb2f,https://musicbrainz.org/release/82298693-edea-4c59-b74c-36275186cb2f,
album|lynyrd skynyrd|nuthin fancy,Lynyrd Skynyrd,Nuthin' Fancy,1975,1,019,core_graph_album,resolved,musicbrainz_ws2,high,109,8,Lynyrd Skynyrd,Nuthin’ Fancy,1975-03-24,1440843794,0174d5c3-5c7a-330f-aafe-ac7f0eef58d5,219d4c78-8c69-4bc9-88c8-eeab96480387,https://musicbrainz.org/release/219d4c78-8c69-4bc9-88c8-eeab96480387,
album|lynyrd skynyrd|pronounced leh nerd skin nerd,Lynyrd Skynyrd,Pronounced 'Leh-'nerd 'Skin-'nerd,1973,1,019,core_graph_album,resolved,musicbrainz_ws2,high,109,8,Lynyrd Skynyrd,(pronounced ’lĕh‐’nérd ’skin‐’nérd),1973-08-13,1440838012,33446893-8c9f-30b6-aa73-d719df371430,78fb8fba-a287-499c-b864-8eded02b6fb4,https://musicbrainz.org/release/78fb8fba-a287-499c-b864-8eded02b6fb4,
album|lynyrd skynyrd|second helping,Lynyrd Skynyrd,Second Helping,1974,1,019,core_graph_album,resolved,musicbrainz_ws2,high,109,8,Lynyrd Skynyrd,Second Helping,1974-04-15,1440846806,cbff20dc-1ed7-3579-9a60-c705e88bdf19,daa3a530-f353-455f-8d68-010988cb701b,https://musicbrainz.org/release/daa3a530-f353-455f-8d68-010988cb701b,
album|m i a|kala,M.I.A.,Kala,2007,1,099,core_graph_album,resolved,musicbrainz_ws2,high,109,18,M.I.A.,Kala,2007-08-21,296393419,44261ea6-06cf-3fd3-a05c-42dee49c295a,7f6c7f1b-abe3-356b-93fe-9c84f086eb2d,https://musicbrainz.org/release/7f6c7f1b-abe3-356b-93fe-9c84f086eb2d,
album|m83|hurry up we re dreaming,M83,"Hurry Up, We're Dreaming",2011,1,086,core_graph_album,resolved,musicbrainz_ws2,high,109,22,M83,"Hurry Up, We’re Dreaming",2011-10-18,828259375,5f898a60-acc5-48fc-a11b-2926084c0924,bd6ea0c6-f5cd-4abf-828a-38df69ad1969,https://musicbrainz.org/release/bd6ea0c6-f5cd-4abf-828a-38df69ad1969,
album|mac demarco|salad days,Mac DeMarco,Salad Days,2014,1,117,core_graph_album,resolved,musicbrainz_ws2,high,109,11,Mac DeMarco,Salad Days,2014-04-01,799685692,99c195d6-0247-48d0-83ab-640ecca7a74f,98a68512-5338-4e45-9998-1ee50150e4ff,https://musicbrainz.org/release/98a68512-5338-4e45-9998-1ee50150e4ff,
album|mad season|above,Mad Season,Above,1995,1,070,core_graph_album,resolved,musicbrainz_ws2,high,109,10,Mad Season,Above,1995-03-14,158602381,dfd71e05-6a88-3fed-87be-a09d466766e5,d73f3127-8750-423d-ba0e-304aa8803069,https://musicbrainz.org/release/d73f3127-8750-423d-ba0e-304aa8803069,
album|madison beer|silence between songs,Madison Beer,Silence Between Songs,2023,1,093,core_graph_album,resolved,musicbrainz_ws2,high,106,14,Madison Beer,Silence Between Songs,2023-09-15,1689299938,b65c057a-1290-4873-af8c-c6d5b4591db6,5f5f8777-3b5f-4d9a-a162-29a95dc0b317,https://musicbrainz.org/release/5f5f8777-3b5f-4d9a-a162-29a95dc0b317,
album|madonna|like a prayer,Madonna,Like a Prayer,1989,1,088,core_graph_album,resolved,musicbrainz_ws2,high,109,11,Madonna,Like a Prayer,1989-03-21,83448003,1f75a8df-176c-3d23-8f1f-b0c8935682ec,c611aa09-a713-47c3-a4a3-896c6902341e,https://musicbrainz.org/release/c611aa09-a713-47c3-a4a3-896c6902341e,
album|madonna|like a virgin,Madonna,Like a Virgin,1984,1,088,core_graph_album,resolved,musicbrainz_ws2,high,109,11,Madonna,Like a Virgin,1984,80815235,b69580b9-7050-3994-b544-4407a22c097a,27e2e516-04cc-4c21-bfda-92d47443ac46,https://musicbrainz.org/release/27e2e516-04cc-4c21-bfda-92d47443ac46,
album|madonna|true blue,Madonna,True Blue,1986,1,088,core_graph_album,resolved,musicbrainz_ws2,high,109,11,Madonna,True Blue,1986-07-01,80815611,eb9c3e50-cfa9-3502-af63-41d39c4c3fa6,5e8e3778-4b36-3cc6-9c0e-89e21bcfa507,https://musicbrainz.org/release/5e8e3778-4b36-3cc6-9c0e-89e21bcfa507,
album|magazine|real life,Magazine,Real Life,1978,1,056,core_graph_album,resolved,musicbrainz_ws2,high,109,13,Magazine,Real Life,1978-06-09,714604344,5ef7ef5c-f9aa-3800-9f55-ec58130846ba,c5dceab8-1c58-4977-b229-ef4d231827d5,https://musicbrainz.org/release/c5dceab8-1c58-4977-b229-ef4d231827d5,
album|magnapop|hot boxing,Magnapop,Hot Boxing,1994,1,074,core_graph_album,resolved,musicbrainz_ws2,high,109,14,Magnapop,Hot Boxing,1994-07-05,285956517,7aa4420c-de64-3fd0-a854-15fc8bbe7c34,179337da-e623-406e-a8f9-e96d917ee4a9,https://musicbrainz.org/release/179337da-e623-406e-a8f9-e96d917ee4a9,
album|magnetic fields|holiday,The Magnetic Fields,Holiday,1994,1,072,core_graph_album,resolved,musicbrainz_ws2,high,109,14,The Magnetic Fields,Holiday,1994-09-27,1839140677,44415c46-1f3d-3371-a756-c8d668958721,74d80404-9ff4-482b-9201-78fdff4d5b64,https://musicbrainz.org/release/74d80404-9ff4-482b-9201-78fdff4d5b64,
album|mahalia jackson|world s greatest gospel singer,Mahalia Jackson,The World's Greatest Gospel Singer,1955,1,108,context_candidate,resolved,musicbrainz_ws2,high,109,11,Mahalia Jackson,The World's Greatest Gospel Singer,1955-03-14,,bec8a0ee-9f2e-4b84-94c5-034cc8f6a38b,8df3a2e1-5353-40c7-b552-48d9043a9039,https://musicbrainz.org/release/8df3a2e1-5353-40c7-b552-48d9043a9039,
album|major lance|monkey time,Major Lance,The Monkey Time,1963,1,006,core_graph_album,resolved,musicbrainz_ws2,high,109,12,Major Lance,The Monkey Time,1963,,530f9ef8-e131-4387-aa27-04a430b376dc,3963985d-dbd7-4b39-9198-320844c94d71,https://musicbrainz.org/release/3963985d-dbd7-4b39-9198-320844c94d71,
album|mamas and the papas|deliver,The Mamas & the Papas,Deliver,1967,1,010,core_graph_album,resolved,musicbrainz_ws2,high,109,12,The Mamas & the Papas,Deliver,1967,1444150560,49b01f52-3251-38df-98a6-42ce2c0e0166,25b6ff29-0c78-4bad-9752-f5a9d0b81f39,https://musicbrainz.org/release/25b6ff29-0c78-4bad-9752-f5a9d0b81f39,
album|mamas and the papas|if you can believe your eyes and ears,The Mamas & the Papas,If You Can Believe Your Eyes and Ears,1966,1,010,core_graph_album,resolved,apple_itunes_search_api,high,109,12,The Mamas & The Papas,If You Can Believe Your Eyes and Ears,1966-02-28,1440795791,,,https://music.apple.com/us/album/if-you-can-believe-your-eyes-and-ears/1440795791?uo=4,
album|mamas and the papas|mamas and the papas,The Mamas & the Papas,The Mamas & the Papas,1966,1,010,core_graph_album,resolved,musicbrainz_ws2,high,109,12,The Mamas & the Papas,The Mamas & the Papas,1966,1423333392,e1c64272-f4ee-339e-8c4d-ed60ca101f64,72c0d3e9-454d-425f-aef9-d0c45852e378,https://musicbrainz.org/release/72c0d3e9-454d-425f-aef9-d0c45852e378,
album|mammoth wvh|mammoth wvh,Mammoth WVH,Mammoth WVH,2021,1,118,core_graph_album,resolved,musicbrainz_ws2,high,109,14,Mammoth WVH,Mammoth WVH,2021-06-11,1685905635,d72a5ab1-5f5f-4066-a0ed-d31e5ebe08cd,379fe539-d924-4229-91b1-2013b2771ed1,https://musicbrainz.org/release/379fe539-d924-4229-91b1-2013b2771ed1,
album|mandy moore|so real,Mandy Moore,So Real,1999,1,089,core_graph_album,resolved,musicbrainz_ws2,high,109,13,Mandy Moore,So Real,1999-12-07,193018462,5fdb222c-754d-30d2-aade-bb7c09821e73,48e92be7-1275-4e75-8b19-badb0df2aaf7,https://musicbrainz.org/release/48e92be7-1275-4e75-8b19-badb0df2aaf7,
album|maneskin|rush,Maneskin,Rush!,2023,1,118,false_nearby_candidate,resolved,musicbrainz_ws2,high,109,17,Måneskin,RUSH!,2023-01-20,1659658389,0bee34eb-07db-48d8-8a76-3470fb212edd,447d003e-348e-4228-a78e-b86cd92b5854,https://musicbrainz.org/release/447d003e-348e-4228-a78e-b86cd92b5854,
album|mannheim steamroller|mannheim steamroller christmas,Mannheim Steamroller,Mannheim Steamroller Christmas,1984,1,112,context_candidate,resolved,apple_itunes_search_api,high,100,11,Mannheim Steamroller,Christmas,1984-09-15,577633220,,,https://music.apple.com/us/album/christmas/577633220?uo=4,manual_apple_override;manual_apple_override_title_differs_from_seed
album|mantronix|album,Mantronix,The Album,1985,1,045,core_graph_album,resolved,musicbrainz_ws2,high,109,7,Mantronix,The Album,1985,341928107,5b184b26-ade2-3bb0-b268-d5e781a53ed6,0f2488f9-2fcb-4ad4-a14b-0a453d489808,https://musicbrainz.org/release/0f2488f9-2fcb-4ad4-a14b-0a453d489808,
album|manu chao|clandestino,Manu Chao,Clandestino,1998,1,099,core_graph_album,resolved,musicbrainz_ws2,high,109,16,Manu Chao,Clandestino,1998,725493481,24a451c9-a8f3-33f9-a4fc-5e2d00cb7816,069d9643-e57b-4884-9174-64c0448df35e,https://musicbrainz.org/release/069d9643-e57b-4884-9174-64c0448df35e,
album|marc anthony|contra la corriente,Marc Anthony,Contra la Corriente,1997,1,096,core_graph_album,resolved,musicbrainz_ws2,high,109,9,Marc Anthony,Contra la corriente,1997,1440647234,e5406840-86e0-331e-b61b-8573253a526f,beb76968-c143-40b4-8c6f-8627bd5b9008,https://musicbrainz.org/release/beb76968-c143-40b4-8c6f-8627bd5b9008,
album|marc jordan|mannequin,Marc Jordan,Mannequin,1978,1,023,core_graph_album,resolved,musicbrainz_ws2,high,109,10,Marc Jordan,Mannequin,1978,358261508,9bddd79c-1504-4aed-80ac-2516e02c5fde,0be73ee3-25a2-428c-af88-711f876d15e4,https://musicbrainz.org/release/0be73ee3-25a2-428c-af88-711f876d15e4,
album|marcels|blue moon,The Marcels,Blue Moon,1961,1,003,core_graph_album,resolved,musicbrainz_ws2,high,109,33,The Marcels,Blue Moon,1961,1439881921,d44434ea-e637-42ae-9645-611adcb8af0d,539ffd4f-8f00-48f0-aebe-20d475cf3225,https://musicbrainz.org/release/539ffd4f-8f00-48f0-aebe-20d475cf3225,
album|margo price|midwest farmer s daughter,Margo Price,Midwest Farmer's Daughter,2016,1,036,core_graph_album,resolved,musicbrainz_ws2,high,109,11,Margo Price,Midwest Farmer’s Daughter,2016-03-25,1854904718,fc829955-6b01-452d-bc2d-6e8b7f7f3ece,52b6fd3c-1bde-4845-93e8-bf18068e564e,https://musicbrainz.org/release/52b6fd3c-1bde-4845-93e8-bf18068e564e,
album|mariah carey|daydream,Mariah Carey,Daydream,1995,1,089,core_graph_album,resolved,musicbrainz_ws2,high,109,12,Mariah Carey,Daydream,1995,169962059,bf0126a1-b79c-3c9c-a892-f4bf4fac2bb0,35341325-a641-4baf-85f1-d047033bedce,https://musicbrainz.org/release/35341325-a641-4baf-85f1-d047033bedce,
album|marias|submarine,The Marias,Submarine,2024,1,117,core_graph_album,resolved,musicbrainz_ws2,high,109,14,The Marías,Submarine,2024-05-31,1733730985,217f8621-5905-48eb-a837-000aeb7b7500,537368c9-02e4-497a-b0f4-5c146945f654,https://musicbrainz.org/release/537368c9-02e4-497a-b0f4-5c146945f654,
album|marilyn manson|antichrist superstar,Marilyn Manson,Antichrist Superstar,1996,1,065,boundary_candidate,resolved,musicbrainz_ws2,high,109,17,Marilyn Manson,Antichrist Superstar,1996-10-08,1440804350,6cb17389-101a-3f0a-8864-bea548465406,1cfcb81d-7b08-4e84-8ec4-d03a643ed113,https://musicbrainz.org/release/1cfcb81d-7b08-4e84-8ec4-d03a643ed113,
album|marilyn manson|mechanical animals,Marilyn Manson,Mechanical Animals,1998,1,065,boundary_candidate,resolved,musicbrainz_ws2,high,109,14,Marilyn Manson,Mechanical Animals,1998,1440738173,0b30588f-b838-3aa8-a0b5-3cd07a45902e,86ffc28b-b9c1-4138-9a3e-5da9f5793b94,https://musicbrainz.org/release/86ffc28b-b9c1-4138-9a3e-5da9f5793b94,
album|marshall tucker band|marshall tucker band,The Marshall Tucker Band,The Marshall Tucker Band,1973,1,019,core_graph_album,resolved,musicbrainz_ws2,low,81,9,The Marshall Tucker Band,The Marshall Tucker Band Anthology: The First 30 Years,2005-02-01,1794391879,04e7dbbb-78ca-3996-9217-cf072f9ec1e7,41549a79-a918-4967-9fdc-dbec7c16589e,https://musicbrainz.org/release/41549a79-a918-4967-9fdc-dbec7c16589e,selected_release_year_far_from_seed_year
album|marshall tucker band|searchin for a rainbow,Marshall Tucker Band,Searchin' for a Rainbow,1975,1,019,core_graph_album,resolved,musicbrainz_ws2,high,109,9,The Marshall Tucker Band,Searchin' for a Rainbow,1975-08-27,1795512840,bcd24f79-8265-3e8f-8f81-b6d58a229098,7515d857-98c9-41b5-af49-a1a728ee5d41,https://musicbrainz.org/release/7515d857-98c9-41b5-af49-a1a728ee5d41,
album|martha and the vandellas|dance party,Martha & the Vandellas,Dance Party,1965,1,037,core_graph_album,resolved,musicbrainz_ws2,high,109,12,Martha and the Vandellas,Dance Party,1965-04-12,1444115684,184b1ade-a94f-3b5f-8442-935b120b557f,3917bcbd-f688-4cbc-bed7-343025e218e4,https://musicbrainz.org/release/3917bcbd-f688-4cbc-bed7-343025e218e4,
album|martina mcbride|evolution,Martina McBride,Evolution,1997,1,034,core_graph_album,resolved,musicbrainz_ws2,high,109,14,Martina McBride,Evolution,1997-08-26,258627192,c8ccd56b-a614-32f1-972b-06b9ced439dc,2d28e31a-a0b2-41c7-a01d-139701bf4d21,https://musicbrainz.org/release/2d28e31a-a0b2-41c7-a01d-139701bf4d21,
album|marty robbins|gunfighter ballads and trail songs,Marty Robbins,Gunfighter Ballads and Trail Songs,1959,1,031,core_graph_album,resolved,musicbrainz_ws2,high,109,15,Marty Robbins,Gunfighter Ballads and Trail Songs,1959-09,158516933,81e9ea0b-e334-35b3-9d10-f9a5f8bea5ae,186454fd-b135-3265-9378-56fc9e9bd986,https://musicbrainz.org/release/186454fd-b135-3265-9378-56fc9e9bd986,
album|marvelettes|playboy,The Marvelettes,Playboy,1962,1,037,core_graph_album,resolved,musicbrainz_ws2,high,109,10,The Marvelettes,Playboy,1962-07-11,1443907640,b74d9f8b-b102-34bf-9fc5-518cc53e24c3,c85470d6-f852-4694-b356-6cf73d9eb127,https://musicbrainz.org/release/c85470d6-f852-4694-b356-6cf73d9eb127,
album|marvelettes|please mr postman,The Marvelettes,Please Mr. Postman,1962,2,005;006,core_graph_album,resolved,musicbrainz_ws2,high,106,11,The Marvelettes,Please Mr. Postman,1961-11-20,1444133030,b980b706-eb74-32b0-9900-c29c20a149ca,ca76e7f1-cc64-45db-8b38-a81596fe28c7,https://musicbrainz.org/release/ca76e7f1-cc64-45db-8b38-a81596fe28c7,
album|marvin gaye|i want you,Marvin Gaye,I Want You,1976,1,041,core_graph_album,resolved,musicbrainz_ws2,high,109,11,Marvin Gaye,I Want You,1976,1440815358,18257379-85bf-3412-b0df-8e2916ee896e,a046208d-1719-43fc-907d-61c248084fae,https://musicbrainz.org/release/a046208d-1719-43fc-907d-61c248084fae,
album|marvin gaye|let s get it on,Marvin Gaye,Let's Get It On,1973,1,041,core_graph_album,resolved,musicbrainz_ws2,high,109,8,Marvin Gaye,Let’s Get It On,1973-08-28,1442835298,120c822e-3cd2-3652-975c-d687256a7931,584a5090-cb03-31af-b3eb-c0750b84692d,https://musicbrainz.org/release/584a5090-cb03-31af-b3eb-c0750b84692d,
album|marvin gaye|what s going on,Marvin Gaye,What's Going On,1971,1,037,core_graph_album,resolved,musicbrainz_ws2,high,109,9,Marvin Gaye,What’s Going On,1971-05-20,1538081586,c1fa4d2c-ec62-37d5-b01d-6df7f8fd2c90,ba91f9e2-2391-4bbd-9114-c9eff138fd98,https://musicbrainz.org/release/ba91f9e2-2391-4bbd-9114-c9eff138fd98,
album|marvin sapp|thirsty,Marvin Sapp,Thirsty,2007,1,108,core_graph_album,resolved,musicbrainz_ws2,high,109,13,Marvin Sapp,Thirsty,2007-07-03,258502925,95acacc0-0535-391d-91c0-07130943e54b,ca8b5cd2-25e7-41a5-b58e-39ebd3fe5c4e,https://musicbrainz.org/release/ca8b5cd2-25e7-41a5-b58e-39ebd3fe5c4e,
album|mary j blige|my life,Mary J. Blige,My Life,1994,1,042,core_graph_album,resolved,musicbrainz_ws2,high,109,17,Mary J. Blige,My Life,1994-11-29,1488020290,49acb129-7958-3132-988c-bb85955b1c3c,83dc4d86-f07e-468d-b925-42604d5a3995,https://musicbrainz.org/release/83dc4d86-f07e-468d-b925-42604d5a3995,
album|mary mary|thankful,Mary Mary,Thankful,2000,1,108,context_candidate,resolved,musicbrainz_ws2,high,109,14,Mary Mary,Thankful,2000-04-25,203303448,b44bf83c-8fbd-3a55-8658-6fa9bd2598a2,062f5c68-f830-427b-9bac-a2b482d25aec,https://musicbrainz.org/release/062f5c68-f830-427b-9bac-a2b482d25aec,
album|mary wells|mary wells sings my guy,Mary Wells,Mary Wells Sings My Guy,1964,1,037,core_graph_album,resolved,musicbrainz_ws2,high,109,12,Mary Wells,Mary Wells Sings My Guy,1964,1442911976,b8c0b9fd-e5e3-3e70-b23e-4e562b1bf676,5cea87db-65c0-47cc-980e-0a61c3c07096,https://musicbrainz.org/release/5cea87db-65c0-47cc-980e-0a61c3c07096,
album|massive attack|blue lines,Massive Attack,Blue Lines,1991,1,084,core_graph_album,resolved,musicbrainz_ws2,high,109,9,Massive Attack,Blue Lines,1991-08-06,715864097,8b6f133a-2fdf-3cc2-b84d-1c889adc0939,96315bf8-39c0-4d70-9c00-eb142577dcfb,https://musicbrainz.org/release/96315bf8-39c0-4d70-9c00-eb142577dcfb,
album|massive attack|mezzanine,Massive Attack,Mezzanine,1998,1,084,core_graph_album,resolved,musicbrainz_ws2,high,109,11,Massive Attack,Mezzanine,1998-05-12,724466069,6f9f6899-c0d3-311d-ae87-a10ae6bc53a9,0d33ef7a-1f5d-4365-b807-b412271b99c3,https://musicbrainz.org/release/0d33ef7a-1f5d-4365-b807-b412271b99c3,
album|master p|ghetto d,Master P,Ghetto D,1997,1,049,core_graph_album,resolved,musicbrainz_ws2,high,109,19,Master P,Ghetto D,1997-09-02,721278963,4e32fa1b-edcb-3d89-8f96-ccaf7ea7cb84,fba886db-4695-42ec-a2de-2c48a1a36fe0,https://musicbrainz.org/release/fba886db-4695-42ec-a2de-2c48a1a36fe0,
album|masters at work|album,Masters at Work,The Album,1993,1,081,core_graph_album,resolved,musicbrainz_ws2,high,109,7,Masters at Work,The Album,1993,115691982,81c8a203-aa16-3596-960d-1785b3453969,7a6d2d42-374e-4255-93d8-3514ae6457f9,https://musicbrainz.org/release/7a6d2d42-374e-4255-93d8-3514ae6457f9,
album|mastodon|crack the skye,Mastodon,Crack the Skye,2009,1,068,core_graph_album,resolved,musicbrainz_ws2,high,109,7,Mastodon,Crack the Skye,2009-03-24,1218344932,defcc444-7255-320d-bf21-888eb4d53ff9,06cf81b5-0a37-4ea8-b1f3-8df03708a24c,https://musicbrainz.org/release/06cf81b5-0a37-4ea8-b1f3-8df03708a24c,
album|mastodon|leviathan,Mastodon,Leviathan,2004,1,068,core_graph_album,resolved,musicbrainz_ws2,high,109,10,Mastodon,Leviathan,2004,65923490,7902c486-f670-3336-9850-b4112079d9e6,5d79bae4-c9cd-4b2f-a14c-2a28364706b4,https://musicbrainz.org/release/5d79bae4-c9cd-4b2f-a14c-2a28364706b4,
album|matchbox twenty|yourself or someone like you,Matchbox Twenty,Yourself or Someone Like You,1996,1,071,core_graph_album,resolved,apple_itunes_search_api,high,109,12,Matchbox Twenty,Yourself or Someone Like You,1996-10-01,580695794,,,https://music.apple.com/us/album/yourself-or-someone-like-you/580695794?uo=4,
album|material issue|international pop overthrow,Material Issue,International Pop Overthrow,1991,1,075,core_graph_album,resolved,musicbrainz_ws2,high,109,14,Material Issue,International Pop Overthrow,1991-02-05,1444135495,91caa76a-ef58-3ccc-ab6a-8b32bd811517,df2724ad-5309-4b79-8db3-e92f04e39e56,https://musicbrainz.org/release/df2724ad-5309-4b79-8db3-e92f04e39e56,
album|matt redman|blessed be your name,Matt Redman,Blessed Be Your Name,2005,1,110,context_candidate,resolved,musicbrainz_ws2,high,97,12,Matt Redman,"""Blessed Be Your Name: The Songs Of Matt Redman, Vol. 1""",2005-07-19,1791537585,856c6956-8b24-3587-8bdf-41c681ba89ff,e1c8fa9f-5770-4eca-a3ea-b77a8a32b8c7,https://musicbrainz.org/release/e1c8fa9f-5770-4eca-a3ea-b77a8a32b8c7,
album|matthew sweet|100 fun,Matthew Sweet,100% Fun,1995,1,075,core_graph_album,resolved,musicbrainz_ws2,high,109,12,Matthew Sweet,100% Fun,1995,308110433,86ae05a7-ba8e-39fb-b793-f88a9a8d7774,330845c9-0509-4bff-a244-32f55e552d04,https://musicbrainz.org/release/330845c9-0509-4bff-a244-32f55e552d04,
album|matthew sweet|girlfriend,Matthew Sweet,Girlfriend,1991,1,075,core_graph_album,resolved,musicbrainz_ws2,high,109,31,Matthew Sweet,Girlfriend,1991,211773137,6ed1731e-47af-3093-bcde-34138afa1deb,2bb938f3-5a2f-4906-a03c-de60febb3241,https://musicbrainz.org/release/2bb938f3-5a2f-4906-a03c-de60febb3241,
album|maverick city music|maverick city vol 3 part 1,Maverick City Music,Maverick City Vol. 3 Part 1,2020,1,110,context_candidate,resolved,musicbrainz_ws2,high,109,11,Maverick City Music,Maverick City Vol. 3 Part 1,2020-04-17,1571839845,3794d645-8436-458a-9a3a-dbb5562437e3,d9c1ae2e-7937-4521-805d-927ea968526a,https://musicbrainz.org/release/d9c1ae2e-7937-4521-805d-927ea968526a,
album|max richter|blue notebooks,Max Richter,The Blue Notebooks,2004,1,103,boundary_candidate,resolved,musicbrainz_ws2,high,109,18,Max Richter,The Blue Notebooks,2004-02-26,1368089903,85995b65-06fd-382d-9197-499c5b53f10d,4f56bab1-05ef-44fe-9acb-bef8a959cb44,https://musicbrainz.org/release/4f56bab1-05ef-44fe-9acb-bef8a959cb44,
album|max richter|sleep,Max Richter,Sleep,2015,1,103,core_graph_album,resolved,musicbrainz_ws2,high,109,204,Max Richter,Sleep,2015-09-04,1452629309,98c79e9a-fc74-42ac-85eb-19f9ffc49b16,0ebad1a0-53d9-4db9-bc49-95143c340375,https://musicbrainz.org/release/0ebad1a0-53d9-4db9-bc49-95143c340375,
album|maximo park|a certain trigger,Maximo Park,A Certain Trigger,2005,1,080,core_graph_album,resolved,musicbrainz_ws2,high,109,13,Maxïmo Park,A Certain Trigger,2005-04-27,1847978133,55d3a2f8-37e9-3cd9-8a27-170a244fc95b,37b57c91-c785-4fbe-8182-259b01643bc9,https://musicbrainz.org/release/37b57c91-c785-4fbe-8182-259b01643bc9,
album|maxus|maxus,Maxus,Maxus,1981,1,023,core_graph_album,resolved,musicbrainz_ws2,high,109,9,Maxus,Maxus,1981,305118304,253dd08d-2a80-4afe-b28f-76937dfac0c7,ea580029-efa7-4f72-bdca-2e8d6a2abcb5,https://musicbrainz.org/release/ea580029-efa7-4f72-bdca-2e8d6a2abcb5,
album|maxwell|maxwell s urban hang suite,Maxwell,Maxwell's Urban Hang Suite,1996,1,043,core_graph_album,resolved,musicbrainz_ws2,high,109,12,Maxwell,Maxwell’s Urban Hang Suite,1996-04-02,308873887,e8d49b88-b411-35f9-9e34-4370a9708ef2,e69dbabd-5a61-4147-914b-7e683f096cbc,https://musicbrainz.org/release/e69dbabd-5a61-4147-914b-7e683f096cbc,
album|mayhem|de mysteriis dom sathanas,Mayhem,De Mysteriis Dom Sathanas,1994,1,068,boundary_candidate,resolved,musicbrainz_ws2,high,109,8,Mayhem,De Mysteriis Dom Sathanas,1994,1451406150,982634e8-cd4d-3f7c-9f90-9b6dea315589,a8843c8b-2b8f-44b7-be46-c5a78942849e,https://musicbrainz.org/release/a8843c8b-2b8f-44b7-be46-c5a78942849e,
album|mazzy star|so tonight that i might see,Mazzy Star,So Tonight That I Might See,1993,1,073,core_graph_album,resolved,musicbrainz_ws2,high,109,10,Mazzy Star,So Tonight That I Might See,1993,1440848808,2863caa0-14e9-3016-83e4-4f0cdab55f4f,4be3255e-b7c8-4c12-8bf5-dcd35843362f,https://musicbrainz.org/release/4be3255e-b7c8-4c12-8bf5-dcd35843362f,
album|mc5|kick out the jams,MC5,Kick Out the Jams,1969,1,015,core_graph_album,resolved,musicbrainz_ws2,high,109,8,MC5,Kick Out the Jams,1969,1018383064,44410403-45d3-30fa-ba48-d16664bf6fb3,5a1b5b26-0f31-4566-bed4-0ca8ed987366,https://musicbrainz.org/release/5a1b5b26-0f31-4566-bed4-0ca8ed987366,
album|mccoy tyner|real mccoy,McCoy Tyner,The Real McCoy,1967,1,101,core_graph_album,resolved,musicbrainz_ws2,high,109,5,McCoy Tyner,The Real McCoy,1967,721273864,637892d3-1941-3905-9795-76564a7e4413,45e77330-7301-427e-96da-471c89ad9876,https://musicbrainz.org/release/45e77330-7301-427e-96da-471c89ad9876,
album|mdc|millions of dead cops,MDC,Millions of Dead Cops,1982,1,055,core_graph_album,resolved,musicbrainz_ws2,high,109,45,MDC,Millions of Dead Cops,1982-02,924763313,6905b561-3f2c-316c-b86f-eb729044bbff,4294f616-1f75-4cd2-a188-12973ac7876d,https://musicbrainz.org/release/4294f616-1f75-4cd2-a188-12973ac7876d,
album|meat loaf|bat out of hell,Meat Loaf,Bat Out of Hell,1977,1,016,boundary_candidate,resolved,musicbrainz_ws2,high,109,7,Meat Loaf,Bat Out of Hell,1977-10-21,991385383,47616c4c-5d4b-30f6-83bc-60e1c696b099,14e14926-1232-412e-abd3-40a82c14e296,https://musicbrainz.org/release/14e14926-1232-412e-abd3-40a82c14e296,
album|meat puppets|meat puppets ii,Meat Puppets,Meat Puppets II,1984,1,059,core_graph_album,resolved,musicbrainz_ws2,high,109,19,Meat Puppets,Meat Puppets II,1984-04,444828555,d33dbcf6-ab44-3c91-872b-9563f724dc0f,8381ec38-d717-3a39-88cf-2dba9611f295,https://musicbrainz.org/release/8381ec38-d717-3a39-88cf-2dba9611f295,
album|meat puppets|up on the sun,Meat Puppets,Up on the Sun,1985,1,069,core_graph_album,resolved,musicbrainz_ws2,high,109,17,Meat Puppets,Up on the Sun,1986,444775710,2343b650-5055-3a90-86f7-ef3c10b699b8,d8f8868b-fff1-4f37-b1c7-521abf42fa63,https://musicbrainz.org/release/d8f8868b-fff1-4f37-b1c7-521abf42fa63,
album|medicine|shot forth self living,Medicine,Shot Forth Self Living,1992,1,073,core_graph_album,resolved,musicbrainz_ws2,high,109,9,Medicine,Shot Forth Self Living,1992-09-15,1443655667,68467eb9-22ea-391f-9846-956bd87293de,167b7105-3aef-3806-89b1-6e22ee4ee50b,https://musicbrainz.org/release/167b7105-3aef-3806-89b1-6e22ee4ee50b,
album|megadeth|peace sells but who is buying,Megadeth,Peace Sells... but Who is Buying?,1986,1,062,core_graph_album,resolved,musicbrainz_ws2,high,92,12,Megadeth,Peace Sells… but Who’s Buying?,1986-07-20,1440837699,4eea6bcc-3226-3c0d-a71d-af682a0a1dd8,585946c1-b920-4257-8ec8-cbdb5ac9e2f5,https://musicbrainz.org/release/585946c1-b920-4257-8ec8-cbdb5ac9e2f5,
album|megadeth|rust in peace,Megadeth,Rust in Peace,1990,1,062,core_graph_album,resolved,musicbrainz_ws2,high,109,9,Megadeth,Rust in Peace,1990,724648893,19e7c9f3-7c4c-3a56-ba50-4156b39f76ca,764f3188-8652-4c59-8934-1227f18b251f,https://musicbrainz.org/release/764f3188-8652-4c59-8934-1227f18b251f,
album|melanie martinez|portals,Melanie Martinez,Portals,2023,1,093,core_graph_album,resolved,musicbrainz_ws2,high,109,13,Melanie Martinez,PORTALS,2023-03-31,1673604325,9ef2fc42-1b79-409a-b295-ecefcf0a241e,18ec0ed9-f545-4401-a735-6408180de883,https://musicbrainz.org/release/18ec0ed9-f545-4401-a735-6408180de883,
album|melvins|houdini,Melvins,Houdini,1993,1,064,core_graph_album,resolved,musicbrainz_ws2,high,109,13,Melvins,Houdini,1993-09-21,300975382,76ce6e14-2938-3653-8fd9-e1f31a33deb2,63a350a3-9a5f-47d5-9d5f-5ddb30e3159a,https://musicbrainz.org/release/63a350a3-9a5f-47d5-9d5f-5ddb30e3159a,
album|melvins|stoner witch,Melvins,Stoner Witch,1994,1,070,core_graph_album,resolved,musicbrainz_ws2,high,109,11,Melvins,Stoner Witch,1994-10,302097614,04066384-affd-32ce-9b6f-ac4a97c07671,450a2f27-bd33-439c-ac3b-1e6861076399,https://musicbrainz.org/release/450a2f27-bd33-439c-ac3b-1e6861076399,
album|men at work|business as usual,Men at Work,Business as Usual,1981,1,057,core_graph_album,resolved,musicbrainz_ws2,high,109,10,Men at Work,Business as Usual,1983,282960957,c9bff180-434f-3c93-aba5-ff579e3976aa,59f820b1-dc46-4c66-bdda-1d0ecbc56dd8,https://musicbrainz.org/release/59f820b1-dc46-4c66-bdda-1d0ecbc56dd8,
album|men i trust|oncle jazz,Men I Trust,Oncle Jazz,2019,1,117,core_graph_album,resolved,musicbrainz_ws2,high,109,24,Men I Trust,Oncle Jazz,2019-09-13,1473993015,ae655e0b-e6fd-4e5d-bc5f-72364d60c4f1,0633a08c-660e-4992-ba7b-a62bcf82f43b,https://musicbrainz.org/release/0633a08c-660e-4992-ba7b-a62bcf82f43b,
album|men i trust|untourable album,Men I Trust,Untourable Album,2021,1,117,core_graph_album,resolved,musicbrainz_ws2,high,109,15,Men I Trust,Untourable Album,2021-08-25,1720804300,1afd3d6c-3d7b-4273-8167-6c6d2a4ff353,4628d469-8a90-444c-8d38-b8d6b17e54cf,https://musicbrainz.org/release/4628d469-8a90-444c-8d38-b8d6b17e54cf,
album|mercyful fate|don t break the oath,Mercyful Fate,Don't Break the Oath,1984,1,061,core_graph_album,resolved,musicbrainz_ws2,high,109,9,Mercyful Fate,Don’t Break the Oath,1984,1296860777,170e97b4-c1ff-3225-9bf1-0abc9c073d6a,8d064d47-7d41-4b34-8b32-a0a5dc7bed30,https://musicbrainz.org/release/8d064d47-7d41-4b34-8b32-a0a5dc7bed30,
album|mercyful fate|melissa,Mercyful Fate,Melissa,1983,1,061,boundary_candidate,resolved,musicbrainz_ws2,high,109,7,Mercyful Fate,Melissa,1983,1296844681,fec621f5-1a4c-3de0-99ee-a70ea75e76c2,044108a0-161e-4376-bd54-cf0ac22d918d,https://musicbrainz.org/release/044108a0-161e-4376-bd54-cf0ac22d918d,
album|mercyme|almost there,MercyMe,Almost There,2001,1,109,context_candidate,resolved,musicbrainz_ws2,high,109,11,MercyMe,Almost There,2001,1555203606,353440a6-79fb-303f-96a0-77b817417008,d90a5d74-731a-4bdd-91d8-d46fa2d33b29,https://musicbrainz.org/release/d90a5d74-731a-4bdd-91d8-d46fa2d33b29,
album|merle haggard|mama tried,Merle Haggard,Mama Tried,1968,1,032,core_graph_album,resolved,musicbrainz_ws2,high,101,12,Merle Haggard and The Strangers,Mama Tried,1968,1442907937,b0367154-a32d-3540-aea9-58414f745e3b,4f12414c-5876-4cd9-b01b-d426f6b16a64,https://musicbrainz.org/release/4f12414c-5876-4cd9-b01b-d426f6b16a64,
album|merry go round|merry go round,The Merry-Go-Round,The Merry-Go-Round,1967,1,009,core_graph_album,resolved,musicbrainz_ws2,high,109,12,The Merry‐Go‐Round,The Merry-Go-Round,1967,1424533234,10ce0267-4d97-346f-82ce-248dd2d308e7,82abe09e-8f7c-4262-9bc8-f27620ec98d9,https://musicbrainz.org/release/82abe09e-8f7c-4262-9bc8-f27620ec98d9,
album|meshuggah|destroy erase improve,Meshuggah,Destroy Erase Improve,1995,1,068,core_graph_album,resolved,musicbrainz_ws2,high,109,15,Meshuggah,Destroy Erase Improve,1995-07-25,1776755426,34477fa0-2ee6-4c26-8eba-d3d5e0908811,6466c3f1-709e-4ac0-9af4-7751911a989a,https://musicbrainz.org/release/6466c3f1-709e-4ac0-9af4-7751911a989a,
album|meshuggah|obzen,Meshuggah,ObZen,2008,1,068,core_graph_album,resolved,musicbrainz_ws2,high,109,9,Meshuggah,obZen,2008-03-11,1882049235,bc3c02ea-5837-32ab-9c65-f60125458187,6ec026ab-701f-3c27-8cd1-73cc0d1203ff,https://musicbrainz.org/release/6ec026ab-701f-3c27-8cd1-73cc0d1203ff,
album|metallica|kill em all,Metallica,Kill 'Em All,1983,1,062,core_graph_album,resolved,musicbrainz_ws2,high,109,10,Metallica,Kill ’Em All,1983,579146130,f44f4f73-a714-31a1-a4b8-bfcaaf311f50,2b4002f3-1c21-4ff2-bebf-f4c98f1773c1,https://musicbrainz.org/release/2b4002f3-1c21-4ff2-bebf-f4c98f1773c1,
album|metallica|master of puppets,Metallica,Master of Puppets,1986,1,062,core_graph_album,resolved,musicbrainz_ws2,high,109,8,Metallica,Master of Puppets,1986-06,1275600311,3d00fb45-f8ab-3436-a8e1-b4bfc4d66913,31de97e3-6c53-4ca6-a00d-152642eb7e4a,https://musicbrainz.org/release/31de97e3-6c53-4ca6-a00d-152642eb7e4a,
album|metallica|metallica,Metallica,Metallica,1991,1,062,core_graph_album,resolved,musicbrainz_ws2,high,109,12,Metallica,Metallica,1991-08-12,1572046434,e8f70201-8899-3f0c-9e07-5d6495bc8046,69a8ca83-a182-3375-a702-a30e216748c9,https://musicbrainz.org/release/69a8ca83-a182-3375-a702-a30e216748c9,
album|metallica|ride the lightning,Metallica,Ride the Lightning,1984,1,062,core_graph_album,resolved,musicbrainz_ws2,high,109,8,Metallica,Ride the Lightning,1984,579148345,0da580f2-6768-498f-af9d-2becaddf15e0,0e014d5a-6266-4f13-aa63-badbd34406e4,https://musicbrainz.org/release/0e014d5a-6266-4f13-aa63-badbd34406e4,
album|meters|rejuvenation,The Meters,Rejuvenation,1974,1,039,core_graph_album,resolved,musicbrainz_ws2,high,109,9,The Meters,Rejuvenation,1974-07-03,59401178,ed25b54a-8287-375f-ae31-42c69785cec8,d703fe2a-26b6-4a53-8b4e-f9bfdfc1302c,https://musicbrainz.org/release/d703fe2a-26b6-4a53-8b4e-f9bfdfc1302c,
album|method man|tical,Method Man,Tical,1994,1,048,core_graph_album,resolved,musicbrainz_ws2,high,109,13,Method Man,Tical,1994,1440885568,85af95fb-f93d-30e9-b60e-9ee6eb00d42b,909a01df-8296-42b3-99c4-ffcf463ff82e,https://musicbrainz.org/release/909a01df-8296-42b3-99c4-ffcf463ff82e,
album|metro boomin|heroes and villains,Metro Boomin,Heroes & Villains,2022,1,052,core_graph_album,resolved,musicbrainz_ws2,high,109,15,Metro Boomin,HEROES & VILLAINS,2022-12-02,1657271960,34b796b2-5c30-40a5-b957-80ef996c9128,067d55ab-5eb1-4a1b-96ae-8c67f1f50441,https://musicbrainz.org/release/067d55ab-5eb1-4a1b-96ae-8c67f1f50441,
album|mf doom|mm food,MF DOOM,Mm..Food,2004,1,051,core_graph_album,resolved,musicbrainz_ws2,high,109,15,MF DOOM,MM..FOOD,2004-11-16,1516750770,ec84ab32-eb41-3d91-a099-7a01c72f21d2,8dc35066-e444-445a-a8c6-bb112f8bc844,https://musicbrainz.org/release/8dc35066-e444-445a-a8c6-bb112f8bc844,
album|mgmt|oracular spectacular,MGMT,Oracular Spectacular,2007,1,117,core_graph_album,resolved,musicbrainz_ws2,high,109,10,MGMT,Oracular Spectacular,2008-01-22,264720008,f7da2770-bf72-3dea-8904-ff6135822724,778e1560-f3fd-4a34-898e-6eb2fc0a79bd,https://musicbrainz.org/release/778e1560-f3fd-4a34-898e-6eb2fc0a79bd,
album|michael buble|call me irresponsible,Michael Buble,Call Me Irresponsible,2007,1,100,core_graph_album,resolved,musicbrainz_ws2,high,109,13,Michael Bublé,Call Me Irresponsible,2007-05-01,668403779,e833803c-e568-368f-b9a8-695683ebe93b,039f5ffb-cba8-4ed9-95d1-a784f6dc7334,https://musicbrainz.org/release/039f5ffb-cba8-4ed9-95d1-a784f6dc7334,
album|michael buble|christmas,Michael Buble,Christmas,2011,1,112,context_candidate,resolved,musicbrainz_ws2,high,109,16,Michael Bublé,Christmas,2011-10-21,669854820,dd8ce39e-9a37-4905-a7d0-41ad6b05f9a7,57df6e54-1775-4fcd-856e-ecd764c458d9,https://musicbrainz.org/release/57df6e54-1775-4fcd-856e-ecd764c458d9,
album|michael jackson|thriller,Michael Jackson,Thriller,1982,1,088,core_graph_album,resolved,musicbrainz_ws2,high,109,9,Michael Jackson,Thriller,1982-11-30,269572838,f32fab67-77dd-3937-addc-9062e28e4c37,8e056ddb-b62b-46b5-a7c7-a3a590fb4fc2,https://musicbrainz.org/release/8e056ddb-b62b-46b5-a7c7-a3a590fb4fc2,
album|michael nesmith and the first national band|magnetic south,Michael Nesmith and The First National Band,Magnetic South,1970,1,032,core_graph_album,resolved,musicbrainz_ws2,high,109,16,Michael Nesmith & The First National Band,Magnetic South,1970,1389653568,7a5c1944-9202-3953-bb08-1b6846808e30,2edf44dc-dd93-4167-9c00-c03e2cbe9078,https://musicbrainz.org/release/2edf44dc-dd93-4167-9c00-c03e2cbe9078,
album|michael w smith|go west young man,Michael W. Smith,Go West Young Man,1990,1,109,core_graph_album,resolved,musicbrainz_ws2,high,109,10,Michael W. Smith,Go West Young Man,1990-02-17,309274854,c77e3395-faf8-330f-9d3e-8c7e0cf944aa,2f71e603-4b30-43f4-9962-5ad81d18aeaa,https://musicbrainz.org/release/2f71e603-4b30-43f4-9962-5ad81d18aeaa,
album|migos|culture,Migos,Culture,2017,1,052,core_graph_album,resolved,musicbrainz_ws2,high,109,13,Migos,Culture,2017-01-27,1615495955,5611e7a8-3b0d-48a1-820e-45b94229f653,acbe9ece-9cc3-441c-8535-7e24d68d3cf0,https://musicbrainz.org/release/acbe9ece-9cc3-441c-8535-7e24d68d3cf0,
album|miguel|kaleidoscope dream,Miguel,Kaleidoscope Dream,2012,1,044,core_graph_album,resolved,musicbrainz_ws2,high,109,12,Miguel,Kaleidoscope Dream,2012-10-02,561709112,bdf9ad0d-1444-4551-ad33-7046bef2260d,17d37061-3da0-40de-a261-39626566a6ae,https://musicbrainz.org/release/17d37061-3da0-40de-a261-39626566a6ae,
album|miguel|wildheart,Miguel,Wildheart,2015,1,044,core_graph_album,resolved,musicbrainz_ws2,high,109,13,Miguel,Wildheart,2015-06-26,1005194169,1681f959-c456-405d-9af9-56b413950e88,74c1f1f6-54ee-40b2-8d7a-07533256cc0a,https://musicbrainz.org/release/74c1f1f6-54ee-40b2-8d7a-07533256cc0a,
album|mike oldfield|tubular bells,Mike Oldfield,Tubular Bells,1973,1,018,core_graph_album,resolved,musicbrainz_ws2,high,109,4,Mike Oldfield,Tubular Bells,1973,1440852773,d3f057b4-7e89-3018-9f84-9835ed9b4732,e482f2c9-c63b-3063-b390-c4beed7b8ffc,https://musicbrainz.org/release/e482f2c9-c63b-3063-b390-c4beed7b8ffc,
album|mild high club|skiptracing,Mild High Club,Skiptracing,2016,1,117,core_graph_album,resolved,musicbrainz_ws2,high,109,11,Mild High Club,Skiptracing,2016-08-26,1110226847,d5ccee25-6e60-4169-a267-bcc1a2f09256,ab805b4a-7fb3-4cbd-8921-55f962d56fa2,https://musicbrainz.org/release/ab805b4a-7fb3-4cbd-8921-55f962d56fa2,
album|miles davis|birth of the cool,Miles Davis,Birth of the Cool,1957,1,101,core_graph_album,resolved,musicbrainz_ws2,high,109,11,Miles Davis,Birth of the Cool,1957-02,1440951879,903d5fe8-ab43-33b2-9411-6738af50de19,2c9af123-adef-4db0-9db8-145ce9b283c3,https://musicbrainz.org/release/2c9af123-adef-4db0-9db8-145ce9b283c3,
album|miles davis|kind of blue,Miles Davis,Kind of Blue,1959,1,101,core_graph_album,resolved,musicbrainz_ws2,high,109,5,Miles Davis,Kind of Blue,1959,268443092,8e8a594f-2175-38c7-a871-abb68ec363e7,49234de2-790c-46e5-b780-3cd6be79a2db,https://musicbrainz.org/release/49234de2-790c-46e5-b780-3cd6be79a2db,
album|miley cyrus|bangerz,Miley Cyrus,Bangerz,2013,1,091,core_graph_album,resolved,musicbrainz_ws2,high,109,16,Miley Cyrus,Bangerz,2013-10-08,1460315055,0e5b4580-4e6d-43e6-8384-0d13ac52a9d7,37e52b37-8efb-4e50-9e10-4508abe239f0,https://musicbrainz.org/release/37e52b37-8efb-4e50-9e10-4508abe239f0,
album|millennium|begin,The Millennium,Begin,1968,1,012,core_graph_album,resolved,musicbrainz_ws2,high,109,16,The Millennium,Begin,1968,399223747,f0e6098b-7807-3e9f-bfaa-eb25c4f49da4,4a8c09d5-8946-46ed-8535-dba01aa6425b,https://musicbrainz.org/release/4a8c09d5-8946-46ed-8535-dba01aa6425b,
album|ministry|mind is a terrible thing to taste,Ministry,The Mind Is a Terrible Thing to Taste,1989,1,065,core_graph_album,resolved,musicbrainz_ws2,high,109,9,Ministry,The Mind Is a Terrible Thing to Taste,1989-11-14,302068445,f9ae3b6b-ee68-358f-9e75-d13b59cdbb11,5a09051c-0e61-3ea3-8f8e-97f6dd1fa09d,https://musicbrainz.org/release/5a09051c-0e61-3ea3-8f8e-97f6dd1fa09d,
album|ministry|psalm 69,Ministry,Psalm 69,1992,1,065,core_graph_album,resolved,musicbrainz_ws2,high,117,9,Ministry,Psalm 69,1992,297744447,15cfaf82-5a4b-3ee1-bcce-75561055d27a,452cad29-907c-4131-b1cc-5c83545868d4,https://musicbrainz.org/release/452cad29-907c-4131-b1cc-5c83545868d4,resolved_by_aggressive_release_search
album|minor threat|complete discography,Minor Threat,Complete Discography,1989,1,055,core_graph_album,resolved,musicbrainz_ws2,high,109,26,Minor Threat,Complete Discography,1989,,800ca06b-3cbe-3807-ad00-6034788773a1,8fb3ccd8-c8e8-49ee-8cbc-85646136dc1b,https://musicbrainz.org/release/8fb3ccd8-c8e8-49ee-8cbc-85646136dc1b,
album|minor threat|out of step,Minor Threat,Out of Step,1983,1,055,core_graph_album,resolved,musicbrainz_ws2,high,109,9,Minor Threat,Out of Step,1983,49249592,db4d417f-8295-3843-829d-2b8c0b649517,507bb61e-c7fa-3dd5-ba2d-d6f0f6e2f792,https://musicbrainz.org/release/507bb61e-c7fa-3dd5-ba2d-d6f0f6e2f792,
album|minutemen|double nickels on the dime,Minutemen,Double Nickels on the Dime,1984,2,059;069,core_graph_album,resolved,musicbrainz_ws2,high,109,43,Minutemen,Double Nickels on the Dime,1984-07,117012391,0bcb9f3e-e341-3ed5-ac5b-8ed5e17f9a7e,e7e28af9-2f2e-46c9-a08f-5e6215054a5e,https://musicbrainz.org/release/e7e28af9-2f2e-46c9-a08f-5e6215054a5e,
album|minutemen|what makes a man start fires,Minutemen,What Makes a Man Start Fires?,1983,1,055,core_graph_album,resolved,musicbrainz_ws2,high,109,18,Minutemen,What Makes a Man Start Fires?,1983-01,117014444,30b3f52f-401c-38ec-81ac-be9b526b9f3a,d2d41107-a9a3-472a-9b71-c7747dfc0f0f,https://musicbrainz.org/release/d2d41107-a9a3-472a-9b71-c7747dfc0f0f,
album|miracles|going to a go go,The Miracles,Going to a Go-Go,1965,1,037,core_graph_album,resolved,musicbrainz_ws2,high,101,12,Smokey Robinson and The Miracles,Going to a Go‐Go,1965-11-01,1469577666,88762473-682d-3544-a9e7-1bb3c5dddaf1,0e061164-1577-4059-9d03-0b0245b22bbb,https://musicbrainz.org/release/0e061164-1577-4059-9d03-0b0245b22bbb,
album|miranda lambert|revolution,Miranda Lambert,Revolution,2009,1,035,core_graph_album,resolved,musicbrainz_ws2,high,109,15,Miranda Lambert,Revolution,2009-09-29,330307020,a774524f-09b8-4c80-aedd-b56b1bee4550,3511d333-764c-43a3-92f9-3d4c5a763fc3,https://musicbrainz.org/release/3511d333-764c-43a3-92f9-3d4c5a763fc3,
album|miriam makeba|pata pata,Miriam Makeba,Pata Pata,1967,1,099,core_graph_album,resolved,musicbrainz_ws2,high,109,22,Miriam Makeba,Pata Pata,1967,1472549617,4b3050c0-a78e-3dab-b961-a9b222e34e7a,a6e6fc96-95e4-4417-a900-a8862cf54afc,https://musicbrainz.org/release/a6e6fc96-95e4-4417-a900-a8862cf54afc,
album|misfits|walk among us,Misfits,Walk Among Us,1982,1,055,core_graph_album,resolved,musicbrainz_ws2,high,109,13,Misfits,Walk Among Us,1982,,f0a28cfc-0f99-3513-8720-005643bfd95e,4b9111bb-4274-4ec7-ac54-94fcabd81427,https://musicbrainz.org/release/4b9111bb-4274-4ec7-ac54-94fcabd81427,
album|mission of burma|vs,Mission of Burma,Vs.,1982,1,060,core_graph_album,resolved,musicbrainz_ws2,high,109,16,Mission of Burma,Vs.,1982,1589146509,d1877fe7-725e-3115-9dcf-f4865fd0b74e,d0f138e8-0f97-30b9-b982-5ddd62ae92f3,https://musicbrainz.org/release/d0f138e8-0f97-30b9-b982-5ddd62ae92f3,
album|mississippi john hurt|today,Mississippi John Hurt,Today!,1966,1,026,boundary_candidate,resolved,musicbrainz_ws2,high,109,12,Mississippi John Hurt,Today!,1966,1794908071,88f69947-252d-3c10-8b06-f90ed376f31c,b525c83c-2b75-4f97-9c08-89badb4e451d,https://musicbrainz.org/release/b525c83c-2b75-4f97-9c08-89badb4e451d,
album|missy elliott|supa dupa fly,Missy Elliott,Supa Dupa Fly,1997,1,050,core_graph_album,resolved,apple_itunes_search_api,high,109,17,Missy Elliott,Supa Dupa Fly,1997-07-15,302943316,,,https://music.apple.com/us/album/supa-dupa-fly/302943316?uo=4,
album|missy elliott|under construction,Missy Elliott,Under Construction,2002,1,050,core_graph_album,resolved,musicbrainz_ws2,high,109,14,Missy Elliott,Under Construction,2002-11-12,254167732,596090bc-cdfa-347e-96a5-d253848d3b37,af1451ab-9fa7-401d-978f-7d22032892b5,https://musicbrainz.org/release/af1451ab-9fa7-401d-978f-7d22032892b5,
album|mitski|be the cowboy,Mitski,Be the Cowboy,2018,1,116,core_graph_album,resolved,musicbrainz_ws2,high,109,14,Mitski,Be the Cowboy,2018-08-17,1373892692,18564a20-d557-4f7c-81e7-8d1d40a1be55,34896707-186f-4eda-aabe-61e28ea94de2,https://musicbrainz.org/release/34896707-186f-4eda-aabe-61e28ea94de2,
album|mj lenderman|manning fireworks,MJ Lenderman,Manning Fireworks,2024,1,115,core_graph_album,resolved,musicbrainz_ws2,high,109,9,MJ Lenderman,Manning Fireworks,2024-09-06,1749088991,0c308741-7b98-4a36-b44e-1ba437b4e2c4,784c578b-d018-4020-950c-e9a1c6dd6f08,https://musicbrainz.org/release/784c578b-d018-4020-950c-e9a1c6dd6f08,
album|mobb deep|infamous,Mobb Deep,The Infamous,1995,1,048,core_graph_album,resolved,musicbrainz_ws2,high,109,16,Mobb Deep,The Infamous…,1995-04-25,255342338,03f3c216-bd40-322b-ac8a-254816ff5573,07e92711-51fe-4e80-97a3-be995b7f4119,https://musicbrainz.org/release/07e92711-51fe-4e80-97a3-be995b7f4119,
album|moby grape|moby grape,Moby Grape,Moby Grape,1967,1,014,core_graph_album,resolved,musicbrainz_ws2,high,109,6,Moby Grape,Moby Grape,1967-06-06,266203734,483f15b5-e784-3c78-ba40-1988f5f9c6a4,6f9df880-012e-40c3-a53f-2d31b0dad38f,https://musicbrainz.org/release/6f9df880-012e-40c3-a53f-2d31b0dad38f,
album|moby|play,Moby,Play,1999,1,084,core_graph_album,resolved,musicbrainz_ws2,high,109,34,Moby,Play,1999-06-01,1747966523,7f6a4e72-9fee-39db-8817-63425f97a0f5,679841df-599d-402f-9f89-0d0bb6e94368,https://musicbrainz.org/release/679841df-599d-402f-9f89-0d0bb6e94368,
album|model actriz|dogsbody,Model/Actriz,Dogsbody,2023,1,115,core_graph_album,resolved,musicbrainz_ws2,high,109,10,Model/Actriz,Dogsbody,2023-02-24,1831354518,086f1f62-f52d-49df-8b97-b26c47613b89,40a7e512-4286-421d-94d8-936ab612dfdc,https://musicbrainz.org/release/40a7e512-4286-421d-94d8-936ab612dfdc,
album|modest mouse|good news for people who love bad news,Modest Mouse,Good News for People Who Love Bad News,2004,1,078,core_graph_album,resolved,musicbrainz_ws2,high,109,16,Modest Mouse,Good News for People Who Love Bad News,2004-04-05,201257412,65b47520-2e58-3bc2-a755-34ff35f23ad5,22fa9ed6-7634-451e-a126-0bc20fc2f4d2,https://musicbrainz.org/release/22fa9ed6-7634-451e-a126-0bc20fc2f4d2,
album|modest mouse|lonesome crowded west,Modest Mouse,The Lonesome Crowded West,1997,1,072,core_graph_album,resolved,musicbrainz_ws2,high,109,15,Modest Mouse,The Lonesome Crowded West,1997-11-18,1566174024,041884b1-1ac5-3c8b-93cc-ac928c78c4a0,2a6d8f7c-8cca-4fb1-9f8c-0de137837f0f,https://musicbrainz.org/release/2a6d8f7c-8cca-4fb1-9f8c-0de137837f0f,
album|modest mouse|moon and antarctica,Modest Mouse,The Moon & Antarctica,2000,1,078,core_graph_album,resolved,musicbrainz_ws2,high,109,15,Modest Mouse,The Moon & Antarctica,2000-06-13,215598214,a8e26959-b3b2-3440-a74a-0dc06cd6310d,eef3f2f5-8925-47be-97a3-469a7421c387,https://musicbrainz.org/release/eef3f2f5-8925-47be-97a3-469a7421c387,
album|molly hatchet|flirtin with disaster,Molly Hatchet,Flirtin' with Disaster,1979,1,019,core_graph_album,resolved,musicbrainz_ws2,high,109,14,Molly Hatchet,Flirtin’ With Disaster,1979-09,192959920,46dab215-6683-386b-8dca-877cf17a6472,15be3a37-29f8-47d5-b821-a04cdfccd6be,https://musicbrainz.org/release/15be3a37-29f8-47d5-b821-a04cdfccd6be,
album|monkees|head,The Monkees,Head,1968,1,013,core_graph_album,resolved,musicbrainz_ws2,high,109,14,The Monkees,Head,1968-12,1115018499,f2236b30-43c0-33e2-85f4-bfca42bf36ff,ab848dd9-33b9-48e7-a990-bdb6b11da11c,https://musicbrainz.org/release/ab848dd9-33b9-48e7-a990-bdb6b11da11c,
album|monkees|pisces aquarius capricorn and jones ltd,The Monkees,"Pisces, Aquarius, Capricorn & Jones Ltd.",1967,1,013,boundary_candidate,resolved,musicbrainz_ws2,high,109,13,The Monkees,"Pisces, Aquarius, Capricorn & Jones Ltd.",1967,1114230648,01b7e898-a3e2-33f5-bc93-a727eef214ed,91a8498a-1fa3-4ce1-8529-a7258972a44b,https://musicbrainz.org/release/91a8498a-1fa3-4ce1-8529-a7258972a44b,
album|monks|black monk time,The Monks,Black Monk Time,1966,1,015,boundary_candidate,resolved,musicbrainz_ws2,high,109,12,The Monks,Black Monk Time,,,f0d042e6-6f09-4860-ae7c-d6c70cd613db,9cb0b514-aeb8-4a31-a44a-5469a892676b,https://musicbrainz.org/release/9cb0b514-aeb8-4a31-a44a-5469a892676b,
album|monster magnet|spine of god,Monster Magnet,Spine of God,1991,1,064,core_graph_album,resolved,musicbrainz_ws2,high,109,10,Monster Magnet,Spine of God,1992-02-28,1246231213,ba84369b-11fd-319c-8329-a9eab9feb691,ffff8021-46bf-4488-9d3a-c8bde2808949,https://musicbrainz.org/release/ffff8021-46bf-4488-9d3a-c8bde2808949,
album|moody blues|days of future passed,The Moody Blues,Days of Future Passed,1967,1,012,core_graph_album,resolved,musicbrainz_ws2,high,93,7,The Moody Blues with the London Festival Orchestra conducted by Peter Knight,Days of Future Passed,1967,1440798214,d3e4cc8c-fbfe-37fa-8be6-fd538ac31520,43b832bf-1db8-3327-bf4f-e546846ca0c0,https://musicbrainz.org/release/43b832bf-1db8-3327-bf4f-e546846ca0c0,
album|moodymann|silentintroduction,Moodymann,Silentintroduction,1997,1,081,core_graph_album,resolved,musicbrainz_ws2,high,109,10,Moodymann,Silentintroduction,1997-11-18,1117140118,6dc31243-4cc6-3752-8d68-932d78b4ef33,dd9b9663-b23c-4411-bf20-ccaafcf564c2,https://musicbrainz.org/release/dd9b9663-b23c-4411-bf20-ccaafcf564c2,
album|mooney suzuki|electric sweat,The Mooney Suzuki,Electric Sweat,2002,1,079,core_graph_album,resolved,musicbrainz_ws2,high,109,10,The Mooney Suzuki,Electric Sweat,2002-04,315022465,b2d2d47b-60fb-3ee8-8375-64b5e963ab8e,19d52e18-bc4d-4ea8-afd9-196a54afe1d9,https://musicbrainz.org/release/19d52e18-bc4d-4ea8-afd9-196a54afe1d9,
album|morbid angel|altars of madness,Morbid Angel,Altars of Madness,1989,1,068,core_graph_album,resolved,musicbrainz_ws2,high,109,13,Morbid Angel,Altars of Madness,1989,63616899,e5be441e-53ec-376a-b261-426e8f06e144,08ca0679-44c1-302c-b7c4-577bd3e10ef5,https://musicbrainz.org/release/08ca0679-44c1-302c-b7c4-577bd3e10ef5,
album|morbid angel|blessed are the sick,Morbid Angel,Blessed Are the Sick,1991,1,068,core_graph_album,resolved,musicbrainz_ws2,high,109,13,Morbid Angel,Blessed Are the Sick,1991-07-09,63617424,cae89c54-820c-3b2f-b211-bb5e29a079ea,040c8e28-74d8-482e-ba47-175dbf46499c,https://musicbrainz.org/release/040c8e28-74d8-482e-ba47-175dbf46499c,
album|morcheeba|big calm,Morcheeba,Big Calm,1998,1,084,core_graph_album,resolved,musicbrainz_ws2,high,109,12,Morcheeba,Big Calm,1998-03-17,358317593,033ad45d-fdf5-3a94-ba34-d50e3716cf95,0c0f9ff9-0b07-4d12-8978-6522601eca9d,https://musicbrainz.org/release/0c0f9ff9-0b07-4d12-8978-6522601eca9d,
album|morgan wallen|dangerous the double album,Morgan Wallen,Dangerous: The Double Album,2021,1,035,core_graph_album,resolved,musicbrainz_ws2,high,109,30,Morgan Wallen,Dangerous: The Double Album,2021-01-08,1818469543,c61d61b6-9850-4b59-bb73-0cde95ab7b75,0480e8c4-ac77-4413-865e-c0db2190857f,https://musicbrainz.org/release/0480e8c4-ac77-4413-865e-c0db2190857f,
album|morgan wallen|one thing at a time,Morgan Wallen,One Thing at a Time,2023,1,035,core_graph_album,resolved,musicbrainz_ws2,high,109,36,Morgan Wallen,One Thing at a Time,2023-03-03,1818423949,eab1ce83-eb3d-4e70-94ff-6fddd5405e84,0139e1fd-1ef1-4b25-8f78-8134b93b9a4a,https://musicbrainz.org/release/0139e1fd-1ef1-4b25-8f78-8134b93b9a4a,
album|mother love bone|apple,Mother Love Bone,Apple,1990,1,070,core_graph_album,resolved,musicbrainz_ws2,high,109,13,Mother Love Bone,Apple,1990,1833371821,0df8ee07-7d17-333c-8338-2ea24aaeac88,92d46825-317e-4fd4-82cb-fb840313272d,https://musicbrainz.org/release/92d46825-317e-4fd4-82cb-fb840313272d,
album|mothers of invention|absolutely free,The Mothers of Invention,Absolutely Free,1967,1,015,core_graph_album,resolved,musicbrainz_ws2,high,109,15,The Mothers of Invention,Absolutely Free,1967-06-26,1442926805,9c191e8c-1fd5-3524-bcc3-c0ac4b0b637a,54d25c11-8e5b-4055-9423-2ef907e00b5a,https://musicbrainz.org/release/54d25c11-8e5b-4055-9423-2ef907e00b5a,
album|mothers of invention|freak out,The Mothers of Invention,Freak Out!,1966,1,015,boundary_candidate,resolved,musicbrainz_ws2,high,109,15,The Mothers of Invention,Freak Out!,1966-06-27,1440928854,44895ae9-5c04-3e65-8ead-672d1b24ac84,667f1962-8159-4105-a5ca-75ff3a6e9f5f,https://musicbrainz.org/release/667f1962-8159-4105-a5ca-75ff3a6e9f5f,
album|mothers of invention|we re only in it for the money,The Mothers of Invention,We're Only in It for the Money,1968,1,015,core_graph_album,resolved,musicbrainz_ws2,high,109,19,The Mothers of Invention,We’re Only in It for the Money,1968-01,1443746670,6bf4d078-7bc6-32a1-8edf-0ef1bcb7a5df,ac8999f9-6124-4132-93d6-1803ef8cd717,https://musicbrainz.org/release/ac8999f9-6124-4132-93d6-1803ef8cd717,
album|motion city soundtrack|commit this to memory,Motion City Soundtrack,Commit This to Memory,2005,1,077,core_graph_album,resolved,musicbrainz_ws2,high,109,13,Motion City Soundtrack,Commit This to Memory,2005-06-07,1485043208,bdcc3805-bad0-3106-bf84-b57ff10b79ce,b385a012-e088-426d-980b-acdf114ef775,https://musicbrainz.org/release/b385a012-e088-426d-980b-acdf114ef775,
album|motion city soundtrack|i am the movie,Motion City Soundtrack,I Am the Movie,2003,1,077,core_graph_album,resolved,musicbrainz_ws2,high,106,14,Motion City Soundtrack,I Am the Movie,2003-06-24,1485041323,268c59a2-220e-3f7d-9107-c3986c235050,727487ba-0a42-442d-87bf-78536317f1b9,https://musicbrainz.org/release/727487ba-0a42-442d-87bf-78536317f1b9,
album|motionless in white|disguise,Motionless in White,Disguise,2019,1,118,core_graph_album,resolved,musicbrainz_ws2,high,109,11,Motionless in White,Disguise,2019-06-07,1458937557,2809f31a-38ca-4f83-9845-95c7d5248712,5d34a5cc-83dd-4a13-ab74-923d8e24c8e2,https://musicbrainz.org/release/5d34a5cc-83dd-4a13-ab74-923d8e24c8e2,
album|motionless in white|scoring the end of the world,Motionless in White,Scoring the End of the World,2022,1,118,core_graph_album,resolved,musicbrainz_ws2,high,109,13,Motionless in White,Scoring the End of the World,2022-06-10,1613625935,c3e2dc06-b96a-4df9-aefd-8944776afe51,04f76525-0505-4270-9e1e-b1116b97e22c,https://musicbrainz.org/release/04f76525-0505-4270-9e1e-b1116b97e22c,
album|motley crue|dr feelgood,Motley Crue,Dr. Feelgood,1989,1,063,core_graph_album,resolved,musicbrainz_ws2,high,109,11,Mötley Crüe,Dr. Feelgood,1989-08-28,1764395673,2fc8cf0a-2370-3238-b4f3-0fcea1511c12,55cc1ff8-ed58-4872-8eee-d4b24cfc7d1e,https://musicbrainz.org/release/55cc1ff8-ed58-4872-8eee-d4b24cfc7d1e,
album|motley crue|shout at the devil,Motley Crue,Shout at the Devil,1983,1,063,core_graph_album,resolved,musicbrainz_ws2,high,109,11,Mötley Crüe,Shout at the Devil,1983-09-26,1606692937,1d53b31a-6fed-3dcd-860f-d49be19a0228,63066e4c-b97d-4856-939d-4f2705c1f656,https://musicbrainz.org/release/63066e4c-b97d-4856-939d-4f2705c1f656,
album|motorhead|ace of spades,Motorhead,Ace of Spades,1980,1,061,core_graph_album,resolved,musicbrainz_ws2,high,104,12,Motörhead,Ace of Spades,1980-10,1614256828,8295af95-1ffe-30ee-9c4f-e85578e4b900,d66f7807-27bc-41d5-8930-55e02994d567,https://musicbrainz.org/release/d66f7807-27bc-41d5-8930-55e02994d567,
album|motorhead|no sleep til hammersmith,Motorhead,No Sleep 'til Hammersmith,1981,1,061,core_graph_album,resolved,musicbrainz_ws2,high,109,12,Motörhead,No Sleep ’Til Hammersmith,1981,1614257261,98a70d58-bbc1-328d-89ca-31850e74d678,8d02495c-9abb-422e-bc55-69ad42eab593,https://musicbrainz.org/release/8d02495c-9abb-422e-bc55-69ad42eab593,
album|mott the hoople|all the young dudes,Mott the Hoople,All the Young Dudes,1972,1,020,core_graph_album,resolved,musicbrainz_ws2,high,109,16,Mott the Hoople,All the Young Dudes,1972-11,155712973,cc5e8db8-684b-3adf-a519-55b0818391ac,8b08c865-5b86-4300-943c-3789bf73c0e5,https://musicbrainz.org/release/8b08c865-5b86-4300-943c-3789bf73c0e5,
album|mott the hoople|mott,Mott the Hoople,Mott,1973,1,020,core_graph_album,resolved,musicbrainz_ws2,high,109,13,Mott the Hoople,Mott,1973,155713664,4f213af5-f4f9-3129-ad7e-d34f1fd8abd1,fab77ca2-7051-48c0-8fc4-10de7082a48b,https://musicbrainz.org/release/fab77ca2-7051-48c0-8fc4-10de7082a48b,
album|mountain goats|sunset tree,The Mountain Goats,The Sunset Tree,2005,1,072,core_graph_album,resolved,musicbrainz_ws2,high,109,13,The Mountain Goats,The Sunset Tree,2005-05-02,1445589195,7797081a-94b6-3a9b-b103-fc215b85d46a,2d66c5e3-c1f0-440c-96b7-fd4578ecb8c7,https://musicbrainz.org/release/2d66c5e3-c1f0-440c-96b7-fd4578ecb8c7,
album|mountain|climbing,Mountain,Climbing!,1970,1,017,core_graph_album,resolved,musicbrainz_ws2,high,109,9,Mountain,Climbing!,1970,157308020,37223bd3-9b5f-362e-8d8c-c471099bb679,994836f7-a237-4085-b4f4-973fe389f2c4,https://musicbrainz.org/release/994836f7-a237-4085-b4f4-973fe389f2c4,
album|move|move,The Move,The Move,1968,1,012,core_graph_album,resolved,musicbrainz_ws2,medium,92,5,The Move,Something Else From The Move,1968-07,,53fbf28f-cfcd-39a3-8b22-f773a57b21e2,f50705c0-c92d-458c-a7dc-031af9cb728d,https://musicbrainz.org/release/f50705c0-c92d-458c-a7dc-031af9cb728d,
album|mudhoney|every good boy deserves fudge,Mudhoney,Every Good Boy Deserves Fudge,1991,1,070,core_graph_album,resolved,musicbrainz_ws2,high,109,14,Mudhoney,Every Good Boy Deserves Fudge,1991,3275889,a06ea2e4-c2ff-3169-8af5-5625f0a6ed9a,17722c03-7e35-492f-9b30-40fb4abf31bd,https://musicbrainz.org/release/17722c03-7e35-492f-9b30-40fb4abf31bd,
album|mudhoney|superfuzz bigmuff,Mudhoney,Superfuzz Bigmuff,1988,1,070,core_graph_album,resolved,musicbrainz_ws2,high,104,32,Mudhoney,Superfuzz Bigmuff,1988,279888941,c92a05a8-c340-39aa-a912-e2927f2b49a6,b307e32b-b4f3-45af-8a41-21b2416a3177,https://musicbrainz.org/release/b307e32b-b4f3-45af-8a41-21b2416a3177,
album|mudvayne|l d 50,Mudvayne,L.D. 50,2000,1,066,core_graph_album,resolved,musicbrainz_ws2,high,109,17,Mudvayne,L.D. 50,2000,253980317,a7fc1d25-7b86-3c76-bcbb-64ab29287a70,429b65aa-f22c-4376-892e-a0a9fd0a31ca,https://musicbrainz.org/release/429b65aa-f22c-4376-892e-a0a9fd0a31ca,
album|mumford and sons|babel,Mumford & Sons,Babel,2012,1,030,core_graph_album,resolved,musicbrainz_ws2,high,109,12,Mumford & Sons,Babel,2012-09-21,1771725011,9bc0a481-57e5-4d16-bb9c-049a974cc2b2,3410b49c-5ff2-491f-906b-a78e96089433,https://musicbrainz.org/release/3410b49c-5ff2-491f-906b-a78e96089433,
album|mumford and sons|sigh no more,Mumford & Sons,Sigh No More,2009,1,030,core_graph_album,resolved,musicbrainz_ws2,high,109,12,Mumford & Sons,Sigh No More,2009-10-16,1771710636,e098b168-2395-4be9-9bfa-ed6e8b488182,2b15d676-1cc4-4703-801d-67fd9f02d3e2,https://musicbrainz.org/release/2b15d676-1cc4-4703-801d-67fd9f02d3e2,
album|murder capital|when i have fears,The Murder Capital,When I Have Fears,2019,1,115,core_graph_album,resolved,musicbrainz_ws2,high,109,10,The Murder Capital,When I Have Fears,2019-08-16,1464494394,ddba21a7-f6a5-4c8e-a2b9-3b0db8f6d5ca,2667c6b5-a429-4fc0-8bb0-68dcf661d3b3,https://musicbrainz.org/release/2667c6b5-a429-4fc0-8bb0-68dcf661d3b3,
album|music machine|turn on the music machine,The Music Machine,(Turn On) The Music Machine,1966,1,011,core_graph_album,resolved,musicbrainz_ws2,high,109,12,The Music Machine,(Turn On) The Music Machine,1966,1443636752,88991a31-90ab-3943-93a3-b72daebebdd3,691197bd-e9f2-491f-8a49-894f962d2692,https://musicbrainz.org/release/691197bd-e9f2-491f-8a49-894f962d2692,
album|musiq soulchild|aijuswanaseing,Musiq Soulchild,Aijuswanaseing,2000,1,043,core_graph_album,resolved,musicbrainz_ws2,high,109,15,Musiq Soulchild,Aijuswanaseing,2000-11-14,1440921030,335650be-4666-315d-b021-7f8be8ec1759,4f0e6860-9870-4cd7-a410-b6f14d52494f,https://musicbrainz.org/release/4f0e6860-9870-4cd7-a410-b6f14d52494f,
album|mxpx|life in general,MxPx,Life in General,1996,1,076,core_graph_album,resolved,musicbrainz_ws2,high,106,17,MxPx,Life in General,1996-11-19,724943185,d035d4d8-0344-3b64-8b70-f6d74860fbea,997e756f-d51a-429c-9ac8-87e569b38d48,https://musicbrainz.org/release/997e756f-d51a-429c-9ac8-87e569b38d48,
album|my bloody valentine|loveless,My Bloody Valentine,Loveless,1991,1,073,boundary_candidate,resolved,musicbrainz_ws2,high,109,11,My Bloody Valentine,Loveless,1991-11-05,,cb76227e-3ac0-3002-9a10-615a5b73cc59,a78a16d6-2c2d-4873-9676-f07f313ba372,https://musicbrainz.org/release/a78a16d6-2c2d-4873-9676-f07f313ba372,
album|my chemical romance|black parade,My Chemical Romance,The Black Parade,2006,1,077,core_graph_album,resolved,musicbrainz_ws2,high,109,14,My Chemical Romance,The Black Parade,2006-10-24,1156310650,bcba43e7-2f72-3b60-b234-577e77fd2d9e,27595ef8-7cff-472e-b678-7959ffce9708,https://musicbrainz.org/release/27595ef8-7cff-472e-b678-7959ffce9708,
album|my chemical romance|three cheers for sweet revenge,My Chemical Romance,Three Cheers for Sweet Revenge,2004,1,077,core_graph_album,resolved,musicbrainz_ws2,high,109,13,My Chemical Romance,Three Cheers for Sweet Revenge,2004-06-08,1156311431,1d563513-87dc-308f-8bac-418fab4054cf,6f9625b9-26ae-47f8-991a-7eb3249534c7,https://musicbrainz.org/release/6f9625b9-26ae-47f8-991a-7eb3249534c7,
album|n w a|straight outta compton,N.W.A,Straight Outta Compton,1988,1,047,core_graph_album,resolved,musicbrainz_ws2,high,109,13,N.W.A,Straight Outta Compton,1989,1440816032,fed1608d-80b7-38d2-aeb8-c6357f0d4c23,748d1c51-fc39-47c3-90a0-1c5f76b9d458,https://musicbrainz.org/release/748d1c51-fc39-47c3-90a0-1c5f76b9d458,
album|nanci griffith|other voices other rooms,Nanci Griffith,"Other Voices, Other Rooms",1993,1,027,core_graph_album,resolved,apple_itunes_search_api,high,109,17,Nanci Griffith,"Other Voices, Other Rooms",1993-02-09,373224094,,,https://music.apple.com/us/album/other-voices-other-rooms/373224094?uo=4,
album|napalm death|scum,Napalm Death,Scum,1987,1,068,boundary_candidate,resolved,musicbrainz_ws2,high,109,28,Napalm Death,Scum,1991,310612125,28fde873-9dcd-35f7-9521-8d446ee2753b,9091884b-f849-3583-b240-ee0d7dddba3f,https://musicbrainz.org/release/9091884b-f849-3583-b240-ee0d7dddba3f,
album|nas|illmatic,Nas,Illmatic,1994,1,048,core_graph_album,resolved,musicbrainz_ws2,high,109,10,Nas,Illmatic,1994,662324135,28298e2c-4d70-3eed-a0f5-a3280c662b3d,2e7c03a2-2ef9-4563-bb6d-ebc65eed77e4,https://musicbrainz.org/release/2e7c03a2-2ef9-4563-bb6d-ebc65eed77e4,
album|nat king cole|christmas song,Nat King Cole,The Christmas Song,1960,1,112,context_candidate,resolved,musicbrainz_ws2,high,109,20,Nat King Cole,The Christmas Song,1963,716169111,9cedba59-9bfe-36bd-81fc-bed263ddfd62,4fc4b465-1594-4d81-878a-42b057159523,https://musicbrainz.org/release/4fc4b465-1594-4d81-878a-42b057159523,
album|nat king cole|unforgettable,Nat King Cole,Unforgettable,1954,1,100,core_graph_album,resolved,musicbrainz_ws2,high,101,12,Nat King Cole,Unforgettable,,1444030068,788b5421-4535-3a52-aac7-c31f3b23f3d1,67913372-bd15-4ad2-a988-a63bf5f4b4a9,https://musicbrainz.org/release/67913372-bd15-4ad2-a988-a63bf5f4b4a9,
album|natalie merchant|tigerlily,Natalie Merchant,Tigerlily,1995,1,029,core_graph_album,resolved,musicbrainz_ws2,high,109,11,Natalie Merchant,Tigerlily,1995-06-20,338038410,6f679bd4-9371-3c41-8697-25f98a09e9d6,2dac7bcb-7819-4002-a00c-d6af99d9b4e1,https://musicbrainz.org/release/2dac7bcb-7819-4002-a00c-d6af99d9b4e1,
album|natanael cano|corridos tumbados,Natanael Cano,Corridos Tumbados,2019,1,095,core_graph_album,resolved,musicbrainz_ws2,high,109,21,Natanael Cano,Corridos tumbados,2019-10-31,1485388187,d92b6f51-f658-479e-99a4-fafaad8cb56b,8ca46841-577e-45d5-93b6-4ee31bcb56f3,https://musicbrainz.org/release/8ca46841-577e-45d5-93b6-4ee31bcb56f3,
album|natanael cano|nata montana,Natanael Cano,Nata Montana,2023,1,095,core_graph_album,resolved,musicbrainz_ws2,high,109,15,Natanael Cano,Nata Montana,2023-06-30,1694995448,9fb39cac-f3e8-4074-b454-654bdc192299,4a6af7bb-d95f-43be-aec8-5162aae335ae,https://musicbrainz.org/release/4a6af7bb-d95f-43be-aec8-5162aae335ae,
album|national|boxer,The National,Boxer,2007,1,080,core_graph_album,resolved,musicbrainz_ws2,high,109,14,The National,Boxer,2007-05-22,220281465,9facb475-4c5f-369b-9b93-1280e6669090,d8080ec1-9cd8-41f3-b907-03db06293a9c,https://musicbrainz.org/release/d8080ec1-9cd8-41f3-b907-03db06293a9c,
album|ned doheny|hard candy,Ned Doheny,Hard Candy,1976,1,023,core_graph_album,resolved,musicbrainz_ws2,high,109,9,Ned Doheny,Hard Candy,1976,296470139,e874c11a-fe08-3dee-bc4a-68dad9a81d9f,c9fcebbb-2700-4402-ba72-e9f75a55bc0b,https://musicbrainz.org/release/c9fcebbb-2700-4402-ba72-e9f75a55bc0b,
album|negative approach|tied down,Negative Approach,Tied Down,1983,1,055,core_graph_album,resolved,musicbrainz_ws2,high,109,10,Negative Approach,Tied Down,1983,1120329776,f6835e3f-1353-470d-a8da-efc22f94f3f7,be235b7e-59d4-43f0-94bf-da7f3132a0bf,https://musicbrainz.org/release/be235b7e-59d4-43f0-94bf-da7f3132a0bf,
album|neil diamond|hot august night,Neil Diamond,Hot August Night,1972,1,113,false_nearby_candidate,resolved,musicbrainz_ws2,high,109,29,Neil Diamond,Hot August Night,1972-11-25,1443288776,62a1bb37-e679-3f0e-ae27-08112f32a520,8bb8e255-f1e5-4792-8328-93c45a1820cc,https://musicbrainz.org/release/8bb8e255-f1e5-4792-8328-93c45a1820cc,
album|neil sedaka|neil sedaka sings little devil and his other hits,Neil Sedaka,Neil Sedaka Sings Little Devil and His Other Hits,1961,1,004,core_graph_album,resolved,musicbrainz_ws2,medium,109,12,Neil Sedaka,Sings Little Devil and His Other Hits,1961,475839326,22a85302-4578-40fc-9fd2-4325ae7efd91,f58335b2-fbec-42af-9a6f-636846a87343,https://musicbrainz.org/release/f58335b2-fbec-42af-9a6f-636846a87343,
album|neko case|fox confessor brings the flood,Neko Case,Fox Confessor Brings the Flood,2006,1,028,core_graph_album,resolved,musicbrainz_ws2,high,109,13,Neko Case,Fox Confessor Brings the Flood,2006-03-07,1485022603,7813c6a9-36fd-3541-8099-f877a6c72766,24f52930-c7b3-4f5f-8d88-a086fc16bfcb,https://musicbrainz.org/release/24f52930-c7b3-4f5f-8d88-a086fc16bfcb,
album|nelly furtado|loose,Nelly Furtado,Loose,2006,1,090,core_graph_album,resolved,musicbrainz_ws2,high,109,17,Nelly Furtado,Loose,2006-06-20,1442463545,723dcf4d-800e-3479-87fb-ba5b9594e375,26461342-bedc-4003-848c-c7ca04dfae73,https://musicbrainz.org/release/26461342-bedc-4003-848c-c7ca04dfae73,
album|nelly|country grammar,Nelly,Country Grammar,2000,1,050,core_graph_album,resolved,musicbrainz_ws2,high,109,17,Nelly,Country Grammar,2000-06-27,1440782396,89789ff3-f783-38ec-8392-7c845d1eeed8,63d2c002-3b39-4e6a-9cad-50bb5f86a701,https://musicbrainz.org/release/63d2c002-3b39-4e6a-9cad-50bb5f86a701,
album|nelly|nellyville,Nelly,Nellyville,2002,1,050,core_graph_album,resolved,musicbrainz_ws2,high,109,19,Nelly,Nellyville,2002,1440769782,8bea71d9-b1ae-3b02-bcca-cc3c2bde130d,0c600b37-d101-4693-b042-2b0dcdc4bbef,https://musicbrainz.org/release/0c600b37-d101-4693-b042-2b0dcdc4bbef,
album|neurosis|times of grace,Neurosis,Times of Grace,1999,1,068,core_graph_album,resolved,musicbrainz_ws2,high,109,11,Neurosis,Times of Grace,1999-05-04,73637822,d59a4f3e-b304-3b47-8784-7a7a4ea9922d,d56380fe-d00e-42c3-841a-654254ef264a,https://musicbrainz.org/release/d56380fe-d00e-42c3-841a-654254ef264a,
album|neutral milk hotel|in the aeroplane over the sea,Neutral Milk Hotel,In the Aeroplane Over the Sea,1998,1,072,core_graph_album,resolved,musicbrainz_ws2,high,109,11,Neutral Milk Hotel,In the Aeroplane Over the Sea,1998-02-10,1839077554,8f310800-045b-3e12-8268-50b3d33a2267,023fcf90-dca7-4a4e-a4e2-ed0eaba78f9e,https://musicbrainz.org/release/023fcf90-dca7-4a4e-a4e2-ed0eaba78f9e,
album|new broadway cast of chicago|chicago,New Broadway Cast of Chicago,Chicago,1996,1,104,context_candidate,resolved,apple_itunes_search_api,medium,90,21,London Theatre Orchestra & Cast,Chicago,1997-01-01,1823109823,,,https://music.apple.com/us/album/chicago/1823109823?uo=4,
album|new edition|heart break,New Edition,Heart Break,1988,1,042,core_graph_album,resolved,musicbrainz_ws2,high,109,15,New Edition,Heart Break,1988,1440651289,c180b839-e2a4-3c58-9c53-ce687c2b5d01,1d37901b-884c-4d9f-bdca-b56a37b8a411,https://musicbrainz.org/release/1d37901b-884c-4d9f-bdca-b56a37b8a411,
album|new found glory|sticks and stones,New Found Glory,Sticks and Stones,2002,1,076,core_graph_album,resolved,musicbrainz_ws2,high,109,13,New Found Glory,Sticks and Stones,2002-06-11,1473976075,ddd1788b-ff0f-360f-9190-c333488d7f65,0228185c-e98d-4601-89fb-bf09fdffa71a,https://musicbrainz.org/release/0228185c-e98d-4601-89fb-bf09fdffa71a,
album|new order|power corruption and lies,New Order,"Power, Corruption & Lies",1983,1,058,core_graph_album,resolved,musicbrainz_ws2,high,109,8,New Order,"Power, Corruption & Lies",1983,1040981945,16cc9dfc-594d-3fb9-b789-3e1bfcb6f9f8,28ebda07-0005-3931-b783-45b4acf2e241,https://musicbrainz.org/release/28ebda07-0005-3931-b783-45b4acf2e241,
album|new order|technique,New Order,Technique,1989,1,058,core_graph_album,resolved,musicbrainz_ws2,high,109,9,New Order,Technique,1989-01-24,1040968369,a0902fc4-e3d9-3b2b-bc94-cd4d0e59db29,01681b1d-3068-3689-b879-efefde1f7b3b,https://musicbrainz.org/release/01681b1d-3068-3689-b879-efefde1f7b3b,
album|new pornographers|mass romantic,The New Pornographers,Mass Romantic,2000,1,075,core_graph_album,resolved,musicbrainz_ws2,high,109,12,The New Pornographers,Mass Romantic,2003-10-07,1589133947,2e485b20-90ef-38ba-8e2b-d59b8eae4e05,92648a5a-23d5-4ea4-8276-ef0d81aaf16b,https://musicbrainz.org/release/92648a5a-23d5-4ea4-8276-ef0d81aaf16b,
album|new pornographers|twin cinema,The New Pornographers,Twin Cinema,2005,1,078,core_graph_album,resolved,musicbrainz_ws2,high,109,15,The New Pornographers,Twin Cinema,2005-08-23,1590332004,5b36f019-6c92-32e0-be67-433e125859d1,807ff432-accf-4a49-95e7-e19b170f4db2,https://musicbrainz.org/release/807ff432-accf-4a49-95e7-e19b170f4db2,
album|new york dolls|new york dolls,New York Dolls,New York Dolls,1973,1,020,core_graph_album,resolved,musicbrainz_ws2,high,109,11,New York Dolls,New York Dolls,1973-07-27,1445885111,4cdd4c59-e38f-382b-b01c-e69829faa69c,07259559-743c-4f92-8eb3-205287ef1c90,https://musicbrainz.org/release/07259559-743c-4f92-8eb3-205287ef1c90,
album|newjeans|get up,NewJeans,Get Up,2023,1,098,core_graph_album,resolved,musicbrainz_ws2,high,104,6,NewJeans,Get Up,2023-07-21,1695951888,d2b0e110-fe62-4c91-9504-5dbfbedf1374,290225ac-4a21-4772-9181-a21ff98b23d2,https://musicbrainz.org/release/290225ac-4a21-4772-9181-a21ff98b23d2,
album|newsboys|going public,Newsboys,Going Public,1994,1,109,core_graph_album,resolved,musicbrainz_ws2,high,109,10,Newsboys,Going Public,1994,724391186,d7b43f1d-2351-3862-9e8f-88aa92f939b0,640b06d6-236f-49da-a416-1ebe6c0fd898,https://musicbrainz.org/release/640b06d6-236f-49da-a416-1ebe6c0fd898,
album|nick drake|pink moon,Nick Drake,Pink Moon,1972,1,024,core_graph_album,resolved,musicbrainz_ws2,high,109,11,Nick Drake,Pink Moon,1972-02-25,1567147188,740ec10a-e887-38a6-a04d-fe2069c9e2a7,c356465b-656b-4081-b474-dda0d08018a5,https://musicbrainz.org/release/c356465b-656b-4081-b474-dda0d08018a5,
album|nickelback|silver side up,Nickelback,Silver Side Up,2001,1,071,false_nearby_candidate,resolved,musicbrainz_ws2,high,109,10,Nickelback,Silver Side Up,2001-09-11,214475427,f35498a6-e3a4-3834-b243-8a67d3d1f88c,00e1a466-9c66-4e52-965c-b07808380fc6,https://musicbrainz.org/release/00e1a466-9c66-4e52-965c-b07808380fc6,
album|nicki minaj|pink friday,Nicki Minaj,Pink Friday,2010,1,050,core_graph_album,resolved,musicbrainz_ws2,high,109,13,Nicki Minaj,Pink Friday,2010-11-22,1440776646,c91d9596-dfa8-482d-b3ab-706e937fd3ec,88dc33e7-99c9-416c-b74f-deffa26e23c7,https://musicbrainz.org/release/88dc33e7-99c9-416c-b74f-deffa26e23c7,
album|nicki minaj|pinkprint,Nicki Minaj,The Pinkprint,2014,1,050,core_graph_album,resolved,musicbrainz_ws2,high,109,17,Nicki Minaj,The Pinkprint,2014-12-15,1440848423,75c1375c-1311-4cd0-b5cd-182c42e357e7,6dae1dcf-eae0-480b-8195-632ad86a8875,https://musicbrainz.org/release/6dae1dcf-eae0-480b-8195-632ad86a8875,
album|nicky jam|fenix,Nicky Jam,Fenix,2017,1,094,core_graph_album,resolved,musicbrainz_ws2,high,109,26,Nicky Jam,Fénix,2017-01-20,1189391673,3face3d3-b1e3-444d-83aa-17576df9ded5,dd7df6ea-b5ca-492f-80e4-14490660ebc4,https://musicbrainz.org/release/dd7df6ea-b5ca-492f-80e4-14490660ebc4,
album|nightmares on wax|smokers delight,Nightmares on Wax,Smokers Delight,1995,1,084,core_graph_album,resolved,musicbrainz_ws2,high,109,16,Nightmares on Wax,Smokers Delight,1995,281088001,c4482347-92da-3a29-8ed6-78655ed02f66,440394f0-d2ef-4afb-b2ba-0178fee1ff47,https://musicbrainz.org/release/440394f0-d2ef-4afb-b2ba-0178fee1ff47,
album|nina simone|pastel blues,Nina Simone,Pastel Blues,1965,1,101,core_graph_album,resolved,musicbrainz_ws2,high,109,9,Nina Simone,Pastel Blues,1965,1445668394,1b3233e2-15ed-344e-bc8e-6630455db87f,8631005a-2d76-43bd-9002-e077f01ca23f,https://musicbrainz.org/release/8631005a-2d76-43bd-9002-e077f01ca23f,
album|nine inch nails|broken,Nine Inch Nails,Broken,1992,1,065,core_graph_album,resolved,musicbrainz_ws2,high,104,8,Nine Inch Nails,Broken,1992-09-22,1440743805,abcff3e9-a3f4-3a94-a6be-32381104084e,3e70c9c9-6e1a-4ae6-8a13-250f28de8ffd,https://musicbrainz.org/release/3e70c9c9-6e1a-4ae6-8a13-250f28de8ffd,
album|nine inch nails|downward spiral,Nine Inch Nails,The Downward Spiral,1994,1,065,core_graph_album,resolved,musicbrainz_ws2,high,109,14,Nine Inch Nails,The Downward Spiral,1994-03-08,1440837096,7c4cab8d-dead-3870-b501-93c90fd0a580,299d12ca-adee-4730-80df-61f4be276754,https://musicbrainz.org/release/299d12ca-adee-4730-80df-61f4be276754,
album|nine inch nails|pretty hate machine,Nine Inch Nails,Pretty Hate Machine,1989,1,065,boundary_candidate,resolved,musicbrainz_ws2,high,109,10,Nine Inch Nails,Pretty Hate Machine,1989-11-20,1440934840,fcb872a2-7ef9-3ed0-bd4a-7c55c78179b6,60a04a88-3956-49f5-9d0f-b2603be9f612,https://musicbrainz.org/release/60a04a88-3956-49f5-9d0f-b2603be9f612,
album|nine inch nails|with teeth,Nine Inch Nails,With Teeth,2005,1,065,core_graph_album,resolved,musicbrainz_ws2,high,109,13,Nine Inch Nails,With Teeth,2005-05-03,1440851583,10224fb3-a861-3247-9eab-81b7b0fbb0d4,91323bea-9e65-35c0-8f06-e36ab2590e4f,https://musicbrainz.org/release/91323bea-9e65-35c0-8f06-e36ab2590e4f,
album|nine inch nails|year zero,Nine Inch Nails,Year Zero,2007,1,065,core_graph_album,resolved,musicbrainz_ws2,high,109,16,Nine Inch Nails,Year Zero,2007-04-17,1440826538,3bd76d40-7f0e-36b7-9348-91a33afee20e,70475afd-e9b1-4a84-abcd-5aa2e867dea8,https://musicbrainz.org/release/70475afd-e9b1-4a84-abcd-5aa2e867dea8,
album|nirvana uk|story of simon simopath,Nirvana (UK),The Story of Simon Simopath,1967,1,012,core_graph_album,resolved,musicbrainz_ws2,high,109,10,Nirvana,The Story of Simon Simopath,1967,,a79e430c-6ee9-3b7e-a263-b15661bdffcf,90f40330-ca12-44cc-956b-f281706f5098,https://musicbrainz.org/release/90f40330-ca12-44cc-956b-f281706f5098,
album|nirvana|bleach,Nirvana,Bleach,1989,1,070,core_graph_album,resolved,musicbrainz_ws2,high,109,25,Nirvana,Bleach,1990,669728060,f1afec0b-26dd-3db5-9aa1-c91229a74a24,7d166a44-cfb5-4b08-aacb-6863bbe677d6,https://musicbrainz.org/release/7d166a44-cfb5-4b08-aacb-6863bbe677d6,
album|nirvana|in utero,Nirvana,In Utero,1993,1,070,boundary_candidate,resolved,musicbrainz_ws2,high,109,12,Nirvana,In Utero,1993-09-21,1440858699,2a0981fb-9593-3019-864b-ce934d97a16e,3a88a29a-6af4-49d8-865e-115525fee7dd,https://musicbrainz.org/release/3a88a29a-6af4-49d8-865e-115525fee7dd,
album|nirvana|nevermind,Nirvana,Nevermind,1991,1,070,core_graph_album,resolved,musicbrainz_ws2,high,109,13,Nirvana,Nevermind,1991-09-24,1440783617,1b022e01-4da6-387b-8658-8678046e4cef,8e061dc4-790e-4587-ba53-011e7852f88d,https://musicbrainz.org/release/8e061dc4-790e-4587-ba53-011e7852f88d,
album|noah kahan|stick season,Noah Kahan,Stick Season,2022,1,030,core_graph_album,resolved,musicbrainz_ws2,high,109,14,Noah Kahan,Stick Season,2022-10-14,1644787581,14fc4370-9b90-411b-a02e-6c6d5a8799fc,ea1a212e-1881-49c8-bcd1-6a953661a5c1,https://musicbrainz.org/release/ea1a212e-1881-49c8-bcd1-6a953661a5c1,
album|nofx|punk in drublic,NOFX,Punk in Drublic,1994,1,076,core_graph_album,resolved,musicbrainz_ws2,high,109,17,NOFX,Punk in Drublic,1994-07-19,1485034320,e45567d0-0c20-3936-a49f-1b42901f89fd,fca4bc8a-6731-380e-bbfe-2157cdc064d0,https://musicbrainz.org/release/fca4bc8a-6731-380e-bbfe-2157cdc064d0,
album|norah jones|come away with me,Norah Jones,Come Away with Me,2002,3,025;029;102,core_graph_album,resolved,musicbrainz_ws2,high,109,14,Norah Jones,Come Away With Me,2002-02-26,1624173298,6ccac9d2-22ed-33de-bd5d-f2aadcacf7f8,90616eec-08a9-401c-bf53-2d474cfa97a7,https://musicbrainz.org/release/90616eec-08a9-401c-bf53-2d474cfa97a7,
album|north mississippi allstars|shake hands with shorty,North Mississippi Allstars,Shake Hands with Shorty,2000,1,019,core_graph_album,resolved,musicbrainz_ws2,high,109,10,North Mississippi Allstars,Shake Hands With Shorty,2000-05-05,258067595,6db29649-3f89-3d4a-800c-af39b08aa8aa,075bf61c-adda-4594-8cd5-0feae1f01925,https://musicbrainz.org/release/075bf61c-adda-4594-8cd5-0feae1f01925,
album|nothing but thieves|moral panic,Nothing But Thieves,Moral Panic,2020,1,118,core_graph_album,resolved,musicbrainz_ws2,high,109,11,Nothing But Thieves,Moral Panic,2020-10-23,1519413837,71c5027e-7d5d-4ab3-857b-7995a2b6578a,3884327f-683e-40f4-856c-2ce7d040eba1,https://musicbrainz.org/release/3884327f-683e-40f4-856c-2ce7d040eba1,
album|nothing|guilty of everything,Nothing,Guilty of Everything,2014,1,073,core_graph_album,resolved,musicbrainz_ws2,high,109,9,Nothing,Guilty of Everything,2014-03-03,794866934,576d7e6d-6bbe-4c4c-a11b-80033755d3f3,0811c054-61d5-4012-b371-b7e9a3373d6b,https://musicbrainz.org/release/0811c054-61d5-4012-b371-b7e9a3373d6b,
album|notorious b i g|life after death,The Notorious B.I.G.,Life After Death,1997,1,048,core_graph_album,resolved,musicbrainz_ws2,high,109,24,The Notorious B.I.G.,Life After Death,1997-03-25,906888433,132d78be-baa5-3301-aba5-933409e3f848,03aa0355-70d2-4032-9985-f9a040978520,https://musicbrainz.org/release/03aa0355-70d2-4032-9985-f9a040978520,
album|notorious b i g|ready to die,The Notorious B.I.G.,Ready to Die,1994,1,048,core_graph_album,resolved,musicbrainz_ws2,high,109,19,The Notorious B.I.G.,Ready to Die,1994-09-13,204669326,5afcfeac-118a-35e6-af0d-35ec9003354d,c39794bb-1886-42d9-8a8e-a1be8ae8d5fa,https://musicbrainz.org/release/c39794bb-1886-42d9-8a8e-a1be8ae8d5fa,
album|nsync|celebrity,NSYNC,Celebrity,2001,1,089,core_graph_album,resolved,musicbrainz_ws2,high,109,13,*NSYNC,Celebrity,2001-07-24,303178981,c5f3d2f3-be2c-3e18-b3b0-f2b351e331a9,551447f3-286f-44fb-a13b-d9a303aa0950,https://musicbrainz.org/release/551447f3-286f-44fb-a13b-d9a303aa0950,
album|nsync|no strings attached,NSYNC,No Strings Attached,2000,1,089,core_graph_album,resolved,musicbrainz_ws2,high,109,12,*NSYNC,No Strings Attached,2000-03-21,303171298,a648d0c2-1438-33d0-87d2-5fbab3c0990a,37ad75f2-571d-498c-84d4-07327d3d51a8,https://musicbrainz.org/release/37ad75f2-571d-498c-84d4-07327d3d51a8,
album|nujabes|modal soul,Nujabes,Modal Soul,2005,1,120,core_graph_album,resolved,musicbrainz_ws2,high,109,14,Nujabes,Modal Soul,2005-11-11,1078914477,bd62a5df-6643-3aef-b129-9d4e6e296022,9f3a4a9b-5741-4a3b-9350-10940ce8bbf3,https://musicbrainz.org/release/9f3a4a9b-5741-4a3b-9350-10940ce8bbf3,
album|nusrat fateh ali khan|mustt mustt,Nusrat Fateh Ali Khan,Mustt Mustt,1990,1,099,core_graph_album,resolved,musicbrainz_ws2,high,109,11,Nusrat Fateh Ali Khan,Mustt Mustt,1990,1653379088,eb722fee-1372-3ee2-8797-7cd0044a236e,c2f6b50e-b91f-44b4-8eaf-fbee158a0186,https://musicbrainz.org/release/c2f6b50e-b91f-44b4-8eaf-fbee158a0186,
album|nuyorican soul|nuyorican soul,Nuyorican Soul,Nuyorican Soul,1997,1,081,core_graph_album,resolved,musicbrainz_ws2,high,109,14,Nuyorican Soul,Nuyorican Soul,1997,1443545227,b11e1f8c-325c-3464-8d4d-84e749818469,def4619f-0de9-4b13-b3c3-0e2049f39bfd,https://musicbrainz.org/release/def4619f-0de9-4b13-b3c3-0e2049f39bfd,
album|o c|word life,O.C.,Word...Life,1994,1,048,core_graph_album,resolved,musicbrainz_ws2,high,109,14,O.C.,Word…Life,1994-10-18,1565381875,f01c8cf2-4690-32c6-ad32-015063493cf5,8803a33c-0da6-46d6-a17f-048201f18ce3,https://musicbrainz.org/release/8803a33c-0da6-46d6-a17f-048201f18ce3,
album|oasis|what s the story morning glory,Oasis,(What's the Story) Morning Glory?,1995,1,075,core_graph_album,resolved,apple_music_catalog_album,high,100,12,Oasis,(What's the Story) Morning Glory?,1995-10-02,1517447039,,,https://music.apple.com/us/album/whats-the-story-morning-glory/1517447039,original_album_preferred_over_deluxe_or_remastered_variant
album|obituary|slowly we rot,Obituary,Slowly We Rot,1989,1,068,core_graph_album,resolved,musicbrainz_ws2,high,109,14,Obituary,Slowly We Rot,1989,214477843,615595ba-3435-36c6-8a4b-545c6403cfb6,35448c49-6c93-461f-9be3-9b1bdbec56b9,https://musicbrainz.org/release/35448c49-6c93-461f-9be3-9b1bdbec56b9,
album|odetta|odetta at carnegie hall,Odetta,Odetta at Carnegie Hall,1960,1,026,core_graph_album,resolved,musicbrainz_ws2,high,109,15,Odetta,Odetta at Carnegie Hall,1960,,1cf12a90-dfa5-4e8d-a158-2d20d8d49eb4,7dd71a76-d5b5-4932-bfc4-7c980be07494,https://musicbrainz.org/release/7dd71a76-d5b5-4932-bfc4-7c980be07494,
album|odetta|odetta sings ballads and blues,Odetta,Odetta Sings Ballads and Blues,1956,1,026,core_graph_album,resolved,apple_itunes_search_api,low,81,16,Odetta,Sings Ballads and Blues,1956-01-01,1464638478,,,https://music.apple.com/us/album/sings-ballads-and-blues/1464638478?uo=4,
album|of monsters and men|my head is an animal,Of Monsters and Men,My Head Is an Animal,2011,1,030,core_graph_album,resolved,musicbrainz_ws2,high,109,13,Of Monsters and Men,My Head Is an Animal,2012-04-03,1440808821,b7ac3c3e-095e-4bcf-94f9-694ca175b79d,99e6139b-13f8-4a9f-9778-265b2c908530,https://musicbrainz.org/release/99e6139b-13f8-4a9f-9778-265b2c908530,
album|offspring|smash,The Offspring,Smash,1994,1,076,core_graph_album,resolved,musicbrainz_ws2,low,94,14,The Offspring,Smash It Up,1995,1485034772,81ed8fee-2d56-4cd6-abb4-f954e701ac16,434d57a5-bd77-4dfb-b61c-d3e4c40fd85c,https://musicbrainz.org/release/434d57a5-bd77-4dfb-b61c-d3e4c40fd85c,
album|ohio players|fire,Ohio Players,Fire,1974,1,039,core_graph_album,resolved,musicbrainz_ws2,high,109,8,Ohio Players,Fire,1974,1434907387,4b1bd5bd-e3ab-3edf-bd93-7e01fae5b202,70717ad3-f120-4c68-b167-49b4941c373b,https://musicbrainz.org/release/70717ad3-f120-4c68-b167-49b4941c373b,
album|old 97 s|fight songs,Old 97's,Fight Songs,1999,1,028,core_graph_album,resolved,musicbrainz_ws2,high,109,12,Old 97’s,Fight Songs,1999-04-27,357814708,f6b821c4-7eb6-3839-b9d0-30b4cfbe3097,10c88f6c-241e-483e-9020-694203e51ff8,https://musicbrainz.org/release/10c88f6c-241e-483e-9020-694203e51ff8,
album|old 97 s|too far to care,Old 97's,Too Far to Care,1997,1,028,core_graph_album,resolved,musicbrainz_ws2,high,109,13,Old 97’s,Too Far to Care,1997-06-17,272865349,8df5ff09-5288-3669-8ec4-efb83a2fe76c,39dd52a8-b266-4daa-8969-45de6e550a05,https://musicbrainz.org/release/39dd52a8-b266-4daa-8969-45de6e550a05,
album|old 97 s|wreck your life,Old 97's,Wreck Your Life,1995,1,028,core_graph_album,resolved,musicbrainz_ws2,high,106,12,Old 97’s,Wreck Your Life,1996-02-26,1881205863,1e37ef33-0c20-38eb-9f10-3f0f74ffbf57,26c723cd-2cd7-4b26-a55e-517d8bb663bf,https://musicbrainz.org/release/26c723cd-2cd7-4b26-a55e-517d8bb663bf,
album|old crow medicine show|o c m s,Old Crow Medicine Show,O.C.M.S.,2004,1,036,core_graph_album,resolved,musicbrainz_ws2,high,109,11,Old Crow Medicine Show,O.C.M.S.,2004-02-24,1771036383,ba298c09-0020-34be-ab1a-04fb96fc2d81,308cc1b5-b5cc-4ad5-8eed-79ed82e9e8e3,https://musicbrainz.org/release/308cc1b5-b5cc-4ad5-8eed-79ed82e9e8e3,
album|olivia rodrigo|sour,Olivia Rodrigo,Sour,2021,1,093,core_graph_album,resolved,musicbrainz_ws2,high,109,11,Olivia Rodrigo,SOUR,2021-05-21,1560734944,2ae2e504-7116-4b4f-b632-9748bb18ccd2,dde9be2a-c8f7-4ca0-b54f-c56871e300f2,https://musicbrainz.org/release/dde9be2a-c8f7-4ca0-b54f-c56871e300f2,
album|om|advaitic songs,Om,Advaitic Songs,2012,1,064,core_graph_album,resolved,musicbrainz_ws2,high,109,5,Om,Advaitic Songs,2012-07-24,543942200,10e734e7-2b6b-4bea-bc37-a47c521e173b,b2ca4660-6230-4504-8d31-0b64da5e7cfe,https://musicbrainz.org/release/b2ca4660-6230-4504-8d31-0b64da5e7cfe,
album|omah lay|boy alone,Omah Lay,Boy Alone,2022,1,097,core_graph_album,resolved,musicbrainz_ws2,high,109,14,Omah Lay,Boy Alone,2022-07-15,1624954180,4d2a08d0-4344-4aaf-9011-d7c88cf58922,a57d3c87-70ad-422a-bbcf-c4c9b9d9b7b9,https://musicbrainz.org/release/a57d3c87-70ad-422a-bbcf-c4c9b9d9b7b9,
album|oneohtrix point never|replica,Oneohtrix Point Never,Replica,2011,1,087,core_graph_album,resolved,musicbrainz_ws2,high,109,10,Oneohtrix Point Never,Replica,2011-11-11,1714487173,2d7c4c68-1e99-41b2-b200-5a6ae41a5a51,42dd07d0-1ffd-4487-9094-74570c3818b7,https://musicbrainz.org/release/42dd07d0-1ffd-4487-9094-74570c3818b7,
album|onerepublic|dreaming out loud,OneRepublic,Dreaming Out Loud,2007,1,092,core_graph_album,resolved,musicbrainz_ws2,high,109,13,OneRepublic,Dreaming Out Loud,2007-11-20,1440889649,8d0ce921-986c-3d11-9abf-177fa947f4cd,04e20dc5-cd0c-4315-9994-33d9856de5c6,https://musicbrainz.org/release/04e20dc5-cd0c-4315-9994-33d9856de5c6,
album|onerepublic|native,OneRepublic,Native,2013,1,092,core_graph_album,resolved,musicbrainz_ws2,high,109,15,OneRepublic,Native,2013-03-22,1440854614,294ecdcd-7dd3-4392-87fa-edeb1349bfd0,203a92a8-2e72-402a-9f69-a928c693077d,https://musicbrainz.org/release/203a92a8-2e72-402a-9f69-a928c693077d,
album|onyx|bacdafucup,Onyx,Bacdafucup,1993,1,048,core_graph_album,resolved,musicbrainz_ws2,high,109,18,Onyx,Bacdafucup,1993-03-30,1440911103,9a8c18d9-b65a-3d5d-8416-12c6f7eb44eb,35d4467c-bcaf-4c96-9216-8339ae5a79dc,https://musicbrainz.org/release/35d4467c-bcaf-4c96-9216-8339ae5a79dc,
album|opeth|blackwater park,Opeth,Blackwater Park,2001,1,068,core_graph_album,resolved,musicbrainz_ws2,high,109,8,Opeth,Blackwater Park,2001-03-13,268633375,1f4a9f6f-9621-3e46-977d-8503e8386768,0ca81d87-2e6f-3040-babb-bd178bb2b831,https://musicbrainz.org/release/0ca81d87-2e6f-3040-babb-bd178bb2b831,
album|opeth|ghost reveries,Opeth,Ghost Reveries,2005,1,068,core_graph_album,resolved,musicbrainz_ws2,high,109,8,Opeth,Ghost Reveries,2005-08-27,214473104,00f78b7d-bd0a-356a-aec4-925e529023f8,7ea459bb-d340-4ac5-8007-c06bed2e474e,https://musicbrainz.org/release/7ea459bb-d340-4ac5-8007-c06bed2e474e,
album|orange goblin|frequencies from planet ten,Orange Goblin,Frequencies from Planet Ten,1997,1,064,core_graph_album,resolved,musicbrainz_ws2,high,109,12,Orange Goblin,Frequencies From Planet Ten,1997,965384114,ea9fda59-9cad-3cd7-96a2-7d8a95a95383,921f6410-36f8-4359-92b5-0a8edb97cd31,https://musicbrainz.org/release/921f6410-36f8-4359-92b5-0a8edb97cd31,
album|orbital|orbital 2,Orbital,Orbital 2,1993,1,082,core_graph_album,resolved,apple_itunes_search_api,high,109,10,Orbital,Orbital 2,1993-01-01,1320062319,,,https://music.apple.com/us/album/orbital-2/1320062319?uo=4,
album|orchestral manoeuvres in the dark|organisation,Orchestral Manoeuvres in the Dark,Organisation,1980,1,058,core_graph_album,resolved,musicbrainz_ws2,high,109,15,Orchestral Manoeuvres in the Dark,Organisation,1980-10-24,714776809,cff0ea94-bf45-3712-8ce8-238fd3c5d13f,6a79dbfb-3647-4dc1-a487-7774d5cf528d,https://musicbrainz.org/release/6a79dbfb-3647-4dc1-a487-7774d5cf528d,
album|original broadway cast of a chorus line|a chorus line,Original Broadway Cast of A Chorus Line,A Chorus Line,1975,1,104,context_candidate,resolved,musicbrainz_ws2,high,109,21,Marvin Hamlisch,A Chorus Line (1975 original Broadway cast),1975,1041504493,25ea1d3f-6a19-30f5-bafd-9baa6d3ae8ae,0e85d06a-f010-46ba-9f34-7db8fb9ec44a,https://musicbrainz.org/release/0e85d06a-f010-46ba-9f34-7db8fb9ec44a,
album|original broadway cast of beetlejuice|beetlejuice,Original Broadway Cast of Beetlejuice,Beetlejuice,2019,1,104,core_graph_album,resolved,musicbrainz_ws2,medium,91,18,Eddie Perfect,Beetlejuice: Original Broadway Cast Recording,2019-06-07,1466050440,2c71c5ed-c5ba-4d5e-882d-856ff76b7563,93412227-c218-462b-9ac8-f05f471a6a52,https://musicbrainz.org/release/93412227-c218-462b-9ac8-f05f471a6a52,
album|original broadway cast of cabaret|cabaret,Original Broadway Cast of Cabaret,Cabaret,1966,1,104,context_candidate,resolved,musicbrainz_ws2,high,111,25,Kander & Ebb,Cabaret (1966 original Broadway cast),1966,344579157,d8b45c04-bc15-325e-a493-1b77e9695016,e7c79b49-84bc-45b8-91f7-56d1f1d5f23f,https://musicbrainz.org/release/e7c79b49-84bc-45b8-91f7-56d1f1d5f23f,
album|original broadway cast of come from away|come from away,Original Broadway Cast of Come From Away,Come From Away,2017,1,104,context_candidate,resolved,musicbrainz_ws2,high,110,23,Irene Sankoff & David Hein,Come From Away,2017-03-24,1440945336,0297e580-3371-4912-bd9d-c891be16a771,368fb37a-f527-430d-ba36-851a35a10179,https://musicbrainz.org/release/368fb37a-f527-430d-ba36-851a35a10179,
album|original broadway cast of dear evan hansen|dear evan hansen,Original Broadway Cast of Dear Evan Hansen,Dear Evan Hansen,2017,1,104,context_candidate,resolved,musicbrainz_ws2,medium,91,14,Pasek and Paul,Dear Evan Hansen (Original Broadway Cast Recording),2017-02-03,1178259978,4104ab7c-822c-4f1b-9ee9-f49bfaece196,5b358e04-0a6a-4e59-b85c-ce4af2a5a445,https://musicbrainz.org/release/5b358e04-0a6a-4e59-b85c-ce4af2a5a445,
album|original broadway cast of fiddler on the roof|fiddler on the roof,Original Broadway Cast of Fiddler on the Roof,Fiddler on the Roof,1964,1,104,context_candidate,resolved,musicbrainz_ws2,high,111,14,Jerry Bock & Sheldon Harnick,Harold Prince Presents: Zero Mostel in Fiddler on the Roof: A New Musical (the original Broadway cast recording),1964,401383466,4a172137-632b-30dd-b076-7183783f753a,a4304265-1b15-4ecb-8751-d6689ada451d,https://musicbrainz.org/release/a4304265-1b15-4ecb-8751-d6689ada451d,
album|original broadway cast of guys and dolls|guys and dolls,Original Broadway Cast of Guys and Dolls,Guys and Dolls,1950,1,104,core_graph_album,resolved,musicbrainz_ws2,high,111,20,Frank Loesser,Guys and Dolls: A Musical Fable of Broadway,1950,1469581712,c5721ce7-2b69-35b9-81a0-735dd3b032cc,730a885a-16d3-415b-b86d-64f225c6b723,https://musicbrainz.org/release/730a885a-16d3-415b-b86d-64f225c6b723,
album|original broadway cast of gypsy|gypsy,Original Broadway Cast of Gypsy,Gypsy,1959,1,104,context_candidate,resolved,musicbrainz_ws2,high,95,20,Jule Styne,Gypsy (1959 original Broadway cast) (final performance),,164925460,808e6afd-eaa2-385a-844a-2155545974b6,95f6d1e4-8f13-4aae-bb52-ecd1733ddde8,https://musicbrainz.org/release/95f6d1e4-8f13-4aae-bb52-ecd1733ddde8,
album|original broadway cast of hadestown|hadestown,Original Broadway Cast of Hadestown,Hadestown,2019,1,104,context_candidate,resolved,musicbrainz_ws2,medium,91,40,Anaïs Mitchell,Hadestown: Original Broadway Cast Recording,2019-07-26,1466351033,0e8b46a8-bd9d-438d-8e1e-93a57c8ff24a,17d87fea-5e9f-4364-9e24-89c5b84d3063,https://musicbrainz.org/release/17d87fea-5e9f-4364-9e24-89c5b84d3063,
album|original broadway cast of hair|hair,Original Broadway Cast of Hair,Hair,1968,1,104,context_candidate,resolved,musicbrainz_ws2,medium,87,26,Galt MacDermot,Hair,,530282982,cce50886-c904-4743-8cbc-6c730a610091,bb4b0edc-f979-4e97-9cdc-62e89f4a5f31,https://musicbrainz.org/release/bb4b0edc-f979-4e97-9cdc-62e89f4a5f31,
album|original broadway cast of hairspray|hairspray,Original Broadway Cast of Hairspray,Hairspray,2002,1,104,context_candidate,resolved,musicbrainz_ws2,high,111,17,Marc Shaiman,Hairspray: Original Broadway Cast Recording,2002-08-13,157356876,ecac4f55-87ef-3058-af07-624e349f83b8,efe82e5a-e3f2-4e17-a23f-fcf939f5e1a4,https://musicbrainz.org/release/efe82e5a-e3f2-4e17-a23f-fcf939f5e1a4,
album|original broadway cast of hamilton|hamilton,Original Broadway Cast of Hamilton,Hamilton,2015,1,104,context_candidate,resolved,musicbrainz_ws2,medium,86,46,Lin‐Manuel Miranda,Hamilton (Original Broadway Cast Recording),,1025210938,4c615b1c-5af9-432b-9342-e39137ade143,38e2d3f7-3b41-43cd-8ad9-16799bacf99a,https://musicbrainz.org/release/38e2d3f7-3b41-43cd-8ad9-16799bacf99a,resolved_by_aggressive_release_search
album|original broadway cast of hello dolly|hello dolly,"Original Broadway Cast of Hello, Dolly!","Hello, Dolly!",1964,1,104,core_graph_album,resolved,musicbrainz_ws2,high,111,13,Jerry Herman,"Hello, Dolly! (1964 original Broadway cast)",1964,272103599,8494ff6d-a148-3a39-8ace-3c91dd57a157,704c1390-8e94-4eb1-b0b3-c8ce584d9cb2,https://musicbrainz.org/release/704c1390-8e94-4eb1-b0b3-c8ce584d9cb2,
album|original broadway cast of in the heights|in the heights,Original Broadway Cast of In the Heights,In the Heights,2008,1,104,context_candidate,resolved,musicbrainz_ws2,high,105,27,Lin‐Manuel Miranda,In the Heights,2008-06-03,1269639900,ff76e3af-1ba1-45ca-80d2-14e7dec4c10d,5a11d8c4-4ea8-4292-a4a7-f561e1c2a0c1,https://musicbrainz.org/release/5a11d8c4-4ea8-4292-a4a7-f561e1c2a0c1,
album|original broadway cast of into the woods|into the woods,Original Broadway Cast of Into the Woods,Into the Woods,1988,1,104,context_candidate,resolved,musicbrainz_ws2,medium,87,22,Stephen Sondheim,Into the Woods: 2022 Broadway Cast Recording,2022-09-30,219236910,3443ef01-6bae-40a3-ac92-9db5ddc46a98,d88d417e-0569-4194-9cbd-d716628cc8df,https://musicbrainz.org/release/d88d417e-0569-4194-9cbd-d716628cc8df,resolved_by_aggressive_release_search
album|original broadway cast of matilda|matilda the musical,Original Broadway Cast of Matilda,Matilda the Musical,2013,1,104,context_candidate,resolved,musicbrainz_ws2,high,111,26,Tim Minchin,Matilda the Musical,2013-09-26,1664563514,c926579e-6da4-422c-b1a4-194bd3491b8d,bf905f8b-86ba-403b-be7d-292349882528,https://musicbrainz.org/release/bf905f8b-86ba-403b-be7d-292349882528,
album|original broadway cast of moulin rouge the musical|moulin rouge the musical,Original Broadway Cast of Moulin Rouge! The Musical,Moulin Rouge! The Musical,2019,1,104,context_candidate,resolved,musicbrainz_ws2,medium,91,19,Various Artists,Moulin Rouge! The Musical (Original Broadway Cast Recording),2019-08-30,1477115723,9fd9c1c1-f4a1-4e30-a096-c479d482679c,3398668b-d200-4d15-9d64-12768b70da11,https://musicbrainz.org/release/3398668b-d200-4d15-9d64-12768b70da11,
album|original broadway cast of oklahoma|oklahoma,Original Broadway Cast of Oklahoma!,Oklahoma!,1943,1,104,context_candidate,resolved,musicbrainz_ws2,high,102,19,Rodgers & Hammerstein,Oklahoma! Selections from The Theatre Guild Musical Play,1943,1383513675,d6603675-74b0-4a50-9fa8-3cb9e77c476f,a46f0afc-e529-42e4-9fb0-7ca95fa5633c,https://musicbrainz.org/release/a46f0afc-e529-42e4-9fb0-7ca95fa5633c,
album|original broadway cast of pippin|pippin,Original Broadway Cast of Pippin,Pippin,1972,1,104,context_candidate,resolved,apple_itunes_search_api,high,100,18,Bob Fosse,Pippin (1972 Original Broadway Cast Recording),1972-10-23,1452529555,,,https://music.apple.com/us/album/pippin-1972-original-broadway-cast-recording/1452529555?uo=4,manual_apple_override;manual_apple_override_title_differs_from_seed;manual_apple_override_artist_differs_from_seed
album|original broadway cast of rent|rent,Original Broadway Cast of Rent,Rent,1996,1,104,context_candidate,resolved,apple_itunes_search_api,low,69,14,Various Artists,Rent,1999-01-01,1658688211,,,https://music.apple.com/us/album/rent/1658688211?uo=4,
album|original broadway cast of six|six,Original Broadway Cast of Six,Six,2022,1,104,context_candidate,resolved,apple_itunes_search_api,medium,100,9,"SIX, Toby Marlow & Lucy Moss",Six: The Musical (Studio Cast Recording),2018-08-31,1465183308,,,https://music.apple.com/us/album/six-the-musical-studio-cast-recording/1465183308?uo=4,manual_apple_override;manual_apple_override_confidence_medium;manual_apple_override_title_differs_from_seed;manual_apple_override_artist_differs_from_seed
album|original broadway cast of south pacific|south pacific,Original Broadway Cast of South Pacific,South Pacific,1949,1,104,context_candidate,resolved,musicbrainz_ws2,high,111,20,Rodgers & Hammerstein,South Pacific (1949 original Broadway cast),1949,193001294,64350a66-c779-3549-b292-7d0a8e18fdae,61531715-c3b2-4907-b805-f271f620f2e9,https://musicbrainz.org/release/61531715-c3b2-4907-b805-f271f620f2e9,
album|original broadway cast of spring awakening|spring awakening,Original Broadway Cast of Spring Awakening,Spring Awakening,2006,1,104,context_candidate,resolved,musicbrainz_ws2,medium,88,20,Steven Sater & Duncan Sheik,Spring Awakening (Original Broadway Cast Recording),2006-12-12,1440732230,dd5dae3b-5cbf-30d2-b5fd-fe4882e8b213,77f25e1b-0205-470a-aaad-c44d810e6d48,https://musicbrainz.org/release/77f25e1b-0205-470a-aaad-c44d810e6d48,
album|original broadway cast of sweeney todd|sweeney todd,Original Broadway Cast of Sweeney Todd,Sweeney Todd,1979,1,104,context_candidate,resolved,apple_itunes_search_api,high,100,31,Stephen Sondheim,Sweeney Todd: The Demon Barber of Fleet Street (Original Broadway Cast Recording),1979-01-01,1086882395,,,https://music.apple.com/us/album/sweeney-todd-the-demon-barber-of-fleet-street/1086882395?uo=4,manual_apple_override;manual_apple_override_title_differs_from_seed;manual_apple_override_artist_differs_from_seed
album|original broadway cast of the book of mormon|book of mormon,Original Broadway Cast of The Book of Mormon,The Book of Mormon,2011,1,104,context_candidate,resolved,musicbrainz_ws2,medium,91,16,"Trey Parker, Robert Lopez & Matt Stone",The Book of Mormon (Original Broadway Cast Recording),2011-06-13,1270791564,14d66cfb-8a5a-4c10-a00c-988450c7fbf3,09fe51d8-430a-42db-971d-d86d079084f5,https://musicbrainz.org/release/09fe51d8-430a-42db-971d-d86d079084f5,
album|original broadway cast of the king and i|king and i,Original Broadway Cast of The King and I,The King and I,1951,1,104,context_candidate,resolved,musicbrainz_ws2,high,110,12,Rodgers & Hammerstein,The King and I (1951 original Broadway cast),1951,1440652383,14df8b37-cd35-3374-a986-7d34627f7ede,69f37afe-03a4-48ce-95d2-5f51ce18b45e,https://musicbrainz.org/release/69f37afe-03a4-48ce-95d2-5f51ce18b45e,
album|original broadway cast of the music man|music man,Original Broadway Cast of The Music Man,The Music Man,1957,1,104,core_graph_album,resolved,musicbrainz_ws2,high,106,18,Meredith Willson,The Music Man,1958-01-20,1442948380,221b3ed3-1349-3e72-8da4-d412e2df0a7e,e518c1b5-c8a9-4f3b-853a-036cb3c9b070,https://musicbrainz.org/release/e518c1b5-c8a9-4f3b-853a-036cb3c9b070,
album|original broadway cast of the producers|producers,Original Broadway Cast of The Producers,The Producers,2001,1,104,context_candidate,resolved,musicbrainz_ws2,high,111,20,Mel Brooks,The Producers,2001-04-17,357911384,2f4ecb4e-282f-3949-9d59-378102305f3d,51d6289f-b2b1-4a6b-a572-9e5d226bc1ce,https://musicbrainz.org/release/51d6289f-b2b1-4a6b-a572-9e5d226bc1ce,
album|original broadway cast of the sound of music|sound of music,Original Broadway Cast of The Sound of Music,The Sound of Music,1959,1,104,context_candidate,resolved,musicbrainz_ws2,high,104,18,Rodgers & Hammerstein,The Sound of Music,1959,1488850404,ab8c3ee4-88a1-3795-b739-17c8484ac807,126ea787-433e-4a32-b05d-991507b6ae49,https://musicbrainz.org/release/126ea787-433e-4a32-b05d-991507b6ae49,
album|original broadway cast of waitress|waitress,Original Broadway Cast of Waitress,Waitress,2016,1,104,context_candidate,resolved,musicbrainz_ws2,high,111,22,Sara Bareilles,Waitress,2016-06-03,1117418120,83d61d57-aa2d-420f-8fea-63530326ed71,e35ba12f-59fc-4ee4-9033-9feca3621665,https://musicbrainz.org/release/e35ba12f-59fc-4ee4-9033-9feca3621665,
album|original broadway cast of west side story|west side story,Original Broadway Cast of West Side Story,West Side Story,1957,1,104,context_candidate,resolved,musicbrainz_ws2,high,111,25,Leonard Bernstein & Stephen Sondheim,West Side Story,1957,186302499,e39f6d76-a7b2-3382-8970-95c20eb1e678,0cd2ddc6-e473-3a83-a8e4-baf9600c4d6c,https://musicbrainz.org/release/0cd2ddc6-e473-3a83-a8e4-baf9600c4d6c,
album|original broadway cast of wicked|wicked,Original Broadway Cast of Wicked,Wicked,2003,1,104,context_candidate,resolved,musicbrainz_ws2,high,111,19,Stephen Schwartz,Wicked,2003,1440802426,76729419-70a3-30d0-b316-515bc24c61e2,c3adae20-19b4-40ff-97bf-faa099cf4a7d,https://musicbrainz.org/release/c3adae20-19b4-40ff-97bf-faa099cf4a7d,
album|original london cast of cats|cats,Original London Cast of Cats,Cats,1981,1,104,context_candidate,resolved,apple_itunes_search_api,high,100,23,"Andrew Lloyd Webber, T.S. Eliot & Elaine Paige",Cats (Original 1981 London Cast),1981-07-01,1843487732,,,https://music.apple.com/us/album/cats-original-1981-london-cast/1843487732?uo=4,manual_apple_override;manual_apple_override_title_differs_from_seed;manual_apple_override_artist_differs_from_seed
album|original london cast of evita|evita,Original London Cast of Evita,Evita,1978,1,104,context_candidate,resolved,musicbrainz_ws2,high,111,15,Tim Rice & Andrew Lloyd Webber,Evita (1978 original London cast),1978,1440910352,c3e168f2-6d58-35b6-b4b2-e26f3a4fee8a,67fea5f1-20b0-3469-b866-9560576a2f22,https://musicbrainz.org/release/67fea5f1-20b0-3469-b866-9560576a2f22,
album|original london cast of les miserables|les miserables,Original London Cast of Les Miserables,Les Miserables,1985,1,104,context_candidate,resolved,musicbrainz_ws2,high,111,31,Claude‐Michel Schönberg,Les Misérables,1986,286655561,91908df7-d70b-3665-9a4c-e0c0aa0a549e,d519bb0e-4c98-43e1-abfc-d53c41931180,https://musicbrainz.org/release/d519bb0e-4c98-43e1-abfc-d53c41931180,
album|original london cast of miss saigon|miss saigon,Original London Cast of Miss Saigon,Miss Saigon,1989,1,104,context_candidate,resolved,musicbrainz_ws2,high,106,29,Original London Cast of Miss Saigon,Miss Saigon,1990,1440831170,82b216ed-69f6-47b0-aa6f-8a0d6096d820,26826696-f694-4c0a-b997-3f9b9d1201ab,https://musicbrainz.org/release/26826696-f694-4c0a-b997-3f9b9d1201ab,
album|original london cast of the phantom of the opera|phantom of the opera,Original London Cast of The Phantom of the Opera,The Phantom of the Opera,1987,1,104,context_candidate,resolved,musicbrainz_ws2,high,107,21,Andrew Lloyd Webber,The Phantom of the Opera,1987,1843488228,a5fd6ff9-0761-3427-befb-22b75a1c222b,0ed39842-65ac-4485-80a3-3dae61f37faf,https://musicbrainz.org/release/0ed39842-65ac-4485-80a3-3dae61f37faf,
album|ornette coleman|shape of jazz to come,Ornette Coleman,The Shape of Jazz to Come,1959,1,101,boundary_candidate,resolved,musicbrainz_ws2,high,109,6,Ornette Coleman,The Shape of Jazz to Come,1959,50234787,5879cfca-e1d0-3ef4-8014-3b284832ed18,46e6cbc5-3275-4302-9632-2a49f3798765,https://musicbrainz.org/release/46e6cbc5-3275-4302-9632-2a49f3798765,
album|oscar d leon|el oscar de la salsa,Oscar D'Leon,El Oscar de la Salsa,1975,1,096,core_graph_album,resolved,musicbrainz_ws2,high,95,8,Oscar D’León y su Salsa Mayor,El Oscar de la salsa,1977,,ba45f74f-a1ee-4f0d-b921-00c0493aafa2,fd6e21ca-2b22-4b2e-9957-dcf06af8147b,https://musicbrainz.org/release/fd6e21ca-2b22-4b2e-9957-dcf06af8147b,
album|otis redding|dictionary of soul,Otis Redding,The Dictionary of Soul,1966,1,038,core_graph_album,resolved,apple_itunes_search_api,medium,100,32,Otis Redding,Complete & Unbelievable...The Otis Redding Dictionary of Soul (50th Anniversary Edition),1966-10-15,1146946661,,,https://music.apple.com/us/album/complete-unbelievable-the-otis-redding-dictionary/1146946661?uo=4,manual_apple_override;manual_apple_override_confidence_medium;manual_apple_override_title_differs_from_seed
album|otis redding|otis blue,Otis Redding,Otis Blue,1965,1,038,core_graph_album,resolved,musicbrainz_ws2,medium,97,11,Otis Redding,Otis Blue / Otis Redding Sings Soul,1965-09-15,922351495,2c8fd4f3-1523-3604-97dd-18ba222e2f3b,193c2998-cd3c-4981-93e3-203c07c8618b,https://musicbrainz.org/release/193c2998-cd3c-4981-93e3-203c07c8618b,
album|otis redding|pain in my heart,Otis Redding,Pain in My Heart,1964,1,006,core_graph_album,resolved,musicbrainz_ws2,high,109,12,Otis Redding,Pain in My Heart,1964-01-01,995810749,b7998522-2870-3116-a1d4-307832e55df7,f4f5dd77-cde2-412e-b10e-cc2c03cef00b,https://musicbrainz.org/release/f4f5dd77-cde2-412e-b10e-cc2c03cef00b,
album|our lady peace|clumsy,Our Lady Peace,Clumsy,1997,1,071,core_graph_album,resolved,musicbrainz_ws2,high,109,11,Our Lady Peace,Clumsy,1997-04-02,158715557,289e4a2b-29ba-3557-953d-8e7dd6b14127,58d40519-121c-49b2-b26d-bd1d5cd76542,https://musicbrainz.org/release/58d40519-121c-49b2-b26d-bd1d5cd76542,
album|outkast|aquemini,OutKast,Aquemini,1998,1,049,core_graph_album,resolved,musicbrainz_ws2,high,109,16,OutKast,Aquemini,1998-09-29,266365274,eb655897-6cc5-3fc1-b9ed-5008eb80c682,06438d71-3a7d-3f41-9338-3dc08351e19f,https://musicbrainz.org/release/06438d71-3a7d-3f41-9338-3dc08351e19f,
album|outkast|atliens,OutKast,ATLiens,1996,1,049,core_graph_album,resolved,musicbrainz_ws2,high,109,15,OutKast,ATLiens,1996-08-26,263570527,672fa6be-ae6a-38a2-a0d3-6a393a3929bf,10fe7149-bcd5-4eab-9466-09e336ab8f57,https://musicbrainz.org/release/10fe7149-bcd5-4eab-9466-09e336ab8f57,
album|outkast|southernplayalisticadillacmuzik,OutKast,Southernplayalisticadillacmuzik,1994,1,049,core_graph_album,resolved,musicbrainz_ws2,high,109,17,OutKast,Southernplayalisticadillacmuzik,1994,266365233,2ee919fe-eab8-3fb5-a069-ef0220c29e09,524bddc5-ddbf-4676-9579-cf9d416cc9c4,https://musicbrainz.org/release/524bddc5-ddbf-4676-9579-cf9d416cc9c4,
album|outkast|stankonia,OutKast,Stankonia,2000,1,049,core_graph_album,resolved,musicbrainz_ws2,high,109,24,OutKast,Stankonia,2000-10-31,255836651,00d2cd53-21c9-3738-b683-56847b7b0040,1b90676f-1ee7-46ec-bbc6-6b6eacd6c74a,https://musicbrainz.org/release/1b90676f-1ee7-46ec-bbc6-6b6eacd6c74a,
album|overkill|years of decay,Overkill,The Years of Decay,1989,1,062,core_graph_album,resolved,musicbrainz_ws2,high,109,9,Overkill,The Years of Decay,1989-10-13,358595407,970be49e-00e4-3289-9ff4-2f1f03d22f4a,27e7b155-f49e-3f9e-97e8-b66173426da7,https://musicbrainz.org/release/27e7b155-f49e-3f9e-97e8-b66173426da7,
album|ozzy osbourne|blizzard of ozz,Ozzy Osbourne,Blizzard of Ozz,1980,1,061,core_graph_album,resolved,musicbrainz_ws2,high,109,19,Ozzy Osbourne,Blizzard of Ozz,1981-01-15,1531535089,1c318024-66cc-32f5-8e06-b06dc511b42c,31a0ddc4-c80e-4c75-be7b-2738cce1e154,https://musicbrainz.org/release/31a0ddc4-c80e-4c75-be7b-2738cce1e154,
album|pages|future street,Pages,Future Street,1979,1,023,core_graph_album,resolved,musicbrainz_ws2,high,109,8,Pages,Future Street,1979,403377882,21ac9eea-8799-3e77-a465-ab2f1e47f576,3d07b92b-ffe9-4844-9e96-9ea88c25655a,https://musicbrainz.org/release/3d07b92b-ffe9-4844-9e96-9ea88c25655a,
album|pages|pages,Pages,Pages,1978,1,023,core_graph_album,resolved,musicbrainz_ws2,high,109,10,Pages,Pages,1978-09-29,403427597,bba4316d-93c9-41dc-8bf1-adc768f9f563,50ab77d4-321a-406a-9fcf-a0d79eb12676,https://musicbrainz.org/release/50ab77d4-321a-406a-9fcf-a0d79eb12676,
album|pale saints|comforts of madness,Pale Saints,The Comforts of Madness,1990,1,073,core_graph_album,resolved,musicbrainz_ws2,high,109,11,Pale Saints,The Comforts of Madness,1990,205874233,aa4b3e48-d205-344d-b080-ecbb886a9888,2de02df3-e26d-37dd-812e-133469478e2d,https://musicbrainz.org/release/2de02df3-e26d-37dd-812e-133469478e2d,
album|pallbearer|sorrow and extinction,Pallbearer,Sorrow and Extinction,2012,1,064,core_graph_album,resolved,musicbrainz_ws2,high,109,5,Pallbearer,Sorrow and Extinction,2012-02-21,499450844,ce66f143-1ada-4093-8356-07559d0c31b0,2c713937-9363-4899-8b7d-1f148a91c5c2,https://musicbrainz.org/release/2c713937-9363-4899-8b7d-1f148a91c5c2,
album|pantera|cowboys from hell,Pantera,Cowboys from Hell,1990,1,062,core_graph_album,resolved,musicbrainz_ws2,high,109,12,Pantera,Cowboys From Hell,1990,1163813822,a0398241-a842-3593-83b4-a1aa1df23328,0f5de382-fb58-442a-995b-fd5145433b14,https://musicbrainz.org/release/0f5de382-fb58-442a-995b-fd5145433b14,
album|pantera|vulgar display of power,Pantera,Vulgar Display of Power,1992,1,062,core_graph_album,resolved,musicbrainz_ws2,high,109,11,Pantera,Vulgar Display of Power,1992-02-25,1049189134,814e0b20-6884-31c5-9d99-d215f048cfd6,ffcec0de-d12e-3677-9607-4ece6d5c97a5,https://musicbrainz.org/release/ffcec0de-d12e-3677-9607-4ece6d5c97a5,
album|papa roach|infest,Papa Roach,Infest,2000,1,066,false_nearby_candidate,resolved,musicbrainz_ws2,high,109,13,Papa Roach,Infest,2000-04-25,1450006102,0193355a-cdfb-3936-afd2-44d651eb006d,a494924a-94e9-434b-b495-18333cbca054,https://musicbrainz.org/release/a494924a-94e9-434b-b495-18333cbca054,
album|paramore|all we know is falling,Paramore,All We Know Is Falling,2005,1,077,core_graph_album,resolved,musicbrainz_ws2,high,109,10,Paramore,All We Know Is Falling,2005-07-26,606661046,db2f644e-daf7-3e70-b9ff-b7205e1bcfce,6f0fa84a-8770-4b21-b6f3-8291e6ec5a06,https://musicbrainz.org/release/6f0fa84a-8770-4b21-b6f3-8291e6ec5a06,
album|paramore|riot,Paramore,Riot!,2007,1,077,core_graph_album,resolved,musicbrainz_ws2,high,109,11,Paramore,RIOT!,2007-06-12,604804755,ebd19544-9af0-317a-a2d3-f0c57ddd79f7,1fd1322b-e58f-4cd8-8274-3fe6cdb23462,https://musicbrainz.org/release/1fd1322b-e58f-4cd8-8274-3fe6cdb23462,
album|paris sisters|paris sisters,The Paris Sisters,The Paris Sisters,1961,1,005,core_graph_album,resolved,musicbrainz_ws2,high,101,11,The Paris Sisters,The Paris Sisters,,289487026,ff96b4ba-817d-4c81-a9f2-66d8a2bac59b,37575f63-a48a-4521-bd7e-805a9dc6c4d8,https://musicbrainz.org/release/37575f63-a48a-4521-bd7e-805a9dc6c4d8,
album|parker mccollum|limestone kid,Parker McCollum,The Limestone Kid,2015,1,036,core_graph_album,resolved,musicbrainz_ws2,high,109,11,Parker McCollum,The Limestone Kid,2015-02-24,1826200971,720daffd-2dd9-478c-91b2-f85c863caff2,44fad8a7-4c2d-4608-b006-5320393efc30,https://musicbrainz.org/release/44fad8a7-4c2d-4608-b006-5320393efc30,
album|parkway drive|deep blue,Parkway Drive,Deep Blue,2010,1,067,core_graph_album,resolved,musicbrainz_ws2,high,109,13,Parkway Drive,Deep Blue,2010-06-29,1485045627,a05f5473-7bfe-4258-9e92-fe05c5196679,f14ee140-00ea-4bf0-86ca-2391ff85e030,https://musicbrainz.org/release/f14ee140-00ea-4bf0-86ca-2391ff85e030,
album|parkway drive|horizons,Parkway Drive,Horizons,2007,1,067,core_graph_album,resolved,musicbrainz_ws2,high,109,12,Parkway Drive,Horizons,2007-10-09,1485043733,6d45b99e-137c-3e30-9b69-4e399fbc76f3,5c784211-a4e9-4109-bfb2-02ad4d937c0c,https://musicbrainz.org/release/5c784211-a4e9-4109-bfb2-02ad4d937c0c,
album|parliament|funkentelechy vs the placebo syndrome,Parliament,Funkentelechy vs. the Placebo Syndrome,1977,1,039,core_graph_album,resolved,musicbrainz_ws2,high,109,6,Parliament,Funkentelechy vs. the Placebo Syndrome,1977-12,1434913911,65ad1bb2-1022-3f9e-a66f-4a1aa4536620,b213c010-da7c-3058-a40f-9398dab2df84,https://musicbrainz.org/release/b213c010-da7c-3058-a40f-9398dab2df84,
album|parliament|mothership connection,Parliament,Mothership Connection,1975,1,039,core_graph_album,resolved,musicbrainz_ws2,high,109,7,Parliament,Mothership Connection,1975,1440837684,cb69bfc6-a15c-34cd-b1af-76b6481bf09a,84bd98a9-017d-30eb-b557-d075957d802f,https://musicbrainz.org/release/84bd98a9-017d-30eb-b557-d075957d802f,
album|passion pit|manners,Passion Pit,Manners,2009,1,078,core_graph_album,resolved,musicbrainz_ws2,high,109,14,Passion Pit,Manners,2009-05-19,366648515,cdaae438-be2a-331b-939c-ee706b808232,43b41058-0972-4934-a6da-22e5e1d038f3,https://musicbrainz.org/release/43b41058-0972-4934-a6da-22e5e1d038f3,
album|passion|passion white flag,Passion,Passion: White Flag,2012,1,110,core_graph_album,resolved,musicbrainz_ws2,high,109,14,Passion,Passion: White Flag,2012-03-13,715844931,539e0747-35c0-4a74-885b-8db2e8521093,7e69b0b6-4d57-4bd3-ad8d-d6804c5acb71,https://musicbrainz.org/release/7e69b0b6-4d57-4bd3-ad8d-d6804c5acb71,
album|passion|worthy of your name,Passion,Worthy of Your Name,2017,1,110,core_graph_album,resolved,musicbrainz_ws2,high,97,11,Passion,Passion: Worthy of Your Name,2017-02-17,1599424936,e530d575-43f6-43ff-b688-7238b80a06b4,9e19abc2-af05-4c28-85e3-7ce73c96d338,https://musicbrainz.org/release/9e19abc2-af05-4c28-85e3-7ce73c96d338,
album|patsy cline|showcase,Patsy Cline,Showcase,1961,1,031,core_graph_album,resolved,musicbrainz_ws2,high,109,12,Patsy Cline,Showcase,1961-11-27,1485036494,b952a2b4-07df-31f1-911a-25af1a8631d9,1b9b0ff2-76af-4904-9880-dab67e019222,https://musicbrainz.org/release/1b9b0ff2-76af-4904-9880-dab67e019222,
album|patti smith|horses,Patti Smith,Horses,1975,1,054,core_graph_album,resolved,musicbrainz_ws2,high,109,8,Patti Smith,Horses,1975,1038568061,ff8f533c-3cb3-3877-9209-11f433edaad2,7c9d0ede-a929-428b-af0c-3fb442dc305d,https://musicbrainz.org/release/7c9d0ede-a929-428b-af0c-3fb442dc305d,
album|patty griffin|living with ghosts,Patty Griffin,Living with Ghosts,1996,1,027,core_graph_album,resolved,musicbrainz_ws2,high,109,10,Patty Griffin,Living With Ghosts,1996-05-21,1440924336,65e30667-36b7-3fbc-9c80-741f83ebc7d8,7fe6a811-5c22-4211-b0b6-a7b8e0a270bd,https://musicbrainz.org/release/7fe6a811-5c22-4211-b0b6-a7b8e0a270bd,
album|paul anka|paul anka,Paul Anka,Paul Anka,1958,1,004,core_graph_album,resolved,musicbrainz_ws2,high,109,10,Paul Anka,Paul Anka,1958,1625973434,94e37faf-a2a3-4cca-8e9c-e301bad5f764,0c677055-62e4-41cd-9c22-c1d3661d96d3,https://musicbrainz.org/release/0c677055-62e4-41cd-9c22-c1d3661d96d3,
album|paul anka|paul anka sings his big 15,Paul Anka,Paul Anka Sings His Big 15,1960,1,004,core_graph_album,resolved,musicbrainz_ws2,high,109,15,Paul Anka,Paul Anka Sings His Big 15,1960,1664605287,9d05eb38-a1dc-32d5-b045-6df3de202442,1c9bafae-c94d-4d18-b613-d4433d87c03d,https://musicbrainz.org/release/1c9bafae-c94d-4d18-b613-d4433d87c03d,
album|paul revere and the raiders|midnight ride,Paul Revere & the Raiders,Midnight Ride,1966,1,011,core_graph_album,resolved,musicbrainz_ws2,high,109,15,Paul Revere and the Raiders,Midnight Ride,1966,771271444,dee8221e-7d95-3927-a800-a44fdf1755cf,61d080a2-1c5d-4002-8069-18f209254991,https://musicbrainz.org/release/61d080a2-1c5d-4002-8069-18f209254991,
album|paul simon|graceland,Paul Simon,Graceland,1986,1,024,core_graph_album,resolved,musicbrainz_ws2,high,109,11,Paul Simon,Graceland,1986-09-01,529574560,19847822-1430-3380-9cf1-bc45545b34ac,73677f81-86e6-4087-9255-9ee81b8e3dd3,https://musicbrainz.org/release/73677f81-86e6-4087-9255-9ee81b8e3dd3,
album|paul simon|still crazy after all these years,Paul Simon,Still Crazy After All These Years,1975,1,024,core_graph_album,resolved,musicbrainz_ws2,high,109,12,Paul Simon,Still Crazy After All These Years,1975-10-25,380590574,cd0c17f4-ff8d-3b1d-ac36-397ebbb069e9,0c459a1e-703e-4138-a4f5-db7d8452cffd,https://musicbrainz.org/release/0c459a1e-703e-4138-a4f5-db7d8452cffd,
album|pavement|crooked rain crooked rain,Pavement,"Crooked Rain, Crooked Rain",1994,1,072,core_graph_album,resolved,musicbrainz_ws2,high,109,12,Pavement,"Crooked Rain, Crooked Rain",1994-02-14,1589187959,4f348977-6f44-39f9-b243-071927ecc6a4,78267a71-a28c-444d-b6b5-77c0553aa78d,https://musicbrainz.org/release/78267a71-a28c-444d-b6b5-77c0553aa78d,
album|pavement|slanted and enchanted,Pavement,Slanted and Enchanted,1992,1,072,core_graph_album,resolved,musicbrainz_ws2,high,109,14,Pavement,Slanted and Enchanted,1992-04-20,1589229771,869f9eac-2a40-3a41-80a3-6bf2297a7cbc,547b6b75-d81d-4d9e-a3a5-c2115224edaf,https://musicbrainz.org/release/547b6b75-d81d-4d9e-a3a5-c2115224edaf,
album|pearl jam|ten,Pearl Jam,Ten,1991,1,070,core_graph_album,resolved,musicbrainz_ws2,high,109,11,Pearl Jam,Ten,1991-08-27,425465247,cea5d18a-1924-3cda-bebc-38933834b25d,4816047b-5a40-462a-81e7-2f6eb6687fda,https://musicbrainz.org/release/4816047b-5a40-462a-81e7-2f6eb6687fda,
album|pearl jam|vitalogy,Pearl Jam,Vitalogy,1994,1,070,core_graph_album,resolved,musicbrainz_ws2,high,109,14,Pearl Jam,Vitalogy,1994-11-22,1777937276,6e384e83-6cb1-36bd-813c-ca7d4cf4b9ba,0b0f54ae-7c80-4147-aad3-79083f09ebeb,https://musicbrainz.org/release/0b0f54ae-7c80-4147-aad3-79083f09ebeb,
album|pearl jam|vs,Pearl Jam,Vs.,1993,1,070,core_graph_album,resolved,musicbrainz_ws2,high,109,15,Pearl Jam,Vs.,1993-10-19,426656353,50ac60c4-fb35-37f8-a065-222996ea139c,42e6d1c8-2a27-4df3-843d-81a20f8defb8,https://musicbrainz.org/release/42e6d1c8-2a27-4df3-843d-81a20f8defb8,
album|pere ubu|dub housing,Pere Ubu,Dub Housing,1978,1,054,core_graph_album,resolved,musicbrainz_ws2,high,109,10,Pere Ubu,Dub Housing,1979-04,1061144436,e6cf6f53-43a8-3d00-9913-991cd8ae8f53,7a4e413e-adaf-49f6-a391-c78a4acee006,https://musicbrainz.org/release/7a4e413e-adaf-49f6-a391-c78a4acee006,
album|pere ubu|modern dance,Pere Ubu,The Modern Dance,1978,1,054,core_graph_album,resolved,musicbrainz_ws2,high,109,10,Pere Ubu,The Modern Dance,1978-01,1668215130,565f5d6b-f487-39ef-a29e-23638b523c6f,8e77e1de-ff8e-4388-93c5-831f49553a16,https://musicbrainz.org/release/8e77e1de-ff8e-4388-93c5-831f49553a16,
album|perfume|game,Perfume,Game,2008,1,098,core_graph_album,resolved,musicbrainz_ws2,high,109,12,Perfume,GAME,2008,1442861394,f7c02dc1-24e2-3790-b454-d71335820c25,d3971202-619d-4213-b27b-72910f8b5e8e,https://musicbrainz.org/release/d3971202-619d-4213-b27b-72910f8b5e8e,
album|peso pluma|genesis,Peso Pluma,Genesis,2023,1,095,core_graph_album,resolved,musicbrainz_ws2,high,109,17,Peso Pluma,GÉNESIS,2023-06-30,1694412585,9b969e18-b326-48b5-a04e-c069eb6faefe,06638016-addb-4638-84f3-2e9b5724e42b,https://musicbrainz.org/release/06638016-addb-4638-84f3-2e9b5724e42b,
album|pet shop boys|behaviour,Pet Shop Boys,Behaviour,1990,1,058,core_graph_album,resolved,musicbrainz_ws2,high,109,10,Pet Shop Boys,Behaviour,1990-10-22,1645126133,751d3b2b-9b6d-3182-8ab5-9b231ab9a7fc,30a9bbd6-e456-3478-9a35-1cf958cf9637,https://musicbrainz.org/release/30a9bbd6-e456-3478-9a35-1cf958cf9637,
album|pet shop boys|please,Pet Shop Boys,Please,1986,1,058,core_graph_album,resolved,musicbrainz_ws2,high,109,11,Pet Shop Boys,Please,1986-03-24,1645128742,4bb45b34-c884-3179-a518-2cabdc8e7210,6045cfbd-ac4f-4736-b665-4f66faec4892,https://musicbrainz.org/release/6045cfbd-ac4f-4736-b665-4f66faec4892,
album|peter frampton|frampton comes alive,Peter Frampton,Frampton Comes Alive!,1976,1,016,core_graph_album,resolved,musicbrainz_ws2,high,109,14,Peter Frampton,Frampton Comes Alive!,1976,1737516352,cbf9819e-4a0b-35f1-9b1c-ab34764cf10c,04e5bcfa-14cf-4da5-8c1d-b344bef7cddc,https://musicbrainz.org/release/04e5bcfa-14cf-4da5-8c1d-b344bef7cddc,
album|peter gabriel|passion,Peter Gabriel,Passion,1989,1,099,core_graph_album,resolved,musicbrainz_ws2,low,97,21,Peter Gabriel,Passion – Early Reference,1989,987561472,2c5298f9-c514-4e56-95a3-9a4e13e3606f,5bf8b7ac-687e-4af5-a80f-ca580ef3bd56,https://musicbrainz.org/release/5bf8b7ac-687e-4af5-a80f-ca580ef3bd56,
album|peter gabriel|peter gabriel 3 melt,Peter Gabriel,Peter Gabriel 3: Melt,1980,1,018,core_graph_album,resolved,apple_itunes_search_api,high,100,10,Peter Gabriel,Peter Gabriel 3: Melt (Remastered),1980-05-22,986713177,,,https://music.apple.com/us/album/peter-gabriel-3-melt-remastered/986713177?uo=4,manual_apple_override;manual_apple_override_title_differs_from_seed
album|peter paul and mary|if i had a hammer,"Peter, Paul and Mary",If I Had a Hammer,1962,1,026,core_graph_album,resolved,musicbrainz_ws2,medium,92,2,"Peter, Paul & Mary",If I Had a Hammer (The Hammer Song),1962-07,,ad056812-20be-4b9a-a620-c85b7d920508,f563f747-1c82-4715-a931-9543ff44a60a,https://musicbrainz.org/release/f563f747-1c82-4715-a931-9543ff44a60a,
album|peter paul and mary|peter paul and mary,"Peter, Paul and Mary","Peter, Paul and Mary",1962,1,026,core_graph_album,resolved,musicbrainz_ws2,high,109,12,"Peter, Paul and Mary","Peter, Paul and Mary",1962-05,302102786,e7fb0132-bd8b-31c3-84fe-45222bd3de25,41ff35a6-5fc4-4e48-9d96-2f34357ab334,https://musicbrainz.org/release/41ff35a6-5fc4-4e48-9d96-2f34357ab334,
album|pharcyde|bizarre ride ii the pharcyde,The Pharcyde,Bizarre Ride II the Pharcyde,1992,1,046,boundary_candidate,resolved,musicbrainz_ws2,high,109,16,The Pharcyde,Bizarre Ride II The Pharcyde,1992-11-24,1440913414,c799ef0c-f038-364b-972b-51f52d794781,1c6f2a35-4288-4f5d-9eec-97ca32e2a226,https://musicbrainz.org/release/1c6f2a35-4288-4f5d-9eec-97ca32e2a226,
album|phil collins|no jacket required,Phil Collins,No Jacket Required,1985,1,088,core_graph_album,resolved,musicbrainz_ws2,high,109,11,Phil Collins,No Jacket Required,1985-04-17,1098944284,86b4651b-a6ea-3ac2-ba99-dcac079938d2,0136fad2-4d60-34c2-8fb6-f576cd5f9a18,https://musicbrainz.org/release/0136fad2-4d60-34c2-8fb6-f576cd5f9a18,
album|phil collins|tarzan,Phil Collins,Tarzan,1999,1,105,context_candidate,resolved,musicbrainz_ws2,medium,101,14,Phil Collins,Tarzan,2007-04-18,1437333655,d2950120-9809-3eb8-a34d-dfe2b7d7d9e1,419e965c-da0e-4031-b7f5-733416e72c0b,https://musicbrainz.org/release/419e965c-da0e-4031-b7f5-733416e72c0b,selected_release_year_drift_from_seed_year
album|phil ochs|all the news that s fit to sing,Phil Ochs,All the News That's Fit to Sing,1964,1,026,core_graph_album,resolved,musicbrainz_ws2,high,109,15,Phil Ochs,All the News That's Fit to Sing,1964,111189479,fbfb24cd-936f-39c2-be53-a5b972b1c9ff,5db98658-4574-48bc-a625-73909aa99877,https://musicbrainz.org/release/5db98658-4574-48bc-a625-73909aa99877,
album|phil ochs|i ain t marching anymore,Phil Ochs,I Ain't Marching Anymore,1965,1,026,core_graph_album,resolved,musicbrainz_ws2,high,109,15,Phil Ochs,I Ain’t Marching Anymore,1965,111190810,32c2a12c-cda9-3709-bfa0-72a5c50e3c05,56a807df-e60d-3d82-8a9d-09f9dc3c3a98,https://musicbrainz.org/release/56a807df-e60d-3d82-8a9d-09f9dc3c3a98,
album|phil spector various artists|back to mono 1958 1969,Phil Spector / Various Artists,Back to Mono (1958-1969),1991,1,005,core_graph_album,resolved,musicbrainz_ws2,high,105,73,Phil Spector,Back to Mono (1958–1969),1991-11-12,,683391cb-533a-3b66-a072-c62e735f167d,e94cff78-9f77-4799-a473-fdf812603863,https://musicbrainz.org/release/e94cff78-9f77-4799-a473-fdf812603863,
album|phil wickham|hymn of heaven,Phil Wickham,Hymn of Heaven,2021,1,110,context_candidate,resolved,musicbrainz_ws2,high,109,13,Phil Wickham,Hymn of Heaven,2021-06-25,1566041335,710dea21-69de-4195-9fa6-7e9c538d41e5,7defeded-906b-46b6-bb72-bf8505dcb0ae,https://musicbrainz.org/release/7defeded-906b-46b6-bb72-bf8505dcb0ae,
album|philanthrope|waking dreams,Philanthrope,Waking Dreams,2018,1,120,core_graph_album,resolved,musicbrainz_ws2,high,109,14,Philanthrope,Waking Dreams,2018-06-21,1687403995,7174e158-d518-4b50-8b0a-f7776da9adef,cc45d1df-685b-493d-a44a-b5bdab2ddb6b,https://musicbrainz.org/release/cc45d1df-685b-493d-a44a-b5bdab2ddb6b,
album|phoebe bridgers|punisher,Phoebe Bridgers,Punisher,2020,1,116,core_graph_album,resolved,musicbrainz_ws2,high,109,11,Phoebe Bridgers,Punisher,2020-06-18,1504699857,cf75fd5a-ca84-4371-94d7-27410360f06b,053dc03a-871e-40cf-80fa-e079b0b8a52b,https://musicbrainz.org/release/053dc03a-871e-40cf-80fa-e079b0b8a52b,
album|phoebe bridgers|stranger in the alps,Phoebe Bridgers,Stranger in the Alps,2017,1,030,core_graph_album,resolved,musicbrainz_ws2,high,109,11,Phoebe Bridgers,Stranger in the Alps,2017-09-22,1256607808,0dac7ff9-b4d1-423e-bf6b-7d194abb0e14,68190b0f-7c96-48bd-8283-702e3fd6524f,https://musicbrainz.org/release/68190b0f-7c96-48bd-8283-702e3fd6524f,
album|phoenix|wolfgang amadeus phoenix,Phoenix,Wolfgang Amadeus Phoenix,2009,1,078,core_graph_album,resolved,musicbrainz_ws2,high,109,10,Phoenix,Wolfgang Amadeus Phoenix,2009-05-26,1771710012,32304f6e-5b80-3818-a66b-47f09efff0d9,939aec22-c8a9-3d4f-885b-d82446ad2c3b,https://musicbrainz.org/release/939aec22-c8a9-3d4f-885b-d82446ad2c3b,
album|piano guys|piano guys,The Piano Guys,The Piano Guys,2012,1,103,core_graph_album,resolved,musicbrainz_ws2,high,109,16,The Piano Guys,The Piano Guys,2012-10-02,588855725,2e4579ec-f372-46c8-8786-f2937a6296b0,4fa8daca-a298-404a-9276-2a353754b91e,https://musicbrainz.org/release/4fa8daca-a298-404a-9276-2a353754b91e,
album|pink floyd|a saucerful of secrets,Pink Floyd,A Saucerful of Secrets,1968,1,015,core_graph_album,resolved,musicbrainz_ws2,high,109,7,Pink Floyd,A Saucerful of Secrets,1968-06,1065974579,8a9caa40-b7c6-33eb-a13c-6c15f09b1c44,83de2a63-010a-37a6-92b5-11d8b89c518a,https://musicbrainz.org/release/83de2a63-010a-37a6-92b5-11d8b89c518a,
album|pink floyd|dark side of the moon,Pink Floyd,The Dark Side of the Moon,1973,2,016;018,core_graph_album,resolved,musicbrainz_ws2,high,109,10,Pink Floyd,The Dark Side of the Moon,1973,1065973699,f5093c06-23e3-404f-aeaa-40f72885ee3a,65d67b87-f13a-4f1f-9efa-6d80975921a6,https://musicbrainz.org/release/65d67b87-f13a-4f1f-9efa-6d80975921a6,
album|pink floyd|meddle,Pink Floyd,Meddle,1971,1,018,core_graph_album,resolved,musicbrainz_ws2,high,109,6,Pink Floyd,Meddle,1971-10-30,1065973614,4e98c9b4-92f6-3049-b9da-a1088b623672,09ed5877-bb22-4a26-8ec7-c95e5ee70fd3,https://musicbrainz.org/release/09ed5877-bb22-4a26-8ec7-c95e5ee70fd3,
album|pink floyd|piper at the gates of dawn,Pink Floyd,The Piper at the Gates of Dawn,1967,1,015,boundary_candidate,resolved,musicbrainz_ws2,high,109,11,Pink Floyd,The Piper at the Gates of Dawn,1967-10-21,1065975041,6792b6d1-4e65-3c3c-9d20-d08aa1dcfc60,4380f6dd-d315-42c5-84a8-e7bd513034bf,https://musicbrainz.org/release/4380f6dd-d315-42c5-84a8-e7bd513034bf,
album|pink floyd|wall,Pink Floyd,The Wall,1979,1,016,core_graph_album,resolved,musicbrainz_ws2,high,109,26,Pink Floyd,The Wall,1979-11-30,1065975633,f2026101-945b-3d05-9ef4-aa718fc3feef,527992ea-944f-3f5e-a078-3841f39afcec,https://musicbrainz.org/release/527992ea-944f-3f5e-a078-3841f39afcec,
album|pink floyd|wish you were here,Pink Floyd,Wish You Were Here,1975,1,018,core_graph_album,resolved,musicbrainz_ws2,high,109,5,Pink Floyd,Wish You Were Here,1975-09-12,1065973975,1a272023-10d3-38ee-bab3-317b55fcc21d,f4a8aa35-da90-33d8-9307-c630d38a2bed,https://musicbrainz.org/release/f4a8aa35-da90-33d8-9307-c630d38a2bed,
album|pinkpantheress|heaven knows,PinkPantheress,Heaven Knows,2023,1,093,core_graph_album,resolved,musicbrainz_ws2,high,109,13,PinkPantheress,Heaven knows,2023-11-10,1710637196,ee2d901b-5a23-4d45-82ce-4e245a5a3ac1,5771deea-8374-41af-acf6-299c2f257c87,https://musicbrainz.org/release/5771deea-8374-41af-acf6-299c2f257c87,
album|pinkpantheress|to hell with it,PinkPantheress,to hell with it,2021,1,119,core_graph_album,resolved,musicbrainz_ws2,high,109,10,PinkPantheress,to hell with it,2021-10-15,1587060922,a09cac39-38c3-4973-8302-7f8210dcbcc7,2ec40945-e292-48bf-a665-6a3ef5cc8f5f,https://musicbrainz.org/release/2ec40945-e292-48bf-a665-6a3ef5cc8f5f,
album|pitchshifter|www pitchshifter com,Pitchshifter,www.pitchshifter.com,1998,1,065,core_graph_album,resolved,musicbrainz_ws2,high,109,14,Pitchshifter,www.pitchshifter.com,1998-04-07,1443756091,522c242c-515a-300d-ba4f-95b0c207a6c2,10f65286-29c9-353a-b865-b2c84b1b4321,https://musicbrainz.org/release/10f65286-29c9-353a-b865-b2c84b1b4321,
album|pixies|bossanova,Pixies,Bossanova,1990,2,059;069,core_graph_album,resolved,musicbrainz_ws2,high,109,14,Pixies,Bossanova,1990-08,1025319099,e062f23a-ed81-3baf-8f24-8979fef060cc,35fdac3e-e46c-3086-97c6-370597e7b500,https://musicbrainz.org/release/35fdac3e-e46c-3086-97c6-370597e7b500,
album|pixies|doolittle,Pixies,Doolittle,1989,2,059;069,core_graph_album,resolved,musicbrainz_ws2,high,109,15,Pixies,Doolittle,1989-04-18,7060469,1aa41b19-5a72-341b-bd91-4cf61d1dab6b,23110964-78bd-3b19-80e4-e99ef96f79cb,https://musicbrainz.org/release/23110964-78bd-3b19-80e4-e99ef96f79cb,
album|pixies|surfer rosa,Pixies,Surfer Rosa,1988,1,069,core_graph_album,resolved,musicbrainz_ws2,high,109,13,Pixies,Surfer Rosa,1988,1027465077,74e36cbc-a747-3ebf-a60e-51e656c87741,90235898-5d1a-4ae6-a127-9d94c5cffa89,https://musicbrainz.org/release/90235898-5d1a-4ae6-a127-9d94c5cffa89,
album|pj harvey|rid of me,PJ Harvey,Rid of Me,1993,1,074,core_graph_album,resolved,musicbrainz_ws2,high,109,14,PJ Harvey,Rid of Me,,1440923277,c1bb54cc-751d-300c-ba29-d7502d571c2d,681b3bc0-4f08-4824-92d1-b1231d887689,https://musicbrainz.org/release/681b3bc0-4f08-4824-92d1-b1231d887689,
album|pj harvey|to bring you my love,PJ Harvey,To Bring You My Love,1995,1,074,core_graph_album,resolved,musicbrainz_ws2,high,109,10,PJ Harvey,To Bring You My Love,1995,1440922042,2a976d93-1131-3821-9bcb-6c79542d93aa,be741d0e-2269-4845-8ecd-28e066f09bd9,https://musicbrainz.org/release/be741d0e-2269-4845-8ecd-28e066f09bd9,
album|plastikman|sheet one,Plastikman,Sheet One,1993,1,082,core_graph_album,resolved,musicbrainz_ws2,high,109,10,Plastikman,Sheet One,1993,1506648948,b91a151c-349e-3337-86b9-1090c0e3a288,816ab068-a4c6-4446-a1cd-9410c83bb6fc,https://musicbrainz.org/release/816ab068-a4c6-4446-a1cd-9410c83bb6fc,
album|platters|encore of golden hits,The Platters,Encore of Golden Hits,1960,1,003,core_graph_album,resolved,musicbrainz_ws2,high,109,16,The Platters,Encore of Golden Hits,1960,1440777167,f0dc5699-93bc-409a-99ad-890a9eb8ee7b,4add6f2e-10ee-4dbb-8ebc-36b41667e954,https://musicbrainz.org/release/4add6f2e-10ee-4dbb-8ebc-36b41667e954,
album|platters|platters,The Platters,The Platters,1956,1,003,core_graph_album,resolved,musicbrainz_ws2,high,101,12,The Platters,The Platters,,1444149308,4a053a11-f60d-3267-8b20-7ea2d7aefb9d,88df5a57-afc3-4f50-8cf7-83a4a316f483,https://musicbrainz.org/release/88df5a57-afc3-4f50-8cf7-83a4a316f483,
album|playboi carti|die lit,Playboi Carti,Die Lit,2018,1,052,boundary_candidate,resolved,musicbrainz_ws2,high,109,19,Playboi Carti,Die Lit,2018-05-11,1381553184,f7479a73-66a7-41be-9f77-9e70828a5809,11fe09ea-695d-44ae-9a7e-e7f94108b4c7,https://musicbrainz.org/release/11fe09ea-695d-44ae-9a7e-e7f94108b4c7,
album|playboi carti|whole lotta red,Playboi Carti,Whole Lotta Red,2020,1,052,boundary_candidate,resolved,musicbrainz_ws2,high,109,24,Playboi Carti,Whole Lotta Red,2020-12-25,1546163603,2c5de955-68c8-426b-bcc4-31f71d192e18,097e45e9-7c38-4134-82b1-b9a00c322008,https://musicbrainz.org/release/097e45e9-7c38-4134-82b1-b9a00c322008,
album|player|player,Player,Player,1977,1,023,false_nearby_candidate,resolved,musicbrainz_ws2,high,109,10,Player,Player,1977,1458825368,e8d69ecf-e034-3717-be18-f14e3459d05e,8113b70d-63a2-4ca1-b32b-7da6f719fdf7,https://musicbrainz.org/release/8113b70d-63a2-4ca1-b32b-7da6f719fdf7,
album|plimsouls|everywhere at once,The Plimsouls,Everywhere at Once,1983,1,021,core_graph_album,resolved,musicbrainz_ws2,high,109,12,The Plimsouls,Everywhere at Once,1983,1444223628,4b08acbe-f16e-3a6e-ba47-d09df057bf4d,20df5322-25f8-4a26-b520-2a14b526bfbe,https://musicbrainz.org/release/20df5322-25f8-4a26-b520-2a14b526bfbe,
album|poison|look what the cat dragged in,Poison,Look What the Cat Dragged In,1986,1,063,core_graph_album,resolved,musicbrainz_ws2,high,109,10,Poison,Look What the Cat Dragged In,1986,1442860958,b7737860-3f1a-35b0-b917-75c66b2ffd07,27e93c5f-23a0-4b44-bc4d-ed37f18ddb7c,https://musicbrainz.org/release/27e93c5f-23a0-4b44-bc4d-ed37f18ddb7c,
album|poison|open up and say ahh,Poison,Open Up and Say... Ahh!,1988,1,063,core_graph_album,resolved,musicbrainz_ws2,high,109,10,Poison,Open Up and Say… Ahh!,1988-05-03,1368865887,c36e18c3-e3e2-372f-a9f7-ec7aa4408d40,0d54cda9-f265-4ba5-80cc-d0ed298e9e03,https://musicbrainz.org/release/0d54cda9-f265-4ba5-80cc-d0ed298e9e03,
album|police|outlandos d amour,The Police,Outlandos d'Amour,1978,1,057,core_graph_album,resolved,musicbrainz_ws2,high,109,10,The Police,Outlandos d’Amour,1978,1440797181,3d55b5a4-a81f-3b8e-8d7e-802ce1c86596,ba41fa04-320c-320f-8595-db4897a85aa2,https://musicbrainz.org/release/ba41fa04-320c-320f-8595-db4897a85aa2,
album|police|reggatta de blanc,The Police,Reggatta de Blanc,1979,1,057,core_graph_album,resolved,musicbrainz_ws2,high,109,11,The Police,Reggatta de Blanc,1979,1440744161,2b98e6d7-a521-332f-961e-d281ba33ba3d,26eacfff-43a6-42fd-849d-8fe448e2f787,https://musicbrainz.org/release/26eacfff-43a6-42fd-849d-8fe448e2f787,
album|police|synchronicity,The Police,Synchronicity,1983,1,057,core_graph_album,resolved,musicbrainz_ws2,high,109,11,The Police,Synchronicity,1983-06-01,1440673959,f6df6292-fd40-37c3-bd61-22c53abfe773,53a7e6d5-077f-31a1-bd4d-9c4081dbd8f4,https://musicbrainz.org/release/53a7e6d5-077f-31a1-bd4d-9c4081dbd8f4,
album|pond|9,Pond,9,2021,1,117,core_graph_album,resolved,musicbrainz_ws2,high,109,9,Pond,9,2021-10-01,1564321179,0728a757-bbb3-42fc-9f71-ad7d225db43e,ae2e7731-65e9-415e-a41d-25d645d29019,https://musicbrainz.org/release/ae2e7731-65e9-415e-a41d-25d645d29019,
album|pond|tasmania,Pond,Tasmania,2019,1,117,core_graph_album,resolved,musicbrainz_ws2,high,109,10,Pond,Tasmania,2019-03-01,1448455352,c177279f-2345-4168-bfe0-62b51e485c87,108bd906-7a00-44f1-ae89-2ef149d84e1d,https://musicbrainz.org/release/108bd906-7a00-44f1-ae89-2ef149d84e1d,
album|poppy|i disagree,Poppy,I Disagree,2020,1,118,core_graph_album,resolved,musicbrainz_ws2,high,109,10,Poppy,I Disagree,2020-01-10,1817381624,a3848f9a-3dbf-4458-8aaf-4598315f0d31,19ca283e-5078-4de5-bdcb-b037953364e6,https://musicbrainz.org/release/19ca283e-5078-4de5-bdcb-b037953364e6,
album|porter robinson|nurture,Porter Robinson,Nurture,2021,1,119,core_graph_album,resolved,musicbrainz_ws2,high,109,14,Porter Robinson,Nurture,2021,1550626757,e2cc165d-b935-4e7c-8728-77cf01ab21ed,3f0375ba-52bd-4ab1-be75-9fb4040ff9e5,https://musicbrainz.org/release/3f0375ba-52bd-4ab1-be75-9fb4040ff9e5,
album|porter robinson|worlds,Porter Robinson,Worlds,2014,1,086,core_graph_album,resolved,musicbrainz_ws2,high,109,12,Porter Robinson,Worlds,2014-08-12,1440857923,6df00711-624a-4960-9f15-39baf9332cbb,2041274d-d75f-4448-bbb4-a19ad4189391,https://musicbrainz.org/release/2041274d-d75f-4448-bbb4-a19ad4189391,
album|portishead|dummy,Portishead,Dummy,1994,1,084,core_graph_album,resolved,musicbrainz_ws2,high,109,11,Portishead,Dummy,1994-10-17,1440653096,48140466-cff6-3222-bd55-63c27e43190d,8f468f36-8c7e-4fc1-9166-50664d267127,https://musicbrainz.org/release/8f468f36-8c7e-4fc1-9166-50664d267127,
album|posies|frosting on the beater,The Posies,Frosting on the Beater,1993,1,075,core_graph_album,resolved,musicbrainz_ws2,high,109,12,The Posies,Frosting on the Beater,1993-04-27,1443900058,48445b64-d965-369a-af3c-8193de389fd8,294d3f04-6f7c-44e7-baa0-28c95872cbcc,https://musicbrainz.org/release/294d3f04-6f7c-44e7-baa0-28c95872cbcc,
album|postal service|give up,The Postal Service,Give Up,2003,1,078,core_graph_album,resolved,musicbrainz_ws2,high,109,25,The Postal Service,Give Up,2004-02-18,597936899,ee51d41d-d337-3ce1-b72c-3f40e1973e2b,dfadfcd0-011d-317d-bb58-0762c0a38255,https://musicbrainz.org/release/dfadfcd0-011d-317d-bb58-0762c0a38255,
album|potsu|just friends,potsu,just friends,2017,1,120,core_graph_album,resolved,musicbrainz_ws2,high,106,23,potsu,just friends,2018-07-17,1412214142,f738f812-b34e-41c8-af78-cad6682260be,30f2b9d5-6cfb-4cb5-9250-314ea6956ace,https://musicbrainz.org/release/30f2b9d5-6cfb-4cb5-9250-314ea6956ace,
album|pretenders|learning to crawl,Pretenders,Learning to Crawl,1984,1,057,core_graph_album,resolved,musicbrainz_ws2,high,109,10,The Pretenders,Learning to Crawl,1984-08,118126290,3c6e2aa2-f015-3924-a00a-6f577fe93c3f,566caf57-bdae-421a-be9f-45d0dc590dce,https://musicbrainz.org/release/566caf57-bdae-421a-be9f-45d0dc590dce,
album|pretenders|pretenders,Pretenders,Pretenders,1980,1,057,core_graph_album,resolved,musicbrainz_ws2,high,106,55,Pretenders,Pretenders,1980-01-19,1586092743,448c8d23-3118-397f-9b81-a560c799f27a,bb5269ab-6fe0-4c5c-9887-9be9b46451d4,https://musicbrainz.org/release/bb5269ab-6fe0-4c5c-9887-9be9b46451d4,
album|pretty reckless|death by rock and roll,The Pretty Reckless,Death by Rock and Roll,2021,1,118,core_graph_album,resolved,musicbrainz_ws2,high,109,12,The Pretty Reckless,Death By Rock and Roll,2021-02-12,1537708997,3540d7c4-c3a6-4f2d-90d5-3fb197bb374a,5376e477-f3b7-47ad-aed6-48f82bd503e1,https://musicbrainz.org/release/5376e477-f3b7-47ad-aed6-48f82bd503e1,
album|pretty things|s f sorrow,The Pretty Things,S.F. Sorrow,1968,1,013,core_graph_album,resolved,musicbrainz_ws2,high,109,17,The Pretty Things,S.F. Sorrow,1968-12,1234643385,93181a2a-e241-3856-be77-e3c6885884f6,36045a4d-50c8-4816-a20a-445c1c868ea7,https://musicbrainz.org/release/36045a4d-50c8-4816-a20a-445c1c868ea7,
album|prince and the revolution|purple rain,Prince and The Revolution,Purple Rain,1984,1,106,context_candidate,resolved,musicbrainz_ws2,high,109,9,Prince and The Revolution,Purple Rain,1984-06-25,1746833068,b93a7c47-a6d4-33f2-9034-53fdd991f4ba,65dbc8b2-2ef7-4efa-ba7a-640cd7d8d9bf,https://musicbrainz.org/release/65dbc8b2-2ef7-4efa-ba7a-640cd7d8d9bf,
album|prince|purple rain,Prince,Purple Rain,1984,1,088,core_graph_album,resolved,musicbrainz_ws2,high,98,9,Prince and The Revolution,Purple Rain,1984-06-25,1746833068,b93a7c47-a6d4-33f2-9034-53fdd991f4ba,65dbc8b2-2ef7-4efa-ba7a-640cd7d8d9bf,https://musicbrainz.org/release/65dbc8b2-2ef7-4efa-ba7a-640cd7d8d9bf,
album|procol harum|shine on brightly,Procol Harum,Shine On Brightly,1968,1,012,core_graph_album,resolved,musicbrainz_ws2,high,109,11,Procol Harum,Shine On Brightly,1968,1615624112,63b88b90-71f4-3ca9-86a4-3de315734e13,c33d923d-fd64-3734-b086-4c3e5d6a26fb,https://musicbrainz.org/release/c33d923d-fd64-3734-b086-4c3e5d6a26fb,
album|prodigy|fat of the land,The Prodigy,The Fat of the Land,1997,1,083,core_graph_album,resolved,musicbrainz_ws2,high,117,10,Prodigy,The Fat of the Land,1997-07-01,500162127,ac9138ce-6331-3f8d-86d7-69f13e4ab4f4,7909018b-bca9-3c63-97d0-0c953a19c890,https://musicbrainz.org/release/7909018b-bca9-3c63-97d0-0c953a19c890,
album|protomartyr|formal growth in the desert,Protomartyr,Formal Growth in the Desert,2023,1,115,core_graph_album,resolved,musicbrainz_ws2,high,109,12,Protomartyr,Formal Growth in the Desert,2023-06-02,1670903010,42b10a39-6d99-494e-8d65-60e3683dd725,6e20bd38-5bc5-483f-99d1-702c36376cc8,https://musicbrainz.org/release/6e20bd38-5bc5-483f-99d1-702c36376cc8,
album|psychedelic porn crumpets|high visceral pt 1,Psychedelic Porn Crumpets,"High Visceral, Pt. 1",2016,1,117,core_graph_album,resolved,musicbrainz_ws2,high,123,10,Psychedelic Porn Crumpets,"High Visceral, Pt. 1",2016-03-19,1087644953,0e2c33ee-4b7e-44f9-b490-75ec01fdc2bf,ef3f40a5-1095-4a34-9c8f-59e35653de4b,https://musicbrainz.org/release/ef3f40a5-1095-4a34-9c8f-59e35653de4b,resolved_by_aggressive_release_search
album|public enemy|fear of a black planet,Public Enemy,Fear of a Black Planet,1990,1,046,core_graph_album,resolved,musicbrainz_ws2,high,109,20,Public Enemy,Fear Of A Black Planet,1990,1440837282,13cf2244-c850-304d-bc46-b30e3f10e0cc,63aa2c68-31e8-490e-b7e0-b2552eed0564,https://musicbrainz.org/release/63aa2c68-31e8-490e-b7e0-b2552eed0564,
album|public enemy|it takes a nation of millions to hold us back,Public Enemy,It Takes a Nation of Millions to Hold Us Back,1988,1,046,core_graph_album,resolved,musicbrainz_ws2,high,109,16,Public Enemy,It Takes a Nation of Millions to Hold Us Back,1988,1440837788,01921d99-9d15-3fce-8734-46e58327cfb7,bc5ece87-cab2-4151-919c-85b8ecae8c47,https://musicbrainz.org/release/bc5ece87-cab2-4151-919c-85b8ecae8c47,
album|public image ltd|metal box,Public Image Ltd,Metal Box,1979,1,056,core_graph_album,resolved,musicbrainz_ws2,high,109,12,Public Image Ltd.,Metal Box,1979-11,95911817,57209d3f-f3ef-34db-82a7-ad633497b784,4b77b7c9-f6c7-4b5f-b07b-984786b24c00,https://musicbrainz.org/release/4b77b7c9-f6c7-4b5f-b07b-984786b24c00,
album|public image ltd|second edition,Public Image Ltd,Second Edition,1980,1,056,core_graph_album,resolved,apple_itunes_search_api,high,106,12,Public Image Ltd.,Second Edition,1979-11-23,95911817,,,https://music.apple.com/us/album/second-edition/95911817?uo=4,
album|puddle of mudd|come clean,Puddle of Mudd,Come Clean,2001,1,071,core_graph_album,resolved,musicbrainz_ws2,high,109,12,Puddle of Mudd,Come Clean,2001,1450664881,3c3e7340-8e64-36a2-900a-0cdfdec83776,08a2d502-b538-4ff3-bdad-23f0cdda4244,https://musicbrainz.org/release/08a2d502-b538-4ff3-bdad-23f0cdda4244,
album|puff daddy and the family|no way out,Puff Daddy and the Family,No Way Out,1997,1,050,core_graph_album,resolved,musicbrainz_ws2,high,109,17,Puff Daddy & the Family,No Way Out,1997-07-22,906589010,107b1fb0-8ec9-374c-8eda-e250b086b969,d348f2b6-ff55-4c3a-8fd6-a986d20217b3,https://musicbrainz.org/release/d348f2b6-ff55-4c3a-8fd6-a986d20217b3,
album|purity ring|shrines,Purity Ring,Shrines,2012,1,086,core_graph_album,resolved,musicbrainz_ws2,high,109,11,Purity Ring,Shrines,2012-07-23,535907905,83b05ad8-8359-49a7-bf84-fb876d807e29,3148628c-f648-45c0-95ea-b03dc0716e99,https://musicbrainz.org/release/3148628c-f648-45c0-95ea-b03dc0716e99,
album|pussycat dolls|pcd,Pussycat Dolls,PCD,2005,1,090,core_graph_album,resolved,musicbrainz_ws2,high,109,12,The Pussycat Dolls,PCD,2005-09-13,1440762224,3ead83f6-f7f1-34a8-88e9-d6f9617a7939,b2e06dfa-5d49-4dad-99f0-bc93160dbabb,https://musicbrainz.org/release/b2e06dfa-5d49-4dad-99f0-bc93160dbabb,
album|quasimoto|unseen,Quasimoto,The Unseen,2000,1,051,boundary_candidate,resolved,musicbrainz_ws2,high,109,24,Quasimoto,The Unseen,2000-06-13,209084862,c3a6dd79-a28d-3280-931c-42a0c6ac9b42,e696c5a3-5efa-40b3-9886-25fef200951b,https://musicbrainz.org/release/e696c5a3-5efa-40b3-9886-25fef200951b,
album|queen latifah|all hail the queen,Queen Latifah,All Hail the Queen,1989,1,046,core_graph_album,resolved,musicbrainz_ws2,high,109,15,Queen Latifah,All Hail the Queen,1989-11-28,1604634098,7416a063-8697-37a5-af06-af4da329c398,85abd5ca-590b-425b-a004-32bdafe18719,https://musicbrainz.org/release/85abd5ca-590b-425b-a004-32bdafe18719,
album|queen|a night at the opera,Queen,A Night at the Opera,1975,2,016;020,core_graph_album,resolved,musicbrainz_ws2,high,109,12,Queen,A Night at the Opera,1975-12-02,1440806041,6b47c9a0-b9e1-3df9-a5e8-50a6ce0dbdbd,1e14b2d6-8652-3dcc-b60b-4fb5fe79e024,https://musicbrainz.org/release/1e14b2d6-8652-3dcc-b60b-4fb5fe79e024,
album|queen|queen ii,Queen,Queen II,1974,1,020,core_graph_album,resolved,musicbrainz_ws2,high,109,11,Queen,Queen II,1974-04-09,1440754724,93d91bd6-1b55-3751-bca7-8b9d33beb7ef,4119c891-2706-3748-ae10-44976b191f2d,https://musicbrainz.org/release/4119c891-2706-3748-ae10-44976b191f2d,
album|queens of the stone age|rated r,Queens of the Stone Age,Rated R,2000,1,064,core_graph_album,resolved,musicbrainz_ws2,high,109,12,Queens of the Stone Age,Rated R,2000-06-12,1440751505,7818bb84-ed80-3488-9f50-f9bf4347e372,496fef26-ac90-4ebe-af54-7e102df82229,https://musicbrainz.org/release/496fef26-ac90-4ebe-af54-7e102df82229,
album|queens of the stone age|songs for the deaf,Queens of the Stone Age,Songs for the Deaf,2002,1,064,core_graph_album,resolved,musicbrainz_ws2,high,109,15,Queens of the Stone Age,Songs for the Deaf,2002-08-27,1440759826,cbffb669-c390-3a4d-b46f-1be8ea934b03,571a8ecc-5478-4e57-9c03-c3afe67e2bfe,https://musicbrainz.org/release/571a8ecc-5478-4e57-9c03-c3afe67e2bfe,
album|quicksand|slip,Quicksand,Slip,1993,1,060,core_graph_album,resolved,musicbrainz_ws2,high,109,12,Quicksand,Slip,1993-02-09,1440923055,24f9fe37-18c9-3f1e-b359-64a2294211ac,3a07b127-5dd2-4133-9e84-e1d9d55eafc0,https://musicbrainz.org/release/3a07b127-5dd2-4133-9e84-e1d9d55eafc0,
album|quicksilver messenger service|happy trails,Quicksilver Messenger Service,Happy Trails,1969,1,014,core_graph_album,resolved,musicbrainz_ws2,high,109,10,Quicksilver Messenger Service,Happy Trails,1969-03,1452645811,688f6d4d-c035-3454-b840-62d191d305e9,7aad21d8-d1d0-4fdc-98c3-ecafa123d655,https://musicbrainz.org/release/7aad21d8-d1d0-4fdc-98c3-ecafa123d655,
album|quiet riot|metal health,Quiet Riot,Metal Health,1983,1,063,core_graph_album,resolved,musicbrainz_ws2,high,109,12,Quiet Riot,Metal Health,1983-03-11,190737573,32615b04-892f-3706-ad85-b0e66d1a6549,977e4305-66b1-30a5-a914-4bf7b407d963,https://musicbrainz.org/release/977e4305-66b1-30a5-a914-4bf7b407d963,
album|r e m|lifes rich pageant,R.E.M.,Lifes Rich Pageant,1986,1,059,core_graph_album,resolved,musicbrainz_ws2,high,109,12,R.E.M.,Lifes Rich Pageant,1986-07-29,1440850580,8b6b2628-7bd4-3fed-9d65-cf4e5dc45939,41189c82-d75e-423f-a669-c766cccdd5f8,https://musicbrainz.org/release/41189c82-d75e-423f-a669-c766cccdd5f8,
album|r e m|murmur,R.E.M.,Murmur,1983,2,059;069,core_graph_album,resolved,musicbrainz_ws2,high,109,12,R.E.M.,Murmur,1983-04-11,1440872981,de790d3d-a35c-364c-a8fb-adfb73084a45,2a880c98-e963-363e-857c-8f8c5a963eb9,https://musicbrainz.org/release/2a880c98-e963-363e-857c-8f8c5a963eb9,
album|raconteurs|broken boy soldiers,The Raconteurs,Broken Boy Soldiers,2006,1,079,core_graph_album,resolved,musicbrainz_ws2,high,109,10,The Raconteurs,Broken Boy Soldiers,2006-05-16,1552875310,16d852cc-b287-352a-bacd-1069e101fb2e,0d6ea51b-d4bc-4e87-8db6-0f5110602594,https://musicbrainz.org/release/0d6ea51b-d4bc-4e87-8db6-0f5110602594,
album|radio dept|lesser matters,The Radio Dept.,Lesser Matters,2003,1,073,core_graph_album,resolved,musicbrainz_ws2,high,109,13,The Radio Dept.,Lesser Matters,2003-04-01,1641701510,38befbbe-1168-3fec-9a25-dadf3beaadaa,17c8235d-294c-404e-baa4-be6dfa163e9e,https://musicbrainz.org/release/17c8235d-294c-404e-baa4-be6dfa163e9e,
album|radiohead|bends,Radiohead,The Bends,1995,1,071,core_graph_album,resolved,apple_music_catalog_album,high,100,12,Radiohead,The Bends,1995-03-08,1097862703,,,https://music.apple.com/us/album/the-bends/1097862703,
album|radiohead|in rainbows,Radiohead,In Rainbows,2007,1,078,core_graph_album,resolved,apple_music_catalog_album,high,100,10,Radiohead,In Rainbows,2007-10-10,1109714933,,,https://music.apple.com/us/album/in-rainbows/1109714933,
album|radiohead|kid a,Radiohead,Kid A,2000,1,078,core_graph_album,resolved,apple_music_catalog_album,high,100,11,Radiohead,Kid A,2000-10-02,1097862870,,,https://music.apple.com/us/album/kid-a/1097862870,
album|radiohead|ok computer,Radiohead,OK Computer,1997,1,078,core_graph_album,resolved,apple_music_catalog_album,high,100,12,Radiohead,OK Computer,1997-05-21,1097861387,,,https://music.apple.com/us/album/ok-computer/1097861387,
album|raekwon|only built 4 cuban linx,Raekwon,Only Built 4 Cuban Linx...,1995,1,048,core_graph_album,resolved,musicbrainz_ws2,high,109,18,Raekwon,Only Built 4 Cuban Linx…,1995-08-01,258634938,ab981b48-9a7b-34c4-b46a-f6266317ce7c,876f4c16-f0e1-40db-8586-87884d49b70d,https://musicbrainz.org/release/876f4c16-f0e1-40db-8586-87884d49b70d,
album|raffi|singable songs for the very young,Raffi,Singable Songs for the Very Young,1976,1,114,context_candidate,resolved,musicbrainz_ws2,high,109,19,Raffi,Singable Songs for the Very Young,1976,1440739668,d3fb4173-2687-375c-81f2-765633907a2e,d9797f3a-1f05-4f5b-9739-648304ac0e77,https://musicbrainz.org/release/d9797f3a-1f05-4f5b-9739-648304ac0e77,
album|rage against the machine|rage against the machine,Rage Against the Machine,Rage Against the Machine,1992,1,066,boundary_candidate,resolved,musicbrainz_ws2,high,109,10,Rage Against the Machine,Rage Against the Machine,1992-11-06,191450810,1305859b-8937-397f-9c33-39f62eb672fb,20fd2c8f-671c-4ebe-921b-39204dde8f89,https://musicbrainz.org/release/20fd2c8f-671c-4ebe-921b-39204dde8f89,
album|rainbow|rising,Rainbow,Rising,1976,1,017,core_graph_album,resolved,musicbrainz_ws2,high,109,6,Rainbow,Rising,1976-06-21,1440922798,66576223-2647-37df-b6c2-746fc35c1a41,49d8852d-d57f-482d-8a92-e869895f4071,https://musicbrainz.org/release/49d8852d-d57f-482d-8a92-e869895f4071,
album|raindrops|raindrops,The Raindrops,The Raindrops,1963,1,005,core_graph_album,resolved,musicbrainz_ws2,high,109,12,The Raindrops,The Raindrops,1963,118161481,cb5400a0-7c66-4e42-b98b-c563041b659b,91877b6e-a45f-3329-b0cc-a1ea16728f44,https://musicbrainz.org/release/91877b6e-a45f-3329-b0cc-a1ea16728f44,
album|rammstein|herzeleid,Rammstein,Herzeleid,1995,1,065,core_graph_album,resolved,musicbrainz_ws2,high,109,11,Rammstein,Herzeleid,1995,1532029367,806eb9e1-06c6-385e-bf04-f3c5e2b4a6be,4dbec536-380f-406e-85fe-8b0a9f544f00,https://musicbrainz.org/release/4dbec536-380f-406e-85fe-8b0a9f544f00,
album|rammstein|mutter,Rammstein,Mutter,2001,1,065,core_graph_album,resolved,musicbrainz_ws2,high,109,11,Rammstein,Mutter,2001-03-27,1440770702,833a9e1a-62c0-32f6-ab47-7797c4d83b07,0065caf6-6f8e-4c86-a50f-1147ea2b3ca1,https://musicbrainz.org/release/0065caf6-6f8e-4c86-a50f-1147ea2b3ca1,
album|rammstein|sehnsucht,Rammstein,Sehnsucht,1997,1,065,core_graph_album,resolved,musicbrainz_ws2,high,109,11,Rammstein,Sehnsucht,1997,1390562159,2a323740-b615-35bc-9f58-1d2e6a5d9289,264b2a93-0817-4f96-b9d6-3d31ed9aaa12,https://musicbrainz.org/release/264b2a93-0817-4f96-b9d6-3d31ed9aaa12,
album|ramones|leave home,Ramones,Leave Home,1977,1,053,core_graph_album,resolved,musicbrainz_ws2,high,109,14,Ramones,Leave Home,1977-02,847970983,bc3b5116-300a-3696-919d-bca466a3f143,e7bc233e-4aa4-4d7d-9960-6bd3d2472d92,https://musicbrainz.org/release/e7bc233e-4aa4-4d7d-9960-6bd3d2472d92,
album|ramones|ramones,Ramones,Ramones,1976,1,053,core_graph_album,resolved,musicbrainz_ws2,high,109,14,Ramones,Ramones,1976-04-23,847972873,7de1e321-4a53-3feb-b83e-f1dab88bf952,627e3a2a-2df4-46c3-afb3-f734dcc90100,https://musicbrainz.org/release/627e3a2a-2df4-46c3-afb3-f734dcc90100,
album|ramones|rocket to russia,Ramones,Rocket to Russia,1977,1,053,core_graph_album,resolved,musicbrainz_ws2,high,109,14,Ramones,Rocket to Russia,1977-11-04,847962534,dd959091-dba1-32b8-8159-0090959ce75b,dd7b900f-d365-408b-bb05-9a91b9cd89b7,https://musicbrainz.org/release/dd7b900f-d365-408b-bb05-9a91b9cd89b7,
album|rancid|and out come the wolves,Rancid,...And Out Come the Wolves,1995,1,076,core_graph_album,resolved,musicbrainz_ws2,high,109,19,Rancid,…And Out Come the Wolves,1995-08-22,1702711176,5e85636b-0a09-377e-a37c-2fe8ab52d49f,af9837ac-2c5b-454f-84f5-e1ecb8488359,https://musicbrainz.org/release/af9837ac-2c5b-454f-84f5-e1ecb8488359,
album|rancid|let s go,Rancid,Let's Go,1994,1,076,core_graph_album,resolved,musicbrainz_ws2,high,109,23,Rancid,Let’s Go,1994-06-14,1485041019,37c2647f-8e58-3839-a6b6-374c9ee88b1d,3b1b3eda-a20c-40cb-8426-20742847fdda,https://musicbrainz.org/release/3b1b3eda-a20c-40cb-8426-20742847fdda,
album|randy newman|good old boys,Randy Newman,Good Old Boys,1974,1,025,core_graph_album,resolved,musicbrainz_ws2,high,109,13,Randy Newman,Good Old Boys,1974,51957158,bb1a6e55-7d0a-3d48-b447-49b86cdcca7a,23ea328d-4a09-4b63-87ab-984298834165,https://musicbrainz.org/release/23ea328d-4a09-4b63-87ab-984298834165,
album|randy newman|sail away,Randy Newman,Sail Away,1972,1,025,core_graph_album,resolved,musicbrainz_ws2,high,109,17,Randy Newman,Sail Away,1972-05-23,51963348,d1c0b3db-6b93-3b9d-9479-0d60486120cb,15292168-5be4-4791-8919-03b8017e9b8b,https://musicbrainz.org/release/15292168-5be4-4791-8919-03b8017e9b8b,
album|randy newman|toy story,Randy Newman,Toy Story,1995,1,105,context_candidate,resolved,musicbrainz_ws2,high,109,16,Randy Newman,Toy Story,1995-10-24,1452873008,7fdc293a-f634-356f-b611-b1e3d94be5e2,88f22aa9-1317-45a3-a5ee-d70b32b2c9a9,https://musicbrainz.org/release/88f22aa9-1317-45a3-a5ee-d70b32b2c9a9,
album|randy travis|storms of life,Randy Travis,Storms of Life,1986,1,034,core_graph_album,resolved,musicbrainz_ws2,high,109,10,Randy Travis,Storms of Life,1986-06-06,308386297,65d14b73-a631-32f5-9437-d73aff6c3603,7f67328a-ef31-44a7-9550-7021a4234c75,https://musicbrainz.org/release/7f67328a-ef31-44a7-9550-7021a4234c75,
album|raphael saadiq|instant vintage,Raphael Saadiq,Instant Vintage,2002,1,043,core_graph_album,resolved,musicbrainz_ws2,high,109,19,Raphael Saadiq,Instant Vintage,2002-06-11,1440658297,5b79dafe-512e-3898-85d2-45a7d77f903b,48e80da7-f56e-4337-b28c-be4c59b8c6dc,https://musicbrainz.org/release/48e80da7-f56e-4337-b28c-be4c59b8c6dc,
album|raphael saadiq|way i see it,Raphael Saadiq,The Way I See It,2008,1,043,core_graph_album,resolved,musicbrainz_ws2,high,109,14,Raphael Saadiq,The Way I See It,2008-09-16,290382212,35185c28-a4aa-3061-9eb3-1d6741f85609,352fad4a-f2de-4d79-8ed5-0491aaf3cd1e,https://musicbrainz.org/release/352fad4a-f2de-4d79-8ed5-0491aaf3cd1e,
album|rapture|echoes,The Rapture,Echoes,2003,2,080;085,core_graph_album,resolved,musicbrainz_ws2,high,109,11,The Rapture,Echoes,2003-10-21,1726021444,4cf3ffd2-3ede-36fa-b519-c6786ca98705,a6206e88-a91e-3ec9-853b-a5b388c9f27a,https://musicbrainz.org/release/a6206e88-a91e-3ec9-853b-a5b388c9f27a,
album|rapture|pieces of the people we love,The Rapture,Pieces of the People We Love,2006,1,080,core_graph_album,resolved,musicbrainz_ws2,high,109,10,The Rapture,Pieces of the People We Love,2006-09-12,1443750180,3520e8a0-c814-3621-97d5-6b32620343e1,5024ac27-aca5-4d22-8f79-73ed436164ae,https://musicbrainz.org/release/5024ac27-aca5-4d22-8f79-73ed436164ae,
album|raspberries|raspberries,Raspberries,Raspberries,1972,1,021,core_graph_album,resolved,musicbrainz_ws2,high,109,9,Raspberries,Raspberries,1972,1452680448,141a2627-4be0-3478-b0a0-2f4a5c925fbb,960b31a0-2800-3c21-a610-d6772d7fac29,https://musicbrainz.org/release/960b31a0-2800-3c21-a610-d6772d7fac29,
album|raspberries|side 3,Raspberries,Side 3,1973,1,021,core_graph_album,resolved,musicbrainz_ws2,high,109,9,Raspberries,Side 3,1973,716186564,f05f0a87-c7a9-3434-bf08-0a5dd5af4ec0,bf65377e-1bfc-46af-ac7c-adad6d31ce20,https://musicbrainz.org/release/bf65377e-1bfc-46af-ac7c-adad6d31ce20,
album|ratt|out of the cellar,Ratt,Out of the Cellar,1984,1,063,core_graph_album,resolved,musicbrainz_ws2,high,109,10,Ratt,Out of the Cellar,1984,1727314446,691df04f-0c34-3e2f-8f47-537a54cd741d,0b45914a-b09e-350e-a2dc-dd6cee035d03,https://musicbrainz.org/release/0b45914a-b09e-350e-a2dc-dd6cee035d03,
album|rauw alejandro|vice versa,Rauw Alejandro,Vice Versa,2021,1,094,core_graph_album,resolved,musicbrainz_ws2,high,109,14,Rauw Alejandro,VICE VERSA,2021-06-05,1596868386,89c26a1a-7c23-4dec-891f-22f5fd2c6f3f,8d993ba6-ef00-42dc-89e4-23ee8fe3912b,https://musicbrainz.org/release/8d993ba6-ef00-42dc-89e4-23ee8fe3912b,
album|ray charles|genius of ray charles,Ray Charles,The Genius of Ray Charles,1959,1,006,core_graph_album,resolved,musicbrainz_ws2,high,109,12,Ray Charles,The Genius of Ray Charles,1959-10,46592212,26ea6822-538d-3781-ac19-fd3575aa2688,1f77c5cf-7c10-4ebf-8170-21aea019741c,https://musicbrainz.org/release/1f77c5cf-7c10-4ebf-8170-21aea019741c,
album|ray charles|what d i say,Ray Charles,What'd I Say,1959,1,006,core_graph_album,resolved,musicbrainz_ws2,high,109,10,Ray Charles,What’d I Say,1959,46592493,c0f52e1b-d9f7-30e9-bf6a-c408c922640a,44481efc-5c41-446e-aba8-ea74f2bc675c,https://musicbrainz.org/release/44481efc-5c41-446e-aba8-ea74f2bc675c,
album|ray lamontagne|trouble,Ray LaMontagne,Trouble,2004,1,029,core_graph_album,resolved,musicbrainz_ws2,high,109,10,Ray LaMontagne,Trouble,2004-09-14,1755483523,1e5ee424-fb61-3df1-b64c-908d69452947,8fccfdd3-7942-4759-a258-8d7fcc813337,https://musicbrainz.org/release/8fccfdd3-7942-4759-a258-8d7fcc813337,
album|ray price|for the good times,Ray Price,For the Good Times,1970,1,031,core_graph_album,resolved,musicbrainz_ws2,high,109,11,Ray Price,For the Good Times,1970,1153759816,f3db3f80-88e1-4685-b82a-0b1b1f43f2c1,2546c4c0-7da1-4784-bd15-679d89a1bea6,https://musicbrainz.org/release/2546c4c0-7da1-4784-bd15-679d89a1bea6,
album|ray price|night life,Ray Price,Night Life,1963,1,031,core_graph_album,resolved,musicbrainz_ws2,high,109,13,Ray Price,Night Life,1963,1153765049,f1518424-9ed0-3418-b2c3-5a52050a76e5,ea9e9272-0a48-461b-8743-216faa010506,https://musicbrainz.org/release/ea9e9272-0a48-461b-8743-216faa010506,
album|ray stevens|ray stevens greatest hits,Ray Stevens,Ray Stevens' Greatest Hits,1987,1,111,context_candidate,resolved,musicbrainz_ws2,high,97,10,Ray Stevens,"Ray Stevens Greatest Hits, Vol. 2",1987-09-07,277495713,0639207d-a5d8-331c-b693-9576aa9e6f2e,5d3e43e2-5f17-4236-9b14-0e8526d63d3a,https://musicbrainz.org/release/5d3e43e2-5f17-4236-9b14-0e8526d63d3a,
album|reagan youth|youth anthems for the new order,Reagan Youth,Youth Anthems for the New Order,1984,1,055,core_graph_album,resolved,musicbrainz_ws2,high,109,59,Reagan Youth,Youth Anthems for the New Order,1984,1487575585,03de3d70-c329-382f-a7d4-c70ded000387,579bde82-0f8d-4fa9-b88f-eb687347d059,https://musicbrainz.org/release/579bde82-0f8d-4fa9-b88f-eb687347d059,
album|reba mcentire|rumor has it,Reba McEntire,Rumor Has It,1990,1,034,core_graph_album,resolved,musicbrainz_ws2,high,109,12,Reba,Rumor Has It,1990-08-17,1523081186,2f35fb12-df3a-3654-983e-f93d3aaf43e3,c15d1182-09c4-460e-aefa-b7dc1597da7e,https://musicbrainz.org/release/c15d1182-09c4-460e-aefa-b7dc1597da7e,
album|red krayola|parable of arable land,Red Krayola,The Parable of Arable Land,1967,1,015,core_graph_album,resolved,musicbrainz_ws2,high,109,16,The Red Krayola,The Parable of Arable Land,1967,379207819,2e325e3a-bbb5-39ed-982c-db484099bb2b,359396dc-5d74-4dd2-9897-78d8e8b19048,https://musicbrainz.org/release/359396dc-5d74-4dd2-9897-78d8e8b19048,
album|redd kross|phaseshifter,Redd Kross,Phaseshifter,1993,1,075,core_graph_album,resolved,musicbrainz_ws2,high,109,13,Redd Kross,Phaseshifter,1993,1443730094,1fd3f389-d9a9-3fda-90bf-95d99831bffe,7d470aa9-99f3-49b2-ab14-2b603e52879d,https://musicbrainz.org/release/7d470aa9-99f3-49b2-ab14-2b603e52879d,
album|redman|muddy waters,Redman,Muddy Waters,1996,1,048,core_graph_album,resolved,musicbrainz_ws2,high,109,23,Redman,Muddy Waters,1996-12-10,1440923735,98af97a8-4a5c-3ea9-9146-e1a52d929d4e,0ba3de1a-115d-44ec-995a-64f448bd31c9,https://musicbrainz.org/release/0ba3de1a-115d-44ec-995a-64f448bd31c9,
album|refused|shape of punk to come,Refused,The Shape of Punk to Come,1998,1,060,core_graph_album,resolved,musicbrainz_ws2,medium,90,12,Refused,The Shape of Punk to Come,1998-10-27,1485027854,8a3b8b22-7eef-3d3a-9cec-90b2ae712bcb,0a893d84-1fa4-4eec-94fe-b1aa827cd5f0,https://musicbrainz.org/release/0a893d84-1fa4-4eec-94fe-b1aa827cd5f0,
album|regina spektor|begin to hope,Regina Spektor,Begin to Hope,2006,1,025,core_graph_album,resolved,musicbrainz_ws2,high,109,12,Regina Spektor,Begin to Hope,2006-06-13,157819402,473691ea-841e-3427-9fa4-63f64fd048ce,55bd781d-7d6c-4dbf-a2a7-169b577b8d29,https://musicbrainz.org/release/55bd781d-7d6c-4dbf-a2a7-169b577b8d29,
album|rema|rave and roses,Rema,Rave & Roses,2022,1,097,core_graph_album,resolved,musicbrainz_ws2,high,109,16,Rema,Rave & Roses,2022-03-25,1614063395,d9ce5deb-37e5-4fc6-997d-484ea4711836,1226a0ce-13a2-498e-bd95-ee810995f334,https://musicbrainz.org/release/1226a0ce-13a2-498e-bd95-ee810995f334,
album|renaissance|scheherazade and other stories,Renaissance,Scheherazade and Other Stories,1975,1,018,boundary_candidate,resolved,musicbrainz_ws2,high,109,11,Renaissance,Scheherazade and Other Stories,1975-08,1782326223,380b099d-908c-3900-af72-81e97bebb024,28399755-fc4a-436a-96af-828ba82c22de,https://musicbrainz.org/release/28399755-fc4a-436a-96af-828ba82c22de,
album|renee rapp|snow angel,Renee Rapp,Snow Angel,2023,1,093,core_graph_album,resolved,musicbrainz_ws2,high,109,12,Reneé Rapp,Snow Angel,2023-08-18,1691233967,2baf7b3c-6df0-4ca1-bd63-05c47c33f7b2,00879c69-a9da-491a-b373-3ef4d2f4d4fd,https://musicbrainz.org/release/00879c69-a9da-491a-b373-3ef4d2f4d4fd,
album|rentals|return of the rentals,The Rentals,Return of the Rentals,1995,1,075,core_graph_album,resolved,musicbrainz_ws2,high,109,10,The Rentals,Return of The Rentals,1995-10-24,358113297,26eaea7b-1e9a-3055-acf7-fa3a2ada236f,29db868e-db44-4bb9-87e1-c857a06dad09,https://musicbrainz.org/release/29db868e-db44-4bb9-87e1-c857a06dad09,
album|replacements|let it be,The Replacements,Let It Be,1984,2,059;069,core_graph_album,resolved,musicbrainz_ws2,high,109,11,The Replacements,Let It Be,1984-10-02,162563989,2c644807-3b5d-39d4-8c65-dec603bf3f3a,ce39c6c2-0829-3ce6-8378-199345285912,https://musicbrainz.org/release/ce39c6c2-0829-3ce6-8378-199345285912,
album|replacements|tim,The Replacements,Tim,1985,1,059,core_graph_album,resolved,musicbrainz_ws2,high,109,11,The Replacements,Tim,1985-07-01,778205096,ecae37b3-42f2-396d-a2d6-b614c1c41da3,adc98a51-acc4-499d-8a67-db3e695bea1e,https://musicbrainz.org/release/adc98a51-acc4-499d-8a67-db3e695bea1e,
album|revels|intoxica,The Revels,Intoxica!!!,1995,1,007,core_graph_album,resolved,musicbrainz_ws2,medium,91,19,The Revels,Intoxica!!! The Best of the Revels,1994,,8c617497-2496-38c5-8910-3a13e6b855e6,6af6f619-2353-48d3-812a-ac29535b88fb,https://musicbrainz.org/release/6af6f619-2353-48d3-812a-ac29535b88fb,
album|richard and mimi farina|reflections in a crystal wind,Richard and Mimi Farina,Reflections in a Crystal Wind,1965,1,026,core_graph_album,resolved,apple_itunes_search_api,high,95,13,Mimi and Richard Fariña,Reflections In a Crystal Wind,1965-01-01,712277819,,,https://music.apple.com/us/album/reflections-in-a-crystal-wind/712277819?uo=4,
album|richard hell and the voidoids|blank generation,Richard Hell & The Voidoids,Blank Generation,1977,1,054,core_graph_album,resolved,musicbrainz_ws2,high,109,22,Richard Hell & the Voidoids,Blank Generation,1977-09,1346358315,d0a52f62-e66d-34a0-9ff1-c4fce47f517f,26e33765-f092-4400-b4aa-1b1d1d535418,https://musicbrainz.org/release/26e33765-f092-4400-b4aa-1b1d1d535418,
album|richie hawtin|concept 1 96 cd,Richie Hawtin,Concept 1 96:CD,1998,1,082,core_graph_album,resolved,apple_itunes_search_api,medium,100,25,Richie Hawtin,Concept 1 96:12,1996-12-01,1545579873,,,https://music.apple.com/us/album/concept-1-96-12/1545579873?uo=4,manual_apple_override;manual_apple_override_confidence_medium;manual_apple_override_title_differs_from_seed
album|rick ross|port of miami,Rick Ross,Port of Miami,2006,1,049,core_graph_album,resolved,musicbrainz_ws2,high,109,19,Rick Ross,Port of Miami,2006-08-08,1440636672,e4a15150-68ea-399c-b107-82d3953dc2f1,02c07955-5966-4c9a-9918-e1ea4405603c,https://musicbrainz.org/release/02c07955-5966-4c9a-9918-e1ea4405603c,
album|ricky martin|ricky martin,Ricky Martin,Ricky Martin,1999,1,089,core_graph_album,resolved,musicbrainz_ws2,high,109,14,Ricky Martin,Ricky Martin,1999-05-11,192821565,d1555594-914e-33e9-b35c-077c6d500cd2,43dd44ff-cd23-4902-a510-f5eb8ce73fdc,https://musicbrainz.org/release/43dd44ff-cd23-4902-a510-f5eb8ce73fdc,
album|ricky martin|vuelve,Ricky Martin,Vuelve,1998,1,094,core_graph_album,resolved,musicbrainz_ws2,high,109,14,Ricky Martin,Vuelve,1998-02-10,185391215,25bfe2c6-4e03-3587-9c37-b895500c5dd7,e9fd6833-b290-4f51-83df-592d086b9cc2,https://musicbrainz.org/release/e9fd6833-b290-4f51-83df-592d086b9cc2,
album|ricky nelson|more songs by ricky,Ricky Nelson,More Songs by Ricky,1960,1,004,core_graph_album,resolved,musicbrainz_ws2,high,109,12,Ricky Nelson,More Songs By Ricky,1960,1442809812,8c9024c5-b173-44d8-b4db-571943abb6fe,92ec76f2-a64b-45a6-8204-727c95fbd142,https://musicbrainz.org/release/92ec76f2-a64b-45a6-8204-727c95fbd142,
album|ricky nelson|ricky sings again,Ricky Nelson,Ricky Sings Again,1959,1,004,core_graph_album,resolved,musicbrainz_ws2,high,109,17,Ricky Nelson,Ricky Sings Again,1959,1444017122,7b766c5f-408b-4fa2-ba3b-11625d042a83,1e6c1944-f0ab-412e-a583-ca5eae187f04,https://musicbrainz.org/release/1e6c1944-f0ab-412e-a583-ca5eae187f04,
album|ride|nowhere,Ride,Nowhere,1990,1,073,core_graph_album,resolved,musicbrainz_ws2,high,109,15,Ride,Nowhere,1990,608006339,4ff18a50-33fa-37aa-a355-ea2a70e35ae3,71d9ac00-bfc4-3d0e-a0c2-bcd4fdafbd2e,https://musicbrainz.org/release/71d9ac00-bfc4-3d0e-a0c2-bcd4fdafbd2e,
album|rihanna|good girl gone bad,Rihanna,Good Girl Gone Bad,2007,1,090,core_graph_album,resolved,musicbrainz_ws2,high,109,12,Rihanna,Good Girl Gone Bad,2007-03-31,1472503760,7e48f018-b774-32e6-a68b-b42db04535c0,0bbca21e-43f6-4da7-8f3c-cebaea81da31,https://musicbrainz.org/release/0bbca21e-43f6-4da7-8f3c-cebaea81da31,
album|rihanna|loud,Rihanna,Loud,2010,1,090,core_graph_album,resolved,musicbrainz_ws2,high,109,13,Rihanna,Loud,2010-11-16,1442286224,7c6de97d-bf6a-4793-82f5-f142baed33e6,5eef7b1c-a4a3-4f7d-bf55-4246e27f4581,https://musicbrainz.org/release/5eef7b1c-a4a3-4f7d-bf55-4246e27f4581,
album|rihanna|talk that talk,Rihanna,Talk That Talk,2011,1,090,core_graph_album,resolved,musicbrainz_ws2,high,109,12,Rihanna,Talk That Talk,2011-01-01,1443102519,15818ec5-bf34-47de-a4e5-260f98828d64,bd22d695-8f43-4342-8095-d61cd98900f7,https://musicbrainz.org/release/bd22d695-8f43-4342-8095-d61cd98900f7,
album|rina sawayama|sawayama,Rina Sawayama,SAWAYAMA,2020,1,119,core_graph_album,resolved,musicbrainz_ws2,high,109,13,Rina Sawayama,SAWAYAMA,2020-04-17,1493469433,972644cd-431d-4001-8913-0b59b975cfbc,a75fc61f-0d91-45c9-b666-33b770c9f4a9,https://musicbrainz.org/release/a75fc61f-0d91-45c9-b666-33b770c9f4a9,
album|rip chords|hey little cobra and other hot rod hits,The Rip Chords,Hey Little Cobra and Other Hot Rod Hits,1964,1,007,core_graph_album,resolved,musicbrainz_ws2,high,121,15,The Rip Chords,Hey Little Cobra and Other Hot Rod Hits,1964-02,260254179,d14f0ac0-30d9-38ca-bdd3-1079c02c7478,e485d517-9b0e-469b-9ea1-7dce8657342c,https://musicbrainz.org/release/e485d517-9b0e-469b-9ea1-7dce8657342c,resolved_by_aggressive_release_search
album|rippingtons|moonlighting,The Rippingtons,Moonlighting,1986,1,102,core_graph_album,resolved,musicbrainz_ws2,high,109,8,The Rippingtons,Moonlighting,1986,1446741447,0aae0387-5076-3ea8-a0df-6e8275def26f,18c99797-80c0-4ec7-a0c5-1a9df40b731d,https://musicbrainz.org/release/18c99797-80c0-4ec7-a0c5-1a9df40b731d,
album|ritchie valens|ritchie valens,Ritchie Valens,Ritchie Valens,1959,1,001,core_graph_album,resolved,musicbrainz_ws2,high,109,12,Ritchie Valens,Ritchie Valens,1959-02,466357972,bd6672a6-cba2-3a38-be7b-80e91621db8d,1fd81ee1-2301-4b9a-9dee-a45f5c0aa70a,https://musicbrainz.org/release/1fd81ee1-2301-4b9a-9dee-a45f5c0aa70a,
album|rites of spring|rites of spring,Rites of Spring,Rites of Spring,1985,1,060,core_graph_album,resolved,musicbrainz_ws2,high,109,17,Rites of Spring,Rites of Spring,1985-06,49249797,06b45a02-b374-3c2b-b243-cf34f14dce50,0cfefea2-b884-45f8-b76b-550f834b9e74,https://musicbrainz.org/release/0cfefea2-b884-45f8-b76b-550f834b9e74,
album|rivieras|california sun,The Rivieras,California Sun,1964,1,007,core_graph_album,resolved,musicbrainz_ws2,high,101,24,The Rivieras,California Sun,,1146567915,4d3cc956-5365-473f-8455-138512fa4b26,01804ddf-3b66-4b9d-b5ed-6e204c1a222a,https://musicbrainz.org/release/01804ddf-3b66-4b9d-b5ed-6e204c1a222a,
album|rob zombie|hellbilly deluxe,Rob Zombie,Hellbilly Deluxe,1998,1,065,core_graph_album,resolved,musicbrainz_ws2,high,97,13,Rob Zombie,Hellbilly Deluxe,1998-08-25,1440845642,7c02bfdf-8d3a-3cd6-aac2-93a19cc614f4,39e53604-e35b-4ebd-b0ea-38d4252ba34e,https://musicbrainz.org/release/39e53604-e35b-4ebd-b0ea-38d4252ba34e,
album|robert earl keen|no kinda dancer,Robert Earl Keen,No Kinda Dancer,1984,1,027,core_graph_album,resolved,musicbrainz_ws2,high,109,14,Robert Earl Keen,No Kinda Dancer,1984,1769474135,27709d6a-4a30-3b15-ab68-b5c320a3416a,9203a1dd-b98d-4526-b709-57e9d1e8c630,https://musicbrainz.org/release/9203a1dd-b98d-4526-b709-57e9d1e8c630,
album|robert hood|minimal nation,Robert Hood,Minimal Nation,1994,1,082,core_graph_album,resolved,musicbrainz_ws2,high,109,10,Robert Hood,Minimal Nation,1994,316706585,b2deac73-f988-4a06-b7d1-427ce8935def,d0a0ade7-14fb-4ff9-9ebb-44be77c5f579,https://musicbrainz.org/release/d0a0ade7-14fb-4ff9-9ebb-44be77c5f579,
album|roberta flack|first take,Roberta Flack,First Take,1969,1,041,core_graph_album,resolved,musicbrainz_ws2,high,109,8,Roberta Flack,First Take,1969,355178034,4455c04d-9368-4dc5-b35d-6ff8c407921f,cd0e72a6-0170-43ac-9399-cd0bb960e48a,https://musicbrainz.org/release/cd0e72a6-0170-43ac-9399-cd0bb960e48a,
album|robin s|show me love,Robin S.,Show Me Love,1993,1,081,core_graph_album,resolved,musicbrainz_ws2,high,109,14,Robin S,Show Me Love,1993-06-21,301002604,8eb400c6-6ae2-3c2c-a057-6dda19b2bb9c,e4a48b30-d3f2-3968-8f2b-79f939afea14,https://musicbrainz.org/release/e4a48b30-d3f2-3968-8f2b-79f939afea14,
album|rock a teens|rock a teens woo hoo,The Rock-A-Teens,The Rock-A-Teens: Woo-Hoo,1959,1,002,core_graph_album,resolved,apple_itunes_search_api,high,100,12,The Rock-A-Teens,Woo-Hoo,1960-01-01,1742706776,,,https://music.apple.com/us/album/woo-hoo/1742706776?uo=4,manual_apple_override;manual_apple_override_title_differs_from_seed
album|rolling stones|aftermath,The Rolling Stones,Aftermath,1966,1,008,core_graph_album,resolved,musicbrainz_ws2,high,109,11,The Rolling Stones,Aftermath,1966-04-15,1440745549,26987c39-5914-483b-a897-d43ce6aad9b1,4c3401d0-8b02-4a28-940c-1fc34117ed0e,https://musicbrainz.org/release/4c3401d0-8b02-4a28-940c-1fc34117ed0e,
album|romeo santos|formula vol 1,Romeo Santos,"Formula, Vol. 1",2011,1,096,core_graph_album,resolved,musicbrainz_ws2,high,109,15,Romeo Santos,"Fórmula, vol. 1",2011,471342193,a6c97794-2d3f-464f-bad1-94fcefc0e608,47ae6935-c648-4d6f-8e2d-680cfb69d870,https://musicbrainz.org/release/47ae6935-c648-4d6f-8e2d-680cfb69d870,
album|ronettes|presenting the fabulous ronettes featuring veronica,The Ronettes,Presenting the Fabulous Ronettes Featuring Veronica,1964,1,005,core_graph_album,resolved,musicbrainz_ws2,high,109,12,The Ronettes,Presenting the Fabulous Ronettes Featuring Veronica,1964-11,518081279,b24ffd1d-1cbc-32bd-bf45-b76b30792b8d,09e33983-d27b-4566-8956-50562a105f5a,https://musicbrainz.org/release/09e33983-d27b-4566-8956-50562a105f5a,
album|ronnie self|mr frantic is boppin the blues,Ronnie Self,Mr. Frantic Is Boppin' the Blues,1990,1,002,core_graph_album,resolved,musicbrainz_ws2,low,96,31,Ronnie Self,Mr. Frantic Is Boppin’ the Blues,2001,1053995885,9f52d350-1d86-4cdf-a990-143cd18e7f45,2a38d172-e369-4a9a-9df4-93774e8d7743,https://musicbrainz.org/release/2a38d172-e369-4a9a-9df4-93774e8d7743,selected_release_year_far_from_seed_year
album|rooney|rooney,Rooney,Rooney,2003,1,075,core_graph_album,resolved,musicbrainz_ws2,high,109,11,Rooney,Rooney,2003-05-20,1450653383,752719e9-8317-3c5f-b35e-b22224370e28,f5bb56f4-5c27-4b49-89ec-4d2c71db1cb8,https://musicbrainz.org/release/f5bb56f4-5c27-4b49-89ec-4d2c71db1cb8,
album|roots|things fall apart,The Roots,Things Fall Apart,1999,1,051,core_graph_album,resolved,musicbrainz_ws2,high,109,18,The Roots,Things Fall Apart,1999-02-23,1440632803,8f341430-85b9-3a66-875f-ed1202868393,1a3422a3-bedc-3c7a-a984-b0fd51c0e5ec,https://musicbrainz.org/release/1a3422a3-bedc-3c7a-a984-b0fd51c0e5ec,
album|rosalia|motomami,Rosalia,Motomami,2022,1,094,core_graph_album,resolved,musicbrainz_ws2,high,109,24,ROSALÍA,MOTOMAMI,2022,1643048319,f455f658-dd55-4790-8cd3-99c7c273018a,bde00408-bea6-4708-a200-8f7ecddcf0f9,https://musicbrainz.org/release/bde00408-bea6-4708-a200-8f7ecddcf0f9,
album|rossington collins band|anytime anyplace anywhere,Rossington Collins Band,"Anytime, Anyplace, Anywhere",1980,1,019,core_graph_album,resolved,musicbrainz_ws2,high,109,9,Rossington Collins Band,"Anytime, Anyplace, Anywhere",1980,,829bca81-e092-3467-9950-ccc09a41ef3e,6db1edd7-4d87-4588-9aa2-d5d654bd9e30,https://musicbrainz.org/release/6db1edd7-4d87-4588-9aa2-d5d654bd9e30,
album|roxy music|for your pleasure,Roxy Music,For Your Pleasure,1973,1,020,core_graph_album,resolved,musicbrainz_ws2,high,109,8,Roxy Music,For Your Pleasure,1973,724399564,72fd9993-17b8-3402-9f8d-c39cb3d2c27e,d318bfd0-39ac-4e6a-b418-13221adca11a,https://musicbrainz.org/release/d318bfd0-39ac-4e6a-b418-13221adca11a,
album|roxy music|roxy music,Roxy Music,Roxy Music,1972,1,020,core_graph_album,resolved,musicbrainz_ws2,high,109,10,Roxy Music,Roxy Music,1972,724922081,3ff6284f-88b0-3285-895a-61c733e6d4ca,b06b5b1f-e693-4a84-b2b0-d692229bb496,https://musicbrainz.org/release/b06b5b1f-e693-4a84-b2b0-d692229bb496,
album|royal blood|royal blood,Royal Blood,Royal Blood,2014,1,117,core_graph_album,resolved,musicbrainz_ws2,high,109,10,Royal Blood,Royal Blood,2014-08-22,900459268,1e4a055a-e3de-4b82-bc34-cd6ac1967835,0515e83f-66ac-480c-8a33-74685020a41f,https://musicbrainz.org/release/0515e83f-66ac-480c-8a33-74685020a41f,
album|rubinoos|rubinoos,The Rubinoos,The Rubinoos,1977,1,021,core_graph_album,resolved,musicbrainz_ws2,high,109,10,The Rubinoos,The Rubinoos,1977,1564335937,cf9bdf2b-3ee4-3e8f-8889-eff5f4f419c2,d93e2034-c069-41ac-bd70-b24ce230c3a3,https://musicbrainz.org/release/d93e2034-c069-41ac-bd70-b24ce230c3a3,
album|rufus wainwright|want one,Rufus Wainwright,Want One,2003,1,025,core_graph_album,resolved,musicbrainz_ws2,high,109,14,Rufus Wainwright,Want One,2003-09-23,1442846753,b226aaa9-f69a-3fd9-b31b-c3ada1ea2870,956580fd-bf9f-49a3-8a1b-d9c30f8acb01,https://musicbrainz.org/release/956580fd-bf9f-49a3-8a1b-d9c30f8acb01,
album|run dmc|king of rock,Run-DMC,King of Rock,1985,1,045,core_graph_album,resolved,apple_itunes_search_api,high,109,9,Run-DMC,King of Rock,1985-02-05,254816563,,,https://music.apple.com/us/album/king-of-rock/254816563?uo=4,
album|run dmc|raising hell,Run-DMC,Raising Hell,1986,1,045,core_graph_album,resolved,musicbrainz_ws2,high,99,12,Run‐D.M.C.,Raising Hell,1986,254344779,a209c0a5-e9b2-37ff-a76d-df5bc405a0e8,888b2aad-81de-3010-a9e3-a05eecb64b06,https://musicbrainz.org/release/888b2aad-81de-3010-a9e3-a05eecb64b06,
album|run dmc|run d m c,Run-DMC,Run-D.M.C.,1984,1,045,core_graph_album,resolved,apple_itunes_search_api,high,109,9,Run-DMC,Run-D.M.C.,1984-03-27,256097651,,,https://music.apple.com/us/album/run-d-m-c/256097651?uo=4,
album|run the jewels|run the jewels 2,Run the Jewels,Run the Jewels 2,2014,1,051,core_graph_album,resolved,musicbrainz_ws2,high,109,12,Run the Jewels,Run the Jewels 2,2014-10-27,1862913140,581d7ac8-8f1d-4d4a-a224-de9c9cd76b39,063f311e-9c81-4616-a007-b76e3df910c9,https://musicbrainz.org/release/063f311e-9c81-4616-a007-b76e3df910c9,
album|runaways|runaways,The Runaways,The Runaways,1976,1,020,core_graph_album,resolved,musicbrainz_ws2,high,109,10,The Runaways,The Runaways,1976,1440747926,03a06598-2d75-3b9e-a2ad-f62440d2b179,5cc88855-00a0-408b-94f5-549492500d7f,https://musicbrainz.org/release/5cc88855-00a0-408b-94f5-549492500d7f,
album|rupert holmes|partners in crime,Rupert Holmes,Partners in Crime,1979,1,023,false_nearby_candidate,resolved,musicbrainz_ws2,high,109,10,Rupert Holmes,Partners in Crime,1979,1443846037,070f8c5f-b178-3fd5-8243-1c2bfd925e4c,31a7add5-1378-4832-b1a5-d49f9ddf09b7,https://musicbrainz.org/release/31a7add5-1378-4832-b1a5-d49f9ddf09b7,
album|rush|2112,Rush,2112,1976,1,018,core_graph_album,resolved,musicbrainz_ws2,high,109,6,Rush,2112,1976,1445876680,9243ac59-9390-37e1-abee-fcf31fb8035f,01befdc5-0af8-4720-a21c-0f24209f5e16,https://musicbrainz.org/release/01befdc5-0af8-4720-a21c-0f24209f5e16,
album|sabrina carpenter|short n sweet,Sabrina Carpenter,Short n Sweet,2024,1,093,core_graph_album,resolved,musicbrainz_ws2,high,109,12,Sabrina Carpenter,Short n’ Sweet,2024-08-23,1752214909,c8bea388-c195-4177-bf9b-7469f6e695a1,2d3d2879-6c28-405a-934d-d0217a92672b,https://musicbrainz.org/release/2d3d2879-6c28-405a-934d-d0217a92672b,
album|sade|diamond life,Sade,Diamond Life,1984,1,041,boundary_candidate,resolved,musicbrainz_ws2,high,109,9,Sade,Diamond Life,1984,1524651063,af2a0c41-e612-3232-949d-bdca340c407c,6772c091-2ad8-4727-afe9-3b3379b29642,https://musicbrainz.org/release/6772c091-2ad8-4727-afe9-3b3379b29642,
album|sade|promise,Sade,Promise,1985,1,041,core_graph_album,resolved,musicbrainz_ws2,high,109,11,Sade,Promise,1985-12-21,211677347,d49bd610-a10e-3f14-8bd0-0121f7f20a4d,61199d8d-98f1-4770-9e63-611c2c47d53e,https://musicbrainz.org/release/61199d8d-98f1-4770-9e63-611c2c47d53e,
album|sagittarius|present tense,Sagittarius,Present Tense,1968,1,013,core_graph_album,resolved,musicbrainz_ws2,high,109,20,Sagittarius,Present Tense,1968,307036520,aa2880d8-175b-3f02-ac25-57602951f2e6,1e56d96b-47c4-48ca-b6e6-f81f63154569,https://musicbrainz.org/release/1e56d96b-47c4-48ca-b6e6-f81f63154569,
album|saib|bebop,saib.,Bebop,2016,1,120,core_graph_album,resolved,musicbrainz_ws2,high,106,14,saib.,Bebop,2017-08-04,1424563060,9dec9104-305a-4d56-852d-f8bcc2b05678,57cc6a6d-555e-434d-9a96-1d2550a76faf,https://musicbrainz.org/release/57cc6a6d-555e-434d-9a96-1d2550a76faf,
album|saint vitus|born too late,Saint Vitus,Born Too Late,1986,1,064,core_graph_album,resolved,musicbrainz_ws2,high,109,9,Saint Vitus,Born Too Late,1987,117748132,d3e57636-7a78-3192-aa29-63c9c517b1a4,8beb2d9c-095e-4e47-8e57-157c46e4ed44,https://musicbrainz.org/release/8beb2d9c-095e-4e47-8e57-157c46e4ed44,
album|saints|eternally yours,The Saints,Eternally Yours,1978,1,053,core_graph_album,resolved,musicbrainz_ws2,high,109,27,The Saints,Eternally Yours,1978-05-05,693800761,c0069416-d369-3453-b3b7-00774b9e698b,682b855d-e46f-4930-8dcc-5fd642844802,https://musicbrainz.org/release/682b855d-e46f-4930-8dcc-5fd642844802,
album|sam and dave|hold on i m comin,Sam & Dave,"Hold On, I'm Comin'",1966,1,038,core_graph_album,resolved,musicbrainz_ws2,high,109,12,Sam & Dave,"Hold On, I’m Comin’",1966,59412372,8b5e2263-efd1-3cfa-9bf8-5c87689c0770,61e57d70-39c8-4cce-ab6a-d1dd9b0556d2,https://musicbrainz.org/release/61e57d70-39c8-4cce-ab6a-d1dd9b0556d2,
album|sam cooke|cooke s tour,Sam Cooke,Cooke's Tour,1960,1,006,core_graph_album,resolved,musicbrainz_ws2,high,109,12,Sam Cooke,Cooke’s Tour,1960,497769669,62192474-c19b-4f83-9000-1f06327291a3,dcbfa259-1faf-4ac1-8563-53a15021f9d0,https://musicbrainz.org/release/dcbfa259-1faf-4ac1-8563-53a15021f9d0,
album|sam cooke|night beat,Sam Cooke,Night Beat,1963,1,006,core_graph_album,resolved,apple_itunes_search_api,high,109,12,Sam Cooke,Night Beat,1963-08-01,304822017,,,https://music.apple.com/us/album/night-beat/304822017?uo=4,
album|sam cooke|twistin the night away,Sam Cooke,Twistin' the Night Away,1962,1,006,core_graph_album,resolved,musicbrainz_ws2,high,109,12,Sam Cooke,Twistin’ the Night Away,1962-06,497770005,01e2b8b1-1c42-3218-9ed1-6f7947a3addb,275e2054-a3b0-4dfc-a029-0451e4b4be65,https://musicbrainz.org/release/275e2054-a3b0-4dfc-a029-0451e4b4be65,
album|sam hunt|montevallo,Sam Hunt,Montevallo,2014,1,035,core_graph_album,resolved,musicbrainz_ws2,high,109,10,Sam Hunt,Montevallo,2014-10-27,1440858319,d67689b1-d65d-4389-847d-de6396c63ec6,c0539a59-bc3f-4464-b762-8dd341acb4b1,https://musicbrainz.org/release/c0539a59-bc3f-4464-b762-8dd341acb4b1,
album|sam smith|in the lonely hour,Sam Smith,In the Lonely Hour,2014,1,092,core_graph_album,resolved,musicbrainz_ws2,high,109,10,Sam Smith,In the Lonely Hour,2014-06-17,1440814069,c8d660d1-4181-4a5b-9507-346970dffe96,65c57ac5-16da-4bf5-bd92-d6ad040ddd41,https://musicbrainz.org/release/65c57ac5-16da-4bf5-bd92-d6ad040ddd41,
album|samia|honey,Samia,Honey,2023,1,116,core_graph_album,resolved,musicbrainz_ws2,high,109,11,Samia,Honey,2023-01-27,1643839739,3835f4e0-fd7f-4b79-b875-7657fec35187,5b8eb63e-471f-45b9-8a31-e584daf411d2,https://musicbrainz.org/release/5b8eb63e-471f-45b9-8a31-e584daf411d2,
album|santana|abraxas,Santana,Abraxas,1970,1,016,core_graph_album,resolved,musicbrainz_ws2,high,109,9,Santana,Abraxas,1970,871146591,43424c73-fc58-36b0-b9cf-f8b057ac0603,04b93168-d9c5-4ebf-822a-db0700a1176f,https://musicbrainz.org/release/04b93168-d9c5-4ebf-822a-db0700a1176f,
album|santo and johnny|santo and johnny,Santo & Johnny,Santo & Johnny,1959,1,007,core_graph_album,resolved,musicbrainz_ws2,high,109,10,Santo & Johnny,Santo & Johnny,1959,1455434148,ce347b08-0534-4f47-b91a-5754d4f0c02b,bcc8d01c-a165-4d9d-ba60-009ede72c305,https://musicbrainz.org/release/bcc8d01c-a165-4d9d-ba60-009ede72c305,
album|sara bareilles|little voice,Sara Bareilles,Little Voice,2007,1,025,core_graph_album,resolved,musicbrainz_ws2,high,109,12,Sara Bareilles,Little Voice,2007-07-03,258604731,c9b76206-b134-3ba8-a1de-265999104ec2,84f4a757-ae00-4703-88a2-ef3e4a521505,https://musicbrainz.org/release/84f4a757-ae00-4703-88a2-ef3e4a521505,
album|sarah brightman|eden,Sarah Brightman,Eden,1998,1,103,core_graph_album,resolved,musicbrainz_ws2,high,109,16,Sarah Brightman,Eden,1998-12-01,715482649,d4861c72-ca9d-3020-bae7-5fadbc87efce,41d1f6e5-2090-45b7-9c59-8775570962dd,https://musicbrainz.org/release/41d1f6e5-2090-45b7-9c59-8775570962dd,
album|sarah mclachlan|fumbling towards ecstasy,Sarah McLachlan,Fumbling Towards Ecstasy,1993,1,029,core_graph_album,resolved,musicbrainz_ws2,high,109,13,Sarah McLachlan,Fumbling Towards Ecstasy,1993-10-22,271361254,c1c4277c-69fa-30f7-9266-308754365d60,10f4de1d-7fed-47d2-8dd6-eff8aac0ec2d,https://musicbrainz.org/release/10f4de1d-7fed-47d2-8dd6-eff8aac0ec2d,
album|sarah mclachlan|solace,Sarah McLachlan,Solace,1991,1,029,core_graph_album,resolved,musicbrainz_ws2,high,109,11,Sarah McLachlan,Solace,1991-01-28,268228917,f19000b0-df63-39a7-be8d-6344e31f065b,792f388f-78d3-4c87-8375-4b956251d7e9,https://musicbrainz.org/release/792f388f-78d3-4c87-8375-4b956251d7e9,
album|sarah mclachlan|surfacing,Sarah McLachlan,Surfacing,1997,1,029,core_graph_album,resolved,musicbrainz_ws2,high,109,10,Sarah McLachlan,Surfacing,1997-07-15,388153718,3d453820-9c19-3f21-a310-26657ac55e73,931cfa58-02a7-4a85-b042-bc8b321d0891,https://musicbrainz.org/release/931cfa58-02a7-4a85-b042-bc8b321d0891,
album|savages|silence yourself,Savages,Silence Yourself,2013,1,080,core_graph_album,resolved,musicbrainz_ws2,high,109,11,Savages,Silence Yourself,2013-05-06,1589250505,e00609ef-dc70-4226-a0bb-28b1862c4075,6651a160-bc28-4325-afb5-aab63cf5d55e,https://musicbrainz.org/release/6651a160-bc28-4325-afb5-aab63cf5d55e,
album|saves the day|stay what you are,Saves the Day,Stay What You Are,2001,1,077,core_graph_album,resolved,musicbrainz_ws2,high,109,11,Saves the Day,Stay What You Are,2001-07-10,1713862953,ad488118-4471-3dd9-8f78-43899ac84b54,b10dd480-5e2c-3f1e-b572-f0e9c7635843,https://musicbrainz.org/release/b10dd480-5e2c-3f1e-b572-f0e9c7635843,
album|saxon|wheels of steel,Saxon,Wheels of Steel,1980,1,061,core_graph_album,resolved,musicbrainz_ws2,high,109,17,Saxon,Wheels of Steel,1980,1451595306,f0556704-20f0-3831-8f7a-aab0855d5865,edcce949-7374-4422-94a5-9c8697820b7e,https://musicbrainz.org/release/edcce949-7374-4422-94a5-9c8697820b7e,
album|say anything|is a real boy,Say Anything,...Is a Real Boy,2004,1,077,core_graph_album,resolved,musicbrainz_ws2,high,109,21,Say Anything,…Is a Real Boy,2004-08-03,1471051942,8816f05a-80cf-3a4a-85f4-adcf1540e355,c81bf11b-ed5f-4f16-8a3e-d14ebbea733f,https://musicbrainz.org/release/c81bf11b-ed5f-4f16-8a3e-d14ebbea733f,
album|scarface|diary,Scarface,The Diary,1994,1,049,core_graph_album,resolved,musicbrainz_ws2,high,109,13,Scarface,The Diary,1994-10-18,1812986267,bc009ee0-05bc-37f9-8b07-ce93e09131eb,6336ee8c-067b-46e8-b2d9-212f16b4e1ef,https://musicbrainz.org/release/6336ee8c-067b-46e8-b2d9-212f16b4e1ef,
album|schoolly d|schoolly d,Schoolly D,Schoolly D,1985,1,045,core_graph_album,resolved,musicbrainz_ws2,high,109,6,Schoolly D,Schoolly D,1985,1131445208,01268ccb-fb0a-36ba-992d-508bfee7cb44,0f38daa3-87d5-49d1-b68b-e0aca902a8f2,https://musicbrainz.org/release/0f38daa3-87d5-49d1-b68b-e0aca902a8f2,
album|scott walker|scott 2,Scott Walker,Scott 2,1968,1,012,core_graph_album,resolved,musicbrainz_ws2,high,109,12,Scott Walker,Scott 2,1968-03,1442979621,e14cb590-dbcb-34fe-9860-881e1a0a1bda,eef51645-7e49-40ce-8fb5-f30bfb2b3550,https://musicbrainz.org/release/eef51645-7e49-40ce-8fb5-f30bfb2b3550,
album|scott walker|scott 3,Scott Walker,Scott 3,1969,1,012,core_graph_album,resolved,musicbrainz_ws2,high,109,13,Scott Walker,Scott 3,1969-03,1443111227,8aa07274-9614-3e32-9d59-79bb22a87162,9007dbfe-638a-430f-93c5-51b685fd35fb,https://musicbrainz.org/release/9007dbfe-638a-430f-93c5-51b685fd35fb,
album|scratch acid|greatest gift,Scratch Acid,The Greatest Gift,1991,1,060,core_graph_album,resolved,musicbrainz_ws2,high,109,28,Scratch Acid,The Greatest Gift,1991-10-25,,0cb82269-399d-3095-8eba-4e23176ab579,7de18ce6-456e-41b8-85f2-0c805b391d0b,https://musicbrainz.org/release/7de18ce6-456e-41b8-85f2-0c805b391d0b,
album|screaming trees|dust,Screaming Trees,Dust,1996,1,070,core_graph_album,resolved,musicbrainz_ws2,high,109,10,Screaming Trees,Dust,1996-06-25,168383708,078d0c59-9b9b-3551-b2fa-dfa57a9fe9ae,a41fd82e-0bd6-4557-b31b-ca1cb469f106,https://musicbrainz.org/release/a41fd82e-0bd6-4557-b31b-ca1cb469f106,
album|screaming trees|sweet oblivion,Screaming Trees,Sweet Oblivion,1992,1,070,core_graph_album,resolved,musicbrainz_ws2,high,109,11,Screaming Trees,Sweet Oblivion,1992,157316025,3ed0f3e2-aef3-39c4-86e7-b1e9dc80a52c,30f0b975-61c4-4d75-8af4-81fff127a193,https://musicbrainz.org/release/30f0b975-61c4-4d75-8af4-81fff127a193,
album|sebadoh|bakesale,Sebadoh,Bakesale,1994,1,072,core_graph_album,resolved,musicbrainz_ws2,high,109,40,Sebadoh,Bakesale,1994-08-23,444189753,a88aa7b4-5d1a-3617-85f1-b8e945bfe748,a4fb6af6-2b82-4b6f-b153-fe8e6c222bcc,https://musicbrainz.org/release/a4fb6af6-2b82-4b6f-b153-fe8e6c222bcc,
album|sebadoh|iii,Sebadoh,III,1991,1,072,core_graph_album,resolved,musicbrainz_ws2,high,109,41,Sebadoh,III,1991-09,252251664,06ec91ba-69a2-3188-878e-5153997ea403,6905095d-fb73-41dc-b11d-e5d875312d33,https://musicbrainz.org/release/6905095d-fb73-41dc-b11d-e5d875312d33,
album|seeds|seeds,The Seeds,The Seeds,1966,1,011,core_graph_album,resolved,musicbrainz_ws2,high,109,22,The Seeds,The Seeds,1966,932550440,54e06f2b-c290-399a-8d56-26a9bcb08718,2d5cfd2c-ff6b-4545-ab4d-299864220be0,https://musicbrainz.org/release/2d5cfd2c-ff6b-4545-ab4d-299864220be0,
album|seether|disclaimer,Seether,Disclaimer,2002,1,071,core_graph_album,resolved,musicbrainz_ws2,high,109,12,Seether,Disclaimer,2002,1440810727,e20365c7-6b99-37b7-8897-0d8248e3bf61,2a657dee-7621-446b-97cd-8ca85cd2211f,https://musicbrainz.org/release/2a657dee-7621-446b-97cd-8ca85cd2211f,
album|selena|amor prohibido,Selena,Amor Prohibido,1994,1,095,core_graph_album,resolved,musicbrainz_ws2,high,109,12,Selena,Amor Prohibido,1994-03-22,1703307720,bc5e0495-4db9-3dae-9883-104d5df6b2cc,df9d2f9f-a045-4c60-859b-9109710693f9,https://musicbrainz.org/release/df9d2f9f-a045-4c60-859b-9109710693f9,
album|selena|dreaming of you,Selena,Dreaming of You,1995,1,095,core_graph_album,resolved,musicbrainz_ws2,high,109,14,Selena,Dreaming of You,1995,1440826979,b00edfa4-ae7a-3580-a904-85682bf6198d,1f287986-b1da-4817-9d46-f0871e211755,https://musicbrainz.org/release/1f287986-b1da-4817-9d46-f0871e211755,
album|sepultura|arise,Sepultura,Arise,1991,1,062,core_graph_album,resolved,musicbrainz_ws2,high,109,13,Sepultura,Arise,1991-03-25,214474129,6d9ffabb-233a-3cc1-9ac3-d2a8e4c99cdd,2f50a496-9417-4e65-9f96-1d1758f6a057,https://musicbrainz.org/release/2f50a496-9417-4e65-9f96-1d1758f6a057,
album|sepultura|beneath the remains,Sepultura,Beneath the Remains,1989,1,062,core_graph_album,resolved,musicbrainz_ws2,high,109,12,Sepultura,Beneath the Remains,1989,214411044,6d9c2a90-603d-34b5-b855-dd20e61971b7,79763a53-2a74-321f-a16a-879b6685b021,https://musicbrainz.org/release/79763a53-2a74-321f-a16a-879b6685b021,
album|seventeen|face the sun,SEVENTEEN,Face the Sun,2022,1,098,core_graph_album,resolved,musicbrainz_ws2,high,109,10,SEVENTEEN,Face the Sun,2022-05-27,1625319240,ae7bed2f-4297-448b-b632-0ffb44082205,45dcfc52-110c-4a79-ba59-6b73b5f56502,https://musicbrainz.org/release/45dcfc52-110c-4a79-ba59-6b73b5f56502,
album|sex pistols|never mind the bollocks here s the sex pistols,Sex Pistols,"Never Mind the Bollocks, Here's the Sex Pistols",1977,1,053,core_graph_album,resolved,musicbrainz_ws2,high,109,12,Sex Pistols,Never Mind the Bollocks Here’s the Sex Pistols,1977,266317242,e959a4b3-6306-3c45-9df6-e7241dae9ea3,312c8ae9-0b20-49aa-8eae-97f68ac427f0,https://musicbrainz.org/release/312c8ae9-0b20-49aa-8eae-97f68ac427f0,
album|shabazz palaces|black up,Shabazz Palaces,Black Up,2011,1,051,core_graph_album,resolved,musicbrainz_ws2,high,109,10,Shabazz Palaces,Black Up,2011,669854622,add1dfee-64e9-4e0b-8389-1bafe169d903,36e2f7a2-0d1d-4f0a-92e0-851bdfdb424f,https://musicbrainz.org/release/36e2f7a2-0d1d-4f0a-92e0-851bdfdb424f,
album|shakira|laundry service,Shakira,Laundry Service,2001,1,089,core_graph_album,resolved,musicbrainz_ws2,high,109,13,Shakira,Laundry Service,2001-11-13,188260845,2dbd0eff-17ce-34da-83f1-c707a199bc1e,46f25a39-1630-4bed-8b5c-5aef1e464757,https://musicbrainz.org/release/46f25a39-1630-4bed-8b5c-5aef1e464757,
album|sham 69|tell us the truth,Sham 69,Tell Us the Truth,1978,1,053,core_graph_album,resolved,musicbrainz_ws2,high,109,13,Sham 69,Tell Us the Truth,1978-02-18,,bbbe5294-c352-33fa-bfa7-f00e230f09ad,a0036f88-c1d5-3de6-9671-58cab8d62687,https://musicbrainz.org/release/a0036f88-c1d5-3de6-9671-58cab8d62687,
album|shame|drunk tank pink,Shame,Drunk Tank Pink,2021,1,115,core_graph_album,resolved,musicbrainz_ws2,high,109,22,shame,Drunk Tank Pink,2021-01-15,1592384021,e9500fdb-b6a0-4817-be83-b276cd4bab68,a4256433-b4f6-4519-8067-48d1067c9446,https://musicbrainz.org/release/a4256433-b4f6-4519-8067-48d1067c9446,
album|shame|food for worms,Shame,Food for Worms,2023,1,115,core_graph_album,resolved,musicbrainz_ws2,high,109,10,shame,Food for Worms,2023-02-24,1650840060,0b02fd48-beb8-4918-8f96-8dd44da9cc7d,7dc09f4b-52bb-4592-9fd8-ca5a2c3786c7,https://musicbrainz.org/release/7dc09f4b-52bb-4592-9fd8-ca5a2c3786c7,
album|shangri las|20th century masters the millennium collection the best of the shangri las,The Shangri-Las,20th Century Masters - The Millennium Collection: The Best of The Shangri-Las,2002,1,005,core_graph_album,resolved,apple_itunes_search_api,medium,100,12,The Shangri-Las,20th Century Masters - The Millennium Collection: The Best of The Shangri-Las,2002-01-01,1444000328,,,https://music.apple.com/us/album/20th-century-masters-the-millennium-collection-the/1444000328?uo=4,manual_apple_override;manual_apple_override_confidence_medium
album|shania twain|come on over,Shania Twain,Come On Over,1997,2,033;113,core_graph_album;false_nearby_candidate,resolved,musicbrainz_ws2,high,109,16,Shania Twain,Come On Over,1997,1445668706,45bcf3e0-a274-3bdd-9130-299a5ef780ea,58607e6d-b997-4a7b-9ad3-c9bf61cdef64,https://musicbrainz.org/release/58607e6d-b997-4a7b-9ad3-c9bf61cdef64,
album|shania twain|woman in me,Shania Twain,The Woman in Me,1995,1,033,core_graph_album,resolved,musicbrainz_ws2,high,109,12,Shania Twain,The Woman In Me,1995,1440867115,6f381dd5-4fb0-3ae1-8742-c0100466b535,1f74b0fd-a9b3-4fc6-991a-053698773a60,https://musicbrainz.org/release/1f74b0fd-a9b3-4fc6-991a-053698773a60,
album|sharon van etten|remind me tomorrow,Sharon Van Etten,Remind Me Tomorrow,2019,1,116,core_graph_album,resolved,musicbrainz_ws2,high,109,10,Sharon Van Etten,Remind Me Tomorrow,2019-01-18,1436857685,62cc7255-7e38-4214-badc-ce418a805414,3bb5842c-b1b6-4a1a-980a-609c4916c6ac,https://musicbrainz.org/release/3bb5842c-b1b6-4a1a-980a-609c4916c6ac,
album|shawn colvin|a few small repairs,Shawn Colvin,A Few Small Repairs,1996,1,029,core_graph_album,resolved,musicbrainz_ws2,high,109,12,Shawn Colvin,A Few Small Repairs,1996-10-01,192858395,6f5df0b4-b726-3ca0-b789-383b7ff5781d,64e8c9e5-3f0a-4b85-9a8b-1c4521563c5d,https://musicbrainz.org/release/64e8c9e5-3f0a-4b85-9a8b-1c4521563c5d,
album|she wants revenge|she wants revenge,She Wants Revenge,She Wants Revenge,2006,1,080,core_graph_album,resolved,musicbrainz_ws2,high,109,14,She Wants Revenge,She Wants Revenge,2006-01-31,1444219951,4693c538-9ca4-3fef-8594-3a22954d71c9,86427535-9abb-4681-8c88-5c651e55d62a,https://musicbrainz.org/release/86427535-9abb-4681-8c88-5c651e55d62a,
album|shellac|at action park,Shellac,At Action Park,1994,1,060,core_graph_album,resolved,musicbrainz_ws2,high,109,10,Shellac,At Action Park,1994-10-24,1121357303,9c3d1af0-c350-32e7-b0f8-556826929a4f,13cb27a3-a149-4aa3-93e3-47b2cc6e0ab7,https://musicbrainz.org/release/13cb27a3-a149-4aa3-93e3-47b2cc6e0ab7,
album|shellac|terraform,Shellac,Terraform,1998,1,060,core_graph_album,resolved,musicbrainz_ws2,high,109,8,Shellac,Terraform,1998-05-19,1120039345,d90e4737-9860-3d65-bf99-15018258cce7,0730eb5d-b0e1-4458-bc21-498783e5eb4e,https://musicbrainz.org/release/0730eb5d-b0e1-4458-bc21-498783e5eb4e,
album|sheryl crow|sheryl crow,Sheryl Crow,Sheryl Crow,1996,1,029,core_graph_album,resolved,musicbrainz_ws2,high,109,13,Sheryl Crow,Sheryl Crow,1996,1440920951,04ea2ea1-9ef0-4e57-8866-b2275be3ae21,53e174b4-7adb-4c67-850e-9859e91b240b,https://musicbrainz.org/release/53e174b4-7adb-4c67-850e-9859e91b240b,
album|sheryl crow|tuesday night music club,Sheryl Crow,Tuesday Night Music Club,1993,1,029,core_graph_album,resolved,musicbrainz_ws2,high,109,11,Sheryl Crow,Tuesday Night Music Club,1993,1440918803,0f0ecd4f-1d20-34b9-9f67-5aaa785c7f11,c74f5bbf-d029-40d7-91a1-d57d0e7b984c,https://musicbrainz.org/release/c74f5bbf-d029-40d7-91a1-d57d0e7b984c,
album|shinedown|sound of madness,Shinedown,The Sound of Madness,2008,1,071,core_graph_album,resolved,musicbrainz_ws2,high,109,11,Shinedown,The Sound of Madness,2008-06-23,279812098,28fead46-58a0-3c7b-bc7b-a884bd0e50f9,ad220cf2-f191-486e-b2bf-07194a5f6934,https://musicbrainz.org/release/ad220cf2-f191-486e-b2bf-07194a5f6934,
album|shins|oh inverted world,The Shins,"Oh, Inverted World",2001,1,078,core_graph_album,resolved,musicbrainz_ws2,high,109,11,The Shins,"Oh, Inverted World",2001-06-19,3271807,970604f0-59e8-36d0-922f-0b7459192c9b,2f1b11bf-5dfe-450e-9db9-6b7804dc90eb,https://musicbrainz.org/release/2f1b11bf-5dfe-450e-9db9-6b7804dc90eb,
album|shirelles|baby it s you,The Shirelles,Baby It's You,1962,1,005,core_graph_album,resolved,musicbrainz_ws2,high,109,12,The Shirelles,Baby It’s You,1962,288092836,cad1de82-750a-3342-b0ac-223bec0d48ad,7b247ff5-5109-4abd-84fb-b9fa42586c45,https://musicbrainz.org/release/7b247ff5-5109-4abd-84fb-b9fa42586c45,
album|shirelles|tonight s the night,The Shirelles,Tonight's the Night,1961,1,005,core_graph_album,resolved,musicbrainz_ws2,high,109,12,The Shirelles,Tonight’s the Night,1961,453763532,4cf6b921-e477-351c-9d7b-1503912bf393,3e7540ea-6760-4b35-8580-28dea176b528,https://musicbrainz.org/release/3e7540ea-6760-4b35-8580-28dea176b528,
album|shoes|present tense,Shoes,Present Tense,1979,1,021,core_graph_album,resolved,musicbrainz_ws2,high,109,12,Shoes,Present Tense,1979-09,1513899084,1eecbcab-9144-3f3b-985a-1853e8988137,16c67039-67f4-426d-88c0-00ec5b397dab,https://musicbrainz.org/release/16c67039-67f4-426d-88c0-00ec5b397dab,
album|sia|1000 forms of fear,Sia,1000 Forms of Fear,2014,1,092,core_graph_album,resolved,musicbrainz_ws2,high,109,12,Sia,1000 Forms of Fear,2014-07-08,882945378,5628bc44-c89b-4af6-9b76-f266d09be63c,45205f23-995e-4385-b0e2-8a3aa72e0881,https://musicbrainz.org/release/45205f23-995e-4385-b0e2-8a3aa72e0881,
album|sierra ferrell|long time coming,Sierra Ferrell,Long Time Coming,2021,1,036,core_graph_album,resolved,musicbrainz_ws2,high,109,12,Sierra Ferrell,Long Time Coming,2021-08-20,1565071324,0f02c491-018f-46a8-80b0-9c4c50e9d8a5,1e3f3185-2d4a-4703-a218-aad40946fedf,https://musicbrainz.org/release/1e3f3185-2d4a-4703-a218-aad40946fedf,
album|silver apples|contact,Silver Apples,Contact,1969,1,015,core_graph_album,resolved,musicbrainz_ws2,high,109,9,Silver Apples,Contact,1969,1443519849,10c10d05-2cae-36ca-be85-4b607b84269f,f28cc1cf-f42b-33fc-9339-95ac33df1546,https://musicbrainz.org/release/f28cc1cf-f42b-33fc-9339-95ac33df1546,
album|silver apples|silver apples,Silver Apples,Silver Apples,1968,1,015,boundary_candidate,resolved,musicbrainz_ws2,high,109,9,Silver Apples,Silver Apples,1968,1444073507,ebd73679-91c4-38dc-a698-a80b93a42e1d,eeac6199-7752-4ff7-bbbb-670f938823d5,https://musicbrainz.org/release/eeac6199-7752-4ff7-bbbb-670f938823d5,
album|silver jews|american water,Silver Jews,American Water,1998,1,072,core_graph_album,resolved,musicbrainz_ws2,high,109,12,Silver Jews,American Water,1998-10-20,57937208,ce88168e-fa3f-367f-9d94-d9ed2c8ea8bb,9e2bc600-f54c-4a13-9944-85193f8ae3dc,https://musicbrainz.org/release/9e2bc600-f54c-4a13-9944-85193f8ae3dc,
album|silver jews|natural bridge,Silver Jews,The Natural Bridge,1996,1,072,core_graph_album,resolved,musicbrainz_ws2,high,109,10,Silver Jews,The Natural Bridge,1996-10-01,57936804,675f2971-7de2-3fdc-a73e-f0516587ee99,cee29577-6f01-3a8e-8efd-a3baf1dafc6c,https://musicbrainz.org/release/cee29577-6f01-3a8e-8efd-a3baf1dafc6c,
album|silverchair|frogstomp,Silverchair,Frogstomp,1995,1,070,core_graph_album,resolved,musicbrainz_ws2,high,109,11,Silverchair,Frogstomp,1995-06-20,977669545,51006b33-e0b6-33c0-958c-becd513d3a4f,011abd0f-0162-376e-9030-7fb3e4abe7b3,https://musicbrainz.org/release/011abd0f-0162-376e-9030-7fb3e4abe7b3,
album|simon and garfunkel|bookends,Simon & Garfunkel,Bookends,1968,1,010,core_graph_album,resolved,musicbrainz_ws2,high,109,12,Simon & Garfunkel,Bookends,1968,203303421,f4a26672-dcd8-342d-ad09-2b612d91c9fb,5afaf71d-6714-4d19-a91b-ebd5e16f1d2a,https://musicbrainz.org/release/5afaf71d-6714-4d19-a91b-ebd5e16f1d2a,
album|simon and garfunkel|parsley sage rosemary and thyme,Simon & Garfunkel,"Parsley, Sage, Rosemary and Thyme",1966,1,010,core_graph_album,resolved,musicbrainz_ws2,high,109,12,Simon and Garfunkel,"Parsley, Sage, Rosemary and Thyme",1966,1467438660,1e9428ef-9c74-3bb8-8b14-e53defab3b48,5ff648b3-70d1-4de2-a414-b27d956ec16b,https://musicbrainz.org/release/5ff648b3-70d1-4de2-a414-b27d956ec16b,
album|simon and garfunkel|sounds of silence,Simon & Garfunkel,Sounds of Silence,1966,1,010,core_graph_album,resolved,musicbrainz_ws2,high,109,11,Simon & Garfunkel,Sounds of Silence,1966-01-17,192480256,499a8142-b8a7-3ab1-a3db-641a41860afb,1dc95fa4-3416-4fe8-bd71-c4587850693f,https://musicbrainz.org/release/1dc95fa4-3416-4fe8-bd71-c4587850693f,
album|simple plan|no pads no helmets just balls,Simple Plan,"No Pads, No Helmets...Just Balls",2002,1,076,core_graph_album,resolved,musicbrainz_ws2,high,109,19,Simple Plan,"No Pads, No Helmets…Just Balls",2002-11-19,1355149359,918e4df1-d1c3-33d1-805a-1228f9c684db,3857e9a4-8d28-4e2b-a431-640d56488878,https://musicbrainz.org/release/3857e9a4-8d28-4e2b-a431-640d56488878,
album|simple plan|still not getting any,Simple Plan,Still Not Getting Any...,2004,1,076,core_graph_album,resolved,musicbrainz_ws2,high,109,11,Simple Plan,Still Not Getting Any…,2004-10-26,27295864,9faf48d0-02e7-310d-8765-035832859951,7f2b1ccf-293c-457f-b826-eb571f1bfda9,https://musicbrainz.org/release/7f2b1ccf-293c-457f-b826-eb571f1bfda9,
album|siouxsie and the banshees|juju,Siouxsie and the Banshees,Juju,1981,1,056,core_graph_album,resolved,musicbrainz_ws2,high,109,12,Siouxsie and the Banshees,Juju,1981,1440764567,844bfb05-2b51-35e2-8063-1c8e6746c781,1a53aaee-7c38-4531-94f0-5b40fb99562a,https://musicbrainz.org/release/1a53aaee-7c38-4531-94f0-5b40fb99562a,
album|sister rosetta tharpe|gospel train,Sister Rosetta Tharpe,Gospel Train,1956,2,001;108,context_candidate;core_graph_album,resolved,musicbrainz_ws2,high,109,12,Sister Rosetta Tharpe,Gospel Train,1956-12-15,1442449575,7844500a-f161-3fcc-969a-20db5492bba4,e7f82cb8-ff58-4346-9171-08d2817dd580,https://musicbrainz.org/release/e7f82cb8-ff58-4346-9171-08d2817dd580,
album|sister sledge|we are family,Sister Sledge,We Are Family,1979,1,040,core_graph_album,resolved,musicbrainz_ws2,high,109,8,Sister Sledge,We Are Family,1979-01-24,1691509912,acb1aa80-3ede-3a65-a862-5b0730c92607,4b4b26f7-7e2f-4029-94bd-8a94ebf79eff,https://musicbrainz.org/release/4b4b26f7-7e2f-4029-94bd-8a94ebf79eff,
album|sisters of mercy|floodland,The Sisters of Mercy,Floodland,1987,1,056,core_graph_album,resolved,musicbrainz_ws2,high,109,8,The Sisters of Mercy,Floodland,1987-11,1027459890,d1ae968e-ed20-35a2-9741-17f82e20bd28,cf2cbb78-ede0-3cb0-8713-2e548793aac9,https://musicbrainz.org/release/cf2cbb78-ede0-3cb0-8713-2e548793aac9,
album|skid row|skid row,Skid Row,Skid Row,1989,1,063,core_graph_album,resolved,musicbrainz_ws2,high,109,11,Skid Row,Skid Row,1989-01-24,1727790222,1c5d2671-9d87-3606-a7c3-0aa73c970644,1c9bc0f1-13fc-4c0c-9a15-a963ae8299a2,https://musicbrainz.org/release/1c9bc0f1-13fc-4c0c-9a15-a963ae8299a2,
album|skid row|slave to the grind,Skid Row,Slave to the Grind,1991,1,063,core_graph_album,resolved,musicbrainz_ws2,high,109,12,Skid Row,Slave to the Grind,1991-06-11,1727313193,dbf64d90-6f91-3470-aab6-fa51e5e463b4,14324e3c-03c6-4a83-80e6-4fa4172e8d52,https://musicbrainz.org/release/14324e3c-03c6-4a83-80e6-4fa4172e8d52,
album|skillet|awake,Skillet,Awake,2009,1,109,false_nearby_candidate,resolved,musicbrainz_ws2,high,109,12,Skillet,Awake,2009-08-25,668404134,f2b45cd0-d840-4723-b503-30c56e4a56f3,62b1e7cc-e044-43fd-adc1-12bf621c10fb,https://musicbrainz.org/release/62b1e7cc-e044-43fd-adc1-12bf621c10fb,
album|skinny puppy|too dark park,Skinny Puppy,Too Dark Park,1990,1,065,core_graph_album,resolved,musicbrainz_ws2,high,109,10,Skinny Puppy,Too Dark Park,1990-10-25,306598331,221210be-2b02-3124-af6c-37ed64859182,15e4812d-cf67-43a0-8888-e254062f12ef,https://musicbrainz.org/release/15e4812d-cf67-43a0-8888-e254062f12ef,
album|skrillex|scary monsters and nice sprites,Skrillex,Scary Monsters and Nice Sprites,2010,1,083,core_graph_album,resolved,musicbrainz_ws2,high,104,9,Skrillex,Scary Monsters and Nice Sprites,2010,409001929,00fadf59-fe44-4585-8361-7e420673fbed,92966a46-5e93-4466-8cf2-7ed748ee9368,https://musicbrainz.org/release/92966a46-5e93-4466-8cf2-7ed748ee9368,
album|slayer|reign in blood,Slayer,Reign in Blood,1986,1,062,core_graph_album,resolved,musicbrainz_ws2,high,109,10,Slayer,Reign in Blood,1987-07,1733768895,dbf1b3c0-1efb-4e5f-9fe1-4c42b144aa24,dda9498c-e20c-4986-9e5f-905059457cda,https://musicbrainz.org/release/dda9498c-e20c-4986-9e5f-905059457cda,
album|slayer|seasons in the abyss,Slayer,Seasons in the Abyss,1990,1,062,core_graph_album,resolved,musicbrainz_ws2,high,109,10,Slayer,Seasons in the Abyss,1990-10-09,1440920134,27e49c6a-c0c6-3e76-b020-e48f4204ac6a,9dca4aec-6e5c-40c6-a750-b36cf3f4af68,https://musicbrainz.org/release/9dca4aec-6e5c-40c6-a750-b36cf3f4af68,
album|slayyyter|starfucker,Slayyyter,STARFUCKER,2023,1,119,core_graph_album,resolved,musicbrainz_ws2,high,109,12,Slayyyter,STARFUCKER,2023-09-22,1895050878,360147b4-ca02-427d-b07a-a37b40084ec0,7ef50b0e-0b19-497f-9c88-5f8f31036190,https://musicbrainz.org/release/7ef50b0e-0b19-497f-9c88-5f8f31036190,
album|slayyyter|troubled paradise,Slayyyter,Troubled Paradise,2021,1,119,core_graph_album,resolved,musicbrainz_ws2,high,109,12,Slayyyter,Troubled Paradise,2021-11-22,1895050495,1cc42740-217d-44b0-9c45-189a5a68680a,24bc0429-b0f6-490a-abe1-81bc4855cc65,https://musicbrainz.org/release/24bc0429-b0f6-490a-abe1-81bc4855cc65,
album|sleater kinney|call the doctor,Sleater-Kinney,Call the Doctor,1996,1,074,core_graph_album,resolved,musicbrainz_ws2,high,109,12,Sleater‐Kinney,Call the Doctor,1996-03-25,906073870,3da3cb84-2196-34bf-a67b-f9e4ee22ae76,3ba90142-0a08-4100-aff6-e2ac5c645fdf,https://musicbrainz.org/release/3ba90142-0a08-4100-aff6-e2ac5c645fdf,
album|sleater kinney|dig me out,Sleater-Kinney,Dig Me Out,1997,1,074,core_graph_album,resolved,musicbrainz_ws2,high,109,13,Sleater‐Kinney,Dig Me Out,1997-04-08,906136610,209b45b7-8b2f-3e07-b194-efff9cde80dd,d3bca172-fa17-4f55-8011-0a2851e59d19,https://musicbrainz.org/release/d3bca172-fa17-4f55-8011-0a2851e59d19,
album|sleep token|take me back to eden,Sleep Token,Take Me Back to Eden,2023,2,067;118,boundary_candidate;core_graph_album,resolved,musicbrainz_ws2,high,109,12,Sleep Token,Take Me Back to Eden,2023-05-19,1669567703,cffd54b1-1ce7-4a99-a0a9-3947a08137df,35a8f4b1-e589-404b-a42c-0440876de169,https://musicbrainz.org/release/35a8f4b1-e589-404b-a42c-0440876de169,
album|sleep|dopesmoker,Sleep,Dopesmoker,2003,1,064,core_graph_album,resolved,musicbrainz_ws2,high,109,2,Sleep,Dopesmoker,2003-04-23,1854884359,481b2458-b722-47af-88fd-80e9496afe28,68db5d9e-f7b9-41e4-a698-79602ec89d6e,https://musicbrainz.org/release/68db5d9e-f7b9-41e4-a698-79602ec89d6e,
album|sleep|sleep s holy mountain,Sleep,Sleep's Holy Mountain,1992,1,064,core_graph_album,resolved,musicbrainz_ws2,high,109,9,Sleep,Sleep’s Holy Mountain,1993-03,43359181,8fef03e2-e48d-3d09-a324-e39056eb2575,22745bd9-29eb-45bf-a058-94b8770995fd,https://musicbrainz.org/release/22745bd9-29eb-45bf-a058-94b8770995fd,
album|sleepy fish|beneath your waves,Sleepy Fish,Beneath Your Waves,2018,1,120,core_graph_album,resolved,musicbrainz_ws2,high,103,10,sleepy fish,Beneath Your Waves,2020-02-19,1513592074,467e2aa0-3de0-427d-8187-bd11b54bef68,0d40f89b-c3c4-4cb5-98c5-b3168d4356f8,https://musicbrainz.org/release/0d40f89b-c3c4-4cb5-98c5-b3168d4356f8,
album|slick rick|great adventures of slick rick,Slick Rick,The Great Adventures of Slick Rick,1988,1,045,core_graph_album,resolved,musicbrainz_ws2,high,109,12,Slick Rick,The Great Adventures of Slick Rick,1988,1440834648,5e1625ea-ae7a-3e8d-b77f-54f83be2c2e1,44eb139f-abd1-4c92-8b2d-29b416c0315b,https://musicbrainz.org/release/44eb139f-abd1-4c92-8b2d-29b416c0315b,
album|slint|spiderland,Slint,Spiderland,1991,1,060,boundary_candidate,resolved,musicbrainz_ws2,high,109,7,Slint,Spiderland,1991-03-15,295785324,e9f4b96a-94df-36be-9659-c9a811caead6,2c8cba8b-a80a-4d7f-9a7f-22c922f1a42e,https://musicbrainz.org/release/2c8cba8b-a80a-4d7f-9a7f-22c922f1a42e,
album|slipknot|iowa,Slipknot,Iowa,2001,1,066,core_graph_album,resolved,musicbrainz_ws2,high,109,14,Slipknot,Iowa,2001-08-28,927744704,082c68eb-d993-36cf-9b32-6663cba2d052,287f64bd-078c-40be-bf82-3eeef3cde849,https://musicbrainz.org/release/287f64bd-078c-40be-bf82-3eeef3cde849,
album|slipknot|slipknot,Slipknot,Slipknot,1999,1,066,core_graph_album,resolved,musicbrainz_ws2,high,109,15,Slipknot,Slipknot,1999-06-29,927731469,5140eef4-5b5d-309c-a3aa-5c5da107b1da,be999f7c-9a46-47b9-bd24-fc0b917e8050,https://musicbrainz.org/release/be999f7c-9a46-47b9-bd24-fc0b917e8050,
album|sloan|one chord to another,Sloan,One Chord to Another,1996,1,075,core_graph_album,resolved,musicbrainz_ws2,high,109,12,Sloan,One Chord to Another,1997-03-11,347711625,e287bfbe-f6da-31f8-b7b2-2c1db4fbbeff,2b20b534-be4f-396d-8cd6-b198eb98117e,https://musicbrainz.org/release/2b20b534-be4f-396d-8cd6-b198eb98117e,
album|sloan|twice removed,Sloan,Twice Removed,1994,1,075,core_graph_album,resolved,musicbrainz_ws2,high,109,12,Sloan,Twice Removed,1994-08-30,347870766,4a4c7fbf-14f9-3611-9526-0167213aa633,7e7eacd6-d046-47e0-9999-1a51a3934afd,https://musicbrainz.org/release/7e7eacd6-d046-47e0-9999-1a51a3934afd,
album|slowdive|souvlaki,Slowdive,Souvlaki,1993,1,073,core_graph_album,resolved,musicbrainz_ws2,high,109,19,Slowdive,Souvlaki,1994-02-08,399211729,46482030-ef12-319c-9c5a-5d04c39d574b,07d02411-6722-4071-8130-14fb8512288a,https://musicbrainz.org/release/07d02411-6722-4071-8130-14fb8512288a,
album|sly and the family stone|stand,Sly & the Family Stone,Stand!,1969,1,039,core_graph_album,resolved,musicbrainz_ws2,high,109,13,Sly and the Family Stone,Stand!,1969-04,216551517,86871123-60e4-30a5-aae3-36e810e0964b,0425074d-a3e9-4b4c-ba0e-de34f15384a9,https://musicbrainz.org/release/0425074d-a3e9-4b4c-ba0e-de34f15384a9,
album|sly and the family stone|there s a riot goin on,Sly & the Family Stone,There's a Riot Goin' On,1971,1,039,core_graph_album,resolved,musicbrainz_ws2,high,109,12,Sly & the Family Stone,There’s a Riot Goin’ On,1971-11,1501778712,d8b8448a-2634-3e92-ac86-cf55e018f825,f515129c-e02b-4ff6-af1a-aa8e1a081ea8,https://musicbrainz.org/release/f515129c-e02b-4ff6-af1a-aa8e1a081ea8,
album|small faces|ogdens nut gone flake,Small Faces,Ogdens' Nut Gone Flake,1968,1,013,core_graph_album,resolved,musicbrainz_ws2,high,109,7,Small Faces,Ogdens’ Nut Gone Flake,1968-06,323024349,1c8d49cc-bcb0-3539-af12-26de5c4573fa,20c66eb1-1d33-490e-b73c-fbdc9437512b,https://musicbrainz.org/release/20c66eb1-1d33-490e-b73c-fbdc9437512b,
album|smashing pumpkins|siamese dream,Smashing Pumpkins,Siamese Dream,1993,1,070,core_graph_album,resolved,musicbrainz_ws2,high,109,13,Smashing Pumpkins,Siamese Dream,1993-07-27,721207206,a159e102-18bb-42ca-a59e-5f96a7eff241,7541b88f-aad6-4b46-aa0c-26f4e64ec39c,https://musicbrainz.org/release/7541b88f-aad6-4b46-aa0c-26f4e64ec39c,
album|smiths|queen is dead,The Smiths,The Queen Is Dead,1986,2,059;069,core_graph_album,resolved,musicbrainz_ws2,high,109,10,The Smiths,The Queen Is Dead,1986-06-23,800092985,d8dde278-482c-3cc8-a530-fea70476f3a5,2f3eb520-4126-40a7-9089-6876a2c45b67,https://musicbrainz.org/release/2f3eb520-4126-40a7-9089-6876a2c45b67,
album|smokey robinson and the miracles|hi we re the miracles,Smokey Robinson and the Miracles,Hi! We're the Miracles,1961,1,006,core_graph_album,resolved,musicbrainz_ws2,low,81,11,Smokey Robinson & The Miracles,"Hi, We're The Miracles / Cookin' With The Miracles",2013,1444086503,fa02be42-6fc3-4212-ad2d-57d405c23fd8,31359f2e-8b00-40d6-aaf3-bf85844dba14,https://musicbrainz.org/release/31359f2e-8b00-40d6-aaf3-bf85844dba14,selected_release_year_far_from_seed_year
album|smokey robinson|a quiet storm,Smokey Robinson,A Quiet Storm,1975,1,041,core_graph_album,resolved,musicbrainz_ws2,high,109,7,Smokey Robinson,A Quiet Storm,1975-03-26,1469581795,21432729-acb0-3b48-94b2-1df56176ea6a,8ab044b9-bc8b-42c3-bf4a-627c7097a3ba,https://musicbrainz.org/release/8ab044b9-bc8b-42c3-bf4a-627c7097a3ba,
album|snoop dogg|doggystyle,Snoop Dogg,Doggystyle,1993,1,047,core_graph_album,resolved,musicbrainz_ws2,low,85,13,Snoop Dogg,What's My Name (Doggystyle Reloaded),,1676306182,5e3396b3-6b0b-48ba-96b2-378e35ae8557,7b3666f0-f60a-4753-8d5b-0f40f3ebefd0,https://musicbrainz.org/release/7b3666f0-f60a-4753-8d5b-0f40f3ebefd0,
album|snow patrol|eyes open,Snow Patrol,Eyes Open,2006,1,092,core_graph_album,resolved,musicbrainz_ws2,high,109,11,Snow Patrol,Eyes Open,2006-05-09,1442491560,2d53108e-17c3-37cd-864a-319440ce6a21,b66e5d30-6257-4148-993b-4c1ba2656e6a,https://musicbrainz.org/release/b66e5d30-6257-4148-993b-4c1ba2656e6a,
album|soccer mommy|clean,Soccer Mommy,Clean,2018,1,116,core_graph_album,resolved,musicbrainz_ws2,high,109,10,Soccer Mommy,Clean,2018-03-02,1324319630,edf9aacf-ba73-4eef-a83c-83a7a3225fa8,6b94dabe-08de-4f7d-8a0f-474a50ca89c7,https://musicbrainz.org/release/6b94dabe-08de-4f7d-8a0f-474a50ca89c7,
album|social distortion|social distortion,Social Distortion,Social Distortion,1990,1,076,core_graph_album,resolved,musicbrainz_ws2,high,109,10,Social Distortion,Social Distortion,1990-03-27,197984051,c4a2af67-1561-3b1b-ba7f-85515f1f9ef7,936c2ea1-3cc6-4965-a722-effb4c531059,https://musicbrainz.org/release/936c2ea1-3cc6-4965-a722-effb4c531059,
album|sodom|agent orange,Sodom,Agent Orange,1989,1,062,core_graph_album,resolved,musicbrainz_ws2,high,109,15,Sodom,Agent Orange,1989,1675512622,bfdb97ce-02a2-31de-8a95-43664d771d4c,a697908e-0faf-4972-a866-0d2420c87eb6,https://musicbrainz.org/release/a697908e-0faf-4972-a866-0d2420c87eb6,
album|soft cell|non stop erotic cabaret,Soft Cell,Non-Stop Erotic Cabaret,1981,1,058,core_graph_album,resolved,musicbrainz_ws2,high,109,12,Soft Cell,Non-Stop Erotic Cabaret,1981-12,1444125350,e5bc1607-7947-3044-8558-6b4eae334c51,84b058bd-2a65-45e0-b9c1-8e599696f30b,https://musicbrainz.org/release/84b058bd-2a65-45e0-b9c1-8e599696f30b,
album|soft machine|soft machine,Soft Machine,The Soft Machine,1968,1,015,boundary_candidate,resolved,musicbrainz_ws2,high,109,13,Soft Machine,The Soft Machine,1968-12,1443939420,18e4c035-21e5-34da-8394-324b20d09d45,e9e23591-1ceb-4a69-b687-4158ddbfd824,https://musicbrainz.org/release/e9e23591-1ceb-4a69-b687-4158ddbfd824,
album|soft machine|volume two,Soft Machine,Volume Two,1969,1,015,core_graph_album,resolved,musicbrainz_ws2,high,109,17,Soft Machine,Volume Two,1969-04,1442442602,dfe2d355-73da-3b69-a4c5-86d27773d486,fe1de709-806b-3c01-bd05-230e0d44d88d,https://musicbrainz.org/release/fe1de709-806b-3c01-bd05-230e0d44d88d,
album|solange|a seat at the table,Solange,A Seat at the Table,2016,1,044,core_graph_album,resolved,musicbrainz_ws2,high,109,21,Solange,A Seat at the Table,2016-09-30,1159507212,331a7ba1-fae2-4881-b434-554f46c13746,3e3c90cd-0c0c-4beb-8f7b-b95a076c89eb,https://musicbrainz.org/release/3e3c90cd-0c0c-4beb-8f7b-b95a076c89eb,
album|solange|when i get home,Solange,When I Get Home,2019,1,044,core_graph_album,resolved,musicbrainz_ws2,high,109,19,Solange,When I Get Home,2019-03-01,1454595364,3ec17787-1d35-4d05-ac06-5294c99a8d4e,d8a54dea-12d4-48db-b2a4-12ed29a1c4f6,https://musicbrainz.org/release/d8a54dea-12d4-48db-b2a4-12ed29a1c4f6,
album|solomon burke|rock n soul,Solomon Burke,Rock 'n Soul,1964,1,006,core_graph_album,resolved,musicbrainz_ws2,high,109,12,Solomon Burke,Rock ’n Soul,1964,530966861,57e22d34-0274-38f4-8036-6f98cb5a32d4,0d3eeafb-0cf2-4248-ba36-2dcd23613730,https://musicbrainz.org/release/0d3eeafb-0cf2-4248-ba36-2dcd23613730,
album|son volt|straightaways,Son Volt,Straightaways,1997,1,028,core_graph_album,resolved,musicbrainz_ws2,high,109,10,Son Volt,Straightaways,1997-04-22,302191025,158f85b0-7707-318c-ae3e-bde16ee6322c,55cfbe38-25f0-4ad3-8439-22deacf2c60f,https://musicbrainz.org/release/55cfbe38-25f0-4ad3-8439-22deacf2c60f,
album|son volt|trace,Son Volt,Trace,1995,1,028,core_graph_album,resolved,musicbrainz_ws2,high,109,11,Son Volt,Trace,1995-09-19,1050409948,ca7754fe-49ea-3429-a4ee-eed1b88e926e,1817e00f-5e6b-4ce8-851d-a86beadcf4c4,https://musicbrainz.org/release/1817e00f-5e6b-4ce8-851d-a86beadcf4c4,
album|songs ohia|didn t it rain,Songs: Ohia,Didn't It Rain,2002,1,028,boundary_candidate,resolved,musicbrainz_ws2,high,109,15,Songs: Ohia,Didn’t It Rain,2002-03-05,911806851,fd435442-6808-3d84-a7fa-093d5d2004d5,6447880c-72c1-4d13-a253-7f96c0db56ad,https://musicbrainz.org/release/6447880c-72c1-4d13-a253-7f96c0db56ad,
album|sonic youth|daydream nation,Sonic Youth,Daydream Nation,1988,2,059;069,boundary_candidate;core_graph_album,resolved,musicbrainz_ws2,high,109,14,Sonic Youth,Daydream Nation,1988-10,520504308,24769a99-8189-3d8c-947e-dbc8574dad5c,3e45d49c-fd4e-3075-a425-ceb27df91e3e,https://musicbrainz.org/release/3e45d49c-fd4e-3075-a425-ceb27df91e3e,
album|sonic youth|sister,Sonic Youth,Sister,1987,1,059,core_graph_album,resolved,musicbrainz_ws2,high,109,11,Sonic Youth,Sister,1987-06,520274588,e4256ddc-fa26-3e7f-933b-4de77b05f519,ca16e36d-fa43-4b49-8c71-d98bd70b341f,https://musicbrainz.org/release/ca16e36d-fa43-4b49-8c71-d98bd70b341f,
album|sonics|boom,The Sonics,Boom,1966,1,011,core_graph_album,resolved,musicbrainz_ws2,high,109,12,The Sonics,Boom,1966,626202316,b3139f76-4fd3-330b-88ee-ab74a9d702b8,a6e36357-8bdc-4082-a39b-7221cf3d81c7,https://musicbrainz.org/release/a6e36357-8bdc-4082-a39b-7221cf3d81c7,
album|sonics|here are the sonics,The Sonics,Here Are The Sonics,1965,2,002;011,boundary_candidate;core_graph_album,resolved,musicbrainz_ws2,high,109,12,The Sonics,Here Are the Sonics,1965,626208502,d03da025-4f5b-35fc-9add-cbdb583ba516,8a362e44-b114-41a6-931f-59cda01946cc,https://musicbrainz.org/release/8a362e44-b114-41a6-931f-59cda01946cc,
album|sonny rollins|saxophone colossus,Sonny Rollins,Saxophone Colossus,1956,1,101,core_graph_album,resolved,musicbrainz_ws2,high,106,5,Sonny Rollins,Saxophone Colossus,1957-04-27,1440737584,cf29d6a2-a18a-3bb6-a861-495148baee1f,e29d9fea-4e28-412f-8b92-93b67bcd4f85,https://musicbrainz.org/release/e29d9fea-4e28-412f-8b92-93b67bcd4f85,
album|sophie|oil of every pearl s un insides,SOPHIE,Oil of Every Pearl's Un-Insides,2018,2,087;119,core_graph_album,resolved,musicbrainz_ws2,high,109,9,SOPHIE,OIL OF EVERY PEARL’S UN‐INSIDES,2018-06-15,1709023350,e11aa3a6-9820-483c-98f8-603b5823178b,2b94a5d9-e61d-43a3-bd82-bd3412c1384c,https://musicbrainz.org/release/2b94a5d9-e61d-43a3-bd82-bd3412c1384c,
album|soulwax|nite versions,Soulwax,Nite Versions,2005,1,085,core_graph_album,resolved,musicbrainz_ws2,high,109,10,Soulwax,Nite Versions,2005,80291470,956c74fb-430a-3b35-a8a9-68319d3bee2d,fc98f4d7-2c06-347d-8566-f055b42fc14d,https://musicbrainz.org/release/fc98f4d7-2c06-347d-8566-f055b42fc14d,
album|sound|from the lions mouth,The Sound,From the Lions Mouth,1981,1,056,core_graph_album,resolved,musicbrainz_ws2,high,109,10,The Sound,From the Lions Mouth,1981-11,544910200,136274f0-7d87-34f4-9a99-871b70ebde47,7e5eceae-6f66-42d7-8f1c-65ba0bad52e6,https://musicbrainz.org/release/7e5eceae-6f66-42d7-8f1c-65ba0bad52e6,
album|sound|jeopardy,The Sound,Jeopardy,1980,1,056,core_graph_album,resolved,musicbrainz_ws2,high,109,11,The Sound,Jeopardy,1980,544910472,ae0f7b78-3dce-3157-8dd5-a82251dcf8ef,8bae24ee-c083-416f-86d4-083cd21bd15d,https://musicbrainz.org/release/8bae24ee-c083-416f-86d4-083cd21bd15d,
album|soundgarden|badmotorfinger,Soundgarden,Badmotorfinger,1991,1,070,core_graph_album,resolved,musicbrainz_ws2,high,109,12,Soundgarden,Badmotorfinger,1991-10-08,1440890539,85766188-9484-333e-b8ae-a5cab5e5167b,051dea09-f756-4984-a3ea-b31df63e42ab,https://musicbrainz.org/release/051dea09-f756-4984-a3ea-b31df63e42ab,
album|soundgarden|louder than love,Soundgarden,Louder Than Love,1989,1,070,core_graph_album,resolved,musicbrainz_ws2,high,109,12,Soundgarden,Louder Than Love,1989-09-05,1440869180,e0c68e83-bc36-3146-af81-7d595e146b14,f052f552-46bf-41c8-87a3-905f05e958af,https://musicbrainz.org/release/f052f552-46bf-41c8-87a3-905f05e958af,
album|soundgarden|superunknown,Soundgarden,Superunknown,1994,1,070,core_graph_album,resolved,musicbrainz_ws2,high,109,15,Soundgarden,Superunknown,1994-03-08,1440811129,8300fe9c-0022-3c55-8a3e-8dc61f282e8c,53e70778-6771-4674-8933-9438b4528dd8,https://musicbrainz.org/release/53e70778-6771-4674-8933-9438b4528dd8,
album|sparks|kimono my house,Sparks,Kimono My House,1974,1,020,core_graph_album,resolved,musicbrainz_ws2,high,109,13,Sparks,Kimono My House,1974,1443750483,0539b843-2228-36f5-965d-f370d05f66c3,97fc57c5-1c42-4db6-88ac-95c96a6e0051,https://musicbrainz.org/release/97fc57c5-1c42-4db6-88ac-95c96a6e0051,
album|spice girls|spice,Spice Girls,Spice,1996,1,089,core_graph_album,resolved,musicbrainz_ws2,high,109,10,Spice Girls,Spice,1996-11-04,723398173,4180845c-8700-3fda-af8f-0b9f3a932009,11f89a03-558a-36c9-a192-34bc8f4873aa,https://musicbrainz.org/release/11f89a03-558a-36c9-a192-34bc8f4873aa,
album|spirit|spirit,Spirit,Spirit,1968,1,014,core_graph_album,resolved,musicbrainz_ws2,high,109,15,Spirit,Spirit,1968-04,157537585,9ae95886-c764-3bc6-ae1a-514d183641c7,c829b965-2826-4ff1-b627-d21a383e734a,https://musicbrainz.org/release/c829b965-2826-4ff1-b627-d21a383e734a,
album|spiritbox|eternal blue,Spiritbox,Eternal Blue,2021,1,067,core_graph_album,resolved,musicbrainz_ws2,high,109,12,Spiritbox,Eternal Blue,2021-09-17,1584622643,68ee0e21-a7c2-467d-8808-fd38fec2ffb8,90ba6719-c921-4a6b-aa89-9a6f4d90b5fe,https://musicbrainz.org/release/90ba6719-c921-4a6b-aa89-9a6f4d90b5fe,
album|spiritbox|fear of fear,Spiritbox,The Fear of Fear,2023,1,118,core_graph_album,resolved,musicbrainz_ws2,high,104,6,Spiritbox,The Fear of Fear,2023-11-03,1705903383,d96ba73d-d748-4d44-93c5-b496e54e04c7,d2ad1d3f-9f5f-4e34-924f-6c834ad0892c,https://musicbrainz.org/release/d2ad1d3f-9f5f-4e34-924f-6c834ad0892c,
album|split enz|true colours,Split Enz,True Colours,1980,1,057,core_graph_album,resolved,musicbrainz_ws2,high,109,11,Split Enz,True Colours,1980,1494504041,8a18ff76-747f-34a1-a8b7-cd059cc6d7ce,c52e779a-9469-4c99-9f29-73091b6c8f03,https://musicbrainz.org/release/c52e779a-9469-4c99-9f29-73091b6c8f03,
album|spoon|kill the moonlight,Spoon,Kill the Moonlight,2002,1,078,core_graph_album,resolved,musicbrainz_ws2,high,109,12,Spoon,Kill the Moonlight,2002-08-20,1589224458,f40ad871-3f38-38e7-a78a-3dcf01d8ded7,e5764149-c843-4ba6-a42b-334890f2d202,https://musicbrainz.org/release/e5764149-c843-4ba6-a42b-334890f2d202,
album|spyro gyra|morning dance,Spyro Gyra,Morning Dance,1979,1,102,core_graph_album,resolved,musicbrainz_ws2,high,109,9,Spyro Gyra,Morning Dance,1979,1605184222,06f243e4-a477-3865-a5db-dcf101ed228c,31d70d6c-f2bd-4a1e-8d24-0e97dbbbfad3,https://musicbrainz.org/release/31d70d6c-f2bd-4a1e-8d24-0e97dbbbfad3,
album|squid|bright green field,Squid,Bright Green Field,2021,1,115,core_graph_album,resolved,musicbrainz_ws2,high,109,11,Squid,Bright Green Field,2021-05-07,1544474458,1cda298d-bffd-40e5-b4b7-a5fc35a3e5a1,4bbf0c19-0885-4ca4-a69c-4fa77b2f4edd,https://musicbrainz.org/release/4bbf0c19-0885-4ca4-a69c-4fa77b2f4edd,
album|squid|o monolith,Squid,O Monolith,2023,1,115,core_graph_album,resolved,musicbrainz_ws2,high,109,8,Squid,O Monolith,2023-06-09,1666365029,a27c4dbb-b617-4fd9-81ff-c2f704463324,dd261cd4-8170-471d-8e0d-f95db573e8f9,https://musicbrainz.org/release/dd261cd4-8170-471d-8e0d-f95db573e8f9,
album|staind|break the cycle,Staind,Break the Cycle,2001,1,071,core_graph_album,resolved,musicbrainz_ws2,high,109,14,Staind,Break the Cycle,2001-05-22,193372160,048f973a-df44-3260-af48-459a0608f948,5e21832b-67fb-3962-bd35-3ff18a1af99b,https://musicbrainz.org/release/5e21832b-67fb-3962-bd35-3ff18a1af99b,
album|stan getz and joao gilberto|getz gilberto,Stan Getz and Joao Gilberto,Getz/Gilberto,1964,1,101,core_graph_album,resolved,musicbrainz_ws2,medium,91,8,Stan Getz & João Gilberto,Getz/Gilberto #2,1966,1422655717,1ae98569-1603-3f38-8bc3-158d9430ff78,e4c34a74-0e38-4685-9447-1cae00f27aba,https://musicbrainz.org/release/e4c34a74-0e38-4685-9447-1cae00f27aba,
album|standells|dirty water,The Standells,Dirty Water,1966,1,011,core_graph_album,resolved,musicbrainz_ws2,high,109,15,The Standells,Dirty Water,1966,1450970799,817f3d38-9e2b-3ed2-b204-22d481017319,47557d78-41c7-40cf-a768-5285710405ef,https://musicbrainz.org/release/47557d78-41c7-40cf-a768-5285710405ef,
album|staple singers|be altitude respect yourself,The Staple Singers,Be Altitude: Respect Yourself,1972,1,108,context_candidate,resolved,musicbrainz_ws2,high,109,10,The Staple Singers,Be Altitude: Respect Yourself,1972-02,1488850318,c03779b0-fa2b-3183-86d9-bddbd0abf956,edcc972a-cd85-46cc-b346-e6dc26bfe799,https://musicbrainz.org/release/edcc972a-cd85-46cc-b346-e6dc26bfe799,
album|static x|wisconsin death trip,Static-X,Wisconsin Death Trip,1999,1,065,core_graph_album,resolved,musicbrainz_ws2,high,109,12,Static‐X,Wisconsin Death Trip,1999,302200724,a4f77289-1d1c-3e28-8bb1-e14f8160d705,db7a4901-9311-4e7b-b607-05b039124c3f,https://musicbrainz.org/release/db7a4901-9311-4e7b-b607-05b039124c3f,
album|steely dan|aja,Steely Dan,Aja,1977,1,023,core_graph_album,resolved,musicbrainz_ws2,high,109,7,Steely Dan,Aja,1977,1706428459,8588c5a5-b491-37a4-8d51-2227346a072e,094bf318-0353-46c6-aca7-313ac8f11d6d,https://musicbrainz.org/release/094bf318-0353-46c6-aca7-313ac8f11d6d,
album|steely dan|gaucho,Steely Dan,Gaucho,1980,1,023,core_graph_album,resolved,musicbrainz_ws2,high,109,7,Steely Dan,Gaucho,1980-11-21,1715946508,953426ac-0f78-3845-a968-87140cb6db17,a2d41382-bfea-4178-80e2-4b8110f7aba5,https://musicbrainz.org/release/a2d41382-bfea-4178-80e2-4b8110f7aba5,
album|stetsasonic|on fire,Stetsasonic,On Fire,1986,1,045,core_graph_album,resolved,musicbrainz_ws2,high,109,10,Stetsasonic,On Fire,1986,1604623507,9c1962c8-76f7-3e7f-a01e-f200f12722d3,e58fd7d1-dfd4-48d3-8247-6b2e3b643209,https://musicbrainz.org/release/e58fd7d1-dfd4-48d3-8247-6b2e3b643209,
album|steve earle|guitar town,Steve Earle,Guitar Town,1986,2,027;036,core_graph_album,resolved,musicbrainz_ws2,high,109,10,Steve Earle,Guitar Town,1986,1440839053,884d5172-4689-33b2-bc8b-592d9556d6c4,a633eb47-8b0d-4b82-8132-cc5cf09d7e7e,https://musicbrainz.org/release/a633eb47-8b0d-4b82-8132-cc5cf09d7e7e,
album|steven curtis chapman|speechless,Steven Curtis Chapman,Speechless,1999,1,109,context_candidate,resolved,musicbrainz_ws2,high,109,13,Steven Curtis Chapman,Speechless,1999-06-15,724866892,3968530c-c52d-372b-b322-6fd61354bde5,ec0817e6-24ea-4ed2-a713-d5ae1c027b7e,https://musicbrainz.org/release/ec0817e6-24ea-4ed2-a713-d5ae1c027b7e,
album|stevie wonder|innervisions,Stevie Wonder,Innervisions,1973,1,037,core_graph_album,resolved,musicbrainz_ws2,high,109,9,Stevie Wonder,Innervisions,1973,1440806790,e626b377-74c5-3b97-8f16-8cef5e1c04ea,0fd0ff67-798e-4c33-b625-8e1c7ed95858,https://musicbrainz.org/release/0fd0ff67-798e-4c33-b625-8e1c7ed95858,
album|stevie wonder|songs in the key of life,Stevie Wonder,Songs in the Key of Life,1976,1,037,core_graph_album,resolved,musicbrainz_ws2,high,109,21,Stevie Wonder,Songs in the Key of Life,1976-09-28,1440788438,ea88b09b-fd34-33cf-a3e5-25a3a2fb4c6f,9b51a6b5-7f55-4dc7-8e10-a69410c7b306,https://musicbrainz.org/release/9b51a6b5-7f55-4dc7-8e10-a69410c7b306,
album|stiff little fingers|inflammable material,Stiff Little Fingers,Inflammable Material,1979,1,053,core_graph_album,resolved,musicbrainz_ws2,high,109,16,Stiff Little Fingers,Inflammable Material,1979,697417504,a4e97980-2b8b-3f87-8424-a35863623d88,74fd9c5b-68ec-4644-8299-c45fe647b914,https://musicbrainz.org/release/74fd9c5b-68ec-4644-8299-c45fe647b914,
album|stone temple pilots|core,Stone Temple Pilots,Core,1992,1,071,core_graph_album,resolved,musicbrainz_ws2,high,109,12,Stone Temple Pilots,Core,1992,1285806791,6ca130f1-8f1f-3aa2-8cfb-6cfda3ed5d21,32169356-d165-44f6-8f93-e62269f3cf20,https://musicbrainz.org/release/32169356-d165-44f6-8f93-e62269f3cf20,
album|stone temple pilots|purple,Stone Temple Pilots,Purple,1994,1,071,core_graph_album,resolved,musicbrainz_ws2,high,109,11,Stone Temple Pilots,Purple,1994-06-07,1483792702,01d45519-54a6-3427-b0dc-222203fa5d57,a1c9cf07-a406-376b-85bd-c4168f1d2e36,https://musicbrainz.org/release/a1c9cf07-a406-376b-85bd-c4168f1d2e36,
album|stooges|stooges,The Stooges,The Stooges,1969,1,015,boundary_candidate,resolved,musicbrainz_ws2,high,109,8,The Stooges,The Stooges,1969-08-05,393789238,18037a41-2695-3a8f-a732-f6653a7f125b,9841dd14-f7a3-4a40-a0f5-5cfd2b0999ed,https://musicbrainz.org/release/9841dd14-f7a3-4a40-a0f5-5cfd2b0999ed,
album|strawberry alarm clock|wake up it s tomorrow,Strawberry Alarm Clock,Wake Up...It's Tomorrow,1968,1,013,core_graph_album,resolved,apple_itunes_search_api,high,109,12,Strawberry Alarm Clock,Wake Up...It's Tomorrow,1968-01-01,1443589104,,,https://music.apple.com/us/album/wake-up-its-tomorrow/1443589104?uo=4,
album|strokes|is this it,The Strokes,Is This It,2001,1,079,core_graph_album,resolved,musicbrainz_ws2,high,109,11,The Strokes,Is This It,2001-10-09,266376953,efea26d1-a016-30f6-b8e2-bc8c02336b0a,38b94527-4f9d-49d4-85d3-d449545ceea4,https://musicbrainz.org/release/38b94527-4f9d-49d4-85d3-d449545ceea4,
album|strokes|room on fire,The Strokes,Room on Fire,2003,1,079,core_graph_album,resolved,musicbrainz_ws2,high,109,11,The Strokes,Room on Fire,2003-10-28,302987557,1e9db573-5671-301f-87fc-846a605fe35b,4a7773fa-c599-49d7-ab96-6647f34d482c,https://musicbrainz.org/release/4a7773fa-c599-49d7-ab96-6647f34d482c,
album|sturgill simpson|metamodern sounds in country music,Sturgill Simpson,Metamodern Sounds in Country Music,2014,1,036,core_graph_album,resolved,musicbrainz_ws2,high,109,10,Sturgill Simpson,Metamodern Sounds in Country Music,2014-05-13,1887707089,32984f66-0224-4ab3-bd77-9f6bc3dfd33f,ff758bcd-3e71-410c-98c4-be50038c419d,https://musicbrainz.org/release/ff758bcd-3e71-410c-98c4-be50038c419d,
album|sufjan stevens|carrie and lowell,Sufjan Stevens,Carrie & Lowell,2015,2,030;116,core_graph_album,resolved,musicbrainz_ws2,high,109,11,Sufjan Stevens,Carrie & Lowell,2015-03-31,955572616,21666540-83c8-4c54-9be1-0363a0848f33,87b4a614-d53d-4495-b176-5d4f2bb353e6,https://musicbrainz.org/release/87b4a614-d53d-4495-b176-5d4f2bb353e6,
album|sufjan stevens|illinois,Sufjan Stevens,Illinois,2005,1,078,core_graph_album,resolved,musicbrainz_ws2,high,109,26,Sufjan Stevens,Illinois,2005-07-05,328074546,1fb75447-c513-38c4-ad8f-1bfc441aa74c,2f6d6830-e03c-4709-86ce-c0a2eb9e8c31,https://musicbrainz.org/release/2f6d6830-e03c-4709-86ce-c0a2eb9e8c31,
album|sufjan stevens|seven swans,Sufjan Stevens,Seven Swans,2004,1,030,core_graph_album,resolved,musicbrainz_ws2,high,109,12,Sufjan Stevens,Seven Swans,2004-03-16,586314144,9c034a12-db0e-3bc1-b3ed-e74e7ffa92b1,2ee7b63f-a359-4081-a5b1-118983c3a5eb,https://musicbrainz.org/release/2ee7b63f-a359-4081-a5b1-118983c3a5eb,
album|sugar|copper blue,Sugar,Copper Blue,1992,1,075,core_graph_album,resolved,musicbrainz_ws2,high,109,10,Sugar,Copper Blue,1992-10-06,1784732212,997a4855-3bd3-3e5c-81d0-656209b3aa74,9da227d1-9283-44f9-8545-f01b796eabb8,https://musicbrainz.org/release/9da227d1-9283-44f9-8545-f01b796eabb8,
album|sugarhill gang|sugarhill gang,The Sugarhill Gang,Sugarhill Gang,1980,1,045,core_graph_album,resolved,musicbrainz_ws2,high,109,6,The Sugarhill Gang,Sugarhill Gang,1980,,51302e56-54ce-35d8-9ec6-66926dc8054f,172ce985-9d36-4875-83ff-f883eea937fd,https://musicbrainz.org/release/172ce985-9d36-4875-83ff-f883eea937fd,
album|suicidal tendencies|suicidal tendencies,Suicidal Tendencies,Suicidal Tendencies,1983,1,055,boundary_candidate,resolved,musicbrainz_ws2,high,109,12,Suicidal Tendencies,Suicidal Tendencies,1983-07-05,498742982,81308511-4b3d-36e8-8cee-c4f2209f97e6,8a59e142-c96f-4e66-ac78-b65679811421,https://musicbrainz.org/release/8a59e142-c96f-4e66-ac78-b65679811421,
album|suicide|suicide,Suicide,Suicide,1977,1,054,boundary_candidate,resolved,musicbrainz_ws2,high,109,7,Suicide,Suicide,1977-12,1463179848,702d4a53-9f00-3f57-a723-e5e267518454,aa329b8c-6dd0-3279-9fa2-96e3a995cd4c,https://musicbrainz.org/release/aa329b8c-6dd0-3279-9fa2-96e3a995cd4c,
album|sum 41|all killer no filler,Sum 41,All Killer No Filler,2001,1,076,core_graph_album,resolved,musicbrainz_ws2,high,109,13,Sum 41,All Killer No Filler,2001-05-08,1440920798,dd2c168f-41a6-37f5-a727-6e188bf22c6e,4ad70810-0d53-4059-98cf-a92778a018bc,https://musicbrainz.org/release/4ad70810-0d53-4059-98cf-a92778a018bc,
album|summer walker|over it,Summer Walker,Over It,2019,1,044,core_graph_album,resolved,musicbrainz_ws2,high,109,18,Summer Walker,Over It,2019-10-04,1481606156,9ec40de4-2125-41c8-8a91-bb7141ff6337,61c911e7-2804-4d9f-be79-2000456702b3,https://musicbrainz.org/release/61c911e7-2804-4d9f-be79-2000456702b3,
album|summer walker|still over it,Summer Walker,Still Over It,2021,1,044,core_graph_album,resolved,musicbrainz_ws2,high,109,20,Summer Walker,Still Over It,2021-11-05,1590029262,334ee344-e32f-4e83-a6d6-704161e52768,0fe4c7cb-c42c-4bba-8662-44c58bf1447c,https://musicbrainz.org/release/0fe4c7cb-c42c-4bba-8662-44c58bf1447c,
album|sundays|reading writing and arithmetic,The Sundays,"Reading, Writing and Arithmetic",1990,1,074,core_graph_album,resolved,musicbrainz_ws2,high,109,10,The Sundays,"Reading, Writing and Arithmetic",1990,1707465605,a3915909-20c5-3dc5-931f-f0f9023bf2d8,36ea7d92-ea5e-41e6-87de-562b6c30559e,https://musicbrainz.org/release/36ea7d92-ea5e-41e6-87de-562b6c30559e,
album|sunny day real estate|diary,Sunny Day Real Estate,Diary,1994,1,077,core_graph_album,resolved,musicbrainz_ws2,high,109,13,Sunny Day Real Estate,Diary,1994-05-10,329697195,12e88251-2cde-3bea-9cee-2d8c7fe65039,8838d557-42df-4ebd-88a4-f74cbc33e8f8,https://musicbrainz.org/release/8838d557-42df-4ebd-88a4-f74cbc33e8f8,
album|superchunk|no pocky for kitty,Superchunk,No Pocky for Kitty,1991,1,072,core_graph_album,resolved,musicbrainz_ws2,high,109,12,Superchunk,No Pocky for Kitty,1991-10-30,1839127187,58559ff0-0db2-3f7f-847e-cc32a0070e40,e72cffb1-6c8f-40c9-9805-f3ddde72b216,https://musicbrainz.org/release/e72cffb1-6c8f-40c9-9805-f3ddde72b216,
album|superdrag|regretfully yours,Superdrag,Regretfully Yours,1996,1,075,core_graph_album,resolved,musicbrainz_ws2,high,109,13,Superdrag,Regretfully Yours,1996-03-26,300971238,e5722ff2-edc3-3dcb-9186-c62485f416c0,e0c27d04-4521-4902-9280-24ae7fd79091,https://musicbrainz.org/release/e0c27d04-4521-4902-9280-24ae7fd79091,
album|supertramp|crime of the century,Supertramp,Crime of the Century,1974,1,018,core_graph_album,resolved,musicbrainz_ws2,high,109,8,Supertramp,Crime of the Century,1974,1440646658,c3749af5-0d0c-3ed1-b1c0-8b4a8f6c3436,9992c9b6-7813-42f6-8530-da829cb4e791,https://musicbrainz.org/release/9992c9b6-7813-42f6-8530-da829cb4e791,
album|supremes|where did our love go,The Supremes,Where Did Our Love Go,1964,2,006;037,core_graph_album,resolved,musicbrainz_ws2,high,109,12,The Supremes,Where Did Our Love Go,1964-08-31,1443150912,87a0f11f-2c56-37af-a05b-a3efcd2f98f0,9e0f6f68-2216-3285-b21f-0b4899fbc43e,https://musicbrainz.org/release/9e0f6f68-2216-3285-b21f-0b4899fbc43e,
album|surfaris|wipe out,The Surfaris,Wipe Out,1963,1,007,core_graph_album,resolved,musicbrainz_ws2,high,109,12,The Surfaris,Wipe Out,1963,1354226132,abcac8f6-46aa-49dc-a9c5-d910227cfb74,cbf207b9-863e-464e-97e7-0542ec1a8741,https://musicbrainz.org/release/cbf207b9-863e-464e-97e7-0542ec1a8741,
album|surgeon|basictonalvocabulary,Surgeon,Basictonalvocabulary,1997,1,082,core_graph_album,resolved,musicbrainz_ws2,high,109,10,Surgeon,basictonalvocabulary,1997-05-01,1621780757,579c24fb-6b1f-3213-8ea2-a150d370fe93,ec5e5c81-e064-421d-a2e2-2fa423613dce,https://musicbrainz.org/release/ec5e5c81-e064-421d-a2e2-2fa423613dce,
album|swedish house mafia|until now,Swedish House Mafia,Until Now,2012,1,083,core_graph_album,resolved,musicbrainz_ws2,high,109,10,Swedish House Mafia,Until Now,2012-10-19,1021728914,0158ce18-91a7-4924-9e51-fad5d64eb7b6,a3a38f31-f932-4dac-b4c0-cbc1059c8d81,https://musicbrainz.org/release/a3a38f31-f932-4dac-b4c0-cbc1059c8d81,
album|sweet|desolation boulevard,Sweet,Desolation Boulevard,1974,1,020,core_graph_album,resolved,musicbrainz_ws2,high,109,10,The Sweet,Desolation Boulevard,1975-11,724016552,82993041-b4e7-3d33-aa84-cdd20461da53,8d75b279-e122-46cf-a0cf-ad97140ba856,https://musicbrainz.org/release/8d75b279-e122-46cf-a0cf-ad97140ba856,
album|swervedriver|mezcal head,Swervedriver,Mezcal Head,1993,1,073,core_graph_album,resolved,musicbrainz_ws2,high,109,11,Swervedriver,Mezcal Head,1993-08-05,1444116738,7433e05c-4a07-3f22-a607-b2aa3f1c86a7,701a1f0d-3906-4173-abc3-254e2b69b9c0,https://musicbrainz.org/release/701a1f0d-3906-4173-abc3-254e2b69b9c0,
album|switchfoot|beautiful letdown,Switchfoot,The Beautiful Letdown,2003,1,109,context_candidate,resolved,musicbrainz_ws2,high,109,14,Switchfoot,The Beautiful Letdown,2003-02-25,270003831,993ff972-55f0-378f-baff-183552748555,25c53b03-1875-4af0-a5fa-b77ca233feae,https://musicbrainz.org/release/25c53b03-1875-4af0-a5fa-b77ca233feae,
album|swum|swum,SwuM,Swum,2018,1,120,core_graph_album,resolved,apple_itunes_search_api,medium,100,19,SwuM,Swum,2018-06-01,1754636804,,,https://music.apple.com/us/album/swum/1754636804?uo=4,manual_apple_override;manual_apple_override_confidence_medium
album|sylvester|step ii,Sylvester,Step II,1978,1,040,core_graph_album,resolved,musicbrainz_ws2,high,109,7,Sylvester,Step II,1978-06-15,1517520858,a11dd6e8-d308-35c1-b248-81a2832d8ad6,21332e10-48a3-44f6-955b-834c82f69336,https://musicbrainz.org/release/21332e10-48a3-44f6-955b-834c82f69336,
album|system of a down|system of a down,System of a Down,System of a Down,1998,1,066,core_graph_album,resolved,musicbrainz_ws2,high,109,13,System of a Down,System of a Down,1998-06-30,158528551,97f37409-b91a-3495-8e70-56fd9f7658c2,a7d56884-5561-48db-bc93-6828bc7d01ac,https://musicbrainz.org/release/a7d56884-5561-48db-bc93-6828bc7d01ac,
album|system of a down|toxicity,System of a Down,Toxicity,2001,1,066,core_graph_album,resolved,musicbrainz_ws2,high,109,15,System of a Down,Toxicity,2001-08-29,1744586004,f50fbcb4-bfcd-3784-b4c9-44f4793e66b2,96d73c59-41e4-4f16-96e6-e08fcb21e668,https://musicbrainz.org/release/96d73c59-41e4-4f16-96e6-e08fcb21e668,
album|sza|ctrl,SZA,Ctrl,2017,1,044,core_graph_album,resolved,musicbrainz_ws2,high,109,14,SZA,Ctrl,2017-06-09,1239977075,8f892c1b-0709-4cf4-9711-493892a9eb9b,20bfc869-e36d-481f-ac9b-37f586001b9d,https://musicbrainz.org/release/20bfc869-e36d-481f-ac9b-37f586001b9d,
album|sza|sos,SZA,SOS,2022,1,044,core_graph_album,resolved,musicbrainz_ws2,high,109,23,SZA,SOS,2023-05-19,1657869377,1646286a-d0ad-4288-bfab-34b0fb7b22c1,6b1d5b1a-e915-4451-9b4e-5229d8a7b418,https://musicbrainz.org/release/6b1d5b1a-e915-4451-9b4e-5229d8a7b418,
album|t i|king,T.I.,King,2006,1,049,core_graph_album,resolved,musicbrainz_ws2,high,109,17,T.I.,King,2006-03-27,1258980136,976904b2-824e-339c-9823-f3d67c8d906c,99cc298b-5e11-4eb7-ba15-91c291113899,https://musicbrainz.org/release/99cc298b-5e11-4eb7-ba15-91c291113899,
album|t i|trap muzik,T.I.,Trap Muzik,2003,1,049,core_graph_album,resolved,musicbrainz_ws2,high,109,16,T.I.,Trap Muzik,2003-08-19,1258990795,099a331b-f9f7-3b89-b1bd-ef9dd9880de6,17204d2d-ef93-49d8-b9c8-5f218d231a92,https://musicbrainz.org/release/17204d2d-ef93-49d8-b9c8-5f218d231a92,
album|t rex|electric warrior,T. Rex,Electric Warrior,1971,1,020,core_graph_album,resolved,musicbrainz_ws2,high,109,11,T. Rex,Electric Warrior,1971-09-24,251016654,e53310bf-8ccc-3d7f-a0b7-5ca4dbababcb,a65c1726-aa80-4f6f-ad6b-c2043d0b6e3e,https://musicbrainz.org/release/a65c1726-aa80-4f6f-ad6b-c2043d0b6e3e,
album|t rex|slider,T. Rex,The Slider,1972,1,020,core_graph_album,resolved,musicbrainz_ws2,high,109,13,T. Rex,The Slider,1975,1440945199,bf12c581-95c6-3cde-8ac2-713e803fc9e9,8d18c674-077f-43d5-ac3e-b30537d8d2b7,https://musicbrainz.org/release/8d18c674-077f-43d5-ac3e-b30537d8d2b7,
album|tad|inhaler,Tad,Inhaler,1993,1,070,core_graph_album,resolved,musicbrainz_ws2,high,109,11,Tad,Inhaler,1993,304974662,1684c687-11c4-395c-9bf4-e1fac69e0a0b,2cbda14e-9d75-3e1a-bd77-357f3b788ddb,https://musicbrainz.org/release/2cbda14e-9d75-3e1a-bd77-357f3b788ddb,
album|taking back sunday|louder now,Taking Back Sunday,Louder Now,2006,1,077,core_graph_album,resolved,musicbrainz_ws2,high,109,11,Taking Back Sunday,Louder Now,2006-04-25,1585055516,734eaae5-d96d-3b94-b6a6-167da219179a,043ada80-a4b6-4fe5-af17-2f6efb96b471,https://musicbrainz.org/release/043ada80-a4b6-4fe5-af17-2f6efb96b471,
album|taking back sunday|tell all your friends,Taking Back Sunday,Tell All Your Friends,2002,1,077,core_graph_album,resolved,musicbrainz_ws2,high,109,10,Taking Back Sunday,Tell All Your Friends,2002-03-26,1481301025,ef77620a-39e5-3e9b-9c1c-f276ae31182c,a605e4ac-b112-4aaa-ab80-8aebc483711a,https://musicbrainz.org/release/a605e4ac-b112-4aaa-ab80-8aebc483711a,
album|talking heads|fear of music,Talking Heads,Fear of Music,1979,1,054,core_graph_album,resolved,musicbrainz_ws2,high,109,11,Talking Heads,Fear of Music,1979-08-03,300965520,f378dcb1-841b-3be1-9d96-779036562de1,59d0000a-d099-447e-8ef6-e5b83e9ebafe,https://musicbrainz.org/release/59d0000a-d099-447e-8ef6-e5b83e9ebafe,
album|talking heads|more songs about buildings and food,Talking Heads,More Songs About Buildings and Food,1978,1,054,core_graph_album,resolved,musicbrainz_ws2,high,109,11,Talking Heads,More Songs About Buildings and Food,1978-07-14,302108628,2cecb2c0-cac3-3c55-8083-577308746230,66c399b8-e67f-4031-82d5-fec6251fc6b0,https://musicbrainz.org/release/66c399b8-e67f-4031-82d5-fec6251fc6b0,
album|talking heads|remain in light,Talking Heads,Remain in Light,1980,1,054,core_graph_album,resolved,musicbrainz_ws2,high,109,8,Talking Heads,Remain in Light,1980-10-08,300948043,f6b1b900-6108-32f0-abbd-2855af9151eb,6d9db0cb-c7e5-31d0-ac93-0db4d4b6d829,https://musicbrainz.org/release/6d9db0cb-c7e5-31d0-ac93-0db4d4b6d829,
album|tame impala|currents,Tame Impala,Currents,2015,1,117,core_graph_album,resolved,musicbrainz_ws2,high,109,13,Tame Impala,Currents,2015-07-17,1440838039,08aa7a6c-3e43-4459-87b2-e47faf3a088a,85b16994-76cd-43d0-b04c-ac8f9e808db8,https://musicbrainz.org/release/85b16994-76cd-43d0-b04c-ac8f9e808db8,
album|tame impala|slow rush,Tame Impala,The Slow Rush,2020,1,117,core_graph_album,resolved,musicbrainz_ws2,high,109,12,Tame Impala,The Slow Rush,2020-02-14,1497230760,c6fc678e-e987-45c5-811c-e2bd09c8b902,2912c9db-eacb-4207-93a6-7696615be302,https://musicbrainz.org/release/2912c9db-eacb-4207-93a6-7696615be302,
album|tammy wynette|d i v o r c e,Tammy Wynette,D-I-V-O-R-C-E,1968,1,031,core_graph_album,resolved,musicbrainz_ws2,high,109,11,Tammy Wynette,D-I-V-O-R-C-E,1968,967382746,9a113423-dd34-396c-91ad-08e0e2415303,0c088ce5-8558-48f1-88d0-62a43b6a611c,https://musicbrainz.org/release/0c088ce5-8558-48f1-88d0-62a43b6a611c,
album|tangerine dream|phaedra,Tangerine Dream,Phaedra,1974,1,087,core_graph_album,resolved,musicbrainz_ws2,high,109,5,Tangerine Dream,Phaedra,1974,374509769,866c88fa-a18b-3739-9814-2ad215e5e11a,e6fc15c4-0f29-33bf-927b-e9a90cd0b925,https://musicbrainz.org/release/e6fc15c4-0f29-33bf-927b-e9a90cd0b925,
album|tasha cobbs leonard|grace,Tasha Cobbs Leonard,Grace,2013,1,108,context_candidate,resolved,musicbrainz_ws2,high,109,10,Tasha Cobbs,Grace,2013-02-02,715748651,dd367ec8-60a6-4a1f-bf8a-826f35370e08,5bfbc10b-15a3-4f96-85f1-7c02a4e78ce8,https://musicbrainz.org/release/5bfbc10b-15a3-4f96-85f1-7c02a4e78ce8,
album|tate mcrae|think later,Tate McRae,Think Later,2023,1,093,core_graph_album,resolved,musicbrainz_ws2,high,109,14,Tate McRae,THINK LATER,2023-12-08,1716102849,6e924cee-9945-4a1b-b4c6-3445f846c01f,569aaf15-e65d-4c94-9b80-4631af82e9f0,https://musicbrainz.org/release/569aaf15-e65d-4c94-9b80-4631af82e9f0,
album|taylor swift|1989,Taylor Swift,1989,2014,1,091,core_graph_album,resolved,musicbrainz_ws2,high,109,13,Taylor Swift,1989,2014-10-27,1440935467,4d9ec1c2-58ec-48a4-aa0a-916718adead0,7f992415-2563-408e-a398-5c905d74e084,https://musicbrainz.org/release/7f992415-2563-408e-a398-5c905d74e084,
album|taylor swift|fearless,Taylor Swift,Fearless,2008,1,033,core_graph_album,resolved,musicbrainz_ws2,high,109,13,Taylor Swift,Fearless,2008-11-11,1440924803,63eba062-847c-3b73-8b0f-6baf27bba6fa,156671ad-34d7-41f6-b9d2-7e910019a3ef,https://musicbrainz.org/release/156671ad-34d7-41f6-b9d2-7e910019a3ef,
album|taylor swift|folklore,Taylor Swift,folklore,2020,1,116,false_nearby_candidate,resolved,musicbrainz_ws2,high,109,16,Taylor Swift,folklore,2020-07-24,1524801260,f1d08326-c23b-4b43-be3b-20b33ab10bf6,0ca6db69-0719-4a00-99be-f87ef1cff6cb,https://musicbrainz.org/release/0ca6db69-0719-4a00-99be-f87ef1cff6cb,
album|taylor swift|lover,Taylor Swift,Lover,2019,1,091,core_graph_album,resolved,musicbrainz_ws2,high,109,18,Taylor Swift,Lover,2019-08-23,1468058165,30e9785b-7b50-4d29-b3d1-96fb55e3397f,1dd3fa5c-87d5-4ad5-83bd-9b5035456ea1,https://musicbrainz.org/release/1dd3fa5c-87d5-4ad5-83bd-9b5035456ea1,
album|taylor swift|taylor swift,Taylor Swift,Taylor Swift,2006,1,033,core_graph_album,resolved,musicbrainz_ws2,high,109,11,Taylor Swift,Taylor Swift,2006-10-24,1860454442,ba1d0c2a-bb07-38bc-835c-a880f76f1309,cc96e8b9-c593-4da2-b685-0eef2544f2bd,https://musicbrainz.org/release/cc96e8b9-c593-4da2-b685-0eef2544f2bd,
album|taylor swift|tortured poets department,Taylor Swift,The Tortured Poets Department,2024,1,093,core_graph_album,resolved,musicbrainz_ws2,high,109,16,Taylor Swift,THE TORTURED POETS DEPARTMENT,2024-04-19,1736268215,71c3eed6-466c-4aef-ad12-65a36d19467a,1cdce9b4-ffc8-495c-9cbd-ed5b32a78832,https://musicbrainz.org/release/1cdce9b4-ffc8-495c-9cbd-ed5b32a78832,
album|tears for fears|songs from the big chair,Tears for Fears,Songs from the Big Chair,1985,1,058,core_graph_album,resolved,musicbrainz_ws2,high,109,8,Tears for Fears,Songs From the Big Chair,1985-02-25,1440813508,475946e9-4b00-3f7c-9bd7-c11f55740262,2bf68314-a026-3168-b7bc-3befaa01894f,https://musicbrainz.org/release/2bf68314-a026-3168-b7bc-3befaa01894f,
album|ted nugent|cat scratch fever,Ted Nugent,Cat Scratch Fever,1977,1,017,core_graph_album,resolved,musicbrainz_ws2,high,109,12,Ted Nugent,Cat Scratch Fever,1977-05-13,157436685,e65f1c87-846c-3a7f-b948-847bb3a3a966,5a29f707-99a5-44b0-bed0-f9dc2bab1c3d,https://musicbrainz.org/release/5a29f707-99a5-44b0-bed0-f9dc2bab1c3d,
album|teddy pendergrass|life is a song worth singing,Teddy Pendergrass,Life Is a Song Worth Singing,1978,1,041,core_graph_album,resolved,musicbrainz_ws2,high,109,9,Teddy Pendergrass,Life Is a Song Worth Singing,1978-06-02,292758580,ab407830-3327-33bd-96ae-e276c672e6ec,f4f218ed-ea50-4fbe-9b80-39149e21eca9,https://musicbrainz.org/release/f4f218ed-ea50-4fbe-9b80-39149e21eca9,
album|teddy pendergrass|teddy,Teddy Pendergrass,Teddy,1979,1,041,core_graph_album,resolved,musicbrainz_ws2,high,109,12,Teddy Pendergrass,Teddy,1979-06-08,1227088818,0ca7b5bb-bf9a-35a2-a80c-3c9d4e4558f9,c08cc0b7-cd24-4f50-9eb0-7554e169bcb9,https://musicbrainz.org/release/c08cc0b7-cd24-4f50-9eb0-7554e169bcb9,
album|tedeschi trucks band|revelator,Tedeschi Trucks Band,Revelator,2011,1,019,core_graph_album,resolved,musicbrainz_ws2,high,109,13,Tedeschi Trucks Band,Revelator,2011-06-07,434753148,4416e00f-bb4d-4018-986d-d5e7e7db220d,1368c824-9c94-4b62-b76d-adba43f97e94,https://musicbrainz.org/release/1368c824-9c94-4b62-b76d-adba43f97e94,
album|teenage fanclub|bandwagonesque,Teenage Fanclub,Bandwagonesque,1991,1,075,core_graph_album,resolved,musicbrainz_ws2,high,109,12,Teenage Fanclub,Bandwagonesque,1991,1440905389,4119fd8b-9858-33c9-8256-fcc1570bc07f,2acce1e6-3378-3dac-84f3-db2dcc9bef1d,https://musicbrainz.org/release/2acce1e6-3378-3dac-84f3-db2dcc9bef1d,
album|tego calderon|el abayarde,Tego Calderon,El Abayarde,2002,1,094,core_graph_album,resolved,musicbrainz_ws2,high,106,19,Tego Calderón,El Abayarde,2003-06-17,535880568,7d85e657-0632-3857-86ef-fce45758eed9,15ed58f1-bf0d-4083-8463-78cf8ce76f75,https://musicbrainz.org/release/15ed58f1-bf0d-4083-8463-78cf8ce76f75,
album|television|adventure,Television,Adventure,1978,1,054,core_graph_album,resolved,musicbrainz_ws2,high,109,12,Television,Adventure,1978,298683580,f0bec009-a58e-3984-9ea5-963f4952e0ea,6e070c55-9086-4128-aa16-8092679b354c,https://musicbrainz.org/release/6e070c55-9086-4128-aa16-8092679b354c,
album|television|marquee moon,Television,Marquee Moon,1977,1,054,core_graph_album,resolved,musicbrainz_ws2,high,109,8,Television,Marquee Moon,1977-02-08,1049069472,2b9f99d8-becf-3fc3-86a6-2bdd4cef93fe,238563e4-f7d2-4cb4-9fd6-a1277058071e,https://musicbrainz.org/release/238563e4-f7d2-4cb4-9fd6-a1277058071e,
album|temple of the dog|temple of the dog,Temple of the Dog,Temple of the Dog,1991,1,070,core_graph_album,resolved,musicbrainz_ws2,high,109,10,Temple of the Dog,Temple Of The Dog,1991-05-27,1440657497,b9369fce-01fc-36b2-9d67-3a7fb14a8f44,0ab3ef1a-9d16-48dd-a9b6-5c1fdb045fde,https://musicbrainz.org/release/0ab3ef1a-9d16-48dd-a9b6-5c1fdb045fde,
album|temples|sun structures,Temples,Sun Structures,2014,1,117,core_graph_album,resolved,musicbrainz_ws2,high,109,12,Temples,Sun Structures,2014-03-07,1185725672,02057791-c023-45a1-8551-0eb3a7c86329,56bb0b13-5e09-48b2-bc85-bffec742d6c3,https://musicbrainz.org/release/56bb0b13-5e09-48b2-bc85-bffec742d6c3,
album|temptations|cloud nine,The Temptations,Cloud Nine,1969,1,037,core_graph_album,resolved,musicbrainz_ws2,high,109,10,The Temptations,Cloud Nine,1969-02,1443179202,e6c7e050-119b-3c99-92f6-039137c4a18d,e0a3bf73-6b49-4030-87d4-6f504813a515,https://musicbrainz.org/release/e0a3bf73-6b49-4030-87d4-6f504813a515,
album|temptations|temptations sing smokey,The Temptations,The Temptations Sing Smokey,1965,1,037,core_graph_album,resolved,musicbrainz_ws2,high,109,12,The Temptations,The Temptations Sing Smokey,1965-03-22,1423301162,d4953cfc-beef-30dc-aa79-4152b518cc4d,8221c64f-0a48-4680-aee6-e12412e82f1c,https://musicbrainz.org/release/8221c64f-0a48-4680-aee6-e12412e82f1c,
album|tems|born in the wild,Tems,Born in the Wild,2024,1,097,core_graph_album,resolved,musicbrainz_ws2,high,109,18,Tems,Born in the Wild,2024-06-06,1750361972,10bb7c0f-b95e-41e2-8fad-68e131deb09d,793f7f24-2c69-4bb7-87e4-9b5c6f535535,https://musicbrainz.org/release/793f7f24-2c69-4bb7-87e4-9b5c6f535535,
album|terry allen|lubbock on everything,Terry Allen,Lubbock (On Everything),1979,1,032,core_graph_album,resolved,musicbrainz_ws2,high,106,21,Terry Allen,Lubbock (On Everything),1978,1125436797,4409f5d9-3908-3eb4-ad08-6489ac47fc53,acc0308e-6f5c-4506-8fc3-d4a279059362,https://musicbrainz.org/release/acc0308e-6f5c-4506-8fc3-d4a279059362,
album|tesla|mechanical resonance,Tesla,Mechanical Resonance,1986,1,063,core_graph_album,resolved,musicbrainz_ws2,high,109,12,Tesla,Mechanical Resonance,1986,1440913028,12583b26-cd14-3ff4-a3fc-7c8a331b8ce2,26c8096d-b7aa-4d7c-9290-0255ae539cc0,https://musicbrainz.org/release/26c8096d-b7aa-4d7c-9290-0255ae539cc0,
album|testament|new order,Testament,The New Order,1988,1,062,core_graph_album,resolved,musicbrainz_ws2,high,109,10,Testament,The New Order,1988-05-05,1692636671,2396c29f-2a8a-40c7-bce4-4c8dec6758b0,133cabdb-13b9-4e2d-8918-9fe5ba96311d,https://musicbrainz.org/release/133cabdb-13b9-4e2d-8918-9fe5ba96311d,
album|tha dogg pound|dogg food,Tha Dogg Pound,Dogg Food,1995,1,047,core_graph_album,resolved,musicbrainz_ws2,high,109,17,Tha Dogg Pound,Dogg Food,1995-10-31,1676264771,d7c2d80e-1920-3bfe-bfaa-43021b44ff2b,b9548299-23d4-4880-8d54-c265842dec59,https://musicbrainz.org/release/b9548299-23d4-4880-8d54-c265842dec59,
album|thelonious monk|brilliant corners,Thelonious Monk,Brilliant Corners,1957,1,101,core_graph_album,resolved,musicbrainz_ws2,high,109,6,Thelonious Monk,Brilliant Corners,1957,1440942347,764d0d9e-68b1-39fe-b1d1-eda104926777,4efb0872-1bb1-375d-bae7-7a39f5f52018,https://musicbrainz.org/release/4efb0872-1bb1-375d-bae7-7a39f5f52018,
album|theory of a deadman|scars and souvenirs,Theory of a Deadman,Scars & Souvenirs,2008,1,071,core_graph_album,resolved,musicbrainz_ws2,high,109,13,Theory of a Deadman,Scars & Souvenirs,2009-10-20,273890964,da23bb4d-0467-341c-a508-fe0a673d5387,123d0ad6-fa5a-492f-bf5d-23ba0d0e6d75,https://musicbrainz.org/release/123d0ad6-fa5a-492f-bf5d-23ba0d0e6d75,
album|they might be giants|here come the 123s,They Might Be Giants,Here Come the 123s,2008,1,114,context_candidate,resolved,musicbrainz_ws2,high,109,24,They Might Be Giants,Here Come the 123s,2008-02-05,1443520419,10d955a6-eac6-3ce9-83f5-e28ea101fb0d,4707ab5e-e63d-462e-9ca2-5a77fc904a5f,https://musicbrainz.org/release/4707ab5e-e63d-462e-9ca2-5a77fc904a5f,
album|they might be giants|here come the abcs,They Might Be Giants,Here Come the ABCs,2005,1,114,context_candidate,resolved,musicbrainz_ws2,high,106,25,They Might Be Giants,Here Come the ABCs,2005,1445745394,3627ed05-2fb0-38b5-8bbc-b0d61b90b042,67240b7b-8d5b-486b-9b3c-27cef47d858c,https://musicbrainz.org/release/67240b7b-8d5b-486b-9b3c-27cef47d858c,
album|they might be giants|lincoln,They Might Be Giants,Lincoln,1988,1,059,boundary_candidate,resolved,musicbrainz_ws2,high,109,18,They Might Be Giants,Lincoln,1988-09-25,1439224952,715a2093-aab9-3cbe-bc15-0925533e59df,3ff2bdd4-cdac-425c-a5db-e38e9ccd3bca,https://musicbrainz.org/release/3ff2bdd4-cdac-425c-a5db-e38e9ccd3bca,
album|thievery corporation|mirror conspiracy,Thievery Corporation,The Mirror Conspiracy,2000,1,084,core_graph_album,resolved,musicbrainz_ws2,high,109,15,Thievery Corporation,The Mirror Conspiracy,2000-08-22,1874945076,31fb1b7d-c860-3150-b3e5-8b9951f2dfe4,c417f39f-fbef-44ce-ae14-70d4e24b5657,https://musicbrainz.org/release/c417f39f-fbef-44ce-ae14-70d4e24b5657,
album|thin lizzy|jailbreak,Thin Lizzy,Jailbreak,1976,1,017,core_graph_album,resolved,musicbrainz_ws2,high,109,9,Thin Lizzy,Jailbreak,1976,1440918303,d55dae0d-835d-3756-8805-196e41bacc2f,5d8da738-800e-4914-8efc-ca5965784f2d,https://musicbrainz.org/release/5d8da738-800e-4914-8efc-ca5965784f2d,
album|third day|offerings a worship album,Third Day,Offerings: A Worship Album,2000,1,109,core_graph_album,resolved,musicbrainz_ws2,high,109,11,Third Day,Offerings: A Worship Album,2000-07-11,1135105038,e97eb0e0-b3e4-3eb2-9881-122af52f0d1f,853888ce-714b-4310-886e-ae133dbacbb1,https://musicbrainz.org/release/853888ce-714b-4310-886e-ae133dbacbb1,
album|thompson twins|into the gap,Thompson Twins,Into the Gap,1984,1,058,core_graph_album,resolved,musicbrainz_ws2,high,109,9,Thompson Twins,Into the Gap,1984,1700433691,1ef93f74-502b-39a0-8cb1-1f7c39c0508a,283d30ae-037b-444a-a992-e92c9d342b4c,https://musicbrainz.org/release/283d30ae-037b-444a-a992-e92c9d342b4c,
album|three 6 mafia|mystic stylez,Three 6 Mafia,Mystic Stylez,1995,1,049,core_graph_album,resolved,musicbrainz_ws2,high,109,15,Three 6 Mafia,Mystic Stylez,1995-05-30,332165657,ac6859cf-3bc7-31da-9255-b7d6a08cc6a9,d57b5ef8-ca89-4ce3-b1f4-b4f531f9cfe4,https://musicbrainz.org/release/d57b5ef8-ca89-4ce3-b1f4-b4f531f9cfe4,
album|three 6 mafia|when the smoke clears,Three 6 Mafia,When the Smoke Clears,2000,1,049,core_graph_album,resolved,musicbrainz_ws2,high,97,22,Three 6 Mafia,"When the Smoke Clears: Sixty 6, Sixty 1",2000-06-13,392987017,ce2eb30e-f1ef-3b41-8899-87056d18f835,0ce03975-98e8-4d42-b420-a2a1e7ceefe1,https://musicbrainz.org/release/0ce03975-98e8-4d42-b420-a2a1e7ceefe1,
album|throwing muses|house tornado,Throwing Muses,House Tornado,1988,2,059;069,core_graph_album,resolved,musicbrainz_ws2,high,109,11,Throwing Muses,House Tornado,1988-03-25,1349923987,280f8463-610b-3a2f-a0f5-12f3b76a4597,d50d6fb5-e97d-4359-a157-aad9bde1e1ed,https://musicbrainz.org/release/d50d6fb5-e97d-4359-a157-aad9bde1e1ed,
album|throwing muses|real ramona,Throwing Muses,The Real Ramona,1991,1,074,core_graph_album,resolved,musicbrainz_ws2,high,109,12,Throwing Muses,The Real Ramona,1991-03-12,1350858755,4d3324a9-c80d-3257-80ca-a7d260553f5b,745b8e1b-82f3-3c29-9499-6912a28715c8,https://musicbrainz.org/release/745b8e1b-82f3-3c29-9499-6912a28715c8,
album|thursday|full collapse,Thursday,Full Collapse,2001,1,077,core_graph_album,resolved,musicbrainz_ws2,high,109,12,Thursday,Full Collapse,2001-04-10,1568409523,66e69cb8-7771-3c66-a8b4-20a30cad2c23,0348b387-ba22-42b9-9703-5308952d59dc,https://musicbrainz.org/release/0348b387-ba22-42b9-9703-5308952d59dc,
album|tim mcgraw|everywhere,Tim McGraw,Everywhere,1997,1,034,core_graph_album,resolved,musicbrainz_ws2,high,109,11,Tim McGraw,Everywhere,1997-06-03,68873255,4958cf50-ad3b-37f6-b1dd-7e396de63816,04337c3f-473f-4d86-8c75-5e344e240772,https://musicbrainz.org/release/04337c3f-473f-4d86-8c75-5e344e240772,
album|tina turner|private dancer,Tina Turner,Private Dancer,1984,1,088,core_graph_album,resolved,musicbrainz_ws2,high,109,10,Tina Turner,Private Dancer,1984,995303638,cffc5347-3b75-37cc-9120-0ae98b2748dc,17b4a555-4f63-4a64-9510-68b7be155431,https://musicbrainz.org/release/17b4a555-4f63-4a64-9510-68b7be155431,
album|tinariwen|aman iman,Tinariwen,Aman Iman,2007,1,099,core_graph_album,resolved,musicbrainz_ws2,high,94,12,Tinariwen,Aman Iman: Water Is Life,2007-03-13,1458138077,46bddb86-91ba-39ed-a053-bafef73e1dee,6f489cf8-577b-3ab0-9dbc-3e9faa0a2078,https://musicbrainz.org/release/6f489cf8-577b-3ab0-9dbc-3e9faa0a2078,
album|tito puente|dance mania,Tito Puente,Dance Mania,1958,1,096,core_graph_album,resolved,musicbrainz_ws2,high,109,12,Tito Puente,Dance Mania,1958,252742319,522f179f-7c31-3a7c-95ed-c22218eba84f,1538df3a-89b1-487a-8fe2-887e3a5501ea,https://musicbrainz.org/release/1538df3a-89b1-487a-8fe2-887e3a5501ea,
album|tlc|crazysexycool,TLC,CrazySexyCool,1994,1,042,core_graph_album,resolved,musicbrainz_ws2,high,109,16,TLC,CrazySexyCool,1994,270246704,3d886c06-a4c7-3431-be87-2b2940f07acd,0bb14a88-2952-4bd2-9fde-fde555429435,https://musicbrainz.org/release/0bb14a88-2952-4bd2-9fde-fde555429435,
album|tlc|fanmail,TLC,FanMail,1999,1,089,core_graph_album,resolved,musicbrainz_ws2,high,109,17,TLC,Fanmail,1999,298575243,b66b980c-7f10-3507-88b8-9851bd9d9a51,5a12c77c-e1e9-45fa-912b-8169e842a745,https://musicbrainz.org/release/5a12c77c-e1e9-45fa-912b-8169e842a745,
album|tobymac|momentum,TobyMac,Momentum,2001,1,109,context_candidate,resolved,musicbrainz_ws2,high,109,18,tobyMac,Momentum,2001-11-06,1440829273,38fda90b-774b-3cd9-b198-161534e50fe4,50626f16-c23b-4dff-84d8-fae6635ee410,https://musicbrainz.org/release/50626f16-c23b-4dff-84d8-fae6635ee410,
album|tom petty and the heartbreakers|damn the torpedoes,Tom Petty and the Heartbreakers,Damn the Torpedoes,1979,1,016,core_graph_album,resolved,musicbrainz_ws2,high,109,9,Tom Petty and the Heartbreakers,Damn the Torpedoes,1979-10-19,1440860187,871631b9-651c-3c2e-88ae-3a2491d9eb6b,ba0a85e0-a55e-3c83-a2ea-01001856be69,https://musicbrainz.org/release/ba0a85e0-a55e-3c83-a2ea-01001856be69,
album|tom rush|circle game,Tom Rush,The Circle Game,1968,1,026,core_graph_album,resolved,musicbrainz_ws2,high,109,14,Tom Rush,The Circle Game,1968,279688438,74e22965-1e9b-3855-8eb0-1fd3c9b8f903,afa67b88-f60c-49e8-8cc5-b718b5e05381,https://musicbrainz.org/release/afa67b88-f60c-49e8-8cc5-b718b5e05381,
album|tommy james and the shondells|cellophane symphony,Tommy James and the Shondells,Cellophane Symphony,1969,1,013,core_graph_album,resolved,musicbrainz_ws2,high,109,10,Tommy James and the Shondells,Cellophane Symphony,1969-10,,3984e0af-55ad-4ac3-ba4d-235e11dd7eb6,5ec47f44-3097-4f64-9d1b-9da3eb7fcdeb,https://musicbrainz.org/release/5ec47f44-3097-4f64-9d1b-9da3eb7fcdeb,
album|tomppabeats|arcade,tomppabeats,Arcade,2016,1,120,core_graph_album,resolved,musicbrainz_ws2,high,106,16,tomppabeats,Arcade,2017-12-08,1861893085,b9edbd93-8602-4ea5-a575-2fb453967f5e,6ae03fd3-d0d1-4b83-bb57-c87834c7cda2,https://musicbrainz.org/release/6ae03fd3-d0d1-4b83-bb57-c87834c7cda2,
album|tomppabeats|harbor,tomppabeats,Harbor,2016,1,120,core_graph_album,resolved,musicbrainz_ws2,high,109,38,tomppabeats,Harbor,2016-05-06,1860221614,c6a40ec3-af2e-4105-a066-0803622956fb,a86a1154-f1f1-46d3-9e6d-ecd97b8201c4,https://musicbrainz.org/release/a86a1154-f1f1-46d3-9e6d-ecd97b8201c4,
album|toms|toms,The Toms,The Toms,1979,1,021,core_graph_album,resolved,musicbrainz_ws2,high,109,32,The Toms,The Toms,1979,463894815,e6bf62c7-08a2-3e62-92fd-d2956bd09126,ebc6f1c5-b9aa-4cb4-862f-b0d1feef5e19,https://musicbrainz.org/release/ebc6f1c5-b9aa-4cb4-862f-b0d1feef5e19,
album|toni braxton|toni braxton,Toni Braxton,Toni Braxton,1993,1,041,core_graph_album,resolved,musicbrainz_ws2,high,109,12,Toni Braxton,Toni Braxton,1993-07-13,288167174,70a658d7-3b72-368a-84de-dc7df9b14ed4,de58feb2-39a7-4c19-8fde-221fca492283,https://musicbrainz.org/release/de58feb2-39a7-4c19-8fde-221fca492283,
album|tonic|lemon parade,Tonic,Lemon Parade,1996,1,071,core_graph_album,resolved,musicbrainz_ws2,high,109,12,Tonic,Lemon Parade,1996-07-16,1440911250,cd7200a6-b5f7-3b8e-b844-9377fc2c9716,45b8f188-4bcf-4a0c-a995-4230ed8b7ced,https://musicbrainz.org/release/45b8f188-4bcf-4a0c-a995-4230ed8b7ced,
album|too short|life is too short,Too Short,Life Is... Too Short,1988,1,047,core_graph_album,resolved,apple_itunes_search_api,high,100,10,Too $hort,Life Is...Too $hort,1988-01-01,270246707,,,https://music.apple.com/us/album/life-is-too-%24hort/270246707?uo=4,manual_apple_override;manual_apple_override_title_differs_from_seed;manual_apple_override_artist_differs_from_seed
album|tool|aenima,Tool,Aenima,1996,1,066,core_graph_album,resolved,musicbrainz_ws2,high,97,15,Tool,Ænima,1996-10-01,1474185335,ef1e8130-dd5f-336a-85fa-4936a47342bd,4c1fc97a-6f69-4bf9-aad0-aa4ae8c0e30d,https://musicbrainz.org/release/4c1fc97a-6f69-4bf9-aad0-aa4ae8c0e30d,
album|tool|lateralus,Tool,Lateralus,2001,1,066,core_graph_album,resolved,musicbrainz_ws2,high,109,13,Tool,Lateralus,2001-05-15,1474185412,02f79295-21e1-34cc-82f2-63219eec4f0a,74a78afb-cbf1-4291-b362-4621157e9204,https://musicbrainz.org/release/74a78afb-cbf1-4291-b362-4621157e9204,
album|tool|undertow,Tool,Undertow,1993,1,066,core_graph_album,resolved,musicbrainz_ws2,high,109,10,Tool,Undertow,1993-04-06,1474185287,b067cde8-f3a7-394a-b8e7-640ca744f2e4,660c1995-c6a0-4c90-b158-2f2d9caff78f,https://musicbrainz.org/release/660c1995-c6a0-4c90-b158-2f2d9caff78f,
album|tori amos|little earthquakes,Tori Amos,Little Earthquakes,1992,1,025,core_graph_album,resolved,musicbrainz_ws2,high,106,12,Tori Amos,Little Earthquakes,1992,981370459,cb10018e-e795-3b62-b9d6-f143d188e496,59936590-b340-47c1-975c-1be4823784f0,https://musicbrainz.org/release/59936590-b340-47c1-975c-1be4823784f0,
album|tori amos|under the pink,Tori Amos,Under the Pink,1994,1,025,core_graph_album,resolved,musicbrainz_ws2,high,109,12,Tori Amos,Under the Pink,1994-02-01,981366461,ef2b891f-ca73-3e14-b38b-a68699dab8c4,716ab432-03be-3567-9d9f-1cbb4736e0dc,https://musicbrainz.org/release/716ab432-03be-3567-9d9f-1cbb4736e0dc,
album|tornados|telstar,The Tornados,Telstar,1962,1,007,core_graph_album,resolved,musicbrainz_ws2,high,104,19,The Tornados,Telstar,1962,1436253103,7d595166-307b-4b4a-92ac-f0d12bcb1631,4e0384a0-1cb9-47dd-ae4a-799cd1e99602,https://musicbrainz.org/release/4e0384a0-1cb9-47dd-ae4a-799cd1e99602,
album|toro y moi|causers of this,Toro y Moi,Causers of This,2010,1,086,core_graph_album,resolved,musicbrainz_ws2,high,109,11,Toro y Moi,Causers of This,2010-01-04,1509106681,5397be21-4a89-4f3c-8df6-be6a95040619,08cf49a0-6560-47be-97d2-96bfe90a8bbc,https://musicbrainz.org/release/08cf49a0-6560-47be-97d2-96bfe90a8bbc,
album|toro y moi|mahal,Toro y Moi,Mahal,2022,1,117,core_graph_album,resolved,musicbrainz_ws2,high,109,13,Toro y Moi,MAHAL,2022-04-29,1601858871,56debeaa-5db4-4c68-bfd5-a4c6b19128cf,11ab45df-ee87-4785-8dde-a317b180c9fe,https://musicbrainz.org/release/11ab45df-ee87-4785-8dde-a317b180c9fe,
album|tortoise|millions now living will never die,Tortoise,Millions Now Living Will Never Die,1996,1,072,core_graph_album,resolved,musicbrainz_ws2,high,109,6,Tortoise,Millions Now Living Will Never Die,1996-01-30,308750184,7bb7debb-bdcf-3991-aa19-2937a1ad4fa9,08da1a27-a2d1-3eae-a5b0-74a935619800,https://musicbrainz.org/release/08da1a27-a2d1-3eae-a5b0-74a935619800,
album|toto|toto iv,Toto,Toto IV,1982,1,023,core_graph_album,resolved,musicbrainz_ws2,high,109,10,Toto,Toto IV,1982-04-08,185716551,0d70d25f-a64a-3eed-8b26-13fe068a4519,26ba5ca9-3dea-452a-bdbf-7f14ab54a279,https://musicbrainz.org/release/26ba5ca9-3dea-452a-bdbf-7f14ab54a279,
album|tove lo|queen of the clouds,Tove Lo,Queen of the Clouds,2014,1,091,core_graph_album,resolved,musicbrainz_ws2,high,109,16,Tove Lo,Queen of the Clouds,2014-09-30,1443218938,91d3a3b7-1814-4088-84b9-5740c1e3efd9,7ddd2b42-af35-4502-9ab7-0b579aaf4c28,https://musicbrainz.org/release/7ddd2b42-af35-4502-9ab7-0b579aaf4c28,
album|townes van zandt|townes van zandt,Townes Van Zandt,Townes Van Zandt,1969,1,027,core_graph_album,resolved,musicbrainz_ws2,high,109,10,Townes Van Zandt,Townes Van Zandt,1969-09,1194785023,4801bedb-ca04-3aef-a520-798b799778d1,af77efc3-60eb-4d4b-b53f-9b7f95c36889,https://musicbrainz.org/release/af77efc3-60eb-4d4b-b53f-9b7f95c36889,
album|toys|a lover s concerto,The Toys,A Lover's Concerto,1965,1,005,core_graph_album,resolved,musicbrainz_ws2,high,104,12,The Toys,A Lover's Concerto,1965,40459375,90342c30-e610-400e-a038-cc4555b45434,12e22234-1d34-4403-9c47-8d6aeff8994a,https://musicbrainz.org/release/12e22234-1d34-4403-9c47-8d6aeff8994a,
album|tracy chapman|tracy chapman,Tracy Chapman,Tracy Chapman,1988,1,029,core_graph_album,resolved,musicbrainz_ws2,high,109,11,Tracy Chapman,Tracy Chapman,1988,79565550,a738bdf1-f610-30aa-9ae7-9a4f90d6f2d7,9aa71d66-b335-4a12-91bf-e5e05a74b359,https://musicbrainz.org/release/9aa71d66-b335-4a12-91bf-e5e05a74b359,
album|traffic|low spark of high heeled boys,Traffic,The Low Spark of High Heeled Boys,1971,1,018,core_graph_album,resolved,musicbrainz_ws2,high,109,7,Traffic,The Low Spark of High Heeled Boys,1971-11,1440911725,12980c27-0af8-36eb-91a8-808b26b30a79,2935c135-12f7-3a1c-b349-be60a9b83cfa,https://musicbrainz.org/release/2935c135-12f7-3a1c-b349-be60a9b83cfa,
album|trammps|disco inferno,The Trammps,Disco Inferno,1976,1,040,core_graph_album,resolved,musicbrainz_ws2,high,109,6,The Trammps,Disco Inferno,1976-12-29,159362803,0507cf20-80ff-3a79-a013-4c0a78a0653b,b6d69368-6307-49b5-8dc4-7384482d8f7d,https://musicbrainz.org/release/b6d69368-6307-49b5-8dc4-7384482d8f7d,
album|trans siberian orchestra|christmas eve and other stories,Trans-Siberian Orchestra,Christmas Eve and Other Stories,1996,1,112,context_candidate,resolved,musicbrainz_ws2,high,109,17,Trans‐Siberian Orchestra,Christmas Eve and Other Stories,1996,206345419,0bf9b651-5923-397f-a07a-702e15e01383,516be347-2621-4d9a-a6aa-ca885f68fedc,https://musicbrainz.org/release/516be347-2621-4d9a-a6aa-ca885f68fedc,
album|trapt|trapt,Trapt,Trapt,2002,1,071,core_graph_album,resolved,musicbrainz_ws2,high,109,11,Trapt,Trapt,2002-11-05,301126016,bb59668a-49f4-31ea-8260-d101ddcc445f,a3482d25-5f1f-4154-b766-a05d6ffd2d10,https://musicbrainz.org/release/a3482d25-5f1f-4154-b766-a05d6ffd2d10,
album|travis scott|astroworld,Travis Scott,Astroworld,2018,1,052,core_graph_album,resolved,musicbrainz_ws2,high,109,17,Travis Scott,ASTROWORLD,2018-08-03,1421241217,c0704c7d-dc5b-43cd-b372-8056a3bf7bb2,7454704c-a26d-471f-8d78-8828463782a6,https://musicbrainz.org/release/7454704c-a26d-471f-8d78-8828463782a6,
album|travis scott|rodeo,Travis Scott,Rodeo,2015,1,052,core_graph_album,resolved,musicbrainz_ws2,high,109,16,Travis Scott,Rodeo,2015-09-04,1456176981,e6c9fd37-0211-48a2-8927-d7ef284218c4,82c96295-8ff5-4612-b16c-c7ed77159c20,https://musicbrainz.org/release/82c96295-8ff5-4612-b16c-c7ed77159c20,
album|trent reznor and atticus ross|social network,Trent Reznor and Atticus Ross,The Social Network,2010,1,107,context_candidate,resolved,musicbrainz_ws2,high,109,19,Trent Reznor and Atticus Ross,The Social Network,2010-10-15,395740920,68d34935-78f4-4dfc-8891-7155de2d2f6b,83ce7727-a218-3885-bab8-f20b60f1c0e9,https://musicbrainz.org/release/83ce7727-a218-3885-bab8-f20b60f1c0e9,
album|tricky|maxinquaye,Tricky,Maxinquaye,1995,1,084,core_graph_album,resolved,musicbrainz_ws2,high,109,12,Tricky,Maxinquaye,1995-04-18,1440918276,9fd2415f-182f-39c1-aa02-5acb36f99bef,52a0845e-ca19-439e-a428-17270c0e1990,https://musicbrainz.org/release/52a0845e-ca19-439e-a428-17270c0e1990,
album|trivium|ascendancy,Trivium,Ascendancy,2005,1,067,core_graph_album,resolved,musicbrainz_ws2,high,109,12,Trivium,Ascendancy,2005-03-15,214471765,54b8b44e-4153-3fc2-af0a-70c9c72ab9d3,03fa133e-c1b6-4ba9-a610-9a5c2e0a6fee,https://musicbrainz.org/release/03fa133e-c1b6-4ba9-a610-9a5c2e0a6fee,
album|trouble|psalm 9,Trouble,Psalm 9,1984,1,064,core_graph_album,resolved,musicbrainz_ws2,low,89,9,Trouble,Psalm 9 / The Skull,1991,1774336268,20846efe-75de-4a51-8f0f-1f5a142108b5,1915784a-ed1c-4b16-a9cf-3dfdd1282c55,https://musicbrainz.org/release/1915784a-ed1c-4b16-a9cf-3dfdd1282c55,selected_release_year_drift_from_seed_year
album|troye sivan|bloom,Troye Sivan,Bloom,2018,1,091,core_graph_album,resolved,musicbrainz_ws2,high,109,10,Troye Sivan,Bloom,2018-08-31,1396292262,5c0e582c-c6e4-4125-9f94-1f9270b6d7fd,292b1501-8b30-4026-81a4-215975885f1d,https://musicbrainz.org/release/292b1501-8b30-4026-81a4-215975885f1d,
album|tubes|tubes,The Tubes,The Tubes,1975,1,020,core_graph_album,resolved,musicbrainz_ws2,high,109,8,The Tubes,The Tubes,1975-06,1434895031,1021bf27-c0e9-32d5-b6c0-b135b75a7eb4,a73207c0-bd0c-4010-a9b3-910193390c0e,https://musicbrainz.org/release/a73207c0-bd0c-4010-a9b3-910193390c0e,
album|turnpike troubadours|diamonds and gasoline,Turnpike Troubadours,Diamonds & Gasoline,2010,1,036,core_graph_album,resolved,musicbrainz_ws2,high,106,12,Turnpike Troubadours,Diamonds & Gasoline,2010-08-31,389422164,4841688e-9fdb-4f47-af98-905242d88792,4bd76c0e-1be5-4e0e-89e7-40af095ed0c6,https://musicbrainz.org/release/4bd76c0e-1be5-4e0e-89e7-40af095ed0c6,
album|turnstile|glow on,Turnstile,Glow On,2021,1,115,core_graph_album,resolved,musicbrainz_ws2,high,109,15,Turnstile,GLOW ON,2021-08-27,1576430192,0f06bec9-22c7-4f7d-8784-5e902096246b,8f914f2d-d449-4349-8463-f654867b0f35,https://musicbrainz.org/release/8f914f2d-d449-4349-8463-f654867b0f35,
album|turtles|turtles present the battle of the bands,The Turtles,The Turtles Present the Battle of the Bands,1968,1,013,core_graph_album,resolved,musicbrainz_ws2,high,109,14,The Turtles,The Turtles Present the Battle of the Bands,1968,79087243,15bd63fa-7b6f-3034-ae59-3209e6dbd7c1,569e1226-72a2-4dfa-8cb4-ecd5d9643386,https://musicbrainz.org/release/569e1226-72a2-4dfa-8cb4-ecd5d9643386,
album|tv on the radio|return to cookie mountain,TV on the Radio,Return to Cookie Mountain,2006,1,080,boundary_candidate,resolved,musicbrainz_ws2,high,109,11,TV on the Radio,Return to Cookie Mountain,2006-09-12,1437098983,3fc31d4b-442a-3cbc-872a-b2418e2b9145,45456344-533e-495e-9ff8-6e92c241e33d,https://musicbrainz.org/release/45456344-533e-495e-9ff8-6e92c241e33d,
album|twice|formula of love,TWICE,Formula of Love,2021,1,098,core_graph_album,resolved,musicbrainz_ws2,high,97,16,TWICE,Formula of Love: O+T=<3,2021-11-12,1591509653,378fe5ec-3270-48d1-a91c-2cb58ba656c4,ac23012a-a4da-4ed9-a6c3-5177e721cfda,https://musicbrainz.org/release/ac23012a-a4da-4ed9-a6c3-5177e721cfda,
album|twice|formula of love o t 3,Twice,Formula of Love: O+T=<3,2021,1,098,core_graph_album,resolved,musicbrainz_ws2,high,109,16,TWICE,Formula of Love: O+T=<3,2021-11-12,1591509653,378fe5ec-3270-48d1-a91c-2cb58ba656c4,ac23012a-a4da-4ed9-a6c3-5177e721cfda,https://musicbrainz.org/release/ac23012a-a4da-4ed9-a6c3-5177e721cfda,
album|twisted sister|stay hungry,Twisted Sister,Stay Hungry,1984,1,063,core_graph_album,resolved,musicbrainz_ws2,high,109,9,Twisted Sister,Stay Hungry,1984,1788380657,ce11e17f-1c1f-345e-9c41-e5f0010c3b53,0a29e542-762a-46c0-9cac-65ebd126aadb,https://musicbrainz.org/release/0a29e542-762a-46c0-9cac-65ebd126aadb,
album|tycho|dive,Tycho,Dive,2011,2,086;120,core_graph_album,resolved,musicbrainz_ws2,high,109,10,Tycho,Dive,2012-09-04,679251532,2761652b-4e8b-4e94-bb42-0f42f3998d54,0dfe2c29-75ea-4689-bfef-18820c53f9b2,https://musicbrainz.org/release/0dfe2c29-75ea-4689-bfef-18820c53f9b2,
album|tygers of pan tang|spellbound,Tygers of Pan Tang,Spellbound,1981,1,061,core_graph_album,resolved,musicbrainz_ws2,high,109,10,Tygers of Pan Tang,Spellbound,1981,1443734834,14b2ccc5-420e-3cf7-bd33-820260d7d696,04decc95-3e06-4b4b-bdc7-8d7be5a133c2,https://musicbrainz.org/release/04decc95-3e06-4b4b-bdc7-8d7be5a133c2,
album|tyla|tyla,Tyla,Tyla,2024,1,097,core_graph_album,resolved,musicbrainz_ws2,high,109,17,Tyla,TYLA,2024-03-22,1772394609,7a360dbb-9773-4d5a-9a24-cce8203f1428,7c28a833-972c-4e30-b9d6-6f40286c28d8,https://musicbrainz.org/release/7c28a833-972c-4e30-b9d6-6f40286c28d8,
album|tyler childers|purgatory,Tyler Childers,Purgatory,2017,1,036,core_graph_album,resolved,musicbrainz_ws2,high,109,10,Tyler Childers,Purgatory,2017-08-04,1241483617,3346e360-5d98-4a43-b37c-322781fa7d6a,d0331064-ccea-4d72-bd72-0b1a89e65bb9,https://musicbrainz.org/release/d0331064-ccea-4d72-bd72-0b1a89e65bb9,
album|tyler the creator|flower boy,"Tyler, the Creator",Flower Boy,2017,1,051,core_graph_album,resolved,musicbrainz_ws2,high,109,14,"Tyler, The Creator",Flower Boy,2017-07-21,1254572564,e248e931-c26c-4c94-aba2-2f89ce583901,c4d321ac-f21d-45e8-aebc-31986fc8233b,https://musicbrainz.org/release/c4d321ac-f21d-45e8-aebc-31986fc8233b,
album|tyler the creator|igor,"Tyler, the Creator",Igor,2019,1,051,boundary_candidate,resolved,musicbrainz_ws2,high,109,12,"Tyler, The Creator",IGOR,2019-05-17,1463409338,0f1b9e07-b38b-4bba-9794-55e0924d7177,4603cee3-ece6-435c-b0b7-7d9eb1842d36,https://musicbrainz.org/release/4603cee3-ece6-435c-b0b7-7d9eb1842d36,
album|ufo|phenomenon,UFO,Phenomenon,1974,1,017,core_graph_album,resolved,musicbrainz_ws2,high,109,16,UFO,Phenomenon,1974-05,1629180213,4c7412bc-cf90-33f9-a1ae-911bdcf2bc6f,34945ed2-a8f0-4849-9d13-2de44a558d98,https://musicbrainz.org/release/34945ed2-a8f0-4849-9d13-2de44a558d98,
album|ugk|ridin dirty,UGK,Ridin' Dirty,1996,1,049,core_graph_album,resolved,musicbrainz_ws2,high,109,13,UGK,Ridin' Dirty,1996-07-30,268522887,d1935561-e375-317b-b49b-ddbc78c52603,f97742c8-c757-4ede-8374-80969338b4e4,https://musicbrainz.org/release/f97742c8-c757-4ede-8374-80969338b4e4,
album|ultravox|rage in eden,Ultravox,Rage in Eden,1981,1,058,core_graph_album,resolved,musicbrainz_ws2,high,109,47,Ultravox,Rage in Eden,1981,1633071500,46636393-805f-3cdf-a018-214921c90cb5,0ad61919-c454-4f4c-a7e6-42a5b4894606,https://musicbrainz.org/release/0ad61919-c454-4f4c-a7e6-42a5b4894606,
album|uncle tupelo|anodyne,Uncle Tupelo,Anodyne,1993,1,028,core_graph_album,resolved,musicbrainz_ws2,high,109,12,Uncle Tupelo,Anodyne,1993-05,302161524,3f5d700b-ee01-337e-a21f-d08ac37577a8,16f91bd3-af0d-4f20-b9ea-f30deabb05d4,https://musicbrainz.org/release/16f91bd3-af0d-4f20-b9ea-f30deabb05d4,
album|uncle tupelo|march 16 20 1992,Uncle Tupelo,"March 16-20, 1992",1992,1,028,core_graph_album,resolved,musicbrainz_ws2,high,109,21,Uncle Tupelo,"March 16–20, 1992",1992-08-03,287520820,3301281d-541b-3c45-b157-0ffcd0f29880,4aa7a6c1-367b-4e0d-92de-f167cc0c636e,https://musicbrainz.org/release/4aa7a6c1-367b-4e0d-92de-f167cc0c636e,
album|uncle tupelo|no depression,Uncle Tupelo,No Depression,1990,1,028,core_graph_album,resolved,musicbrainz_ws2,high,109,19,Uncle Tupelo,No Depression,1990,192705668,ddaa457c-0b1f-3511-9a4a-e19ae2af0dab,3950d762-f987-46ac-8044-86d90e40dd5d,https://musicbrainz.org/release/3950d762-f987-46ac-8044-86d90e40dd5d,
album|underoath|define the great line,Underoath,Define the Great Line,2006,1,067,core_graph_album,resolved,musicbrainz_ws2,high,109,11,Underoath,Define the Great Line,2006-06-20,718995641,9f9d9f20-2653-32e9-b048-26abbaf227da,0bc37887-f992-481b-b66b-f674fad8d9aa,https://musicbrainz.org/release/0bc37887-f992-481b-b66b-f674fad8d9aa,
album|underscores|fishmonger,underscores,fishmonger,2021,1,119,core_graph_album,resolved,musicbrainz_ws2,high,109,10,underscores,fishmonger,2021-03-25,1554129662,59eda79b-6975-490e-873e-12790e4bda01,7b10301a-3a74-4d5d-8312-443389d0b4ec,https://musicbrainz.org/release/7b10301a-3a74-4d5d-8312-443389d0b4ec,
album|underscores|wallsocket,underscores,Wallsocket,2023,1,119,core_graph_album,resolved,musicbrainz_ws2,high,109,12,underscores,Wallsocket,2023-09-22,1693478262,e62dd650-9203-46cc-8d9e-9dcc4e12f136,9d56a188-72d7-4e66-9619-d10043a1d6e4,https://musicbrainz.org/release/9d56a188-72d7-4e66-9619-d10043a1d6e4,
album|undertones|undertones,The Undertones,The Undertones,1979,1,053,core_graph_album,resolved,musicbrainz_ws2,high,109,16,The Undertones,The Undertones,1979,1716085726,d462b990-66d5-3c6b-bc67-4f3d152cdc45,22e99869-8e35-4f0c-aa04-ee3b0a05a4e1,https://musicbrainz.org/release/22e99869-8e35-4f0c-aa04-ee3b0a05a4e1,
album|united states of america|united states of america,The United States of America,The United States of America,1968,1,015,core_graph_album,resolved,musicbrainz_ws2,high,109,20,The United States of America,The United States of America,1968-03-06,289013081,374ef16c-489b-3a3a-91f6-820827807469,f748a71b-619a-49f3-adf6-91928a4f5a64,https://musicbrainz.org/release/f748a71b-619a-49f3-adf6-91928a4f5a64,
album|unkle|psyence fiction,UNKLE,Psyence Fiction,1998,1,084,core_graph_album,resolved,musicbrainz_ws2,high,109,13,UNKLE,Psyence Fiction,1998-09-29,1667639546,17027712-7707-3791-ab65-5320e5ebe501,953a6d30-172c-4919-8a80-1e4f754e71bd,https://musicbrainz.org/release/953a6d30-172c-4919-8a80-1e4f754e71bd,
album|unknown mortal orchestra|multi love,Unknown Mortal Orchestra,Multi-Love,2015,1,117,core_graph_album,resolved,musicbrainz_ws2,high,109,9,Unknown Mortal Orchestra,Multi‐Love,2015-05-21,962057741,92bb3a03-b694-43b2-95b4-7c6e61aab422,7df1b545-42b9-407e-9cca-c2fda2b8ae5a,https://musicbrainz.org/release/7df1b545-42b9-407e-9cca-c2fda2b8ae5a,
album|unwound|leaves turn inside you,Unwound,Leaves Turn Inside You,2001,1,060,core_graph_album,resolved,musicbrainz_ws2,high,109,14,Unwound,Leaves Turn Inside You,2001-04-17,954012181,75a65e18-da84-345d-a30e-4a7e1b605a22,3b1b7509-7bff-4a95-9ee8-f5e050cf102e,https://musicbrainz.org/release/3b1b7509-7bff-4a95-9ee8-f5e050cf102e,
album|unwound|repetition,Unwound,Repetition,1996,1,060,core_graph_album,resolved,musicbrainz_ws2,high,109,12,Unwound,Repetition,1996-04,954008102,86cc195d-3e67-3418-9bfa-9905206765a2,3af9fdd9-0f7d-41fb-86ea-de388eb18a04,https://musicbrainz.org/release/3af9fdd9-0f7d-41fb-86ea-de388eb18a04,
album|uriah heep|demons and wizards,Uriah Heep,Demons and Wizards,1972,1,017,boundary_candidate,resolved,musicbrainz_ws2,high,109,28,Uriah Heep,Demons and Wizards,1972-05,1541874636,19f95cb8-6ffc-307f-a474-369103dd1b82,52f4492c-9e71-328a-b343-437c1e15455e,https://musicbrainz.org/release/52f4492c-9e71-328a-b343-437c1e15455e,
album|used|in love and death,The Used,In Love and Death,2004,1,077,core_graph_album,resolved,musicbrainz_ws2,high,109,13,The Used,In Love and Death,2004-09-28,63816391,f9d76741-7b7a-30f3-beb0-f90f5e6986f1,c5356b76-6583-4187-ab57-89c0955169b9,https://musicbrainz.org/release/c5356b76-6583-4187-ab57-89c0955169b9,
album|used|used,The Used,The Used,2002,1,077,core_graph_album,resolved,musicbrainz_ws2,high,109,12,The Used,The Used,2002-06-25,283074453,2c578537-d479-3345-a1cd-2bd424619ce7,ed87b9a4-08d7-44b0-9af9-30e0ca325418,https://musicbrainz.org/release/ed87b9a4-08d7-44b0-9af9-30e0ca325418,
album|usher|my way,Usher,My Way,1997,1,042,core_graph_album,resolved,musicbrainz_ws2,high,109,10,Usher,My Way,1997,278845426,1977b74d-07f2-317c-a56e-7cb72f469fa2,412ba5fd-a585-3d89-83e5-a5477fb0c379,https://musicbrainz.org/release/412ba5fd-a585-3d89-83e5-a5477fb0c379,
album|vampire weekend|vampire weekend,Vampire Weekend,Vampire Weekend,2008,1,078,core_graph_album,resolved,musicbrainz_ws2,high,106,11,Vampire Weekend,Vampire Weekend,2008-01-29,270425072,6719eb4c-42fb-3118-84a2-98c2fdbca79f,26f5a92e-4f53-4312-aa72-5cd9eb9c38d7,https://musicbrainz.org/release/26f5a92e-4f53-4312-aa72-5cd9eb9c38d7,
album|van der graaf generator|pawn hearts,Van der Graaf Generator,Pawn Hearts,1971,1,018,boundary_candidate,resolved,musicbrainz_ws2,high,109,8,Van der Graaf Generator,Pawn Hearts,1971,714659628,d5afa3d7-a3b6-3b95-a812-8416dd292b9b,0a0bb76e-cf9a-4660-9c0b-be544b0969ee,https://musicbrainz.org/release/0a0bb76e-cf9a-4660-9c0b-be544b0969ee,
album|van dyke parks|song cycle,Van Dyke Parks,Song Cycle,1967,1,012,core_graph_album,resolved,musicbrainz_ws2,high,106,12,Van Dyke Parks,Song Cycle,1968,256717097,8a9daa2c-faf5-3357-ad2e-15253c678300,c757416d-2633-3ef8-a7e7-f94a3e3e20df,https://musicbrainz.org/release/c757416d-2633-3ef8-a7e7-f94a3e3e20df,
album|van halen|van halen,Van Halen,Van Halen,1978,1,017,core_graph_album,resolved,musicbrainz_ws2,high,109,11,Van Halen,Van Halen,1978-02-10,976820530,43a0e8b5-6059-397f-81e6-b8df5a648496,0d5f0dc2-b597-4b6c-9a6f-49b70b8e23b6,https://musicbrainz.org/release/0d5f0dc2-b597-4b6c-9a6f-49b70b8e23b6,
album|vangelis|blade runner,Vangelis,Blade Runner,1994,1,107,core_graph_album,resolved,musicbrainz_ws2,high,106,12,Vangelis,Blade Runner,1994-06-21,73327394,f393097a-b567-3253-9bdf-df353ee3e9e1,019baae6-7a73-4ec9-9320-346b3a67f219,https://musicbrainz.org/release/019baae6-7a73-4ec9-9320-346b3a67f219,
album|vangelis|chariots of fire,Vangelis,Chariots of Fire,1981,1,107,context_candidate,resolved,musicbrainz_ws2,high,109,7,Vangelis,Chariots of Fire,1981,1450958543,2a5ecb95-4c06-3386-a141-e60343ab5d26,89fb6b5b-6ac2-465c-93bf-be430010de66,https://musicbrainz.org/release/89fb6b5b-6ac2-465c-93bf-be430010de66,
album|vanilla fudge|vanilla fudge,Vanilla Fudge,Vanilla Fudge,1967,1,014,core_graph_album,resolved,musicbrainz_ws2,high,109,7,Vanilla Fudge,Vanilla Fudge,1967,78980146,52863bd6-7653-3f5c-bd48-949280d35987,1c03baab-49a1-3798-af43-8f1f6a5feb01,https://musicbrainz.org/release/1c03baab-49a1-3798-af43-8f1f6a5feb01,
album|various artists|a christmas gift for you from phil spector,Various Artists,A Christmas Gift for You from Phil Spector,1963,1,112,context_candidate,resolved,musicbrainz_ws2,medium,109,13,Various Artists,A Christmas Gift for You From Philles Records,1963-11-22,336036941,8f919a57-d6c1-3a57-86e6-28263607099e,419f528b-b887-4201-959b-d5bbc5f2c1b7,https://musicbrainz.org/release/419f528b-b887-4201-959b-d5bbc5f2c1b7,
album|various artists|a very special christmas,Various Artists,A Very Special Christmas,1987,1,112,core_graph_album,resolved,musicbrainz_ws2,high,109,15,Various Artists,A Very Special Christmas,1987-10-12,1487549700,c56a4c08-4638-3638-a3bc-2896a46e7d44,c87e0cff-540a-4faf-848c-143aa553920a,https://musicbrainz.org/release/c87e0cff-540a-4faf-848c-143aa553920a,
album|various artists|aladdin,Various Artists,Aladdin,1992,1,105,context_candidate,resolved,musicbrainz_ws2,low,89,21,Various Artists,Disney's Aladdin,2004,1440722016,deccd4fc-c63a-44c7-bd0e-8f9d623a4e55,13bec486-ca1a-4187-9b1a-9d79c047ef36,https://musicbrainz.org/release/13bec486-ca1a-4187-9b1a-9d79c047ef36,selected_release_year_far_from_seed_year
album|various artists|atlantic rhythm and blues 1947 1974,Various Artists,Atlantic Rhythm and Blues 1947-1974,1985,1,001,core_graph_album,resolved,musicbrainz_ws2,high,109,187,Various Artists,Atlantic Rhythm & Blues 1947–1974,1985,,d148dc32-5624-33c6-ad1c-19fb857277dd,1e6007f1-6b13-44ba-af03-d9d92ba34285,https://musicbrainz.org/release/1e6007f1-6b13-44ba-af03-d9d92ba34285,
album|various artists|barbie the album,Various Artists,Barbie The Album,2023,1,106,core_graph_album,resolved,musicbrainz_ws2,high,109,17,Various Artists,Barbie: The Album,2023-07-21,1689238301,866df188-ec18-448d-add1-e15e756e4f01,cb80bd3b-1497-4815-b76e-f40cabce21bc,https://musicbrainz.org/release/cb80bd3b-1497-4815-b76e-f40cabce21bc,
album|various artists|beauty and the beast,Various Artists,Beauty and the Beast,1991,1,105,context_candidate,resolved,musicbrainz_ws2,high,99,15,Various Artists,The Beauty and the Beast,1993,1699102817,bc79921a-e0fd-414a-b717-3cd0b82ad026,0fe08dea-bd0a-4238-a16c-340377a5fdec,https://musicbrainz.org/release/0fe08dea-bd0a-4238-a16c-340377a5fdec,
album|various artists|big chill,Various Artists,The Big Chill,1983,1,106,core_graph_album,resolved,musicbrainz_ws2,high,109,10,Various Artists,The Big Chill,1983,1469579642,de806f96-59b4-3b67-a6f5-998ac5f31605,95db20db-9a10-4c8e-80db-e9db061819c3,https://musicbrainz.org/release/95db20db-9a10-4c8e-80db-e9db061819c3,
album|various artists|bodyguard,Various Artists,The Bodyguard,1992,1,106,context_candidate,resolved,musicbrainz_ws2,high,94,12,Various Artists,The Bodyguard: Original Soundtrack Album,1992-11-17,388151892,9577b974-cce5-35b2-82d0-0969e5484a73,8765eec6-c74e-420e-b1c8-4415eb284158,https://musicbrainz.org/release/8765eec6-c74e-420e-b1c8-4415eb284158,
album|various artists|children s favorites vol 1,Various Artists,"Children's Favorites, Vol. 1",2008,1,114,false_nearby_candidate,resolved,apple_itunes_search_api,medium,100,30,Various Artists,"Children's Favorites, Vol. 1",2008-01-01,1440798564,,,https://music.apple.com/us/album/childrens-favorites-vol-1/1440798564?uo=4,manual_apple_override;manual_apple_override_confidence_medium
album|various artists|coco,Various Artists,Coco,2017,1,105,context_candidate,resolved,musicbrainz_ws2,medium,91,38,Various Artists,Coco (Originalt Dansk Soundtrack),2017-11-10,1440671241,e334bf95-45be-4dc7-950b-cf1b68ce382e,1af5373a-574e-4716-bd4c-a99d290b095a,https://musicbrainz.org/release/1af5373a-574e-4716-bd4c-a99d290b095a,
album|various artists|crow,Various Artists,The Crow,1994,1,106,context_candidate,resolved,musicbrainz_ws2,low,89,14,Various Artists,The Crow: Salvation: Original Motion Picture Soundtrack,2000-03-28,322025243,bdb68ade-9d8d-31df-9bc5-f175e1ff8ef6,aa9aaceb-fc2b-4c1e-9028-5331ec5960a9,https://musicbrainz.org/release/aa9aaceb-fc2b-4c1e-9028-5331ec5960a9,selected_release_year_drift_from_seed_year
album|various artists|dirty dancing,Various Artists,Dirty Dancing,1987,1,106,context_candidate,resolved,musicbrainz_ws2,medium,85,12,Various Artists,Dirty Dancing: Live in Concert,1989,254938499,64cb3023-ccc3-3e1a-bd8d-aa0435be7a22,8a1d8565-1af6-498e-b3c8-03eeaef5c2fa,https://musicbrainz.org/release/8a1d8565-1af6-498e-b3c8-03eeaef5c2fa,
album|various artists|doo wop box,Various Artists,The Doo Wop Box,1993,1,003,core_graph_album,resolved,musicbrainz_ws2,medium,91,101,Various Artists,"The Doo Wop Box, Volume II: 101 More Vocal Group Gems",1996-10-01,,17ffc020-eeb1-36a7-93a4-1071cbc58877,a75c0d54-39c1-47e4-8974-456e0e8391a0,https://musicbrainz.org/release/a75c0d54-39c1-47e4-8974-456e0e8391a0,
album|various artists|dr demento 20th anniversary collection,Various Artists,Dr. Demento 20th Anniversary Collection,1991,1,111,context_candidate,resolved,musicbrainz_ws2,high,109,36,Various Artists,Dr. Demento 20th Anniversary Collection,1991-05-21,,1f3a9350-85c6-3d3f-b291-462ed71e5a2a,57eba1c4-12e9-40b2-a3c3-959ec2058f0b,https://musicbrainz.org/release/57eba1c4-12e9-40b2-a3c3-959ec2058f0b,
album|various artists|encanto,Various Artists,Encanto,2021,1,105,context_candidate,resolved,musicbrainz_ws2,high,107,44,Lin‐Manuel Miranda & Germaine Franco,Encanto,2021-11-19,1594677532,0266c80c-b550-43f3-824f-fb435977460c,9d907d36-c6f3-4099-8ee7-45cc3ea9aa45,https://musicbrainz.org/release/9d907d36-c6f3-4099-8ee7-45cc3ea9aa45,
album|various artists|essential sun rockabillies vol 1,Various Artists,"Essential Sun Rockabillies, Vol. 1",2006,1,002,core_graph_album,resolved,apple_itunes_search_api,medium,100,25,Various Artists,"Essential Sun Rockabillies, Vol. 1",2006-04-14,156819935,,,https://music.apple.com/us/album/essential-sun-rockabillies-vol-1/156819935?uo=4,manual_apple_override;manual_apple_override_confidence_medium
album|various artists|forrest gump,Various Artists,Forrest Gump,1994,1,106,context_candidate,resolved,musicbrainz_ws2,high,97,12,Various Artists,Forrest Gump: The Soundtrack,1994-06-28,418556875,6d79d579-213d-3172-a860-1cd9bde0ecd5,97b727f1-8f4e-42fc-ac00-cc87536273aa,https://musicbrainz.org/release/97b727f1-8f4e-42fc-ac00-cc87536273aa,
album|various artists|frozen,Various Artists,Frozen,2013,2,105;114,context_candidate;false_nearby_candidate,resolved,musicbrainz_ws2,high,111,32,"Kristen Anderson‐Lopez, Robert Lopez & Christophe Beck",Frozen,2013-11-25,1440618177,b1b7e9ba-bbac-4bdd-90fb-9517f840b247,8f029e53-8d2d-4ba4-818d-df640849db2b,https://musicbrainz.org/release/8f029e53-8d2d-4ba4-818d-df640849db2b,
album|various artists|frozen ii,Various Artists,Frozen II,2019,1,105,core_graph_album,resolved,musicbrainz_ws2,high,109,46,Various Artists,Frozen II,2019-11-15,1487738280,de1f4e47-c744-45ca-886f-903a1bb04032,53318aff-e655-4654-b66a-907a9c5d2165,https://musicbrainz.org/release/53318aff-e655-4654-b66a-907a9c5d2165,
album|various artists|garden state,Various Artists,Garden State,2004,1,106,context_candidate,resolved,musicbrainz_ws2,medium,90,13,Various Artists,Garden State: Music From the Motion Picture,2004-08-10,153445128,d4e93e1d-f56c-3a47-b7d4-55b1ff0de946,eaeeea66-1748-4a75-b6b2-a5bf9310411e,https://musicbrainz.org/release/eaeeea66-1748-4a75-b6b2-a5bf9310411e,
album|various artists|graduate,Various Artists,The Graduate,1968,1,106,context_candidate,resolved,musicbrainz_ws2,low,81,15,Various Artists,The Graduate: Music from the Broadway Comedy,2002-04-09,198000984,4df189d4-2278-34d3-9c16-021b7db82f05,f53e02f1-d75b-432d-8461-67dade7dcbf9,https://musicbrainz.org/release/f53e02f1-d75b-432d-8461-67dade7dcbf9,selected_release_year_far_from_seed_year
album|various artists|greatest showman,Various Artists,The Greatest Showman,2017,1,106,context_candidate,resolved,musicbrainz_ws2,medium,87,11,Benj Pasek & Justin Paul,The Greatest Showman: Original Motion Picture Soundtrack,2017-12-08,1599415706,c0639f1e-5be4-4442-9203-58b33324e784,93113a18-eb7b-41cb-9389-36592a33bf2b,https://musicbrainz.org/release/93113a18-eb7b-41cb-9389-36592a33bf2b,
album|various artists|guardians of the galaxy awesome mix vol 1,Various Artists,Guardians of the Galaxy: Awesome Mix Vol. 1,2014,1,106,context_candidate,resolved,musicbrainz_ws2,high,97,12,Various Artists,"Guardians of the Galaxy: Awesome Mix, Vol. 1",2014-07-28,1570395322,950092d6-45f6-4269-87da-99a9ff2fcc52,8c930411-7b42-4089-b20e-337aca7b8e64,https://musicbrainz.org/release/8c930411-7b42-4089-b20e-337aca7b8e64,
album|various artists|hercules,Various Artists,Hercules,1997,1,105,context_candidate,resolved,musicbrainz_ws2,medium,86,24,Various Artists,Disney Parade Hercules,1999,1412858854,87dce158-d81e-43f5-8fdc-347953709042,d7492c02-ccc7-4c28-8c62-2098ecc72340,https://musicbrainz.org/release/d7492c02-ccc7-4c28-8c62-2098ecc72340,
album|various artists|hunchback of notre dame,Various Artists,The Hunchback of Notre Dame,1996,1,105,core_graph_album,resolved,musicbrainz_ws2,high,111,17,Dennis DeYoung,The Hunchback of Notre Dame,1996,106358272,ba46c262-1cc9-3e4f-bf20-afeff6da2d5f,b9065956-b9f9-4807-8531-5c71a25c7802,https://musicbrainz.org/release/b9065956-b9f9-4807-8531-5c71a25c7802,
album|various artists|jock jams volume 1,Various Artists,"Jock Jams, Volume 1",1995,1,113,core_graph_album,resolved,musicbrainz_ws2,high,97,20,Various Artists,"ESPN Presents: Jock Jams, Volume 1",1995-07-25,,6078489d-a78f-3c32-a790-b4e35a754ddb,c3b6ff7d-0cf3-4834-9631-1c1984e48e44,https://musicbrainz.org/release/c3b6ff7d-0cf3-4834-9631-1c1984e48e44,
album|various artists|lilo and stitch,Various Artists,Lilo & Stitch,2002,1,105,core_graph_album,resolved,musicbrainz_ws2,high,109,12,Various Artists,Lilo & Stitch,2002-06-11,1440736675,5f2eaaca-e3c9-393e-bc31-83b7d60250d7,8ea70623-54b8-4ba1-8811-1c7523c36271,https://musicbrainz.org/release/8ea70623-54b8-4ba1-8811-1c7523c36271,
album|various artists|lion king,Various Artists,The Lion King,1994,1,105,context_candidate,resolved,musicbrainz_ws2,low,93,19,Various Artists,The Lion King: Original Motion Picture Soundtrack,2019-07-11,1472083270,54d0fe47-8798-42f8-9f85-23e07cef828e,15783387-96b5-494d-bad2-f5cf31a7ae93,https://musicbrainz.org/release/15783387-96b5-494d-bad2-f5cf31a7ae93,selected_release_year_far_from_seed_year
album|various artists|little mermaid,Various Artists,The Little Mermaid,1989,1,105,context_candidate,resolved,musicbrainz_ws2,low,81,8,Various Artists,The Little Mermaid and Friends,2006-10-16,1445884016,9f1983a0-62e9-468a-bce0-fa07c2757beb,010f3268-7127-49c5-867a-4dd225705f2c,https://musicbrainz.org/release/010f3268-7127-49c5-867a-4dd225705f2c,selected_release_year_far_from_seed_year
album|various artists|mary poppins,Various Artists,Mary Poppins,1964,1,105,core_graph_album,resolved,musicbrainz_ws2,low,93,17,Various Artists,Mary Poppins,2012,1400183777,d16a3d4d-bbfa-440b-b45b-27469ecf726d,80fd868d-c0e4-4b77-b64e-a55a421458b6,https://musicbrainz.org/release/80fd868d-c0e4-4b77-b64e-a55a421458b6,selected_release_year_far_from_seed_year
album|various artists|matrix,Various Artists,The Matrix,1999,1,106,context_candidate,resolved,musicbrainz_ws2,medium,89,15,Various Artists,Enter The Matrix,2003,,4a35ef9c-a76a-4a27-8914-a8d2a08b97f2,2eca7820-6caa-4a54-89e8-93661975b055,https://musicbrainz.org/release/2eca7820-6caa-4a54-89e8-93661975b055,
album|various artists|moana,Various Artists,Moana,2016,1,105,context_candidate,resolved,musicbrainz_ws2,low,89,40,Various Artists,Moana Lounge: Polynesian Vibes,2004,1440634928,0030f41e-e6eb-49fa-917f-a0b688374e93,24b77710-8cee-41c8-8b87-3ff5f5421d9c,https://musicbrainz.org/release/24b77710-8cee-41c8-8b87-3ff5f5421d9c,selected_release_year_far_from_seed_year
album|various artists|moulin rouge,Various Artists,Moulin Rouge!,2001,1,106,context_candidate,resolved,musicbrainz_ws2,high,106,15,Various Artists,Moulin Rouge!,2001-05-08,1440845640,47a50465-3e12-3bd5-94b6-cfd0f68554bf,5a3a2368-93a9-471a-8821-f87d478a8512,https://musicbrainz.org/release/5a3a2368-93a9-471a-8821-f87d478a8512,
album|various artists|mulan,Various Artists,Mulan,1998,1,105,context_candidate,resolved,musicbrainz_ws2,high,109,12,Various Artists,Mulan,1998,1624897097,f2fc7018-80ba-419d-b514-28b091e8c41b,86b6bd17-6a96-4ff8-b32e-7b054b974392,https://musicbrainz.org/release/86b6bd17-6a96-4ff8-b32e-7b054b974392,
album|various artists|now that s what i call christmas,Various Artists,Now That's What I Call Christmas!,2001,1,112,core_graph_album,resolved,musicbrainz_ws2,high,109,36,Various Artists,Now That’s What I Call Christmas!,2001-10-23,,b3ecdcae-b08c-3c9c-8b98-198bbedce9b4,f1e9febc-e354-4065-bcba-1f6053cffcde,https://musicbrainz.org/release/f1e9febc-e354-4065-bcba-1f6053cffcde,
album|various artists|o brother where art thou,Various Artists,"O Brother, Where Art Thou?",2000,1,106,context_candidate,resolved,musicbrainz_ws2,medium,94,12,Various Artists,"Songs Made More Famous by the Movie O Brother, Where Art Thou",2001,208632383,7837bf77-d4b3-47bd-b69d-2a61ec52f5d4,81a7e12f-6044-48b5-b109-ca573e060297,https://musicbrainz.org/release/81a7e12f-6044-48b5-b109-ca573e060297,
album|various artists|pocahontas,Various Artists,Pocahontas,1995,1,105,context_candidate,resolved,musicbrainz_ws2,medium,91,28,Various Artists,Pocahontas (Deutscher Original Film-Soundtrack),1995-01-01,1561429755,e37d0bf3-d6fe-42d7-a70f-9d31e6e6bcd1,eeedd4d2-2e45-428a-9dbc-e2f8ff4233a4,https://musicbrainz.org/release/eeedd4d2-2e45-428a-9dbc-e2f8ff4233a4,
album|various artists|princess and the frog,Various Artists,The Princess and the Frog,2009,1,105,context_candidate,resolved,musicbrainz_ws2,high,93,10,Various Artists,The Princess and the Frog: Tiana and Her Princess Friends,2009-11-23,1443995762,dce815ab-b262-4d9c-bfc7-2b721a97a8dc,3bddb199-b2ae-4edb-837d-90eafe04b684,https://musicbrainz.org/release/3bddb199-b2ae-4edb-837d-90eafe04b684,
album|various artists|pulp fiction,Various Artists,Pulp Fiction,1994,1,106,context_candidate,resolved,musicbrainz_ws2,low,96,20,Various Artists,Pulp Fiction,2005-10-04,1469583186,6ec24356-e2f9-402a-9e9c-2ee68ce5b509,88533e9c-dca4-441a-8470-a17dca695549,https://musicbrainz.org/release/88533e9c-dca4-441a-8470-a17dca695549,selected_release_year_far_from_seed_year
album|various artists|romeo juliet,Various Artists,Romeo + Juliet,1996,1,106,context_candidate,resolved,musicbrainz_ws2,medium,94,11,Various Artists,"William Shakespeare’s Romeo + Juliet, Volume 2",1997-04-08,1467520632,5f81b95c-8a86-357d-88a4-4760ead1e413,c69aca69-df4d-425f-9c93-76bde85be076,https://musicbrainz.org/release/c69aca69-df4d-425f-9c93-76bde85be076,
album|various artists|saturday night fever,Various Artists,Saturday Night Fever,1977,2,040;106,context_candidate;core_graph_album,resolved,musicbrainz_ws2,medium,93,17,Various Artists,Saturday Night Fever,2017-07-03,1445668458,dd8956b0-f828-47ea-9998-0539eeefe8cc,9830ba5c-f24d-4df5-9d1a-76db4c19cb40,https://musicbrainz.org/release/9830ba5c-f24d-4df5-9d1a-76db4c19cb40,selected_release_year_far_from_seed_year
album|various artists|shrek,Various Artists,Shrek,2001,1,106,core_graph_album,resolved,musicbrainz_ws2,medium,91,14,Various Artists,Shrek 2 (Motion Picture Soundtrack),2004-05-19,1440894190,d7739c08-752f-331f-9e65-eedc7339165a,dfe0e97a-c72c-4fb0-b5a4-673022464fd7,https://musicbrainz.org/release/dfe0e97a-c72c-4fb0-b5a4-673022464fd7,
album|various artists|singles,Various Artists,Singles,1992,1,106,core_graph_album,resolved,musicbrainz_ws2,low,97,13,Various Artists,The Singles,2003-03-21,192995929,c9a5be76-92e0-47a6-b690-eacfe2b81b79,78268911-1061-4f36-a031-c1657819183d,https://musicbrainz.org/release/78268911-1061-4f36-a031-c1657819183d,selected_release_year_far_from_seed_year
album|various artists|specialty story,Various Artists,The Specialty Story,1994,1,001,core_graph_album,resolved,musicbrainz_ws2,high,109,130,Various Artists,The Specialty Story,1994-03-25,1568797646,ee7fc9e1-1a94-3d55-be29-6dd7b1676fc6,19e6d646-3783-4efc-bc7f-70043243de66,https://musicbrainz.org/release/19e6d646-3783-4efc-bc7f-70043243de66,
album|various artists|surf age nuggets,Various Artists,Surf-Age Nuggets,1996,1,007,core_graph_album,resolved,musicbrainz_ws2,low,75,105,Various Artists,Surf‐Age Nuggets: Trash & Twang Instrumentals,2012,1458352553,afc793a8-0472-4965-9eb3-c6891e790cd2,cb77cd4e-67b4-40d4-be89-4d649ae92d7a,https://musicbrainz.org/release/cb77cd4e-67b4-40d4-be89-4d649ae92d7a,selected_release_title_contains_edition_noise;selected_release_year_far_from_seed_year
album|various artists|tangled,Various Artists,Tangled,2010,1,105,context_candidate,resolved,musicbrainz_ws2,high,101,20,Various Artists,Tangled,2016-07-14,1440639057,b7bbf8c1-5c9b-4b86-936a-1dd08169f0aa,06b4215f-a388-4a11-8db5-e4ec3c76e5a5,https://musicbrainz.org/release/06b4215f-a388-4a11-8db5-e4ec3c76e5a5,selected_release_year_drift_from_seed_year
album|various artists|top gun,Various Artists,Top Gun,1986,1,106,context_candidate,resolved,musicbrainz_ws2,high,97,15,Various Artists,Top Gun: Original Motion Picture Soundtrack,1986,387193895,f99cc09c-c080-46d5-90ed-60511d941c51,fa27abc9-9918-489c-908b-89c060239bf2,https://musicbrainz.org/release/fa27abc9-9918-489c-908b-89c060239bf2,
album|various artists|trainspotting,Various Artists,Trainspotting,1996,1,106,context_candidate,resolved,musicbrainz_ws2,high,109,14,Various Artists,Trainspotting,1996-02-19,,72ce3aa9-8c69-3b12-b29f-e929685d4429,165de88c-8af7-34f2-8bcf-94b4eb839692,https://musicbrainz.org/release/165de88c-8af7-34f2-8bcf-94b4eb839692,
album|various artists|twilight,Various Artists,Twilight,2008,1,106,core_graph_album,resolved,musicbrainz_ws2,low,101,15,Various Artists,Twilight,1997,294342468,22699ea9-6d90-338f-bc31-eda29e3c6795,a9ed4270-ec23-4c97-9e0e-52336321069c,https://musicbrainz.org/release/a9ed4270-ec23-4c97-9e0e-52336321069c,selected_release_year_far_from_seed_year
album|various artists|wanted the outlaws,Various Artists,Wanted! The Outlaws,1976,1,032,core_graph_album,resolved,musicbrainz_ws2,high,109,11,Various Artists,Wanted! The Outlaws,1976-01-12,884302056,0025dfaa-e5d8-31b7-83ab-e702897f1fbe,9593b3cc-b0d3-449b-9bff-ffa0800dd427,https://musicbrainz.org/release/9593b3cc-b0d3-449b-9bff-ffa0800dd427,
album|velvet underground and nico|velvet underground and nico,The Velvet Underground & Nico,The Velvet Underground & Nico,1967,1,015,boundary_candidate,resolved,musicbrainz_ws2,high,109,11,The Velvet Underground & Nico,The Velvet Underground & Nico,1967-03,1440851613,5cbd9d7b-597a-3c5e-bfd1-c2b364215560,2657e677-49ce-480f-8868-04a0b354aec2,https://musicbrainz.org/release/2657e677-49ce-480f-8868-04a0b354aec2,
album|velvet underground|velvet underground,The Velvet Underground,The Velvet Underground,1969,1,015,core_graph_album,resolved,musicbrainz_ws2,high,109,10,The Velvet Underground,The Velvet Underground,1969,1440814049,a616dcf5-7a1f-3afe-a53b-27281c2bf75e,9aaa6594-079b-42d1-8017-c54fc1dd1e18,https://musicbrainz.org/release/9aaa6594-079b-42d1-8017-c54fc1dd1e18,
album|velvet underground|white light white heat,The Velvet Underground,White Light/White Heat,1968,1,015,core_graph_album,resolved,musicbrainz_ws2,high,109,6,The Velvet Underground,White Light / White Heat,1968-01-30,1469578042,fc0885e0-0284-3f9d-81ee-17c5e7196346,f90013b1-95cf-4044-8441-eccd01033a13,https://musicbrainz.org/release/f90013b1-95cf-4044-8441-eccd01033a13,
album|ventures|surfing,The Ventures,Surfing,1963,1,007,core_graph_album,resolved,musicbrainz_ws2,high,109,12,The Ventures,Surfing,1963-04,1444114461,93f5b909-2ee6-34fa-aa0a-d585329e7e7f,a5cc51f6-b8b5-4c85-b03d-8f4483bac057,https://musicbrainz.org/release/a5cc51f6-b8b5-4c85-b03d-8f4483bac057,
album|ventures|walk don t run,The Ventures,"Walk, Don't Run",1960,1,007,core_graph_album,resolved,musicbrainz_ws2,high,109,12,The Ventures,"Walk, Don’t Run",1960,1443065914,5c3d4ccd-4c74-3f0f-b7f9-4f15f3b9df42,4a02afcc-23d7-4710-a19c-8d98b2cf3489,https://musicbrainz.org/release/4a02afcc-23d7-4710-a19c-8d98b2cf3489,
album|veruca salt|american thighs,Veruca Salt,American Thighs,1994,1,074,core_graph_album,resolved,musicbrainz_ws2,high,109,13,Veruca Salt,American Thighs,1994-11-08,1440905421,9682037a-7cbc-3a74-9d65-05e6cf9451e9,0377c76a-25c1-4531-a0de-8103cdea35bc,https://musicbrainz.org/release/0377c76a-25c1-4531-a0de-8103cdea35bc,
album|viagra boys|cave world,Viagra Boys,Cave World,2022,1,115,core_graph_album,resolved,musicbrainz_ws2,high,109,12,Viagra Boys,Cave World,2022-07-08,1616538091,bed07eb0-f5b6-4e42-b6b8-c2416b86cbfc,0baa1bb0-9314-4d58-abec-316d39b1f1cb,https://musicbrainz.org/release/0baa1bb0-9314-4d58-abec-316d39b1f1cb,
album|vibrators|pure mania,The Vibrators,Pure Mania,1977,1,053,core_graph_album,resolved,musicbrainz_ws2,high,109,15,The Vibrators,Pure Mania,,183581884,1c992d87-125a-34e0-9eea-b46d2aec9565,c6894602-56eb-4bc5-835e-25c9f92097cf,https://musicbrainz.org/release/c6894602-56eb-4bc5-835e-25c9f92097cf,
album|vicente fernandez|para siempre,Vicente Fernandez,Para Siempre,2007,1,095,core_graph_album,resolved,musicbrainz_ws2,high,109,12,Vicente Fernández,Para siempre,2007-09-25,264214512,06e1f06d-aa0f-3471-94f6-66c740bca66d,b1395f20-8bf7-3858-82ea-80dcd6c4be41,https://musicbrainz.org/release/b1395f20-8bf7-3858-82ea-80dcd6c4be41,
album|vicente fernandez|un azteca en el azteca,Vicente Fernandez,Un Azteca en el Azteca,2016,1,095,core_graph_album,resolved,musicbrainz_ws2,high,109,0,Vicente Fernández,Un azteca en el Azteca,2016-09-02,1149209970,9d6ab5e6-9c10-481c-88cc-6c2d7f215180,3bae1f32-311d-4152-a5b1-7d515d4504c5,https://musicbrainz.org/release/3bae1f32-311d-4152-a5b1-7d515d4504c5,
album|viktor vaughn|vaudeville villain,Viktor Vaughn,Vaudeville Villain,2003,1,051,boundary_candidate,resolved,musicbrainz_ws2,high,109,17,Viktor Vaughn,Vaudeville Villain,2003-09-16,706186757,c9c53dc7-fe1a-35ba-84e3-bb66e8318ee9,351c7fa4-53ea-45cb-8486-a28435bff37c,https://musicbrainz.org/release/351c7fa4-53ea-45cb-8486-a28435bff37c,
album|village people|cruisin,Village People,Cruisin',1978,1,040,core_graph_album,resolved,musicbrainz_ws2,high,109,6,Village People,Cruisin’,1978-09-25,1443926621,598ddee4-bd79-4a79-bcd7-b3759b2a91e4,1723ac8e-5065-356d-9051-c6b82db43fb3,https://musicbrainz.org/release/1723ac8e-5065-356d-9051-c6b82db43fb3,
album|vince guaraldi trio|a charlie brown christmas,Vince Guaraldi Trio,A Charlie Brown Christmas,1965,1,112,context_candidate,resolved,musicbrainz_ws2,low,93,11,Vince Guaraldi Trio,A Charlie Brown Christmas,1997,1650319526,955a3aa7-6cfd-4798-83f3-aec5b912cd20,40947a1c-8543-47f5-87da-43e6a41f100a,https://musicbrainz.org/release/40947a1c-8543-47f5-87da-43e6a41f100a,selected_release_year_far_from_seed_year
album|violent femmes|violent femmes,Violent Femmes,Violent Femmes,1983,1,059,core_graph_album,resolved,musicbrainz_ws2,high,109,12,Violent Femmes,Violent Femmes,1983-04,1576789411,616a1d80-83d0-3234-bf71-fe3de8109f99,47db7a62-72b5-458d-9877-efd463a13f32,https://musicbrainz.org/release/47db7a62-72b5-458d-9877-efd463a13f32,
album|visage|visage,Visage,Visage,1980,1,058,core_graph_album,resolved,musicbrainz_ws2,high,109,10,Visage,Visage,1980-11-10,1443923018,5cb2f9b4-af0c-3e1b-919b-5c62ad72e2f1,315db8a5-1f4b-3937-9f99-5acf9add1d64,https://musicbrainz.org/release/315db8a5-1f4b-3937-9f99-5acf9add1d64,
album|voivod|dimension hatross,Voivod,Dimension Hatross,1988,1,062,boundary_candidate,resolved,musicbrainz_ws2,high,109,9,Voivod,Dimension Hatröss,1988-06-29,1434392016,5198a92a-d7b9-347c-927f-4dea160095b4,1e6618cc-83b3-4f1f-87a3-dc719d171a99,https://musicbrainz.org/release/1e6618cc-83b3-4f1f-87a3-dc719d171a99,
album|von bondies|pawn shoppe heart,The Von Bondies,Pawn Shoppe Heart,2004,1,079,core_graph_album,resolved,musicbrainz_ws2,high,109,12,The Von Bondies,Pawn Shoppe Heart,2004,5357103,7340023c-8f37-3953-9d57-b6a780ea5974,0c664f05-4caa-4ed3-b2db-033a7a80b424,https://musicbrainz.org/release/0c664f05-4caa-4ed3-b2db-033a7a80b424,
album|wage war|manic,Wage War,Manic,2021,1,118,core_graph_album,resolved,musicbrainz_ws2,high,109,11,Wage War,Manic,2021-10-01,1579606308,1efab39b-ee43-4af3-b1aa-d2969147f975,067cb4ff-70d2-4bb6-8501-0fed6e26fff3,https://musicbrainz.org/release/067cb4ff-70d2-4bb6-8501-0fed6e26fff3,
album|wailers|fabulous wailers,The Wailers,The Fabulous Wailers,1959,1,011,context_candidate,resolved,musicbrainz_ws2,high,109,20,The Wailers,The Fabulous Wailers,1959,1621418438,fe5d1537-eb11-4896-b9a6-be3c42afdabc,defc1d35-65f1-4dc2-ae5c-51be273c3a57,https://musicbrainz.org/release/defc1d35-65f1-4dc2-ae5c-51be273c3a57,
album|waka flocka flame|flockaveli,Waka Flocka Flame,Flockaveli,2010,1,049,core_graph_album,resolved,musicbrainz_ws2,high,109,17,Waka Flocka Flame,Flockaveli,2010-10-01,393803290,0c8b2d79-2dd9-4fee-ac15-66d0d7b58395,158ccfae-625d-4ae9-bd7c-13b533d490e4,https://musicbrainz.org/release/158ccfae-625d-4ae9-bd7c-13b533d490e4,
album|war|world is a ghetto,War,The World Is a Ghetto,1972,1,039,core_graph_album,resolved,musicbrainz_ws2,high,109,6,War,The World Is a Ghetto,1972,1202363758,ae18844a-d94e-380f-a558-78252d57dc9a,1f29ba7c-6612-4e7f-a043-79bebcca2cae,https://musicbrainz.org/release/1f29ba7c-6612-4e7f-a043-79bebcca2cae,
album|warning|error,The Warning,Error,2022,1,118,core_graph_album,resolved,musicbrainz_ws2,high,109,14,The Warning,ERROR,2022-06-24,1625903626,f491db9b-c123-490b-b67e-7b2a1b87d9a3,2a33f2f2-f3af-458b-b194-e66517a709a5,https://musicbrainz.org/release/2a33f2f2-f3af-458b-b194-e66517a709a5,
album|warning|keep me fed,The Warning,Keep Me Fed,2024,1,118,core_graph_album,resolved,musicbrainz_ws2,high,109,12,The Warning,Keep Me Fed,2024-06-28,1733741692,efed32cc-b65f-443a-b22f-23a36333324c,0d50abf7-b657-48ce-a1d7-3449629ea3e8,https://musicbrainz.org/release/0d50abf7-b657-48ce-a1d7-3449629ea3e8,
album|warrant|cherry pie,Warrant,Cherry Pie,1990,1,063,core_graph_album,resolved,musicbrainz_ws2,high,109,14,Warrant,Cherry Pie,1990,198468184,ed7b386f-ca89-346e-b77c-b62cda2ef8a9,404fcb76-467b-42d2-ab0b-d8f183281861,https://musicbrainz.org/release/404fcb76-467b-42d2-ab0b-d8f183281861,
album|warren g|regulate g funk era,Warren G,Regulate... G Funk Era,1994,1,047,core_graph_album,resolved,musicbrainz_ws2,high,109,18,Warren G,Regulate… G Funk Era,1994,1452811329,7d2ec03f-4abb-3fef-b7e5-465334a47b54,3ac07426-becb-4a26-8bcf-2e12e2d851bc,https://musicbrainz.org/release/3ac07426-becb-4a26-8bcf-2e12e2d851bc,
album|washed out|within and without,Washed Out,Within and Without,2011,1,086,core_graph_album,resolved,musicbrainz_ws2,high,109,9,Washed Out,Within and Without,2011-07-12,669292909,df595313-7291-446d-9a8f-0d15068e474a,98742874-40bc-46ca-8027-745cb2e29d4a,https://musicbrainz.org/release/98742874-40bc-46ca-8027-745cb2e29d4a,
album|waxahatchee|saint cloud,Waxahatchee,Saint Cloud,2020,1,116,core_graph_album,resolved,musicbrainz_ws2,high,109,11,Waxahatchee,Saint Cloud,2020-03-27,1839033130,38b46e05-894f-432a-97cb-a3a1219c14bd,8851cb63-eefe-4c3f-965c-18c75e716340,https://musicbrainz.org/release/8851cb63-eefe-4c3f-965c-18c75e716340,
album|waxahatchee|tigers blood,Waxahatchee,Tigers Blood,2024,1,116,core_graph_album,resolved,musicbrainz_ws2,high,109,12,Waxahatchee,Tigers Blood,2024-03-22,1721222332,f9aa9b53-2c89-4901-926e-e992f1e4d8c0,5d1d47c2-cd62-4396-8438-820e383715e1,https://musicbrainz.org/release/5d1d47c2-cd62-4396-8438-820e383715e1,
album|waylon jennings|dreaming my dreams,Waylon Jennings,Dreaming My Dreams,1975,1,032,core_graph_album,resolved,musicbrainz_ws2,high,109,11,Waylon Jennings,Dreaming My Dreams,1975-06,1005889405,ba722a83-5cc6-396b-b067-d4f616946d87,f1bb782b-3d73-4e57-8381-ab29c9f96b7a,https://musicbrainz.org/release/f1bb782b-3d73-4e57-8381-ab29c9f96b7a,
album|waylon jennings|honky tonk heroes,Waylon Jennings,Honky Tonk Heroes,1973,1,032,core_graph_album,resolved,musicbrainz_ws2,high,109,10,Waylon Jennings,Honky Tonk Heroes,,1007489519,da8380ea-3bb4-3d48-ae4b-7dff8e82855a,3cdc5a9f-f18b-448b-80d1-d3dbddfe93bb,https://musicbrainz.org/release/3cdc5a9f-f18b-448b-80d1-d3dbddfe93bb,
album|waylon jennings|this time,Waylon Jennings,This Time,1974,1,032,core_graph_album,resolved,musicbrainz_ws2,high,109,10,Waylon Jennings,This Time,1974-04,1005890664,6ff2fd21-7917-31c5-9472-40341d4e55ad,d3adac96-b150-4444-baf0-ea165b9d2280,https://musicbrainz.org/release/d3adac96-b150-4444-baf0-ea165b9d2280,
album|wednesday|rat saw god,Wednesday,Rat Saw God,2023,1,115,core_graph_album,resolved,musicbrainz_ws2,high,109,10,Wednesday,Rat Saw God,2023-04-07,1660028568,a0ad316d-89a2-4f49-b439-8296ca98be01,9069e360-551d-4c4f-a4c0-860f01d50bd1,https://musicbrainz.org/release/9069e360-551d-4c4f-a4c0-860f01d50bd1,
album|weeknd|beauty behind the madness,The Weeknd,Beauty Behind the Madness,2015,1,044,core_graph_album,resolved,musicbrainz_ws2,high,109,14,The Weeknd,Beauty Behind the Madness,2015-08-28,1440826239,a85b8aff-fcbc-4431-95ba-d8c20bbfb77e,0e6bd297-d1b2-4386-8c0a-8d50eb2a33a1,https://musicbrainz.org/release/0e6bd297-d1b2-4386-8c0a-8d50eb2a33a1,
album|weeknd|house of balloons,The Weeknd,House of Balloons,2011,1,044,boundary_candidate,resolved,musicbrainz_ws2,high,109,9,The Weeknd,House of Balloons,2011-03-21,1558941834,6fe82196-df5d-4938-aa39-920df5b4517d,e91b08d0-0f71-4c6d-a227-7a45cbcbe851,https://musicbrainz.org/release/e91b08d0-0f71-4c6d-a227-7a45cbcbe851,
album|weezer|pinkerton,Weezer,Pinkerton,1996,1,075,core_graph_album,resolved,musicbrainz_ws2,high,109,10,Weezer,Pinkerton,1996-09-24,1440898333,385f30e2-0483-355d-aded-23e66aa20f87,49d996b2-ab53-41bd-8789-3d87938dc07d,https://musicbrainz.org/release/49d996b2-ab53-41bd-8789-3d87938dc07d,
album|weezer|weezer blue album,Weezer,Weezer (Blue Album),1994,1,075,core_graph_album,resolved,apple_itunes_search_api,medium,100,10,Weezer,Weezer (2024 Remaster),1994-05-10,1890580956,,,https://music.apple.com/us/album/weezer-2024-remaster/1890580956?uo=4,manual_apple_override;manual_apple_override_confidence_medium;manual_apple_override_title_differs_from_seed
album|weird al yankovic|bad hair day,Weird Al Yankovic,Bad Hair Day,1996,1,111,context_candidate,resolved,musicbrainz_ws2,high,109,12,“Weird Al” Yankovic,Bad Hair Day,1996-03-12,206900040,95684193-58dc-3bec-8733-86c544116652,c4eac0bf-b6b6-4a7c-a151-db78c7426899,https://musicbrainz.org/release/c4eac0bf-b6b6-4a7c-a151-db78c7426899,
album|weird al yankovic|dare to be stupid,Weird Al Yankovic,Dare to Be Stupid,1985,1,111,context_candidate,resolved,musicbrainz_ws2,high,109,11,“Weird Al” Yankovic,Dare to Be Stupid,1985-06-18,250599490,b8d5e27c-50bf-32ec-ae39-65cfd63b54df,db36a60a-000e-45c4-8a37-ae1816405a5b,https://musicbrainz.org/release/db36a60a-000e-45c4-8a37-ae1816405a5b,
album|weird al yankovic|mandatory fun,Weird Al Yankovic,Mandatory Fun,2014,1,111,core_graph_album,resolved,musicbrainz_ws2,high,109,12,“Weird Al” Yankovic,Mandatory Fun,2014-07-15,891836396,958cacd0-22e9-4e74-8cc8-2a61acce9fbe,48c38b1e-e4f5-4c5b-81f2-231c8bf38859,https://musicbrainz.org/release/48c38b1e-e4f5-4c5b-81f2-231c8bf38859,
album|weird al yankovic|running with scissors,Weird Al Yankovic,Running with Scissors,1999,1,111,core_graph_album,resolved,musicbrainz_ws2,high,109,12,“Weird Al” Yankovic,Running With Scissors,1999,250502752,55357123-2ebf-3e03-9ee9-cc409f3a793c,a4fc0c16-01fa-40b3-af55-5b51c05fd6f5,https://musicbrainz.org/release/a4fc0c16-01fa-40b3-af55-5b51c05fd6f5,
album|west coast pop art experimental band|west coast pop art experimental band vol 2,The West Coast Pop Art Experimental Band,"The West Coast Pop Art Experimental Band, Vol. 2",1967,1,013,core_graph_album,resolved,apple_itunes_search_api,high,109,12,The West Coast Pop Art Experimental Band,"The West Coast Pop Art Experimental Band, Vol. 2",1967-09-14,204721706,,,https://music.apple.com/us/album/the-west-coast-pop-art-experimental-band-vol-2/204721706?uo=4,
album|westside connection|bow down,Westside Connection,Bow Down,1996,1,047,core_graph_album,resolved,musicbrainz_ws2,high,109,13,Westside Connection,Bow Down,1996-10-22,724690687,0d1caf36-f698-36cd-9089-6c64aee21fb3,659ab821-f13b-4f28-a8b9-580c1dcc6fdb,https://musicbrainz.org/release/659ab821-f13b-4f28-a8b9-580c1dcc6fdb,
album|wet leg|wet leg,Wet Leg,Wet Leg,2022,1,115,core_graph_album,resolved,musicbrainz_ws2,high,109,12,Wet Leg,Wet Leg,2022-04-08,1594742869,d53be2e5-fe7c-4681-85f3-960493aa02b5,949c1b3a-db54-4302-90b3-ec8d0f70a45b,https://musicbrainz.org/release/949c1b3a-db54-4302-90b3-ec8d0f70a45b,
album|weyes blood|and in the darkness hearts aglow,Weyes Blood,"And in the Darkness, Hearts Aglow",2022,1,116,core_graph_album,resolved,musicbrainz_ws2,high,109,10,Weyes Blood,"And in the Darkness, Hearts Aglow",2022-11-18,1643062187,a392a1a8-8d91-4a79-82a4-0f7e894eb435,0ac4c5f0-d5f0-4516-a57b-5e6b46fa77bb,https://musicbrainz.org/release/0ac4c5f0-d5f0-4516-a57b-5e6b46fa77bb,
album|weyes blood|titanic rising,Weyes Blood,Titanic Rising,2019,1,116,core_graph_album,resolved,musicbrainz_ws2,high,109,10,Weyes Blood,Titanic Rising,2019-04-05,1450550344,b30447b9-8e32-4e98-a128-9c18d9378e8d,38c7af19-3f10-46f7-8a85-3c9801893593,https://musicbrainz.org/release/38c7af19-3f10-46f7-8a85-3c9801893593,
album|whiskey myers|firewater,Whiskey Myers,Firewater,2011,1,036,core_graph_album,resolved,musicbrainz_ws2,high,109,13,Whiskey Myers,Firewater,2011-04-26,1813021356,3d621e42-a296-407f-8a1b-e52ebc054421,7b44bb54-266d-4818-bf1b-cf0273bd2417,https://musicbrainz.org/release/7b44bb54-266d-4818-bf1b-cf0273bd2417,
album|whiskeytown|strangers almanac,Whiskeytown,Strangers Almanac,1997,1,028,core_graph_album,resolved,musicbrainz_ws2,high,109,13,Whiskeytown,Strangers Almanac,1997-07-29,1440914199,126d6823-947f-3cec-ac01-f896f8365063,c8111336-b41c-405f-aa19-d584bd63d7f3,https://musicbrainz.org/release/c8111336-b41c-405f-aa19-d584bd63d7f3,
album|white lies|ritual,White Lies,Ritual,2011,1,080,core_graph_album,resolved,musicbrainz_ws2,high,109,12,White Lies,Ritual,2011-01-18,1673855098,5c88e996-ef97-4b44-822d-41dc5f1d03eb,3c91772f-83ae-41c0-9a93-7d6d26dcd887,https://musicbrainz.org/release/3c91772f-83ae-41c0-9a93-7d6d26dcd887,
album|white lion|pride,White Lion,Pride,1987,1,063,core_graph_album,resolved,musicbrainz_ws2,high,109,10,White Lion,Pride,1987-06-21,1092722093,325da8af-c9d7-3f80-90fe-d010a0d43cb9,3767c3d2-6d2b-41f2-a497-8f942c314db2,https://musicbrainz.org/release/3767c3d2-6d2b-41f2-a497-8f942c314db2,
album|white stripes|de stijl,The White Stripes,De Stijl,2000,1,079,core_graph_album,resolved,musicbrainz_ws2,high,109,13,The White Stripes,De Stijl,2000-06-20,1533513577,17d13708-d267-3e28-9f7a-dc27eaaf2eb1,6fa97915-7067-3624-b24f-f9bd03ba534a,https://musicbrainz.org/release/6fa97915-7067-3624-b24f-f9bd03ba534a,
album|white stripes|elephant,The White Stripes,Elephant,2003,1,079,core_graph_album,resolved,musicbrainz_ws2,high,109,14,The White Stripes,Elephant,2003-04-01,1533513536,d85b9684-4277-3565-b89b-115c8b4b7fd3,0ee04712-eec8-4e1b-9bb6-04141033d409,https://musicbrainz.org/release/0ee04712-eec8-4e1b-9bb6-04141033d409,
album|white stripes|white blood cells,The White Stripes,White Blood Cells,2001,1,079,core_graph_album,resolved,musicbrainz_ws2,high,109,16,The White Stripes,White Blood Cells,2001-07-03,1533513361,c5a0411f-374e-360d-9364-3ddec3007162,4e817a8b-fe02-35e7-a7c5-e5878431a469,https://musicbrainz.org/release/4e817a8b-fe02-35e7-a7c5-e5878431a469,
album|white zombie|astro creep 2000,White Zombie,Astro-Creep: 2000,1995,1,065,core_graph_album,resolved,musicbrainz_ws2,high,97,12,White Zombie,"Astro-Creep: 2000: Songs of Love, Destruction and Other Synthetic Delusions of the Electric Head",1995,1440749898,0fca3ae6-d3b4-312a-8258-6be77fe7d399,5fc6aa94-fff7-4e6d-964e-6abd69b2023c,https://musicbrainz.org/release/5fc6aa94-fff7-4e6d-964e-6abd69b2023c,
album|white zombie|la sexorcisto devil music volume one,White Zombie,La Sexorcisto: Devil Music Volume One,1992,1,065,core_graph_album,resolved,apple_itunes_search_api,high,100,14,White Zombie,"La Sexorcisto: Devil Music, Vol. 1",1992-03-17,1440905956,,,https://music.apple.com/us/album/la-sexorcisto-devil-music-vol-1/1440905956?uo=4,manual_apple_override;manual_apple_override_title_differs_from_seed
album|whitesnake|whitesnake,Whitesnake,Whitesnake,1987,1,063,boundary_candidate,resolved,musicbrainz_ws2,high,109,11,Whitesnake,Whitesnake,1987-04-07,1862650131,4182146e-3f7a-38e0-96d2-8ec32077f224,93a4c11e-8438-44c2-a2f9-d305575deec9,https://musicbrainz.org/release/93a4c11e-8438-44c2-a2f9-d305575deec9,
album|whitney houston|i m your baby tonight,Whitney Houston,I'm Your Baby Tonight,1990,1,042,core_graph_album,resolved,musicbrainz_ws2,high,109,11,Whitney Houston,I’m Your Baby Tonight,1990-10-12,394919823,2dc208b0-cd05-3002-bc4b-c6926b0259ea,93eae346-6c5c-3e23-a540-b211308291a2,https://musicbrainz.org/release/93eae346-6c5c-3e23-a540-b211308291a2,
album|whitney houston|whitney houston,Whitney Houston,Whitney Houston,1985,2,042;088,core_graph_album,resolved,musicbrainz_ws2,high,109,10,Whitney Houston,Whitney Houston,1985,1784790555,131d12c0-e720-31df-a2f9-d9abd868ceaf,5772ca9f-7596-4545-a7cc-c445de8ae6d4,https://musicbrainz.org/release/5772ca9f-7596-4545-a7cc-c445de8ae6d4,
album|who|my generation,The Who,My Generation,1965,1,008,core_graph_album,resolved,musicbrainz_ws2,high,109,30,The Who,My Generation,1965-12-03,1443123252,00c3da9f-309b-3f78-ba23-6a753fd6313d,90336d32-5b2a-4a01-b647-dd3154c146ab,https://musicbrainz.org/release/90336d32-5b2a-4a01-b647-dd3154c146ab,
album|who|tommy,The Who,Tommy,1969,1,015,boundary_candidate,resolved,musicbrainz_ws2,high,109,24,The Who,Tommy,1969-05-31,1461210985,0e587339-406a-3d21-8678-73e46e250379,25ea93d5-effe-3976-bc86-f86778d7228f,https://musicbrainz.org/release/25ea93d5-effe-3976-bc86-f86778d7228f,
album|who|who s next,The Who,Who's Next,1971,1,016,core_graph_album,resolved,musicbrainz_ws2,high,109,9,The Who,Who’s Next,1971-08-14,1706357665,9584e28b-66a7-3846-8d52-b3008a283539,a6545e7f-991e-3d1b-8ada-e2182adcbc8a,https://musicbrainz.org/release/a6545e7f-991e-3d1b-8ada-e2182adcbc8a,
album|who|who sell out,The Who,The Who Sell Out,1967,1,015,boundary_candidate,resolved,musicbrainz_ws2,high,109,114,The Who,The Who Sell Out,1971,1550182151,aa02a102-f7b5-3584-8d21-bd9c560effb6,69aa1845-eac0-4202-b1d9-b04f08d4692d,https://musicbrainz.org/release/69aa1845-eac0-4202-b1d9-b04f08d4692d,
album|whodini|escape,Whodini,Escape,1984,1,045,core_graph_album,resolved,musicbrainz_ws2,high,109,17,Whodini,Escape,1984,1196876429,56d163a1-4bf6-3acb-b460-ff2da26560bd,20f9b0b9-c0ad-440c-937f-80ac72740914,https://musicbrainz.org/release/20f9b0b9-c0ad-440c-937f-80ac72740914,
album|widespread panic|space wrangler,Widespread Panic,Space Wrangler,1988,1,019,core_graph_album,resolved,musicbrainz_ws2,high,109,12,Widespread Panic,Space Wrangler,1988-11,287466519,8b1ddee4-98db-3b52-9db6-ee5f65a12f8d,ced65a37-b3c5-4573-a28e-1b0288f82076,https://musicbrainz.org/release/ced65a37-b3c5-4573-a28e-1b0288f82076,
album|wiggles|big red car,The Wiggles,Big Red Car,1995,1,114,core_graph_album,resolved,musicbrainz_ws2,high,109,23,The Wiggles,Big Red Car,1995-02-20,1871095493,b9f39509-afbd-3b46-a53e-3cfcc9ad8e68,04f8516d-b634-4236-923a-9d862fd4325b,https://musicbrainz.org/release/04f8516d-b634-4236-923a-9d862fd4325b,
album|wiggles|yummy yummy,The Wiggles,Yummy Yummy,1994,1,114,core_graph_album,resolved,musicbrainz_ws2,high,109,24,The Wiggles,Yummy Yummy,1994,1871092596,2cdadd63-8980-4fc7-9ae8-ed02753b7f66,9e26f396-88d3-4bb8-a17b-8adb0aab8891,https://musicbrainz.org/release/9e26f396-88d3-4bb8-a17b-8adb0aab8891,
album|wilco|being there,Wilco,Being There,1996,1,028,core_graph_album,resolved,musicbrainz_ws2,high,109,19,Wilco,Being There,1996-10-29,926196086,5aed5f2c-4b8a-35a7-9655-906e3ea72fa1,d18b273a-4987-4594-a4db-419454c7e113,https://musicbrainz.org/release/d18b273a-4987-4594-a4db-419454c7e113,
album|wilco|summerteeth,Wilco,Summerteeth,1999,1,028,core_graph_album,resolved,musicbrainz_ws2,high,109,17,Wilco,Summerteeth,1999-03-09,926190405,bb7b90b8-bdb5-455c-9c8e-f87aeaf5d156,38a40944-ac73-4c8e-8638-ec0075b170ea,https://musicbrainz.org/release/38a40944-ac73-4c8e-8638-ec0075b170ea,
album|wilco|yankee hotel foxtrot,Wilco,Yankee Hotel Foxtrot,2002,1,028,boundary_candidate,resolved,musicbrainz_ws2,high,109,11,Wilco,Yankee Hotel Foxtrot,2002-11,300981120,95f2ba4b-2dd9-38d1-8158-a416a391489c,2623b9f5-5829-4e4c-a3ca-c7c00e2dd420,https://musicbrainz.org/release/2623b9f5-5829-4e4c-a3ca-c7c00e2dd420,
album|willie colon|hustler,Willie Colon,The Hustler,1968,1,096,core_graph_album,resolved,musicbrainz_ws2,high,109,7,Willie Colón,The Hustler,1968,1466115663,564cfbc7-e46a-335d-b555-ba19d2154a20,f7d3cc75-ec79-4873-812f-c3ec72b10ebd,https://musicbrainz.org/release/f7d3cc75-ec79-4873-812f-c3ec72b10ebd,
album|willie nelson|phases and stages,Willie Nelson,Phases and Stages,1974,1,032,core_graph_album,resolved,musicbrainz_ws2,high,109,11,Willie Nelson,Phases and Stages,1974-03,885243424,362145cb-0de8-3a3e-8653-e26f8f25d25c,2e14f6f9-5884-470b-87cc-823934b6132a,https://musicbrainz.org/release/2e14f6f9-5884-470b-87cc-823934b6132a,
album|willie nelson|red headed stranger,Willie Nelson,Red Headed Stranger,1975,1,032,core_graph_album,resolved,musicbrainz_ws2,high,109,15,Willie Nelson,Red Headed Stranger,1975-05,404365971,b51ba291-2490-3132-a85d-2094de795b63,d9812a80-e57b-4028-8df2-05d0e5d5a1dd,https://musicbrainz.org/release/d9812a80-e57b-4028-8df2-05d0e5d5a1dd,
album|willie nelson|shotgun willie,Willie Nelson,Shotgun Willie,1973,1,032,core_graph_album,resolved,musicbrainz_ws2,high,109,12,Willie Nelson,Shotgun Willie,1973-07-11,885161083,34ed9cd1-79aa-37d6-9bbe-7e0a8afb3f75,28f3623a-4ea2-4898-a3e7-af21be4b92b6,https://musicbrainz.org/release/28f3623a-4ea2-4898-a3e7-af21be4b92b6,
album|willie nelson|stardust,Willie Nelson,Stardust,1978,1,100,core_graph_album,resolved,musicbrainz_ws2,high,109,10,Willie Nelson,Stardust,1978,886949216,196bb5cd-d3bf-3da8-9a6c-25c6212bda05,7d344c35-3518-460f-b99e-bc7fee5b467f,https://musicbrainz.org/release/7d344c35-3518-460f-b99e-bc7fee5b467f,
album|wilson pickett|exciting wilson pickett,Wilson Pickett,The Exciting Wilson Pickett,1966,1,038,core_graph_album,resolved,musicbrainz_ws2,high,109,12,Wilson Pickett,The Exciting Wilson Pickett,1966-08-01,281713749,5ff29756-3878-388c-a4ab-add12b24fb89,562dfdf7-319b-4fe7-ac56-7f05cb7b2cd2,https://musicbrainz.org/release/562dfdf7-319b-4fe7-ac56-7f05cb7b2cd2,
album|winans|tomorrow,The Winans,Tomorrow,1984,1,108,core_graph_album,resolved,musicbrainz_ws2,high,109,10,The Winans,Tomorrow,,259207883,a3fdc72b-2a21-3807-bcd6-1681db40a0ab,8164b9ce-c50e-4272-b4f3-189ec8a7b289,https://musicbrainz.org/release/8164b9ce-c50e-4272-b4f3-189ec8a7b289,
album|windhand|soma,Windhand,Soma,2013,1,064,core_graph_album,resolved,musicbrainz_ws2,high,109,6,Windhand,Soma,2013-09-17,676466174,041a7130-8586-440f-b226-95cee50e1068,694d7110-9373-4c35-8ac9-419aa0bfd752,https://musicbrainz.org/release/694d7110-9373-4c35-8ac9-419aa0bfd752,
album|wipers|is this real,Wipers,Is This Real?,1980,1,060,core_graph_album,resolved,musicbrainz_ws2,high,106,12,Wipers,Is This Real?,1980-01-01,1031829330,8601dff5-2db0-3dbb-aeda-65de9635786e,59d3d01b-7fa2-472e-928b-447bf2cae76e,https://musicbrainz.org/release/59d3d01b-7fa2-472e-928b-447bf2cae76e,
album|wipers|youth of america,Wipers,Youth of America,1981,1,069,core_graph_album,resolved,musicbrainz_ws2,high,109,6,Wipers,Youth of America,1981-11-11,1031831705,6f0dbdca-67c5-3334-93ab-0b5acd31e7fd,c1723bb1-7050-407b-b9fc-6763e6b43897,https://musicbrainz.org/release/c1723bb1-7050-407b-b9fc-6763e6b43897,
album|wire|pink flag,Wire,Pink Flag,1977,1,053,core_graph_album,resolved,musicbrainz_ws2,high,109,21,Wire,Pink Flag,1977-12,1328682500,9facb8b5-4b02-3f28-9f4a-61cb9b8fd7aa,8d80eb7f-cd6d-36c3-814e-163c3dac8634,https://musicbrainz.org/release/8d80eb7f-cd6d-36c3-814e-163c3dac8634,
album|wisin and yandel|pa l mundo,Wisin & Yandel,Pa'l Mundo,2005,1,094,core_graph_album,resolved,musicbrainz_ws2,high,109,22,Wisin & Yandel,Pa'l mundo,2005-11-08,1467933401,e559a651-7a31-3eef-bb9a-df923c2ade49,808a565f-3032-3de5-a66c-5b16754d000b,https://musicbrainz.org/release/808a565f-3032-3de5-a66c-5b16754d000b,
album|wisin and yandel|pal mundo,Wisin & Yandel,Pal Mundo,2005,1,094,core_graph_album,resolved,apple_itunes_search_api,high,100,23,Wisin & Yandel,Pa'l Mundo,2005-11-08,1488849982,,,https://music.apple.com/us/album/pal-mundo/1488849982?uo=4,manual_apple_override;manual_apple_override_title_differs_from_seed
album|wizkid|made in lagos,Wizkid,Made in Lagos,2020,1,097,core_graph_album,resolved,musicbrainz_ws2,high,109,14,Wizkid,Made in Lagos,2020-10-29,1531532301,a29e4711-741e-4576-af2d-bf00ab8a5538,21ba339b-707f-4f44-a79a-afa0719c43a8,https://musicbrainz.org/release/21ba339b-707f-4f44-a79a-afa0719c43a8,
album|wu tang clan|enter the wu tang 36 chambers,Wu-Tang Clan,Enter the Wu-Tang (36 Chambers),1993,1,048,core_graph_album,resolved,musicbrainz_ws2,high,109,9,Wu‐Tang Clan,Enter the Wu‐Tang (36 Chambers),1993-11-09,1746566237,610fb60f-900a-3c42-ac7d-f6b6aa8035f9,2a059e43-e66c-4d6d-9a4f-dea9a6919061,https://musicbrainz.org/release/2a059e43-e66c-4d6d-9a4f-dea9a6919061,
album|wu tang clan|wu tang forever,Wu-Tang Clan,Wu-Tang Forever,1997,1,048,core_graph_album,resolved,musicbrainz_ws2,high,109,27,Wu‐Tang Clan,Wu‐Tang Forever,1997-06-03,268503472,9c175231-56c2-35f1-a8f0-6059ad587d59,3af9a6ca-c38a-41a7-a53c-32a97e869e8e,https://musicbrainz.org/release/3af9a6ca-c38a-41a7-a53c-32a97e869e8e,
album|wun two|pirata,Wun Two,Pirata,2019,1,120,core_graph_album,resolved,musicbrainz_ws2,high,109,32,Wun Two,Pirata,2019-07-24,1878657395,3b2d69c9-3ebe-4223-88d7-84c98b1986de,47d11365-e32b-4553-9912-9ac702b50746,https://musicbrainz.org/release/47d11365-e32b-4553-9912-9ac702b50746,
album|wunderhorse|midas,Wunderhorse,Midas,2024,1,115,core_graph_album,resolved,musicbrainz_ws2,high,109,10,Wunderhorse,Midas,2024-08-30,1743036652,10fc28c2-e539-4475-8f77-09a7562a041f,2478fe8c-43f9-4097-afff-abe8f0a524ca,https://musicbrainz.org/release/2478fe8c-43f9-4097-afff-abe8f0a524ca,
album|x ray spex|germfree adolescents,X-Ray Spex,Germfree Adolescents,1978,1,053,core_graph_album,resolved,musicbrainz_ws2,high,109,14,X‐Ray Spex,Germfree Adolescents,1978-11-10,1760319043,02c1c972-b5a1-3b8f-be3f-83dfb9373def,d9c0f4c7-add9-4c59-86bb-3a9ae336350d,https://musicbrainz.org/release/d9c0f4c7-add9-4c59-86bb-3a9ae336350d,
album|x|los angeles,X,Los Angeles,1980,1,053,core_graph_album,resolved,musicbrainz_ws2,high,109,9,X,Los Angeles,1980-04,1416228338,700da083-bd95-3301-91f1-af571a001414,73d349fe-30a2-4965-91b8-24ad7ddcbb7e,https://musicbrainz.org/release/73d349fe-30a2-4965-91b8-24ad7ddcbb7e,
album|xg|new dna,XG,New DNA,2023,1,098,core_graph_album,resolved,musicbrainz_ws2,high,104,6,XG,NEW DNA,2023-09-27,1703356590,ad1dd3b1-5e29-487c-9578-1cd619d6308d,3eefc287-88b4-40a9-8283-4a7d8d11e1fa,https://musicbrainz.org/release/3eefc287-88b4-40a9-8283-4a7d8d11e1fa,
album|yardbirds|having a rave up with the yardbirds,The Yardbirds,Having a Rave Up with The Yardbirds,1965,1,008,core_graph_album,resolved,apple_itunes_search_api,medium,100,10,The Yardbirds,Having a Rave Up with the Yardbirds (2015 Remaster),2006-10-10,1512238072,,,https://music.apple.com/us/album/having-a-rave-up-with-the-yardbirds-2015-remaster/1512238072?uo=4,manual_apple_override;manual_apple_override_confidence_medium;manual_apple_override_title_differs_from_seed
album|yazoo|upstairs at eric s,Yazoo,Upstairs at Eric's,1982,1,058,core_graph_album,resolved,musicbrainz_ws2,high,109,11,Yazoo,Upstairs at Eric’s,1982,62442885,ca189e76-5704-3097-8dad-b6e1923bc917,358b3f8d-3596-3ffe-af1a-7fefea6e3449,https://musicbrainz.org/release/358b3f8d-3596-3ffe-af1a-7fefea6e3449,
album|yeah yeah yeahs|fever to tell,Yeah Yeah Yeahs,Fever to Tell,2003,1,080,core_graph_album,resolved,musicbrainz_ws2,high,109,12,Yeah Yeah Yeahs,Fever to Tell,2003-04-29,1440916724,e8e2d824-dd32-3b24-9c7c-24619fbe86a9,34a28389-06d6-4d3c-99ce-41e36042796c,https://musicbrainz.org/release/34a28389-06d6-4d3c-99ce-41e36042796c,
album|yeah yeah yeahs|it s blitz,Yeah Yeah Yeahs,It's Blitz!,2009,1,085,core_graph_album,resolved,musicbrainz_ws2,high,109,12,Yeah Yeah Yeahs,It's Blitz!,2009-03-10,1440784273,08e1a593-cbce-3943-8a90-79c4d8c2b693,569f3740-6ee6-4811-bf39-426701d4e87f,https://musicbrainz.org/release/569f3740-6ee6-4811-bf39-426701d4e87f,
album|yeah yeah yeahs|show your bones,Yeah Yeah Yeahs,Show Your Bones,2006,1,079,core_graph_album,resolved,musicbrainz_ws2,high,109,11,Yeah Yeah Yeahs,Show Your Bones,2006-03-28,1440799554,702b0213-f66e-33b7-b3f7-9307697edf58,24e3729b-0bb0-40e2-ba1d-a6cf8d059043,https://musicbrainz.org/release/24e3729b-0bb0-40e2-ba1d-a6cf8d059043,
album|yellowcard|lights and sounds,Yellowcard,Lights and Sounds,2006,1,076,core_graph_album,resolved,musicbrainz_ws2,high,109,15,Yellowcard,Lights and Sounds,2006,724535035,44df6977-48ec-3a91-aa3b-62eb282be39e,1fb00c8b-8af2-481e-9f72-6cc5d6d3be56,https://musicbrainz.org/release/1fb00c8b-8af2-481e-9f72-6cc5d6d3be56,
album|yellowcard|ocean avenue,Yellowcard,Ocean Avenue,2003,1,076,core_graph_album,resolved,musicbrainz_ws2,high,109,13,Yellowcard,Ocean Avenue,2003-07-10,725821947,7a78cfc6-076b-37d9-8221-8782650e55d9,d360bb4c-86d3-4516-86e5-63522714717f,https://musicbrainz.org/release/d360bb4c-86d3-4516-86e5-63522714717f,
album|yes|close to the edge,Yes,Close to the Edge,1972,1,018,core_graph_album,resolved,musicbrainz_ws2,high,109,3,Yes,Close to the Edge,1972,1049014094,5a59b948-1961-32ff-80d9-e970c7d4ebe9,9228065d-5656-31a0-a391-ae9a4e846097,https://musicbrainz.org/release/9228065d-5656-31a0-a391-ae9a4e846097,
album|yes|fragile,Yes,Fragile,1971,1,018,core_graph_album,resolved,musicbrainz_ws2,high,109,9,Yes,Fragile,1972-01-04,1049008924,b1176e7b-fa2e-3b28-959a-d8f55b5b6ccf,1701faf9-e227-33d5-8cff-6ca13bc79dbd,https://musicbrainz.org/release/1701faf9-e227-33d5-8cff-6ca13bc79dbd,
album|yeule|softscars,Yeule,softscars,2023,1,119,core_graph_album,resolved,musicbrainz_ws2,high,109,12,yeule,softscars,2023-09-22,1692344143,2115a6f9-9c00-4a96-90aa-8f13771845fb,bd9e8c87-33c8-4705-a9bb-d9d5b635e033,https://musicbrainz.org/release/bd9e8c87-33c8-4705-a9bb-d9d5b635e033,
album|yiruma|first love,Yiruma,First Love,2001,1,103,core_graph_album,resolved,musicbrainz_ws2,high,109,15,Yiruma,First Love,2001-11-27,1436677753,f575969c-1560-44e4-ad26-42a9f04a13e2,89855d91-0d42-4897-ae81-f88caf9e8743,https://musicbrainz.org/release/89855d91-0d42-4897-ae81-f88caf9e8743,
album|yo la tengo|i can hear the heart beating as one,Yo La Tengo,I Can Hear the Heart Beating as One,1997,1,072,core_graph_album,resolved,musicbrainz_ws2,high,109,16,Yo La Tengo,I Can Hear the Heart Beating as One,1997-04-22,1589242975,901ddfef-b428-3022-a7b9-429f56513831,dc5ee2df-7e5b-4a43-b67b-b9551e65c361,https://musicbrainz.org/release/dc5ee2df-7e5b-4a43-b67b-b9551e65c361,
album|yo la tengo|painful,Yo La Tengo,Painful,1993,1,072,core_graph_album,resolved,musicbrainz_ws2,high,109,11,Yo La Tengo,Painful,1993,1589240889,43f61ece-3bac-3e2e-8b37-72c9278d243e,a6e8c16e-ebfb-47a0-abe7-582e606cb353,https://musicbrainz.org/release/a6e8c16e-ebfb-47a0-abe7-582e606cb353,
album|yo yo ma|bach cello suites,Yo-Yo Ma,Bach: Cello Suites,1983,1,103,core_graph_album,resolved,musicbrainz_ws2,low,73,36,Yo‐Yo Ma; Bach,Six Evolutions: Bach Cello Suites,2018-08-18,381515547,e2b4d441-2a47-4752-9ced-6a53f83e01e1,36133601-f212-4ebe-92a2-a2c6af6d92b1,https://musicbrainz.org/release/36133601-f212-4ebe-92a2-a2c6af6d92b1,selected_release_year_far_from_seed_year
album|yoasobi|book,YOASOBI,The Book,2021,1,098,core_graph_album,resolved,musicbrainz_ws2,high,104,9,YOASOBI,THE BOOK,2021-01-06,1542182291,6ddc7e3d-6fc7-4859-9e35-b666e49b40f5,1489b651-808d-465b-b92e-15fee371a158,https://musicbrainz.org/release/1489b651-808d-465b-b92e-15fee371a158,
album|yob|clearing the path to ascend,YOB,Clearing the Path to Ascend,2014,1,064,core_graph_album,resolved,musicbrainz_ws2,high,109,4,YOB,Clearing the Path to Ascend,2015-10-05,909148619,87cb1575-2c00-4c2c-ba88-f7cd69c57b6a,d25ea5fb-18c9-4d12-9afe-de53d3bd8710,https://musicbrainz.org/release/d25ea5fb-18c9-4d12-9afe-de53d3bd8710,
album|yolanda adams|mountain high valley low,Yolanda Adams,Mountain High... Valley Low,1999,1,108,context_candidate,resolved,musicbrainz_ws2,high,109,11,Yolanda Adams,Mountain High Valley Low,1999-09-10,262065697,f8843bb9-7b06-3c09-b4e5-cf42df7c5127,9e11cf31-4fe5-4632-a3eb-dbda49807b85,https://musicbrainz.org/release/9e11cf31-4fe5-4632-a3eb-dbda49807b85,
album|young thug|barter 6,Young Thug,Barter 6,2015,1,052,core_graph_album,resolved,musicbrainz_ws2,high,109,13,Young Thug,Barter 6,2015-04-17,986011611,a2c14ca9-2adb-4324-acfa-cc451f0a3cf0,d742dd6e-ca20-4081-8eb7-224be953ef25,https://musicbrainz.org/release/d742dd6e-ca20-4081-8eb7-224be953ef25,
album|young thug|jeffery,Young Thug,Jeffery,2016,1,052,boundary_candidate,resolved,musicbrainz_ws2,high,109,10,Young Thug,JEFFERY,2016-08-26,1146718343,9d3bd99f-d0a7-4fd1-87db-2d6c03980f4b,23ffea4e-02a5-47d6-af66-be9077f0d483,https://musicbrainz.org/release/23ffea4e-02a5-47d6-af66-be9077f0d483,
album|young thug|so much fun,Young Thug,So Much Fun,2019,1,052,core_graph_album,resolved,musicbrainz_ws2,high,109,19,Young Thug,So Much Fun,2019-08-16,1476636939,24942280-2605-4e49-a507-67136d22a0b4,5eacc7da-e425-4bfb-83bd-384a053919d2,https://musicbrainz.org/release/5eacc7da-e425-4bfb-83bd-384a053919d2,
album|youssou n dour|egypt,Youssou N'Dour,Egypt,2004,1,099,core_graph_album,resolved,musicbrainz_ws2,high,109,8,Youssou N’Dour,Egypt,2004-06-08,20002817,3bc55a2f-5fe9-3394-b4c7-4d8e56639e58,c68193ed-e8aa-4818-a301-4f5dbbfba50a,https://musicbrainz.org/release/c68193ed-e8aa-4818-a301-4f5dbbfba50a,
album|youth of today|break down the walls,Youth of Today,Break Down the Walls,1986,1,055,core_graph_album,resolved,musicbrainz_ws2,high,106,13,Youth of Today,Break Down the Walls,1987-04-05,91071914,7d0e92a6-2386-32c7-bd89-29fc6a90b197,a0ec5c6a-0fe8-4595-97b4-bb566e8f26fb,https://musicbrainz.org/release/a0ec5c6a-0fe8-4595-97b4-bb566e8f26fb,
album|zac brown band|foundation,Zac Brown Band,The Foundation,2008,1,035,core_graph_album,resolved,musicbrainz_ws2,high,109,12,Zac Brown Band,The Foundation,2008-11-17,1585172564,2a6a7731-e832-38f5-8ed6-a821c9581755,31e997e7-1b43-4245-b455-de9d3ca2545e,https://musicbrainz.org/release/31e997e7-1b43-4245-b455-de9d3ca2545e,
album|zach bryan|american heartbreak,Zach Bryan,American Heartbreak,2022,1,036,core_graph_album,resolved,musicbrainz_ws2,high,109,34,Zach Bryan,American Heartbreak,2022-05-20,1620257596,7f1f0e41-2831-4902-8c60-8c705b1b3bf3,51b31eba-ee31-4ab0-9f58-7d83364983d1,https://musicbrainz.org/release/51b31eba-ee31-4ab0-9f58-7d83364983d1,
album|zedd|clarity,Zedd,Clarity,2012,1,083,core_graph_album,resolved,musicbrainz_ws2,high,109,10,Zedd,Clarity,2012-10-09,1440861402,5126b6eb-5132-4c69-bc4d-8927a74d78f3,0d05f2ce-4b47-469b-b1b7-3be01422083e,https://musicbrainz.org/release/0d05f2ce-4b47-469b-b1b7-3be01422083e,
album|zero 7|simple things,Zero 7,Simple Things,2001,1,084,core_graph_album,resolved,musicbrainz_ws2,high,109,12,Zero 7,Simple Things,2001-11-13,1814436320,7cda193a-7284-309a-bc05-df04de833030,126431e1-5b37-415f-822e-3db9d2afba79,https://musicbrainz.org/release/126431e1-5b37-415f-822e-3db9d2afba79,
album|zombies|odessey and oracle,The Zombies,Odessey and Oracle,1968,1,012,core_graph_album,resolved,musicbrainz_ws2,high,109,12,The Zombies,Odessey and Oracle,1968-06,1810776077,9a4a9ebf-f4f7-3dba-9b80-0b274cbc80f9,e44d53e1-18e8-46ec-9cc9-524c829d4541,https://musicbrainz.org/release/e44d53e1-18e8-46ec-9cc9-524c829d4541,
album|zz top|tres hombres,ZZ Top,Tres Hombres,1973,1,019,core_graph_album,resolved,musicbrainz_ws2,high,109,10,ZZ Top,Tres hombres,1973,1728071278,3aee7fe4-813e-3f04-8280-8d25f066f143,8af7e845-7090-4bc4-8365-58285d74f2e0,https://musicbrainz.org/release/8af7e845-7090-4bc4-8365-58285d74f2e0,
