deferred_key,run_version,source_ref,source_type,source_candidate_type,artist_display_name,title,year,storefront,deferred_reason,candidate_count,best_score,second_score,apple_album_id,error_message,raw_payload_persisted
album_sidecar_track:album|7 seconds|crew@@1@@4@@@@this is angry part 2:album_bound_track_no_safe_match:1565631542,apple_music_sidecar_track_album_bound_pass_v1,album|7 seconds|crew@@1@@4@@@@this is angry part 2,album_sidecar_track,track,7 Seconds,"This Is the Angry, Part 2",1984,us,album_bound_track_no_safe_match,3,47,0,1565631542,,false
album_sidecar_track:album|a ap rocky|long live a ap@@1@@7@@@@fuckin problems:album_bound_track_no_safe_match:1450690198,apple_music_sidecar_track_album_bound_pass_v1,album|a ap rocky|long live a ap@@1@@7@@@@fuckin problems,album_sidecar_track,track,A$AP Rocky,Fuckin’ Problems,2013,us,album_bound_track_no_safe_match,1,57,,1450690198,,false
album_sidecar_track:album|adam and the ants|kings of the wild frontier@@1@@12@@@@physical you re so:album_bound_track_no_safe_match:1108061200,apple_music_sidecar_track_album_bound_pass_v1,album|adam and the ants|kings of the wild frontier@@1@@12@@@@physical you re so,album_sidecar_track,track,Adam and the Ants,Physical (You’re So),1980,us,album_bound_track_no_safe_match,29,57,53,1108061200,,false
album_sidecar_track:album|adam and the ants|kings of the wild frontier@@1@@13@@@@human beings:album_bound_track_no_safe_match:1108061200,apple_music_sidecar_track_album_bound_pass_v1,album|adam and the ants|kings of the wild frontier@@1@@13@@@@human beings,album_sidecar_track,track,Adam and the Ants,The Human Beings,1980,us,album_bound_track_no_safe_match,29,57,53,1108061200,,false
album_sidecar_track:album|adam and the ants|kings of the wild frontier@@1@@5@@@@press darlings:album_bound_track_no_safe_match:1108061200,apple_music_sidecar_track_album_bound_pass_v1,album|adam and the ants|kings of the wild frontier@@1@@5@@@@press darlings,album_sidecar_track,track,Adam and the Ants,Press Darlings,1980,us,album_bound_track_no_safe_match,29,57,52,1108061200,,false
album_sidecar_track:album|adverts|crossing the red sea with the adverts@@1@@6@@@@bombsite boy:album_bound_track_no_safe_match:1668347179,apple_music_sidecar_track_album_bound_pass_v1,album|adverts|crossing the red sea with the adverts@@1@@6@@@@bombsite boy,album_sidecar_track,track,The Adverts,Bombsite Boy,1978,us,album_bound_track_no_safe_match,15,56,43,1668347179,,false
album_sidecar_track:album|alanis morissette|jagged little pill@@1@@13@@@@you oughta know jimmy saint blend your house:album_bound_track_no_safe_match:1715762264,apple_music_sidecar_track_album_bound_pass_v1,album|alanis morissette|jagged little pill@@1@@13@@@@you oughta know jimmy saint blend your house,album_sidecar_track,track,Alanis Morissette,You Oughta Know (Jimmy the Saint Blend) / Your House,1995,us,album_bound_track_no_safe_match,0,0,,1715762264,,false
album_sidecar_track:album|alice in chains|dirt@@1@@10@@@@iron gland:album_bound_track_no_safe_match:157316517,apple_music_sidecar_track_album_bound_pass_v1,album|alice in chains|dirt@@1@@10@@@@iron gland,album_sidecar_track,track,Alice in Chains,Iron Gland,1992,us,album_bound_track_no_safe_match,1,57,,157316517,,false
album_sidecar_track:album|allman brothers band|at fillmore east@@1@@4@@@@whipping post:album_bound_track_no_safe_match:1440833569,apple_music_sidecar_track_album_bound_pass_v1,album|allman brothers band|at fillmore east@@1@@4@@@@whipping post,album_sidecar_track,track,The Allman Brothers Band,Whipping Post,1971,us,album_bound_track_no_safe_match,4,48,45,1440833569,,false
album_sidecar_track:album|allman brothers band|eat a peach@@1@@9@@@@mountain jam:album_bound_track_no_safe_match:1469584912,apple_music_sidecar_track_album_bound_pass_v1,album|allman brothers band|eat a peach@@1@@9@@@@mountain jam,album_sidecar_track,track,The Allman Brothers Band,Mountain Jam,1972,us,album_bound_track_no_safe_match,1,45,,1469584912,,false
album_sidecar_track:album|amyl and the sniffers|comfort to me@@1@@11@@@@don t need a cunt like you to love me:album_bound_track_no_safe_match:1574728155,apple_music_sidecar_track_album_bound_pass_v1,album|amyl and the sniffers|comfort to me@@1@@11@@@@don t need a cunt like you to love me,album_sidecar_track,track,Amyl and the Sniffers,Don’t Need a Cunt (Like You to Love Me),2021,us,album_bound_track_no_safe_match,1,57,,1574728155,,false
album_sidecar_track:album|andrae crouch|live in london@@1@@8@@@@if i was a tree highest praise:album_bound_track_no_safe_match:305503778,apple_music_sidecar_track_album_bound_pass_v1,album|andrae crouch|live in london@@1@@8@@@@if i was a tree highest praise,album_sidecar_track,track,Andrae Crouch,If I Was a Tree (The Highest Praise),1978,us,album_bound_track_no_safe_match,1,57,,305503778,,false
album_sidecar_track:album|angel witch|angel witch@@1@@10@@@@devils tower:album_bound_track_no_safe_match:1444755676,apple_music_sidecar_track_album_bound_pass_v1,album|angel witch|angel witch@@1@@10@@@@devils tower,album_sidecar_track,track,Angel Witch,Devils Tower,1980,us,album_bound_track_no_safe_match,21,57,12,1444755676,,false
album_sidecar_track:album|angie stone|black diamond@@1@@15@@@@don t wanna ride without you:album_bound_track_no_safe_match:1534248450,apple_music_sidecar_track_album_bound_pass_v1,album|angie stone|black diamond@@1@@15@@@@don t wanna ride without you,album_sidecar_track,track,Angie Stone,Don’t Wanna Ride Without You,1999,us,album_bound_track_no_safe_match,1,72,,1534248450,,false
album_sidecar_track:album|animals|animals@@1@@1@@@@boom boom:album_bound_track_no_safe_match:1440781967,apple_music_sidecar_track_album_bound_pass_v1,album|animals|animals@@1@@1@@@@boom boom,album_sidecar_track,track,The Animals,Boom Boom,1964,us,album_bound_track_no_safe_match,11,48,17,1440781967,,false
album_sidecar_track:album|animals|animals@@1@@3@@@@dimples:album_bound_track_no_safe_match:1440781967,apple_music_sidecar_track_album_bound_pass_v1,album|animals|animals@@1@@3@@@@dimples,album_sidecar_track,track,The Animals,Dimples,1964,us,album_bound_track_no_safe_match,11,46,17,1440781967,,false
album_sidecar_track:album|aretha franklin|amazing grace@@2@@4@@@@god will take care of you:album_bound_track_no_safe_match:1628093959,apple_music_sidecar_track_album_bound_pass_v1,album|aretha franklin|amazing grace@@2@@4@@@@god will take care of you,album_sidecar_track,track,Aretha Franklin,God Will Take Care of You,1972,us,album_bound_track_no_safe_match,4,43,7,1628093959,,false
album_sidecar_track:album|aretha franklin|amazing grace@@2@@5@@@@wholy holy:album_bound_track_no_safe_match:1628093959,apple_music_sidecar_track_album_bound_pass_v1,album|aretha franklin|amazing grace@@2@@5@@@@wholy holy,album_sidecar_track,track,Aretha Franklin,Wholy Holy,1972,us,album_bound_track_no_safe_match,4,43,7,1628093959,,false
album_sidecar_track:album|avenged sevenfold|waking the fallen@@1@@10@@@@i won t see you tonight part 2:album_bound_track_no_safe_match:898356710,apple_music_sidecar_track_album_bound_pass_v1,album|avenged sevenfold|waking the fallen@@1@@10@@@@i won t see you tonight part 2,album_sidecar_track,track,Avenged Sevenfold,"I Won't See You Tonight, Part 2",2003,us,album_bound_track_no_safe_match,13,57,12,898356710,,false
album_sidecar_track:album|avenged sevenfold|waking the fallen@@1@@9@@@@i won t see you tonight part 1:album_bound_track_no_safe_match:898356710,apple_music_sidecar_track_album_bound_pass_v1,album|avenged sevenfold|waking the fallen@@1@@9@@@@i won t see you tonight part 1,album_sidecar_track,track,Avenged Sevenfold,"I Won't See You Tonight, Part 1",2003,us,album_bound_track_no_safe_match,13,57,7,898356710,,false
album_sidecar_track:album|babes in toyland|fontanelle@@1@@13@@@@real eyes:album_bound_track_no_safe_match:300957229,apple_music_sidecar_track_album_bound_pass_v1,album|babes in toyland|fontanelle@@1@@13@@@@real eyes,album_sidecar_track,track,Babes in Toyland,Real Eyes,1992,us,album_bound_track_no_safe_match,1,57,,300957229,,false
album_sidecar_track:album|bad brains|rock for light@@1@@1@@@@coptic times:album_bound_track_no_safe_match:1302287380,apple_music_sidecar_track_album_bound_pass_v1,album|bad brains|rock for light@@1@@1@@@@coptic times,album_sidecar_track,track,Bad Brains,Coptic Times,1983,us,album_bound_track_no_safe_match,14,61,53,1302287380,,false
album_sidecar_track:album|bad brains|rock for light@@1@@12@@@@how low can a punk get:album_bound_track_no_safe_match:1302287380,apple_music_sidecar_track_album_bound_pass_v1,album|bad brains|rock for light@@1@@12@@@@how low can a punk get,album_sidecar_track,track,Bad Brains,How Low Can a Punk Get,1983,us,album_bound_track_no_safe_match,10,61,53,1302287380,,false
album_sidecar_track:album|bad brains|rock for light@@1@@14@@@@i i survive:album_bound_track_no_safe_match:1302287380,apple_music_sidecar_track_album_bound_pass_v1,album|bad brains|rock for light@@1@@14@@@@i i survive,album_sidecar_track,track,Bad Brains,I + I Survive,1983,us,album_bound_track_no_safe_match,9,43,22,1302287380,,false
album_sidecar_track:album|bad brains|rock for light@@1@@5@@@@rally around jah throne:album_bound_track_no_safe_match:1302287380,apple_music_sidecar_track_album_bound_pass_v1,album|bad brains|rock for light@@1@@5@@@@rally around jah throne,album_sidecar_track,track,Bad Brains,Rally Around Jah Throne,1983,us,album_bound_track_no_safe_match,13,49,12,1302287380,,false
album_sidecar_track:album|bad bunny|yhlqmdlg@@1@@16@@@@esta cabron ser yo:album_bound_track_no_safe_match:1500776322,apple_music_sidecar_track_album_bound_pass_v1,album|bad bunny|yhlqmdlg@@1@@16@@@@esta cabron ser yo,album_sidecar_track,track,Bad Bunny,Está cabrón ser yo,2020,us,album_bound_track_no_safe_match,1,57,,1500776322,,false
album_sidecar_track:album|beach boys|surfin u s a@@1@@2@@@@shut down:album_bound_track_no_safe_match:1443101236,apple_music_sidecar_track_album_bound_pass_v1,album|beach boys|surfin u s a@@1@@2@@@@shut down,album_sidecar_track,track,The Beach Boys,Shut Down,1963,us,album_bound_track_no_safe_match,11,65,61,1443101236,,false
album_sidecar_track:album|ben folds|rockin the suburbs@@1@@5@@@@fred jones part 2:album_bound_track_no_safe_match:190084442,apple_music_sidecar_track_album_bound_pass_v1,album|ben folds|rockin the suburbs@@1@@5@@@@fred jones part 2,album_sidecar_track,track,Ben Folds,"Fred Jones, Part 2",2001,us,album_bound_track_no_safe_match,1,58,,190084442,,false
album_sidecar_track:album|big black|songs about fucking@@1@@14@@@@he s a whore:album_bound_track_no_safe_match:443085887,apple_music_sidecar_track_album_bound_pass_v1,album|big black|songs about fucking@@1@@14@@@@he s a whore,album_sidecar_track,track,Big Black,He's a Whore,1987,us,album_bound_track_no_safe_match,0,0,,443085887,,false
album_sidecar_track:album|big l|lifestylez ov da poor and dangerous@@1@@11@@@@fed up with bullshit:album_bound_track_no_safe_match:171028409,apple_music_sidecar_track_album_bound_pass_v1,album|big l|lifestylez ov da poor and dangerous@@1@@11@@@@fed up with bullshit,album_sidecar_track,track,Big L,Fed Up With the Bullshit,1995,us,album_bound_track_no_safe_match,1,57,,171028409,,false
album_sidecar_track:album|bill evans trio|waltz for debby@@1@@3@@@@detour ahead:album_bound_track_no_safe_match:1440747830,apple_music_sidecar_track_album_bound_pass_v1,album|bill evans trio|waltz for debby@@1@@3@@@@detour ahead,album_sidecar_track,track,Bill Evans Trio,Detour Ahead,1962,us,album_bound_track_no_safe_match,8,58,51,1440747830,,false
album_sidecar_track:album|bill evans trio|waltz for debby@@1@@4@@@@my romance:album_bound_track_no_safe_match:1440747830,apple_music_sidecar_track_album_bound_pass_v1,album|bill evans trio|waltz for debby@@1@@4@@@@my romance,album_sidecar_track,track,Bill Evans Trio,My Romance,1962,us,album_bound_track_no_safe_match,8,57,57,1440747830,,false
album_sidecar_track:album|billie holiday|lady in satin@@1@@12@@@@end of a love affair:album_bound_track_no_safe_match:1689286255,apple_music_sidecar_track_album_bound_pass_v1,album|billie holiday|lady in satin@@1@@12@@@@end of a love affair,album_sidecar_track,track,Billie Holiday,The End of a Love Affair,1958,us,album_bound_track_no_safe_match,0,0,,1689286255,,false
album_sidecar_track:album|billie holiday|lady in satin@@1@@13@@@@prelude to a kiss:album_bound_track_no_safe_match:1689286255,apple_music_sidecar_track_album_bound_pass_v1,album|billie holiday|lady in satin@@1@@13@@@@prelude to a kiss,album_sidecar_track,track,Billie Holiday,Prelude to a Kiss,1958,us,album_bound_track_no_safe_match,0,0,,1689286255,,false
album_sidecar_track:album|billie holiday|lady in satin@@1@@14@@@@a ghost of a chance:album_bound_track_no_safe_match:1689286255,apple_music_sidecar_track_album_bound_pass_v1,album|billie holiday|lady in satin@@1@@14@@@@a ghost of a chance,album_sidecar_track,track,Billie Holiday,A Ghost of a Chance,1958,us,album_bound_track_no_safe_match,0,0,,1689286255,,false
album_sidecar_track:album|billie holiday|lady in satin@@1@@15@@@@gone with wind:album_bound_track_no_safe_match:1689286255,apple_music_sidecar_track_album_bound_pass_v1,album|billie holiday|lady in satin@@1@@15@@@@gone with wind,album_sidecar_track,track,Billie Holiday,Gone With the Wind,1958,us,album_bound_track_no_safe_match,0,0,,1689286255,,false
album_sidecar_track:album|billie holiday|lady in satin@@1@@16@@@@come rain or come shine:album_bound_track_no_safe_match:1689286255,apple_music_sidecar_track_album_bound_pass_v1,album|billie holiday|lady in satin@@1@@16@@@@come rain or come shine,album_sidecar_track,track,Billie Holiday,Come Rain or Come Shine,1958,us,album_bound_track_no_safe_match,0,0,,1689286255,,false
album_sidecar_track:album|billie holiday|lady in satin@@1@@17@@@@what s new:album_bound_track_no_safe_match:1689286255,apple_music_sidecar_track_album_bound_pass_v1,album|billie holiday|lady in satin@@1@@17@@@@what s new,album_sidecar_track,track,Billie Holiday,What’s New?,1958,us,album_bound_track_no_safe_match,0,0,,1689286255,,false
album_sidecar_track:album|billie holiday|lady in satin@@1@@18@@@@fine and mellow:album_bound_track_no_safe_match:1689286255,apple_music_sidecar_track_album_bound_pass_v1,album|billie holiday|lady in satin@@1@@18@@@@fine and mellow,album_sidecar_track,track,Billie Holiday,Fine and Mellow,1958,us,album_bound_track_no_safe_match,0,0,,1689286255,,false
album_sidecar_track:album|billie holiday|lady in satin@@1@@19@@@@when your lover has gone:album_bound_track_no_safe_match:1689286255,apple_music_sidecar_track_album_bound_pass_v1,album|billie holiday|lady in satin@@1@@19@@@@when your lover has gone,album_sidecar_track,track,Billie Holiday,When Your Lover Has Gone,1958,us,album_bound_track_no_safe_match,0,0,,1689286255,,false
album_sidecar_track:album|billie holiday|lady in satin@@1@@20@@@@don t explain:album_bound_track_no_safe_match:1689286255,apple_music_sidecar_track_album_bound_pass_v1,album|billie holiday|lady in satin@@1@@20@@@@don t explain,album_sidecar_track,track,Billie Holiday,Don’t Explain,1958,us,album_bound_track_no_safe_match,0,0,,1689286255,,false
album_sidecar_track:album|bing crosby|merry christmas@@2@@2@@@@let s start new year right:album_bound_track_no_safe_match:1425234668,apple_music_sidecar_track_album_bound_pass_v1,album|bing crosby|merry christmas@@2@@2@@@@let s start new year right,album_sidecar_track,track,Bing Crosby,Let’s Start the New Year Right,1945,us,album_bound_track_no_safe_match,9,21,17,1425234668,,false
album_sidecar_track:album|bing crosby|merry christmas@@3@@2@@@@danny boy:album_bound_track_no_safe_match:1425234668,apple_music_sidecar_track_album_bound_pass_v1,album|bing crosby|merry christmas@@3@@2@@@@danny boy,album_sidecar_track,track,Bing Crosby,Danny Boy,1945,us,album_bound_track_no_safe_match,8,17,13,1425234668,,false
album_sidecar_track:album|black moon|enta da stage@@1@@11@@@@shit iz real:album_bound_track_no_safe_match:1500489652,apple_music_sidecar_track_album_bound_pass_v1,album|black moon|enta da stage@@1@@11@@@@shit iz real,album_sidecar_track,track,Black Moon,Shit Iz Real,1993,us,album_bound_track_no_safe_match,0,0,,1500489652,,false
album_sidecar_track:album|bob marley and the wailers|legend@@1@@16@@@@punky reggae party 12 version bob marley and wailers 412542 1469576121 https music apple com us album punky reggae party 12 version 1469575763 i 1469576121 and uo 4 true:album_bound_track_no_safe_match:1469575763,apple_music_sidecar_track_album_bound_pass_v1,album|bob marley and the wailers|legend@@1@@16@@@@punky reggae party 12 version bob marley and wailers 412542 1469576121 https music apple com us album punky reggae party 12 version 1469575763 i 1469576121 and uo 4 true,album_sidecar_track,track,Bob Marley & The Wailers,"Punky Reggae Party (12 Version),Bob Marley & The Wailers,412542,1469576121,,https://music.apple.com/us/album/punky-reggae-party-12-version/1469575763?i=1469576121&uo=4,true",1984,us,album_bound_track_no_safe_match,1,67,,1469575763,,false
album_sidecar_track:album|boyz ii men|cooleyhighharmony@@1@@4@@@@uhh ahh:album_bound_track_no_safe_match:1440776595,apple_music_sidecar_track_album_bound_pass_v1,album|boyz ii men|cooleyhighharmony@@1@@4@@@@uhh ahh,album_sidecar_track,track,Boyz II Men,Uhh Ahh,1991,us,album_bound_track_no_safe_match,8,65,57,1440776595,,false
album_sidecar_track:album|bring me the horizon|sempiternal@@1@@12@@@@join club:album_bound_track_no_safe_match:598282638,apple_music_sidecar_track_album_bound_pass_v1,album|bring me the horizon|sempiternal@@1@@12@@@@join club,album_sidecar_track,track,Bring Me the Horizon,Join the Club,2013,us,album_bound_track_no_safe_match,0,0,,598282638,,false
album_sidecar_track:album|bring me the horizon|sempiternal@@1@@13@@@@chasing rainbows:album_bound_track_no_safe_match:598282638,apple_music_sidecar_track_album_bound_pass_v1,album|bring me the horizon|sempiternal@@1@@13@@@@chasing rainbows,album_sidecar_track,track,Bring Me the Horizon,Chasing Rainbows,2013,us,album_bound_track_no_safe_match,0,0,,598282638,,false
album_sidecar_track:album|bring me the horizon|sempiternal@@1@@14@@@@deathbeds:album_bound_track_no_safe_match:598282638,apple_music_sidecar_track_album_bound_pass_v1,album|bring me the horizon|sempiternal@@1@@14@@@@deathbeds,album_sidecar_track,track,Bring Me the Horizon,Deathbeds,2013,us,album_bound_track_no_safe_match,0,0,,598282638,,false
album_sidecar_track:album|broken social scene|you forgot it in people@@1@@12@@@@i m still your fag:album_bound_track_no_safe_match:1442853882,apple_music_sidecar_track_album_bound_pass_v1,album|broken social scene|you forgot it in people@@1@@12@@@@i m still your fag,album_sidecar_track,track,Broken Social Scene,I’m Still Your Fag,2002,us,album_bound_track_no_safe_match,1,57,,1442853882,,false
album_sidecar_track:album|bronski beat|age of consent@@1@@10@@@@i feel love johnnie remember me:album_bound_track_no_safe_match:1760177641,apple_music_sidecar_track_album_bound_pass_v1,album|bronski beat|age of consent@@1@@10@@@@i feel love johnnie remember me,album_sidecar_track,track,Bronski Beat,I Feel Love / Johnnie Remember Me,1984,us,album_bound_track_no_safe_match,1,57,,1760177641,,false
album_sidecar_track:album|bronski beat|age of consent@@1@@11@@@@smalltown boy full 12 version:album_bound_track_no_safe_match:1760177641,apple_music_sidecar_track_album_bound_pass_v1,album|bronski beat|age of consent@@1@@11@@@@smalltown boy full 12 version,album_sidecar_track,track,Bronski Beat,Smalltown Boy (full 12″ version),1984,us,album_bound_track_no_safe_match,1,7,,1760177641,,false
album_sidecar_track:album|bronski beat|age of consent@@1@@12@@@@why full 12 version:album_bound_track_no_safe_match:1760177641,apple_music_sidecar_track_album_bound_pass_v1,album|bronski beat|age of consent@@1@@12@@@@why full 12 version,album_sidecar_track,track,Bronski Beat,Why? (full 12″ version),1984,us,album_bound_track_no_safe_match,1,7,,1760177641,,false
album_sidecar_track:album|bsd u|late night bumps@@1@@3@@@@moment of clarity:album_bound_track_no_safe_match:1828927475,apple_music_sidecar_track_album_bound_pass_v1,album|bsd u|late night bumps@@1@@3@@@@moment of clarity,album_sidecar_track,track,bsd.u,moment of clarity,2014,us,album_bound_track_no_safe_match,3,46,9,1828927475,,false
album_sidecar_track:album|bsd u|late night bumps@@1@@5@@@@crush on u:album_bound_track_no_safe_match:1828927475,apple_music_sidecar_track_album_bound_pass_v1,album|bsd u|late night bumps@@1@@5@@@@crush on u,album_sidecar_track,track,bsd.u,crush on u,2014,us,album_bound_track_no_safe_match,2,44,9,1828927475,,false
album_sidecar_track:album|bsd u|late night bumps@@1@@7@@@@last summer:album_bound_track_no_safe_match:1828927475,apple_music_sidecar_track_album_bound_pass_v1,album|bsd u|late night bumps@@1@@7@@@@last summer,album_sidecar_track,track,bsd.u,last summer,2014,us,album_bound_track_no_safe_match,1,8,,1828927475,,false
album_sidecar_track:album|bsd u|late night bumps@@1@@8@@@@nobody has used this sample before doe or die:album_bound_track_no_safe_match:1828927475,apple_music_sidecar_track_album_bound_pass_v1,album|bsd u|late night bumps@@1@@8@@@@nobody has used this sample before doe or die,album_sidecar_track,track,bsd.u,nobody has used this sample before // doe or die,2014,us,album_bound_track_no_safe_match,1,13,,1828927475,,false
album_sidecar_track:album|buck owens|carnegie hall concert@@1@@10@@@@medley under your spell again above and beyond excuse me i think i ve got a heartache foolin around hello trouble truck driving man:album_bound_track_no_safe_match:1468587509,apple_music_sidecar_track_album_bound_pass_v1,album|buck owens|carnegie hall concert@@1@@10@@@@medley under your spell again above and beyond excuse me i think i ve got a heartache foolin around hello trouble truck driving man,album_sidecar_track,track,Buck Owens,Medley: Under Your Spell Again / Above and Beyond / Excuse Me (I Think I’ve Got a Heartache) / Foolin’ Around / Hello Trouble / Truck Driving’ Man,1966,us,album_bound_track_no_safe_match,11,21,18,1468587509,,false
album_sidecar_track:album|buck owens|carnegie hall concert@@1@@4@@@@medley in palm of your hand cryin time don t let her know only you can break my heart:album_bound_track_no_safe_match:1468587509,apple_music_sidecar_track_album_bound_pass_v1,album|buck owens|carnegie hall concert@@1@@4@@@@medley in palm of your hand cryin time don t let her know only you can break my heart,album_sidecar_track,track,Buck Owens,Medley: In the Palm of Your Hand / Cryin’ Time / Don’t Let Her Know / Only You (Can Break My Heart),1966,us,album_bound_track_no_safe_match,13,46,17,1468587509,,false
album_sidecar_track:album|buck owens|carnegie hall concert@@1@@5@@@@medley i don t care just as long as you love me my heart skips a beat gonna have love:album_bound_track_no_safe_match:1468587509,apple_music_sidecar_track_album_bound_pass_v1,album|buck owens|carnegie hall concert@@1@@5@@@@medley i don t care just as long as you love me my heart skips a beat gonna have love,album_sidecar_track,track,Buck Owens,Medley: I Don’t Care (Just as Long as You Love Me) / My Heart Skips a Beat / Gonna Have Love,1966,us,album_bound_track_no_safe_match,13,45,44,1468587509,,false
album_sidecar_track:album|buck owens|carnegie hall concert@@1@@6@@@@waitin in your welfare line:album_bound_track_no_safe_match:1468587509,apple_music_sidecar_track_album_bound_pass_v1,album|buck owens|carnegie hall concert@@1@@6@@@@waitin in your welfare line,album_sidecar_track,track,Buck Owens,Waitin’ in Your Welfare Line,1966,us,album_bound_track_no_safe_match,13,61,53,1468587509,,false
album_sidecar_track:album|buck owens|carnegie hall concert@@1@@9@@@@i ve got a tiger by tail:album_bound_track_no_safe_match:1468587509,apple_music_sidecar_track_album_bound_pass_v1,album|buck owens|carnegie hall concert@@1@@9@@@@i ve got a tiger by tail,album_sidecar_track,track,Buck Owens,I’ve Got a Tiger by the Tail,1966,us,album_bound_track_no_safe_match,11,47,43,1468587509,,false
album_sidecar_track:album|bullet for my valentine|scream aim fire@@1@@12@@@@say goodnight acoustic version:album_bound_track_no_safe_match:272198989,apple_music_sidecar_track_album_bound_pass_v1,album|bullet for my valentine|scream aim fire@@1@@12@@@@say goodnight acoustic version,album_sidecar_track,track,Bullet for My Valentine,Say Goodnight (acoustic version),2008,us,album_bound_track_no_safe_match,0,0,,272198989,,false
album_sidecar_track:album|burna boy|twice as tall@@1@@13@@@@wettin dey sup:album_bound_track_no_safe_match:1527514852,apple_music_sidecar_track_album_bound_pass_v1,album|burna boy|twice as tall@@1@@13@@@@wettin dey sup,album_sidecar_track,track,Burna Boy,Wettin Dey Sup,2020,us,album_bound_track_no_safe_match,1,57,,1527514852,,false
album_sidecar_track:album|buzzcocks|singles going steady@@1@@9@@@@what ever happened to:album_bound_track_no_safe_match:1458533505,apple_music_sidecar_track_album_bound_pass_v1,album|buzzcocks|singles going steady@@1@@9@@@@what ever happened to,album_sidecar_track,track,Buzzcocks,What Ever Happened To?,1979,us,album_bound_track_no_safe_match,1,57,,1458533505,,false
album_sidecar_track:album|byrds|notorious byrd brothers@@1@@10@@@@dolphins smile:album_bound_track_no_safe_match:257558067,apple_music_sidecar_track_album_bound_pass_v1,album|byrds|notorious byrd brothers@@1@@10@@@@dolphins smile,album_sidecar_track,track,The Byrds,Dolphins' Smile,1968,us,album_bound_track_no_safe_match,7,57,17,257558067,,false
album_sidecar_track:album|byrds|sweetheart of the rodeo@@1@@1@@@@you ain t going nowhere:album_bound_track_no_safe_match:170506766,apple_music_sidecar_track_album_bound_pass_v1,album|byrds|sweetheart of the rodeo@@1@@1@@@@you ain t going nowhere,album_sidecar_track,track,The Byrds,You Ain't Going Nowhere,1968,us,album_bound_track_no_safe_match,9,62,17,170506766,,false
album_sidecar_track:album|camel|mirage@@1@@5@@@@lady fantasy encounter smiles for you lady fantasy:album_bound_track_no_safe_match:1443266362,apple_music_sidecar_track_album_bound_pass_v1,album|camel|mirage@@1@@5@@@@lady fantasy encounter smiles for you lady fantasy,album_sidecar_track,track,Camel,Lady Fantasy: Encounter / Smiles for You / Lady Fantasy,1974,us,album_bound_track_no_safe_match,5,73,45,1443266362,,false
album_sidecar_track:album|candlebox|candlebox@@1@@9@@@@mothers dream:album_bound_track_no_safe_match:300983126,apple_music_sidecar_track_album_bound_pass_v1,album|candlebox|candlebox@@1@@9@@@@mothers dream,album_sidecar_track,track,Candlebox,Mothers Dream,1993,us,album_bound_track_no_safe_match,1,57,,300983126,,false
album_sidecar_track:album|cannibal corpse|tomb of the mutilated@@1@@7@@@@entrails ripped from a virgin s cunt:album_bound_track_no_safe_match:56585354,apple_music_sidecar_track_album_bound_pass_v1,album|cannibal corpse|tomb of the mutilated@@1@@7@@@@entrails ripped from a virgin s cunt,album_sidecar_track,track,Cannibal Corpse,Entrails Ripped From a Virgin's Cunt,1992,us,album_bound_track_no_safe_match,3,57,17,56585354,,false
album_sidecar_track:album|cannibal corpse|tomb of the mutilated@@1@@9@@@@beyond cemetery:album_bound_track_no_safe_match:56585354,apple_music_sidecar_track_album_bound_pass_v1,album|cannibal corpse|tomb of the mutilated@@1@@9@@@@beyond cemetery,album_sidecar_track,track,Cannibal Corpse,Beyond the Cemetery,1992,us,album_bound_track_no_safe_match,3,57,7,56585354,,false
album_sidecar_track:album|capone n noreaga|war report@@1@@12@@@@stay tuned interlude:album_bound_track_no_safe_match:1604624690,apple_music_sidecar_track_album_bound_pass_v1,album|capone n noreaga|war report@@1@@12@@@@stay tuned interlude,album_sidecar_track,track,Capone-N-Noreaga,Stay Tuned (interlude),1997,us,album_bound_track_no_safe_match,4,53,17,1604624690,,false
album_sidecar_track:album|capone n noreaga|war report@@1@@3@@@@driver s seat:album_bound_track_no_safe_match:1604624690,apple_music_sidecar_track_album_bound_pass_v1,album|capone n noreaga|war report@@1@@3@@@@driver s seat,album_sidecar_track,track,Capone-N-Noreaga,Driver's Seat,1997,us,album_bound_track_no_safe_match,4,60,17,1604624690,,false
album_sidecar_track:album|chameleons|script of the bridge@@1@@6@@@@thursday s child:album_bound_track_no_safe_match:506784553,apple_music_sidecar_track_album_bound_pass_v1,album|chameleons|script of the bridge@@1@@6@@@@thursday s child,album_sidecar_track,track,The Chameleons,Thursday's Child,1983,us,album_bound_track_no_safe_match,5,43,21,506784553,,false
album_sidecar_track:album|cheap trick|cheap trick at budokan@@1@@9@@@@goodnight now:album_bound_track_no_safe_match:193204065,apple_music_sidecar_track_album_bound_pass_v1,album|cheap trick|cheap trick at budokan@@1@@9@@@@goodnight now,album_sidecar_track,track,Cheap Trick,Goodnight Now,1978,us,album_bound_track_no_safe_match,1,72,,193204065,,false
album_sidecar_track:album|chiffons|chiffons@@1@@1@@@@one fine day:album_bound_track_no_safe_match:1466690187,apple_music_sidecar_track_album_bound_pass_v1,album|chiffons|chiffons@@1@@1@@@@one fine day,album_sidecar_track,track,The Chiffons,One Fine Day,1963,us,album_bound_track_no_safe_match,44,67,58,1466690187,,false
album_sidecar_track:album|chiffons|chiffons@@1@@4@@@@will you love me tomorrow:album_bound_track_no_safe_match:1466690187,apple_music_sidecar_track_album_bound_pass_v1,album|chiffons|chiffons@@1@@4@@@@will you love me tomorrow,album_sidecar_track,track,The Chiffons,Will You Love Me Tomorrow,1963,us,album_bound_track_no_safe_match,42,55,21,1466690187,,false
album_sidecar_track:album|chiffons|chiffons@@1@@6@@@@i wonder why:album_bound_track_no_safe_match:1466690187,apple_music_sidecar_track_album_bound_pass_v1,album|chiffons|chiffons@@1@@6@@@@i wonder why,album_sidecar_track,track,The Chiffons,I Wonder Why,1963,us,album_bound_track_no_safe_match,41,43,23,1466690187,,false
album_sidecar_track:album|chiffons|chiffons@@1@@7@@@@nobody knows what s going on in my mind:album_bound_track_no_safe_match:1466690187,apple_music_sidecar_track_album_bound_pass_v1,album|chiffons|chiffons@@1@@7@@@@nobody knows what s going on in my mind,album_sidecar_track,track,The Chiffons,Nobody Knows What’s Going On in My Mind,1963,us,album_bound_track_no_safe_match,41,53,45,1466690187,,false
album_sidecar_track:album|chiffons|chiffons@@1@@8@@@@boy s happy girl s happy too:album_bound_track_no_safe_match:1466690187,apple_music_sidecar_track_album_bound_pass_v1,album|chiffons|chiffons@@1@@8@@@@boy s happy girl s happy too,album_sidecar_track,track,The Chiffons,The Boy’s Happy (the Girl’s Happy Too),1963,us,album_bound_track_no_safe_match,41,45,43,1466690187,,false
album_sidecar_track:album|chiffons|chiffons@@2@@10@@@@why do fools fall in love:album_bound_track_no_safe_match:1466690187,apple_music_sidecar_track_album_bound_pass_v1,album|chiffons|chiffons@@2@@10@@@@why do fools fall in love,album_sidecar_track,track,The Chiffons,Why Do Fools Fall in Love,1963,us,album_bound_track_no_safe_match,33,43,17,1466690187,,false
album_sidecar_track:album|chiffons|chiffons@@2@@4@@@@it s my party:album_bound_track_no_safe_match:1466690187,apple_music_sidecar_track_album_bound_pass_v1,album|chiffons|chiffons@@2@@4@@@@it s my party,album_sidecar_track,track,The Chiffons,It’s My Party,1963,us,album_bound_track_no_safe_match,36,48,21,1466690187,,false
album_sidecar_track:album|chiffons|chiffons@@2@@5@@@@loco motion:album_bound_track_no_safe_match:1466690187,apple_music_sidecar_track_album_bound_pass_v1,album|chiffons|chiffons@@2@@5@@@@loco motion,album_sidecar_track,track,The Chiffons,The Loco‐Motion,1963,us,album_bound_track_no_safe_match,36,57,23,1466690187,,false
album_sidecar_track:album|chiffons|chiffons@@2@@9@@@@see you in september:album_bound_track_no_safe_match:1466690187,apple_music_sidecar_track_album_bound_pass_v1,album|chiffons|chiffons@@2@@9@@@@see you in september,album_sidecar_track,track,The Chiffons,See You in September,1963,us,album_bound_track_no_safe_match,33,57,21,1466690187,,false
album_sidecar_track:album|christopher cross|christopher cross@@1@@2@@@@never be same:album_bound_track_no_safe_match:1862733668,apple_music_sidecar_track_album_bound_pass_v1,album|christopher cross|christopher cross@@1@@2@@@@never be same,album_sidecar_track,track,Christopher Cross,Never Be the Same,1979,us,album_bound_track_no_safe_match,4,53,17,1862733668,,false
album_sidecar_track:album|christopher cross|christopher cross@@1@@3@@@@poor shirley beg:album_bound_track_no_safe_match:1862733668,apple_music_sidecar_track_album_bound_pass_v1,album|christopher cross|christopher cross@@1@@3@@@@poor shirley beg,album_sidecar_track,track,Christopher Cross,Poor Shirley (beg.),1979,us,album_bound_track_no_safe_match,4,44,9,1862733668,,false
album_sidecar_track:album|christopher cross|christopher cross@@1@@4@@@@poor shirley concl:album_bound_track_no_safe_match:1862733668,apple_music_sidecar_track_album_bound_pass_v1,album|christopher cross|christopher cross@@1@@4@@@@poor shirley concl,album_sidecar_track,track,Christopher Cross,Poor Shirley (concl.),1979,us,album_bound_track_no_safe_match,4,45,44,1862733668,,false
album_sidecar_track:album|christopher cross|christopher cross@@1@@6@@@@light is on beg:album_bound_track_no_safe_match:1862733668,apple_music_sidecar_track_album_bound_pass_v1,album|christopher cross|christopher cross@@1@@6@@@@light is on beg,album_sidecar_track,track,Christopher Cross,The Light Is On (beg.),1979,us,album_bound_track_no_safe_match,3,43,9,1862733668,,false
album_sidecar_track:album|chuck berry|after school session@@1@@11@@@@down bound train:album_bound_track_no_safe_match:1499703936,apple_music_sidecar_track_album_bound_pass_v1,album|chuck berry|after school session@@1@@11@@@@down bound train,album_sidecar_track,track,Chuck Berry,Down Bound Train,1957,us,album_bound_track_no_safe_match,2,57,17,1499703936,,false
album_sidecar_track:album|chuck berry|after school session@@1@@9@@@@together we will always be:album_bound_track_no_safe_match:1499703936,apple_music_sidecar_track_album_bound_pass_v1,album|chuck berry|after school session@@1@@9@@@@together we will always be,album_sidecar_track,track,Chuck Berry,Together We Will Always Be,1957,us,album_bound_track_no_safe_match,2,57,17,1499703936,,false
album_sidecar_track:album|chvrches|every open eye@@1@@12@@@@up in arms:album_bound_track_no_safe_match:1771710587,apple_music_sidecar_track_album_bound_pass_v1,album|chvrches|every open eye@@1@@12@@@@up in arms,album_sidecar_track,track,Chvrches,Up in Arms,2015,us,album_bound_track_no_safe_match,0,0,,1771710587,,false
album_sidecar_track:album|cockney rebel|psychomodo@@1@@1@@@@mr soft:album_bound_track_no_safe_match:1629177704,apple_music_sidecar_track_album_bound_pass_v1,album|cockney rebel|psychomodo@@1@@1@@@@mr soft,album_sidecar_track,track,Cockney Rebel,Mr. Soft,1974,us,album_bound_track_no_safe_match,6,56,48,1629177704,,false
album_sidecar_track:album|cockney rebel|psychomodo@@1@@3@@@@bed in corner:album_bound_track_no_safe_match:1629177704,apple_music_sidecar_track_album_bound_pass_v1,album|cockney rebel|psychomodo@@1@@3@@@@bed in corner,album_sidecar_track,track,Cockney Rebel,Bed in the Corner,1974,us,album_bound_track_no_safe_match,6,53,51,1629177704,,false
album_sidecar_track:album|cranberries|no need to argue@@1@@11@@@@yeat s grave:album_bound_track_no_safe_match:1828830621,apple_music_sidecar_track_album_bound_pass_v1,album|cranberries|no need to argue@@1@@11@@@@yeat s grave,album_sidecar_track,track,The Cranberries,Yeat’s Grave,1994,us,album_bound_track_no_safe_match,1,53,,1828830621,,false
album_sidecar_track:album|crystals|he s a rebel@@1@@3@@@@another country another town:album_bound_track_no_safe_match:518081032,apple_music_sidecar_track_album_bound_pass_v1,album|crystals|he s a rebel@@1@@3@@@@another country another town,album_sidecar_track,track,The Crystals,Another Country-Another Town,1963,us,album_bound_track_no_safe_match,2,60,12,518081032,,false
album_sidecar_track:album|crystals|he s a rebel@@1@@9@@@@what a nice way to turn seventeen:album_bound_track_no_safe_match:518081032,apple_music_sidecar_track_album_bound_pass_v1,album|crystals|he s a rebel@@1@@9@@@@what a nice way to turn seventeen,album_sidecar_track,track,The Crystals,What a Nice Way to Turn Seventeen,1963,us,album_bound_track_no_safe_match,2,57,15,518081032,,false
album_sidecar_track:album|curtis mayfield|super fly@@1@@10@@@@we got to have peace:album_bound_track_no_safe_match:1048472205,apple_music_sidecar_track_album_bound_pass_v1,album|curtis mayfield|super fly@@1@@10@@@@we got to have peace,album_sidecar_track,track,Curtis Mayfield,We Got to Have Peace,1972,us,album_bound_track_no_safe_match,8,17,16,1048472205,,false
album_sidecar_track:album|curtis mayfield|super fly@@1@@11@@@@if i were only a child again:album_bound_track_no_safe_match:1048472205,apple_music_sidecar_track_album_bound_pass_v1,album|curtis mayfield|super fly@@1@@11@@@@if i were only a child again,album_sidecar_track,track,Curtis Mayfield,If I Were Only a Child Again,1972,us,album_bound_track_no_safe_match,8,12,11,1048472205,,false
album_sidecar_track:album|curtis mayfield|super fly@@1@@12@@@@sweet exorcist:album_bound_track_no_safe_match:1048472205,apple_music_sidecar_track_album_bound_pass_v1,album|curtis mayfield|super fly@@1@@12@@@@sweet exorcist,album_sidecar_track,track,Curtis Mayfield,Sweet Exorcist,1972,us,album_bound_track_no_safe_match,8,21,13,1048472205,,false
album_sidecar_track:album|curtis mayfield|super fly@@1@@13@@@@show me love:album_bound_track_no_safe_match:1048472205,apple_music_sidecar_track_album_bound_pass_v1,album|curtis mayfield|super fly@@1@@13@@@@show me love,album_sidecar_track,track,Curtis Mayfield,Show Me Love,1972,us,album_bound_track_no_safe_match,8,21,12,1048472205,,false
album_sidecar_track:album|curtis mayfield|super fly@@1@@14@@@@do do wap is strong in here:album_bound_track_no_safe_match:1048472205,apple_music_sidecar_track_album_bound_pass_v1,album|curtis mayfield|super fly@@1@@14@@@@do do wap is strong in here,album_sidecar_track,track,Curtis Mayfield,Do Do Wap Is Strong in Here,1972,us,album_bound_track_no_safe_match,8,26,24,1048472205,,false
album_sidecar_track:album|curtis mayfield|super fly@@1@@15@@@@do it all night:album_bound_track_no_safe_match:1048472205,apple_music_sidecar_track_album_bound_pass_v1,album|curtis mayfield|super fly@@1@@15@@@@do it all night,album_sidecar_track,track,Curtis Mayfield,Do It All Night,1972,us,album_bound_track_no_safe_match,8,17,12,1048472205,,false
album_sidecar_track:album|curtis mayfield|super fly@@1@@16@@@@don t worry if there s a hell below we re all going to go:album_bound_track_no_safe_match:1048472205,apple_music_sidecar_track_album_bound_pass_v1,album|curtis mayfield|super fly@@1@@16@@@@don t worry if there s a hell below we re all going to go,album_sidecar_track,track,Curtis Mayfield,(Don’t Worry) If There’s A Hell Below We’re All Going To Go,1972,us,album_bound_track_no_safe_match,8,12,11,1048472205,,false
album_sidecar_track:album|curtis mayfield|super fly@@1@@2@@@@freddie s dead:album_bound_track_no_safe_match:1048472205,apple_music_sidecar_track_album_bound_pass_v1,album|curtis mayfield|super fly@@1@@2@@@@freddie s dead,album_sidecar_track,track,Curtis Mayfield,Freddie’s Dead,1972,us,album_bound_track_no_safe_match,8,60,52,1048472205,,false
album_sidecar_track:album|curtis mayfield|super fly@@1@@3@@@@kung fu:album_bound_track_no_safe_match:1048472205,apple_music_sidecar_track_album_bound_pass_v1,album|curtis mayfield|super fly@@1@@3@@@@kung fu,album_sidecar_track,track,Curtis Mayfield,Kung Fu,1972,us,album_bound_track_no_safe_match,8,46,21,1048472205,,false
album_sidecar_track:album|curtis mayfield|super fly@@1@@4@@@@so in love:album_bound_track_no_safe_match:1048472205,apple_music_sidecar_track_album_bound_pass_v1,album|curtis mayfield|super fly@@1@@4@@@@so in love,album_sidecar_track,track,Curtis Mayfield,So in Love,1972,us,album_bound_track_no_safe_match,8,45,22,1048472205,,false
album_sidecar_track:album|curtis mayfield|super fly@@1@@5@@@@only you babe:album_bound_track_no_safe_match:1048472205,apple_music_sidecar_track_album_bound_pass_v1,album|curtis mayfield|super fly@@1@@5@@@@only you babe,album_sidecar_track,track,Curtis Mayfield,Only You Babe,1972,us,album_bound_track_no_safe_match,8,58,12,1048472205,,false
album_sidecar_track:album|curtis mayfield|super fly@@1@@6@@@@get down:album_bound_track_no_safe_match:1048472205,apple_music_sidecar_track_album_bound_pass_v1,album|curtis mayfield|super fly@@1@@6@@@@get down,album_sidecar_track,track,Curtis Mayfield,Get Down,1972,us,album_bound_track_no_safe_match,8,43,17,1048472205,,false
album_sidecar_track:album|curtis mayfield|super fly@@1@@7@@@@future shock:album_bound_track_no_safe_match:1048472205,apple_music_sidecar_track_album_bound_pass_v1,album|curtis mayfield|super fly@@1@@7@@@@future shock,album_sidecar_track,track,Curtis Mayfield,Future Shock,1972,us,album_bound_track_no_safe_match,8,43,17,1048472205,,false
album_sidecar_track:album|curtis mayfield|super fly@@1@@8@@@@mother s son:album_bound_track_no_safe_match:1048472205,apple_music_sidecar_track_album_bound_pass_v1,album|curtis mayfield|super fly@@1@@8@@@@mother s son,album_sidecar_track,track,Curtis Mayfield,Mother’s Son,1972,us,album_bound_track_no_safe_match,8,43,12,1048472205,,false
album_sidecar_track:album|curtis mayfield|super fly@@1@@9@@@@short eyes freek free free free:album_bound_track_no_safe_match:1048472205,apple_music_sidecar_track_album_bound_pass_v1,album|curtis mayfield|super fly@@1@@9@@@@short eyes freek free free free,album_sidecar_track,track,Curtis Mayfield,"Short Eyes / Freek, Free, Free Free",1972,us,album_bound_track_no_safe_match,8,17,15,1048472205,,false
album_sidecar_track:album|d banj|entertainer@@1@@7@@@@gbelo gbelo:album_bound_track_no_safe_match:1636949442,apple_music_sidecar_track_album_bound_pass_v1,album|d banj|entertainer@@1@@7@@@@gbelo gbelo,album_sidecar_track,track,D'banj,Gbelo Gbelo,2008,us,album_bound_track_no_safe_match,2,43,7,1636949442,,false
album_sidecar_track:album|d banj|entertainer@@1@@9@@@@if i dey crase:album_bound_track_no_safe_match:1636949442,apple_music_sidecar_track_album_bound_pass_v1,album|d banj|entertainer@@1@@9@@@@if i dey crase,album_sidecar_track,track,D'banj,If I Dey Crase,2008,us,album_bound_track_no_safe_match,2,43,7,1636949442,,false
album_sidecar_track:album|daft punk|homework@@1@@2@@@@wdpk 83 7 fm:album_bound_track_no_safe_match:696884422,apple_music_sidecar_track_album_bound_pass_v1,album|daft punk|homework@@1@@2@@@@wdpk 83 7 fm,album_sidecar_track,track,Daft Punk,WDPK 83.7 FM,1997,us,album_bound_track_no_safe_match,2,61,8,696884422,,false
album_sidecar_track:album|daft punk|homework@@1@@5@@@@ph nix:album_bound_track_no_safe_match:696884422,apple_music_sidecar_track_album_bound_pass_v1,album|daft punk|homework@@1@@5@@@@ph nix,album_sidecar_track,track,Daft Punk,Phœnix,1997,us,album_bound_track_no_safe_match,2,58,11,696884422,,false
album_sidecar_track:album|damned|damned damned damned@@1@@5@@@@stab your back:album_bound_track_no_safe_match:1439808377,apple_music_sidecar_track_album_bound_pass_v1,album|damned|damned damned damned@@1@@5@@@@stab your back,album_sidecar_track,track,The Damned,Stab Your Back,1977,us,album_bound_track_no_safe_match,1,58,,1439808377,,false
album_sidecar_track:album|damned|machine gun etiquette@@1@@11@@@@smash it up part i:album_bound_track_no_safe_match:1621373741,apple_music_sidecar_track_album_bound_pass_v1,album|damned|machine gun etiquette@@1@@11@@@@smash it up part i,album_sidecar_track,track,The Damned,"Smash It Up, Part I",1979,us,album_bound_track_no_safe_match,1,43,,1621373741,,false
album_sidecar_track:album|damned|machine gun etiquette@@1@@12@@@@smash it up part ii:album_bound_track_no_safe_match:1621373741,apple_music_sidecar_track_album_bound_pass_v1,album|damned|machine gun etiquette@@1@@12@@@@smash it up part ii,album_sidecar_track,track,The Damned,"Smash It Up, Part II",1979,us,album_bound_track_no_safe_match,1,7,,1621373741,,false
album_sidecar_track:album|danny elfman|batman@@1@@10@@@@face off final:album_bound_track_no_safe_match:41229136,apple_music_sidecar_track_album_bound_pass_v1,album|danny elfman|batman@@1@@10@@@@face off final,album_sidecar_track,track,Danny Elfman,Face Off Final,1989,us,album_bound_track_no_safe_match,7,17,11,41229136,,false
album_sidecar_track:album|danny elfman|batman@@1@@15@@@@a whole new door:album_bound_track_no_safe_match:41229136,apple_music_sidecar_track_album_bound_pass_v1,album|danny elfman|batman@@1@@15@@@@a whole new door,album_sidecar_track,track,Danny Elfman,A Whole New Door,1989,us,album_bound_track_no_safe_match,6,43,11,41229136,,false
album_sidecar_track:album|danny elfman|batman@@1@@16@@@@gotham news:album_bound_track_no_safe_match:41229136,apple_music_sidecar_track_album_bound_pass_v1,album|danny elfman|batman@@1@@16@@@@gotham news,album_sidecar_track,track,Danny Elfman,Gotham News,1989,us,album_bound_track_no_safe_match,6,43,11,41229136,,false
album_sidecar_track:album|danny elfman|batman@@1@@17@@@@joker commercial:album_bound_track_no_safe_match:41229136,apple_music_sidecar_track_album_bound_pass_v1,album|danny elfman|batman@@1@@17@@@@joker commercial,album_sidecar_track,track,Danny Elfman,Joker Commercial,1989,us,album_bound_track_no_safe_match,6,25,12,41229136,,false
album_sidecar_track:album|danny elfman|batman@@1@@18@@@@cosmetics scare:album_bound_track_no_safe_match:41229136,apple_music_sidecar_track_album_bound_pass_v1,album|danny elfman|batman@@1@@18@@@@cosmetics scare,album_sidecar_track,track,Danny Elfman,Cosmetics Scare,1989,us,album_bound_track_no_safe_match,6,11,10,41229136,,false
album_sidecar_track:album|danny elfman|batman@@1@@19@@@@daddy s gonna make some art:album_bound_track_no_safe_match:41229136,apple_music_sidecar_track_album_bound_pass_v1,album|danny elfman|batman@@1@@19@@@@daddy s gonna make some art,album_sidecar_track,track,Danny Elfman,Daddy's Gonna Make Some Art,1989,us,album_bound_track_no_safe_match,6,11,10,41229136,,false
album_sidecar_track:album|danny elfman|batman@@1@@2@@@@robbery in gotham city:album_bound_track_no_safe_match:41229136,apple_music_sidecar_track_album_bound_pass_v1,album|danny elfman|batman@@1@@2@@@@robbery in gotham city,album_sidecar_track,track,Danny Elfman,Robbery in Gotham City,1989,us,album_bound_track_no_safe_match,7,52,10,41229136,,false
album_sidecar_track:album|danny elfman|batman@@1@@20@@@@flugelheim mayhem:album_bound_track_no_safe_match:41229136,apple_music_sidecar_track_album_bound_pass_v1,album|danny elfman|batman@@1@@20@@@@flugelheim mayhem,album_sidecar_track,track,Danny Elfman,Flugelheim Mayhem,1989,us,album_bound_track_no_safe_match,6,21,10,41229136,,false
album_sidecar_track:album|danny elfman|batman@@1@@21@@@@i m melting:album_bound_track_no_safe_match:41229136,apple_music_sidecar_track_album_bound_pass_v1,album|danny elfman|batman@@1@@21@@@@i m melting,album_sidecar_track,track,Danny Elfman,I'm Melting,1989,us,album_bound_track_no_safe_match,6,16,10,41229136,,false
album_sidecar_track:album|danny elfman|batman@@1@@22@@@@batman to rescue final:album_bound_track_no_safe_match:41229136,apple_music_sidecar_track_album_bound_pass_v1,album|danny elfman|batman@@1@@22@@@@batman to rescue final,album_sidecar_track,track,Danny Elfman,Batman to the Rescue Final,1989,us,album_bound_track_no_safe_match,6,36,15,41229136,,false
album_sidecar_track:album|danny elfman|batman@@1@@25@@@@batman cracks joker s code:album_bound_track_no_safe_match:41229136,apple_music_sidecar_track_album_bound_pass_v1,album|danny elfman|batman@@1@@25@@@@batman cracks joker s code,album_sidecar_track,track,Danny Elfman,Batman Cracks Joker's Code,1989,us,album_bound_track_no_safe_match,6,11,10,41229136,,false
album_sidecar_track:album|danny elfman|batman@@1@@26@@@@joker intrudes:album_bound_track_no_safe_match:41229136,apple_music_sidecar_track_album_bound_pass_v1,album|danny elfman|batman@@1@@26@@@@joker intrudes,album_sidecar_track,track,Danny Elfman,The Joker Intrudes,1989,us,album_bound_track_no_safe_match,6,21,16,41229136,,false
album_sidecar_track:album|danny elfman|batman@@1@@28@@@@secret of alley:album_bound_track_no_safe_match:41229136,apple_music_sidecar_track_album_bound_pass_v1,album|danny elfman|batman@@1@@28@@@@secret of alley,album_sidecar_track,track,Danny Elfman,Secret of the Alley,1989,us,album_bound_track_no_safe_match,6,11,10,41229136,,false
album_sidecar_track:album|danny elfman|batman@@1@@3@@@@roof fight:album_bound_track_no_safe_match:41229136,apple_music_sidecar_track_album_bound_pass_v1,album|danny elfman|batman@@1@@3@@@@roof fight,album_sidecar_track,track,Danny Elfman,Roof Fight,1989,us,album_bound_track_no_safe_match,7,55,46,41229136,,false
album_sidecar_track:album|danny elfman|batman@@1@@31@@@@charge of batmobile final:album_bound_track_no_safe_match:41229136,apple_music_sidecar_track_album_bound_pass_v1,album|danny elfman|batman@@1@@31@@@@charge of batmobile final,album_sidecar_track,track,Danny Elfman,Charge of the Batmobile Final,1989,us,album_bound_track_no_safe_match,6,41,16,41229136,,false
album_sidecar_track:album|danny elfman|batman@@1@@32@@@@batwing approaches gotham:album_bound_track_no_safe_match:41229136,apple_music_sidecar_track_album_bound_pass_v1,album|danny elfman|batman@@1@@32@@@@batwing approaches gotham,album_sidecar_track,track,Danny Elfman,Batwing Approaches Gotham,1989,us,album_bound_track_no_safe_match,6,11,10,41229136,,false
album_sidecar_track:album|danny elfman|batman@@1@@33@@@@attack of batwing final:album_bound_track_no_safe_match:41229136,apple_music_sidecar_track_album_bound_pass_v1,album|danny elfman|batman@@1@@33@@@@attack of batwing final,album_sidecar_track,track,Danny Elfman,Attack of the Batwing Final,1989,us,album_bound_track_no_safe_match,6,31,11,41229136,,false
album_sidecar_track:album|danny elfman|batman@@1@@36@@@@devil in pale moonlight:album_bound_track_no_safe_match:41229136,apple_music_sidecar_track_album_bound_pass_v1,album|danny elfman|batman@@1@@36@@@@devil in pale moonlight,album_sidecar_track,track,Danny Elfman,Devil in the Pale Moonlight,1989,us,album_bound_track_no_safe_match,6,25,12,41229136,,false
album_sidecar_track:album|danny elfman|batman@@1@@4@@@@eckhardt and napier:album_bound_track_no_safe_match:41229136,apple_music_sidecar_track_album_bound_pass_v1,album|danny elfman|batman@@1@@4@@@@eckhardt and napier,album_sidecar_track,track,Danny Elfman,Eckhardt and Napier,1989,us,album_bound_track_no_safe_match,7,45,21,41229136,,false
album_sidecar_track:album|danny elfman|batman@@1@@5@@@@grissom s lair:album_bound_track_no_safe_match:41229136,apple_music_sidecar_track_album_bound_pass_v1,album|danny elfman|batman@@1@@5@@@@grissom s lair,album_sidecar_track,track,Danny Elfman,Grissom's Lair,1989,us,album_bound_track_no_safe_match,7,17,17,41229136,,false
album_sidecar_track:album|danny elfman|batman@@1@@6@@@@millionaire and spy:album_bound_track_no_safe_match:41229136,apple_music_sidecar_track_album_bound_pass_v1,album|danny elfman|batman@@1@@6@@@@millionaire and spy,album_sidecar_track,track,Danny Elfman,Millionaire and Spy,1989,us,album_bound_track_no_safe_match,7,48,21,41229136,,false
album_sidecar_track:album|danny elfman|batman@@1@@7@@@@axis chemicals break in:album_bound_track_no_safe_match:41229136,apple_music_sidecar_track_album_bound_pass_v1,album|danny elfman|batman@@1@@7@@@@axis chemicals break in,album_sidecar_track,track,Danny Elfman,Axis Chemicals Break In,1989,us,album_bound_track_no_safe_match,7,43,11,41229136,,false
album_sidecar_track:album|danny elfman|batman@@1@@8@@@@first confrontation final:album_bound_track_no_safe_match:41229136,apple_music_sidecar_track_album_bound_pass_v1,album|danny elfman|batman@@1@@8@@@@first confrontation final,album_sidecar_track,track,Danny Elfman,First Confrontation Final,1989,us,album_bound_track_no_safe_match,7,34,11,41229136,,false
album_sidecar_track:album|danny elfman|batman@@1@@9@@@@kitchen surgery:album_bound_track_no_safe_match:41229136,apple_music_sidecar_track_album_bound_pass_v1,album|danny elfman|batman@@1@@9@@@@kitchen surgery,album_sidecar_track,track,Danny Elfman,Kitchen Surgery,1989,us,album_bound_track_no_safe_match,7,38,11,41229136,,false
album_sidecar_track:album|danny elfman|nightmare before christmas@@1@@21@@@@bonus theme montage:album_bound_track_no_safe_match:1440662430,apple_music_sidecar_track_album_bound_pass_v1,album|danny elfman|nightmare before christmas@@1@@21@@@@bonus theme montage,album_sidecar_track,track,Danny Elfman,Bonus Theme Montage,1993,us,album_bound_track_no_safe_match,9,31,7,1440662430,,false
album_sidecar_track:album|darius rucker|true believers@@1@@13@@@@your cheatin heart:album_bound_track_no_safe_match:1469411292,apple_music_sidecar_track_album_bound_pass_v1,album|darius rucker|true believers@@1@@13@@@@your cheatin heart,album_sidecar_track,track,Darius Rucker,Your Cheatin' Heart,2013,us,album_bound_track_no_safe_match,0,0,,1469411292,,false
album_sidecar_track:album|darius rucker|true believers@@1@@14@@@@one tequila:album_bound_track_no_safe_match:1469411292,apple_music_sidecar_track_album_bound_pass_v1,album|darius rucker|true believers@@1@@14@@@@one tequila,album_sidecar_track,track,Darius Rucker,One Tequila,2013,us,album_bound_track_no_safe_match,0,0,,1469411292,,false
album_sidecar_track:album|darius rucker|true believers@@1@@15@@@@only wanna be with you:album_bound_track_no_safe_match:1469411292,apple_music_sidecar_track_album_bound_pass_v1,album|darius rucker|true believers@@1@@15@@@@only wanna be with you,album_sidecar_track,track,Darius Rucker,Only Wanna Be With You,2013,us,album_bound_track_no_safe_match,0,0,,1469411292,,false
album_sidecar_track:album|dave van ronk|folksinger@@1@@1@@@@samson and delilah:album_bound_track_no_safe_match:1440947180,apple_music_sidecar_track_album_bound_pass_v1,album|dave van ronk|folksinger@@1@@1@@@@samson and delilah,album_sidecar_track,track,Dave Van Ronk,Samson and Delilah,1962,us,album_bound_track_no_safe_match,5,51,24,1440947180,,false
album_sidecar_track:album|dave van ronk|folksinger@@1@@10@@@@stackalee:album_bound_track_no_safe_match:1440947180,apple_music_sidecar_track_album_bound_pass_v1,album|dave van ronk|folksinger@@1@@10@@@@stackalee,album_sidecar_track,track,Dave Van Ronk,Stackalee,1962,us,album_bound_track_no_safe_match,4,24,16,1440947180,,false
album_sidecar_track:album|dave van ronk|folksinger@@1@@9@@@@motherless children:album_bound_track_no_safe_match:1440947180,apple_music_sidecar_track_album_bound_pass_v1,album|dave van ronk|folksinger@@1@@9@@@@motherless children,album_sidecar_track,track,Dave Van Ronk,Motherless Children,1962,us,album_bound_track_no_safe_match,4,49,20,1440947180,,false
album_sidecar_track:album|dave van ronk|inside dave van ronk@@1@@2@@@@cruel ships captain:album_bound_track_no_safe_match:6771126039,apple_music_sidecar_track_album_bound_pass_v1,album|dave van ronk|inside dave van ronk@@1@@2@@@@cruel ships captain,album_sidecar_track,track,Dave Van Ronk,The Cruel Ships' Captain,1964,us,album_bound_track_no_safe_match,2,57,23,6771126039,,false
album_sidecar_track:album|dave van ronk|inside dave van ronk@@1@@4@@@@talkin cancer blues:album_bound_track_no_safe_match:6771126039,apple_music_sidecar_track_album_bound_pass_v1,album|dave van ronk|inside dave van ronk@@1@@4@@@@talkin cancer blues,album_sidecar_track,track,Dave Van Ronk,Talkin' Cancer Blues,1964,us,album_bound_track_no_safe_match,2,59,21,6771126039,,false
album_sidecar_track:album|dc talk|jesus freak@@1@@13@@@@alas my love:album_bound_track_no_safe_match:1440837022,apple_music_sidecar_track_album_bound_pass_v1,album|dc talk|jesus freak@@1@@13@@@@alas my love,album_sidecar_track,track,DC Talk,Alas My Love,1995,us,album_bound_track_no_safe_match,2,47,43,1440837022,,false
album_sidecar_track:album|de la soul|3 feet high and rising@@1@@24@@@@plug tunin original 12 version:album_bound_track_no_safe_match:1657705063,apple_music_sidecar_track_album_bound_pass_v1,album|de la soul|3 feet high and rising@@1@@24@@@@plug tunin original 12 version,album_sidecar_track,track,De La Soul,Plug Tunin’ (original 12″ version),1989,us,album_bound_track_no_safe_match,0,0,,1657705063,,false
album_sidecar_track:album|de la soul|de la soul is dead@@1@@6@@@@johnny s dead a k a vincent mason live from bk lounge:album_bound_track_no_safe_match:1673848395,apple_music_sidecar_track_album_bound_pass_v1,album|de la soul|de la soul is dead@@1@@6@@@@johnny s dead a k a vincent mason live from bk lounge,album_sidecar_track,track,De La Soul,Johnny’s Dead a.k.a. Vincent Mason (live from the BK Lounge),1991,us,album_bound_track_no_safe_match,2,57,7,1673848395,,false
album_sidecar_track:album|de la soul|stakes is high@@1@@11@@@@itzsoweezee hot:album_bound_track_no_safe_match:1664600863,apple_music_sidecar_track_album_bound_pass_v1,album|de la soul|stakes is high@@1@@11@@@@itzsoweezee hot,album_sidecar_track,track,De La Soul,Itzsoweezee (Hot),1996,us,album_bound_track_no_safe_match,6,21,9,1664600863,,false
album_sidecar_track:album|dead boys|young loud and snotty@@1@@5@@@@ain t nothin to do:album_bound_track_no_safe_match:268497356,apple_music_sidecar_track_album_bound_pass_v1,album|dead boys|young loud and snotty@@1@@5@@@@ain t nothin to do,album_sidecar_track,track,Dead Boys,Ain’t Nothin’ to Do,1977,us,album_bound_track_no_safe_match,2,44,31,268497356,,false
album_sidecar_track:album|deadmau5|random album title@@1@@8@@@@faxing berlin piano acoustica version:album_bound_track_no_safe_match:1821960341,apple_music_sidecar_track_album_bound_pass_v1,album|deadmau5|random album title@@1@@8@@@@faxing berlin piano acoustica version,album_sidecar_track,track,Deadmau5,Faxing Berlin (Piano Acoustica version),2008,us,album_bound_track_no_safe_match,0,0,,1821960341,,false
album_sidecar_track:album|deadmau5|random album title@@1@@9@@@@faxing berlin:album_bound_track_no_safe_match:1821960341,apple_music_sidecar_track_album_bound_pass_v1,album|deadmau5|random album title@@1@@9@@@@faxing berlin,album_sidecar_track,track,Deadmau5,Faxing Berlin,2008,us,album_bound_track_no_safe_match,0,0,,1821960341,,false
album_sidecar_track:album|death cab for cutie|plans@@1@@12@@@@start again:album_bound_track_no_safe_match:966379289,apple_music_sidecar_track_album_bound_pass_v1,album|death cab for cutie|plans@@1@@12@@@@start again,album_sidecar_track,track,Death Cab for Cutie,Start Again,2005,us,album_bound_track_no_safe_match,0,0,,966379289,,false
album_sidecar_track:album|death|scream bloody gore@@1@@11@@@@beyond unholy grave:album_bound_track_no_safe_match:369043988,apple_music_sidecar_track_album_bound_pass_v1,album|death|scream bloody gore@@1@@11@@@@beyond unholy grave,album_sidecar_track,track,Death,Beyond the Unholy Grave,1987,us,album_bound_track_no_safe_match,0,0,,369043988,,false
album_sidecar_track:album|death|scream bloody gore@@1@@12@@@@land of no return:album_bound_track_no_safe_match:369043988,apple_music_sidecar_track_album_bound_pass_v1,album|death|scream bloody gore@@1@@12@@@@land of no return,album_sidecar_track,track,Death,Land of No Return,1987,us,album_bound_track_no_safe_match,0,0,,369043988,,false
album_sidecar_track:album|decemberists|crane wife@@2@@1@@@@hurdles even here:album_bound_track_no_safe_match:1044305402,apple_music_sidecar_track_album_bound_pass_v1,album|decemberists|crane wife@@2@@1@@@@hurdles even here,album_sidecar_track,track,The Decemberists,Hurdles Even Here,2006,us,album_bound_track_no_safe_match,2,17,7,1044305402,,false
album_sidecar_track:album|decemberists|crane wife@@2@@2@@@@perfect crime 1 day i knew you d not come back:album_bound_track_no_safe_match:1044305402,apple_music_sidecar_track_album_bound_pass_v1,album|decemberists|crane wife@@2@@2@@@@perfect crime 1 day i knew you d not come back,album_sidecar_track,track,The Decemberists,The Perfect Crime #1 / The Day I Knew You’d Not Come Back,2006,us,album_bound_track_no_safe_match,2,7,7,1044305402,,false
album_sidecar_track:album|dee dee sharp|it s mashed potato time@@1@@5@@@@one hundred pounds of clay:album_bound_track_no_safe_match:1443062668,apple_music_sidecar_track_album_bound_pass_v1,album|dee dee sharp|it s mashed potato time@@1@@5@@@@one hundred pounds of clay,album_sidecar_track,track,Dee Dee Sharp,One Hundred Pounds of Clay,1962,us,album_bound_track_no_safe_match,13,58,21,1443062668,,false
album_sidecar_track:album|def leppard|vault def leppard greatest hits 1980 1995@@1@@1@@@@pour some sugar on me:album_bound_track_no_safe_match:1671883291,apple_music_sidecar_track_album_bound_pass_v1,album|def leppard|vault def leppard greatest hits 1980 1995@@1@@1@@@@pour some sugar on me,album_sidecar_track,track,Def Leppard,Pour Some Sugar on Me,1995,us,album_bound_track_no_safe_match,24,57,48,1671883291,,false
album_sidecar_track:album|def leppard|vault def leppard greatest hits 1980 1995@@1@@10@@@@action:album_bound_track_no_safe_match:1671883291,apple_music_sidecar_track_album_bound_pass_v1,album|def leppard|vault def leppard greatest hits 1980 1995@@1@@10@@@@action,album_sidecar_track,track,Def Leppard,Action,1995,us,album_bound_track_no_safe_match,22,52,43,1671883291,,false
album_sidecar_track:album|def leppard|vault def leppard greatest hits 1980 1995@@1@@11@@@@make love like a man:album_bound_track_no_safe_match:1671883291,apple_music_sidecar_track_album_bound_pass_v1,album|def leppard|vault def leppard greatest hits 1980 1995@@1@@11@@@@make love like a man,album_sidecar_track,track,Def Leppard,Make Love Like a Man,1995,us,album_bound_track_no_safe_match,22,48,21,1671883291,,false
album_sidecar_track:album|def leppard|vault def leppard greatest hits 1980 1995@@1@@13@@@@have you ever needed someone so bad:album_bound_track_no_safe_match:1671883291,apple_music_sidecar_track_album_bound_pass_v1,album|def leppard|vault def leppard greatest hits 1980 1995@@1@@13@@@@have you ever needed someone so bad,album_sidecar_track,track,Def Leppard,Have You Ever Needed Someone So Bad,1995,us,album_bound_track_no_safe_match,21,21,17,1671883291,,false
album_sidecar_track:album|def leppard|vault def leppard greatest hits 1980 1995@@1@@14@@@@rock of ages:album_bound_track_no_safe_match:1671883291,apple_music_sidecar_track_album_bound_pass_v1,album|def leppard|vault def leppard greatest hits 1980 1995@@1@@14@@@@rock of ages,album_sidecar_track,track,Def Leppard,Rock of Ages,1995,us,album_bound_track_no_safe_match,21,47,22,1671883291,,false
album_sidecar_track:album|def leppard|vault def leppard greatest hits 1980 1995@@1@@16@@@@bringin on heartbreak:album_bound_track_no_safe_match:1671883291,apple_music_sidecar_track_album_bound_pass_v1,album|def leppard|vault def leppard greatest hits 1980 1995@@1@@16@@@@bringin on heartbreak,album_sidecar_track,track,Def Leppard,Bringin’ On the Heartbreak,1995,us,album_bound_track_no_safe_match,20,47,25,1671883291,,false
album_sidecar_track:album|def leppard|vault def leppard greatest hits 1980 1995@@1@@2@@@@photograph:album_bound_track_no_safe_match:1671883291,apple_music_sidecar_track_album_bound_pass_v1,album|def leppard|vault def leppard greatest hits 1980 1995@@1@@2@@@@photograph,album_sidecar_track,track,Def Leppard,Photograph,1995,us,album_bound_track_no_safe_match,24,52,52,1671883291,,false
album_sidecar_track:album|def leppard|vault def leppard greatest hits 1980 1995@@1@@3@@@@love bites:album_bound_track_no_safe_match:1671883291,apple_music_sidecar_track_album_bound_pass_v1,album|def leppard|vault def leppard greatest hits 1980 1995@@1@@3@@@@love bites,album_sidecar_track,track,Def Leppard,Love Bites,1995,us,album_bound_track_no_safe_match,24,47,46,1671883291,,false
album_sidecar_track:album|def leppard|vault def leppard greatest hits 1980 1995@@1@@4@@@@let s get rocked:album_bound_track_no_safe_match:1671883291,apple_music_sidecar_track_album_bound_pass_v1,album|def leppard|vault def leppard greatest hits 1980 1995@@1@@4@@@@let s get rocked,album_sidecar_track,track,Def Leppard,Let’s Get Rocked,1995,us,album_bound_track_no_safe_match,24,47,45,1671883291,,false
album_sidecar_track:album|def leppard|vault def leppard greatest hits 1980 1995@@1@@7@@@@heaven is:album_bound_track_no_safe_match:1671883291,apple_music_sidecar_track_album_bound_pass_v1,album|def leppard|vault def leppard greatest hits 1980 1995@@1@@7@@@@heaven is,album_sidecar_track,track,Def Leppard,Heaven Is,1995,us,album_bound_track_no_safe_match,22,43,21,1671883291,,false
album_sidecar_track:album|def leppard|vault def leppard greatest hits 1980 1995@@1@@8@@@@rocket:album_bound_track_no_safe_match:1671883291,apple_music_sidecar_track_album_bound_pass_v1,album|def leppard|vault def leppard greatest hits 1980 1995@@1@@8@@@@rocket,album_sidecar_track,track,Def Leppard,Rocket,1995,us,album_bound_track_no_safe_match,22,56,43,1671883291,,false
album_sidecar_track:album|def leppard|vault def leppard greatest hits 1980 1995@@1@@9@@@@when love and hate collide:album_bound_track_no_safe_match:1671883291,apple_music_sidecar_track_album_bound_pass_v1,album|def leppard|vault def leppard greatest hits 1980 1995@@1@@9@@@@when love and hate collide,album_sidecar_track,track,Def Leppard,When Love and Hate Collide,1995,us,album_bound_track_no_safe_match,22,43,21,1671883291,,false
album_sidecar_track:album|def leppard|vault def leppard greatest hits 1980 1995@@2@@1@@@@let s get rocked:album_bound_track_no_safe_match:1671883291,apple_music_sidecar_track_album_bound_pass_v1,album|def leppard|vault def leppard greatest hits 1980 1995@@2@@1@@@@let s get rocked,album_sidecar_track,track,Def Leppard,Let’s Get Rocked,1995,us,album_bound_track_no_safe_match,20,47,17,1671883291,,false
album_sidecar_track:album|def leppard|vault def leppard greatest hits 1980 1995@@2@@2@@@@armageddon it:album_bound_track_no_safe_match:1671883291,apple_music_sidecar_track_album_bound_pass_v1,album|def leppard|vault def leppard greatest hits 1980 1995@@2@@2@@@@armageddon it,album_sidecar_track,track,Def Leppard,Armageddon It,1995,us,album_bound_track_no_safe_match,20,43,21,1671883291,,false
album_sidecar_track:album|def leppard|vault def leppard greatest hits 1980 1995@@2@@4@@@@rocket:album_bound_track_no_safe_match:1671883291,apple_music_sidecar_track_album_bound_pass_v1,album|def leppard|vault def leppard greatest hits 1980 1995@@2@@4@@@@rocket,album_sidecar_track,track,Def Leppard,Rocket,1995,us,album_bound_track_no_safe_match,19,51,12,1671883291,,false
album_sidecar_track:album|def leppard|vault def leppard greatest hits 1980 1995@@2@@5@@@@two steps behind:album_bound_track_no_safe_match:1671883291,apple_music_sidecar_track_album_bound_pass_v1,album|def leppard|vault def leppard greatest hits 1980 1995@@2@@5@@@@two steps behind,album_sidecar_track,track,Def Leppard,Two Steps Behind,1995,us,album_bound_track_no_safe_match,19,21,17,1671883291,,false
album_sidecar_track:album|def leppard|vault def leppard greatest hits 1980 1995@@2@@6@@@@pour some sugar on me:album_bound_track_no_safe_match:1671883291,apple_music_sidecar_track_album_bound_pass_v1,album|def leppard|vault def leppard greatest hits 1980 1995@@2@@6@@@@pour some sugar on me,album_sidecar_track,track,Def Leppard,Pour Some Sugar on Me,1995,us,album_bound_track_no_safe_match,19,57,48,1671883291,,false
album_sidecar_track:album|def leppard|vault def leppard greatest hits 1980 1995@@2@@7@@@@rock of ages:album_bound_track_no_safe_match:1671883291,apple_music_sidecar_track_album_bound_pass_v1,album|def leppard|vault def leppard greatest hits 1980 1995@@2@@7@@@@rock of ages,album_sidecar_track,track,Def Leppard,Rock of Ages,1995,us,album_bound_track_no_safe_match,19,52,43,1671883291,,false
album_sidecar_track:album|def leppard|vault def leppard greatest hits 1980 1995@@2@@9@@@@photograph:album_bound_track_no_safe_match:1671883291,apple_music_sidecar_track_album_bound_pass_v1,album|def leppard|vault def leppard greatest hits 1980 1995@@2@@9@@@@photograph,album_sidecar_track,track,Def Leppard,Photograph,1995,us,album_bound_track_no_safe_match,18,47,43,1671883291,,false
album_sidecar_track:album|default|fallout@@1@@12@@@@blind:album_bound_track_no_safe_match:311284334,apple_music_sidecar_track_album_bound_pass_v1,album|default|fallout@@1@@12@@@@blind,album_sidecar_track,track,Default,Blind,2001,us,album_bound_track_no_safe_match,0,0,,311284334,,false
album_sidecar_track:album|default|fallout@@1@@13@@@@deny acoustic:album_bound_track_no_safe_match:311284334,apple_music_sidecar_track_album_bound_pass_v1,album|default|fallout@@1@@13@@@@deny acoustic,album_sidecar_track,track,Default,Deny (acoustic),2001,us,album_bound_track_no_safe_match,0,0,,311284334,,false
album_sidecar_track:album|default|fallout@@1@@14@@@@wasting my time acoustic:album_bound_track_no_safe_match:311284334,apple_music_sidecar_track_album_bound_pass_v1,album|default|fallout@@1@@14@@@@wasting my time acoustic,album_sidecar_track,track,Default,Wasting My Time (acoustic),2001,us,album_bound_track_no_safe_match,0,0,,311284334,,false
album_sidecar_track:album|deftones|around the fur@@1@@10@@@@mx bong hit damone:album_bound_track_no_safe_match:1099843198,apple_music_sidecar_track_album_bound_pass_v1,album|deftones|around the fur@@1@@10@@@@mx bong hit damone,album_sidecar_track,track,Deftones,MX / Bong Hit / Damone,1997,us,album_bound_track_no_safe_match,1,57,,1099843198,,false
album_sidecar_track:album|deftones|white pony@@1@@12@@@@boy s republic:album_bound_track_no_safe_match:1099848709,apple_music_sidecar_track_album_bound_pass_v1,album|deftones|white pony@@1@@12@@@@boy s republic,album_sidecar_track,track,Deftones,The Boy’s Republic,2000,us,album_bound_track_no_safe_match,1,12,,1099848709,,false
album_sidecar_track:album|deltron 3030|deltron 3030@@1@@17@@@@fantabulous rap extravaganza part ii:album_bound_track_no_safe_match:288544306,apple_music_sidecar_track_album_bound_pass_v1,album|deltron 3030|deltron 3030@@1@@17@@@@fantabulous rap extravaganza part ii,album_sidecar_track,track,Deltron 3030,"The Fantabulous Rap Extravaganza, Part II",2000,us,album_bound_track_no_safe_match,4,57,7,288544306,,false
album_sidecar_track:album|depeche mode|music for the masses@@1@@10@@@@pimpf interlude 1 mission impossible:album_bound_track_no_safe_match:665403347,apple_music_sidecar_track_album_bound_pass_v1,album|depeche mode|music for the masses@@1@@10@@@@pimpf interlude 1 mission impossible,album_sidecar_track,track,Depeche Mode,Pimpf / Interlude #1: Mission Impossible,1987,us,album_bound_track_no_safe_match,1,72,,665403347,,false
album_sidecar_track:album|depeche mode|music for the masses@@1@@11@@@@agent orange:album_bound_track_no_safe_match:665403347,apple_music_sidecar_track_album_bound_pass_v1,album|depeche mode|music for the masses@@1@@11@@@@agent orange,album_sidecar_track,track,Depeche Mode,Agent Orange,1987,us,album_bound_track_no_safe_match,1,17,,665403347,,false
album_sidecar_track:album|depeche mode|music for the masses@@1@@12@@@@never let me down again aggro mix:album_bound_track_no_safe_match:665403347,apple_music_sidecar_track_album_bound_pass_v1,album|depeche mode|music for the masses@@1@@12@@@@never let me down again aggro mix,album_sidecar_track,track,Depeche Mode,Never Let Me Down Again (Aggro mix),1987,us,album_bound_track_no_safe_match,1,21,,665403347,,false
album_sidecar_track:album|depeche mode|music for the masses@@1@@13@@@@to have and to hold spanish taster:album_bound_track_no_safe_match:665403347,apple_music_sidecar_track_album_bound_pass_v1,album|depeche mode|music for the masses@@1@@13@@@@to have and to hold spanish taster,album_sidecar_track,track,Depeche Mode,To Have and to Hold (Spanish Taster),1987,us,album_bound_track_no_safe_match,1,7,,665403347,,false
album_sidecar_track:album|depeche mode|music for the masses@@1@@14@@@@pleasure little treasure:album_bound_track_no_safe_match:665403347,apple_music_sidecar_track_album_bound_pass_v1,album|depeche mode|music for the masses@@1@@14@@@@pleasure little treasure,album_sidecar_track,track,Depeche Mode,"Pleasure, Little Treasure",1987,us,album_bound_track_no_safe_match,1,7,,665403347,,false
album_sidecar_track:album|derrick may|innovator@@1@@1@@@@rest:album_bound_track_no_safe_match:1804523507,apple_music_sidecar_track_album_bound_pass_v1,album|derrick may|innovator@@1@@1@@@@rest,album_sidecar_track,track,Derrick May,Rest,1991,us,album_bound_track_no_safe_match,24,48,21,1804523507,,false
album_sidecar_track:album|derrick may|innovator@@1@@10@@@@untitled:album_bound_track_no_safe_match:1804523507,apple_music_sidecar_track_album_bound_pass_v1,album|derrick may|innovator@@1@@10@@@@untitled,album_sidecar_track,track,Derrick May,[untitled],1991,us,album_bound_track_no_safe_match,23,43,12,1804523507,,false
album_sidecar_track:album|derrick may|innovator@@1@@11@@@@untitled:album_bound_track_no_safe_match:1804523507,apple_music_sidecar_track_album_bound_pass_v1,album|derrick may|innovator@@1@@11@@@@untitled,album_sidecar_track,track,Derrick May,[untitled],1991,us,album_bound_track_no_safe_match,23,43,12,1804523507,,false
album_sidecar_track:album|derrick may|innovator@@1@@13@@@@original feel surreal:album_bound_track_no_safe_match:1804523507,apple_music_sidecar_track_album_bound_pass_v1,album|derrick may|innovator@@1@@13@@@@original feel surreal,album_sidecar_track,track,Derrick May,Original Feel Surreal,1991,us,album_bound_track_no_safe_match,22,43,41,1804523507,,false
album_sidecar_track:album|derrick may|innovator@@1@@14@@@@r theme:album_bound_track_no_safe_match:1804523507,apple_music_sidecar_track_album_bound_pass_v1,album|derrick may|innovator@@1@@14@@@@r theme,album_sidecar_track,track,Derrick May,R-Theme,1991,us,album_bound_track_no_safe_match,22,56,43,1804523507,,false
album_sidecar_track:album|derrick may|innovator@@1@@2@@@@strings of strings of life:album_bound_track_no_safe_match:1804523507,apple_music_sidecar_track_album_bound_pass_v1,album|derrick may|innovator@@1@@2@@@@strings of strings of life,album_sidecar_track,track,Derrick May,Strings of the Strings of Life,1991,us,album_bound_track_no_safe_match,24,56,31,1804523507,,false
album_sidecar_track:album|derrick may|innovator@@1@@5@@@@feel surreal begins beyond kaos:album_bound_track_no_safe_match:1804523507,apple_music_sidecar_track_album_bound_pass_v1,album|derrick may|innovator@@1@@5@@@@feel surreal begins beyond kaos,album_sidecar_track,track,Derrick May,Feel Surreal Begins / Beyond Kaos,1991,us,album_bound_track_no_safe_match,23,44,23,1804523507,,false
album_sidecar_track:album|derrick may|innovator@@1@@6@@@@another rest dance:album_bound_track_no_safe_match:1804523507,apple_music_sidecar_track_album_bound_pass_v1,album|derrick may|innovator@@1@@6@@@@another rest dance,album_sidecar_track,track,Derrick May,Another Rest / The Dance,1991,us,album_bound_track_no_safe_match,23,46,43,1804523507,,false
album_sidecar_track:album|derrick may|innovator@@1@@7@@@@a little spaced out:album_bound_track_no_safe_match:1804523507,apple_music_sidecar_track_album_bound_pass_v1,album|derrick may|innovator@@1@@7@@@@a little spaced out,album_sidecar_track,track,Derrick May,A Little Spaced Out,1991,us,album_bound_track_no_safe_match,23,45,43,1804523507,,false
album_sidecar_track:album|derrick may|innovator@@1@@8@@@@daymares:album_bound_track_no_safe_match:1804523507,apple_music_sidecar_track_album_bound_pass_v1,album|derrick may|innovator@@1@@8@@@@daymares,album_sidecar_track,track,Derrick May,Daymares,1991,us,album_bound_track_no_safe_match,23,43,31,1804523507,,false
album_sidecar_track:album|derrick may|innovator@@1@@9@@@@it is what it is:album_bound_track_no_safe_match:1804523507,apple_music_sidecar_track_album_bound_pass_v1,album|derrick may|innovator@@1@@9@@@@it is what it is,album_sidecar_track,track,Derrick May,It Is What It Is,1991,us,album_bound_track_no_safe_match,23,48,41,1804523507,,false
album_sidecar_track:album|derrick may|innovator@@2@@1@@@@to be or not to be:album_bound_track_no_safe_match:1804523507,apple_music_sidecar_track_album_bound_pass_v1,album|derrick may|innovator@@2@@1@@@@to be or not to be,album_sidecar_track,track,Derrick May,To Be or Not to Be,1991,us,album_bound_track_no_safe_match,22,51,17,1804523507,,false
album_sidecar_track:album|derrick may|innovator@@2@@10@@@@another relic from relics:album_bound_track_no_safe_match:1804523507,apple_music_sidecar_track_album_bound_pass_v1,album|derrick may|innovator@@2@@10@@@@another relic from relics,album_sidecar_track,track,Derrick May,Another Relic From the Relics,1991,us,album_bound_track_no_safe_match,20,21,21,1804523507,,false
album_sidecar_track:album|derrick may|innovator@@2@@12@@@@strings original mix:album_bound_track_no_safe_match:1804523507,apple_music_sidecar_track_album_bound_pass_v1,album|derrick may|innovator@@2@@12@@@@strings original mix,album_sidecar_track,track,Derrick May,Strings (The original mix),1991,us,album_bound_track_no_safe_match,20,45,36,1804523507,,false
album_sidecar_track:album|derrick may|innovator@@2@@4@@@@a relic mix:album_bound_track_no_safe_match:1804523507,apple_music_sidecar_track_album_bound_pass_v1,album|derrick may|innovator@@2@@4@@@@a relic mix,album_sidecar_track,track,Derrick May,A Relic Mix,1991,us,album_bound_track_no_safe_match,22,31,21,1804523507,,false
album_sidecar_track:album|derrick may|innovator@@2@@5@@@@kaotic harmony:album_bound_track_no_safe_match:1804523507,apple_music_sidecar_track_album_bound_pass_v1,album|derrick may|innovator@@2@@5@@@@kaotic harmony,album_sidecar_track,track,Derrick May,Kaotic Harmony,1991,us,album_bound_track_no_safe_match,22,51,21,1804523507,,false
album_sidecar_track:album|derrick may|innovator@@2@@6@@@@more phantom:album_bound_track_no_safe_match:1804523507,apple_music_sidecar_track_album_bound_pass_v1,album|derrick may|innovator@@2@@6@@@@more phantom,album_sidecar_track,track,Derrick May,More Phantom,1991,us,album_bound_track_no_safe_match,22,21,21,1804523507,,false
album_sidecar_track:album|derrick may|innovator@@2@@9@@@@beginning:album_bound_track_no_safe_match:1804523507,apple_music_sidecar_track_album_bound_pass_v1,album|derrick may|innovator@@2@@9@@@@beginning,album_sidecar_track,track,Derrick May,The Beginning,1991,us,album_bound_track_no_safe_match,20,51,12,1804523507,,false
album_sidecar_track:album|dido|no angel@@1@@6@@@@thankyou:album_bound_track_no_safe_match:254578536,apple_music_sidecar_track_album_bound_pass_v1,album|dido|no angel@@1@@6@@@@thankyou,album_sidecar_track,track,Dido,Thankyou,1999,us,album_bound_track_no_safe_match,1,57,,254578536,,false
album_sidecar_track:album|diiv|oshin@@1@@8@@@@druun part ii:album_bound_track_no_safe_match:594580092,apple_music_sidecar_track_album_bound_pass_v1,album|diiv|oshin@@1@@8@@@@druun part ii,album_sidecar_track,track,DIIV,"(Druun, Part II)",2012,us,album_bound_track_no_safe_match,1,57,,594580092,,false
album_sidecar_track:album|dinosaur jr|you re living all over me@@1@@10@@@@show me way:album_bound_track_no_safe_match:1497701141,apple_music_sidecar_track_album_bound_pass_v1,album|dinosaur jr|you re living all over me@@1@@10@@@@show me way,album_sidecar_track,track,Dinosaur Jr.,Show Me the Way,1987,us,album_bound_track_no_safe_match,1,43,,1497701141,,false
album_sidecar_track:album|dinosaur jr|youre living all over me@@1@@10@@@@show me way:album_bound_track_no_safe_match:1497701141,apple_music_sidecar_track_album_bound_pass_v1,album|dinosaur jr|youre living all over me@@1@@10@@@@show me way,album_sidecar_track,track,Dinosaur Jr.,Show Me the Way,1987,us,album_bound_track_no_safe_match,1,43,,1497701141,,false
album_sidecar_track:album|disclosure|caracal@@1@@15@@@@holding on original demo:album_bound_track_no_safe_match:1440828453,apple_music_sidecar_track_album_bound_pass_v1,album|disclosure|caracal@@1@@15@@@@holding on original demo,album_sidecar_track,track,Disclosure,Holding On (original demo),2015,us,album_bound_track_no_safe_match,1,7,,1440828453,,false
album_sidecar_track:album|disclosure|caracal@@1@@16@@@@bang that kevin and dantiez saunderson bangit detroit remix:album_bound_track_no_safe_match:1440828453,apple_music_sidecar_track_album_bound_pass_v1,album|disclosure|caracal@@1@@16@@@@bang that kevin and dantiez saunderson bangit detroit remix,album_sidecar_track,track,Disclosure,Bang That (Kevin & Dantiez Saunderson Bangit Detroit remix),2015,us,album_bound_track_no_safe_match,1,43,,1440828453,,false
album_sidecar_track:album|dj quik|quik is the name@@1@@1@@@@sweet black pussy:album_bound_track_no_safe_match:283661311,apple_music_sidecar_track_album_bound_pass_v1,album|dj quik|quik is the name@@1@@1@@@@sweet black pussy,album_sidecar_track,track,DJ Quik,Sweet Black Pussy,1991,us,album_bound_track_no_safe_match,1,62,,283661311,,false
album_sidecar_track:album|dj quik|safe sound@@1@@10@@@@dollaz sense:album_bound_track_no_safe_match:304718797,apple_music_sidecar_track_album_bound_pass_v1,album|dj quik|safe sound@@1@@10@@@@dollaz sense,album_sidecar_track,track,DJ Quik,Dollaz + Sense,1995,us,album_bound_track_no_safe_match,2,57,9,304718797,,false
album_sidecar_track:album|dj quik|safe sound@@1@@4@@@@safe sound:album_bound_track_no_safe_match:304718797,apple_music_sidecar_track_album_bound_pass_v1,album|dj quik|safe sound@@1@@4@@@@safe sound,album_sidecar_track,track,DJ Quik,Safe + Sound,1995,us,album_bound_track_no_safe_match,2,59,7,304718797,,false
album_sidecar_track:album|dj shadow|endtroducing@@1@@13@@@@what does your soul look like part 1 blue sky revisit transmission 3:album_bound_track_no_safe_match:1660485817,apple_music_sidecar_track_album_bound_pass_v1,album|dj shadow|endtroducing@@1@@13@@@@what does your soul look like part 1 blue sky revisit transmission 3,album_sidecar_track,track,DJ Shadow,"What Does Your Soul Look Like, Part 1: Blue Sky Revisit / Transmission 3",1996,us,album_bound_track_no_safe_match,7,31,19,1660485817,,false
album_sidecar_track:album|dj shadow|endtroducing@@1@@4@@@@changeling transmission 1:album_bound_track_no_safe_match:1660485817,apple_music_sidecar_track_album_bound_pass_v1,album|dj shadow|endtroducing@@1@@4@@@@changeling transmission 1,album_sidecar_track,track,DJ Shadow,Changeling / Transmission 1,1996,us,album_bound_track_no_safe_match,8,69,32,1660485817,,false
album_sidecar_track:album|dj shadow|endtroducing@@1@@5@@@@what does your soul look like part 4:album_bound_track_no_safe_match:1660485817,apple_music_sidecar_track_album_bound_pass_v1,album|dj shadow|endtroducing@@1@@5@@@@what does your soul look like part 4,album_sidecar_track,track,DJ Shadow,"What Does Your Soul Look Like, Part 4",1996,us,album_bound_track_no_safe_match,8,44,17,1660485817,,false
album_sidecar_track:album|dj shadow|endtroducing@@1@@7@@@@stem long stem transmission 2:album_bound_track_no_safe_match:1660485817,apple_music_sidecar_track_album_bound_pass_v1,album|dj shadow|endtroducing@@1@@7@@@@stem long stem transmission 2,album_sidecar_track,track,DJ Shadow,Stem / Long Stem / Transmission 2,1996,us,album_bound_track_no_safe_match,8,31,21,1660485817,,false
album_sidecar_track:album|dmx|it s dark and hell is hot@@1@@3@@@@fuckin wit d:album_bound_track_no_safe_match:1485050192,apple_music_sidecar_track_album_bound_pass_v1,album|dmx|it s dark and hell is hot@@1@@3@@@@fuckin wit d,album_sidecar_track,track,DMX,Fuckin’ Wit’ D,1998,us,album_bound_track_no_safe_match,2,60,7,1485050192,,false
album_sidecar_track:album|doja cat|planet her@@1@@11@@@@ain t shit:album_bound_track_no_safe_match:1573475827,apple_music_sidecar_track_album_bound_pass_v1,album|doja cat|planet her@@1@@11@@@@ain t shit,album_sidecar_track,track,Doja Cat,Ain’t Shit,2021,us,album_bound_track_no_safe_match,1,7,,1573475827,,false
album_sidecar_track:album|dolly parton|coat of many colors@@1@@4@@@@if i lost my mind:album_bound_track_no_safe_match:217532812,apple_music_sidecar_track_album_bound_pass_v1,album|dolly parton|coat of many colors@@1@@4@@@@if i lost my mind,album_sidecar_track,track,Dolly Parton,If I Lost My Mind,1971,us,album_bound_track_no_safe_match,1,55,,217532812,,false
album_sidecar_track:album|don gibson|oh lonesome me@@1@@1@@@@oh lonesome me:album_bound_track_no_safe_match:1462450303,apple_music_sidecar_track_album_bound_pass_v1,album|don gibson|oh lonesome me@@1@@1@@@@oh lonesome me,album_sidecar_track,track,Don Gibson,Oh Lonesome Me,1958,us,album_bound_track_no_safe_match,12,65,58,1462450303,,false
album_sidecar_track:album|don gibson|oh lonesome me@@1@@2@@@@i can t stop lovin you:album_bound_track_no_safe_match:1462450303,apple_music_sidecar_track_album_bound_pass_v1,album|don gibson|oh lonesome me@@1@@2@@@@i can t stop lovin you,album_sidecar_track,track,Don Gibson,I Can’t Stop Lovin’ You,1958,us,album_bound_track_no_safe_match,12,67,61,1462450303,,false
album_sidecar_track:album|don omar|king of kings@@1@@16@@@@not too much:album_bound_track_no_safe_match:1443507107,apple_music_sidecar_track_album_bound_pass_v1,album|don omar|king of kings@@1@@16@@@@not too much,album_sidecar_track,track,Don Omar,Not Too Much,2006,us,album_bound_track_no_safe_match,1,57,,1443507107,,false
album_sidecar_track:album|donna summer|bad girls@@1@@6@@@@journey to centre of your heart:album_bound_track_no_safe_match:1425179100,apple_music_sidecar_track_album_bound_pass_v1,album|donna summer|bad girls@@1@@6@@@@journey to centre of your heart,album_sidecar_track,track,Donna Summer,Journey to the Centre of Your Heart,1979,us,album_bound_track_no_safe_match,4,57,7,1425179100,,false
album_sidecar_track:album|donovan|wear your love like heaven@@1@@10@@@@someone singing:album_bound_track_no_safe_match:327440814,apple_music_sidecar_track_album_bound_pass_v1,album|donovan|wear your love like heaven@@1@@10@@@@someone singing,album_sidecar_track,track,Donovan,Someone Singing,1967,us,album_bound_track_no_safe_match,13,53,17,327440814,,false
album_sidecar_track:album|dr dre|chronic@@1@@11@@@@lyrical gangbang:album_bound_track_no_safe_match:1668460963,apple_music_sidecar_track_album_bound_pass_v1,album|dr dre|chronic@@1@@11@@@@lyrical gangbang,album_sidecar_track,track,Dr. Dre,Lyrical Gangbang,1992,us,album_bound_track_no_safe_match,1,57,,1668460963,,false
album_sidecar_track:album|drake|take care@@1@@6@@@@marvins room buried alive interlude:album_bound_track_no_safe_match:1440642493,apple_music_sidecar_track_album_bound_pass_v1,album|drake|take care@@1@@6@@@@marvins room buried alive interlude,album_sidecar_track,track,Drake,Marvins Room / Buried Alive (interlude),2011,us,album_bound_track_no_safe_match,9,67,7,1440642493,,false
album_sidecar_track:album|drifters|save the last dance for me@@1@@1@@@@on broadway:album_bound_track_no_safe_match:159362635,apple_music_sidecar_track_album_bound_pass_v1,album|drifters|save the last dance for me@@1@@1@@@@on broadway,album_sidecar_track,track,The Drifters,On Broadway,1962,us,album_bound_track_no_safe_match,11,53,23,159362635,,false
album_sidecar_track:album|drifters|save the last dance for me@@1@@11@@@@third rate romance:album_bound_track_no_safe_match:159362635,apple_music_sidecar_track_album_bound_pass_v1,album|drifters|save the last dance for me@@1@@11@@@@third rate romance,album_sidecar_track,track,The Drifters,Third Rate Romance,1962,us,album_bound_track_no_safe_match,9,43,12,159362635,,false
album_sidecar_track:album|drifters|save the last dance for me@@1@@12@@@@night moves:album_bound_track_no_safe_match:159362635,apple_music_sidecar_track_album_bound_pass_v1,album|drifters|save the last dance for me@@1@@12@@@@night moves,album_sidecar_track,track,The Drifters,Night Moves,1962,us,album_bound_track_no_safe_match,9,48,14,159362635,,false
album_sidecar_track:album|drifters|save the last dance for me@@1@@13@@@@another saturday night:album_bound_track_no_safe_match:159362635,apple_music_sidecar_track_album_bound_pass_v1,album|drifters|save the last dance for me@@1@@13@@@@another saturday night,album_sidecar_track,track,The Drifters,Another Saturday Night,1962,us,album_bound_track_no_safe_match,9,21,20,159362635,,false
album_sidecar_track:album|drifters|save the last dance for me@@1@@14@@@@i can help:album_bound_track_no_safe_match:159362635,apple_music_sidecar_track_album_bound_pass_v1,album|drifters|save the last dance for me@@1@@14@@@@i can help,album_sidecar_track,track,The Drifters,I Can Help,1962,us,album_bound_track_no_safe_match,9,23,21,159362635,,false
album_sidecar_track:album|drifters|save the last dance for me@@1@@15@@@@cupid:album_bound_track_no_safe_match:159362635,apple_music_sidecar_track_album_bound_pass_v1,album|drifters|save the last dance for me@@1@@15@@@@cupid,album_sidecar_track,track,The Drifters,Cupid,1962,us,album_bound_track_no_safe_match,9,11,10,159362635,,false
album_sidecar_track:album|drifters|save the last dance for me@@1@@16@@@@any day now:album_bound_track_no_safe_match:159362635,apple_music_sidecar_track_album_bound_pass_v1,album|drifters|save the last dance for me@@1@@16@@@@any day now,album_sidecar_track,track,The Drifters,Any Day Now,1962,us,album_bound_track_no_safe_match,9,11,10,159362635,,false
album_sidecar_track:album|drifters|save the last dance for me@@1@@17@@@@wonderful world:album_bound_track_no_safe_match:159362635,apple_music_sidecar_track_album_bound_pass_v1,album|drifters|save the last dance for me@@1@@17@@@@wonderful world,album_sidecar_track,track,The Drifters,Wonderful World,1962,us,album_bound_track_no_safe_match,9,17,14,159362635,,false
album_sidecar_track:album|drifters|save the last dance for me@@1@@18@@@@bring it on home to me:album_bound_track_no_safe_match:159362635,apple_music_sidecar_track_album_bound_pass_v1,album|drifters|save the last dance for me@@1@@18@@@@bring it on home to me,album_sidecar_track,track,The Drifters,Bring It on Home to Me,1962,us,album_bound_track_no_safe_match,9,23,22,159362635,,false
album_sidecar_track:album|drifters|save the last dance for me@@1@@19@@@@stand by me:album_bound_track_no_safe_match:159362635,apple_music_sidecar_track_album_bound_pass_v1,album|drifters|save the last dance for me@@1@@19@@@@stand by me,album_sidecar_track,track,The Drifters,Stand by Me,1962,us,album_bound_track_no_safe_match,9,11,10,159362635,,false
album_sidecar_track:album|drifters|save the last dance for me@@1@@20@@@@short people:album_bound_track_no_safe_match:159362635,apple_music_sidecar_track_album_bound_pass_v1,album|drifters|save the last dance for me@@1@@20@@@@short people,album_sidecar_track,track,The Drifters,Short People,1962,us,album_bound_track_no_safe_match,9,21,19,159362635,,false
album_sidecar_track:album|drifters|save the last dance for me@@1@@3@@@@dance with me:album_bound_track_no_safe_match:159362635,apple_music_sidecar_track_album_bound_pass_v1,album|drifters|save the last dance for me@@1@@3@@@@dance with me,album_sidecar_track,track,The Drifters,Dance With Me,1962,us,album_bound_track_no_safe_match,10,60,21,159362635,,false
album_sidecar_track:album|drifters|save the last dance for me@@1@@4@@@@there goes my baby:album_bound_track_no_safe_match:159362635,apple_music_sidecar_track_album_bound_pass_v1,album|drifters|save the last dance for me@@1@@4@@@@there goes my baby,album_sidecar_track,track,The Drifters,There Goes My Baby,1962,us,album_bound_track_no_safe_match,10,45,21,159362635,,false
album_sidecar_track:album|drifters|save the last dance for me@@1@@5@@@@up on roof:album_bound_track_no_safe_match:159362635,apple_music_sidecar_track_album_bound_pass_v1,album|drifters|save the last dance for me@@1@@5@@@@up on roof,album_sidecar_track,track,The Drifters,Up on the Roof,1962,us,album_bound_track_no_safe_match,10,54,21,159362635,,false
album_sidecar_track:album|drifters|save the last dance for me@@1@@6@@@@under boardwalk:album_bound_track_no_safe_match:159362635,apple_music_sidecar_track_album_bound_pass_v1,album|drifters|save the last dance for me@@1@@6@@@@under boardwalk,album_sidecar_track,track,The Drifters,Under the Boardwalk,1962,us,album_bound_track_no_safe_match,10,57,21,159362635,,false
album_sidecar_track:album|drifters|save the last dance for me@@1@@7@@@@this magic moment:album_bound_track_no_safe_match:159362635,apple_music_sidecar_track_album_bound_pass_v1,album|drifters|save the last dance for me@@1@@7@@@@this magic moment,album_sidecar_track,track,The Drifters,This Magic Moment,1962,us,album_bound_track_no_safe_match,10,57,21,159362635,,false
album_sidecar_track:album|drifters|save the last dance for me@@1@@9@@@@sweet for my sweet:album_bound_track_no_safe_match:159362635,apple_music_sidecar_track_album_bound_pass_v1,album|drifters|save the last dance for me@@1@@9@@@@sweet for my sweet,album_sidecar_track,track,The Drifters,Sweet for My Sweet,1962,us,album_bound_track_no_safe_match,10,48,21,159362635,,false
album_sidecar_track:album|drive by truckers|decoration day@@1@@2@@@@sink hole:album_bound_track_no_safe_match:1436925743,apple_music_sidecar_track_album_bound_pass_v1,album|drive by truckers|decoration day@@1@@2@@@@sink hole,album_sidecar_track,track,Drive-By Truckers,Sink Hole,2003,us,album_bound_track_no_safe_match,1,61,,1436925743,,false
album_sidecar_track:album|duke ellington|ellington at newport@@1@@1@@@@newport jazz festival suite festival junction blues to be there newport up:album_bound_track_no_safe_match:902277483,apple_music_sidecar_track_album_bound_pass_v1,album|duke ellington|ellington at newport@@1@@1@@@@newport jazz festival suite festival junction blues to be there newport up,album_sidecar_track,track,Duke Ellington,Newport Jazz Festival Suite: Festival Junction / Blues to Be There / Newport Up,1956,us,album_bound_track_no_safe_match,10,48,35,902277483,,false
album_sidecar_track:album|duran duran|rio@@1@@3@@@@lonely in your nightmare us album remix:album_bound_track_no_safe_match:1752170129,apple_music_sidecar_track_album_bound_pass_v1,album|duran duran|rio@@1@@3@@@@lonely in your nightmare us album remix,album_sidecar_track,track,Duran Duran,Lonely in Your Nightmare (US album remix),1982,us,album_bound_track_no_safe_match,6,46,11,1752170129,,false
album_sidecar_track:album|duran duran|rio@@1@@4@@@@hungry like wolf night version:album_bound_track_no_safe_match:1752170129,apple_music_sidecar_track_album_bound_pass_v1,album|duran duran|rio@@1@@4@@@@hungry like wolf night version,album_sidecar_track,track,Duran Duran,Hungry Like the Wolf (Night version),1982,us,album_bound_track_no_safe_match,6,17,15,1752170129,,false
album_sidecar_track:album|duran duran|rio@@1@@5@@@@hold back rain us album remix:album_bound_track_no_safe_match:1752170129,apple_music_sidecar_track_album_bound_pass_v1,album|duran duran|rio@@1@@5@@@@hold back rain us album remix,album_sidecar_track,track,Duran Duran,Hold Back the Rain (US album remix),1982,us,album_bound_track_no_safe_match,6,44,17,1752170129,,false
album_sidecar_track:album|duran duran|rio@@1@@6@@@@new religion:album_bound_track_no_safe_match:1752170129,apple_music_sidecar_track_album_bound_pass_v1,album|duran duran|rio@@1@@6@@@@new religion,album_sidecar_track,track,Duran Duran,New Religion,1982,us,album_bound_track_no_safe_match,6,53,24,1752170129,,false
album_sidecar_track:album|duran duran|rio@@1@@7@@@@last chance on stairway:album_bound_track_no_safe_match:1752170129,apple_music_sidecar_track_album_bound_pass_v1,album|duran duran|rio@@1@@7@@@@last chance on stairway,album_sidecar_track,track,Duran Duran,Last Chance on the Stairway,1982,us,album_bound_track_no_safe_match,6,43,16,1752170129,,false
album_sidecar_track:album|duran duran|rio@@1@@8@@@@save a prayer:album_bound_track_no_safe_match:1752170129,apple_music_sidecar_track_album_bound_pass_v1,album|duran duran|rio@@1@@8@@@@save a prayer,album_sidecar_track,track,Duran Duran,Save a Prayer,1982,us,album_bound_track_no_safe_match,6,43,24,1752170129,,false
album_sidecar_track:album|duran duran|rio@@1@@9@@@@chauffeur:album_bound_track_no_safe_match:1752170129,apple_music_sidecar_track_album_bound_pass_v1,album|duran duran|rio@@1@@9@@@@chauffeur,album_sidecar_track,track,Duran Duran,The Chauffeur,1982,us,album_bound_track_no_safe_match,6,47,43,1752170129,,false
album_sidecar_track:album|eagles|hotel california@@1@@1@@@@love will keep us alive:album_bound_track_no_safe_match:635770200,apple_music_sidecar_track_album_bound_pass_v1,album|eagles|hotel california@@1@@1@@@@love will keep us alive,album_sidecar_track,track,Eagles,Love Will Keep Us Alive,1976,us,album_bound_track_no_safe_match,8,48,21,635770200,,false
album_sidecar_track:album|eagles|hotel california@@1@@10@@@@i can tell you why:album_bound_track_no_safe_match:635770200,apple_music_sidecar_track_album_bound_pass_v1,album|eagles|hotel california@@1@@10@@@@i can tell you why,album_sidecar_track,track,Eagles,I Can Tell You Why,1976,us,album_bound_track_no_safe_match,8,23,20,635770200,,false
album_sidecar_track:album|eagles|hotel california@@1@@11@@@@best of my love:album_bound_track_no_safe_match:635770200,apple_music_sidecar_track_album_bound_pass_v1,album|eagles|hotel california@@1@@11@@@@best of my love,album_sidecar_track,track,Eagles,Best of My Love,1976,us,album_bound_track_no_safe_match,8,20,14,635770200,,false
album_sidecar_track:album|eagles|hotel california@@1@@12@@@@tequila sunrise:album_bound_track_no_safe_match:635770200,apple_music_sidecar_track_album_bound_pass_v1,album|eagles|hotel california@@1@@12@@@@tequila sunrise,album_sidecar_track,track,Eagles,Tequila Sunrise,1976,us,album_bound_track_no_safe_match,8,12,10,635770200,,false
album_sidecar_track:album|eagles|hotel california@@1@@13@@@@seven bridges road live:album_bound_track_no_safe_match:635770200,apple_music_sidecar_track_album_bound_pass_v1,album|eagles|hotel california@@1@@13@@@@seven bridges road live,album_sidecar_track,track,Eagles,Seven Bridges Road (live),1976,us,album_bound_track_no_safe_match,8,12,10,635770200,,false
album_sidecar_track:album|eagles|hotel california@@1@@14@@@@take it to limit:album_bound_track_no_safe_match:635770200,apple_music_sidecar_track_album_bound_pass_v1,album|eagles|hotel california@@1@@14@@@@take it to limit,album_sidecar_track,track,Eagles,Take It to the Limit,1976,us,album_bound_track_no_safe_match,8,24,19,635770200,,false
album_sidecar_track:album|eagles|hotel california@@1@@15@@@@one of these nights:album_bound_track_no_safe_match:635770200,apple_music_sidecar_track_album_bound_pass_v1,album|eagles|hotel california@@1@@15@@@@one of these nights,album_sidecar_track,track,Eagles,One of These Nights,1976,us,album_bound_track_no_safe_match,8,23,20,635770200,,false
album_sidecar_track:album|eagles|hotel california@@1@@16@@@@one you love live:album_bound_track_no_safe_match:635770200,apple_music_sidecar_track_album_bound_pass_v1,album|eagles|hotel california@@1@@16@@@@one you love live,album_sidecar_track,track,Eagles,The One You Love (live),1976,us,album_bound_track_no_safe_match,8,21,15,635770200,,false
album_sidecar_track:album|eagles|hotel california@@1@@2@@@@hotel california new version:album_bound_track_no_safe_match:635770200,apple_music_sidecar_track_album_bound_pass_v1,album|eagles|hotel california@@1@@2@@@@hotel california new version,album_sidecar_track,track,Eagles,Hotel California (new version),1976,us,album_bound_track_no_safe_match,8,48,17,635770200,,false
album_sidecar_track:album|eagles|hotel california@@1@@3@@@@heartache tonight:album_bound_track_no_safe_match:635770200,apple_music_sidecar_track_album_bound_pass_v1,album|eagles|hotel california@@1@@3@@@@heartache tonight,album_sidecar_track,track,Eagles,Heartache Tonight,1976,us,album_bound_track_no_safe_match,8,51,12,635770200,,false
album_sidecar_track:album|eagles|hotel california@@1@@4@@@@peaceful easy feeling:album_bound_track_no_safe_match:635770200,apple_music_sidecar_track_album_bound_pass_v1,album|eagles|hotel california@@1@@4@@@@peaceful easy feeling,album_sidecar_track,track,Eagles,Peaceful Easy Feeling,1976,us,album_bound_track_no_safe_match,8,45,12,635770200,,false
album_sidecar_track:album|eagles|hotel california@@1@@5@@@@desperado:album_bound_track_no_safe_match:635770200,apple_music_sidecar_track_album_bound_pass_v1,album|eagles|hotel california@@1@@5@@@@desperado,album_sidecar_track,track,Eagles,Desperado,1976,us,album_bound_track_no_safe_match,8,44,12,635770200,,false
album_sidecar_track:album|eagles|hotel california@@1@@7@@@@lying eyes:album_bound_track_no_safe_match:635770200,apple_music_sidecar_track_album_bound_pass_v1,album|eagles|hotel california@@1@@7@@@@lying eyes,album_sidecar_track,track,Eagles,Lying Eyes,1976,us,album_bound_track_no_safe_match,8,43,22,635770200,,false
album_sidecar_track:album|eagles|hotel california@@1@@8@@@@take it easy:album_bound_track_no_safe_match:635770200,apple_music_sidecar_track_album_bound_pass_v1,album|eagles|hotel california@@1@@8@@@@take it easy,album_sidecar_track,track,Eagles,Take It Easy,1976,us,album_bound_track_no_safe_match,8,43,12,635770200,,false
album_sidecar_track:album|eagles|hotel california@@1@@9@@@@long run:album_bound_track_no_safe_match:635770200,apple_music_sidecar_track_album_bound_pass_v1,album|eagles|hotel california@@1@@9@@@@long run,album_sidecar_track,track,Eagles,The Long Run,1976,us,album_bound_track_no_safe_match,8,43,17,635770200,,false
album_sidecar_track:album|electric prunes|electric prunes@@1@@12@@@@tunerville trolley:album_bound_track_no_safe_match:655574615,apple_music_sidecar_track_album_bound_pass_v1,album|electric prunes|electric prunes@@1@@12@@@@tunerville trolley,album_sidecar_track,track,The Electric Prunes,Tunerville Trolley,1967,us,album_bound_track_no_safe_match,1,57,,655574615,,false
album_sidecar_track:album|electric wizard|dopethrone@@1@@3@@@@weird tales i electric frost ii golgotha iii altar of melektaus:album_bound_track_no_safe_match:965381927,apple_music_sidecar_track_album_bound_pass_v1,album|electric wizard|dopethrone@@1@@3@@@@weird tales i electric frost ii golgotha iii altar of melektaus,album_sidecar_track,track,Electric Wizard,Weird Tales: I. Electric Frost – II. Golgotha – III. Altar of Melektaus,2000,us,album_bound_track_no_safe_match,2,60,17,965381927,,false
album_sidecar_track:album|ella fitzgerald and louis armstrong|ella and louis@@1@@1@@@@cheek to cheek:album_bound_track_no_safe_match:1469584174,apple_music_sidecar_track_album_bound_pass_v1,album|ella fitzgerald and louis armstrong|ella and louis@@1@@1@@@@cheek to cheek,album_sidecar_track,track,Ella Fitzgerald and Louis Armstrong,Cheek to Cheek,1956,us,album_bound_track_no_safe_match,11,62,51,1469584174,,false
album_sidecar_track:album|ella fitzgerald and louis armstrong|ella and louis@@1@@10@@@@moonlight in vermont:album_bound_track_no_safe_match:1469584174,apple_music_sidecar_track_album_bound_pass_v1,album|ella fitzgerald and louis armstrong|ella and louis@@1@@10@@@@moonlight in vermont,album_sidecar_track,track,Ella Fitzgerald and Louis Armstrong,Moonlight in Vermont,1956,us,album_bound_track_no_safe_match,11,57,46,1469584174,,false
album_sidecar_track:album|ella fitzgerald and louis armstrong|ella and louis@@1@@11@@@@love is here to stay:album_bound_track_no_safe_match:1469584174,apple_music_sidecar_track_album_bound_pass_v1,album|ella fitzgerald and louis armstrong|ella and louis@@1@@11@@@@love is here to stay,album_sidecar_track,track,Ella Fitzgerald and Louis Armstrong,Love Is Here to Stay,1956,us,album_bound_track_no_safe_match,11,57,16,1469584174,,false
album_sidecar_track:album|ella fitzgerald and louis armstrong|ella and louis@@1@@15@@@@tenderly:album_bound_track_no_safe_match:1469584174,apple_music_sidecar_track_album_bound_pass_v1,album|ella fitzgerald and louis armstrong|ella and louis@@1@@15@@@@tenderly,album_sidecar_track,track,Ella Fitzgerald and Louis Armstrong,Tenderly,1956,us,album_bound_track_no_safe_match,8,51,22,1469584174,,false
album_sidecar_track:album|ella fitzgerald and louis armstrong|ella and louis@@1@@16@@@@i ve got my love to keep me warm:album_bound_track_no_safe_match:1469584174,apple_music_sidecar_track_album_bound_pass_v1,album|ella fitzgerald and louis armstrong|ella and louis@@1@@16@@@@i ve got my love to keep me warm,album_sidecar_track,track,Ella Fitzgerald and Louis Armstrong,I’ve Got My Love to Keep Me Warm,1956,us,album_bound_track_no_safe_match,8,17,12,1469584174,,false
album_sidecar_track:album|ella fitzgerald and louis armstrong|ella and louis@@1@@2@@@@don t be that way:album_bound_track_no_safe_match:1469584174,apple_music_sidecar_track_album_bound_pass_v1,album|ella fitzgerald and louis armstrong|ella and louis@@1@@2@@@@don t be that way,album_sidecar_track,track,Ella Fitzgerald and Louis Armstrong,Don’t Be That Way,1956,us,album_bound_track_no_safe_match,11,61,12,1469584174,,false
album_sidecar_track:album|ella fitzgerald and louis armstrong|ella and louis@@1@@3@@@@let s call whole thing off:album_bound_track_no_safe_match:1469584174,apple_music_sidecar_track_album_bound_pass_v1,album|ella fitzgerald and louis armstrong|ella and louis@@1@@3@@@@let s call whole thing off,album_sidecar_track,track,Ella Fitzgerald and Louis Armstrong,Let’s Call the Whole Thing Off,1956,us,album_bound_track_no_safe_match,11,60,26,1469584174,,false
album_sidecar_track:album|ella fitzgerald and louis armstrong|ella and louis@@1@@4@@@@stars fell on alabama:album_bound_track_no_safe_match:1469584174,apple_music_sidecar_track_album_bound_pass_v1,album|ella fitzgerald and louis armstrong|ella and louis@@1@@4@@@@stars fell on alabama,album_sidecar_track,track,Ella Fitzgerald and Louis Armstrong,Stars Fell on Alabama,1956,us,album_bound_track_no_safe_match,11,59,51,1469584174,,false
album_sidecar_track:album|ella fitzgerald and louis armstrong|ella and louis@@1@@5@@@@a fine romance:album_bound_track_no_safe_match:1469584174,apple_music_sidecar_track_album_bound_pass_v1,album|ella fitzgerald and louis armstrong|ella and louis@@1@@5@@@@a fine romance,album_sidecar_track,track,Ella Fitzgerald and Louis Armstrong,A Fine Romance,1956,us,album_bound_track_no_safe_match,11,46,17,1469584174,,false
album_sidecar_track:album|ella fitzgerald and louis armstrong|ella and louis@@1@@6@@@@nearness of you:album_bound_track_no_safe_match:1469584174,apple_music_sidecar_track_album_bound_pass_v1,album|ella fitzgerald and louis armstrong|ella and louis@@1@@6@@@@nearness of you,album_sidecar_track,track,Ella Fitzgerald and Louis Armstrong,The Nearness of You,1956,us,album_bound_track_no_safe_match,11,57,51,1469584174,,false
album_sidecar_track:album|ella fitzgerald and louis armstrong|ella and louis@@1@@7@@@@can t we be friends:album_bound_track_no_safe_match:1469584174,apple_music_sidecar_track_album_bound_pass_v1,album|ella fitzgerald and louis armstrong|ella and louis@@1@@7@@@@can t we be friends,album_sidecar_track,track,Ella Fitzgerald and Louis Armstrong,Can’t We Be Friends,1956,us,album_bound_track_no_safe_match,11,57,56,1469584174,,false
album_sidecar_track:album|ella fitzgerald and louis armstrong|ella and louis@@1@@8@@@@a foggy day in london town:album_bound_track_no_safe_match:1469584174,apple_music_sidecar_track_album_bound_pass_v1,album|ella fitzgerald and louis armstrong|ella and louis@@1@@8@@@@a foggy day in london town,album_sidecar_track,track,Ella Fitzgerald and Louis Armstrong,A Foggy Day in London Town,1956,us,album_bound_track_no_safe_match,11,57,24,1469584174,,false
album_sidecar_track:album|ella fitzgerald and louis armstrong|ella and louis@@1@@9@@@@i m puttin all my eggs in one basket:album_bound_track_no_safe_match:1469584174,apple_music_sidecar_track_album_bound_pass_v1,album|ella fitzgerald and louis armstrong|ella and louis@@1@@9@@@@i m puttin all my eggs in one basket,album_sidecar_track,track,Ella Fitzgerald and Louis Armstrong,I’m Puttin’ All My Eggs in One Basket,1956,us,album_bound_track_no_safe_match,11,57,17,1469584174,,false
album_sidecar_track:album|elvis presley|elvis christmas album@@1@@7@@@@oh little town of bethlehem:album_bound_track_no_safe_match:676288305,apple_music_sidecar_track_album_bound_pass_v1,album|elvis presley|elvis christmas album@@1@@7@@@@oh little town of bethlehem,album_sidecar_track,track,Elvis Presley,Oh Little Town of Bethlehem,1957,us,album_bound_track_no_safe_match,1,57,,676288305,,false
album_sidecar_track:album|elvis presley|elvis presley@@1@@1@@@@crying in chapel:album_bound_track_no_safe_match:671019373,apple_music_sidecar_track_album_bound_pass_v1,album|elvis presley|elvis presley@@1@@1@@@@crying in chapel,album_sidecar_track,track,Elvis Presley,Crying in the Chapel,1956,us,album_bound_track_no_safe_match,12,53,25,671019373,,false
album_sidecar_track:album|elvis presley|elvis presley@@1@@10@@@@return to sender:album_bound_track_no_safe_match:671019373,apple_music_sidecar_track_album_bound_pass_v1,album|elvis presley|elvis presley@@1@@10@@@@return to sender,album_sidecar_track,track,Elvis Presley,Return to Sender,1956,us,album_bound_track_no_safe_match,12,48,23,671019373,,false
album_sidecar_track:album|elvis presley|elvis presley@@1@@11@@@@rock a hula baby:album_bound_track_no_safe_match:671019373,apple_music_sidecar_track_album_bound_pass_v1,album|elvis presley|elvis presley@@1@@11@@@@rock a hula baby,album_sidecar_track,track,Elvis Presley,Rock‐a‐Hula‐Baby,1956,us,album_bound_track_no_safe_match,12,43,26,671019373,,false
album_sidecar_track:album|elvis presley|elvis presley@@1@@12@@@@surrender:album_bound_track_no_safe_match:671019373,apple_music_sidecar_track_album_bound_pass_v1,album|elvis presley|elvis presley@@1@@12@@@@surrender,album_sidecar_track,track,Elvis Presley,Surrender,1956,us,album_bound_track_no_safe_match,12,43,22,671019373,,false
album_sidecar_track:album|elvis presley|elvis presley@@1@@13@@@@can t help falling in love:album_bound_track_no_safe_match:671019373,apple_music_sidecar_track_album_bound_pass_v1,album|elvis presley|elvis presley@@1@@13@@@@can t help falling in love,album_sidecar_track,track,Elvis Presley,Can’t Help Falling in Love,1956,us,album_bound_track_no_safe_match,12,13,12,671019373,,false
album_sidecar_track:album|elvis presley|elvis presley@@1@@14@@@@one broken heart for sale:album_bound_track_no_safe_match:671019373,apple_music_sidecar_track_album_bound_pass_v1,album|elvis presley|elvis presley@@1@@14@@@@one broken heart for sale,album_sidecar_track,track,Elvis Presley,One Broken Heart for Sale,1956,us,album_bound_track_no_safe_match,12,17,12,671019373,,false
album_sidecar_track:album|elvis presley|elvis presley@@1@@15@@@@stuck on you:album_bound_track_no_safe_match:671019373,apple_music_sidecar_track_album_bound_pass_v1,album|elvis presley|elvis presley@@1@@15@@@@stuck on you,album_sidecar_track,track,Elvis Presley,Stuck on You,1956,us,album_bound_track_no_safe_match,12,21,20,671019373,,false
album_sidecar_track:album|elvis presley|elvis presley@@1@@16@@@@jailhouse rock:album_bound_track_no_safe_match:671019373,apple_music_sidecar_track_album_bound_pass_v1,album|elvis presley|elvis presley@@1@@16@@@@jailhouse rock,album_sidecar_track,track,Elvis Presley,Jailhouse Rock,1956,us,album_bound_track_no_safe_match,12,25,24,671019373,,false
album_sidecar_track:album|elvis presley|elvis presley@@1@@2@@@@you re devil in disguise:album_bound_track_no_safe_match:671019373,apple_music_sidecar_track_album_bound_pass_v1,album|elvis presley|elvis presley@@1@@2@@@@you re devil in disguise,album_sidecar_track,track,Elvis Presley,(You’re the) Devil in Disguise,1956,us,album_bound_track_no_safe_match,12,57,20,671019373,,false
album_sidecar_track:album|elvis presley|elvis presley@@1@@3@@@@wooden heart:album_bound_track_no_safe_match:671019373,apple_music_sidecar_track_album_bound_pass_v1,album|elvis presley|elvis presley@@1@@3@@@@wooden heart,album_sidecar_track,track,Elvis Presley,Wooden Heart,1956,us,album_bound_track_no_safe_match,12,51,26,671019373,,false
album_sidecar_track:album|elvis presley|elvis presley@@1@@4@@@@good luck charm:album_bound_track_no_safe_match:671019373,apple_music_sidecar_track_album_bound_pass_v1,album|elvis presley|elvis presley@@1@@4@@@@good luck charm,album_sidecar_track,track,Elvis Presley,Good Luck Charm,1956,us,album_bound_track_no_safe_match,12,55,25,671019373,,false
album_sidecar_track:album|elvis presley|elvis presley@@1@@5@@@@little sister:album_bound_track_no_safe_match:671019373,apple_music_sidecar_track_album_bound_pass_v1,album|elvis presley|elvis presley@@1@@5@@@@little sister,album_sidecar_track,track,Elvis Presley,Little Sister,1956,us,album_bound_track_no_safe_match,12,54,24,671019373,,false
album_sidecar_track:album|elvis presley|elvis presley@@1@@6@@@@it s now or never:album_bound_track_no_safe_match:671019373,apple_music_sidecar_track_album_bound_pass_v1,album|elvis presley|elvis presley@@1@@6@@@@it s now or never,album_sidecar_track,track,Elvis Presley,It’s Now or Never,1956,us,album_bound_track_no_safe_match,12,43,12,671019373,,false
album_sidecar_track:album|elvis presley|elvis presley@@1@@7@@@@she s not you:album_bound_track_no_safe_match:671019373,apple_music_sidecar_track_album_bound_pass_v1,album|elvis presley|elvis presley@@1@@7@@@@she s not you,album_sidecar_track,track,Elvis Presley,She’s Not You,1956,us,album_bound_track_no_safe_match,12,53,23,671019373,,false
album_sidecar_track:album|elvis presley|elvis presley@@1@@8@@@@viva las vegas:album_bound_track_no_safe_match:671019373,apple_music_sidecar_track_album_bound_pass_v1,album|elvis presley|elvis presley@@1@@8@@@@viva las vegas,album_sidecar_track,track,Elvis Presley,Viva Las Vegas,1956,us,album_bound_track_no_safe_match,12,48,23,671019373,,false
album_sidecar_track:album|elvis presley|elvis presley@@1@@9@@@@are you lonesome tonight:album_bound_track_no_safe_match:671019373,apple_music_sidecar_track_album_bound_pass_v1,album|elvis presley|elvis presley@@1@@9@@@@are you lonesome tonight,album_sidecar_track,track,Elvis Presley,Are You Lonesome Tonight?,1956,us,album_bound_track_no_safe_match,12,43,13,671019373,,false
album_sidecar_track:album|emerson lake and palmer|brain salad surgery@@1@@5@@@@karn evil 9 1st impression part 1:album_bound_track_no_safe_match:1528518952,apple_music_sidecar_track_album_bound_pass_v1,album|emerson lake and palmer|brain salad surgery@@1@@5@@@@karn evil 9 1st impression part 1,album_sidecar_track,track,"Emerson, Lake & Palmer","Karn Evil 9: 1st Impression, Part 1",1973,us,album_bound_track_no_safe_match,2,54,7,1528518952,,false
album_sidecar_track:album|emerson lake and palmer|brain salad surgery@@1@@6@@@@karn evil 9 1st impression part 2:album_bound_track_no_safe_match:1528518952,apple_music_sidecar_track_album_bound_pass_v1,album|emerson lake and palmer|brain salad surgery@@1@@6@@@@karn evil 9 1st impression part 2,album_sidecar_track,track,"Emerson, Lake & Palmer","Karn Evil 9: 1st Impression, Part 2",1973,us,album_bound_track_no_safe_match,2,57,8,1528518952,,false
album_sidecar_track:album|eminem|eminem show@@1@@17@@@@say what you say:album_bound_track_no_safe_match:1440903530,apple_music_sidecar_track_album_bound_pass_v1,album|eminem|eminem show@@1@@17@@@@say what you say,album_sidecar_track,track,Eminem,Say What You Say,2002,us,album_bound_track_no_safe_match,1,57,,1440903530,,false
album_sidecar_track:album|eminem|marshall mathers lp@@1@@15@@@@bitch please ii:album_bound_track_no_safe_match:1440866782,apple_music_sidecar_track_album_bound_pass_v1,album|eminem|marshall mathers lp@@1@@15@@@@bitch please ii,album_sidecar_track,track,Eminem,Bitch Please II,2000,us,album_bound_track_no_safe_match,1,57,,1440866782,,false
album_sidecar_track:album|emperor|in the nightside eclipse@@1@@1@@@@intro:album_bound_track_no_safe_match:1670679463,apple_music_sidecar_track_album_bound_pass_v1,album|emperor|in the nightside eclipse@@1@@1@@@@intro,album_sidecar_track,track,Emperor,Intro,1994,us,album_bound_track_no_safe_match,5,48,9,1670679463,,false
album_sidecar_track:album|emperor|in the nightside eclipse@@1@@2@@@@into infinity of thoughts:album_bound_track_no_safe_match:1670679463,apple_music_sidecar_track_album_bound_pass_v1,album|emperor|in the nightside eclipse@@1@@2@@@@into infinity of thoughts,album_sidecar_track,track,Emperor,Into the Infinity of Thoughts,1994,us,album_bound_track_no_safe_match,5,56,17,1670679463,,false
album_sidecar_track:album|emperor|in the nightside eclipse@@1@@7@@@@majesty of nightsky:album_bound_track_no_safe_match:1670679463,apple_music_sidecar_track_album_bound_pass_v1,album|emperor|in the nightside eclipse@@1@@7@@@@majesty of nightsky,album_sidecar_track,track,Emperor,The Majesty of the Nightsky,1994,us,album_bound_track_no_safe_match,4,21,12,1670679463,,false
album_sidecar_track:album|erykah badu|baduizm@@1@@1@@@@rimshot intro:album_bound_track_no_safe_match:1440837269,apple_music_sidecar_track_album_bound_pass_v1,album|erykah badu|baduizm@@1@@1@@@@rimshot intro,album_sidecar_track,track,Erykah Badu,Rimshot (intro),1997,us,album_bound_track_no_safe_match,3,62,12,1440837269,,false
album_sidecar_track:album|erykah badu|baduizm@@1@@14@@@@rimshot outro:album_bound_track_no_safe_match:1440837269,apple_music_sidecar_track_album_bound_pass_v1,album|erykah badu|baduizm@@1@@14@@@@rimshot outro,album_sidecar_track,track,Erykah Badu,Rimshot (outro),1997,us,album_bound_track_no_safe_match,3,57,17,1440837269,,false
album_sidecar_track:album|erykah badu|baduizm@@1@@4@@@@otherside of game:album_bound_track_no_safe_match:1440837269,apple_music_sidecar_track_album_bound_pass_v1,album|erykah badu|baduizm@@1@@4@@@@otherside of game,album_sidecar_track,track,Erykah Badu,Otherside of the Game,1997,us,album_bound_track_no_safe_match,3,59,12,1440837269,,false
album_sidecar_track:album|fall|hex enduction hour@@1@@8@@@@just step s ways:album_bound_track_no_safe_match:1564714288,apple_music_sidecar_track_album_bound_pass_v1,album|fall|hex enduction hour@@1@@8@@@@just step s ways,album_sidecar_track,track,The Fall,Just Step S’ways,1982,us,album_bound_track_no_safe_match,10,57,17,1564714288,,false
album_sidecar_track:album|fat boys|crushin@@1@@12@@@@frannie s lament:album_bound_track_no_safe_match:1559095530,apple_music_sidecar_track_album_bound_pass_v1,album|fat boys|crushin@@1@@12@@@@frannie s lament,album_sidecar_track,track,Fat Boys,Frannie’s Lament,1987,us,album_bound_track_no_safe_match,0,0,,1559095530,,false
album_sidecar_track:album|fat boys|crushin@@1@@14@@@@we outa here:album_bound_track_no_safe_match:1559095530,apple_music_sidecar_track_album_bound_pass_v1,album|fat boys|crushin@@1@@14@@@@we outa here,album_sidecar_track,track,Fat Boys,We Outa Here!,1987,us,album_bound_track_no_safe_match,0,0,,1559095530,,false
album_sidecar_track:album|fat boys|crushin@@1@@3@@@@mira mark s uncle:album_bound_track_no_safe_match:1559095530,apple_music_sidecar_track_album_bound_pass_v1,album|fat boys|crushin@@1@@3@@@@mira mark s uncle,album_sidecar_track,track,Fat Boys,"Mira, Mark’s Uncle!",1987,us,album_bound_track_no_safe_match,1,7,,1559095530,,false
album_sidecar_track:album|fat boys|crushin@@1@@6@@@@fat boys at forty:album_bound_track_no_safe_match:1559095530,apple_music_sidecar_track_album_bound_pass_v1,album|fat boys|crushin@@1@@6@@@@fat boys at forty,album_sidecar_track,track,Fat Boys,The Fat Boys at Forty,1987,us,album_bound_track_no_safe_match,1,7,,1559095530,,false
album_sidecar_track:album|fat boys|crushin@@1@@9@@@@bust beat:album_bound_track_no_safe_match:1559095530,apple_music_sidecar_track_album_bound_pass_v1,album|fat boys|crushin@@1@@9@@@@bust beat,album_sidecar_track,track,Fat Boys,Bust the Beat!,1987,us,album_bound_track_no_safe_match,1,7,,1559095530,,false
album_sidecar_track:album|fatboy slim|you ve come a long way baby@@1@@2@@@@rockafeller skank:album_bound_track_no_safe_match:714916269,apple_music_sidecar_track_album_bound_pass_v1,album|fatboy slim|you ve come a long way baby@@1@@2@@@@rockafeller skank,album_sidecar_track,track,Fatboy Slim,The Rockafeller Skank,1998,us,album_bound_track_no_safe_match,0,0,,714916269,,false
album_sidecar_track:album|fela kuti|zombie@@1@@1@@@@na poi:album_bound_track_no_safe_match:559710299,apple_music_sidecar_track_album_bound_pass_v1,album|fela kuti|zombie@@1@@1@@@@na poi,album_sidecar_track,track,Fela Kuti,Na Poi,1977,us,album_bound_track_no_safe_match,2,10,9,559710299,,false
album_sidecar_track:album|fela kuti|zombie@@1@@2@@@@you no go die unless you want die:album_bound_track_no_safe_match:559710299,apple_music_sidecar_track_album_bound_pass_v1,album|fela kuti|zombie@@1@@2@@@@you no go die unless you want die,album_sidecar_track,track,Fela Kuti,You No Go Die Unless You Want Die,1977,us,album_bound_track_no_safe_match,2,10,9,559710299,,false
album_sidecar_track:album|femi kuti|shoki shoki@@1@@10@@@@beng beng beng chateau flight remix:album_bound_track_no_safe_match:1817151873,apple_music_sidecar_track_album_bound_pass_v1,album|femi kuti|shoki shoki@@1@@10@@@@beng beng beng chateau flight remix,album_sidecar_track,track,Femi Kuti,Beng Beng Beng (Chateau Flight remix),1998,us,album_bound_track_no_safe_match,0,0,,1817151873,,false
album_sidecar_track:album|femi kuti|shoki shoki@@1@@11@@@@truth don die kerri chandler remix:album_bound_track_no_safe_match:1817151873,apple_music_sidecar_track_album_bound_pass_v1,album|femi kuti|shoki shoki@@1@@11@@@@truth don die kerri chandler remix,album_sidecar_track,track,Femi Kuti,Truth Don Die (Kerri Chandler remix),1998,us,album_bound_track_no_safe_match,0,0,,1817151873,,false
album_sidecar_track:album|femi kuti|shoki shoki@@1@@12@@@@blackman know yourself roots remix:album_bound_track_no_safe_match:1817151873,apple_music_sidecar_track_album_bound_pass_v1,album|femi kuti|shoki shoki@@1@@12@@@@blackman know yourself roots remix,album_sidecar_track,track,Femi Kuti,Blackman Know Yourself (The Roots remix),1998,us,album_bound_track_no_safe_match,0,0,,1817151873,,false
album_sidecar_track:album|fiona apple|when the pawn@@1@@1@@@@sleep to dream:album_bound_track_no_safe_match:153019510,apple_music_sidecar_track_album_bound_pass_v1,album|fiona apple|when the pawn@@1@@1@@@@sleep to dream,album_sidecar_track,track,Fiona Apple,Sleep to Dream,1999,us,album_bound_track_no_safe_match,1,7,,153019510,,false
album_sidecar_track:album|fiona apple|when the pawn@@1@@10@@@@carrion:album_bound_track_no_safe_match:153019510,apple_music_sidecar_track_album_bound_pass_v1,album|fiona apple|when the pawn@@1@@10@@@@carrion,album_sidecar_track,track,Fiona Apple,Carrion,1999,us,album_bound_track_no_safe_match,1,43,,153019510,,false
album_sidecar_track:album|fiona apple|when the pawn@@1@@2@@@@sullen girl:album_bound_track_no_safe_match:153019510,apple_music_sidecar_track_album_bound_pass_v1,album|fiona apple|when the pawn@@1@@2@@@@sullen girl,album_sidecar_track,track,Fiona Apple,Sullen Girl,1999,us,album_bound_track_no_safe_match,1,7,,153019510,,false
album_sidecar_track:album|fiona apple|when the pawn@@1@@3@@@@shadowboxer:album_bound_track_no_safe_match:153019510,apple_music_sidecar_track_album_bound_pass_v1,album|fiona apple|when the pawn@@1@@3@@@@shadowboxer,album_sidecar_track,track,Fiona Apple,Shadowboxer,1999,us,album_bound_track_no_safe_match,1,12,,153019510,,false
album_sidecar_track:album|fiona apple|when the pawn@@1@@4@@@@criminal:album_bound_track_no_safe_match:153019510,apple_music_sidecar_track_album_bound_pass_v1,album|fiona apple|when the pawn@@1@@4@@@@criminal,album_sidecar_track,track,Fiona Apple,Criminal,1999,us,album_bound_track_no_safe_match,1,7,,153019510,,false
album_sidecar_track:album|fiona apple|when the pawn@@1@@5@@@@slow like honey:album_bound_track_no_safe_match:153019510,apple_music_sidecar_track_album_bound_pass_v1,album|fiona apple|when the pawn@@1@@5@@@@slow like honey,album_sidecar_track,track,Fiona Apple,Slow Like Honey,1999,us,album_bound_track_no_safe_match,1,7,,153019510,,false
album_sidecar_track:album|fiona apple|when the pawn@@1@@6@@@@first taste:album_bound_track_no_safe_match:153019510,apple_music_sidecar_track_album_bound_pass_v1,album|fiona apple|when the pawn@@1@@6@@@@first taste,album_sidecar_track,track,Fiona Apple,The First Taste,1999,us,album_bound_track_no_safe_match,1,17,,153019510,,false
album_sidecar_track:album|fiona apple|when the pawn@@1@@7@@@@never is a promise:album_bound_track_no_safe_match:153019510,apple_music_sidecar_track_album_bound_pass_v1,album|fiona apple|when the pawn@@1@@7@@@@never is a promise,album_sidecar_track,track,Fiona Apple,Never Is a Promise,1999,us,album_bound_track_no_safe_match,1,7,,153019510,,false
album_sidecar_track:album|fiona apple|when the pawn@@1@@8@@@@child is gone:album_bound_track_no_safe_match:153019510,apple_music_sidecar_track_album_bound_pass_v1,album|fiona apple|when the pawn@@1@@8@@@@child is gone,album_sidecar_track,track,Fiona Apple,The Child Is Gone,1999,us,album_bound_track_no_safe_match,1,7,,153019510,,false
album_sidecar_track:album|fiona apple|when the pawn@@1@@9@@@@pale september:album_bound_track_no_safe_match:153019510,apple_music_sidecar_track_album_bound_pass_v1,album|fiona apple|when the pawn@@1@@9@@@@pale september,album_sidecar_track,track,Fiona Apple,Pale September,1999,us,album_bound_track_no_safe_match,1,7,,153019510,,false
album_sidecar_track:album|fiona apple|when the pawn@@2@@11@@@@across universe:album_bound_track_no_safe_match:153019510,apple_music_sidecar_track_album_bound_pass_v1,album|fiona apple|when the pawn@@2@@11@@@@across universe,album_sidecar_track,track,Fiona Apple,Across the Universe,1999,us,album_bound_track_no_safe_match,0,0,,153019510,,false
album_sidecar_track:album|fiona apple|when the pawn@@2@@12@@@@never is a promise:album_bound_track_no_safe_match:153019510,apple_music_sidecar_track_album_bound_pass_v1,album|fiona apple|when the pawn@@2@@12@@@@never is a promise,album_sidecar_track,track,Fiona Apple,Never Is a Promise,1999,us,album_bound_track_no_safe_match,0,0,,153019510,,false
album_sidecar_track:album|fischerspooner|1@@1@@12@@@@megacolon:album_bound_track_no_safe_match:715785591,apple_music_sidecar_track_album_bound_pass_v1,album|fischerspooner|1@@1@@12@@@@megacolon,album_sidecar_track,track,Fischerspooner,Megacolon,2001,us,album_bound_track_no_safe_match,2,57,7,715785591,,false
album_sidecar_track:album|fischerspooner|1@@1@@9@@@@fucker:album_bound_track_no_safe_match:715785591,apple_music_sidecar_track_album_bound_pass_v1,album|fischerspooner|1@@1@@9@@@@fucker,album_sidecar_track,track,Fischerspooner,Fucker,2001,us,album_bound_track_no_safe_match,2,57,7,715785591,,false
album_sidecar_track:album|flamin groovies|shake some action@@1@@7@@@@let boy rock n roll:album_bound_track_no_safe_match:276981907,apple_music_sidecar_track_album_bound_pass_v1,album|flamin groovies|shake some action@@1@@7@@@@let boy rock n roll,album_sidecar_track,track,Flamin' Groovies,Let the Boy Rock n' Roll,1976,us,album_bound_track_no_safe_match,1,57,,276981907,,false
album_sidecar_track:album|flamingos|flamingo serenade@@1@@12@@@@but not for me:album_bound_track_no_safe_match:1195540531,apple_music_sidecar_track_album_bound_pass_v1,album|flamingos|flamingo serenade@@1@@12@@@@but not for me,album_sidecar_track,track,The Flamingos,But Not for Me,1959,us,album_bound_track_no_safe_match,2,65,57,1195540531,,false
album_sidecar_track:album|flamingos|flamingo serenade@@1@@6@@@@goodnight sweetheart:album_bound_track_no_safe_match:1195540531,apple_music_sidecar_track_album_bound_pass_v1,album|flamingos|flamingo serenade@@1@@6@@@@goodnight sweetheart,album_sidecar_track,track,The Flamingos,Goodnight Sweetheart,1959,us,album_bound_track_no_safe_match,2,65,57,1195540531,,false
album_sidecar_track:album|florida georgia line|here s to the good times@@1@@12@@@@cruise live from joe s bar chicago 2012:album_bound_track_no_safe_match:1440811897,apple_music_sidecar_track_album_bound_pass_v1,album|florida georgia line|here s to the good times@@1@@12@@@@cruise live from joe s bar chicago 2012,album_sidecar_track,track,Florida Georgia Line,"Cruise (live from Joe’s Bar, Chicago/2012)",2012,us,album_bound_track_no_safe_match,0,0,,1440811897,,false
album_sidecar_track:album|florida georgia line|here s to the good times@@1@@13@@@@round here live from joe s bar chicago 2012:album_bound_track_no_safe_match:1440811897,apple_music_sidecar_track_album_bound_pass_v1,album|florida georgia line|here s to the good times@@1@@13@@@@round here live from joe s bar chicago 2012,album_sidecar_track,track,Florida Georgia Line,"Round Here (live from Joe’s Bar, Chicago/2012)",2012,us,album_bound_track_no_safe_match,0,0,,1440811897,,false
album_sidecar_track:album|florida georgia line|here s to the good times@@1@@14@@@@tip it back live from joe s bar chicago 2012:album_bound_track_no_safe_match:1440811897,apple_music_sidecar_track_album_bound_pass_v1,album|florida georgia line|here s to the good times@@1@@14@@@@tip it back live from joe s bar chicago 2012,album_sidecar_track,track,Florida Georgia Line,"Tip It Back (live from Joe’s Bar, Chicago/2012)",2012,us,album_bound_track_no_safe_match,0,0,,1440811897,,false
album_sidecar_track:album|flying burrito brothers|gilded palace of sin@@1@@12@@@@lazy days:album_bound_track_no_safe_match:1440876015,apple_music_sidecar_track_album_bound_pass_v1,album|flying burrito brothers|gilded palace of sin@@1@@12@@@@lazy days,album_sidecar_track,track,The Flying Burrito Brothers,Lazy Days,1969,us,album_bound_track_no_safe_match,0,0,,1440876015,,false
album_sidecar_track:album|flying burrito brothers|gilded palace of sin@@1@@13@@@@image of me:album_bound_track_no_safe_match:1440876015,apple_music_sidecar_track_album_bound_pass_v1,album|flying burrito brothers|gilded palace of sin@@1@@13@@@@image of me,album_sidecar_track,track,The Flying Burrito Brothers,Image of Me,1969,us,album_bound_track_no_safe_match,0,0,,1440876015,,false
album_sidecar_track:album|flying burrito brothers|gilded palace of sin@@1@@14@@@@high fashion queen:album_bound_track_no_safe_match:1440876015,apple_music_sidecar_track_album_bound_pass_v1,album|flying burrito brothers|gilded palace of sin@@1@@14@@@@high fashion queen,album_sidecar_track,track,The Flying Burrito Brothers,High Fashion Queen,1969,us,album_bound_track_no_safe_match,0,0,,1440876015,,false
album_sidecar_track:album|flying burrito brothers|gilded palace of sin@@1@@15@@@@if you gotta go:album_bound_track_no_safe_match:1440876015,apple_music_sidecar_track_album_bound_pass_v1,album|flying burrito brothers|gilded palace of sin@@1@@15@@@@if you gotta go,album_sidecar_track,track,The Flying Burrito Brothers,If You Gotta Go,1969,us,album_bound_track_no_safe_match,0,0,,1440876015,,false
album_sidecar_track:album|flying burrito brothers|gilded palace of sin@@1@@16@@@@man in fog:album_bound_track_no_safe_match:1440876015,apple_music_sidecar_track_album_bound_pass_v1,album|flying burrito brothers|gilded palace of sin@@1@@16@@@@man in fog,album_sidecar_track,track,The Flying Burrito Brothers,Man in the Fog,1969,us,album_bound_track_no_safe_match,0,0,,1440876015,,false
album_sidecar_track:album|flying burrito brothers|gilded palace of sin@@1@@17@@@@farther along:album_bound_track_no_safe_match:1440876015,apple_music_sidecar_track_album_bound_pass_v1,album|flying burrito brothers|gilded palace of sin@@1@@17@@@@farther along,album_sidecar_track,track,The Flying Burrito Brothers,Farther Along,1969,us,album_bound_track_no_safe_match,0,0,,1440876015,,false
album_sidecar_track:album|flying burrito brothers|gilded palace of sin@@1@@18@@@@older guys:album_bound_track_no_safe_match:1440876015,apple_music_sidecar_track_album_bound_pass_v1,album|flying burrito brothers|gilded palace of sin@@1@@18@@@@older guys,album_sidecar_track,track,The Flying Burrito Brothers,Older Guys,1969,us,album_bound_track_no_safe_match,0,0,,1440876015,,false
album_sidecar_track:album|flying burrito brothers|gilded palace of sin@@1@@19@@@@cody cody:album_bound_track_no_safe_match:1440876015,apple_music_sidecar_track_album_bound_pass_v1,album|flying burrito brothers|gilded palace of sin@@1@@19@@@@cody cody,album_sidecar_track,track,The Flying Burrito Brothers,"Cody, Cody",1969,us,album_bound_track_no_safe_match,0,0,,1440876015,,false
album_sidecar_track:album|flying burrito brothers|gilded palace of sin@@1@@20@@@@god s own singer:album_bound_track_no_safe_match:1440876015,apple_music_sidecar_track_album_bound_pass_v1,album|flying burrito brothers|gilded palace of sin@@1@@20@@@@god s own singer,album_sidecar_track,track,The Flying Burrito Brothers,God’s Own Singer,1969,us,album_bound_track_no_safe_match,0,0,,1440876015,,false
album_sidecar_track:album|flying burrito brothers|gilded palace of sin@@1@@21@@@@down in churchyard:album_bound_track_no_safe_match:1440876015,apple_music_sidecar_track_album_bound_pass_v1,album|flying burrito brothers|gilded palace of sin@@1@@21@@@@down in churchyard,album_sidecar_track,track,The Flying Burrito Brothers,Down in the Churchyard,1969,us,album_bound_track_no_safe_match,0,0,,1440876015,,false
album_sidecar_track:album|flying burrito brothers|gilded palace of sin@@1@@22@@@@wild horses:album_bound_track_no_safe_match:1440876015,apple_music_sidecar_track_album_bound_pass_v1,album|flying burrito brothers|gilded palace of sin@@1@@22@@@@wild horses,album_sidecar_track,track,The Flying Burrito Brothers,Wild Horses,1969,us,album_bound_track_no_safe_match,0,0,,1440876015,,false
album_sidecar_track:album|foals|antidotes@@1@@3@@@@red sox pugie:album_bound_track_no_safe_match:1551822348,apple_music_sidecar_track_album_bound_pass_v1,album|foals|antidotes@@1@@3@@@@red sox pugie,album_sidecar_track,track,Foals,Red Sox Pugie,2008,us,album_bound_track_no_safe_match,8,60,17,1551822348,,false
album_sidecar_track:album|frank ocean|channel orange@@1@@17@@@@end golden girl:album_bound_track_no_safe_match:1440765580,apple_music_sidecar_track_album_bound_pass_v1,album|frank ocean|channel orange@@1@@17@@@@end golden girl,album_sidecar_track,track,Frank Ocean,End / Golden Girl,2012,us,album_bound_track_no_safe_match,1,43,,1440765580,,false
album_sidecar_track:album|frank sinatra|come fly with me@@1@@10@@@@night and day:album_bound_track_no_safe_match:1442910348,apple_music_sidecar_track_album_bound_pass_v1,album|frank sinatra|come fly with me@@1@@10@@@@night and day,album_sidecar_track,track,Frank Sinatra,Night and Day,1958,us,album_bound_track_no_safe_match,11,43,24,1442910348,,false
album_sidecar_track:album|frank sinatra|come fly with me@@1@@11@@@@somebody loves me:album_bound_track_no_safe_match:1442910348,apple_music_sidecar_track_album_bound_pass_v1,album|frank sinatra|come fly with me@@1@@11@@@@somebody loves me,album_sidecar_track,track,Frank Sinatra,Somebody Loves Me,1958,us,album_bound_track_no_safe_match,11,43,11,1442910348,,false
album_sidecar_track:album|frank sinatra|come fly with me@@1@@12@@@@just one of those things:album_bound_track_no_safe_match:1442910348,apple_music_sidecar_track_album_bound_pass_v1,album|frank sinatra|come fly with me@@1@@12@@@@just one of those things,album_sidecar_track,track,Frank Sinatra,Just One of Those Things,1958,us,album_bound_track_no_safe_match,11,43,21,1442910348,,false
album_sidecar_track:album|frank sinatra|come fly with me@@1@@13@@@@you are love:album_bound_track_no_safe_match:1442910348,apple_music_sidecar_track_album_bound_pass_v1,album|frank sinatra|come fly with me@@1@@13@@@@you are love,album_sidecar_track,track,Frank Sinatra,You Are Love,1958,us,album_bound_track_no_safe_match,11,21,21,1442910348,,false
album_sidecar_track:album|frank sinatra|come fly with me@@1@@14@@@@they didn t believe me:album_bound_track_no_safe_match:1442910348,apple_music_sidecar_track_album_bound_pass_v1,album|frank sinatra|come fly with me@@1@@14@@@@they didn t believe me,album_sidecar_track,track,Frank Sinatra,They Didn't Believe Me,1958,us,album_bound_track_no_safe_match,11,17,15,1442910348,,false
album_sidecar_track:album|frank sinatra|come fly with me@@1@@15@@@@out of nowhere:album_bound_track_no_safe_match:1442910348,apple_music_sidecar_track_album_bound_pass_v1,album|frank sinatra|come fly with me@@1@@15@@@@out of nowhere,album_sidecar_track,track,Frank Sinatra,Out of Nowhere,1958,us,album_bound_track_no_safe_match,11,20,17,1442910348,,false
album_sidecar_track:album|frank sinatra|come fly with me@@1@@16@@@@i ve got my love to keep me warm:album_bound_track_no_safe_match:1442910348,apple_music_sidecar_track_album_bound_pass_v1,album|frank sinatra|come fly with me@@1@@16@@@@i ve got my love to keep me warm,album_sidecar_track,track,Frank Sinatra,I've Got My Love to Keep Me Warm,1958,us,album_bound_track_no_safe_match,11,17,15,1442910348,,false
album_sidecar_track:album|frank sinatra|come fly with me@@1@@17@@@@for you:album_bound_track_no_safe_match:1442910348,apple_music_sidecar_track_album_bound_pass_v1,album|frank sinatra|come fly with me@@1@@17@@@@for you,album_sidecar_track,track,Frank Sinatra,For You,1958,us,album_bound_track_no_safe_match,11,17,15,1442910348,,false
album_sidecar_track:album|frank sinatra|come fly with me@@1@@18@@@@road to mandalay:album_bound_track_no_safe_match:1442910348,apple_music_sidecar_track_album_bound_pass_v1,album|frank sinatra|come fly with me@@1@@18@@@@road to mandalay,album_sidecar_track,track,Frank Sinatra,The Road to Mandalay,1958,us,album_bound_track_no_safe_match,11,31,20,1442910348,,false
album_sidecar_track:album|frank sinatra|come fly with me@@1@@2@@@@dancing in dark:album_bound_track_no_safe_match:1442910348,apple_music_sidecar_track_album_bound_pass_v1,album|frank sinatra|come fly with me@@1@@2@@@@dancing in dark,album_sidecar_track,track,Frank Sinatra,Dancing in the Dark,1958,us,album_bound_track_no_safe_match,11,47,20,1442910348,,false
album_sidecar_track:album|frank sinatra|come fly with me@@1@@3@@@@all way:album_bound_track_no_safe_match:1442910348,apple_music_sidecar_track_album_bound_pass_v1,album|frank sinatra|come fly with me@@1@@3@@@@all way,album_sidecar_track,track,Frank Sinatra,All the Way,1958,us,album_bound_track_no_safe_match,11,56,21,1442910348,,false
album_sidecar_track:album|frank sinatra|come fly with me@@1@@4@@@@you make me feel so young:album_bound_track_no_safe_match:1442910348,apple_music_sidecar_track_album_bound_pass_v1,album|frank sinatra|come fly with me@@1@@4@@@@you make me feel so young,album_sidecar_track,track,Frank Sinatra,You Make Me Feel So Young,1958,us,album_bound_track_no_safe_match,11,45,21,1442910348,,false
album_sidecar_track:album|frank sinatra|come fly with me@@1@@5@@@@love me or leave me:album_bound_track_no_safe_match:1442910348,apple_music_sidecar_track_album_bound_pass_v1,album|frank sinatra|come fly with me@@1@@5@@@@love me or leave me,album_sidecar_track,track,Frank Sinatra,Love Me or Leave Me,1958,us,album_bound_track_no_safe_match,11,44,21,1442910348,,false
album_sidecar_track:album|frank sinatra|come fly with me@@1@@6@@@@on sunny side of street:album_bound_track_no_safe_match:1442910348,apple_music_sidecar_track_album_bound_pass_v1,album|frank sinatra|come fly with me@@1@@6@@@@on sunny side of street,album_sidecar_track,track,Frank Sinatra,On the Sunny Side of the Street,1958,us,album_bound_track_no_safe_match,11,43,17,1442910348,,false
album_sidecar_track:album|frank sinatra|come fly with me@@1@@7@@@@blue skies:album_bound_track_no_safe_match:1442910348,apple_music_sidecar_track_album_bound_pass_v1,album|frank sinatra|come fly with me@@1@@7@@@@blue skies,album_sidecar_track,track,Frank Sinatra,Blue Skies,1958,us,album_bound_track_no_safe_match,11,48,20,1442910348,,false
album_sidecar_track:album|frank sinatra|come fly with me@@1@@8@@@@begin beguine:album_bound_track_no_safe_match:1442910348,apple_music_sidecar_track_album_bound_pass_v1,album|frank sinatra|come fly with me@@1@@8@@@@begin beguine,album_sidecar_track,track,Frank Sinatra,Begin the Beguine,1958,us,album_bound_track_no_safe_match,11,48,21,1442910348,,false
album_sidecar_track:album|frank sinatra|come fly with me@@1@@9@@@@i didn t stand a ghost of a chance:album_bound_track_no_safe_match:1442910348,apple_music_sidecar_track_album_bound_pass_v1,album|frank sinatra|come fly with me@@1@@9@@@@i didn t stand a ghost of a chance,album_sidecar_track,track,Frank Sinatra,I Didn't Stand a Ghost of a Chance,1958,us,album_bound_track_no_safe_match,11,53,25,1442910348,,false
album_sidecar_track:album|frank zappa|lumpy gravy@@1@@1@@@@lumpy gravy part one:album_bound_track_no_safe_match:1443184225,apple_music_sidecar_track_album_bound_pass_v1,album|frank zappa|lumpy gravy@@1@@1@@@@lumpy gravy part one,album_sidecar_track,track,Frank Zappa,"Lumpy Gravy, Part One",1968,us,album_bound_track_no_safe_match,2,50,13,1443184225,,false
album_sidecar_track:album|frank zappa|lumpy gravy@@1@@2@@@@lumpy gravy part two:album_bound_track_no_safe_match:1443184225,apple_music_sidecar_track_album_bound_pass_v1,album|frank zappa|lumpy gravy@@1@@2@@@@lumpy gravy part two,album_sidecar_track,track,Frank Zappa,"Lumpy Gravy, Part Two",1968,us,album_bound_track_no_safe_match,2,49,14,1443184225,,false
album_sidecar_track:album|fred again|actual life 3@@1@@14@@@@kyren my son:album_bound_track_no_safe_match:1640463893,apple_music_sidecar_track_album_bound_pass_v1,album|fred again|actual life 3@@1@@14@@@@kyren my son,album_sidecar_track,track,Fred again..,Kyren (My Son),2022,us,album_bound_track_no_safe_match,0,0,,1640463893,,false
album_sidecar_track:album|fred again|actual life 3@@1@@15@@@@adam act like:album_bound_track_no_safe_match:1640463893,apple_music_sidecar_track_album_bound_pass_v1,album|fred again|actual life 3@@1@@15@@@@adam act like,album_sidecar_track,track,Fred again..,Adam (act like),2022,us,album_bound_track_no_safe_match,0,0,,1640463893,,false
album_sidecar_track:album|fred again|actual life 3@@1@@16@@@@homies:album_bound_track_no_safe_match:1640463893,apple_music_sidecar_track_album_bound_pass_v1,album|fred again|actual life 3@@1@@16@@@@homies,album_sidecar_track,track,Fred again..,Homies,2022,us,album_bound_track_no_safe_match,0,0,,1640463893,,false
album_sidecar_track:album|fred again|actual life 3@@1@@17@@@@baxter these are my friends:album_bound_track_no_safe_match:1640463893,apple_music_sidecar_track_album_bound_pass_v1,album|fred again|actual life 3@@1@@17@@@@baxter these are my friends,album_sidecar_track,track,Fred again..,Baxter (these are my friends),2022,us,album_bound_track_no_safe_match,0,0,,1640463893,,false
album_sidecar_track:album|fred hammond|pages of life chapters i and ii@@1@@2@@@@he s a rock interlude:album_bound_track_no_safe_match:303172920,apple_music_sidecar_track_album_bound_pass_v1,album|fred hammond|pages of life chapters i and ii@@1@@2@@@@he s a rock interlude,album_sidecar_track,track,Fred Hammond,He's a Rock (interlude),1998,us,album_bound_track_no_safe_match,1,61,,303172920,,false
album_sidecar_track:album|free|fire and water@@1@@4@@@@heavyload:album_bound_track_no_safe_match:1440833369,apple_music_sidecar_track_album_bound_pass_v1,album|free|fire and water@@1@@4@@@@heavyload,album_sidecar_track,track,Free,Heavyload,1970,us,album_bound_track_no_safe_match,1,59,,1440833369,,false
album_sidecar_track:album|fugs|fugs first album@@1@@7@@@@seize day:album_bound_track_no_safe_match:1439276930,apple_music_sidecar_track_album_bound_pass_v1,album|fugs|fugs first album@@1@@7@@@@seize day,album_sidecar_track,track,The Fugs,Seize the Day,1965,us,album_bound_track_no_safe_match,2,43,7,1439276930,,false
album_sidecar_track:album|fugs|fugs first album@@1@@8@@@@i feel like homemade shit:album_bound_track_no_safe_match:1439276930,apple_music_sidecar_track_album_bound_pass_v1,album|fugs|fugs first album@@1@@8@@@@i feel like homemade shit,album_sidecar_track,track,The Fugs,I Feel Like Homemade Shit,1965,us,album_bound_track_no_safe_match,2,43,7,1439276930,,false
album_sidecar_track:album|future|monster@@1@@1@@@@intro:album_bound_track_no_safe_match:1484889814,apple_music_sidecar_track_album_bound_pass_v1,album|future|monster@@1@@1@@@@intro,album_sidecar_track,track,Future,The Intro,2014,us,album_bound_track_no_safe_match,3,48,9,1484889814,,false
album_sidecar_track:album|future|monster@@1@@4@@@@abu s boomin:album_bound_track_no_safe_match:1484889814,apple_music_sidecar_track_album_bound_pass_v1,album|future|monster@@1@@4@@@@abu s boomin,album_sidecar_track,track,Future,Abu’s Boomin,2014,us,album_bound_track_no_safe_match,2,45,7,1484889814,,false
album_sidecar_track:album|future|monster@@1@@5@@@@fuck up some commas:album_bound_track_no_safe_match:1484889814,apple_music_sidecar_track_album_bound_pass_v1,album|future|monster@@1@@5@@@@fuck up some commas,album_sidecar_track,track,Future,Fuck Up Some Commas,2014,us,album_bound_track_no_safe_match,2,9,7,1484889814,,false
album_sidecar_track:album|gang of four|solid gold@@1@@4@@@@if i could keep it for myself:album_bound_track_no_safe_match:1589239449,apple_music_sidecar_track_album_bound_pass_v1,album|gang of four|solid gold@@1@@4@@@@if i could keep it for myself,album_sidecar_track,track,Gang of Four,If I Could Keep It for Myself,1981,us,album_bound_track_no_safe_match,1,59,,1589239449,,false
album_sidecar_track:album|gang starr|daily operation@@1@@2@@@@place where we dwell:album_bound_track_no_safe_match:1442868254,apple_music_sidecar_track_album_bound_pass_v1,album|gang starr|daily operation@@1@@2@@@@place where we dwell,album_sidecar_track,track,Gang Starr,The Place Where We Dwell,1992,us,album_bound_track_no_safe_match,1,61,,1442868254,,false
album_sidecar_track:album|gang starr|step in the arena@@1@@18@@@@meaning of name:album_bound_track_no_safe_match:723665537,apple_music_sidecar_track_album_bound_pass_v1,album|gang starr|step in the arena@@1@@18@@@@meaning of name,album_sidecar_track,track,Gang Starr,The Meaning of the Name,1991,us,album_bound_track_no_safe_match,2,57,7,723665537,,false
album_sidecar_track:album|gang starr|step in the arena@@1@@8@@@@lovesick:album_bound_track_no_safe_match:723665537,apple_music_sidecar_track_album_bound_pass_v1,album|gang starr|step in the arena@@1@@8@@@@lovesick,album_sidecar_track,track,Gang Starr,Lovesick,1991,us,album_bound_track_no_safe_match,2,57,7,723665537,,false
album_sidecar_track:album|gene pitney|only love can break a heart@@1@@9@@@@man who shot liberty valance:album_bound_track_no_safe_match:285982849,apple_music_sidecar_track_album_bound_pass_v1,album|gene pitney|only love can break a heart@@1@@9@@@@man who shot liberty valance,album_sidecar_track,track,Gene Pitney,(The Man Who Shot) Liberty Valance,1962,us,album_bound_track_no_safe_match,1,53,,285982849,,false
album_sidecar_track:album|gene vincent|bluejean bop@@1@@13@@@@woman love:album_bound_track_no_safe_match:1443088443,apple_music_sidecar_track_album_bound_pass_v1,album|gene vincent|bluejean bop@@1@@13@@@@woman love,album_sidecar_track,track,Gene Vincent,Woman Love,1958,us,album_bound_track_no_safe_match,0,0,,1443088443,,false
album_sidecar_track:album|gene vincent|bluejean bop@@1@@14@@@@be bop a lula:album_bound_track_no_safe_match:1443088443,apple_music_sidecar_track_album_bound_pass_v1,album|gene vincent|bluejean bop@@1@@14@@@@be bop a lula,album_sidecar_track,track,Gene Vincent,Be-Bop-A-Lula,1958,us,album_bound_track_no_safe_match,0,0,,1443088443,,false
album_sidecar_track:album|gene vincent|bluejean bop@@1@@15@@@@race with devil:album_bound_track_no_safe_match:1443088443,apple_music_sidecar_track_album_bound_pass_v1,album|gene vincent|bluejean bop@@1@@15@@@@race with devil,album_sidecar_track,track,Gene Vincent,Race With the Devil,1958,us,album_bound_track_no_safe_match,0,0,,1443088443,,false
album_sidecar_track:album|gene vincent|bluejean bop@@1@@16@@@@gonna back up baby:album_bound_track_no_safe_match:1443088443,apple_music_sidecar_track_album_bound_pass_v1,album|gene vincent|bluejean bop@@1@@16@@@@gonna back up baby,album_sidecar_track,track,Gene Vincent,Gonna Back Up Baby,1958,us,album_bound_track_no_safe_match,0,0,,1443088443,,false
album_sidecar_track:album|gene vincent|bluejean bop@@1@@17@@@@well i knocked him bim bam:album_bound_track_no_safe_match:1443088443,apple_music_sidecar_track_album_bound_pass_v1,album|gene vincent|bluejean bop@@1@@17@@@@well i knocked him bim bam,album_sidecar_track,track,Gene Vincent,"Well, I Knocked Him, Bim Bam",1958,us,album_bound_track_no_safe_match,0,0,,1443088443,,false
album_sidecar_track:album|gene vincent|bluejean bop@@1@@18@@@@crazy legs:album_bound_track_no_safe_match:1443088443,apple_music_sidecar_track_album_bound_pass_v1,album|gene vincent|bluejean bop@@1@@18@@@@crazy legs,album_sidecar_track,track,Gene Vincent,Crazy Legs,1958,us,album_bound_track_no_safe_match,0,0,,1443088443,,false
album_sidecar_track:album|gene vincent|gene vincent and his blue caps@@1@@1@@@@race with devil:album_bound_track_no_safe_match:1444084564,apple_music_sidecar_track_album_bound_pass_v1,album|gene vincent|gene vincent and his blue caps@@1@@1@@@@race with devil,album_sidecar_track,track,Gene Vincent,Race With the Devil,1957,us,album_bound_track_no_safe_match,12,58,21,1444084564,,false
album_sidecar_track:album|gene vincent|gene vincent and his blue caps@@1@@10@@@@lotta lovin:album_bound_track_no_safe_match:1444084564,apple_music_sidecar_track_album_bound_pass_v1,album|gene vincent|gene vincent and his blue caps@@1@@10@@@@lotta lovin,album_sidecar_track,track,Gene Vincent,Lotta Lovin,1957,us,album_bound_track_no_safe_match,11,48,26,1444084564,,false
album_sidecar_track:album|gene vincent|gene vincent and his blue caps@@1@@11@@@@rollin danny:album_bound_track_no_safe_match:1444084564,apple_music_sidecar_track_album_bound_pass_v1,album|gene vincent|gene vincent and his blue caps@@1@@11@@@@rollin danny,album_sidecar_track,track,Gene Vincent,Rollin' Danny,1957,us,album_bound_track_no_safe_match,11,26,25,1444084564,,false
album_sidecar_track:album|gene vincent|gene vincent and his blue caps@@1@@12@@@@in my dreams:album_bound_track_no_safe_match:1444084564,apple_music_sidecar_track_album_bound_pass_v1,album|gene vincent|gene vincent and his blue caps@@1@@12@@@@in my dreams,album_sidecar_track,track,Gene Vincent,In My Dreams,1957,us,album_bound_track_no_safe_match,11,53,24,1444084564,,false
album_sidecar_track:album|gene vincent|gene vincent and his blue caps@@1@@13@@@@baby blue 57:album_bound_track_no_safe_match:1444084564,apple_music_sidecar_track_album_bound_pass_v1,album|gene vincent|gene vincent and his blue caps@@1@@13@@@@baby blue 57,album_sidecar_track,track,Gene Vincent,Baby Blue '57,1957,us,album_bound_track_no_safe_match,11,22,21,1444084564,,false
album_sidecar_track:album|gene vincent|gene vincent and his blue caps@@1@@14@@@@git it:album_bound_track_no_safe_match:1444084564,apple_music_sidecar_track_album_bound_pass_v1,album|gene vincent|gene vincent and his blue caps@@1@@14@@@@git it,album_sidecar_track,track,Gene Vincent,Git It,1957,us,album_bound_track_no_safe_match,11,22,21,1444084564,,false
album_sidecar_track:album|gene vincent|gene vincent and his blue caps@@1@@15@@@@somebody help me:album_bound_track_no_safe_match:1444084564,apple_music_sidecar_track_album_bound_pass_v1,album|gene vincent|gene vincent and his blue caps@@1@@15@@@@somebody help me,album_sidecar_track,track,Gene Vincent,Somebody Help Me,1957,us,album_bound_track_no_safe_match,11,22,21,1444084564,,false
album_sidecar_track:album|gene vincent|gene vincent and his blue caps@@1@@16@@@@summertime:album_bound_track_no_safe_match:1444084564,apple_music_sidecar_track_album_bound_pass_v1,album|gene vincent|gene vincent and his blue caps@@1@@16@@@@summertime,album_sidecar_track,track,Gene Vincent,Summertime,1957,us,album_bound_track_no_safe_match,11,20,12,1444084564,,false
album_sidecar_track:album|gene vincent|gene vincent and his blue caps@@1@@17@@@@beautiful brown eyes:album_bound_track_no_safe_match:1444084564,apple_music_sidecar_track_album_bound_pass_v1,album|gene vincent|gene vincent and his blue caps@@1@@17@@@@beautiful brown eyes,album_sidecar_track,track,Gene Vincent,Beautiful Brown Eyes,1957,us,album_bound_track_no_safe_match,11,15,12,1444084564,,false
album_sidecar_track:album|gene vincent|gene vincent and his blue caps@@1@@18@@@@say mama:album_bound_track_no_safe_match:1444084564,apple_music_sidecar_track_album_bound_pass_v1,album|gene vincent|gene vincent and his blue caps@@1@@18@@@@say mama,album_sidecar_track,track,Gene Vincent,Say Mama,1957,us,album_bound_track_no_safe_match,11,26,25,1444084564,,false
album_sidecar_track:album|gene vincent|gene vincent and his blue caps@@1@@19@@@@she she little sheila:album_bound_track_no_safe_match:1444084564,apple_music_sidecar_track_album_bound_pass_v1,album|gene vincent|gene vincent and his blue caps@@1@@19@@@@she she little sheila,album_sidecar_track,track,Gene Vincent,She She Little Sheila,1957,us,album_bound_track_no_safe_match,11,23,22,1444084564,,false
album_sidecar_track:album|gene vincent|gene vincent and his blue caps@@1@@2@@@@be bop a lula:album_bound_track_no_safe_match:1444084564,apple_music_sidecar_track_album_bound_pass_v1,album|gene vincent|gene vincent and his blue caps@@1@@2@@@@be bop a lula,album_sidecar_track,track,Gene Vincent,Be-Bop-A-Lula,1957,us,album_bound_track_no_safe_match,12,52,24,1444084564,,false
album_sidecar_track:album|gene vincent|gene vincent and his blue caps@@1@@20@@@@wild cat:album_bound_track_no_safe_match:1444084564,apple_music_sidecar_track_album_bound_pass_v1,album|gene vincent|gene vincent and his blue caps@@1@@20@@@@wild cat,album_sidecar_track,track,Gene Vincent,Wild Cat,1957,us,album_bound_track_no_safe_match,11,23,22,1444084564,,false
album_sidecar_track:album|gene vincent|gene vincent and his blue caps@@1@@3@@@@woman love:album_bound_track_no_safe_match:1444084564,apple_music_sidecar_track_album_bound_pass_v1,album|gene vincent|gene vincent and his blue caps@@1@@3@@@@woman love,album_sidecar_track,track,Gene Vincent,Woman Love,1957,us,album_bound_track_no_safe_match,12,60,21,1444084564,,false
album_sidecar_track:album|gene vincent|gene vincent and his blue caps@@1@@5@@@@bluejean bop:album_bound_track_no_safe_match:1444084564,apple_music_sidecar_track_album_bound_pass_v1,album|gene vincent|gene vincent and his blue caps@@1@@5@@@@bluejean bop,album_sidecar_track,track,Gene Vincent,Bluejean Bop,1957,us,album_bound_track_no_safe_match,11,54,23,1444084564,,false
album_sidecar_track:album|gene vincent|gene vincent and his blue caps@@1@@6@@@@crazy legs:album_bound_track_no_safe_match:1444084564,apple_music_sidecar_track_album_bound_pass_v1,album|gene vincent|gene vincent and his blue caps@@1@@6@@@@crazy legs,album_sidecar_track,track,Gene Vincent,Crazy Legs,1957,us,album_bound_track_no_safe_match,11,53,26,1444084564,,false
album_sidecar_track:album|gene vincent|gene vincent and his blue caps@@1@@7@@@@gonna back up baby:album_bound_track_no_safe_match:1444084564,apple_music_sidecar_track_album_bound_pass_v1,album|gene vincent|gene vincent and his blue caps@@1@@7@@@@gonna back up baby,album_sidecar_track,track,Gene Vincent,Gonna Back Up Baby,1957,us,album_bound_track_no_safe_match,11,53,23,1444084564,,false
album_sidecar_track:album|gene vincent|gene vincent and his blue caps@@1@@8@@@@who slapped john:album_bound_track_no_safe_match:1444084564,apple_music_sidecar_track_album_bound_pass_v1,album|gene vincent|gene vincent and his blue caps@@1@@8@@@@who slapped john,album_sidecar_track,track,Gene Vincent,Who Slapped John,1957,us,album_bound_track_no_safe_match,11,53,21,1444084564,,false
album_sidecar_track:album|gene vincent|gene vincent and his blue caps@@1@@9@@@@important words 56:album_bound_track_no_safe_match:1444084564,apple_music_sidecar_track_album_bound_pass_v1,album|gene vincent|gene vincent and his blue caps@@1@@9@@@@important words 56,album_sidecar_track,track,Gene Vincent,Important Words '56,1957,us,album_bound_track_no_safe_match,11,53,23,1444084564,,false
album_sidecar_track:album|generation x|generation x@@1@@1@@@@gimme some truth:album_bound_track_no_safe_match:1629183195,apple_music_sidecar_track_album_bound_pass_v1,album|generation x|generation x@@1@@1@@@@gimme some truth,album_sidecar_track,track,Generation X,Gimme Some Truth,1978,us,album_bound_track_no_safe_match,8,17,10,1629183195,,false
album_sidecar_track:album|generation x|generation x@@1@@10@@@@kiss me deadly:album_bound_track_no_safe_match:1629183195,apple_music_sidecar_track_album_bound_pass_v1,album|generation x|generation x@@1@@10@@@@kiss me deadly,album_sidecar_track,track,Generation X,Kiss Me Deadly,1978,us,album_bound_track_no_safe_match,8,56,43,1629183195,,false
album_sidecar_track:album|generation x|generation x@@1@@11@@@@wild dub:album_bound_track_no_safe_match:1629183195,apple_music_sidecar_track_album_bound_pass_v1,album|generation x|generation x@@1@@11@@@@wild dub,album_sidecar_track,track,Generation X,Wild Dub,1978,us,album_bound_track_no_safe_match,8,56,43,1629183195,,false
album_sidecar_track:album|genesis|lamb lies down on broadway@@2@@4@@@@here comes supernatural anaesthetist:album_bound_track_no_safe_match:1842928175,apple_music_sidecar_track_album_bound_pass_v1,album|genesis|lamb lies down on broadway@@2@@4@@@@here comes supernatural anaesthetist,album_sidecar_track,track,Genesis,Here Comes the Supernatural Anaesthetist,1974,us,album_bound_track_no_safe_match,1,57,,1842928175,,false
album_sidecar_track:album|george michael|faith@@1@@10@@@@hard day shep pettibone remix:album_bound_track_no_safe_match:395918916,apple_music_sidecar_track_album_bound_pass_v1,album|george michael|faith@@1@@10@@@@hard day shep pettibone remix,album_sidecar_track,track,George Michael,Hard Day (Shep Pettibone remix),1987,us,album_bound_track_no_safe_match,2,43,10,395918916,,false
album_sidecar_track:album|george michael|faith@@1@@3@@@@i want your sex parts i and ii:album_bound_track_no_safe_match:395918916,apple_music_sidecar_track_album_bound_pass_v1,album|george michael|faith@@1@@3@@@@i want your sex parts i and ii,album_sidecar_track,track,George Michael,I Want Your Sex (Parts I & II),1987,us,album_bound_track_no_safe_match,2,60,7,395918916,,false
album_sidecar_track:album|george strait|blue clear sky@@1@@11@@@@check yes or no:album_bound_track_no_safe_match:1440734787,apple_music_sidecar_track_album_bound_pass_v1,album|george strait|blue clear sky@@1@@11@@@@check yes or no,album_sidecar_track,track,George Strait,Check Yes or No,1996,us,album_bound_track_no_safe_match,0,0,,1440734787,,false
album_sidecar_track:album|ghostface killah|ironman@@1@@16@@@@soul controller:album_bound_track_no_safe_match:157485357,apple_music_sidecar_track_album_bound_pass_v1,album|ghostface killah|ironman@@1@@16@@@@soul controller,album_sidecar_track,track,Ghostface Killah,The Soul Controller,1996,us,album_bound_track_no_safe_match,1,10,,157485357,,false
album_sidecar_track:album|ghostface killah|ironman@@1@@3@@@@faster blade:album_bound_track_no_safe_match:157485357,apple_music_sidecar_track_album_bound_pass_v1,album|ghostface killah|ironman@@1@@3@@@@faster blade,album_sidecar_track,track,Ghostface Killah,The Faster Blade,1996,us,album_bound_track_no_safe_match,2,60,14,157485357,,false
album_sidecar_track:album|gilbert o sullivan|himself@@1@@13@@@@we will:album_bound_track_no_safe_match:1716371365,apple_music_sidecar_track_album_bound_pass_v1,album|gilbert o sullivan|himself@@1@@13@@@@we will,album_sidecar_track,track,Gilbert O'Sullivan,We Will,1971,us,album_bound_track_no_safe_match,2,43,7,1716371365,,false
album_sidecar_track:album|gilbert o sullivan|himself@@1@@9@@@@alone again naturally:album_bound_track_no_safe_match:1716371365,apple_music_sidecar_track_album_bound_pass_v1,album|gilbert o sullivan|himself@@1@@9@@@@alone again naturally,album_sidecar_track,track,Gilbert O'Sullivan,Alone Again (Naturally),1971,us,album_bound_track_no_safe_match,2,43,7,1716371365,,false
album_sidecar_track:album|gipsy kings|gipsy kings@@1@@1@@@@bem bem bem maria:album_bound_track_no_safe_match:316136217,apple_music_sidecar_track_album_bound_pass_v1,album|gipsy kings|gipsy kings@@1@@1@@@@bem bem bem maria,album_sidecar_track,track,Gipsy Kings,Bem Bem Bem Maria,1988,us,album_bound_track_no_safe_match,6,47,21,316136217,,false
album_sidecar_track:album|gipsy kings|gipsy kings@@1@@11@@@@la dona:album_bound_track_no_safe_match:316136217,apple_music_sidecar_track_album_bound_pass_v1,album|gipsy kings|gipsy kings@@1@@11@@@@la dona,album_sidecar_track,track,Gipsy Kings,La Dona,1988,us,album_bound_track_no_safe_match,6,12,12,316136217,,false
album_sidecar_track:album|gipsy kings|gipsy kings@@1@@12@@@@hit medley:album_bound_track_no_safe_match:316136217,apple_music_sidecar_track_album_bound_pass_v1,album|gipsy kings|gipsy kings@@1@@12@@@@hit medley,album_sidecar_track,track,Gipsy Kings,Hit Medley,1988,us,album_bound_track_no_safe_match,6,48,11,316136217,,false
album_sidecar_track:album|gipsy kings|gipsy kings@@1@@13@@@@la rumba de nicolas:album_bound_track_no_safe_match:316136217,apple_music_sidecar_track_album_bound_pass_v1,album|gipsy kings|gipsy kings@@1@@13@@@@la rumba de nicolas,album_sidecar_track,track,Gipsy Kings,La Rumba de Nicolas,1988,us,album_bound_track_no_safe_match,6,17,13,316136217,,false
album_sidecar_track:album|gipsy kings|gipsy kings@@1@@15@@@@hotel california latino:album_bound_track_no_safe_match:316136217,apple_music_sidecar_track_album_bound_pass_v1,album|gipsy kings|gipsy kings@@1@@15@@@@hotel california latino,album_sidecar_track,track,Gipsy Kings,Hotel California (Latino),1988,us,album_bound_track_no_safe_match,6,11,9,316136217,,false
album_sidecar_track:album|gipsy kings|gipsy kings@@1@@16@@@@passion:album_bound_track_no_safe_match:316136217,apple_music_sidecar_track_album_bound_pass_v1,album|gipsy kings|gipsy kings@@1@@16@@@@passion,album_sidecar_track,track,Gipsy Kings,Passion,1988,us,album_bound_track_no_safe_match,6,23,21,316136217,,false
album_sidecar_track:album|gipsy kings|gipsy kings@@1@@17@@@@soy:album_bound_track_no_safe_match:316136217,apple_music_sidecar_track_album_bound_pass_v1,album|gipsy kings|gipsy kings@@1@@17@@@@soy,album_sidecar_track,track,Gipsy Kings,Soy,1988,us,album_bound_track_no_safe_match,6,25,19,316136217,,false
album_sidecar_track:album|gipsy kings|gipsy kings@@1@@18@@@@vamos a bailar:album_bound_track_no_safe_match:316136217,apple_music_sidecar_track_album_bound_pass_v1,album|gipsy kings|gipsy kings@@1@@18@@@@vamos a bailar,album_sidecar_track,track,Gipsy Kings,Vamos a Bailar,1988,us,album_bound_track_no_safe_match,6,11,9,316136217,,false
album_sidecar_track:album|gipsy kings|gipsy kings@@1@@19@@@@viento del arena:album_bound_track_no_safe_match:316136217,apple_music_sidecar_track_album_bound_pass_v1,album|gipsy kings|gipsy kings@@1@@19@@@@viento del arena,album_sidecar_track,track,Gipsy Kings,Viento del Arena,1988,us,album_bound_track_no_safe_match,6,11,9,316136217,,false
album_sidecar_track:album|gipsy kings|gipsy kings@@1@@2@@@@escucha me:album_bound_track_no_safe_match:316136217,apple_music_sidecar_track_album_bound_pass_v1,album|gipsy kings|gipsy kings@@1@@2@@@@escucha me,album_sidecar_track,track,Gipsy Kings,Escucha Me,1988,us,album_bound_track_no_safe_match,6,47,12,316136217,,false
album_sidecar_track:album|gipsy kings|gipsy kings@@1@@4@@@@allegria:album_bound_track_no_safe_match:316136217,apple_music_sidecar_track_album_bound_pass_v1,album|gipsy kings|gipsy kings@@1@@4@@@@allegria,album_sidecar_track,track,Gipsy Kings,Allegria,1988,us,album_bound_track_no_safe_match,6,55,16,316136217,,false
album_sidecar_track:album|gipsy kings|gipsy kings@@1@@5@@@@baila me:album_bound_track_no_safe_match:316136217,apple_music_sidecar_track_album_bound_pass_v1,album|gipsy kings|gipsy kings@@1@@5@@@@baila me,album_sidecar_track,track,Gipsy Kings,Baila Me,1988,us,album_bound_track_no_safe_match,6,54,12,316136217,,false
album_sidecar_track:album|gipsy kings|gipsy kings@@1@@9@@@@el toro y la luna:album_bound_track_no_safe_match:316136217,apple_music_sidecar_track_album_bound_pass_v1,album|gipsy kings|gipsy kings@@1@@9@@@@el toro y la luna,album_sidecar_track,track,Gipsy Kings,El Toro y la Luna,1988,us,album_bound_track_no_safe_match,6,43,17,316136217,,false
album_sidecar_track:album|glen campbell|rhinestone cowboy@@1@@5@@@@i ll build a bridge:album_bound_track_no_safe_match:1442453148,apple_music_sidecar_track_album_bound_pass_v1,album|glen campbell|rhinestone cowboy@@1@@5@@@@i ll build a bridge,album_sidecar_track,track,Glen Campbell,I'll Build a Bridge,1975,us,album_bound_track_no_safe_match,7,21,17,1442453148,,false
album_sidecar_track:album|glen campbell|rhinestone cowboy@@1@@7@@@@come back:album_bound_track_no_safe_match:1442453148,apple_music_sidecar_track_album_bound_pass_v1,album|glen campbell|rhinestone cowboy@@1@@7@@@@come back,album_sidecar_track,track,Glen Campbell,Come Back,1975,us,album_bound_track_no_safe_match,7,48,25,1442453148,,false
album_sidecar_track:album|godflesh|streetcleaner@@1@@7@@@@mighty trust crusher:album_bound_track_no_safe_match:61616986,apple_music_sidecar_track_album_bound_pass_v1,album|godflesh|streetcleaner@@1@@7@@@@mighty trust crusher,album_sidecar_track,track,Godflesh,Mighty Trust Crusher,1989,us,album_bound_track_no_safe_match,1,57,,61616986,,false
album_sidecar_track:album|godz|contact high with the godz@@1@@7@@@@squeak:album_bound_track_no_safe_match:1235489548,apple_music_sidecar_track_album_bound_pass_v1,album|godz|contact high with the godz@@1@@7@@@@squeak,album_sidecar_track,track,The Godz,Squeak,1966,us,album_bound_track_no_safe_match,1,57,,1235489548,,false
album_sidecar_track:album|goodie mob|still standing@@1@@1@@@@goodie mob intro:album_bound_track_no_safe_match:298577664,apple_music_sidecar_track_album_bound_pass_v1,album|goodie mob|still standing@@1@@1@@@@goodie mob intro,album_sidecar_track,track,Goodie Mob,Goodie Mob Intro,1998,us,album_bound_track_no_safe_match,12,48,11,298577664,,false
album_sidecar_track:album|goodie mob|still standing@@1@@2@@@@they don t dance no mo:album_bound_track_no_safe_match:298577664,apple_music_sidecar_track_album_bound_pass_v1,album|goodie mob|still standing@@1@@2@@@@they don t dance no mo,album_sidecar_track,track,Goodie Mob,They Don't Dance No Mo',1998,us,album_bound_track_no_safe_match,12,61,58,298577664,,false
album_sidecar_track:album|goodie mob|still standing@@1@@6@@@@inshallallah:album_bound_track_no_safe_match:298577664,apple_music_sidecar_track_album_bound_pass_v1,album|goodie mob|still standing@@1@@6@@@@inshallallah,album_sidecar_track,track,Goodie Mob,Inshallallah,1998,us,album_bound_track_no_safe_match,12,21,19,298577664,,false
album_sidecar_track:album|gram parsons|grievous angel@@1@@6@@@@medley cash on barrelhead hickory wind live:album_bound_track_no_safe_match:304907551,apple_music_sidecar_track_album_bound_pass_v1,album|gram parsons|grievous angel@@1@@6@@@@medley cash on barrelhead hickory wind live,album_sidecar_track,track,Gram Parsons,Medley: Cash on the Barrelhead / Hickory Wind (live),1974,us,album_bound_track_no_safe_match,1,57,,304907551,,false
album_sidecar_track:album|grateful dead|live dead@@1@@2@@@@saint stephen:album_bound_track_no_safe_match:20885553,apple_music_sidecar_track_album_bound_pass_v1,album|grateful dead|live dead@@1@@2@@@@saint stephen,album_sidecar_track,track,Grateful Dead,Saint Stephen,1969,us,album_bound_track_no_safe_match,6,57,10,20885553,,false
album_sidecar_track:album|grateful dead|live dead@@2@@3@@@@feedback:album_bound_track_no_safe_match:20885553,apple_music_sidecar_track_album_bound_pass_v1,album|grateful dead|live dead@@2@@3@@@@feedback,album_sidecar_track,track,Grateful Dead,Feedback,1969,us,album_bound_track_no_safe_match,3,43,11,20885553,,false
album_sidecar_track:album|green day|american idiot@@1@@3@@@@holiday boulevard of broken dreams:album_bound_track_no_safe_match:1161539183,apple_music_sidecar_track_album_bound_pass_v1,album|green day|american idiot@@1@@3@@@@holiday boulevard of broken dreams,album_sidecar_track,track,Green Day,Holiday / Boulevard of Broken Dreams,2004,us,album_bound_track_no_safe_match,8,70,33,1161539183,,false
album_sidecar_track:album|green day|american idiot@@1@@4@@@@are we waiting st jimmy:album_bound_track_no_safe_match:1161539183,apple_music_sidecar_track_album_bound_pass_v1,album|green day|american idiot@@1@@4@@@@are we waiting st jimmy,album_sidecar_track,track,Green Day,Are We the Waiting / St. Jimmy,2004,us,album_bound_track_no_safe_match,8,45,32,1161539183,,false
album_sidecar_track:album|green day|american idiot@@1@@5@@@@give me novacaine she s a rebel:album_bound_track_no_safe_match:1161539183,apple_music_sidecar_track_album_bound_pass_v1,album|green day|american idiot@@1@@5@@@@give me novacaine she s a rebel,album_sidecar_track,track,Green Day,Give Me Novacaine / She’s a Rebel,2004,us,album_bound_track_no_safe_match,8,44,31,1161539183,,false
album_sidecar_track:album|green day|american idiot@@1@@6@@@@extraordinary girl letterbomb:album_bound_track_no_safe_match:1161539183,apple_music_sidecar_track_album_bound_pass_v1,album|green day|american idiot@@1@@6@@@@extraordinary girl letterbomb,album_sidecar_track,track,Green Day,Extraordinary Girl / Letterbomb,2004,us,album_bound_track_no_safe_match,8,43,31,1161539183,,false
album_sidecar_track:album|green day|dookie@@1@@14@@@@f o d all by myself:album_bound_track_no_safe_match:1160081985,apple_music_sidecar_track_album_bound_pass_v1,album|green day|dookie@@1@@14@@@@f o d all by myself,album_sidecar_track,track,Green Day,F.O.D. / All by Myself,1994,us,album_bound_track_no_safe_match,2,67,31,1160081985,,false
album_sidecar_track:album|green river|rehab doll@@1@@3@@@@swallow my pride:album_bound_track_no_safe_match:283554815,apple_music_sidecar_track_album_bound_pass_v1,album|green river|rehab doll@@1@@3@@@@swallow my pride,album_sidecar_track,track,Green River,Swallow My Pride,1988,us,album_bound_track_no_safe_match,8,65,56,283554815,,false
album_sidecar_track:album|grimes|art angels@@1@@11@@@@world princess part ii:album_bound_track_no_safe_match:1051022913,apple_music_sidecar_track_album_bound_pass_v1,album|grimes|art angels@@1@@11@@@@world princess part ii,album_sidecar_track,track,Grimes,"World Princess, part II",2015,us,album_bound_track_no_safe_match,1,57,,1051022913,,false
album_sidecar_track:album|guy clark|old no 1@@1@@3@@@@she ain t goin nowhere:album_bound_track_no_safe_match:284045110,apple_music_sidecar_track_album_bound_pass_v1,album|guy clark|old no 1@@1@@3@@@@she ain t goin nowhere,album_sidecar_track,track,Guy Clark,She Ain't Goin' Nowhere,1975,us,album_bound_track_no_safe_match,3,60,9,284045110,,false
album_sidecar_track:album|guy clark|old no 1@@1@@4@@@@a nickel for fiddler:album_bound_track_no_safe_match:284045110,apple_music_sidecar_track_album_bound_pass_v1,album|guy clark|old no 1@@1@@4@@@@a nickel for fiddler,album_sidecar_track,track,Guy Clark,A Nickel for the Fiddler,1975,us,album_bound_track_no_safe_match,3,59,10,284045110,,false
album_sidecar_track:album|guy clark|old no 1@@1@@7@@@@desperados waiting for train:album_bound_track_no_safe_match:284045110,apple_music_sidecar_track_album_bound_pass_v1,album|guy clark|old no 1@@1@@7@@@@desperados waiting for train,album_sidecar_track,track,Guy Clark,Desperados Waiting for the Train,1975,us,album_bound_track_no_safe_match,3,57,10,284045110,,false
album_sidecar_track:album|hall and oates|private eyes@@1@@2@@@@tell me what you want:album_bound_track_no_safe_match:217749693,apple_music_sidecar_track_album_bound_pass_v1,album|hall and oates|private eyes@@1@@2@@@@tell me what you want,album_sidecar_track,track,Hall & Oates,Tell Me What You Want,1981,us,album_bound_track_no_safe_match,12,53,45,217749693,,false
album_sidecar_track:album|halsey|badlands@@1@@10@@@@strange love:album_bound_track_no_safe_match:1440872587,apple_music_sidecar_track_album_bound_pass_v1,album|halsey|badlands@@1@@10@@@@strange love,album_sidecar_track,track,Halsey,Strange Love,2015,us,album_bound_track_no_safe_match,0,0,,1440872587,,false
album_sidecar_track:album|halsey|badlands@@1@@13@@@@gasoline:album_bound_track_no_safe_match:1440872587,apple_music_sidecar_track_album_bound_pass_v1,album|halsey|badlands@@1@@13@@@@gasoline,album_sidecar_track,track,Halsey,Gasoline,2015,us,album_bound_track_no_safe_match,0,0,,1440872587,,false
album_sidecar_track:album|halsey|badlands@@1@@16@@@@i walk line:album_bound_track_no_safe_match:1440872587,apple_music_sidecar_track_album_bound_pass_v1,album|halsey|badlands@@1@@16@@@@i walk line,album_sidecar_track,track,Halsey,I Walk the Line,2015,us,album_bound_track_no_safe_match,0,0,,1440872587,,false
album_sidecar_track:album|halsey|badlands@@1@@5@@@@hurricane:album_bound_track_no_safe_match:1440872587,apple_music_sidecar_track_album_bound_pass_v1,album|halsey|badlands@@1@@5@@@@hurricane,album_sidecar_track,track,Halsey,Hurricane,2015,us,album_bound_track_no_safe_match,0,0,,1440872587,,false
album_sidecar_track:album|halsey|badlands@@1@@9@@@@colors pt ii:album_bound_track_no_safe_match:1440872587,apple_music_sidecar_track_album_bound_pass_v1,album|halsey|badlands@@1@@9@@@@colors pt ii,album_sidecar_track,track,Halsey,Colors Pt. II,2015,us,album_bound_track_no_safe_match,0,0,,1440872587,,false
album_sidecar_track:album|halsey|manic@@1@@17@@@@you should be sad original voicenote:album_bound_track_no_safe_match:1479627997,apple_music_sidecar_track_album_bound_pass_v1,album|halsey|manic@@1@@17@@@@you should be sad original voicenote,album_sidecar_track,track,Halsey,You Should Be Sad (original voicenote),2020,us,album_bound_track_no_safe_match,0,0,,1479627997,,false
album_sidecar_track:album|halsey|manic@@1@@18@@@@i m not mad:album_bound_track_no_safe_match:1479627997,apple_music_sidecar_track_album_bound_pass_v1,album|halsey|manic@@1@@18@@@@i m not mad,album_sidecar_track,track,Halsey,I’m Not Mad,2020,us,album_bound_track_no_safe_match,0,0,,1479627997,,false
album_sidecar_track:album|harptones|life is but a dream@@1@@1@@@@a sunday kind of love:album_bound_track_no_safe_match:1491664837,apple_music_sidecar_track_album_bound_pass_v1,album|harptones|life is but a dream@@1@@1@@@@a sunday kind of love,album_sidecar_track,track,The Harptones,A Sunday Kind of Love,1990,us,album_bound_track_no_safe_match,10,53,17,1491664837,,false
album_sidecar_track:album|harptones|life is but a dream@@1@@10@@@@honey love:album_bound_track_no_safe_match:1491664837,apple_music_sidecar_track_album_bound_pass_v1,album|harptones|life is but a dream@@1@@10@@@@honey love,album_sidecar_track,track,The Harptones,Honey Love,1990,us,album_bound_track_no_safe_match,10,53,19,1491664837,,false
album_sidecar_track:album|harptones|life is but a dream@@1@@11@@@@so soon:album_bound_track_no_safe_match:1491664837,apple_music_sidecar_track_album_bound_pass_v1,album|harptones|life is but a dream@@1@@11@@@@so soon,album_sidecar_track,track,The Harptones,So Soon,1990,us,album_bound_track_no_safe_match,10,23,22,1491664837,,false
album_sidecar_track:album|harptones|life is but a dream@@1@@12@@@@love me:album_bound_track_no_safe_match:1491664837,apple_music_sidecar_track_album_bound_pass_v1,album|harptones|life is but a dream@@1@@12@@@@love me,album_sidecar_track,track,The Harptones,Love Me,1990,us,album_bound_track_no_safe_match,10,26,22,1491664837,,false
album_sidecar_track:album|harptones|life is but a dream@@1@@13@@@@since i fell for you:album_bound_track_no_safe_match:1491664837,apple_music_sidecar_track_album_bound_pass_v1,album|harptones|life is but a dream@@1@@13@@@@since i fell for you,album_sidecar_track,track,The Harptones,Since I Fell for You,1990,us,album_bound_track_no_safe_match,10,23,22,1491664837,,false
album_sidecar_track:album|harptones|life is but a dream@@1@@14@@@@oobidee oobidee ooo:album_bound_track_no_safe_match:1491664837,apple_music_sidecar_track_album_bound_pass_v1,album|harptones|life is but a dream@@1@@14@@@@oobidee oobidee ooo,album_sidecar_track,track,The Harptones,Oobidee Oobidee-Ooo,1990,us,album_bound_track_no_safe_match,10,19,17,1491664837,,false
album_sidecar_track:album|harptones|life is but a dream@@1@@15@@@@i almost lost my mind:album_bound_track_no_safe_match:1491664837,apple_music_sidecar_track_album_bound_pass_v1,album|harptones|life is but a dream@@1@@15@@@@i almost lost my mind,album_sidecar_track,track,The Harptones,I Almost Lost My Mind,1990,us,album_bound_track_no_safe_match,10,17,17,1491664837,,false
album_sidecar_track:album|harptones|life is but a dream@@1@@16@@@@oo wee baby bruce version:album_bound_track_no_safe_match:1491664837,apple_music_sidecar_track_album_bound_pass_v1,album|harptones|life is but a dream@@1@@16@@@@oo wee baby bruce version,album_sidecar_track,track,The Harptones,Oo Wee Baby (Bruce version),1990,us,album_bound_track_no_safe_match,10,17,17,1491664837,,false
album_sidecar_track:album|harptones|life is but a dream@@1@@17@@@@high flyin baby:album_bound_track_no_safe_match:1491664837,apple_music_sidecar_track_album_bound_pass_v1,album|harptones|life is but a dream@@1@@17@@@@high flyin baby,album_sidecar_track,track,The Harptones,High Flyin' Baby,1990,us,album_bound_track_no_safe_match,10,25,24,1491664837,,false
album_sidecar_track:album|harptones|life is but a dream@@1@@2@@@@i ll never tell:album_bound_track_no_safe_match:1491664837,apple_music_sidecar_track_album_bound_pass_v1,album|harptones|life is but a dream@@1@@2@@@@i ll never tell,album_sidecar_track,track,The Harptones,I'll Never Tell,1990,us,album_bound_track_no_safe_match,10,52,21,1491664837,,false
album_sidecar_track:album|harptones|life is but a dream@@1@@20@@@@my success it all depends on you:album_bound_track_no_safe_match:1491664837,apple_music_sidecar_track_album_bound_pass_v1,album|harptones|life is but a dream@@1@@20@@@@my success it all depends on you,album_sidecar_track,track,The Harptones,My Success (It All Depends on You),1990,us,album_bound_track_no_safe_match,8,50,25,1491664837,,false
album_sidecar_track:album|harptones|life is but a dream@@1@@21@@@@i ve got a notion:album_bound_track_no_safe_match:1491664837,apple_music_sidecar_track_album_bound_pass_v1,album|harptones|life is but a dream@@1@@21@@@@i ve got a notion,album_sidecar_track,track,The Harptones,I've Got a Notion,1990,us,album_bound_track_no_safe_match,8,26,25,1491664837,,false
album_sidecar_track:album|harptones|life is but a dream@@1@@22@@@@i love you:album_bound_track_no_safe_match:1491664837,apple_music_sidecar_track_album_bound_pass_v1,album|harptones|life is but a dream@@1@@22@@@@i love you,album_sidecar_track,track,The Harptones,I Love You,1990,us,album_bound_track_no_safe_match,8,45,23,1491664837,,false
album_sidecar_track:album|harptones|life is but a dream@@1@@24@@@@don t stay away too long:album_bound_track_no_safe_match:1491664837,apple_music_sidecar_track_album_bound_pass_v1,album|harptones|life is but a dream@@1@@24@@@@don t stay away too long,album_sidecar_track,track,The Harptones,Don't Stay Away Too Long,1990,us,album_bound_track_no_safe_match,7,19,17,1491664837,,false
album_sidecar_track:album|harptones|life is but a dream@@1@@25@@@@call me i ll be there:album_bound_track_no_safe_match:1491664837,apple_music_sidecar_track_album_bound_pass_v1,album|harptones|life is but a dream@@1@@25@@@@call me i ll be there,album_sidecar_track,track,The Harptones,"Call Me, I'll Be There",1990,us,album_bound_track_no_safe_match,7,23,22,1491664837,,false
album_sidecar_track:album|harptones|life is but a dream@@1@@27@@@@that s way it goes:album_bound_track_no_safe_match:1491664837,apple_music_sidecar_track_album_bound_pass_v1,album|harptones|life is but a dream@@1@@27@@@@that s way it goes,album_sidecar_track,track,The Harptones,That's the Way It Goes,1990,us,album_bound_track_no_safe_match,6,26,22,1491664837,,false
album_sidecar_track:album|harptones|life is but a dream@@1@@28@@@@three wishes:album_bound_track_no_safe_match:1491664837,apple_music_sidecar_track_album_bound_pass_v1,album|harptones|life is but a dream@@1@@28@@@@three wishes,album_sidecar_track,track,The Harptones,Three Wishes,1990,us,album_bound_track_no_safe_match,6,26,25,1491664837,,false
album_sidecar_track:album|harptones|life is but a dream@@1@@29@@@@second hand love:album_bound_track_no_safe_match:1491664837,apple_music_sidecar_track_album_bound_pass_v1,album|harptones|life is but a dream@@1@@29@@@@second hand love,album_sidecar_track,track,The Harptones,Second Hand Love,1990,us,album_bound_track_no_safe_match,6,25,22,1491664837,,false
album_sidecar_track:album|harptones|life is but a dream@@1@@3@@@@my memories of you:album_bound_track_no_safe_match:1491664837,apple_music_sidecar_track_album_bound_pass_v1,album|harptones|life is but a dream@@1@@3@@@@my memories of you,album_sidecar_track,track,The Harptones,My Memories of You,1990,us,album_bound_track_no_safe_match,10,51,21,1491664837,,false
album_sidecar_track:album|harptones|life is but a dream@@1@@30@@@@symbol of love:album_bound_track_no_safe_match:1491664837,apple_music_sidecar_track_album_bound_pass_v1,album|harptones|life is but a dream@@1@@30@@@@symbol of love,album_sidecar_track,track,The Harptones,Symbol of Love,1990,us,album_bound_track_no_safe_match,6,22,21,1491664837,,false
album_sidecar_track:album|harptones|life is but a dream@@1@@4@@@@it was just for laughs:album_bound_track_no_safe_match:1491664837,apple_music_sidecar_track_album_bound_pass_v1,album|harptones|life is but a dream@@1@@4@@@@it was just for laughs,album_sidecar_track,track,The Harptones,It Was Just for Laughs,1990,us,album_bound_track_no_safe_match,10,55,26,1491664837,,false
album_sidecar_track:album|harptones|life is but a dream@@1@@5@@@@i depended on you:album_bound_track_no_safe_match:1491664837,apple_music_sidecar_track_album_bound_pass_v1,album|harptones|life is but a dream@@1@@5@@@@i depended on you,album_sidecar_track,track,The Harptones,I Depended on You,1990,us,album_bound_track_no_safe_match,10,44,21,1491664837,,false
album_sidecar_track:album|harptones|life is but a dream@@1@@6@@@@mambo boogie bruce version:album_bound_track_no_safe_match:1491664837,apple_music_sidecar_track_album_bound_pass_v1,album|harptones|life is but a dream@@1@@6@@@@mambo boogie bruce version,album_sidecar_track,track,The Harptones,Mambo Boogie (Bruce version),1990,us,album_bound_track_no_safe_match,10,45,43,1491664837,,false
album_sidecar_track:album|harptones|life is but a dream@@1@@7@@@@why should i love you:album_bound_track_no_safe_match:1491664837,apple_music_sidecar_track_album_bound_pass_v1,album|harptones|life is but a dream@@1@@7@@@@why should i love you,album_sidecar_track,track,The Harptones,Why Should I Love You,1990,us,album_bound_track_no_safe_match,10,53,26,1491664837,,false
album_sidecar_track:album|harptones|life is but a dream@@1@@8@@@@forever mine:album_bound_track_no_safe_match:1491664837,apple_music_sidecar_track_album_bound_pass_v1,album|harptones|life is but a dream@@1@@8@@@@forever mine,album_sidecar_track,track,The Harptones,Forever Mine,1990,us,album_bound_track_no_safe_match,10,43,21,1491664837,,false
album_sidecar_track:album|harptones|life is but a dream@@1@@9@@@@i ll never tell:album_bound_track_no_safe_match:1491664837,apple_music_sidecar_track_album_bound_pass_v1,album|harptones|life is but a dream@@1@@9@@@@i ll never tell,album_sidecar_track,track,The Harptones,I'll Never Tell,1990,us,album_bound_track_no_safe_match,10,43,21,1491664837,,false
album_sidecar_track:album|harptones|life is but a dream@@2@@1@@@@schoolgirl:album_bound_track_no_safe_match:1491664837,apple_music_sidecar_track_album_bound_pass_v1,album|harptones|life is but a dream@@2@@1@@@@schoolgirl,album_sidecar_track,track,The Harptones,Schoolgirl,1990,us,album_bound_track_no_safe_match,6,25,22,1491664837,,false
album_sidecar_track:album|harptones|life is but a dream@@2@@10@@@@i got a fine little girl:album_bound_track_no_safe_match:1491664837,apple_music_sidecar_track_album_bound_pass_v1,album|harptones|life is but a dream@@2@@10@@@@i got a fine little girl,album_sidecar_track,track,The Harptones,I Got a Fine Little Girl,1990,us,album_bound_track_no_safe_match,4,21,17,1491664837,,false
album_sidecar_track:album|harptones|life is but a dream@@2@@11@@@@what did i do wrong:album_bound_track_no_safe_match:1491664837,apple_music_sidecar_track_album_bound_pass_v1,album|harptones|life is but a dream@@2@@11@@@@what did i do wrong,album_sidecar_track,track,The Harptones,What Did I Do Wrong,1990,us,album_bound_track_no_safe_match,4,26,21,1491664837,,false
album_sidecar_track:album|harptones|life is but a dream@@2@@12@@@@when will i know:album_bound_track_no_safe_match:1491664837,apple_music_sidecar_track_album_bound_pass_v1,album|harptones|life is but a dream@@2@@12@@@@when will i know,album_sidecar_track,track,The Harptones,When Will I Know,1990,us,album_bound_track_no_safe_match,4,22,21,1491664837,,false
album_sidecar_track:album|harptones|life is but a dream@@2@@13@@@@cry like i cried:album_bound_track_no_safe_match:1491664837,apple_music_sidecar_track_album_bound_pass_v1,album|harptones|life is but a dream@@2@@13@@@@cry like i cried,album_sidecar_track,track,The Harptones,Cry Like I Cried,1990,us,album_bound_track_no_safe_match,4,17,17,1491664837,,false
album_sidecar_track:album|harptones|life is but a dream@@2@@14@@@@so good so fine you re mine:album_bound_track_no_safe_match:1491664837,apple_music_sidecar_track_album_bound_pass_v1,album|harptones|life is but a dream@@2@@14@@@@so good so fine you re mine,album_sidecar_track,track,The Harptones,"So Good So Fine, You're Mine",1990,us,album_bound_track_no_safe_match,4,21,17,1491664837,,false
album_sidecar_track:album|harptones|life is but a dream@@2@@15@@@@until real thing comes along:album_bound_track_no_safe_match:1491664837,apple_music_sidecar_track_album_bound_pass_v1,album|harptones|life is but a dream@@2@@15@@@@until real thing comes along,album_sidecar_track,track,The Harptones,Until the Real Thing Comes Along,1990,us,album_bound_track_no_safe_match,4,17,17,1491664837,,false
album_sidecar_track:album|harptones|life is but a dream@@2@@16@@@@laughing on outside:album_bound_track_no_safe_match:1491664837,apple_music_sidecar_track_album_bound_pass_v1,album|harptones|life is but a dream@@2@@16@@@@laughing on outside,album_sidecar_track,track,The Harptones,Laughing on the Outside,1990,us,album_bound_track_no_safe_match,4,22,21,1491664837,,false
album_sidecar_track:album|harptones|life is but a dream@@2@@17@@@@i remember:album_bound_track_no_safe_match:1491664837,apple_music_sidecar_track_album_bound_pass_v1,album|harptones|life is but a dream@@2@@17@@@@i remember,album_sidecar_track,track,The Harptones,I Remember,1990,us,album_bound_track_no_safe_match,4,17,17,1491664837,,false
album_sidecar_track:album|harptones|life is but a dream@@2@@18@@@@love me completely:album_bound_track_no_safe_match:1491664837,apple_music_sidecar_track_album_bound_pass_v1,album|harptones|life is but a dream@@2@@18@@@@love me completely,album_sidecar_track,track,The Harptones,Love Me Completely,1990,us,album_bound_track_no_safe_match,4,22,21,1491664837,,false
album_sidecar_track:album|harptones|life is but a dream@@2@@19@@@@hep teenager:album_bound_track_no_safe_match:1491664837,apple_music_sidecar_track_album_bound_pass_v1,album|harptones|life is but a dream@@2@@19@@@@hep teenager,album_sidecar_track,track,The Harptones,Hep Teenager,1990,us,album_bound_track_no_safe_match,4,26,25,1491664837,,false
album_sidecar_track:album|harptones|life is but a dream@@2@@20@@@@no greater miracle:album_bound_track_no_safe_match:1491664837,apple_music_sidecar_track_album_bound_pass_v1,album|harptones|life is but a dream@@2@@20@@@@no greater miracle,album_sidecar_track,track,The Harptones,No Greater Miracle,1990,us,album_bound_track_no_safe_match,4,25,22,1491664837,,false
album_sidecar_track:album|harptones|life is but a dream@@2@@21@@@@what kind of fool do you think i am:album_bound_track_no_safe_match:1491664837,apple_music_sidecar_track_album_bound_pass_v1,album|harptones|life is but a dream@@2@@21@@@@what kind of fool do you think i am,album_sidecar_track,track,The Harptones,What Kind of Fool (Do You Think I Am),1990,us,album_bound_track_no_safe_match,4,21,17,1491664837,,false
album_sidecar_track:album|harptones|life is but a dream@@2@@22@@@@rain down kisses:album_bound_track_no_safe_match:1491664837,apple_music_sidecar_track_album_bound_pass_v1,album|harptones|life is but a dream@@2@@22@@@@rain down kisses,album_sidecar_track,track,The Harptones,Rain Down Kisses,1990,us,album_bound_track_no_safe_match,4,17,17,1491664837,,false
album_sidecar_track:album|harptones|life is but a dream@@2@@23@@@@answer me my love:album_bound_track_no_safe_match:1491664837,apple_music_sidecar_track_album_bound_pass_v1,album|harptones|life is but a dream@@2@@23@@@@answer me my love,album_sidecar_track,track,The Harptones,Answer Me My Love,1990,us,album_bound_track_no_safe_match,4,25,22,1491664837,,false
album_sidecar_track:album|harptones|life is but a dream@@2@@24@@@@devil in velvet:album_bound_track_no_safe_match:1491664837,apple_music_sidecar_track_album_bound_pass_v1,album|harptones|life is but a dream@@2@@24@@@@devil in velvet,album_sidecar_track,track,The Harptones,Devil in Velvet,1990,us,album_bound_track_no_safe_match,4,17,17,1491664837,,false
album_sidecar_track:album|harptones|life is but a dream@@2@@25@@@@your love is a good love:album_bound_track_no_safe_match:1491664837,apple_music_sidecar_track_album_bound_pass_v1,album|harptones|life is but a dream@@2@@25@@@@your love is a good love,album_sidecar_track,track,The Harptones,Your Love Is a Good Love,1990,us,album_bound_track_no_safe_match,4,17,17,1491664837,,false
album_sidecar_track:album|harptones|life is but a dream@@2@@26@@@@all in your mind:album_bound_track_no_safe_match:1491664837,apple_music_sidecar_track_album_bound_pass_v1,album|harptones|life is but a dream@@2@@26@@@@all in your mind,album_sidecar_track,track,The Harptones,All in Your Mind,1990,us,album_bound_track_no_safe_match,4,25,22,1491664837,,false
album_sidecar_track:album|harptones|life is but a dream@@2@@27@@@@last dance:album_bound_track_no_safe_match:1491664837,apple_music_sidecar_track_album_bound_pass_v1,album|harptones|life is but a dream@@2@@27@@@@last dance,album_sidecar_track,track,The Harptones,The Last Dance,1990,us,album_bound_track_no_safe_match,4,17,16,1491664837,,false
album_sidecar_track:album|harptones|life is but a dream@@2@@28@@@@what will i tell my heart:album_bound_track_no_safe_match:1491664837,apple_music_sidecar_track_album_bound_pass_v1,album|harptones|life is but a dream@@2@@28@@@@what will i tell my heart,album_sidecar_track,track,The Harptones,What Will I Tell My Heart,1990,us,album_bound_track_no_safe_match,4,22,21,1491664837,,false
album_sidecar_track:album|harptones|life is but a dream@@2@@29@@@@foolish me:album_bound_track_no_safe_match:1491664837,apple_music_sidecar_track_album_bound_pass_v1,album|harptones|life is but a dream@@2@@29@@@@foolish me,album_sidecar_track,track,The Harptones,Foolish Me,1990,us,album_bound_track_no_safe_match,4,22,21,1491664837,,false
album_sidecar_track:album|harptones|life is but a dream@@2@@30@@@@loving a girl like you:album_bound_track_no_safe_match:1491664837,apple_music_sidecar_track_album_bound_pass_v1,album|harptones|life is but a dream@@2@@30@@@@loving a girl like you,album_sidecar_track,track,The Harptones,Loving a Girl Like You,1990,us,album_bound_track_no_safe_match,4,17,17,1491664837,,false
album_sidecar_track:album|harptones|life is but a dream@@2@@4@@@@chang chang a lang:album_bound_track_no_safe_match:1491664837,apple_music_sidecar_track_album_bound_pass_v1,album|harptones|life is but a dream@@2@@4@@@@chang chang a lang,album_sidecar_track,track,The Harptones,Chang Chang a Lang,1990,us,album_bound_track_no_safe_match,4,26,25,1491664837,,false
album_sidecar_track:album|harptones|life is but a dream@@2@@5@@@@on sunday afternoon rama version:album_bound_track_no_safe_match:1491664837,apple_music_sidecar_track_album_bound_pass_v1,album|harptones|life is but a dream@@2@@5@@@@on sunday afternoon rama version,album_sidecar_track,track,The Harptones,On Sunday Afternoon (Rama version),1990,us,album_bound_track_no_safe_match,4,26,25,1491664837,,false
album_sidecar_track:album|harptones|life is but a dream@@2@@6@@@@masquerade is over:album_bound_track_no_safe_match:1491664837,apple_music_sidecar_track_album_bound_pass_v1,album|harptones|life is but a dream@@2@@6@@@@masquerade is over,album_sidecar_track,track,The Harptones,The Masquerade Is Over,1990,us,album_bound_track_no_safe_match,4,17,16,1491664837,,false
album_sidecar_track:album|harptones|life is but a dream@@2@@7@@@@shrine of st cecelia:album_bound_track_no_safe_match:1491664837,apple_music_sidecar_track_album_bound_pass_v1,album|harptones|life is but a dream@@2@@7@@@@shrine of st cecelia,album_sidecar_track,track,The Harptones,The Shrine of St. Cecelia,1990,us,album_bound_track_no_safe_match,4,17,17,1491664837,,false
album_sidecar_track:album|harptones|life is but a dream@@2@@8@@@@oo wee baby:album_bound_track_no_safe_match:1491664837,apple_music_sidecar_track_album_bound_pass_v1,album|harptones|life is but a dream@@2@@8@@@@oo wee baby,album_sidecar_track,track,The Harptones,Oo Wee Baby,1990,us,album_bound_track_no_safe_match,4,16,12,1491664837,,false
album_sidecar_track:album|harptones|life is but a dream@@2@@9@@@@what is your secret:album_bound_track_no_safe_match:1491664837,apple_music_sidecar_track_album_bound_pass_v1,album|harptones|life is but a dream@@2@@9@@@@what is your secret,album_sidecar_track,track,The Harptones,What Is Your Secret,1990,us,album_bound_track_no_safe_match,4,12,12,1491664837,,false
album_sidecar_track:album|head and the heart|head and the heart@@1@@2@@@@couer d alene:album_bound_track_no_safe_match:1771697400,apple_music_sidecar_track_album_bound_pass_v1,album|head and the heart|head and the heart@@1@@2@@@@couer d alene,album_sidecar_track,track,The Head and the Heart,Couer d’Alene,2011,us,album_bound_track_no_safe_match,1,61,,1771697400,,false
album_sidecar_track:album|hikaru utada|first love@@1@@12@@@@automatic johnny vicious remix:album_bound_track_no_safe_match:1440763349,apple_music_sidecar_track_album_bound_pass_v1,album|hikaru utada|first love@@1@@12@@@@automatic johnny vicious remix,album_sidecar_track,track,Hikaru Utada,Automatic (Johnny Vicious Remix),1999,us,album_bound_track_no_safe_match,0,0,,1440763349,,false
album_sidecar_track:album|hillsong united|zion@@1@@14@@@@arise:album_bound_track_no_safe_match:1827110207,apple_music_sidecar_track_album_bound_pass_v1,album|hillsong united|zion@@1@@14@@@@arise,album_sidecar_track,track,Hillsong United,Arise,2013,us,album_bound_track_no_safe_match,0,0,,1827110207,,false
album_sidecar_track:album|hillsong united|zion@@1@@15@@@@mountain:album_bound_track_no_safe_match:1827110207,apple_music_sidecar_track_album_bound_pass_v1,album|hillsong united|zion@@1@@15@@@@mountain,album_sidecar_track,track,Hillsong United,Mountain,2013,us,album_bound_track_no_safe_match,0,0,,1827110207,,false
album_sidecar_track:album|hillsong united|zion@@1@@16@@@@mercy mercy reloaded:album_bound_track_no_safe_match:1827110207,apple_music_sidecar_track_album_bound_pass_v1,album|hillsong united|zion@@1@@16@@@@mercy mercy reloaded,album_sidecar_track,track,Hillsong United,Mercy Mercy (reloaded),2013,us,album_bound_track_no_safe_match,0,0,,1827110207,,false
album_sidecar_track:album|hillsong united|zion@@1@@17@@@@oceans where feet may fail reloaded:album_bound_track_no_safe_match:1827110207,apple_music_sidecar_track_album_bound_pass_v1,album|hillsong united|zion@@1@@17@@@@oceans where feet may fail reloaded,album_sidecar_track,track,Hillsong United,Oceans (Where Feet May Fail) (reloaded),2013,us,album_bound_track_no_safe_match,0,0,,1827110207,,false
album_sidecar_track:album|hillsong united|zion@@1@@18@@@@stay and wait reloaded:album_bound_track_no_safe_match:1827110207,apple_music_sidecar_track_album_bound_pass_v1,album|hillsong united|zion@@1@@18@@@@stay and wait reloaded,album_sidecar_track,track,Hillsong United,Stay and Wait (reloaded),2013,us,album_bound_track_no_safe_match,0,0,,1827110207,,false
album_sidecar_track:album|hole|live through this@@1@@12@@@@olympia:album_bound_track_no_safe_match:1445732603,apple_music_sidecar_track_album_bound_pass_v1,album|hole|live through this@@1@@12@@@@olympia,album_sidecar_track,track,Hole,Olympia,1994,us,album_bound_track_no_safe_match,1,57,,1445732603,,false
album_sidecar_track:album|hollies|evolution@@1@@10@@@@when your light s turned on:album_bound_track_no_safe_match:1750074861,apple_music_sidecar_track_album_bound_pass_v1,album|hollies|evolution@@1@@10@@@@when your light s turned on,album_sidecar_track,track,The Hollies,When Your Light’s Turned On,1967,us,album_bound_track_no_safe_match,13,57,21,1750074861,,false
album_sidecar_track:album|howard shore|lord of the rings the fellowship of the ring@@1@@14@@@@lothlorien lament for gandalf:album_bound_track_no_safe_match:323714092,apple_music_sidecar_track_album_bound_pass_v1,album|howard shore|lord of the rings the fellowship of the ring@@1@@14@@@@lothlorien lament for gandalf,album_sidecar_track,track,Howard Shore,Lothlórien / Lament for Gandalf,2001,us,album_bound_track_no_safe_match,2,57,7,323714092,,false
album_sidecar_track:album|howard shore|lord of the rings the fellowship of the ring@@1@@17@@@@breaking of fellowship in dreams:album_bound_track_no_safe_match:323714092,apple_music_sidecar_track_album_bound_pass_v1,album|howard shore|lord of the rings the fellowship of the ring@@1@@17@@@@breaking of fellowship in dreams,album_sidecar_track,track,Howard Shore,The Breaking of the Fellowship / In Dreams,2001,us,album_bound_track_no_safe_match,2,57,7,323714092,,false
album_sidecar_track:album|i prevail|trauma@@1@@14@@@@gasoline sped up bonus track:album_bound_track_no_safe_match:1452693515,apple_music_sidecar_track_album_bound_pass_v1,album|i prevail|trauma@@1@@14@@@@gasoline sped up bonus track,album_sidecar_track,track,I Prevail,Gasoline (Sped Up) [Bonus Track],2019,us,album_bound_track_no_safe_match,0,0,,1452693515,,false
album_sidecar_track:album|ice cube|amerikkka s most wanted@@1@@10@@@@it s a man s world:album_bound_track_no_safe_match:1422704616,apple_music_sidecar_track_album_bound_pass_v1,album|ice cube|amerikkka s most wanted@@1@@10@@@@it s a man s world,album_sidecar_track,track,Ice Cube,It’s a Man’s World,1990,us,album_bound_track_no_safe_match,9,43,43,1422704616,,false
album_sidecar_track:album|ice cube|amerikkka s most wanted@@1@@4@@@@you can t fade me:album_bound_track_no_safe_match:1422704616,apple_music_sidecar_track_album_bound_pass_v1,album|ice cube|amerikkka s most wanted@@1@@4@@@@you can t fade me,album_sidecar_track,track,Ice Cube,You Can’t Fade Me,1990,us,album_bound_track_no_safe_match,12,37,17,1422704616,,false
album_sidecar_track:album|ice cube|amerikkka s most wanted@@1@@5@@@@once upon a time in projects:album_bound_track_no_safe_match:1422704616,apple_music_sidecar_track_album_bound_pass_v1,album|ice cube|amerikkka s most wanted@@1@@5@@@@once upon a time in projects,album_sidecar_track,track,Ice Cube,Once Upon a Time in the Projects,1990,us,album_bound_track_no_safe_match,12,56,44,1422704616,,false
album_sidecar_track:album|ice cube|amerikkka s most wanted@@1@@6@@@@endangered species tales from darkside:album_bound_track_no_safe_match:1422704616,apple_music_sidecar_track_album_bound_pass_v1,album|ice cube|amerikkka s most wanted@@1@@6@@@@endangered species tales from darkside,album_sidecar_track,track,Ice Cube,Endangered Species (Tales From the Darkside),1990,us,album_bound_track_no_safe_match,12,53,53,1422704616,,false
album_sidecar_track:album|idealism|rainy evening@@1@@4@@@@hishitsu:album_bound_track_no_safe_match:1892684529,apple_music_sidecar_track_album_bound_pass_v1,album|idealism|rainy evening@@1@@4@@@@hishitsu,album_sidecar_track,track,idealism,hishitsu,2016,us,album_bound_track_no_safe_match,0,0,,1892684529,,false
album_sidecar_track:album|idealism|rainy evening@@1@@5@@@@nagashi:album_bound_track_no_safe_match:1892684529,apple_music_sidecar_track_album_bound_pass_v1,album|idealism|rainy evening@@1@@5@@@@nagashi,album_sidecar_track,track,idealism,nagashi,2016,us,album_bound_track_no_safe_match,0,0,,1892684529,,false
album_sidecar_track:album|iron and wine|our endless numbered days@@1@@13@@@@belated promise ring:album_bound_track_no_safe_match:5644896,apple_music_sidecar_track_album_bound_pass_v1,album|iron and wine|our endless numbered days@@1@@13@@@@belated promise ring,album_sidecar_track,track,Iron & Wine,Belated Promise Ring,2004,us,album_bound_track_no_safe_match,0,0,,5644896,,false
album_sidecar_track:album|iron and wine|our endless numbered days@@1@@14@@@@homeward these shoes:album_bound_track_no_safe_match:5644896,apple_music_sidecar_track_album_bound_pass_v1,album|iron and wine|our endless numbered days@@1@@14@@@@homeward these shoes,album_sidecar_track,track,Iron & Wine,"Homeward, These Shoes",2004,us,album_bound_track_no_safe_match,0,0,,5644896,,false
album_sidecar_track:album|iron and wine|our endless numbered days@@2@@1@@@@cinder and smoke demo:album_bound_track_no_safe_match:5644896,apple_music_sidecar_track_album_bound_pass_v1,album|iron and wine|our endless numbered days@@2@@1@@@@cinder and smoke demo,album_sidecar_track,track,Iron & Wine,Cinder and Smoke (demo),2004,us,album_bound_track_no_safe_match,0,0,,5644896,,false
album_sidecar_track:album|iron and wine|our endless numbered days@@2@@2@@@@swans and swimming:album_bound_track_no_safe_match:5644896,apple_music_sidecar_track_album_bound_pass_v1,album|iron and wine|our endless numbered days@@2@@2@@@@swans and swimming,album_sidecar_track,track,Iron & Wine,Swans and the Swimming,2004,us,album_bound_track_no_safe_match,0,0,,5644896,,false
album_sidecar_track:album|iron and wine|our endless numbered days@@2@@3@@@@free until they cut me down demo:album_bound_track_no_safe_match:5644896,apple_music_sidecar_track_album_bound_pass_v1,album|iron and wine|our endless numbered days@@2@@3@@@@free until they cut me down demo,album_sidecar_track,track,Iron & Wine,Free Until They Cut Me Down (demo),2004,us,album_bound_track_no_safe_match,0,0,,5644896,,false
album_sidecar_track:album|iron and wine|our endless numbered days@@2@@4@@@@hickory:album_bound_track_no_safe_match:5644896,apple_music_sidecar_track_album_bound_pass_v1,album|iron and wine|our endless numbered days@@2@@4@@@@hickory,album_sidecar_track,track,Iron & Wine,Hickory,2004,us,album_bound_track_no_safe_match,0,0,,5644896,,false
album_sidecar_track:album|iron and wine|shepherd s dog@@2@@1@@@@arms of a thief:album_bound_track_no_safe_match:669617227,apple_music_sidecar_track_album_bound_pass_v1,album|iron and wine|shepherd s dog@@2@@1@@@@arms of a thief,album_sidecar_track,track,Iron & Wine,Arms of a Thief,2007,us,album_bound_track_no_safe_match,0,0,,669617227,,false
album_sidecar_track:album|iron and wine|shepherd s dog@@2@@2@@@@serpent charmer:album_bound_track_no_safe_match:669617227,apple_music_sidecar_track_album_bound_pass_v1,album|iron and wine|shepherd s dog@@2@@2@@@@serpent charmer,album_sidecar_track,track,Iron & Wine,Serpent Charmer,2007,us,album_bound_track_no_safe_match,0,0,,669617227,,false
album_sidecar_track:album|iron maiden|live after death@@1@@1@@@@intro churchill s speech aces high:album_bound_track_no_safe_match:1713861150,apple_music_sidecar_track_album_bound_pass_v1,album|iron maiden|live after death@@1@@1@@@@intro churchill s speech aces high,album_sidecar_track,track,Iron Maiden,Intro: Churchill's Speech / Aces High,1985,us,album_bound_track_no_safe_match,18,48,17,1713861150,,false
album_sidecar_track:album|iron maiden|live after death@@1@@12@@@@running free:album_bound_track_no_safe_match:1713861150,apple_music_sidecar_track_album_bound_pass_v1,album|iron maiden|live after death@@1@@12@@@@running free,album_sidecar_track,track,Iron Maiden,Running Free,1985,us,album_bound_track_no_safe_match,10,43,17,1713861150,,false
album_sidecar_track:album|iron maiden|live after death@@1@@2@@@@2 minutes to midnight:album_bound_track_no_safe_match:1713861150,apple_music_sidecar_track_album_bound_pass_v1,album|iron maiden|live after death@@1@@2@@@@2 minutes to midnight,album_sidecar_track,track,Iron Maiden,2 Minutes to Midnight,1985,us,album_bound_track_no_safe_match,18,56,47,1713861150,,false
album_sidecar_track:album|iron maiden|live after death@@1@@8@@@@number of beast:album_bound_track_no_safe_match:1713861150,apple_music_sidecar_track_album_bound_pass_v1,album|iron maiden|live after death@@1@@8@@@@number of beast,album_sidecar_track,track,Iron Maiden,The Number of the Beast,1985,us,album_bound_track_no_safe_match,13,43,25,1713861150,,false
album_sidecar_track:album|isaac hayes|black moses@@1@@8@@@@good love 6 9969:album_bound_track_no_safe_match:1886473322,apple_music_sidecar_track_album_bound_pass_v1,album|isaac hayes|black moses@@1@@8@@@@good love 6 9969,album_sidecar_track,track,Isaac Hayes,Good Love 6-9969,1971,us,album_bound_track_no_safe_match,1,57,,1886473322,,false
album_sidecar_track:album|j dilla|donuts@@1@@4@@@@light my fire:album_bound_track_no_safe_match:108233171,apple_music_sidecar_track_album_bound_pass_v1,album|j dilla|donuts@@1@@4@@@@light my fire,album_sidecar_track,track,J Dilla,Light My Fire,2006,us,album_bound_track_no_safe_match,1,59,,108233171,,false
album_sidecar_track:album|jackson 5|diana ross presents the jackson 5@@1@@8@@@@who s lovin you:album_bound_track_no_safe_match:1443221837,apple_music_sidecar_track_album_bound_pass_v1,album|jackson 5|diana ross presents the jackson 5@@1@@8@@@@who s lovin you,album_sidecar_track,track,Jackson 5,Who's Lovin' You,1969,us,album_bound_track_no_safe_match,1,53,,1443221837,,false
album_sidecar_track:album|james brown|live at the apollo@@1@@1@@@@i ll go crazy:album_bound_track_no_safe_match:1445669062,apple_music_sidecar_track_album_bound_pass_v1,album|james brown|live at the apollo@@1@@1@@@@i ll go crazy,album_sidecar_track,track,James Brown,I’ll Go Crazy,1963,us,album_bound_track_no_safe_match,11,48,47,1445669062,,false
album_sidecar_track:album|james brown|live at the apollo@@1@@10@@@@i want you so bad:album_bound_track_no_safe_match:1445669062,apple_music_sidecar_track_album_bound_pass_v1,album|james brown|live at the apollo@@1@@10@@@@i want you so bad,album_sidecar_track,track,James Brown,I Want You So Bad,1963,us,album_bound_track_no_safe_match,11,43,19,1445669062,,false
album_sidecar_track:album|james brown|live at the apollo@@1@@11@@@@i love you yes i do:album_bound_track_no_safe_match:1445669062,apple_music_sidecar_track_album_bound_pass_v1,album|james brown|live at the apollo@@1@@11@@@@i love you yes i do,album_sidecar_track,track,James Brown,I Love You Yes I Do,1963,us,album_bound_track_no_safe_match,11,43,22,1445669062,,false
album_sidecar_track:album|james brown|live at the apollo@@1@@12@@@@why does everything happen to me:album_bound_track_no_safe_match:1445669062,apple_music_sidecar_track_album_bound_pass_v1,album|james brown|live at the apollo@@1@@12@@@@why does everything happen to me,album_sidecar_track,track,James Brown,Why Does Everything Happen to Me,1963,us,album_bound_track_no_safe_match,11,13,12,1445669062,,false
album_sidecar_track:album|james brown|live at the apollo@@1@@13@@@@bewildered:album_bound_track_no_safe_match:1445669062,apple_music_sidecar_track_album_bound_pass_v1,album|james brown|live at the apollo@@1@@13@@@@bewildered,album_sidecar_track,track,James Brown,Bewildered,1963,us,album_bound_track_no_safe_match,11,12,11,1445669062,,false
album_sidecar_track:album|james brown|live at the apollo@@1@@14@@@@please please please 2:album_bound_track_no_safe_match:1445669062,apple_music_sidecar_track_album_bound_pass_v1,album|james brown|live at the apollo@@1@@14@@@@please please please 2,album_sidecar_track,track,James Brown,Please Please Please #2,1963,us,album_bound_track_no_safe_match,11,14,12,1445669062,,false
album_sidecar_track:album|james brown|live at the apollo@@1@@15@@@@night train closing:album_bound_track_no_safe_match:1445669062,apple_music_sidecar_track_album_bound_pass_v1,album|james brown|live at the apollo@@1@@15@@@@night train closing,album_sidecar_track,track,James Brown,"Night Train, Closing",1963,us,album_bound_track_no_safe_match,11,21,12,1445669062,,false
album_sidecar_track:album|james brown|live at the apollo@@1@@2@@@@try me:album_bound_track_no_safe_match:1445669062,apple_music_sidecar_track_album_bound_pass_v1,album|james brown|live at the apollo@@1@@2@@@@try me,album_sidecar_track,track,James Brown,Try Me,1963,us,album_bound_track_no_safe_match,11,60,57,1445669062,,false
album_sidecar_track:album|james brown|live at the apollo@@1@@3@@@@think:album_bound_track_no_safe_match:1445669062,apple_music_sidecar_track_album_bound_pass_v1,album|james brown|live at the apollo@@1@@3@@@@think,album_sidecar_track,track,James Brown,Think,1963,us,album_bound_track_no_safe_match,11,54,51,1445669062,,false
album_sidecar_track:album|james brown|live at the apollo@@1@@4@@@@i don t mind:album_bound_track_no_safe_match:1445669062,apple_music_sidecar_track_album_bound_pass_v1,album|james brown|live at the apollo@@1@@4@@@@i don t mind,album_sidecar_track,track,James Brown,I Don’t Mind,1963,us,album_bound_track_no_safe_match,11,53,45,1445669062,,false
album_sidecar_track:album|james brown|live at the apollo@@1@@5@@@@lost someone:album_bound_track_no_safe_match:1445669062,apple_music_sidecar_track_album_bound_pass_v1,album|james brown|live at the apollo@@1@@5@@@@lost someone,album_sidecar_track,track,James Brown,Lost Someone,1963,us,album_bound_track_no_safe_match,11,53,44,1445669062,,false
album_sidecar_track:album|james brown|live at the apollo@@1@@6@@@@please please please:album_bound_track_no_safe_match:1445669062,apple_music_sidecar_track_album_bound_pass_v1,album|james brown|live at the apollo@@1@@6@@@@please please please,album_sidecar_track,track,James Brown,Please Please Please,1963,us,album_bound_track_no_safe_match,11,53,31,1445669062,,false
album_sidecar_track:album|james brown|live at the apollo@@1@@7@@@@you ve got power:album_bound_track_no_safe_match:1445669062,apple_music_sidecar_track_album_bound_pass_v1,album|james brown|live at the apollo@@1@@7@@@@you ve got power,album_sidecar_track,track,James Brown,You’ve Got the Power,1963,us,album_bound_track_no_safe_match,11,43,31,1445669062,,false
album_sidecar_track:album|james brown|live at the apollo@@1@@8@@@@i found someone:album_bound_track_no_safe_match:1445669062,apple_music_sidecar_track_album_bound_pass_v1,album|james brown|live at the apollo@@1@@8@@@@i found someone,album_sidecar_track,track,James Brown,I Found Someone,1963,us,album_bound_track_no_safe_match,11,48,31,1445669062,,false
album_sidecar_track:album|james brown|live at the apollo@@1@@9@@@@why you do me:album_bound_track_no_safe_match:1445669062,apple_music_sidecar_track_album_bound_pass_v1,album|james brown|live at the apollo@@1@@9@@@@why you do me,album_sidecar_track,track,James Brown,Why You Do Me,1963,us,album_bound_track_no_safe_match,11,43,19,1445669062,,false
album_sidecar_track:album|james brown|payback@@2@@4@@@@mind power:album_bound_track_no_safe_match:1440814785,apple_music_sidecar_track_album_bound_pass_v1,album|james brown|payback@@2@@4@@@@mind power,album_sidecar_track,track,James Brown,Mind Power,1973,us,album_bound_track_no_safe_match,1,51,,1440814785,,false
album_sidecar_track:album|james brown|sex machine@@1@@1@@@@it s too funky in here:album_bound_track_no_safe_match:1442983352,apple_music_sidecar_track_album_bound_pass_v1,album|james brown|sex machine@@1@@1@@@@it s too funky in here,album_sidecar_track,track,James Brown,It’s Too Funky in Here,1970,us,album_bound_track_no_safe_match,15,48,16,1442983352,,false
album_sidecar_track:album|james brown|sex machine@@1@@2@@@@doin it to death:album_bound_track_no_safe_match:1442983352,apple_music_sidecar_track_album_bound_pass_v1,album|james brown|sex machine@@1@@2@@@@doin it to death,album_sidecar_track,track,James Brown,Doin’ It to Death,1970,us,album_bound_track_no_safe_match,15,47,21,1442983352,,false
album_sidecar_track:album|james brown|sex machine@@1@@3@@@@try me:album_bound_track_no_safe_match:1442983352,apple_music_sidecar_track_album_bound_pass_v1,album|james brown|sex machine@@1@@3@@@@try me,album_sidecar_track,track,James Brown,Try Me,1970,us,album_bound_track_no_safe_match,15,46,12,1442983352,,false
album_sidecar_track:album|james brown|sex machine@@1@@4@@@@prisoner of love:album_bound_track_no_safe_match:1442983352,apple_music_sidecar_track_album_bound_pass_v1,album|james brown|sex machine@@1@@4@@@@prisoner of love,album_sidecar_track,track,James Brown,Prisoner of Love,1970,us,album_bound_track_no_safe_match,15,45,17,1442983352,,false
album_sidecar_track:album|james brown|sex machine@@1@@5@@@@georgia on my mind:album_bound_track_no_safe_match:1442983352,apple_music_sidecar_track_album_bound_pass_v1,album|james brown|sex machine@@1@@5@@@@georgia on my mind,album_sidecar_track,track,James Brown,Georgia on My Mind,1970,us,album_bound_track_no_safe_match,15,44,17,1442983352,,false
album_sidecar_track:album|james brown|sex machine@@1@@6@@@@super bad disco rap:album_bound_track_no_safe_match:1442983352,apple_music_sidecar_track_album_bound_pass_v1,album|james brown|sex machine@@1@@6@@@@super bad disco rap,album_sidecar_track,track,James Brown,Super Bad – Disco Rap,1970,us,album_bound_track_no_safe_match,15,48,16,1442983352,,false
album_sidecar_track:album|james brown|sex machine@@1@@7@@@@get up i feel like being a sex machine:album_bound_track_no_safe_match:1442983352,apple_music_sidecar_track_album_bound_pass_v1,album|james brown|sex machine@@1@@7@@@@get up i feel like being a sex machine,album_sidecar_track,track,James Brown,Get Up (I Feel Like Being a) Sex Machine,1970,us,album_bound_track_no_safe_match,15,43,36,1442983352,,false
album_sidecar_track:album|james brown|sex machine@@1@@8@@@@please please please:album_bound_track_no_safe_match:1442983352,apple_music_sidecar_track_album_bound_pass_v1,album|james brown|sex machine@@1@@8@@@@please please please,album_sidecar_track,track,James Brown,"Please, Please, Please",1970,us,album_bound_track_no_safe_match,15,48,43,1442983352,,false
album_sidecar_track:album|james white and the blacks|off white@@1@@4@@@@almost black part 1:album_bound_track_no_safe_match:258293474,apple_music_sidecar_track_album_bound_pass_v1,album|james white and the blacks|off white@@1@@4@@@@almost black part 1,album_sidecar_track,track,James White and the Blacks,"Almost Black, Part 1",1979,us,album_bound_track_no_safe_match,10,11,8,258293474,,false
album_sidecar_track:album|james white and the blacks|off white@@1@@7@@@@almost black part 2:album_bound_track_no_safe_match:258293474,apple_music_sidecar_track_album_bound_pass_v1,album|james white and the blacks|off white@@1@@7@@@@almost black part 2,album_sidecar_track,track,James White and the Blacks,"Almost Black, Part 2",1979,us,album_bound_track_no_safe_match,9,17,11,258293474,,false
album_sidecar_track:album|jan and dean|dead man s curve the new girl in school@@1@@11@@@@it s easy as 1 2 3:album_bound_track_no_safe_match:721245380,apple_music_sidecar_track_album_bound_pass_v1,album|jan and dean|dead man s curve the new girl in school@@1@@11@@@@it s easy as 1 2 3,album_sidecar_track,track,Jan and Dean,"It's Easy as 1, 2, 3",1964,us,album_bound_track_no_safe_match,1,57,,721245380,,false
album_sidecar_track:album|janet jackson|janet@@1@@1@@@@say you do:album_bound_track_no_safe_match:1388413681,apple_music_sidecar_track_album_bound_pass_v1,album|janet jackson|janet@@1@@1@@@@say you do,album_sidecar_track,track,Janet Jackson,Say You Do,1993,us,album_bound_track_no_safe_match,28,48,21,1388413681,,false
album_sidecar_track:album|janet jackson|janet@@1@@2@@@@you ll never find a love like mine:album_bound_track_no_safe_match:1388413681,apple_music_sidecar_track_album_bound_pass_v1,album|janet jackson|janet@@1@@2@@@@you ll never find a love like mine,album_sidecar_track,track,Janet Jackson,You'll Never Find (A Love Like Mine),1993,us,album_bound_track_no_safe_match,28,52,21,1388413681,,false
album_sidecar_track:album|janet jackson|janet@@1@@3@@@@young love:album_bound_track_no_safe_match:1388413681,apple_music_sidecar_track_album_bound_pass_v1,album|janet jackson|janet@@1@@3@@@@young love,album_sidecar_track,track,Janet Jackson,Young Love,1993,us,album_bound_track_no_safe_match,28,46,21,1388413681,,false
album_sidecar_track:album|janet jackson|janet@@1@@4@@@@love and my best friend:album_bound_track_no_safe_match:1388413681,apple_music_sidecar_track_album_bound_pass_v1,album|janet jackson|janet@@1@@4@@@@love and my best friend,album_sidecar_track,track,Janet Jackson,Love and My Best Friend,1993,us,album_bound_track_no_safe_match,28,50,17,1388413681,,false
album_sidecar_track:album|janet jackson|janet@@1@@5@@@@don t mess up this good thing:album_bound_track_no_safe_match:1388413681,apple_music_sidecar_track_album_bound_pass_v1,album|janet jackson|janet@@1@@5@@@@don t mess up this good thing,album_sidecar_track,track,Janet Jackson,Don't Mess Up This Good Thing,1993,us,album_bound_track_no_safe_match,28,44,17,1388413681,,false
album_sidecar_track:album|janet jackson|janet@@1@@6@@@@forever yours:album_bound_track_no_safe_match:1388413681,apple_music_sidecar_track_album_bound_pass_v1,album|janet jackson|janet@@1@@6@@@@forever yours,album_sidecar_track,track,Janet Jackson,Forever Yours,1993,us,album_bound_track_no_safe_match,28,48,21,1388413681,,false
album_sidecar_track:album|janet jackson|janet@@1@@7@@@@magic is working:album_bound_track_no_safe_match:1388413681,apple_music_sidecar_track_album_bound_pass_v1,album|janet jackson|janet@@1@@7@@@@magic is working,album_sidecar_track,track,Janet Jackson,The Magic Is Working,1993,us,album_bound_track_no_safe_match,28,43,21,1388413681,,false
album_sidecar_track:album|janet jackson|janet@@1@@8@@@@come give your love to me:album_bound_track_no_safe_match:1388413681,apple_music_sidecar_track_album_bound_pass_v1,album|janet jackson|janet@@1@@8@@@@come give your love to me,album_sidecar_track,track,Janet Jackson,Come Give Your Love to Me,1993,us,album_bound_track_no_safe_match,28,43,23,1388413681,,false
album_sidecar_track:album|jay z|blueprint@@1@@13@@@@blueprint momma loves me breathe easy lyrical exercise girls girls girls part 2:album_bound_track_no_safe_match:1440935272,apple_music_sidecar_track_album_bound_pass_v1,album|jay z|blueprint@@1@@13@@@@blueprint momma loves me breathe easy lyrical exercise girls girls girls part 2,album_sidecar_track,track,Jay-Z,"Blueprint (Momma Loves Me) / Breathe Easy (Lyrical Exercise) / Girls, Girls, Girls (Part 2)",2001,us,album_bound_track_no_safe_match,3,67,31,1440935272,,false
album_sidecar_track:album|jay z|vol 2 hard knock life@@2@@1@@@@dj clue snippets:album_bound_track_no_safe_match:1440914180,apple_music_sidecar_track_album_bound_pass_v1,album|jay z|vol 2 hard knock life@@2@@1@@@@dj clue snippets,album_sidecar_track,track,Jay-Z,DJ Clue Snippets,1998,us,album_bound_track_no_safe_match,0,0,,1440914180,,false
album_sidecar_track:album|jay z|vol 2 hard knock life@@2@@2@@@@cru love:album_bound_track_no_safe_match:1440914180,apple_music_sidecar_track_album_bound_pass_v1,album|jay z|vol 2 hard knock life@@2@@2@@@@cru love,album_sidecar_track,track,Jay-Z,Cru Love,1998,us,album_bound_track_no_safe_match,0,0,,1440914180,,false
album_sidecar_track:album|jay z|vol 2 hard knock life@@2@@3@@@@respect:album_bound_track_no_safe_match:1440914180,apple_music_sidecar_track_album_bound_pass_v1,album|jay z|vol 2 hard knock life@@2@@3@@@@respect,album_sidecar_track,track,Jay-Z,Respect,1998,us,album_bound_track_no_safe_match,0,0,,1440914180,,false
album_sidecar_track:album|jay z|vol 2 hard knock life@@2@@4@@@@are you ready sweaty:album_bound_track_no_safe_match:1440914180,apple_music_sidecar_track_album_bound_pass_v1,album|jay z|vol 2 hard knock life@@2@@4@@@@are you ready sweaty,album_sidecar_track,track,Jay-Z,Are You Ready (Sweaty),1998,us,album_bound_track_no_safe_match,0,0,,1440914180,,false
album_sidecar_track:album|jay z|vol 2 hard knock life@@2@@5@@@@can i live:album_bound_track_no_safe_match:1440914180,apple_music_sidecar_track_album_bound_pass_v1,album|jay z|vol 2 hard knock life@@2@@5@@@@can i live,album_sidecar_track,track,Jay-Z,Can I Live,1998,us,album_bound_track_no_safe_match,0,0,,1440914180,,false
album_sidecar_track:album|jay z|vol 2 hard knock life@@2@@6@@@@beanie sigel freestyle:album_bound_track_no_safe_match:1440914180,apple_music_sidecar_track_album_bound_pass_v1,album|jay z|vol 2 hard knock life@@2@@6@@@@beanie sigel freestyle,album_sidecar_track,track,Jay-Z,Beanie Sigel Freestyle,1998,us,album_bound_track_no_safe_match,0,0,,1440914180,,false
album_sidecar_track:album|jay z|vol 2 hard knock life@@2@@7@@@@things groupies say skit:album_bound_track_no_safe_match:1440914180,apple_music_sidecar_track_album_bound_pass_v1,album|jay z|vol 2 hard knock life@@2@@7@@@@things groupies say skit,album_sidecar_track,track,Jay-Z,Things Groupies Say (skit),1998,us,album_bound_track_no_safe_match,0,0,,1440914180,,false
album_sidecar_track:album|jay z|vol 2 hard knock life@@2@@8@@@@pain in da ass outro:album_bound_track_no_safe_match:1440914180,apple_music_sidecar_track_album_bound_pass_v1,album|jay z|vol 2 hard knock life@@2@@8@@@@pain in da ass outro,album_sidecar_track,track,Jay-Z,Pain in da Ass (outro),1998,us,album_bound_track_no_safe_match,0,0,,1440914180,,false
album_sidecar_track:album|jean michel jarre|oxygene@@1@@1@@@@oxygene part i:album_bound_track_no_safe_match:1719812323,apple_music_sidecar_track_album_bound_pass_v1,album|jean michel jarre|oxygene@@1@@1@@@@oxygene part i,album_sidecar_track,track,Jean-Michel Jarre,"Oxygène, Part I",1976,us,album_bound_track_no_safe_match,6,62,21,1719812323,,false
album_sidecar_track:album|jean michel jarre|oxygene@@1@@2@@@@oxygene part ii:album_bound_track_no_safe_match:1719812323,apple_music_sidecar_track_album_bound_pass_v1,album|jean michel jarre|oxygene@@1@@2@@@@oxygene part ii,album_sidecar_track,track,Jean-Michel Jarre,"Oxygène, Part II",1976,us,album_bound_track_no_safe_match,6,47,12,1719812323,,false
album_sidecar_track:album|jean michel jarre|oxygene@@1@@3@@@@oxygene part iii:album_bound_track_no_safe_match:1719812323,apple_music_sidecar_track_album_bound_pass_v1,album|jean michel jarre|oxygene@@1@@3@@@@oxygene part iii,album_sidecar_track,track,Jean-Michel Jarre,"Oxygène, Part III",1976,us,album_bound_track_no_safe_match,6,51,12,1719812323,,false
album_sidecar_track:album|jean michel jarre|oxygene@@1@@4@@@@oxygene part iv:album_bound_track_no_safe_match:1719812323,apple_music_sidecar_track_album_bound_pass_v1,album|jean michel jarre|oxygene@@1@@4@@@@oxygene part iv,album_sidecar_track,track,Jean-Michel Jarre,"Oxygène, Part IV",1976,us,album_bound_track_no_safe_match,6,50,12,1719812323,,false
album_sidecar_track:album|jean michel jarre|oxygene@@1@@5@@@@oxygene part v:album_bound_track_no_safe_match:1719812323,apple_music_sidecar_track_album_bound_pass_v1,album|jean michel jarre|oxygene@@1@@5@@@@oxygene part v,album_sidecar_track,track,Jean-Michel Jarre,"Oxygène, Part V",1976,us,album_bound_track_no_safe_match,6,44,12,1719812323,,false
album_sidecar_track:album|jean michel jarre|oxygene@@1@@6@@@@oxygene part vi:album_bound_track_no_safe_match:1719812323,apple_music_sidecar_track_album_bound_pass_v1,album|jean michel jarre|oxygene@@1@@6@@@@oxygene part vi,album_sidecar_track,track,Jean-Michel Jarre,"Oxygène, Part VI",1976,us,album_bound_track_no_safe_match,6,43,12,1719812323,,false
album_sidecar_track:album|jellyfish|bellybutton@@1@@6@@@@all i want is everything:album_bound_track_no_safe_match:723693536,apple_music_sidecar_track_album_bound_pass_v1,album|jellyfish|bellybutton@@1@@6@@@@all i want is everything,album_sidecar_track,track,Jellyfish,All I Want Is Everything,1990,us,album_bound_track_no_safe_match,1,57,,723693536,,false
album_sidecar_track:album|jerry jeff walker|viva terlingua@@1@@7@@@@backsliders wine:album_bound_track_no_safe_match:1444063123,apple_music_sidecar_track_album_bound_pass_v1,album|jerry jeff walker|viva terlingua@@1@@7@@@@backsliders wine,album_sidecar_track,track,Jerry Jeff Walker,Backsliders Wine,1973,us,album_bound_track_no_safe_match,1,57,,1444063123,,false
album_sidecar_track:album|jerry lee lewis|jerry lee s greatest@@1@@3@@@@country music is here to stay:album_bound_track_no_safe_match:1890334969,apple_music_sidecar_track_album_bound_pass_v1,album|jerry lee lewis|jerry lee s greatest@@1@@3@@@@country music is here to stay,album_sidecar_track,track,Jerry Lee Lewis,Country Music Is Here To Stay,1959,us,album_bound_track_no_safe_match,3,60,12,1890334969,,false
album_sidecar_track:album|jerry lee lewis|jerry lee s greatest@@1@@9@@@@breakup:album_bound_track_no_safe_match:1890334969,apple_music_sidecar_track_album_bound_pass_v1,album|jerry lee lewis|jerry lee s greatest@@1@@9@@@@breakup,album_sidecar_track,track,Jerry Lee Lewis,Breakup,1959,us,album_bound_track_no_safe_match,2,23,15,1890334969,,false
album_sidecar_track:album|jesus culture|your love never fails@@1@@8@@@@where you go i ll go jesus culture version:album_bound_track_no_safe_match:1440830801,apple_music_sidecar_track_album_bound_pass_v1,album|jesus culture|your love never fails@@1@@8@@@@where you go i ll go jesus culture version,album_sidecar_track,track,Jesus Culture,Where You Go I'll Go (Jesus Culture version),2008,us,album_bound_track_no_safe_match,2,57,7,1440830801,,false
album_sidecar_track:album|jesus lizard|goat@@1@@9@@@@rodeo in joliet:album_bound_track_no_safe_match:1120152897,apple_music_sidecar_track_album_bound_pass_v1,album|jesus lizard|goat@@1@@9@@@@rodeo in joliet,album_sidecar_track,track,The Jesus Lizard,Rodeo in Joliet,1991,us,album_bound_track_no_safe_match,6,57,12,1120152897,,false
album_sidecar_track:album|jet|get born@@1@@14@@@@sgt major:album_bound_track_no_safe_match:1778047969,apple_music_sidecar_track_album_bound_pass_v1,album|jet|get born@@1@@14@@@@sgt major,album_sidecar_track,track,Jet,Sgt. Major,2003,us,album_bound_track_no_safe_match,0,0,,1778047969,,false
album_sidecar_track:album|jet|get born@@2@@1@@@@are you gonna be my girl acoustic version:album_bound_track_no_safe_match:1778047969,apple_music_sidecar_track_album_bound_pass_v1,album|jet|get born@@2@@1@@@@are you gonna be my girl acoustic version,album_sidecar_track,track,Jet,Are You Gonna Be My Girl (acoustic version),2003,us,album_bound_track_no_safe_match,0,0,,1778047969,,false
album_sidecar_track:album|jet|get born@@2@@2@@@@bruises demo:album_bound_track_no_safe_match:1778047969,apple_music_sidecar_track_album_bound_pass_v1,album|jet|get born@@2@@2@@@@bruises demo,album_sidecar_track,track,Jet,Bruises (demo),2003,us,album_bound_track_no_safe_match,0,0,,1778047969,,false
album_sidecar_track:album|jet|get born@@2@@3@@@@hey kids:album_bound_track_no_safe_match:1778047969,apple_music_sidecar_track_album_bound_pass_v1,album|jet|get born@@2@@3@@@@hey kids,album_sidecar_track,track,Jet,Hey Kids,2003,us,album_bound_track_no_safe_match,0,0,,1778047969,,false
album_sidecar_track:album|jet|get born@@2@@4@@@@move on live:album_bound_track_no_safe_match:1778047969,apple_music_sidecar_track_album_bound_pass_v1,album|jet|get born@@2@@4@@@@move on live,album_sidecar_track,track,Jet,Move On (live),2003,us,album_bound_track_no_safe_match,0,0,,1778047969,,false
album_sidecar_track:album|jet|get born@@2@@5@@@@cold hard bitch live:album_bound_track_no_safe_match:1778047969,apple_music_sidecar_track_album_bound_pass_v1,album|jet|get born@@2@@5@@@@cold hard bitch live,album_sidecar_track,track,Jet,Cold Hard Bitch (live),2003,us,album_bound_track_no_safe_match,0,0,,1778047969,,false
album_sidecar_track:album|jet|get born@@2@@6@@@@you don t look same demo:album_bound_track_no_safe_match:1778047969,apple_music_sidecar_track_album_bound_pass_v1,album|jet|get born@@2@@6@@@@you don t look same demo,album_sidecar_track,track,Jet,You Don’t Look the Same (demo),2003,us,album_bound_track_no_safe_match,0,0,,1778047969,,false
album_sidecar_track:album|jet|get born@@2@@7@@@@look what you ve done live:album_bound_track_no_safe_match:1778047969,apple_music_sidecar_track_album_bound_pass_v1,album|jet|get born@@2@@7@@@@look what you ve done live,album_sidecar_track,track,Jet,Look What You’ve Done (live),2003,us,album_bound_track_no_safe_match,0,0,,1778047969,,false
album_sidecar_track:album|jethro tull|thick as a brick@@1@@1@@@@thick as a brick part 1:album_bound_track_no_safe_match:1006839794,apple_music_sidecar_track_album_bound_pass_v1,album|jethro tull|thick as a brick@@1@@1@@@@thick as a brick part 1,album_sidecar_track,track,Jethro Tull,"Thick as a Brick, Part 1",1972,us,album_bound_track_no_safe_match,8,48,11,1006839794,,false
album_sidecar_track:album|jethro tull|thick as a brick@@1@@2@@@@thick as a brick part 2:album_bound_track_no_safe_match:1006839794,apple_music_sidecar_track_album_bound_pass_v1,album|jethro tull|thick as a brick@@1@@2@@@@thick as a brick part 2,album_sidecar_track,track,Jethro Tull,"Thick as a Brick, Part 2",1972,us,album_bound_track_no_safe_match,8,47,12,1006839794,,false
album_sidecar_track:album|jill scott|who is jill scott words and sounds vol 1@@1@@18@@@@silence:album_bound_track_no_safe_match:1416153023,apple_music_sidecar_track_album_bound_pass_v1,album|jill scott|who is jill scott words and sounds vol 1@@1@@18@@@@silence,album_sidecar_track,track,Jill Scott,[silence],2000,us,album_bound_track_no_safe_match,2,43,7,1416153023,,false
album_sidecar_track:album|jill scott|who is jill scott words and sounds vol 1@@1@@19@@@@silence:album_bound_track_no_safe_match:1416153023,apple_music_sidecar_track_album_bound_pass_v1,album|jill scott|who is jill scott words and sounds vol 1@@1@@19@@@@silence,album_sidecar_track,track,Jill Scott,[silence],2000,us,album_bound_track_no_safe_match,2,43,7,1416153023,,false
album_sidecar_track:album|jill scott|who is jill scott words and sounds vol 1@@1@@20@@@@silence:album_bound_track_no_safe_match:1416153023,apple_music_sidecar_track_album_bound_pass_v1,album|jill scott|who is jill scott words and sounds vol 1@@1@@20@@@@silence,album_sidecar_track,track,Jill Scott,[silence],2000,us,album_bound_track_no_safe_match,2,7,7,1416153023,,false
album_sidecar_track:album|jill scott|who is jill scott words and sounds vol 1@@1@@21@@@@silence:album_bound_track_no_safe_match:1416153023,apple_music_sidecar_track_album_bound_pass_v1,album|jill scott|who is jill scott words and sounds vol 1@@1@@21@@@@silence,album_sidecar_track,track,Jill Scott,[silence],2000,us,album_bound_track_no_safe_match,2,7,7,1416153023,,false
album_sidecar_track:album|jill scott|who is jill scott words and sounds vol 1@@1@@22@@@@silence:album_bound_track_no_safe_match:1416153023,apple_music_sidecar_track_album_bound_pass_v1,album|jill scott|who is jill scott words and sounds vol 1@@1@@22@@@@silence,album_sidecar_track,track,Jill Scott,[silence],2000,us,album_bound_track_no_safe_match,2,7,7,1416153023,,false
album_sidecar_track:album|jill scott|who is jill scott words and sounds vol 1@@1@@23@@@@silence:album_bound_track_no_safe_match:1416153023,apple_music_sidecar_track_album_bound_pass_v1,album|jill scott|who is jill scott words and sounds vol 1@@1@@23@@@@silence,album_sidecar_track,track,Jill Scott,[silence],2000,us,album_bound_track_no_safe_match,2,7,7,1416153023,,false
album_sidecar_track:album|jill scott|who is jill scott words and sounds vol 1@@1@@24@@@@silence:album_bound_track_no_safe_match:1416153023,apple_music_sidecar_track_album_bound_pass_v1,album|jill scott|who is jill scott words and sounds vol 1@@1@@24@@@@silence,album_sidecar_track,track,Jill Scott,[silence],2000,us,album_bound_track_no_safe_match,2,7,7,1416153023,,false
album_sidecar_track:album|jill scott|who is jill scott words and sounds vol 1@@1@@25@@@@silence:album_bound_track_no_safe_match:1416153023,apple_music_sidecar_track_album_bound_pass_v1,album|jill scott|who is jill scott words and sounds vol 1@@1@@25@@@@silence,album_sidecar_track,track,Jill Scott,[silence],2000,us,album_bound_track_no_safe_match,2,7,7,1416153023,,false
album_sidecar_track:album|jill scott|who is jill scott words and sounds vol 1@@1@@26@@@@silence:album_bound_track_no_safe_match:1416153023,apple_music_sidecar_track_album_bound_pass_v1,album|jill scott|who is jill scott words and sounds vol 1@@1@@26@@@@silence,album_sidecar_track,track,Jill Scott,[silence],2000,us,album_bound_track_no_safe_match,2,7,7,1416153023,,false
album_sidecar_track:album|jill scott|who is jill scott words and sounds vol 1@@1@@27@@@@silence:album_bound_track_no_safe_match:1416153023,apple_music_sidecar_track_album_bound_pass_v1,album|jill scott|who is jill scott words and sounds vol 1@@1@@27@@@@silence,album_sidecar_track,track,Jill Scott,[silence],2000,us,album_bound_track_no_safe_match,2,7,7,1416153023,,false
album_sidecar_track:album|jill scott|who is jill scott words and sounds vol 1@@1@@28@@@@silence:album_bound_track_no_safe_match:1416153023,apple_music_sidecar_track_album_bound_pass_v1,album|jill scott|who is jill scott words and sounds vol 1@@1@@28@@@@silence,album_sidecar_track,track,Jill Scott,[silence],2000,us,album_bound_track_no_safe_match,2,7,7,1416153023,,false
album_sidecar_track:album|jill scott|who is jill scott words and sounds vol 1@@1@@29@@@@silence:album_bound_track_no_safe_match:1416153023,apple_music_sidecar_track_album_bound_pass_v1,album|jill scott|who is jill scott words and sounds vol 1@@1@@29@@@@silence,album_sidecar_track,track,Jill Scott,[silence],2000,us,album_bound_track_no_safe_match,2,7,7,1416153023,,false
album_sidecar_track:album|jill scott|who is jill scott words and sounds vol 1@@1@@30@@@@silence:album_bound_track_no_safe_match:1416153023,apple_music_sidecar_track_album_bound_pass_v1,album|jill scott|who is jill scott words and sounds vol 1@@1@@30@@@@silence,album_sidecar_track,track,Jill Scott,[silence],2000,us,album_bound_track_no_safe_match,2,7,7,1416153023,,false
album_sidecar_track:album|jill scott|who is jill scott words and sounds vol 1@@1@@31@@@@silence:album_bound_track_no_safe_match:1416153023,apple_music_sidecar_track_album_bound_pass_v1,album|jill scott|who is jill scott words and sounds vol 1@@1@@31@@@@silence,album_sidecar_track,track,Jill Scott,[silence],2000,us,album_bound_track_no_safe_match,2,7,7,1416153023,,false
album_sidecar_track:album|jill scott|who is jill scott words and sounds vol 1@@1@@32@@@@silence:album_bound_track_no_safe_match:1416153023,apple_music_sidecar_track_album_bound_pass_v1,album|jill scott|who is jill scott words and sounds vol 1@@1@@32@@@@silence,album_sidecar_track,track,Jill Scott,[silence],2000,us,album_bound_track_no_safe_match,2,7,7,1416153023,,false
album_sidecar_track:album|jill scott|who is jill scott words and sounds vol 1@@1@@33@@@@silence:album_bound_track_no_safe_match:1416153023,apple_music_sidecar_track_album_bound_pass_v1,album|jill scott|who is jill scott words and sounds vol 1@@1@@33@@@@silence,album_sidecar_track,track,Jill Scott,[silence],2000,us,album_bound_track_no_safe_match,2,7,7,1416153023,,false
album_sidecar_track:album|jill scott|who is jill scott words and sounds vol 1@@1@@34@@@@silence:album_bound_track_no_safe_match:1416153023,apple_music_sidecar_track_album_bound_pass_v1,album|jill scott|who is jill scott words and sounds vol 1@@1@@34@@@@silence,album_sidecar_track,track,Jill Scott,[silence],2000,us,album_bound_track_no_safe_match,2,7,7,1416153023,,false
album_sidecar_track:album|jill scott|who is jill scott words and sounds vol 1@@1@@35@@@@silence:album_bound_track_no_safe_match:1416153023,apple_music_sidecar_track_album_bound_pass_v1,album|jill scott|who is jill scott words and sounds vol 1@@1@@35@@@@silence,album_sidecar_track,track,Jill Scott,[silence],2000,us,album_bound_track_no_safe_match,2,7,7,1416153023,,false
album_sidecar_track:album|jill scott|who is jill scott words and sounds vol 1@@1@@36@@@@silence:album_bound_track_no_safe_match:1416153023,apple_music_sidecar_track_album_bound_pass_v1,album|jill scott|who is jill scott words and sounds vol 1@@1@@36@@@@silence,album_sidecar_track,track,Jill Scott,[silence],2000,us,album_bound_track_no_safe_match,2,7,7,1416153023,,false
album_sidecar_track:album|jill scott|who is jill scott words and sounds vol 1@@1@@37@@@@silence:album_bound_track_no_safe_match:1416153023,apple_music_sidecar_track_album_bound_pass_v1,album|jill scott|who is jill scott words and sounds vol 1@@1@@37@@@@silence,album_sidecar_track,track,Jill Scott,[silence],2000,us,album_bound_track_no_safe_match,2,7,7,1416153023,,false
album_sidecar_track:album|jill scott|who is jill scott words and sounds vol 1@@1@@38@@@@silence:album_bound_track_no_safe_match:1416153023,apple_music_sidecar_track_album_bound_pass_v1,album|jill scott|who is jill scott words and sounds vol 1@@1@@38@@@@silence,album_sidecar_track,track,Jill Scott,[silence],2000,us,album_bound_track_no_safe_match,2,7,7,1416153023,,false
album_sidecar_track:album|jill scott|who is jill scott words and sounds vol 1@@1@@39@@@@silence:album_bound_track_no_safe_match:1416153023,apple_music_sidecar_track_album_bound_pass_v1,album|jill scott|who is jill scott words and sounds vol 1@@1@@39@@@@silence,album_sidecar_track,track,Jill Scott,[silence],2000,us,album_bound_track_no_safe_match,2,7,7,1416153023,,false
album_sidecar_track:album|jill scott|who is jill scott words and sounds vol 1@@1@@40@@@@silence:album_bound_track_no_safe_match:1416153023,apple_music_sidecar_track_album_bound_pass_v1,album|jill scott|who is jill scott words and sounds vol 1@@1@@40@@@@silence,album_sidecar_track,track,Jill Scott,[silence],2000,us,album_bound_track_no_safe_match,2,7,7,1416153023,,false
album_sidecar_track:album|jill scott|who is jill scott words and sounds vol 1@@1@@41@@@@silence:album_bound_track_no_safe_match:1416153023,apple_music_sidecar_track_album_bound_pass_v1,album|jill scott|who is jill scott words and sounds vol 1@@1@@41@@@@silence,album_sidecar_track,track,Jill Scott,[silence],2000,us,album_bound_track_no_safe_match,2,7,7,1416153023,,false
album_sidecar_track:album|jill scott|who is jill scott words and sounds vol 1@@1@@42@@@@silence:album_bound_track_no_safe_match:1416153023,apple_music_sidecar_track_album_bound_pass_v1,album|jill scott|who is jill scott words and sounds vol 1@@1@@42@@@@silence,album_sidecar_track,track,Jill Scott,[silence],2000,us,album_bound_track_no_safe_match,2,7,7,1416153023,,false
album_sidecar_track:album|jill scott|who is jill scott words and sounds vol 1@@1@@43@@@@silence:album_bound_track_no_safe_match:1416153023,apple_music_sidecar_track_album_bound_pass_v1,album|jill scott|who is jill scott words and sounds vol 1@@1@@43@@@@silence,album_sidecar_track,track,Jill Scott,[silence],2000,us,album_bound_track_no_safe_match,2,7,7,1416153023,,false
album_sidecar_track:album|jill scott|who is jill scott words and sounds vol 1@@1@@44@@@@try love rain remix:album_bound_track_no_safe_match:1416153023,apple_music_sidecar_track_album_bound_pass_v1,album|jill scott|who is jill scott words and sounds vol 1@@1@@44@@@@try love rain remix,album_sidecar_track,track,Jill Scott,Try / Love Rain (remix),2000,us,album_bound_track_no_safe_match,2,7,7,1416153023,,false
album_sidecar_track:album|jimi hendrix experience|are you experienced@@1@@10@@@@foxy lady:album_bound_track_no_safe_match:357225315,apple_music_sidecar_track_album_bound_pass_v1,album|jimi hendrix experience|are you experienced@@1@@10@@@@foxy lady,album_sidecar_track,track,The Jimi Hendrix Experience,Foxy Lady,1967,us,album_bound_track_no_safe_match,7,57,21,357225315,,false
album_sidecar_track:album|jimi hendrix experience|electric ladyland@@1@@7@@@@come on part 1:album_bound_track_no_safe_match:357652252,apple_music_sidecar_track_album_bound_pass_v1,album|jimi hendrix experience|electric ladyland@@1@@7@@@@come on part 1,album_sidecar_track,track,The Jimi Hendrix Experience,"Come On, Part 1",1968,us,album_bound_track_no_safe_match,1,57,,357652252,,false
album_sidecar_track:album|joan baez|farewell angelina@@1@@2@@@@daddy you been on my mind:album_bound_track_no_safe_match:712077351,apple_music_sidecar_track_album_bound_pass_v1,album|joan baez|farewell angelina@@1@@2@@@@daddy you been on my mind,album_sidecar_track,track,Joan Baez,"Daddy, You Been on My Mind",1965,us,album_bound_track_no_safe_match,4,61,12,712077351,,false
album_sidecar_track:album|john coltrane|a love supreme@@1@@1@@@@a love supreme part 1 acknowledgement:album_bound_track_no_safe_match:1440713018,apple_music_sidecar_track_album_bound_pass_v1,album|john coltrane|a love supreme@@1@@1@@@@a love supreme part 1 acknowledgement,album_sidecar_track,track,John Coltrane,"A Love Supreme, Part 1: Acknowledgement",1965,us,album_bound_track_no_safe_match,4,62,16,1440713018,,false
album_sidecar_track:album|john coltrane|a love supreme@@1@@2@@@@a love supreme part 2 resolution:album_bound_track_no_safe_match:1440713018,apple_music_sidecar_track_album_bound_pass_v1,album|john coltrane|a love supreme@@1@@2@@@@a love supreme part 2 resolution,album_sidecar_track,track,John Coltrane,"A Love Supreme, Part 2: Resolution",1965,us,album_bound_track_no_safe_match,4,57,17,1440713018,,false
album_sidecar_track:album|john coltrane|a love supreme@@1@@3@@@@a love supreme part 3 pursuance a love supreme part 4 psalm:album_bound_track_no_safe_match:1440713018,apple_music_sidecar_track_album_bound_pass_v1,album|john coltrane|a love supreme@@1@@3@@@@a love supreme part 3 pursuance a love supreme part 4 psalm,album_sidecar_track,track,John Coltrane,"A Love Supreme, Part 3: Pursuance / A Love Supreme, Part 4: Psalm",1965,us,album_bound_track_no_safe_match,4,46,12,1440713018,,false
album_sidecar_track:album|john williams|star wars@@1@@4@@@@desert robot auction:album_bound_track_no_safe_match:1375814280,apple_music_sidecar_track_album_bound_pass_v1,album|john williams|star wars@@1@@4@@@@desert robot auction,album_sidecar_track,track,John Williams,The Desert / The Robot Auction,1977,us,album_bound_track_no_safe_match,7,59,21,1375814280,,false
album_sidecar_track:album|john williams|star wars@@1@@5@@@@ben s death tie fighter attack:album_bound_track_no_safe_match:1375814280,apple_music_sidecar_track_album_bound_pass_v1,album|john williams|star wars@@1@@5@@@@ben s death tie fighter attack,album_sidecar_track,track,John Williams,Ben’s Death / TIE Fighter Attack,1977,us,album_bound_track_no_safe_match,7,54,12,1375814280,,false
album_sidecar_track:album|john williams|star wars@@2@@1@@@@land of sandpeople:album_bound_track_no_safe_match:1375814280,apple_music_sidecar_track_album_bound_pass_v1,album|john williams|star wars@@2@@1@@@@land of sandpeople,album_sidecar_track,track,John Williams,The Land of the Sandpeople,1977,us,album_bound_track_no_safe_match,7,23,21,1375814280,,false
album_sidecar_track:album|john williams|star wars@@2@@2@@@@mouse robot blasting off:album_bound_track_no_safe_match:1375814280,apple_music_sidecar_track_album_bound_pass_v1,album|john williams|star wars@@2@@2@@@@mouse robot blasting off,album_sidecar_track,track,John Williams,Mouse Robot / Blasting Off,1977,us,album_bound_track_no_safe_match,7,21,18,1375814280,,false
album_sidecar_track:album|john williams|star wars@@2@@7@@@@throne room end title:album_bound_track_no_safe_match:1375814280,apple_music_sidecar_track_album_bound_pass_v1,album|john williams|star wars@@2@@7@@@@throne room end title,album_sidecar_track,track,John Williams,The Throne Room / End Title,1977,us,album_bound_track_no_safe_match,5,17,9,1375814280,,false
album_sidecar_track:album|johnny and the hurricanes|red river rock@@1@@2@@@@lazy:album_bound_track_no_safe_match:1563530680,apple_music_sidecar_track_album_bound_pass_v1,album|johnny and the hurricanes|red river rock@@1@@2@@@@lazy,album_sidecar_track,track,Johnny and the Hurricanes,Lazy,1959,us,album_bound_track_no_safe_match,10,66,61,1563530680,,false
album_sidecar_track:album|johnny cash|at folsom prison@@1@@10@@@@dirty old egg sucking dog:album_bound_track_no_safe_match:825516828,apple_music_sidecar_track_album_bound_pass_v1,album|johnny cash|at folsom prison@@1@@10@@@@dirty old egg sucking dog,album_sidecar_track,track,Johnny Cash,Dirty Old Egg-Sucking Dog,1968,us,album_bound_track_no_safe_match,1,57,,825516828,,false
album_sidecar_track:album|johnny cash|fabulous johnny cash@@1@@11@@@@shepard of my heart:album_bound_track_no_safe_match:824805241,apple_music_sidecar_track_album_bound_pass_v1,album|johnny cash|fabulous johnny cash@@1@@11@@@@shepard of my heart,album_sidecar_track,track,Johnny Cash,Shepard of My Heart,1958,us,album_bound_track_no_safe_match,3,57,23,824805241,,false
album_sidecar_track:album|johnny cash|fabulous johnny cash@@1@@12@@@@supper time:album_bound_track_no_safe_match:824805241,apple_music_sidecar_track_album_bound_pass_v1,album|johnny cash|fabulous johnny cash@@1@@12@@@@supper time,album_sidecar_track,track,Johnny Cash,Supper Time,1958,us,album_bound_track_no_safe_match,3,57,9,824805241,,false
album_sidecar_track:album|johnny cash|fabulous johnny cash@@1@@4@@@@troubador:album_bound_track_no_safe_match:824805241,apple_music_sidecar_track_album_bound_pass_v1,album|johnny cash|fabulous johnny cash@@1@@4@@@@troubador,album_sidecar_track,track,Johnny Cash,The Troubador,1958,us,album_bound_track_no_safe_match,3,59,21,824805241,,false
album_sidecar_track:album|josh groban|closer@@1@@14@@@@mi morena:album_bound_track_no_safe_match:986497062,apple_music_sidecar_track_album_bound_pass_v1,album|josh groban|closer@@1@@14@@@@mi morena,album_sidecar_track,track,Josh Groban,Mi Morena,2003,us,album_bound_track_no_safe_match,0,0,,986497062,,false
album_sidecar_track:album|josh groban|closer@@1@@15@@@@she s out of my life:album_bound_track_no_safe_match:986497062,apple_music_sidecar_track_album_bound_pass_v1,album|josh groban|closer@@1@@15@@@@she s out of my life,album_sidecar_track,track,Josh Groban,She's Out of My Life,2003,us,album_bound_track_no_safe_match,0,0,,986497062,,false
album_sidecar_track:album|josh groban|closer@@1@@16@@@@you re only place:album_bound_track_no_safe_match:986497062,apple_music_sidecar_track_album_bound_pass_v1,album|josh groban|closer@@1@@16@@@@you re only place,album_sidecar_track,track,Josh Groban,You're the Only Place,2003,us,album_bound_track_no_safe_match,0,0,,986497062,,false
album_sidecar_track:album|josh groban|closer@@1@@17@@@@my december:album_bound_track_no_safe_match:986497062,apple_music_sidecar_track_album_bound_pass_v1,album|josh groban|closer@@1@@17@@@@my december,album_sidecar_track,track,Josh Groban,My December,2003,us,album_bound_track_no_safe_match,0,0,,986497062,,false
album_sidecar_track:album|juan gabriel|recuerdos ii@@1@@1@@@@juarez es el numero uno:album_bound_track_no_safe_match:404411092,apple_music_sidecar_track_album_bound_pass_v1,album|juan gabriel|recuerdos ii@@1@@1@@@@juarez es el numero uno,album_sidecar_track,track,Juan Gabriel,Juárez es el número uno,1984,us,album_bound_track_no_safe_match,1,62,,404411092,,false
album_sidecar_track:album|judas priest|british steel@@1@@2@@@@rapid fire:album_bound_track_no_safe_match:207346194,apple_music_sidecar_track_album_bound_pass_v1,album|judas priest|british steel@@1@@2@@@@rapid fire,album_sidecar_track,track,Judas Priest,Rapid Fire,1980,us,album_bound_track_no_safe_match,5,66,61,207346194,,false
album_sidecar_track:album|judas priest|british steel@@1@@7@@@@don t have to be old to be wise:album_bound_track_no_safe_match:207346194,apple_music_sidecar_track_album_bound_pass_v1,album|judas priest|british steel@@1@@7@@@@don t have to be old to be wise,album_sidecar_track,track,Judas Priest,Don’t Have to Be Old to Be Wise,1980,us,album_bound_track_no_safe_match,4,45,17,207346194,,false
album_sidecar_track:album|justice|cross@@1@@1@@@@a documentary by justice romain gavras and so me:album_bound_track_no_safe_match:1331418560,apple_music_sidecar_track_album_bound_pass_v1,album|justice|cross@@1@@1@@@@a documentary by justice romain gavras and so me,album_sidecar_track,track,Justice,"A Documentary by Justice, Romain Gavras & So‐Me",2007,us,album_bound_track_no_safe_match,18,48,11,1331418560,,false
album_sidecar_track:album|justice|cross@@2@@15@@@@phantom pt ii:album_bound_track_no_safe_match:1331418560,apple_music_sidecar_track_album_bound_pass_v1,album|justice|cross@@2@@15@@@@phantom pt ii,album_sidecar_track,track,Justice,"Phantom, Pt II",2007,us,album_bound_track_no_safe_match,7,21,10,1331418560,,false
album_sidecar_track:album|justice|cross@@2@@3@@@@phantom pt i:album_bound_track_no_safe_match:1331418560,apple_music_sidecar_track_album_bound_pass_v1,album|justice|cross@@2@@3@@@@phantom pt i,album_sidecar_track,track,Justice,"Phantom, Pt I",2007,us,album_bound_track_no_safe_match,16,24,21,1331418560,,false
album_sidecar_track:album|justice|cross@@2@@4@@@@phantom pt i 5:album_bound_track_no_safe_match:1331418560,apple_music_sidecar_track_album_bound_pass_v1,album|justice|cross@@2@@4@@@@phantom pt i 5,album_sidecar_track,track,Justice,"Phantom, Pt I.5",2007,us,album_bound_track_no_safe_match,16,23,10,1331418560,,false
album_sidecar_track:album|justice|cross@@2@@6@@@@d a n c e pt ii:album_bound_track_no_safe_match:1331418560,apple_music_sidecar_track_album_bound_pass_v1,album|justice|cross@@2@@6@@@@d a n c e pt ii,album_sidecar_track,track,Justice,"D.A.N.C.E., Pt II",2007,us,album_bound_track_no_safe_match,15,21,20,1331418560,,false
album_sidecar_track:album|kaleidoscope|tangerine dream@@1@@9@@@@holidaymaker:album_bound_track_no_safe_match:1443997135,apple_music_sidecar_track_album_bound_pass_v1,album|kaleidoscope|tangerine dream@@1@@9@@@@holidaymaker,album_sidecar_track,track,Kaleidoscope,Holidaymaker,1967,us,album_bound_track_no_safe_match,1,57,,1443997135,,false
album_sidecar_track:album|kathleen edwards|failer@@1@@10@@@@sweet little duck:album_bound_track_no_safe_match:1466258211,apple_music_sidecar_track_album_bound_pass_v1,album|kathleen edwards|failer@@1@@10@@@@sweet little duck,album_sidecar_track,track,Kathleen Edwards,Sweet Little Duck,2003,us,album_bound_track_no_safe_match,1,57,,1466258211,,false
album_sidecar_track:album|katy perry|teenage dream@@1@@13@@@@california gurls passion pit main mix:album_bound_track_no_safe_match:716192216,apple_music_sidecar_track_album_bound_pass_v1,album|katy perry|teenage dream@@1@@13@@@@california gurls passion pit main mix,album_sidecar_track,track,Katy Perry,California Gurls (Passion Pit main mix),2010,us,album_bound_track_no_safe_match,0,0,,716192216,,false
album_sidecar_track:album|katy perry|teenage dream@@1@@14@@@@california gurls mstrkrft main mix:album_bound_track_no_safe_match:716192216,apple_music_sidecar_track_album_bound_pass_v1,album|katy perry|teenage dream@@1@@14@@@@california gurls mstrkrft main mix,album_sidecar_track,track,Katy Perry,California Gurls (Mstrkrft main mix),2010,us,album_bound_track_no_safe_match,0,0,,716192216,,false
album_sidecar_track:album|katy perry|teenage dream@@1@@15@@@@teenage dream kaskade club remix:album_bound_track_no_safe_match:716192216,apple_music_sidecar_track_album_bound_pass_v1,album|katy perry|teenage dream@@1@@15@@@@teenage dream kaskade club remix,album_sidecar_track,track,Katy Perry,Teenage Dream (Kaskade club remix),2010,us,album_bound_track_no_safe_match,0,0,,716192216,,false
album_sidecar_track:album|katy perry|teenage dream@@1@@16@@@@peacock cory enemy and mia moretti vocal club mix:album_bound_track_no_safe_match:716192216,apple_music_sidecar_track_album_bound_pass_v1,album|katy perry|teenage dream@@1@@16@@@@peacock cory enemy and mia moretti vocal club mix,album_sidecar_track,track,Katy Perry,Peacock (Cory Enemy & Mia Moretti vocal club mix),2010,us,album_bound_track_no_safe_match,0,0,,716192216,,false
album_sidecar_track:album|katy perry|teenage dream@@2@@1@@@@teenage dream:album_bound_track_no_safe_match:716192216,apple_music_sidecar_track_album_bound_pass_v1,album|katy perry|teenage dream@@2@@1@@@@teenage dream,album_sidecar_track,track,Katy Perry,Teenage Dream,2010,us,album_bound_track_no_safe_match,0,0,,716192216,,false
album_sidecar_track:album|kc and the sunshine band|kc and the sunshine band@@1@@1@@@@let it go part one:album_bound_track_no_safe_match:814050390,apple_music_sidecar_track_album_bound_pass_v1,album|kc and the sunshine band|kc and the sunshine band@@1@@1@@@@let it go part one,album_sidecar_track,track,KC and the Sunshine Band,"Let It Go, Part One",1975,us,album_bound_track_no_safe_match,2,62,7,814050390,,false
album_sidecar_track:album|kc and the sunshine band|kc and the sunshine band@@1@@9@@@@let it go part two:album_bound_track_no_safe_match:814050390,apple_music_sidecar_track_album_bound_pass_v1,album|kc and the sunshine band|kc and the sunshine band@@1@@9@@@@let it go part two,album_sidecar_track,track,KC and the Sunshine Band,"Let It Go, Part Two",1975,us,album_bound_track_no_safe_match,2,57,12,814050390,,false
album_sidecar_track:album|kendrick lamar|good kid m a a d city@@1@@13@@@@recipe:album_bound_track_no_safe_match:1471263898,apple_music_sidecar_track_album_bound_pass_v1,album|kendrick lamar|good kid m a a d city@@1@@13@@@@recipe,album_sidecar_track,track,Kendrick Lamar,The Recipe,2012,us,album_bound_track_no_safe_match,0,0,,1471263898,,false
album_sidecar_track:album|kendrick lamar|good kid m a a d city@@1@@14@@@@black boy fly:album_bound_track_no_safe_match:1471263898,apple_music_sidecar_track_album_bound_pass_v1,album|kendrick lamar|good kid m a a d city@@1@@14@@@@black boy fly,album_sidecar_track,track,Kendrick Lamar,Black Boy Fly,2012,us,album_bound_track_no_safe_match,0,0,,1471263898,,false
album_sidecar_track:album|kendrick lamar|good kid m a a d city@@1@@15@@@@now or never:album_bound_track_no_safe_match:1471263898,apple_music_sidecar_track_album_bound_pass_v1,album|kendrick lamar|good kid m a a d city@@1@@15@@@@now or never,album_sidecar_track,track,Kendrick Lamar,Now or Never,2012,us,album_bound_track_no_safe_match,0,0,,1471263898,,false
album_sidecar_track:album|kendrick lamar|good kid m a a d city@@1@@16@@@@collect calls:album_bound_track_no_safe_match:1471263898,apple_music_sidecar_track_album_bound_pass_v1,album|kendrick lamar|good kid m a a d city@@1@@16@@@@collect calls,album_sidecar_track,track,Kendrick Lamar,Collect Calls,2012,us,album_bound_track_no_safe_match,0,0,,1471263898,,false
album_sidecar_track:album|kendrick lamar|good kid m a a d city@@1@@17@@@@swimming pools drank:album_bound_track_no_safe_match:1471263898,apple_music_sidecar_track_album_bound_pass_v1,album|kendrick lamar|good kid m a a d city@@1@@17@@@@swimming pools drank,album_sidecar_track,track,Kendrick Lamar,Swimming Pools (Drank),2012,us,album_bound_track_no_safe_match,0,0,,1471263898,,false
album_sidecar_track:album|kendrick lamar|good kid m a a d city@@1@@18@@@@recipe black hippy remix:album_bound_track_no_safe_match:1471263898,apple_music_sidecar_track_album_bound_pass_v1,album|kendrick lamar|good kid m a a d city@@1@@18@@@@recipe black hippy remix,album_sidecar_track,track,Kendrick Lamar,The Recipe (Black Hippy remix),2012,us,album_bound_track_no_safe_match,0,0,,1471263898,,false
album_sidecar_track:album|kendrick lamar|good kid m a a d city@@1@@19@@@@swimming pools black hippy remix:album_bound_track_no_safe_match:1471263898,apple_music_sidecar_track_album_bound_pass_v1,album|kendrick lamar|good kid m a a d city@@1@@19@@@@swimming pools black hippy remix,album_sidecar_track,track,Kendrick Lamar,Swimming Pools (Black Hippy remix),2012,us,album_bound_track_no_safe_match,0,0,,1471263898,,false
album_sidecar_track:album|kenny g|classics in the key of g@@2@@1@@@@jasmine flower:album_bound_track_no_safe_match:271367813,apple_music_sidecar_track_album_bound_pass_v1,album|kenny g|classics in the key of g@@2@@1@@@@jasmine flower,album_sidecar_track,track,Kenny G,Jasmine Flower,1999,us,album_bound_track_no_safe_match,1,12,,271367813,,false
album_sidecar_track:album|kenny g|classics in the key of g@@2@@2@@@@natural ride:album_bound_track_no_safe_match:271367813,apple_music_sidecar_track_album_bound_pass_v1,album|kenny g|classics in the key of g@@2@@2@@@@natural ride,album_sidecar_track,track,Kenny G,Natural Ride,1999,us,album_bound_track_no_safe_match,1,17,,271367813,,false
album_sidecar_track:album|kenny g|classics in the key of g@@2@@3@@@@waiting for you:album_bound_track_no_safe_match:271367813,apple_music_sidecar_track_album_bound_pass_v1,album|kenny g|classics in the key of g@@2@@3@@@@waiting for you,album_sidecar_track,track,Kenny G,Waiting For You,1999,us,album_bound_track_no_safe_match,1,17,,271367813,,false
album_sidecar_track:album|kenny g|duotones@@1@@1@@@@what does it take to win your love:album_bound_track_no_safe_match:299723498,apple_music_sidecar_track_album_bound_pass_v1,album|kenny g|duotones@@1@@1@@@@what does it take to win your love,album_sidecar_track,track,Kenny G,What Does It Take (To Win Your Love),1986,us,album_bound_track_no_safe_match,1,51,,299723498,,false
album_sidecar_track:album|kenny g|duotones@@1@@6@@@@and you know that:album_bound_track_no_safe_match:299723498,apple_music_sidecar_track_album_bound_pass_v1,album|kenny g|duotones@@1@@6@@@@and you know that,album_sidecar_track,track,Kenny G,And You Know That,1986,us,album_bound_track_no_safe_match,1,43,,299723498,,false
album_sidecar_track:album|kesha|animal@@1@@1@@@@animal brownie remix:album_bound_track_no_safe_match:381237317,apple_music_sidecar_track_album_bound_pass_v1,album|kesha|animal@@1@@1@@@@animal brownie remix,album_sidecar_track,track,Kesha,Animal (Brownie remix),2010,us,album_bound_track_no_safe_match,18,57,48,381237317,,false
album_sidecar_track:album|kid laroi|first time@@1@@14@@@@line:album_bound_track_no_safe_match:1895174191,apple_music_sidecar_track_album_bound_pass_v1,album|kid laroi|first time@@1@@14@@@@line,album_sidecar_track,track,The Kid LAROI,THE LINE,2023,us,album_bound_track_no_safe_match,0,0,,1895174191,,false
album_sidecar_track:album|kidz bop|kidz bop@@1@@1@@@@crazy in love:album_bound_track_no_safe_match:1440930066,apple_music_sidecar_track_album_bound_pass_v1,album|kidz bop|kidz bop@@1@@1@@@@crazy in love,album_sidecar_track,track,Kidz Bop,Crazy in Love,2001,us,album_bound_track_no_safe_match,18,58,21,1440930066,,false
album_sidecar_track:album|kidz bop|kidz bop@@1@@10@@@@someday:album_bound_track_no_safe_match:1440930066,apple_music_sidecar_track_album_bound_pass_v1,album|kidz bop|kidz bop@@1@@10@@@@someday,album_sidecar_track,track,Kidz Bop,Someday,2001,us,album_bound_track_no_safe_match,18,43,26,1440930066,,false
album_sidecar_track:album|kidz bop|kidz bop@@1@@11@@@@there s gotta be more to life:album_bound_track_no_safe_match:1440930066,apple_music_sidecar_track_album_bound_pass_v1,album|kidz bop|kidz bop@@1@@11@@@@there s gotta be more to life,album_sidecar_track,track,Kidz Bop,There's Gotta Be (More to Life),2001,us,album_bound_track_no_safe_match,18,43,26,1440930066,,false
album_sidecar_track:album|kidz bop|kidz bop@@1@@12@@@@senorita:album_bound_track_no_safe_match:1440930066,apple_music_sidecar_track_album_bound_pass_v1,album|kidz bop|kidz bop@@1@@12@@@@senorita,album_sidecar_track,track,Kidz Bop,Senorita,2001,us,album_bound_track_no_safe_match,18,48,17,1440930066,,false
album_sidecar_track:album|kidz bop|kidz bop@@1@@13@@@@never leave you uh oooh uh oooh:album_bound_track_no_safe_match:1440930066,apple_music_sidecar_track_album_bound_pass_v1,album|kidz bop|kidz bop@@1@@13@@@@never leave you uh oooh uh oooh,album_sidecar_track,track,Kidz Bop,"Never Leave You (Uh Oooh, Uh Oooh)",2001,us,album_bound_track_no_safe_match,18,43,14,1440930066,,false
album_sidecar_track:album|kidz bop|kidz bop@@1@@14@@@@headstrong:album_bound_track_no_safe_match:1440930066,apple_music_sidecar_track_album_bound_pass_v1,album|kidz bop|kidz bop@@1@@14@@@@headstrong,album_sidecar_track,track,Kidz Bop,Headstrong,2001,us,album_bound_track_no_safe_match,18,53,17,1440930066,,false
album_sidecar_track:album|kidz bop|kidz bop@@1@@15@@@@low:album_bound_track_no_safe_match:1440930066,apple_music_sidecar_track_album_bound_pass_v1,album|kidz bop|kidz bop@@1@@15@@@@low,album_sidecar_track,track,Kidz Bop,Low,2001,us,album_bound_track_no_safe_match,18,43,24,1440930066,,false
album_sidecar_track:album|kidz bop|kidz bop@@1@@16@@@@me against music:album_bound_track_no_safe_match:1440930066,apple_music_sidecar_track_album_bound_pass_v1,album|kidz bop|kidz bop@@1@@16@@@@me against music,album_sidecar_track,track,Kidz Bop,Me Against the Music,2001,us,album_bound_track_no_safe_match,18,48,21,1440930066,,false
album_sidecar_track:album|kidz bop|kidz bop@@1@@17@@@@perfect:album_bound_track_no_safe_match:1440930066,apple_music_sidecar_track_album_bound_pass_v1,album|kidz bop|kidz bop@@1@@17@@@@perfect,album_sidecar_track,track,Kidz Bop,Perfect,2001,us,album_bound_track_no_safe_match,18,43,12,1440930066,,false
album_sidecar_track:album|kidz bop|kidz bop@@1@@18@@@@cinderella:album_bound_track_no_safe_match:1440930066,apple_music_sidecar_track_album_bound_pass_v1,album|kidz bop|kidz bop@@1@@18@@@@cinderella,album_sidecar_track,track,Kidz Bop,Cinderella,2001,us,album_bound_track_no_safe_match,18,53,22,1440930066,,false
album_sidecar_track:album|kidz bop|kidz bop@@1@@2@@@@hey ya:album_bound_track_no_safe_match:1440930066,apple_music_sidecar_track_album_bound_pass_v1,album|kidz bop|kidz bop@@1@@2@@@@hey ya,album_sidecar_track,track,Kidz Bop,Hey Ya!,2001,us,album_bound_track_no_safe_match,18,47,21,1440930066,,false
album_sidecar_track:album|kidz bop|kidz bop@@1@@3@@@@are you happy now:album_bound_track_no_safe_match:1440930066,apple_music_sidecar_track_album_bound_pass_v1,album|kidz bop|kidz bop@@1@@3@@@@are you happy now,album_sidecar_track,track,Kidz Bop,Are You Happy Now?,2001,us,album_bound_track_no_safe_match,18,51,21,1440930066,,false
album_sidecar_track:album|kidz bop|kidz bop@@1@@4@@@@invisible:album_bound_track_no_safe_match:1440930066,apple_music_sidecar_track_album_bound_pass_v1,album|kidz bop|kidz bop@@1@@4@@@@invisible,album_sidecar_track,track,Kidz Bop,Invisible,2001,us,album_bound_track_no_safe_match,18,45,21,1440930066,,false
album_sidecar_track:album|kidz bop|kidz bop@@1@@5@@@@it s my life:album_bound_track_no_safe_match:1440930066,apple_music_sidecar_track_album_bound_pass_v1,album|kidz bop|kidz bop@@1@@5@@@@it s my life,album_sidecar_track,track,Kidz Bop,It's My Life,2001,us,album_bound_track_no_safe_match,18,49,17,1440930066,,false
album_sidecar_track:album|kidz bop|kidz bop@@1@@6@@@@here without you:album_bound_track_no_safe_match:1440930066,apple_music_sidecar_track_album_bound_pass_v1,album|kidz bop|kidz bop@@1@@6@@@@here without you,album_sidecar_track,track,Kidz Bop,Here Without You,2001,us,album_bound_track_no_safe_match,18,48,21,1440930066,,false
album_sidecar_track:album|kidz bop|kidz bop@@1@@7@@@@girls and boys:album_bound_track_no_safe_match:1440930066,apple_music_sidecar_track_album_bound_pass_v1,album|kidz bop|kidz bop@@1@@7@@@@girls and boys,album_sidecar_track,track,Kidz Bop,Girls and Boys,2001,us,album_bound_track_no_safe_match,18,43,19,1440930066,,false
album_sidecar_track:album|kidz bop|kidz bop@@1@@8@@@@so yesterday:album_bound_track_no_safe_match:1440930066,apple_music_sidecar_track_album_bound_pass_v1,album|kidz bop|kidz bop@@1@@8@@@@so yesterday,album_sidecar_track,track,Kidz Bop,So Yesterday,2001,us,album_bound_track_no_safe_match,18,43,21,1440930066,,false
album_sidecar_track:album|kidz bop|kidz bop@@1@@9@@@@why don t you and i:album_bound_track_no_safe_match:1440930066,apple_music_sidecar_track_album_bound_pass_v1,album|kidz bop|kidz bop@@1@@9@@@@why don t you and i,album_sidecar_track,track,Kidz Bop,Why Don't You and I,2001,us,album_bound_track_no_safe_match,18,57,17,1440930066,,false
album_sidecar_track:album|killers|direct hits@@1@@16@@@@mr brightside original demo:album_bound_track_no_safe_match:1440891166,apple_music_sidecar_track_album_bound_pass_v1,album|killers|direct hits@@1@@16@@@@mr brightside original demo,album_sidecar_track,track,The Killers,Mr. Brightside (original demo),2013,us,album_bound_track_no_safe_match,0,0,,1440891166,,false
album_sidecar_track:album|killers|direct hits@@1@@17@@@@when you were young calvin harris remix:album_bound_track_no_safe_match:1440891166,apple_music_sidecar_track_album_bound_pass_v1,album|killers|direct hits@@1@@17@@@@when you were young calvin harris remix,album_sidecar_track,track,The Killers,When You Were Young (Calvin Harris remix),2013,us,album_bound_track_no_safe_match,0,0,,1440891166,,false
album_sidecar_track:album|killers|direct hits@@1@@18@@@@be still:album_bound_track_no_safe_match:1440891166,apple_music_sidecar_track_album_bound_pass_v1,album|killers|direct hits@@1@@18@@@@be still,album_sidecar_track,track,The Killers,Be Still,2013,us,album_bound_track_no_safe_match,0,0,,1440891166,,false
album_sidecar_track:album|killing joke|killing joke@@1@@7@@@@change:album_bound_track_no_safe_match:1698411208,apple_music_sidecar_track_album_bound_pass_v1,album|killing joke|killing joke@@1@@7@@@@change,album_sidecar_track,track,Killing Joke,Change,1980,us,album_bound_track_no_safe_match,7,57,57,1698411208,,false
album_sidecar_track:album|killing joke|killing joke@@1@@9@@@@primitive:album_bound_track_no_safe_match:1698411208,apple_music_sidecar_track_album_bound_pass_v1,album|killing joke|killing joke@@1@@9@@@@primitive,album_sidecar_track,track,Killing Joke,Primitive,1980,us,album_bound_track_no_safe_match,6,57,57,1698411208,,false
album_sidecar_track:album|kirk franklin|god s property@@1@@13@@@@he will take pain away:album_bound_track_no_safe_match:423931465,apple_music_sidecar_track_album_bound_pass_v1,album|kirk franklin|god s property@@1@@13@@@@he will take pain away,album_sidecar_track,track,Kirk Franklin,He Will Take the Pain Away,1997,us,album_bound_track_no_safe_match,2,57,10,423931465,,false
album_sidecar_track:album|kirk franklin|god s property@@1@@3@@@@it s ranin:album_bound_track_no_safe_match:423931465,apple_music_sidecar_track_album_bound_pass_v1,album|kirk franklin|god s property@@1@@3@@@@it s ranin,album_sidecar_track,track,Kirk Franklin,It's Ranin,1997,us,album_bound_track_no_safe_match,2,60,7,423931465,,false
album_sidecar_track:album|kiss|alive@@2@@3@@@@black diamond:album_bound_track_no_safe_match:1853653621,apple_music_sidecar_track_album_bound_pass_v1,album|kiss|alive@@2@@3@@@@black diamond,album_sidecar_track,track,Kiss,Black Diamond,1975,us,album_bound_track_no_safe_match,5,43,12,1853653621,,false
album_sidecar_track:album|kiss|alive@@2@@4@@@@rock bottom:album_bound_track_no_safe_match:1853653621,apple_music_sidecar_track_album_bound_pass_v1,album|kiss|alive@@2@@4@@@@rock bottom,album_sidecar_track,track,Kiss,Rock Bottom,1975,us,album_bound_track_no_safe_match,5,43,7,1853653621,,false
album_sidecar_track:album|kiss|alive@@2@@5@@@@cold gin:album_bound_track_no_safe_match:1853653621,apple_music_sidecar_track_album_bound_pass_v1,album|kiss|alive@@2@@5@@@@cold gin,album_sidecar_track,track,Kiss,Cold Gin,1975,us,album_bound_track_no_safe_match,5,43,12,1853653621,,false
album_sidecar_track:album|kiss|alive@@2@@7@@@@let me go rock and roll:album_bound_track_no_safe_match:1853653621,apple_music_sidecar_track_album_bound_pass_v1,album|kiss|alive@@2@@7@@@@let me go rock and roll,album_sidecar_track,track,Kiss,Let Me Go Rock and Roll,1975,us,album_bound_track_no_safe_match,4,7,7,1853653621,,false
album_sidecar_track:album|kitchens of distinction|strange free world@@1@@5@@@@polaroids:album_bound_track_no_safe_match:1299907534,apple_music_sidecar_track_album_bound_pass_v1,album|kitchens of distinction|strange free world@@1@@5@@@@polaroids,album_sidecar_track,track,Kitchens of Distinction,Polaroids,1991,us,album_bound_track_no_safe_match,1,58,,1299907534,,false
album_sidecar_track:album|kmfdm|nihil@@1@@10@@@@trust nihil:album_bound_track_no_safe_match:413176758,apple_music_sidecar_track_album_bound_pass_v1,album|kmfdm|nihil@@1@@10@@@@trust nihil,album_sidecar_track,track,KMFDM,Trust / Nihil,1995,us,album_bound_track_no_safe_match,3,67,31,413176758,,false
album_sidecar_track:album|kmfdm|nihil@@1@@7@@@@disobedience:album_bound_track_no_safe_match:413176758,apple_music_sidecar_track_album_bound_pass_v1,album|kmfdm|nihil@@1@@7@@@@disobedience,album_sidecar_track,track,KMFDM,Disobedience,1995,us,album_bound_track_no_safe_match,3,57,21,413176758,,false
album_sidecar_track:album|korn|follow the leader@@1@@1@@@@silence:album_bound_track_no_safe_match:1165630592,apple_music_sidecar_track_album_bound_pass_v1,album|korn|follow the leader@@1@@1@@@@silence,album_sidecar_track,track,Korn,[silence],1998,us,album_bound_track_no_safe_match,5,8,7,1165630592,,false
album_sidecar_track:album|korn|follow the leader@@1@@10@@@@silence:album_bound_track_no_safe_match:1165630592,apple_music_sidecar_track_album_bound_pass_v1,album|korn|follow the leader@@1@@10@@@@silence,album_sidecar_track,track,Korn,[silence],1998,us,album_bound_track_no_safe_match,5,8,7,1165630592,,false
album_sidecar_track:album|korn|follow the leader@@1@@11@@@@silence:album_bound_track_no_safe_match:1165630592,apple_music_sidecar_track_album_bound_pass_v1,album|korn|follow the leader@@1@@11@@@@silence,album_sidecar_track,track,Korn,[silence],1998,us,album_bound_track_no_safe_match,5,8,7,1165630592,,false
album_sidecar_track:album|korn|follow the leader@@1@@12@@@@silence:album_bound_track_no_safe_match:1165630592,apple_music_sidecar_track_album_bound_pass_v1,album|korn|follow the leader@@1@@12@@@@silence,album_sidecar_track,track,Korn,[silence],1998,us,album_bound_track_no_safe_match,5,43,8,1165630592,,false
album_sidecar_track:album|korn|follow the leader@@1@@2@@@@silence:album_bound_track_no_safe_match:1165630592,apple_music_sidecar_track_album_bound_pass_v1,album|korn|follow the leader@@1@@2@@@@silence,album_sidecar_track,track,Korn,[silence],1998,us,album_bound_track_no_safe_match,5,8,7,1165630592,,false
album_sidecar_track:album|korn|follow the leader@@1@@25@@@@my gift to you earache my eye:album_bound_track_no_safe_match:1165630592,apple_music_sidecar_track_album_bound_pass_v1,album|korn|follow the leader@@1@@25@@@@my gift to you earache my eye,album_sidecar_track,track,Korn,My Gift to You / Earache My Eye,1998,us,album_bound_track_no_safe_match,2,31,31,1165630592,,false
album_sidecar_track:album|korn|follow the leader@@1@@3@@@@silence:album_bound_track_no_safe_match:1165630592,apple_music_sidecar_track_album_bound_pass_v1,album|korn|follow the leader@@1@@3@@@@silence,album_sidecar_track,track,Korn,[silence],1998,us,album_bound_track_no_safe_match,5,8,7,1165630592,,false
album_sidecar_track:album|korn|follow the leader@@1@@4@@@@silence:album_bound_track_no_safe_match:1165630592,apple_music_sidecar_track_album_bound_pass_v1,album|korn|follow the leader@@1@@4@@@@silence,album_sidecar_track,track,Korn,[silence],1998,us,album_bound_track_no_safe_match,5,8,7,1165630592,,false
album_sidecar_track:album|korn|follow the leader@@1@@5@@@@silence:album_bound_track_no_safe_match:1165630592,apple_music_sidecar_track_album_bound_pass_v1,album|korn|follow the leader@@1@@5@@@@silence,album_sidecar_track,track,Korn,[silence],1998,us,album_bound_track_no_safe_match,5,44,7,1165630592,,false
album_sidecar_track:album|korn|follow the leader@@1@@6@@@@silence:album_bound_track_no_safe_match:1165630592,apple_music_sidecar_track_album_bound_pass_v1,album|korn|follow the leader@@1@@6@@@@silence,album_sidecar_track,track,Korn,[silence],1998,us,album_bound_track_no_safe_match,5,8,7,1165630592,,false
album_sidecar_track:album|korn|follow the leader@@1@@7@@@@silence:album_bound_track_no_safe_match:1165630592,apple_music_sidecar_track_album_bound_pass_v1,album|korn|follow the leader@@1@@7@@@@silence,album_sidecar_track,track,Korn,[silence],1998,us,album_bound_track_no_safe_match,5,8,7,1165630592,,false
album_sidecar_track:album|korn|follow the leader@@1@@8@@@@silence:album_bound_track_no_safe_match:1165630592,apple_music_sidecar_track_album_bound_pass_v1,album|korn|follow the leader@@1@@8@@@@silence,album_sidecar_track,track,Korn,[silence],1998,us,album_bound_track_no_safe_match,5,43,8,1165630592,,false
album_sidecar_track:album|korn|follow the leader@@1@@9@@@@silence:album_bound_track_no_safe_match:1165630592,apple_music_sidecar_track_album_bound_pass_v1,album|korn|follow the leader@@1@@9@@@@silence,album_sidecar_track,track,Korn,[silence],1998,us,album_bound_track_no_safe_match,5,8,7,1165630592,,false
album_sidecar_track:album|korn|issues@@1@@4@@@@4 u:album_bound_track_no_safe_match:193152832,apple_music_sidecar_track_album_bound_pass_v1,album|korn|issues@@1@@4@@@@4 u,album_sidecar_track,track,Korn,4 U,1999,us,album_bound_track_no_safe_match,1,59,,193152832,,false
album_sidecar_track:album|kraftwerk|trans europe express@@1@@1@@@@trans europe express:album_bound_track_no_safe_match:726144557,apple_music_sidecar_track_album_bound_pass_v1,album|kraftwerk|trans europe express@@1@@1@@@@trans europe express,album_sidecar_track,track,Kraftwerk,Trans Europe Express,1977,us,album_bound_track_no_safe_match,8,55,48,726144557,,false
album_sidecar_track:album|kraftwerk|trans europe express@@1@@2@@@@trans europe express instrumental:album_bound_track_no_safe_match:726144557,apple_music_sidecar_track_album_bound_pass_v1,album|kraftwerk|trans europe express@@1@@2@@@@trans europe express instrumental,album_sidecar_track,track,Kraftwerk,Trans Europe Express (instrumental),1977,us,album_bound_track_no_safe_match,8,47,45,726144557,,false
album_sidecar_track:album|kurtis blow|kurtis blow@@1@@1@@@@rappin blow part 2:album_bound_track_no_safe_match:1442217354,apple_music_sidecar_track_album_bound_pass_v1,album|kurtis blow|kurtis blow@@1@@1@@@@rappin blow part 2,album_sidecar_track,track,Kurtis Blow,"Rappin’ Blow, Part 2",1980,us,album_bound_track_no_safe_match,3,62,7,1442217354,,false
album_sidecar_track:album|kyuss|welcome to sky valley@@1@@1@@@@i gardenia asteroid supa scoopa and mighty scoop:album_bound_track_no_safe_match:207973376,apple_music_sidecar_track_album_bound_pass_v1,album|kyuss|welcome to sky valley@@1@@1@@@@i gardenia asteroid supa scoopa and mighty scoop,album_sidecar_track,track,Kyuss,I: Gardenia / Asteroid / Supa Scoopa and Mighty Scoop,1994,us,album_bound_track_no_safe_match,10,72,35,207973376,,false
album_sidecar_track:album|kyuss|welcome to sky valley@@1@@2@@@@ii 100 space cadet demon cleaner:album_bound_track_no_safe_match:207973376,apple_music_sidecar_track_album_bound_pass_v1,album|kyuss|welcome to sky valley@@1@@2@@@@ii 100 space cadet demon cleaner,album_sidecar_track,track,Kyuss,II: 100° / Space Cadet / Demon Cleaner,1994,us,album_bound_track_no_safe_match,10,47,32,207973376,,false
album_sidecar_track:album|kyuss|welcome to sky valley@@1@@3@@@@iii odyssey conan troutman n o whitewater:album_bound_track_no_safe_match:207973376,apple_music_sidecar_track_album_bound_pass_v1,album|kyuss|welcome to sky valley@@1@@3@@@@iii odyssey conan troutman n o whitewater,album_sidecar_track,track,Kyuss,III: Odyssey / Conan Troutman / N.O. / Whitewater,1994,us,album_bound_track_no_safe_match,10,46,31,207973376,,false
album_sidecar_track:album|kyuss|welcome to sky valley@@1@@4@@@@lick my doo:album_bound_track_no_safe_match:207973376,apple_music_sidecar_track_album_bound_pass_v1,album|kyuss|welcome to sky valley@@1@@4@@@@lick my doo,album_sidecar_track,track,Kyuss,Lick My Doo,1994,us,album_bound_track_no_safe_match,10,45,12,207973376,,false
album_sidecar_track:album|lady gaga|artpop@@1@@7@@@@do what u want:album_bound_track_no_safe_match:1451767863,apple_music_sidecar_track_album_bound_pass_v1,album|lady gaga|artpop@@1@@7@@@@do what u want,album_sidecar_track,track,Lady Gaga,Do What U Want,2013,us,album_bound_track_no_safe_match,0,0,,1451767863,,false
album_sidecar_track:album|lady gaga|joanne@@1@@12@@@@grigio girls:album_bound_track_no_safe_match:1440895544,apple_music_sidecar_track_album_bound_pass_v1,album|lady gaga|joanne@@1@@12@@@@grigio girls,album_sidecar_track,track,Lady Gaga,Grigio Girls,2016,us,album_bound_track_no_safe_match,0,0,,1440895544,,false
album_sidecar_track:album|lady gaga|joanne@@1@@13@@@@just another day:album_bound_track_no_safe_match:1440895544,apple_music_sidecar_track_album_bound_pass_v1,album|lady gaga|joanne@@1@@13@@@@just another day,album_sidecar_track,track,Lady Gaga,Just Another Day,2016,us,album_bound_track_no_safe_match,0,0,,1440895544,,false
album_sidecar_track:album|lady gaga|joanne@@1@@14@@@@angel down work tape:album_bound_track_no_safe_match:1440895544,apple_music_sidecar_track_album_bound_pass_v1,album|lady gaga|joanne@@1@@14@@@@angel down work tape,album_sidecar_track,track,Lady Gaga,Angel Down (work tape),2016,us,album_bound_track_no_safe_match,0,0,,1440895544,,false
album_sidecar_track:album|lana del rey|born to die@@1@@13@@@@without you:album_bound_track_no_safe_match:1440811595,apple_music_sidecar_track_album_bound_pass_v1,album|lana del rey|born to die@@1@@13@@@@without you,album_sidecar_track,track,Lana Del Rey,Without You,2012,us,album_bound_track_no_safe_match,1,43,,1440811595,,false
album_sidecar_track:album|lana del rey|born to die@@1@@14@@@@lolita:album_bound_track_no_safe_match:1440811595,apple_music_sidecar_track_album_bound_pass_v1,album|lana del rey|born to die@@1@@14@@@@lolita,album_sidecar_track,track,Lana Del Rey,Lolita,2012,us,album_bound_track_no_safe_match,1,7,,1440811595,,false
album_sidecar_track:album|lana del rey|born to die@@1@@15@@@@lucky ones:album_bound_track_no_safe_match:1440811595,apple_music_sidecar_track_album_bound_pass_v1,album|lana del rey|born to die@@1@@15@@@@lucky ones,album_sidecar_track,track,Lana Del Rey,Lucky Ones,2012,us,album_bound_track_no_safe_match,1,7,,1440811595,,false
album_sidecar_track:album|lana del rey|norman fucking rockwell@@1@@1@@@@norman fucking rockwell:album_bound_track_no_safe_match:1474669063,apple_music_sidecar_track_album_bound_pass_v1,album|lana del rey|norman fucking rockwell@@1@@1@@@@norman fucking rockwell,album_sidecar_track,track,Lana Del Rey,Norman fucking Rockwell,2019,us,album_bound_track_no_safe_match,2,62,14,1474669063,,false
album_sidecar_track:album|lang lang|chopin album@@1@@16@@@@andante spianato and grande polonaise brillante op 22 andante spianato:album_bound_track_no_safe_match:1071950074,apple_music_sidecar_track_album_bound_pass_v1,album|lang lang|chopin album@@1@@16@@@@andante spianato and grande polonaise brillante op 22 andante spianato,album_sidecar_track,track,Lang Lang,"Andante spianato & grande polonaise brillante, op. 22: Andante spianato",2012,us,album_bound_track_no_safe_match,3,57,7,1071950074,,false
album_sidecar_track:album|lang lang|chopin album@@1@@17@@@@andante spianato and grande polonaise brillante op 22 polonaise:album_bound_track_no_safe_match:1071950074,apple_music_sidecar_track_album_bound_pass_v1,album|lang lang|chopin album@@1@@17@@@@andante spianato and grande polonaise brillante op 22 polonaise,album_sidecar_track,track,Lang Lang,"Andante spianato & grande polonaise brillante, op. 22: Polonaise",2012,us,album_bound_track_no_safe_match,3,57,7,1071950074,,false
album_sidecar_track:album|lang lang|chopin album@@1@@19@@@@waltz in d flat major op 64 no 1 minute:album_bound_track_no_safe_match:1071950074,apple_music_sidecar_track_album_bound_pass_v1,album|lang lang|chopin album@@1@@19@@@@waltz in d flat major op 64 no 1 minute,album_sidecar_track,track,Lang Lang,"Waltz in D-flat major, op. 64 no.1 Minute",2012,us,album_bound_track_no_safe_match,3,57,7,1071950074,,false
album_sidecar_track:album|larsen feiten band|larsen feiten band@@1@@10@@@@visitor:album_bound_track_no_safe_match:375620554,apple_music_sidecar_track_album_bound_pass_v1,album|larsen feiten band|larsen feiten band@@1@@10@@@@visitor,album_sidecar_track,track,Larsen-Feiten Band,The Visitor,1980,us,album_bound_track_no_safe_match,0,0,,375620554,,false
album_sidecar_track:album|larsen feiten band|larsen feiten band@@1@@11@@@@twilight moon:album_bound_track_no_safe_match:375620554,apple_music_sidecar_track_album_bound_pass_v1,album|larsen feiten band|larsen feiten band@@1@@11@@@@twilight moon,album_sidecar_track,track,Larsen-Feiten Band,Twilight Moon,1980,us,album_bound_track_no_safe_match,0,0,,375620554,,false
album_sidecar_track:album|larsen feiten band|larsen feiten band@@1@@12@@@@sierra:album_bound_track_no_safe_match:375620554,apple_music_sidecar_track_album_bound_pass_v1,album|larsen feiten band|larsen feiten band@@1@@12@@@@sierra,album_sidecar_track,track,Larsen-Feiten Band,Sierra,1980,us,album_bound_track_no_safe_match,0,0,,375620554,,false
album_sidecar_track:album|larsen feiten band|larsen feiten band@@1@@13@@@@brown eyes:album_bound_track_no_safe_match:375620554,apple_music_sidecar_track_album_bound_pass_v1,album|larsen feiten band|larsen feiten band@@1@@13@@@@brown eyes,album_sidecar_track,track,Larsen-Feiten Band,Brown Eyes,1980,us,album_bound_track_no_safe_match,0,0,,375620554,,false
album_sidecar_track:album|larsen feiten band|larsen feiten band@@1@@14@@@@hero s welcome:album_bound_track_no_safe_match:375620554,apple_music_sidecar_track_album_bound_pass_v1,album|larsen feiten band|larsen feiten band@@1@@14@@@@hero s welcome,album_sidecar_track,track,Larsen-Feiten Band,Hero's Welcome,1980,us,album_bound_track_no_safe_match,0,0,,375620554,,false
album_sidecar_track:album|larsen feiten band|larsen feiten band@@1@@15@@@@standing in line:album_bound_track_no_safe_match:375620554,apple_music_sidecar_track_album_bound_pass_v1,album|larsen feiten band|larsen feiten band@@1@@15@@@@standing in line,album_sidecar_track,track,Larsen-Feiten Band,Standing in Line,1980,us,album_bound_track_no_safe_match,0,0,,375620554,,false
album_sidecar_track:album|larsen feiten band|larsen feiten band@@1@@16@@@@little cowboys:album_bound_track_no_safe_match:375620554,apple_music_sidecar_track_album_bound_pass_v1,album|larsen feiten band|larsen feiten band@@1@@16@@@@little cowboys,album_sidecar_track,track,Larsen-Feiten Band,Little Cowboys,1980,us,album_bound_track_no_safe_match,0,0,,375620554,,false
album_sidecar_track:album|larsen feiten band|larsen feiten band@@1@@9@@@@phantom of footlights:album_bound_track_no_safe_match:375620554,apple_music_sidecar_track_album_bound_pass_v1,album|larsen feiten band|larsen feiten band@@1@@9@@@@phantom of footlights,album_sidecar_track,track,Larsen-Feiten Band,Phantom of the Footlights,1980,us,album_bound_track_no_safe_match,0,0,,375620554,,false
album_sidecar_track:album|leonard cohen|songs from a room@@1@@1@@@@bird on wire:album_bound_track_no_safe_match:185985535,apple_music_sidecar_track_album_bound_pass_v1,album|leonard cohen|songs from a room@@1@@1@@@@bird on wire,album_sidecar_track,track,Leonard Cohen,Bird on the Wire,1969,us,album_bound_track_no_safe_match,2,62,20,185985535,,false
album_sidecar_track:album|leonard cohen|songs from a room@@1@@3@@@@a bunch of lonesome heroes:album_bound_track_no_safe_match:185985535,apple_music_sidecar_track_album_bound_pass_v1,album|leonard cohen|songs from a room@@1@@3@@@@a bunch of lonesome heroes,album_sidecar_track,track,Leonard Cohen,A Bunch of Lonesome Heroes,1969,us,album_bound_track_no_safe_match,2,56,17,185985535,,false
album_sidecar_track:album|less than jake|losing streak@@1@@12@@@@ask magic 8 ball:album_bound_track_no_safe_match:723527271,apple_music_sidecar_track_album_bound_pass_v1,album|less than jake|losing streak@@1@@12@@@@ask magic 8 ball,album_sidecar_track,track,Less Than Jake,Ask the Magic 8 Ball,1996,us,album_bound_track_no_safe_match,2,57,7,723527271,,false
album_sidecar_track:album|less than jake|losing streak@@1@@7@@@@johnny quest thinks we re sellouts:album_bound_track_no_safe_match:723527271,apple_music_sidecar_track_album_bound_pass_v1,album|less than jake|losing streak@@1@@7@@@@johnny quest thinks we re sellouts,album_sidecar_track,track,Less Than Jake,Johnny Quest Thinks We're Sellouts,1996,us,album_bound_track_no_safe_match,2,57,7,723527271,,false
album_sidecar_track:album|letters to cleo|aurora gory alice@@1@@3@@@@rim shak:album_bound_track_no_safe_match:298888785,apple_music_sidecar_track_album_bound_pass_v1,album|letters to cleo|aurora gory alice@@1@@3@@@@rim shak,album_sidecar_track,track,Letters to Cleo,Rim Shak,1993,us,album_bound_track_no_safe_match,1,46,,298888785,,false
album_sidecar_track:album|lewis capaldi|divinely uninspired to a hellish extent@@1@@13@@@@before you go:album_bound_track_no_safe_match:1452618876,apple_music_sidecar_track_album_bound_pass_v1,album|lewis capaldi|divinely uninspired to a hellish extent@@1@@13@@@@before you go,album_sidecar_track,track,Lewis Capaldi,Before You Go,2019,us,album_bound_track_no_safe_match,0,0,,1452618876,,false
album_sidecar_track:album|lewis capaldi|divinely uninspired to a hellish extent@@1@@14@@@@leaving my love behind:album_bound_track_no_safe_match:1452618876,apple_music_sidecar_track_album_bound_pass_v1,album|lewis capaldi|divinely uninspired to a hellish extent@@1@@14@@@@leaving my love behind,album_sidecar_track,track,Lewis Capaldi,Leaving My Love Behind,2019,us,album_bound_track_no_safe_match,0,0,,1452618876,,false
album_sidecar_track:album|lewis capaldi|divinely uninspired to a hellish extent@@1@@15@@@@let it roll:album_bound_track_no_safe_match:1452618876,apple_music_sidecar_track_album_bound_pass_v1,album|lewis capaldi|divinely uninspired to a hellish extent@@1@@15@@@@let it roll,album_sidecar_track,track,Lewis Capaldi,Let It Roll,2019,us,album_bound_track_no_safe_match,0,0,,1452618876,,false
album_sidecar_track:album|libertines|up the bracket@@1@@13@@@@what a waster:album_bound_track_no_safe_match:260021836,apple_music_sidecar_track_album_bound_pass_v1,album|libertines|up the bracket@@1@@13@@@@what a waster,album_sidecar_track,track,The Libertines,What a Waster,2002,us,album_bound_track_no_safe_match,0,0,,260021836,,false
album_sidecar_track:album|libertines|up the bracket@@1@@14@@@@mocking bird:album_bound_track_no_safe_match:260021836,apple_music_sidecar_track_album_bound_pass_v1,album|libertines|up the bracket@@1@@14@@@@mocking bird,album_sidecar_track,track,The Libertines,Mocking Bird,2002,us,album_bound_track_no_safe_match,0,0,,260021836,,false
album_sidecar_track:album|lifehouse|no name face@@1@@4@@@@somebody else s song:album_bound_track_no_safe_match:1440768163,apple_music_sidecar_track_album_bound_pass_v1,album|lifehouse|no name face@@1@@4@@@@somebody else s song,album_sidecar_track,track,Lifehouse,Somebody Else’s Song,2000,us,album_bound_track_no_safe_match,1,59,,1440768163,,false
album_sidecar_track:album|lil jon and the east side boyz|kings of crunk@@1@@11@@@@weedman skit:album_bound_track_no_safe_match:311288074,apple_music_sidecar_track_album_bound_pass_v1,album|lil jon and the east side boyz|kings of crunk@@1@@11@@@@weedman skit,album_sidecar_track,track,Lil Jon & The East Side Boyz,Weedman (skit),2002,us,album_bound_track_no_safe_match,10,43,21,311288074,,false
album_sidecar_track:album|lil jon and the east side boyz|kings of crunk@@1@@12@@@@weedman:album_bound_track_no_safe_match:311288074,apple_music_sidecar_track_album_bound_pass_v1,album|lil jon and the east side boyz|kings of crunk@@1@@12@@@@weedman,album_sidecar_track,track,Lil Jon & The East Side Boyz,The Weedman,2002,us,album_bound_track_no_safe_match,10,43,12,311288074,,false
album_sidecar_track:album|lil jon and the east side boyz|kings of crunk@@1@@13@@@@nothin on:album_bound_track_no_safe_match:311288074,apple_music_sidecar_track_album_bound_pass_v1,album|lil jon and the east side boyz|kings of crunk@@1@@13@@@@nothin on,album_sidecar_track,track,Lil Jon & The East Side Boyz,Nothin On,2002,us,album_bound_track_no_safe_match,10,57,48,311288074,,false
album_sidecar_track:album|lil jon and the east side boyz|kings of crunk@@1@@14@@@@luke talkin shit:album_bound_track_no_safe_match:311288074,apple_music_sidecar_track_album_bound_pass_v1,album|lil jon and the east side boyz|kings of crunk@@1@@14@@@@luke talkin shit,album_sidecar_track,track,Lil Jon & The East Side Boyz,Luke Talkin Shit,2002,us,album_bound_track_no_safe_match,10,43,21,311288074,,false
album_sidecar_track:album|lil jon and the east side boyz|kings of crunk@@1@@16@@@@nothin s free:album_bound_track_no_safe_match:311288074,apple_music_sidecar_track_album_bound_pass_v1,album|lil jon and the east side boyz|kings of crunk@@1@@16@@@@nothin s free,album_sidecar_track,track,Lil Jon & The East Side Boyz,Nothin’s Free,2002,us,album_bound_track_no_safe_match,9,43,21,311288074,,false
album_sidecar_track:album|lil jon and the east side boyz|kings of crunk@@1@@18@@@@pitbull s cuban rideout:album_bound_track_no_safe_match:311288074,apple_music_sidecar_track_album_bound_pass_v1,album|lil jon and the east side boyz|kings of crunk@@1@@18@@@@pitbull s cuban rideout,album_sidecar_track,track,Lil Jon & The East Side Boyz,Pitbull’s Cuban Rideout,2002,us,album_bound_track_no_safe_match,8,21,8,311288074,,false
album_sidecar_track:album|lil jon and the east side boyz|kings of crunk@@1@@5@@@@bitch:album_bound_track_no_safe_match:311288074,apple_music_sidecar_track_album_bound_pass_v1,album|lil jon and the east side boyz|kings of crunk@@1@@5@@@@bitch,album_sidecar_track,track,Lil Jon & The East Side Boyz,Bitch,2002,us,album_bound_track_no_safe_match,10,58,17,311288074,,false
album_sidecar_track:album|lil jon and the east side boyz|kings of crunk@@1@@8@@@@push that nigga push that hoe:album_bound_track_no_safe_match:311288074,apple_music_sidecar_track_album_bound_pass_v1,album|lil jon and the east side boyz|kings of crunk@@1@@8@@@@push that nigga push that hoe,album_sidecar_track,track,Lil Jon & The East Side Boyz,"Push That Nigga, Push That Hoe",2002,us,album_bound_track_no_safe_match,10,57,21,311288074,,false
album_sidecar_track:album|lil uzi vert|luv is rage 2@@1@@17@@@@skir skirr:album_bound_track_no_safe_match:1274150514,apple_music_sidecar_track_album_bound_pass_v1,album|lil uzi vert|luv is rage 2@@1@@17@@@@skir skirr,album_sidecar_track,track,Lil Uzi Vert,Skir Skirr,2017,us,album_bound_track_no_safe_match,0,0,,1274150514,,false
album_sidecar_track:album|lil uzi vert|luv is rage 2@@1@@18@@@@loaded:album_bound_track_no_safe_match:1274150514,apple_music_sidecar_track_album_bound_pass_v1,album|lil uzi vert|luv is rage 2@@1@@18@@@@loaded,album_sidecar_track,track,Lil Uzi Vert,Loaded,2017,us,album_bound_track_no_safe_match,0,0,,1274150514,,false
album_sidecar_track:album|lil uzi vert|luv is rage 2@@1@@19@@@@diamonds all on my wrist:album_bound_track_no_safe_match:1274150514,apple_music_sidecar_track_album_bound_pass_v1,album|lil uzi vert|luv is rage 2@@1@@19@@@@diamonds all on my wrist,album_sidecar_track,track,Lil Uzi Vert,Diamonds All on My Wrist,2017,us,album_bound_track_no_safe_match,0,0,,1274150514,,false
album_sidecar_track:album|lil uzi vert|luv is rage 2@@1@@20@@@@20 min:album_bound_track_no_safe_match:1274150514,apple_music_sidecar_track_album_bound_pass_v1,album|lil uzi vert|luv is rage 2@@1@@20@@@@20 min,album_sidecar_track,track,Lil Uzi Vert,20 Min,2017,us,album_bound_track_no_safe_match,0,0,,1274150514,,false
album_sidecar_track:album|lil wayne|tha carter iii@@1@@14@@@@pussy monster:album_bound_track_no_safe_match:1440737099,apple_music_sidecar_track_album_bound_pass_v1,album|lil wayne|tha carter iii@@1@@14@@@@pussy monster,album_sidecar_track,track,Lil Wayne,Pussy Monster,2008,us,album_bound_track_no_safe_match,1,57,,1440737099,,false
album_sidecar_track:album|limp bizkit|significant other@@1@@15@@@@outro radio sucks mind of les:album_bound_track_no_safe_match:1440754472,apple_music_sidecar_track_album_bound_pass_v1,album|limp bizkit|significant other@@1@@15@@@@outro radio sucks mind of les,album_sidecar_track,track,Limp Bizkit,Outro / Radio Sucks / The Mind of Les,1999,us,album_bound_track_no_safe_match,2,67,7,1440754472,,false
album_sidecar_track:album|linda ronstadt|what s new@@1@@9@@@@goodbye:album_bound_track_no_safe_match:872636535,apple_music_sidecar_track_album_bound_pass_v1,album|linda ronstadt|what s new@@1@@9@@@@goodbye,album_sidecar_track,track,Linda Ronstadt,Goodbye,1983,us,album_bound_track_no_safe_match,1,57,,872636535,,false
album_sidecar_track:album|linkin park|hybrid theory@@2@@1@@@@opening:album_bound_track_no_safe_match:528436018,apple_music_sidecar_track_album_bound_pass_v1,album|linkin park|hybrid theory@@2@@1@@@@opening,album_sidecar_track,track,Linkin Park,Opening,2000,us,album_bound_track_no_safe_match,0,0,,528436018,,false
album_sidecar_track:album|linkin park|hybrid theory@@2@@10@@@@riff raff:album_bound_track_no_safe_match:528436018,apple_music_sidecar_track_album_bound_pass_v1,album|linkin park|hybrid theory@@2@@10@@@@riff raff,album_sidecar_track,track,Linkin Park,[Riff Raff],2000,us,album_bound_track_no_safe_match,0,0,,528436018,,false
album_sidecar_track:album|linkin park|hybrid theory@@2@@11@@@@wth you chairman hahn reanimation feat aceyalone:album_bound_track_no_safe_match:528436018,apple_music_sidecar_track_album_bound_pass_v1,album|linkin park|hybrid theory@@2@@11@@@@wth you chairman hahn reanimation feat aceyalone,album_sidecar_track,track,Linkin Park,Wth>You (Chairman Hahn Reanimation) [feat. Aceyalone],2000,us,album_bound_track_no_safe_match,0,0,,528436018,,false
album_sidecar_track:album|linkin park|hybrid theory@@2@@12@@@@ntr mssion:album_bound_track_no_safe_match:528436018,apple_music_sidecar_track_album_bound_pass_v1,album|linkin park|hybrid theory@@2@@12@@@@ntr mssion,album_sidecar_track,track,Linkin Park,Ntr\mssion,2000,us,album_bound_track_no_safe_match,0,0,,528436018,,false
album_sidecar_track:album|linkin park|hybrid theory@@2@@13@@@@ppr kut cheapshot and jubacca reanimation feat rasco and planet asia:album_bound_track_no_safe_match:528436018,apple_music_sidecar_track_album_bound_pass_v1,album|linkin park|hybrid theory@@2@@13@@@@ppr kut cheapshot and jubacca reanimation feat rasco and planet asia,album_sidecar_track,track,Linkin Park,Ppr:kut (Cheapshot and Jubacca Reanimation) [feat. Rasco and Planet Asia],2000,us,album_bound_track_no_safe_match,0,0,,528436018,,false
album_sidecar_track:album|linkin park|hybrid theory@@2@@14@@@@rnw y backyard bangers reanimation feat phoenix orion:album_bound_track_no_safe_match:528436018,apple_music_sidecar_track_album_bound_pass_v1,album|linkin park|hybrid theory@@2@@14@@@@rnw y backyard bangers reanimation feat phoenix orion,album_sidecar_track,track,Linkin Park,Rnw@y (Backyard Bangers Reanimation) [feat. Phoenix Orion],2000,us,album_bound_track_no_safe_match,0,0,,528436018,,false
album_sidecar_track:album|linkin park|hybrid theory@@2@@15@@@@my dsmbr mickey p reanimation feat kelli ali:album_bound_track_no_safe_match:528436018,apple_music_sidecar_track_album_bound_pass_v1,album|linkin park|hybrid theory@@2@@15@@@@my dsmbr mickey p reanimation feat kelli ali,album_sidecar_track,track,Linkin Park,My<Dsmbr (Mickey P. Reanimation) [feat. Kelli Ali],2000,us,album_bound_track_no_safe_match,0,0,,528436018,,false
album_sidecar_track:album|linkin park|hybrid theory@@2@@16@@@@stef:album_bound_track_no_safe_match:528436018,apple_music_sidecar_track_album_bound_pass_v1,album|linkin park|hybrid theory@@2@@16@@@@stef,album_sidecar_track,track,Linkin Park,[Stef],2000,us,album_bound_track_no_safe_match,0,0,,528436018,,false
album_sidecar_track:album|linkin park|hybrid theory@@2@@17@@@@by myslf josh abraham and mike shinoda reanimation:album_bound_track_no_safe_match:528436018,apple_music_sidecar_track_album_bound_pass_v1,album|linkin park|hybrid theory@@2@@17@@@@by myslf josh abraham and mike shinoda reanimation,album_sidecar_track,track,Linkin Park,By_Myslf (Josh Abraham and Mike Shinoda Reanimation),2000,us,album_bound_track_no_safe_match,0,0,,528436018,,false
album_sidecar_track:album|linkin park|hybrid theory@@2@@18@@@@kyur4 th ich chairman hahn reanimation:album_bound_track_no_safe_match:528436018,apple_music_sidecar_track_album_bound_pass_v1,album|linkin park|hybrid theory@@2@@18@@@@kyur4 th ich chairman hahn reanimation,album_sidecar_track,track,Linkin Park,Kyur4 Th Ich (Chairman Hahn Reanimation),2000,us,album_bound_track_no_safe_match,0,0,,528436018,,false
album_sidecar_track:album|linkin park|hybrid theory@@2@@19@@@@1stp klosr humble brothers reanimation feat jonathan davis:album_bound_track_no_safe_match:528436018,apple_music_sidecar_track_album_bound_pass_v1,album|linkin park|hybrid theory@@2@@19@@@@1stp klosr humble brothers reanimation feat jonathan davis,album_sidecar_track,track,Linkin Park,1Stp Klosr (The Humble Brothers Reanimation) [feat. Jonathan Davis],2000,us,album_bound_track_no_safe_match,0,0,,528436018,,false
album_sidecar_track:album|linkin park|hybrid theory@@2@@2@@@@pts of athrty:album_bound_track_no_safe_match:528436018,apple_music_sidecar_track_album_bound_pass_v1,album|linkin park|hybrid theory@@2@@2@@@@pts of athrty,album_sidecar_track,track,Linkin Park,Pts.Of.Athrty,2000,us,album_bound_track_no_safe_match,0,0,,528436018,,false
album_sidecar_track:album|linkin park|hybrid theory@@2@@20@@@@krwlng mike shinoda reanimation feat aaron lewis:album_bound_track_no_safe_match:528436018,apple_music_sidecar_track_album_bound_pass_v1,album|linkin park|hybrid theory@@2@@20@@@@krwlng mike shinoda reanimation feat aaron lewis,album_sidecar_track,track,Linkin Park,Krwlng (Mike Shinoda Reanimation) [feat. Aaron Lewis],2000,us,album_bound_track_no_safe_match,0,0,,528436018,,false
album_sidecar_track:album|linkin park|hybrid theory@@2@@3@@@@enth e nd kutmasta kurt reanimation feat motion man:album_bound_track_no_safe_match:528436018,apple_music_sidecar_track_album_bound_pass_v1,album|linkin park|hybrid theory@@2@@3@@@@enth e nd kutmasta kurt reanimation feat motion man,album_sidecar_track,track,Linkin Park,Enth E Nd (Kutmasta Kurt Reanimation) [feat. Motion Man],2000,us,album_bound_track_no_safe_match,0,0,,528436018,,false
album_sidecar_track:album|linkin park|hybrid theory@@2@@4@@@@chali:album_bound_track_no_safe_match:528436018,apple_music_sidecar_track_album_bound_pass_v1,album|linkin park|hybrid theory@@2@@4@@@@chali,album_sidecar_track,track,Linkin Park,[Chali],2000,us,album_bound_track_no_safe_match,0,0,,528436018,,false
album_sidecar_track:album|linkin park|hybrid theory@@2@@5@@@@frgt 10 alchemist reanimation feat chali 2na:album_bound_track_no_safe_match:528436018,apple_music_sidecar_track_album_bound_pass_v1,album|linkin park|hybrid theory@@2@@5@@@@frgt 10 alchemist reanimation feat chali 2na,album_sidecar_track,track,Linkin Park,Frgt/10 (Alchemist Reanimation) [feat. Chali 2na],2000,us,album_bound_track_no_safe_match,0,0,,528436018,,false
album_sidecar_track:album|linkin park|hybrid theory@@2@@6@@@@p5hng me a wy mike shinoda reanimation feat stephen richards:album_bound_track_no_safe_match:528436018,apple_music_sidecar_track_album_bound_pass_v1,album|linkin park|hybrid theory@@2@@6@@@@p5hng me a wy mike shinoda reanimation feat stephen richards,album_sidecar_track,track,Linkin Park,P5hng Me A*wy (Mike Shinoda Reanimation) [feat. Stephen Richards],2000,us,album_bound_track_no_safe_match,0,0,,528436018,,false
album_sidecar_track:album|linkin park|hybrid theory@@2@@7@@@@plc 4 mie h d amp live reanimation feat zion:album_bound_track_no_safe_match:528436018,apple_music_sidecar_track_album_bound_pass_v1,album|linkin park|hybrid theory@@2@@7@@@@plc 4 mie h d amp live reanimation feat zion,album_sidecar_track,track,Linkin Park,Plc.4 Mie Hæd (Amp Live Reanimation) [feat. Zion],2000,us,album_bound_track_no_safe_match,0,0,,528436018,,false
album_sidecar_track:album|linkin park|hybrid theory@@2@@8@@@@x ecutioner style feat black thought:album_bound_track_no_safe_match:528436018,apple_music_sidecar_track_album_bound_pass_v1,album|linkin park|hybrid theory@@2@@8@@@@x ecutioner style feat black thought,album_sidecar_track,track,Linkin Park,X-Ecutioner Style (feat. Black Thought),2000,us,album_bound_track_no_safe_match,0,0,,528436018,,false
album_sidecar_track:album|linkin park|hybrid theory@@2@@9@@@@h vltg3 evidence reanimation feat pharoahe monch and dj babu:album_bound_track_no_safe_match:528436018,apple_music_sidecar_track_album_bound_pass_v1,album|linkin park|hybrid theory@@2@@9@@@@h vltg3 evidence reanimation feat pharoahe monch and dj babu,album_sidecar_track,track,Linkin Park,H! Vltg3 (Evidence Reanimation) [feat. Pharoahe Monch and DJ Babu],2000,us,album_bound_track_no_safe_match,0,0,,528436018,,false
album_sidecar_track:album|linkin park|hybrid theory@@3@@1@@@@carousel:album_bound_track_no_safe_match:528436018,apple_music_sidecar_track_album_bound_pass_v1,album|linkin park|hybrid theory@@3@@1@@@@carousel,album_sidecar_track,track,Linkin Park,Carousel,2000,us,album_bound_track_no_safe_match,0,0,,528436018,,false
album_sidecar_track:album|linkin park|hybrid theory@@3@@2@@@@technique short:album_bound_track_no_safe_match:528436018,apple_music_sidecar_track_album_bound_pass_v1,album|linkin park|hybrid theory@@3@@2@@@@technique short,album_sidecar_track,track,Linkin Park,Technique (Short),2000,us,album_bound_track_no_safe_match,0,0,,528436018,,false
album_sidecar_track:album|linkin park|hybrid theory@@3@@3@@@@step up:album_bound_track_no_safe_match:528436018,apple_music_sidecar_track_album_bound_pass_v1,album|linkin park|hybrid theory@@3@@3@@@@step up,album_sidecar_track,track,Linkin Park,Step Up,2000,us,album_bound_track_no_safe_match,0,0,,528436018,,false
album_sidecar_track:album|linkin park|hybrid theory@@3@@4@@@@and one:album_bound_track_no_safe_match:528436018,apple_music_sidecar_track_album_bound_pass_v1,album|linkin park|hybrid theory@@3@@4@@@@and one,album_sidecar_track,track,Linkin Park,And One,2000,us,album_bound_track_no_safe_match,0,0,,528436018,,false
album_sidecar_track:album|linkin park|hybrid theory@@3@@5@@@@high voltage:album_bound_track_no_safe_match:528436018,apple_music_sidecar_track_album_bound_pass_v1,album|linkin park|hybrid theory@@3@@5@@@@high voltage,album_sidecar_track,track,Linkin Park,High Voltage,2000,us,album_bound_track_no_safe_match,0,0,,528436018,,false
album_sidecar_track:album|linkin park|hybrid theory@@3@@6@@@@part of me:album_bound_track_no_safe_match:528436018,apple_music_sidecar_track_album_bound_pass_v1,album|linkin park|hybrid theory@@3@@6@@@@part of me,album_sidecar_track,track,Linkin Park,Part of Me,2000,us,album_bound_track_no_safe_match,0,0,,528436018,,false
album_sidecar_track:album|linkin park|hybrid theory@@4@@1@@@@one step closer rock mix:album_bound_track_no_safe_match:528436018,apple_music_sidecar_track_album_bound_pass_v1,album|linkin park|hybrid theory@@4@@1@@@@one step closer rock mix,album_sidecar_track,track,Linkin Park,One Step Closer (Rock Mix),2000,us,album_bound_track_no_safe_match,0,0,,528436018,,false
album_sidecar_track:album|linkin park|hybrid theory@@4@@10@@@@points of authority live at docklands arena london:album_bound_track_no_safe_match:528436018,apple_music_sidecar_track_album_bound_pass_v1,album|linkin park|hybrid theory@@4@@10@@@@points of authority live at docklands arena london,album_sidecar_track,track,Linkin Park,"Points of Authority (Live at Docklands Arena, London)",2000,us,album_bound_track_no_safe_match,0,0,,528436018,,false
album_sidecar_track:album|linkin park|hybrid theory@@4@@11@@@@papercut live at docklands arena london:album_bound_track_no_safe_match:528436018,apple_music_sidecar_track_album_bound_pass_v1,album|linkin park|hybrid theory@@4@@11@@@@papercut live at docklands arena london,album_sidecar_track,track,Linkin Park,"Papercut (Live at Docklands Arena, London)",2000,us,album_bound_track_no_safe_match,0,0,,528436018,,false
album_sidecar_track:album|linkin park|hybrid theory@@4@@12@@@@buy myself marilyn manson remix:album_bound_track_no_safe_match:528436018,apple_music_sidecar_track_album_bound_pass_v1,album|linkin park|hybrid theory@@4@@12@@@@buy myself marilyn manson remix,album_sidecar_track,track,Linkin Park,Buy Myself (Marilyn Manson Remix),2000,us,album_bound_track_no_safe_match,0,0,,528436018,,false
album_sidecar_track:album|linkin park|hybrid theory@@4@@2@@@@it s goin down feat mike shinoda and mr hahn:album_bound_track_no_safe_match:528436018,apple_music_sidecar_track_album_bound_pass_v1,album|linkin park|hybrid theory@@4@@2@@@@it s goin down feat mike shinoda and mr hahn,album_sidecar_track,track,Linkin Park,It's Goin' Down (feat. Mike Shinoda and Mr. Hahn),2000,us,album_bound_track_no_safe_match,0,0,,528436018,,false
album_sidecar_track:album|linkin park|hybrid theory@@4@@3@@@@papercut live from bbc:album_bound_track_no_safe_match:528436018,apple_music_sidecar_track_album_bound_pass_v1,album|linkin park|hybrid theory@@4@@3@@@@papercut live from bbc,album_sidecar_track,track,Linkin Park,Papercut (Live from the BBC),2000,us,album_bound_track_no_safe_match,0,0,,528436018,,false
album_sidecar_track:album|linkin park|hybrid theory@@4@@4@@@@in end live bbc radio one:album_bound_track_no_safe_match:528436018,apple_music_sidecar_track_album_bound_pass_v1,album|linkin park|hybrid theory@@4@@4@@@@in end live bbc radio one,album_sidecar_track,track,Linkin Park,In The End (Live BBC Radio One),2000,us,album_bound_track_no_safe_match,0,0,,528436018,,false
album_sidecar_track:album|linkin park|hybrid theory@@4@@5@@@@points of authority live bbc radio one:album_bound_track_no_safe_match:528436018,apple_music_sidecar_track_album_bound_pass_v1,album|linkin park|hybrid theory@@4@@5@@@@points of authority live bbc radio one,album_sidecar_track,track,Linkin Park,Points of Authority (Live BBC Radio One),2000,us,album_bound_track_no_safe_match,0,0,,528436018,,false
album_sidecar_track:album|linkin park|hybrid theory@@4@@6@@@@high voltage:album_bound_track_no_safe_match:528436018,apple_music_sidecar_track_album_bound_pass_v1,album|linkin park|hybrid theory@@4@@6@@@@high voltage,album_sidecar_track,track,Linkin Park,High Voltage,2000,us,album_bound_track_no_safe_match,0,0,,528436018,,false
album_sidecar_track:album|linkin park|hybrid theory@@4@@7@@@@step up 1999 demo:album_bound_track_no_safe_match:528436018,apple_music_sidecar_track_album_bound_pass_v1,album|linkin park|hybrid theory@@4@@7@@@@step up 1999 demo,album_sidecar_track,track,Linkin Park,Step Up (1999 Demo),2000,us,album_bound_track_no_safe_match,0,0,,528436018,,false
album_sidecar_track:album|linkin park|hybrid theory@@4@@8@@@@my december:album_bound_track_no_safe_match:528436018,apple_music_sidecar_track_album_bound_pass_v1,album|linkin park|hybrid theory@@4@@8@@@@my december,album_sidecar_track,track,Linkin Park,My December,2000,us,album_bound_track_no_safe_match,0,0,,528436018,,false
album_sidecar_track:album|linkin park|hybrid theory@@4@@9@@@@a place for my head live at docklands arena london:album_bound_track_no_safe_match:528436018,apple_music_sidecar_track_album_bound_pass_v1,album|linkin park|hybrid theory@@4@@9@@@@a place for my head live at docklands arena london,album_sidecar_track,track,Linkin Park,"A Place for My Head (Live at Docklands Arena, London)",2000,us,album_bound_track_no_safe_match,0,0,,528436018,,false
album_sidecar_track:album|linkin park|hybrid theory@@5@@1@@@@in end demo:album_bound_track_no_safe_match:528436018,apple_music_sidecar_track_album_bound_pass_v1,album|linkin park|hybrid theory@@5@@1@@@@in end demo,album_sidecar_track,track,Linkin Park,In the End (Demo),2000,us,album_bound_track_no_safe_match,0,0,,528436018,,false
album_sidecar_track:album|linkin park|hybrid theory@@5@@10@@@@grr 1999 demo:album_bound_track_no_safe_match:528436018,apple_music_sidecar_track_album_bound_pass_v1,album|linkin park|hybrid theory@@5@@10@@@@grr 1999 demo,album_sidecar_track,track,Linkin Park,Grr (1999 Demo),2000,us,album_bound_track_no_safe_match,0,0,,528436018,,false
album_sidecar_track:album|linkin park|hybrid theory@@5@@11@@@@so far away unreleased 1998:album_bound_track_no_safe_match:528436018,apple_music_sidecar_track_album_bound_pass_v1,album|linkin park|hybrid theory@@5@@11@@@@so far away unreleased 1998,album_sidecar_track,track,Linkin Park,So Far Away (Unreleased 1998),2000,us,album_bound_track_no_safe_match,0,0,,528436018,,false
album_sidecar_track:album|linkin park|hybrid theory@@5@@12@@@@coal unreleased demo 1997:album_bound_track_no_safe_match:528436018,apple_music_sidecar_track_album_bound_pass_v1,album|linkin park|hybrid theory@@5@@12@@@@coal unreleased demo 1997,album_sidecar_track,track,Linkin Park,Coal (Unreleased Demo 1997),2000,us,album_bound_track_no_safe_match,0,0,,528436018,,false
album_sidecar_track:album|linkin park|hybrid theory@@5@@13@@@@forgotten demo:album_bound_track_no_safe_match:528436018,apple_music_sidecar_track_album_bound_pass_v1,album|linkin park|hybrid theory@@5@@13@@@@forgotten demo,album_sidecar_track,track,Linkin Park,Forgotten (Demo),2000,us,album_bound_track_no_safe_match,0,0,,528436018,,false
album_sidecar_track:album|linkin park|hybrid theory@@5@@14@@@@sad by myself demo 1999:album_bound_track_no_safe_match:528436018,apple_music_sidecar_track_album_bound_pass_v1,album|linkin park|hybrid theory@@5@@14@@@@sad by myself demo 1999,album_sidecar_track,track,Linkin Park,Sad (By Myself Demo 1999),2000,us,album_bound_track_no_safe_match,0,0,,528436018,,false
album_sidecar_track:album|linkin park|hybrid theory@@5@@15@@@@hurry 1999 demo:album_bound_track_no_safe_match:528436018,apple_music_sidecar_track_album_bound_pass_v1,album|linkin park|hybrid theory@@5@@15@@@@hurry 1999 demo,album_sidecar_track,track,Linkin Park,Hurry (1999 Demo),2000,us,album_bound_track_no_safe_match,0,0,,528436018,,false
album_sidecar_track:album|linkin park|hybrid theory@@5@@16@@@@blue 1998 unreleased hybrid theory demo:album_bound_track_no_safe_match:528436018,apple_music_sidecar_track_album_bound_pass_v1,album|linkin park|hybrid theory@@5@@16@@@@blue 1998 unreleased hybrid theory demo,album_sidecar_track,track,Linkin Park,Blue (1998 Unreleased Hybrid Theory Demo),2000,us,album_bound_track_no_safe_match,0,0,,528436018,,false
album_sidecar_track:album|linkin park|hybrid theory@@5@@17@@@@chair 1999 part of me demo:album_bound_track_no_safe_match:528436018,apple_music_sidecar_track_album_bound_pass_v1,album|linkin park|hybrid theory@@5@@17@@@@chair 1999 part of me demo,album_sidecar_track,track,Linkin Park,Chair (1999 Part of Me Demo),2000,us,album_bound_track_no_safe_match,0,0,,528436018,,false
album_sidecar_track:album|linkin park|hybrid theory@@5@@18@@@@pts of athrty crystal method remix:album_bound_track_no_safe_match:528436018,apple_music_sidecar_track_album_bound_pass_v1,album|linkin park|hybrid theory@@5@@18@@@@pts of athrty crystal method remix,album_sidecar_track,track,Linkin Park,Pts.Of.Athrty (Crystal Method Remix),2000,us,album_bound_track_no_safe_match,0,0,,528436018,,false
album_sidecar_track:album|linkin park|hybrid theory@@5@@2@@@@dedicated 1999 demo:album_bound_track_no_safe_match:528436018,apple_music_sidecar_track_album_bound_pass_v1,album|linkin park|hybrid theory@@5@@2@@@@dedicated 1999 demo,album_sidecar_track,track,Linkin Park,Dedicated (1999 Demo),2000,us,album_bound_track_no_safe_match,0,0,,528436018,,false
album_sidecar_track:album|linkin park|hybrid theory@@5@@3@@@@with you live at docklands arena london:album_bound_track_no_safe_match:528436018,apple_music_sidecar_track_album_bound_pass_v1,album|linkin park|hybrid theory@@5@@3@@@@with you live at docklands arena london,album_sidecar_track,track,Linkin Park,"With You (Live at Docklands Arena, London)",2000,us,album_bound_track_no_safe_match,0,0,,528436018,,false
album_sidecar_track:album|linkin park|hybrid theory@@5@@4@@@@high voltage live at docklands arena london:album_bound_track_no_safe_match:528436018,apple_music_sidecar_track_album_bound_pass_v1,album|linkin park|hybrid theory@@5@@4@@@@high voltage live at docklands arena london,album_sidecar_track,track,Linkin Park,"High Voltage (Live at Docklands Arena, London)",2000,us,album_bound_track_no_safe_match,0,0,,528436018,,false
album_sidecar_track:album|linkin park|hybrid theory@@5@@5@@@@points of authority demo:album_bound_track_no_safe_match:528436018,apple_music_sidecar_track_album_bound_pass_v1,album|linkin park|hybrid theory@@5@@5@@@@points of authority demo,album_sidecar_track,track,Linkin Park,Points of Authority (Demo),2000,us,album_bound_track_no_safe_match,0,0,,528436018,,false
album_sidecar_track:album|linkin park|hybrid theory@@5@@6@@@@stick and move runaway demo 1998:album_bound_track_no_safe_match:528436018,apple_music_sidecar_track_album_bound_pass_v1,album|linkin park|hybrid theory@@5@@6@@@@stick and move runaway demo 1998,album_sidecar_track,track,Linkin Park,Stick and Move (Runaway Demo 1998),2000,us,album_bound_track_no_safe_match,0,0,,528436018,,false
album_sidecar_track:album|linkin park|hybrid theory@@5@@7@@@@esaul a place for my head demo:album_bound_track_no_safe_match:528436018,apple_music_sidecar_track_album_bound_pass_v1,album|linkin park|hybrid theory@@5@@7@@@@esaul a place for my head demo,album_sidecar_track,track,Linkin Park,Esaul (A Place for My Head Demo),2000,us,album_bound_track_no_safe_match,0,0,,528436018,,false
album_sidecar_track:album|linkin park|hybrid theory@@5@@8@@@@oh no points of authority demo:album_bound_track_no_safe_match:528436018,apple_music_sidecar_track_album_bound_pass_v1,album|linkin park|hybrid theory@@5@@8@@@@oh no points of authority demo,album_sidecar_track,track,Linkin Park,Oh No (Points of Authority Demo),2000,us,album_bound_track_no_safe_match,0,0,,528436018,,false
album_sidecar_track:album|linkin park|hybrid theory@@5@@9@@@@slip 1998 unreleased hybrid theory demo:album_bound_track_no_safe_match:528436018,apple_music_sidecar_track_album_bound_pass_v1,album|linkin park|hybrid theory@@5@@9@@@@slip 1998 unreleased hybrid theory demo,album_sidecar_track,track,Linkin Park,Slip (1998 Unreleased Hybrid Theory Demo),2000,us,album_bound_track_no_safe_match,0,0,,528436018,,false
album_sidecar_track:album|linkin park|hybrid theory@@6@@1@@@@dialate:album_bound_track_no_safe_match:528436018,apple_music_sidecar_track_album_bound_pass_v1,album|linkin park|hybrid theory@@6@@1@@@@dialate,album_sidecar_track,track,Linkin Park,Dialate,2000,us,album_bound_track_no_safe_match,0,0,,528436018,,false
album_sidecar_track:album|linkin park|hybrid theory@@6@@10@@@@points of authority:album_bound_track_no_safe_match:528436018,apple_music_sidecar_track_album_bound_pass_v1,album|linkin park|hybrid theory@@6@@10@@@@points of authority,album_sidecar_track,track,Linkin Park,Points of Authority,2000,us,album_bound_track_no_safe_match,0,0,,528436018,,false
album_sidecar_track:album|linkin park|hybrid theory@@6@@11@@@@crawling:album_bound_track_no_safe_match:528436018,apple_music_sidecar_track_album_bound_pass_v1,album|linkin park|hybrid theory@@6@@11@@@@crawling,album_sidecar_track,track,Linkin Park,Crawling,2000,us,album_bound_track_no_safe_match,0,0,,528436018,,false
album_sidecar_track:album|linkin park|hybrid theory@@6@@12@@@@superxero:album_bound_track_no_safe_match:528436018,apple_music_sidecar_track_album_bound_pass_v1,album|linkin park|hybrid theory@@6@@12@@@@superxero,album_sidecar_track,track,Linkin Park,SuperXero,2000,us,album_bound_track_no_safe_match,0,0,,528436018,,false
album_sidecar_track:album|linkin park|hybrid theory@@6@@2@@@@pictureboard:album_bound_track_no_safe_match:528436018,apple_music_sidecar_track_album_bound_pass_v1,album|linkin park|hybrid theory@@6@@2@@@@pictureboard,album_sidecar_track,track,Linkin Park,Pictureboard,2000,us,album_bound_track_no_safe_match,0,0,,528436018,,false
album_sidecar_track:album|linkin park|hybrid theory@@6@@3@@@@she couldn t:album_bound_track_no_safe_match:528436018,apple_music_sidecar_track_album_bound_pass_v1,album|linkin park|hybrid theory@@6@@3@@@@she couldn t,album_sidecar_track,track,Linkin Park,She Couldn't,2000,us,album_bound_track_no_safe_match,0,0,,528436018,,false
album_sidecar_track:album|linkin park|hybrid theory@@6@@4@@@@could have been:album_bound_track_no_safe_match:528436018,apple_music_sidecar_track_album_bound_pass_v1,album|linkin park|hybrid theory@@6@@4@@@@could have been,album_sidecar_track,track,Linkin Park,Could Have Been,2000,us,album_bound_track_no_safe_match,0,0,,528436018,,false
album_sidecar_track:album|linkin park|hybrid theory@@6@@5@@@@reading my eyes:album_bound_track_no_safe_match:528436018,apple_music_sidecar_track_album_bound_pass_v1,album|linkin park|hybrid theory@@6@@5@@@@reading my eyes,album_sidecar_track,track,Linkin Park,Reading My Eyes,2000,us,album_bound_track_no_safe_match,0,0,,528436018,,false
album_sidecar_track:album|linkin park|hybrid theory@@6@@6@@@@rhinestone:album_bound_track_no_safe_match:528436018,apple_music_sidecar_track_album_bound_pass_v1,album|linkin park|hybrid theory@@6@@6@@@@rhinestone,album_sidecar_track,track,Linkin Park,Rhinestone,2000,us,album_bound_track_no_safe_match,0,0,,528436018,,false
album_sidecar_track:album|linkin park|hybrid theory@@6@@7@@@@esaul:album_bound_track_no_safe_match:528436018,apple_music_sidecar_track_album_bound_pass_v1,album|linkin park|hybrid theory@@6@@7@@@@esaul,album_sidecar_track,track,Linkin Park,Esaul,2000,us,album_bound_track_no_safe_match,0,0,,528436018,,false
album_sidecar_track:album|linkin park|hybrid theory@@6@@8@@@@stick n move:album_bound_track_no_safe_match:528436018,apple_music_sidecar_track_album_bound_pass_v1,album|linkin park|hybrid theory@@6@@8@@@@stick n move,album_sidecar_track,track,Linkin Park,Stick N Move,2000,us,album_bound_track_no_safe_match,0,0,,528436018,,false
album_sidecar_track:album|linkin park|hybrid theory@@6@@9@@@@carousel:album_bound_track_no_safe_match:528436018,apple_music_sidecar_track_album_bound_pass_v1,album|linkin park|hybrid theory@@6@@9@@@@carousel,album_sidecar_track,track,Linkin Park,Carousel,2000,us,album_bound_track_no_safe_match,0,0,,528436018,,false
album_sidecar_track:album|litter|distortions@@1@@2@@@@whatcha gonna do about it:album_bound_track_no_safe_match:1470158161,apple_music_sidecar_track_album_bound_pass_v1,album|litter|distortions@@1@@2@@@@whatcha gonna do about it,album_sidecar_track,track,The Litter,Whatcha Gonna Do About it,1967,us,album_bound_track_no_safe_match,1,47,,1470158161,,false
album_sidecar_track:album|little feat|waiting for columbus@@2@@4@@@@willin:album_bound_track_no_safe_match:286757362,apple_music_sidecar_track_album_bound_pass_v1,album|little feat|waiting for columbus@@2@@4@@@@willin,album_sidecar_track,track,Little Feat,Willin’,1978,us,album_bound_track_no_safe_match,5,47,17,286757362,,false
album_sidecar_track:album|little river band|greatest hits@@1@@2@@@@help is on its way:album_bound_track_no_safe_match:1645806082,apple_music_sidecar_track_album_bound_pass_v1,album|little river band|greatest hits@@1@@2@@@@help is on its way,album_sidecar_track,track,Little River Band,Help Is on Its Way,1982,us,album_bound_track_no_safe_match,24,61,52,1645806082,,false
album_sidecar_track:album|lovin spoonful|daydream@@1@@6@@@@let boy rock and roll:album_bound_track_no_safe_match:253838626,apple_music_sidecar_track_album_bound_pass_v1,album|lovin spoonful|daydream@@1@@6@@@@let boy rock and roll,album_sidecar_track,track,The Lovin' Spoonful,Let the Boy Rock and Roll,1966,us,album_bound_track_no_safe_match,6,57,21,253838626,,false
album_sidecar_track:album|ludacris|word of mouf@@1@@1@@@@coming to america:album_bound_track_no_safe_match:1440920531,apple_music_sidecar_track_album_bound_pass_v1,album|ludacris|word of mouf@@1@@1@@@@coming to america,album_sidecar_track,track,Ludacris,Coming to America,2001,us,album_bound_track_no_safe_match,5,62,11,1440920531,,false
album_sidecar_track:album|ludacris|word of mouf@@1@@2@@@@roll out my business:album_bound_track_no_safe_match:1440920531,apple_music_sidecar_track_album_bound_pass_v1,album|ludacris|word of mouf@@1@@2@@@@roll out my business,album_sidecar_track,track,Ludacris,Roll Out (My Business),2001,us,album_bound_track_no_safe_match,5,61,20,1440920531,,false
album_sidecar_track:album|ludacris|word of mouf@@1@@3@@@@go to sleep:album_bound_track_no_safe_match:1440920531,apple_music_sidecar_track_album_bound_pass_v1,album|ludacris|word of mouf@@1@@3@@@@go to sleep,album_sidecar_track,track,Ludacris,Go to Sleep,2001,us,album_bound_track_no_safe_match,5,60,17,1440920531,,false
album_sidecar_track:album|lumineers|cleopatra@@1@@12@@@@sailor song moitessier:album_bound_track_no_safe_match:1754016727,apple_music_sidecar_track_album_bound_pass_v1,album|lumineers|cleopatra@@1@@12@@@@sailor song moitessier,album_sidecar_track,track,The Lumineers,Sailor Song (Moitessier),2016,us,album_bound_track_no_safe_match,0,0,,1754016727,,false
album_sidecar_track:album|lumineers|cleopatra@@1@@13@@@@for fra:album_bound_track_no_safe_match:1754016727,apple_music_sidecar_track_album_bound_pass_v1,album|lumineers|cleopatra@@1@@13@@@@for fra,album_sidecar_track,track,The Lumineers,For Fra,2016,us,album_bound_track_no_safe_match,0,0,,1754016727,,false
album_sidecar_track:album|lumineers|cleopatra@@1@@14@@@@boots of spanish leather:album_bound_track_no_safe_match:1754016727,apple_music_sidecar_track_album_bound_pass_v1,album|lumineers|cleopatra@@1@@14@@@@boots of spanish leather,album_sidecar_track,track,The Lumineers,Boots of Spanish Leather,2016,us,album_bound_track_no_safe_match,0,0,,1754016727,,false
album_sidecar_track:album|lumineers|lumineers@@1@@12@@@@ain t nobody s problem:album_bound_track_no_safe_match:1754219081,apple_music_sidecar_track_album_bound_pass_v1,album|lumineers|lumineers@@1@@12@@@@ain t nobody s problem,album_sidecar_track,track,The Lumineers,Ain’t Nobody’s Problem,2012,us,album_bound_track_no_safe_match,0,0,,1754219081,,false
album_sidecar_track:album|lumineers|lumineers@@1@@13@@@@this must be place naive melody:album_bound_track_no_safe_match:1754219081,apple_music_sidecar_track_album_bound_pass_v1,album|lumineers|lumineers@@1@@13@@@@this must be place naive melody,album_sidecar_track,track,The Lumineers,This Must Be the Place (Naïve Melody),2012,us,album_bound_track_no_safe_match,0,0,,1754219081,,false
album_sidecar_track:album|lumineers|lumineers@@1@@14@@@@elouise:album_bound_track_no_safe_match:1754219081,apple_music_sidecar_track_album_bound_pass_v1,album|lumineers|lumineers@@1@@14@@@@elouise,album_sidecar_track,track,The Lumineers,Elouise,2012,us,album_bound_track_no_safe_match,0,0,,1754219081,,false
album_sidecar_track:album|lumineers|lumineers@@1@@15@@@@darlene:album_bound_track_no_safe_match:1754219081,apple_music_sidecar_track_album_bound_pass_v1,album|lumineers|lumineers@@1@@15@@@@darlene,album_sidecar_track,track,The Lumineers,Darlene,2012,us,album_bound_track_no_safe_match,0,0,,1754219081,,false
album_sidecar_track:album|lumineers|lumineers@@1@@16@@@@slow it down live:album_bound_track_no_safe_match:1754219081,apple_music_sidecar_track_album_bound_pass_v1,album|lumineers|lumineers@@1@@16@@@@slow it down live,album_sidecar_track,track,The Lumineers,Slow It Down (live),2012,us,album_bound_track_no_safe_match,0,0,,1754219081,,false
album_sidecar_track:album|m i a|kala@@1@@2@@@@bird flu:album_bound_track_no_safe_match:296393419,apple_music_sidecar_track_album_bound_pass_v1,album|m i a|kala@@1@@2@@@@bird flu,album_sidecar_track,track,M.I.A.,Bird Flu,2007,us,album_bound_track_no_safe_match,7,61,21,296393419,,false
album_sidecar_track:album|mac demarco|salad days@@1@@12@@@@go easy demo:album_bound_track_no_safe_match:799685692,apple_music_sidecar_track_album_bound_pass_v1,album|mac demarco|salad days@@1@@12@@@@go easy demo,album_sidecar_track,track,Mac DeMarco,Go Easy (demo),2014,us,album_bound_track_no_safe_match,0,0,,799685692,,false
album_sidecar_track:album|mac demarco|salad days@@1@@13@@@@passing out pieces demo:album_bound_track_no_safe_match:799685692,apple_music_sidecar_track_album_bound_pass_v1,album|mac demarco|salad days@@1@@13@@@@passing out pieces demo,album_sidecar_track,track,Mac DeMarco,Passing Out Pieces (demo),2014,us,album_bound_track_no_safe_match,0,0,,799685692,,false
album_sidecar_track:album|magnapop|hot boxing@@1@@13@@@@emergency:album_bound_track_no_safe_match:285956517,apple_music_sidecar_track_album_bound_pass_v1,album|magnapop|hot boxing@@1@@13@@@@emergency,album_sidecar_track,track,Magnapop,Emergency,1994,us,album_bound_track_no_safe_match,1,57,,285956517,,false
album_sidecar_track:album|mammoth wvh|mammoth wvh@@1@@6@@@@you ll be one:album_bound_track_no_safe_match:1685905635,apple_music_sidecar_track_album_bound_pass_v1,album|mammoth wvh|mammoth wvh@@1@@6@@@@you ll be one,album_sidecar_track,track,Mammoth WVH,You’ll Be the One,2021,us,album_bound_track_no_safe_match,1,57,,1685905635,,false
album_sidecar_track:album|mantronix|album@@1@@6@@@@get stupid fresh part 1:album_bound_track_no_safe_match:341928107,apple_music_sidecar_track_album_bound_pass_v1,album|mantronix|album@@1@@6@@@@get stupid fresh part 1,album_sidecar_track,track,Mantronix,"Get Stupid “Fresh”, Part 1",1985,us,album_bound_track_no_safe_match,1,57,,341928107,,false
album_sidecar_track:album|marcels|blue moon@@1@@2@@@@goodbye to love:album_bound_track_no_safe_match:1439881921,apple_music_sidecar_track_album_bound_pass_v1,album|marcels|blue moon@@1@@2@@@@goodbye to love,album_sidecar_track,track,The Marcels,Goodbye to Love,1961,us,album_bound_track_no_safe_match,26,61,57,1439881921,,false
album_sidecar_track:album|marcels|blue moon@@1@@4@@@@peace of mind:album_bound_track_no_safe_match:1439881921,apple_music_sidecar_track_album_bound_pass_v1,album|marcels|blue moon@@1@@4@@@@peace of mind,album_sidecar_track,track,The Marcels,Peace of Mind,1961,us,album_bound_track_no_safe_match,26,59,21,1439881921,,false
album_sidecar_track:album|marcels|blue moon@@1@@6@@@@over rainbow:album_bound_track_no_safe_match:1439881921,apple_music_sidecar_track_album_bound_pass_v1,album|marcels|blue moon@@1@@6@@@@over rainbow,album_sidecar_track,track,The Marcels,Over the Rainbow,1961,us,album_bound_track_no_safe_match,25,48,23,1439881921,,false
album_sidecar_track:album|marcels|blue moon@@1@@7@@@@i ll be forever loving you:album_bound_track_no_safe_match:1439881921,apple_music_sidecar_track_album_bound_pass_v1,album|marcels|blue moon@@1@@7@@@@i ll be forever loving you,album_sidecar_track,track,The Marcels,I'll Be Forever Loving You,1961,us,album_bound_track_no_safe_match,25,61,53,1439881921,,false
album_sidecar_track:album|marilyn manson|antichrist superstar@@1@@17@@@@silence:album_bound_track_no_safe_match:1440804350,apple_music_sidecar_track_album_bound_pass_v1,album|marilyn manson|antichrist superstar@@1@@17@@@@silence,album_sidecar_track,track,Marilyn Manson,[silence],1996,us,album_bound_track_no_safe_match,1,43,,1440804350,,false
album_sidecar_track:album|marilyn manson|antichrist superstar@@1@@18@@@@silence:album_bound_track_no_safe_match:1440804350,apple_music_sidecar_track_album_bound_pass_v1,album|marilyn manson|antichrist superstar@@1@@18@@@@silence,album_sidecar_track,track,Marilyn Manson,[silence],1996,us,album_bound_track_no_safe_match,1,7,,1440804350,,false
album_sidecar_track:album|marilyn manson|antichrist superstar@@1@@19@@@@silence:album_bound_track_no_safe_match:1440804350,apple_music_sidecar_track_album_bound_pass_v1,album|marilyn manson|antichrist superstar@@1@@19@@@@silence,album_sidecar_track,track,Marilyn Manson,[silence],1996,us,album_bound_track_no_safe_match,1,7,,1440804350,,false
album_sidecar_track:album|marilyn manson|antichrist superstar@@1@@20@@@@silence:album_bound_track_no_safe_match:1440804350,apple_music_sidecar_track_album_bound_pass_v1,album|marilyn manson|antichrist superstar@@1@@20@@@@silence,album_sidecar_track,track,Marilyn Manson,[silence],1996,us,album_bound_track_no_safe_match,1,7,,1440804350,,false
album_sidecar_track:album|marilyn manson|antichrist superstar@@1@@21@@@@silence:album_bound_track_no_safe_match:1440804350,apple_music_sidecar_track_album_bound_pass_v1,album|marilyn manson|antichrist superstar@@1@@21@@@@silence,album_sidecar_track,track,Marilyn Manson,[silence],1996,us,album_bound_track_no_safe_match,1,7,,1440804350,,false
album_sidecar_track:album|marilyn manson|antichrist superstar@@1@@22@@@@silence:album_bound_track_no_safe_match:1440804350,apple_music_sidecar_track_album_bound_pass_v1,album|marilyn manson|antichrist superstar@@1@@22@@@@silence,album_sidecar_track,track,Marilyn Manson,[silence],1996,us,album_bound_track_no_safe_match,1,7,,1440804350,,false
album_sidecar_track:album|marilyn manson|antichrist superstar@@1@@23@@@@silence:album_bound_track_no_safe_match:1440804350,apple_music_sidecar_track_album_bound_pass_v1,album|marilyn manson|antichrist superstar@@1@@23@@@@silence,album_sidecar_track,track,Marilyn Manson,[silence],1996,us,album_bound_track_no_safe_match,1,7,,1440804350,,false
album_sidecar_track:album|marilyn manson|antichrist superstar@@1@@24@@@@silence:album_bound_track_no_safe_match:1440804350,apple_music_sidecar_track_album_bound_pass_v1,album|marilyn manson|antichrist superstar@@1@@24@@@@silence,album_sidecar_track,track,Marilyn Manson,[silence],1996,us,album_bound_track_no_safe_match,1,7,,1440804350,,false
album_sidecar_track:album|marilyn manson|antichrist superstar@@1@@25@@@@silence:album_bound_track_no_safe_match:1440804350,apple_music_sidecar_track_album_bound_pass_v1,album|marilyn manson|antichrist superstar@@1@@25@@@@silence,album_sidecar_track,track,Marilyn Manson,[silence],1996,us,album_bound_track_no_safe_match,1,7,,1440804350,,false
album_sidecar_track:album|marilyn manson|antichrist superstar@@1@@26@@@@silence:album_bound_track_no_safe_match:1440804350,apple_music_sidecar_track_album_bound_pass_v1,album|marilyn manson|antichrist superstar@@1@@26@@@@silence,album_sidecar_track,track,Marilyn Manson,[silence],1996,us,album_bound_track_no_safe_match,1,7,,1440804350,,false
album_sidecar_track:album|marilyn manson|antichrist superstar@@1@@27@@@@silence:album_bound_track_no_safe_match:1440804350,apple_music_sidecar_track_album_bound_pass_v1,album|marilyn manson|antichrist superstar@@1@@27@@@@silence,album_sidecar_track,track,Marilyn Manson,[silence],1996,us,album_bound_track_no_safe_match,1,7,,1440804350,,false
album_sidecar_track:album|marilyn manson|antichrist superstar@@1@@28@@@@silence:album_bound_track_no_safe_match:1440804350,apple_music_sidecar_track_album_bound_pass_v1,album|marilyn manson|antichrist superstar@@1@@28@@@@silence,album_sidecar_track,track,Marilyn Manson,[silence],1996,us,album_bound_track_no_safe_match,1,7,,1440804350,,false
album_sidecar_track:album|marilyn manson|antichrist superstar@@1@@29@@@@silence:album_bound_track_no_safe_match:1440804350,apple_music_sidecar_track_album_bound_pass_v1,album|marilyn manson|antichrist superstar@@1@@29@@@@silence,album_sidecar_track,track,Marilyn Manson,[silence],1996,us,album_bound_track_no_safe_match,1,7,,1440804350,,false
album_sidecar_track:album|marilyn manson|antichrist superstar@@1@@30@@@@silence:album_bound_track_no_safe_match:1440804350,apple_music_sidecar_track_album_bound_pass_v1,album|marilyn manson|antichrist superstar@@1@@30@@@@silence,album_sidecar_track,track,Marilyn Manson,[silence],1996,us,album_bound_track_no_safe_match,1,7,,1440804350,,false
album_sidecar_track:album|marilyn manson|antichrist superstar@@1@@31@@@@silence:album_bound_track_no_safe_match:1440804350,apple_music_sidecar_track_album_bound_pass_v1,album|marilyn manson|antichrist superstar@@1@@31@@@@silence,album_sidecar_track,track,Marilyn Manson,[silence],1996,us,album_bound_track_no_safe_match,1,7,,1440804350,,false
album_sidecar_track:album|marilyn manson|antichrist superstar@@1@@32@@@@silence:album_bound_track_no_safe_match:1440804350,apple_music_sidecar_track_album_bound_pass_v1,album|marilyn manson|antichrist superstar@@1@@32@@@@silence,album_sidecar_track,track,Marilyn Manson,[silence],1996,us,album_bound_track_no_safe_match,1,7,,1440804350,,false
album_sidecar_track:album|marilyn manson|antichrist superstar@@1@@33@@@@silence:album_bound_track_no_safe_match:1440804350,apple_music_sidecar_track_album_bound_pass_v1,album|marilyn manson|antichrist superstar@@1@@33@@@@silence,album_sidecar_track,track,Marilyn Manson,[silence],1996,us,album_bound_track_no_safe_match,1,7,,1440804350,,false
album_sidecar_track:album|marilyn manson|antichrist superstar@@1@@34@@@@silence:album_bound_track_no_safe_match:1440804350,apple_music_sidecar_track_album_bound_pass_v1,album|marilyn manson|antichrist superstar@@1@@34@@@@silence,album_sidecar_track,track,Marilyn Manson,[silence],1996,us,album_bound_track_no_safe_match,1,7,,1440804350,,false
album_sidecar_track:album|marilyn manson|antichrist superstar@@1@@35@@@@silence:album_bound_track_no_safe_match:1440804350,apple_music_sidecar_track_album_bound_pass_v1,album|marilyn manson|antichrist superstar@@1@@35@@@@silence,album_sidecar_track,track,Marilyn Manson,[silence],1996,us,album_bound_track_no_safe_match,1,7,,1440804350,,false
album_sidecar_track:album|marilyn manson|antichrist superstar@@1@@36@@@@silence:album_bound_track_no_safe_match:1440804350,apple_music_sidecar_track_album_bound_pass_v1,album|marilyn manson|antichrist superstar@@1@@36@@@@silence,album_sidecar_track,track,Marilyn Manson,[silence],1996,us,album_bound_track_no_safe_match,1,7,,1440804350,,false
album_sidecar_track:album|marilyn manson|antichrist superstar@@1@@37@@@@silence:album_bound_track_no_safe_match:1440804350,apple_music_sidecar_track_album_bound_pass_v1,album|marilyn manson|antichrist superstar@@1@@37@@@@silence,album_sidecar_track,track,Marilyn Manson,[silence],1996,us,album_bound_track_no_safe_match,1,7,,1440804350,,false
album_sidecar_track:album|marilyn manson|antichrist superstar@@1@@38@@@@silence:album_bound_track_no_safe_match:1440804350,apple_music_sidecar_track_album_bound_pass_v1,album|marilyn manson|antichrist superstar@@1@@38@@@@silence,album_sidecar_track,track,Marilyn Manson,[silence],1996,us,album_bound_track_no_safe_match,1,7,,1440804350,,false
album_sidecar_track:album|marilyn manson|antichrist superstar@@1@@39@@@@silence:album_bound_track_no_safe_match:1440804350,apple_music_sidecar_track_album_bound_pass_v1,album|marilyn manson|antichrist superstar@@1@@39@@@@silence,album_sidecar_track,track,Marilyn Manson,[silence],1996,us,album_bound_track_no_safe_match,1,7,,1440804350,,false
album_sidecar_track:album|marilyn manson|antichrist superstar@@1@@40@@@@silence:album_bound_track_no_safe_match:1440804350,apple_music_sidecar_track_album_bound_pass_v1,album|marilyn manson|antichrist superstar@@1@@40@@@@silence,album_sidecar_track,track,Marilyn Manson,[silence],1996,us,album_bound_track_no_safe_match,1,7,,1440804350,,false
album_sidecar_track:album|marilyn manson|antichrist superstar@@1@@41@@@@silence:album_bound_track_no_safe_match:1440804350,apple_music_sidecar_track_album_bound_pass_v1,album|marilyn manson|antichrist superstar@@1@@41@@@@silence,album_sidecar_track,track,Marilyn Manson,[silence],1996,us,album_bound_track_no_safe_match,1,7,,1440804350,,false
album_sidecar_track:album|marilyn manson|antichrist superstar@@1@@42@@@@silence:album_bound_track_no_safe_match:1440804350,apple_music_sidecar_track_album_bound_pass_v1,album|marilyn manson|antichrist superstar@@1@@42@@@@silence,album_sidecar_track,track,Marilyn Manson,[silence],1996,us,album_bound_track_no_safe_match,1,7,,1440804350,,false
album_sidecar_track:album|marilyn manson|antichrist superstar@@1@@43@@@@silence:album_bound_track_no_safe_match:1440804350,apple_music_sidecar_track_album_bound_pass_v1,album|marilyn manson|antichrist superstar@@1@@43@@@@silence,album_sidecar_track,track,Marilyn Manson,[silence],1996,us,album_bound_track_no_safe_match,1,7,,1440804350,,false
album_sidecar_track:album|marilyn manson|antichrist superstar@@1@@44@@@@silence:album_bound_track_no_safe_match:1440804350,apple_music_sidecar_track_album_bound_pass_v1,album|marilyn manson|antichrist superstar@@1@@44@@@@silence,album_sidecar_track,track,Marilyn Manson,[silence],1996,us,album_bound_track_no_safe_match,1,7,,1440804350,,false
album_sidecar_track:album|marilyn manson|antichrist superstar@@1@@45@@@@silence:album_bound_track_no_safe_match:1440804350,apple_music_sidecar_track_album_bound_pass_v1,album|marilyn manson|antichrist superstar@@1@@45@@@@silence,album_sidecar_track,track,Marilyn Manson,[silence],1996,us,album_bound_track_no_safe_match,1,7,,1440804350,,false
album_sidecar_track:album|marilyn manson|antichrist superstar@@1@@46@@@@silence:album_bound_track_no_safe_match:1440804350,apple_music_sidecar_track_album_bound_pass_v1,album|marilyn manson|antichrist superstar@@1@@46@@@@silence,album_sidecar_track,track,Marilyn Manson,[silence],1996,us,album_bound_track_no_safe_match,1,7,,1440804350,,false
album_sidecar_track:album|marilyn manson|antichrist superstar@@1@@47@@@@silence:album_bound_track_no_safe_match:1440804350,apple_music_sidecar_track_album_bound_pass_v1,album|marilyn manson|antichrist superstar@@1@@47@@@@silence,album_sidecar_track,track,Marilyn Manson,[silence],1996,us,album_bound_track_no_safe_match,1,7,,1440804350,,false
album_sidecar_track:album|marilyn manson|antichrist superstar@@1@@48@@@@silence:album_bound_track_no_safe_match:1440804350,apple_music_sidecar_track_album_bound_pass_v1,album|marilyn manson|antichrist superstar@@1@@48@@@@silence,album_sidecar_track,track,Marilyn Manson,[silence],1996,us,album_bound_track_no_safe_match,1,7,,1440804350,,false
album_sidecar_track:album|marilyn manson|antichrist superstar@@1@@49@@@@silence:album_bound_track_no_safe_match:1440804350,apple_music_sidecar_track_album_bound_pass_v1,album|marilyn manson|antichrist superstar@@1@@49@@@@silence,album_sidecar_track,track,Marilyn Manson,[silence],1996,us,album_bound_track_no_safe_match,1,7,,1440804350,,false
album_sidecar_track:album|marilyn manson|antichrist superstar@@1@@50@@@@silence:album_bound_track_no_safe_match:1440804350,apple_music_sidecar_track_album_bound_pass_v1,album|marilyn manson|antichrist superstar@@1@@50@@@@silence,album_sidecar_track,track,Marilyn Manson,[silence],1996,us,album_bound_track_no_safe_match,1,7,,1440804350,,false
album_sidecar_track:album|marilyn manson|antichrist superstar@@1@@51@@@@silence:album_bound_track_no_safe_match:1440804350,apple_music_sidecar_track_album_bound_pass_v1,album|marilyn manson|antichrist superstar@@1@@51@@@@silence,album_sidecar_track,track,Marilyn Manson,[silence],1996,us,album_bound_track_no_safe_match,1,7,,1440804350,,false
album_sidecar_track:album|marilyn manson|antichrist superstar@@1@@52@@@@silence:album_bound_track_no_safe_match:1440804350,apple_music_sidecar_track_album_bound_pass_v1,album|marilyn manson|antichrist superstar@@1@@52@@@@silence,album_sidecar_track,track,Marilyn Manson,[silence],1996,us,album_bound_track_no_safe_match,1,7,,1440804350,,false
album_sidecar_track:album|marilyn manson|antichrist superstar@@1@@53@@@@silence:album_bound_track_no_safe_match:1440804350,apple_music_sidecar_track_album_bound_pass_v1,album|marilyn manson|antichrist superstar@@1@@53@@@@silence,album_sidecar_track,track,Marilyn Manson,[silence],1996,us,album_bound_track_no_safe_match,1,7,,1440804350,,false
album_sidecar_track:album|marilyn manson|antichrist superstar@@1@@54@@@@silence:album_bound_track_no_safe_match:1440804350,apple_music_sidecar_track_album_bound_pass_v1,album|marilyn manson|antichrist superstar@@1@@54@@@@silence,album_sidecar_track,track,Marilyn Manson,[silence],1996,us,album_bound_track_no_safe_match,1,7,,1440804350,,false
album_sidecar_track:album|marilyn manson|antichrist superstar@@1@@55@@@@silence:album_bound_track_no_safe_match:1440804350,apple_music_sidecar_track_album_bound_pass_v1,album|marilyn manson|antichrist superstar@@1@@55@@@@silence,album_sidecar_track,track,Marilyn Manson,[silence],1996,us,album_bound_track_no_safe_match,1,7,,1440804350,,false
album_sidecar_track:album|marilyn manson|antichrist superstar@@1@@56@@@@silence:album_bound_track_no_safe_match:1440804350,apple_music_sidecar_track_album_bound_pass_v1,album|marilyn manson|antichrist superstar@@1@@56@@@@silence,album_sidecar_track,track,Marilyn Manson,[silence],1996,us,album_bound_track_no_safe_match,1,7,,1440804350,,false
album_sidecar_track:album|marilyn manson|antichrist superstar@@1@@57@@@@silence:album_bound_track_no_safe_match:1440804350,apple_music_sidecar_track_album_bound_pass_v1,album|marilyn manson|antichrist superstar@@1@@57@@@@silence,album_sidecar_track,track,Marilyn Manson,[silence],1996,us,album_bound_track_no_safe_match,1,7,,1440804350,,false
album_sidecar_track:album|marilyn manson|antichrist superstar@@1@@58@@@@silence:album_bound_track_no_safe_match:1440804350,apple_music_sidecar_track_album_bound_pass_v1,album|marilyn manson|antichrist superstar@@1@@58@@@@silence,album_sidecar_track,track,Marilyn Manson,[silence],1996,us,album_bound_track_no_safe_match,1,7,,1440804350,,false
album_sidecar_track:album|marilyn manson|antichrist superstar@@1@@59@@@@silence:album_bound_track_no_safe_match:1440804350,apple_music_sidecar_track_album_bound_pass_v1,album|marilyn manson|antichrist superstar@@1@@59@@@@silence,album_sidecar_track,track,Marilyn Manson,[silence],1996,us,album_bound_track_no_safe_match,1,7,,1440804350,,false
album_sidecar_track:album|marilyn manson|antichrist superstar@@1@@60@@@@silence:album_bound_track_no_safe_match:1440804350,apple_music_sidecar_track_album_bound_pass_v1,album|marilyn manson|antichrist superstar@@1@@60@@@@silence,album_sidecar_track,track,Marilyn Manson,[silence],1996,us,album_bound_track_no_safe_match,1,7,,1440804350,,false
album_sidecar_track:album|marilyn manson|antichrist superstar@@1@@61@@@@silence:album_bound_track_no_safe_match:1440804350,apple_music_sidecar_track_album_bound_pass_v1,album|marilyn manson|antichrist superstar@@1@@61@@@@silence,album_sidecar_track,track,Marilyn Manson,[silence],1996,us,album_bound_track_no_safe_match,1,7,,1440804350,,false
album_sidecar_track:album|marilyn manson|antichrist superstar@@1@@62@@@@silence:album_bound_track_no_safe_match:1440804350,apple_music_sidecar_track_album_bound_pass_v1,album|marilyn manson|antichrist superstar@@1@@62@@@@silence,album_sidecar_track,track,Marilyn Manson,[silence],1996,us,album_bound_track_no_safe_match,1,7,,1440804350,,false
album_sidecar_track:album|marilyn manson|antichrist superstar@@1@@63@@@@silence:album_bound_track_no_safe_match:1440804350,apple_music_sidecar_track_album_bound_pass_v1,album|marilyn manson|antichrist superstar@@1@@63@@@@silence,album_sidecar_track,track,Marilyn Manson,[silence],1996,us,album_bound_track_no_safe_match,1,7,,1440804350,,false
album_sidecar_track:album|marilyn manson|antichrist superstar@@1@@64@@@@silence:album_bound_track_no_safe_match:1440804350,apple_music_sidecar_track_album_bound_pass_v1,album|marilyn manson|antichrist superstar@@1@@64@@@@silence,album_sidecar_track,track,Marilyn Manson,[silence],1996,us,album_bound_track_no_safe_match,1,7,,1440804350,,false
album_sidecar_track:album|marilyn manson|antichrist superstar@@1@@65@@@@silence:album_bound_track_no_safe_match:1440804350,apple_music_sidecar_track_album_bound_pass_v1,album|marilyn manson|antichrist superstar@@1@@65@@@@silence,album_sidecar_track,track,Marilyn Manson,[silence],1996,us,album_bound_track_no_safe_match,1,7,,1440804350,,false
album_sidecar_track:album|marilyn manson|antichrist superstar@@1@@66@@@@silence:album_bound_track_no_safe_match:1440804350,apple_music_sidecar_track_album_bound_pass_v1,album|marilyn manson|antichrist superstar@@1@@66@@@@silence,album_sidecar_track,track,Marilyn Manson,[silence],1996,us,album_bound_track_no_safe_match,1,7,,1440804350,,false
album_sidecar_track:album|marilyn manson|antichrist superstar@@1@@67@@@@silence:album_bound_track_no_safe_match:1440804350,apple_music_sidecar_track_album_bound_pass_v1,album|marilyn manson|antichrist superstar@@1@@67@@@@silence,album_sidecar_track,track,Marilyn Manson,[silence],1996,us,album_bound_track_no_safe_match,1,7,,1440804350,,false
album_sidecar_track:album|marilyn manson|antichrist superstar@@1@@68@@@@silence:album_bound_track_no_safe_match:1440804350,apple_music_sidecar_track_album_bound_pass_v1,album|marilyn manson|antichrist superstar@@1@@68@@@@silence,album_sidecar_track,track,Marilyn Manson,[silence],1996,us,album_bound_track_no_safe_match,1,7,,1440804350,,false
album_sidecar_track:album|marilyn manson|antichrist superstar@@1@@69@@@@silence:album_bound_track_no_safe_match:1440804350,apple_music_sidecar_track_album_bound_pass_v1,album|marilyn manson|antichrist superstar@@1@@69@@@@silence,album_sidecar_track,track,Marilyn Manson,[silence],1996,us,album_bound_track_no_safe_match,1,7,,1440804350,,false
album_sidecar_track:album|marilyn manson|antichrist superstar@@1@@70@@@@silence:album_bound_track_no_safe_match:1440804350,apple_music_sidecar_track_album_bound_pass_v1,album|marilyn manson|antichrist superstar@@1@@70@@@@silence,album_sidecar_track,track,Marilyn Manson,[silence],1996,us,album_bound_track_no_safe_match,1,7,,1440804350,,false
album_sidecar_track:album|marilyn manson|antichrist superstar@@1@@71@@@@silence:album_bound_track_no_safe_match:1440804350,apple_music_sidecar_track_album_bound_pass_v1,album|marilyn manson|antichrist superstar@@1@@71@@@@silence,album_sidecar_track,track,Marilyn Manson,[silence],1996,us,album_bound_track_no_safe_match,1,7,,1440804350,,false
album_sidecar_track:album|marilyn manson|antichrist superstar@@1@@72@@@@silence:album_bound_track_no_safe_match:1440804350,apple_music_sidecar_track_album_bound_pass_v1,album|marilyn manson|antichrist superstar@@1@@72@@@@silence,album_sidecar_track,track,Marilyn Manson,[silence],1996,us,album_bound_track_no_safe_match,1,7,,1440804350,,false
album_sidecar_track:album|marilyn manson|antichrist superstar@@1@@73@@@@silence:album_bound_track_no_safe_match:1440804350,apple_music_sidecar_track_album_bound_pass_v1,album|marilyn manson|antichrist superstar@@1@@73@@@@silence,album_sidecar_track,track,Marilyn Manson,[silence],1996,us,album_bound_track_no_safe_match,1,7,,1440804350,,false
album_sidecar_track:album|marilyn manson|antichrist superstar@@1@@74@@@@silence:album_bound_track_no_safe_match:1440804350,apple_music_sidecar_track_album_bound_pass_v1,album|marilyn manson|antichrist superstar@@1@@74@@@@silence,album_sidecar_track,track,Marilyn Manson,[silence],1996,us,album_bound_track_no_safe_match,1,7,,1440804350,,false
album_sidecar_track:album|marilyn manson|antichrist superstar@@1@@75@@@@silence:album_bound_track_no_safe_match:1440804350,apple_music_sidecar_track_album_bound_pass_v1,album|marilyn manson|antichrist superstar@@1@@75@@@@silence,album_sidecar_track,track,Marilyn Manson,[silence],1996,us,album_bound_track_no_safe_match,1,7,,1440804350,,false
album_sidecar_track:album|marilyn manson|antichrist superstar@@1@@76@@@@silence:album_bound_track_no_safe_match:1440804350,apple_music_sidecar_track_album_bound_pass_v1,album|marilyn manson|antichrist superstar@@1@@76@@@@silence,album_sidecar_track,track,Marilyn Manson,[silence],1996,us,album_bound_track_no_safe_match,1,7,,1440804350,,false
album_sidecar_track:album|marilyn manson|antichrist superstar@@1@@77@@@@silence:album_bound_track_no_safe_match:1440804350,apple_music_sidecar_track_album_bound_pass_v1,album|marilyn manson|antichrist superstar@@1@@77@@@@silence,album_sidecar_track,track,Marilyn Manson,[silence],1996,us,album_bound_track_no_safe_match,1,7,,1440804350,,false
album_sidecar_track:album|marilyn manson|antichrist superstar@@1@@78@@@@silence:album_bound_track_no_safe_match:1440804350,apple_music_sidecar_track_album_bound_pass_v1,album|marilyn manson|antichrist superstar@@1@@78@@@@silence,album_sidecar_track,track,Marilyn Manson,[silence],1996,us,album_bound_track_no_safe_match,1,7,,1440804350,,false
album_sidecar_track:album|marilyn manson|antichrist superstar@@1@@79@@@@silence:album_bound_track_no_safe_match:1440804350,apple_music_sidecar_track_album_bound_pass_v1,album|marilyn manson|antichrist superstar@@1@@79@@@@silence,album_sidecar_track,track,Marilyn Manson,[silence],1996,us,album_bound_track_no_safe_match,1,7,,1440804350,,false
album_sidecar_track:album|marilyn manson|antichrist superstar@@1@@80@@@@silence:album_bound_track_no_safe_match:1440804350,apple_music_sidecar_track_album_bound_pass_v1,album|marilyn manson|antichrist superstar@@1@@80@@@@silence,album_sidecar_track,track,Marilyn Manson,[silence],1996,us,album_bound_track_no_safe_match,1,7,,1440804350,,false
album_sidecar_track:album|marilyn manson|antichrist superstar@@1@@81@@@@silence:album_bound_track_no_safe_match:1440804350,apple_music_sidecar_track_album_bound_pass_v1,album|marilyn manson|antichrist superstar@@1@@81@@@@silence,album_sidecar_track,track,Marilyn Manson,[silence],1996,us,album_bound_track_no_safe_match,1,7,,1440804350,,false
album_sidecar_track:album|marilyn manson|antichrist superstar@@1@@82@@@@silence:album_bound_track_no_safe_match:1440804350,apple_music_sidecar_track_album_bound_pass_v1,album|marilyn manson|antichrist superstar@@1@@82@@@@silence,album_sidecar_track,track,Marilyn Manson,[silence],1996,us,album_bound_track_no_safe_match,1,7,,1440804350,,false
album_sidecar_track:album|marilyn manson|antichrist superstar@@1@@83@@@@silence:album_bound_track_no_safe_match:1440804350,apple_music_sidecar_track_album_bound_pass_v1,album|marilyn manson|antichrist superstar@@1@@83@@@@silence,album_sidecar_track,track,Marilyn Manson,[silence],1996,us,album_bound_track_no_safe_match,1,7,,1440804350,,false
album_sidecar_track:album|marilyn manson|antichrist superstar@@1@@84@@@@silence:album_bound_track_no_safe_match:1440804350,apple_music_sidecar_track_album_bound_pass_v1,album|marilyn manson|antichrist superstar@@1@@84@@@@silence,album_sidecar_track,track,Marilyn Manson,[silence],1996,us,album_bound_track_no_safe_match,1,7,,1440804350,,false
album_sidecar_track:album|marilyn manson|antichrist superstar@@1@@85@@@@silence:album_bound_track_no_safe_match:1440804350,apple_music_sidecar_track_album_bound_pass_v1,album|marilyn manson|antichrist superstar@@1@@85@@@@silence,album_sidecar_track,track,Marilyn Manson,[silence],1996,us,album_bound_track_no_safe_match,1,7,,1440804350,,false
album_sidecar_track:album|marilyn manson|antichrist superstar@@1@@86@@@@silence:album_bound_track_no_safe_match:1440804350,apple_music_sidecar_track_album_bound_pass_v1,album|marilyn manson|antichrist superstar@@1@@86@@@@silence,album_sidecar_track,track,Marilyn Manson,[silence],1996,us,album_bound_track_no_safe_match,1,7,,1440804350,,false
album_sidecar_track:album|marilyn manson|antichrist superstar@@1@@87@@@@silence:album_bound_track_no_safe_match:1440804350,apple_music_sidecar_track_album_bound_pass_v1,album|marilyn manson|antichrist superstar@@1@@87@@@@silence,album_sidecar_track,track,Marilyn Manson,[silence],1996,us,album_bound_track_no_safe_match,1,7,,1440804350,,false
album_sidecar_track:album|marilyn manson|antichrist superstar@@1@@88@@@@silence:album_bound_track_no_safe_match:1440804350,apple_music_sidecar_track_album_bound_pass_v1,album|marilyn manson|antichrist superstar@@1@@88@@@@silence,album_sidecar_track,track,Marilyn Manson,[silence],1996,us,album_bound_track_no_safe_match,1,7,,1440804350,,false
album_sidecar_track:album|marilyn manson|antichrist superstar@@1@@89@@@@silence:album_bound_track_no_safe_match:1440804350,apple_music_sidecar_track_album_bound_pass_v1,album|marilyn manson|antichrist superstar@@1@@89@@@@silence,album_sidecar_track,track,Marilyn Manson,[silence],1996,us,album_bound_track_no_safe_match,1,7,,1440804350,,false
album_sidecar_track:album|marilyn manson|antichrist superstar@@1@@90@@@@silence:album_bound_track_no_safe_match:1440804350,apple_music_sidecar_track_album_bound_pass_v1,album|marilyn manson|antichrist superstar@@1@@90@@@@silence,album_sidecar_track,track,Marilyn Manson,[silence],1996,us,album_bound_track_no_safe_match,1,7,,1440804350,,false
album_sidecar_track:album|marilyn manson|antichrist superstar@@1@@91@@@@silence:album_bound_track_no_safe_match:1440804350,apple_music_sidecar_track_album_bound_pass_v1,album|marilyn manson|antichrist superstar@@1@@91@@@@silence,album_sidecar_track,track,Marilyn Manson,[silence],1996,us,album_bound_track_no_safe_match,1,7,,1440804350,,false
album_sidecar_track:album|marilyn manson|antichrist superstar@@1@@92@@@@silence:album_bound_track_no_safe_match:1440804350,apple_music_sidecar_track_album_bound_pass_v1,album|marilyn manson|antichrist superstar@@1@@92@@@@silence,album_sidecar_track,track,Marilyn Manson,[silence],1996,us,album_bound_track_no_safe_match,1,7,,1440804350,,false
album_sidecar_track:album|marilyn manson|antichrist superstar@@1@@93@@@@silence:album_bound_track_no_safe_match:1440804350,apple_music_sidecar_track_album_bound_pass_v1,album|marilyn manson|antichrist superstar@@1@@93@@@@silence,album_sidecar_track,track,Marilyn Manson,[silence],1996,us,album_bound_track_no_safe_match,1,7,,1440804350,,false
album_sidecar_track:album|marilyn manson|antichrist superstar@@1@@94@@@@silence:album_bound_track_no_safe_match:1440804350,apple_music_sidecar_track_album_bound_pass_v1,album|marilyn manson|antichrist superstar@@1@@94@@@@silence,album_sidecar_track,track,Marilyn Manson,[silence],1996,us,album_bound_track_no_safe_match,1,7,,1440804350,,false
album_sidecar_track:album|marilyn manson|antichrist superstar@@1@@95@@@@silence:album_bound_track_no_safe_match:1440804350,apple_music_sidecar_track_album_bound_pass_v1,album|marilyn manson|antichrist superstar@@1@@95@@@@silence,album_sidecar_track,track,Marilyn Manson,[silence],1996,us,album_bound_track_no_safe_match,1,7,,1440804350,,false
album_sidecar_track:album|marilyn manson|antichrist superstar@@1@@96@@@@silence:album_bound_track_no_safe_match:1440804350,apple_music_sidecar_track_album_bound_pass_v1,album|marilyn manson|antichrist superstar@@1@@96@@@@silence,album_sidecar_track,track,Marilyn Manson,[silence],1996,us,album_bound_track_no_safe_match,1,7,,1440804350,,false
album_sidecar_track:album|marilyn manson|antichrist superstar@@1@@97@@@@silence:album_bound_track_no_safe_match:1440804350,apple_music_sidecar_track_album_bound_pass_v1,album|marilyn manson|antichrist superstar@@1@@97@@@@silence,album_sidecar_track,track,Marilyn Manson,[silence],1996,us,album_bound_track_no_safe_match,1,7,,1440804350,,false
album_sidecar_track:album|marilyn manson|antichrist superstar@@1@@98@@@@silence:album_bound_track_no_safe_match:1440804350,apple_music_sidecar_track_album_bound_pass_v1,album|marilyn manson|antichrist superstar@@1@@98@@@@silence,album_sidecar_track,track,Marilyn Manson,[silence],1996,us,album_bound_track_no_safe_match,1,7,,1440804350,,false
album_sidecar_track:album|marilyn manson|antichrist superstar@@1@@99@@@@unknown:album_bound_track_no_safe_match:1440804350,apple_music_sidecar_track_album_bound_pass_v1,album|marilyn manson|antichrist superstar@@1@@99@@@@unknown,album_sidecar_track,track,Marilyn Manson,[unknown],1996,us,album_bound_track_no_safe_match,1,21,,1440804350,,false
album_sidecar_track:album|marshall tucker band|marshall tucker band@@1@@10@@@@where a country boy belongs:album_bound_track_no_safe_match:1794391879,apple_music_sidecar_track_album_bound_pass_v1,album|marshall tucker band|marshall tucker band@@1@@10@@@@where a country boy belongs,album_sidecar_track,track,The Marshall Tucker Band,Where a Country Boy Belongs,1973,us,album_bound_track_no_safe_match,7,10,9,1794391879,,false
album_sidecar_track:album|marshall tucker band|marshall tucker band@@1@@11@@@@heard it in a love song:album_bound_track_no_safe_match:1794391879,apple_music_sidecar_track_album_bound_pass_v1,album|marshall tucker band|marshall tucker band@@1@@11@@@@heard it in a love song,album_sidecar_track,track,The Marshall Tucker Band,Heard It in a Love Song,1973,us,album_bound_track_no_safe_match,7,20,17,1794391879,,false
album_sidecar_track:album|marshall tucker band|marshall tucker band@@1@@12@@@@i ll be loving you:album_bound_track_no_safe_match:1794391879,apple_music_sidecar_track_album_bound_pass_v1,album|marshall tucker band|marshall tucker band@@1@@12@@@@i ll be loving you,album_sidecar_track,track,The Marshall Tucker Band,I'll Be Loving You,1973,us,album_bound_track_no_safe_match,7,21,15,1794391879,,false
album_sidecar_track:album|marshall tucker band|marshall tucker band@@1@@13@@@@searchin for a rainbow:album_bound_track_no_safe_match:1794391879,apple_music_sidecar_track_album_bound_pass_v1,album|marshall tucker band|marshall tucker band@@1@@13@@@@searchin for a rainbow,album_sidecar_track,track,The Marshall Tucker Band,Searchin' for a Rainbow,1973,us,album_bound_track_no_safe_match,7,10,9,1794391879,,false
album_sidecar_track:album|marshall tucker band|marshall tucker band@@1@@14@@@@windy city blues:album_bound_track_no_safe_match:1794391879,apple_music_sidecar_track_album_bound_pass_v1,album|marshall tucker band|marshall tucker band@@1@@14@@@@windy city blues,album_sidecar_track,track,The Marshall Tucker Band,Windy City Blues,1973,us,album_bound_track_no_safe_match,7,20,17,1794391879,,false
album_sidecar_track:album|marshall tucker band|marshall tucker band@@1@@15@@@@i should have never started lovin you:album_bound_track_no_safe_match:1794391879,apple_music_sidecar_track_album_bound_pass_v1,album|marshall tucker band|marshall tucker band@@1@@15@@@@i should have never started lovin you,album_sidecar_track,track,The Marshall Tucker Band,I Should Have Never Started Lovin' You,1973,us,album_bound_track_no_safe_match,7,10,9,1794391879,,false
album_sidecar_track:album|marshall tucker band|marshall tucker band@@1@@3@@@@24 hours at a time:album_bound_track_no_safe_match:1794391879,apple_music_sidecar_track_album_bound_pass_v1,album|marshall tucker band|marshall tucker band@@1@@3@@@@24 hours at a time,album_sidecar_track,track,The Marshall Tucker Band,24 Hours at a Time,1973,us,album_bound_track_no_safe_match,7,60,17,1794391879,,false
album_sidecar_track:album|marshall tucker band|marshall tucker band@@1@@4@@@@fire on mountain:album_bound_track_no_safe_match:1794391879,apple_music_sidecar_track_album_bound_pass_v1,album|marshall tucker band|marshall tucker band@@1@@4@@@@fire on mountain,album_sidecar_track,track,The Marshall Tucker Band,Fire on the Mountain,1973,us,album_bound_track_no_safe_match,7,45,10,1794391879,,false
album_sidecar_track:album|marshall tucker band|marshall tucker band@@1@@5@@@@too stubborn:album_bound_track_no_safe_match:1794391879,apple_music_sidecar_track_album_bound_pass_v1,album|marshall tucker band|marshall tucker band@@1@@5@@@@too stubborn,album_sidecar_track,track,The Marshall Tucker Band,Too Stubborn,1973,us,album_bound_track_no_safe_match,7,44,10,1794391879,,false
album_sidecar_track:album|marshall tucker band|marshall tucker band@@1@@6@@@@a new life:album_bound_track_no_safe_match:1794391879,apple_music_sidecar_track_album_bound_pass_v1,album|marshall tucker band|marshall tucker band@@1@@6@@@@a new life,album_sidecar_track,track,The Marshall Tucker Band,A New Life,1973,us,album_bound_track_no_safe_match,7,43,10,1794391879,,false
album_sidecar_track:album|marshall tucker band|marshall tucker band@@1@@7@@@@long hard ride:album_bound_track_no_safe_match:1794391879,apple_music_sidecar_track_album_bound_pass_v1,album|marshall tucker band|marshall tucker band@@1@@7@@@@long hard ride,album_sidecar_track,track,The Marshall Tucker Band,Long Hard Ride,1973,us,album_bound_track_no_safe_match,7,43,10,1794391879,,false
album_sidecar_track:album|marshall tucker band|marshall tucker band@@1@@8@@@@everybody needs somebody:album_bound_track_no_safe_match:1794391879,apple_music_sidecar_track_album_bound_pass_v1,album|marshall tucker band|marshall tucker band@@1@@8@@@@everybody needs somebody,album_sidecar_track,track,The Marshall Tucker Band,Everybody Needs Somebody,1973,us,album_bound_track_no_safe_match,7,43,15,1794391879,,false
album_sidecar_track:album|marshall tucker band|marshall tucker band@@1@@9@@@@in my own way:album_bound_track_no_safe_match:1794391879,apple_music_sidecar_track_album_bound_pass_v1,album|marshall tucker band|marshall tucker band@@1@@9@@@@in my own way,album_sidecar_track,track,The Marshall Tucker Band,In My Own Way,1973,us,album_bound_track_no_safe_match,7,43,10,1794391879,,false
album_sidecar_track:album|marshall tucker band|marshall tucker band@@2@@1@@@@running like wind:album_bound_track_no_safe_match:1794391879,apple_music_sidecar_track_album_bound_pass_v1,album|marshall tucker band|marshall tucker band@@2@@1@@@@running like wind,album_sidecar_track,track,The Marshall Tucker Band,Running Like the Wind,1973,us,album_bound_track_no_safe_match,7,10,9,1794391879,,false
album_sidecar_track:album|marshall tucker band|marshall tucker band@@2@@10@@@@stay in country:album_bound_track_no_safe_match:1794391879,apple_music_sidecar_track_album_bound_pass_v1,album|marshall tucker band|marshall tucker band@@2@@10@@@@stay in country,album_sidecar_track,track,The Marshall Tucker Band,Stay in the Country,1973,us,album_bound_track_no_safe_match,7,10,9,1794391879,,false
album_sidecar_track:album|marshall tucker band|marshall tucker band@@2@@11@@@@driving you out of my mind:album_bound_track_no_safe_match:1794391879,apple_music_sidecar_track_album_bound_pass_v1,album|marshall tucker band|marshall tucker band@@2@@11@@@@driving you out of my mind,album_sidecar_track,track,The Marshall Tucker Band,Driving You Out of My Mind,1973,us,album_bound_track_no_safe_match,7,10,9,1794391879,,false
album_sidecar_track:album|marshall tucker band|marshall tucker band@@2@@12@@@@if that isn t love:album_bound_track_no_safe_match:1794391879,apple_music_sidecar_track_album_bound_pass_v1,album|marshall tucker band|marshall tucker band@@2@@12@@@@if that isn t love,album_sidecar_track,track,The Marshall Tucker Band,If That Isn't Love,1973,us,album_bound_track_no_safe_match,7,10,9,1794391879,,false
album_sidecar_track:album|marshall tucker band|marshall tucker band@@2@@13@@@@face down in blues:album_bound_track_no_safe_match:1794391879,apple_music_sidecar_track_album_bound_pass_v1,album|marshall tucker band|marshall tucker band@@2@@13@@@@face down in blues,album_sidecar_track,track,The Marshall Tucker Band,Face Down in the Blues,1973,us,album_bound_track_no_safe_match,7,18,10,1794391879,,false
album_sidecar_track:album|marshall tucker band|marshall tucker band@@2@@14@@@@time don t pass by here:album_bound_track_no_safe_match:1794391879,apple_music_sidecar_track_album_bound_pass_v1,album|marshall tucker band|marshall tucker band@@2@@14@@@@time don t pass by here,album_sidecar_track,track,The Marshall Tucker Band,Time Don't Pass by Here,1973,us,album_bound_track_no_safe_match,7,10,9,1794391879,,false
album_sidecar_track:album|marshall tucker band|marshall tucker band@@2@@15@@@@ramblin:album_bound_track_no_safe_match:1794391879,apple_music_sidecar_track_album_bound_pass_v1,album|marshall tucker band|marshall tucker band@@2@@15@@@@ramblin,album_sidecar_track,track,The Marshall Tucker Band,Ramblin',1973,us,album_bound_track_no_safe_match,7,51,10,1794391879,,false
album_sidecar_track:album|marshall tucker band|marshall tucker band@@2@@16@@@@texas on my mind:album_bound_track_no_safe_match:1794391879,apple_music_sidecar_track_album_bound_pass_v1,album|marshall tucker band|marshall tucker band@@2@@16@@@@texas on my mind,album_sidecar_track,track,The Marshall Tucker Band,Texas on My Mind,1973,us,album_bound_track_no_safe_match,7,10,9,1794391879,,false
album_sidecar_track:album|marshall tucker band|marshall tucker band@@2@@17@@@@ride of your life:album_bound_track_no_safe_match:1794391879,apple_music_sidecar_track_album_bound_pass_v1,album|marshall tucker band|marshall tucker band@@2@@17@@@@ride of your life,album_sidecar_track,track,The Marshall Tucker Band,Ride of Your Life,1973,us,album_bound_track_no_safe_match,7,10,9,1794391879,,false
album_sidecar_track:album|marshall tucker band|marshall tucker band@@2@@2@@@@cattle drive:album_bound_track_no_safe_match:1794391879,apple_music_sidecar_track_album_bound_pass_v1,album|marshall tucker band|marshall tucker band@@2@@2@@@@cattle drive,album_sidecar_track,track,The Marshall Tucker Band,Cattle Drive,1973,us,album_bound_track_no_safe_match,7,10,9,1794391879,,false
album_sidecar_track:album|marshall tucker band|marshall tucker band@@2@@3@@@@last of singing cowboys:album_bound_track_no_safe_match:1794391879,apple_music_sidecar_track_album_bound_pass_v1,album|marshall tucker band|marshall tucker band@@2@@3@@@@last of singing cowboys,album_sidecar_track,track,The Marshall Tucker Band,Last of the Singing Cowboys,1973,us,album_bound_track_no_safe_match,7,10,9,1794391879,,false
album_sidecar_track:album|marshall tucker band|marshall tucker band@@2@@4@@@@foolish dreaming:album_bound_track_no_safe_match:1794391879,apple_music_sidecar_track_album_bound_pass_v1,album|marshall tucker band|marshall tucker band@@2@@4@@@@foolish dreaming,album_sidecar_track,track,The Marshall Tucker Band,Foolish Dreaming,1973,us,album_bound_track_no_safe_match,7,15,12,1794391879,,false
album_sidecar_track:album|marshall tucker band|marshall tucker band@@2@@5@@@@ride in peace:album_bound_track_no_safe_match:1794391879,apple_music_sidecar_track_album_bound_pass_v1,album|marshall tucker band|marshall tucker band@@2@@5@@@@ride in peace,album_sidecar_track,track,The Marshall Tucker Band,Ride in Peace,1973,us,album_bound_track_no_safe_match,7,10,9,1794391879,,false
album_sidecar_track:album|marshall tucker band|marshall tucker band@@2@@6@@@@silverado:album_bound_track_no_safe_match:1794391879,apple_music_sidecar_track_album_bound_pass_v1,album|marshall tucker band|marshall tucker band@@2@@6@@@@silverado,album_sidecar_track,track,The Marshall Tucker Band,Silverado,1973,us,album_bound_track_no_safe_match,7,10,9,1794391879,,false
album_sidecar_track:album|marshall tucker band|marshall tucker band@@2@@7@@@@good ole hurtin song:album_bound_track_no_safe_match:1794391879,apple_music_sidecar_track_album_bound_pass_v1,album|marshall tucker band|marshall tucker band@@2@@7@@@@good ole hurtin song,album_sidecar_track,track,The Marshall Tucker Band,Good Ole Hurtin' Song,1973,us,album_bound_track_no_safe_match,7,18,14,1794391879,,false
album_sidecar_track:album|marshall tucker band|marshall tucker band@@2@@8@@@@anyway wind blows rider:album_bound_track_no_safe_match:1794391879,apple_music_sidecar_track_album_bound_pass_v1,album|marshall tucker band|marshall tucker band@@2@@8@@@@anyway wind blows rider,album_sidecar_track,track,The Marshall Tucker Band,Anyway the Wind Blows Rider,1973,us,album_bound_track_no_safe_match,7,10,9,1794391879,,false
album_sidecar_track:album|marshall tucker band|marshall tucker band@@2@@9@@@@going down road feeling bad:album_bound_track_no_safe_match:1794391879,apple_music_sidecar_track_album_bound_pass_v1,album|marshall tucker band|marshall tucker band@@2@@9@@@@going down road feeling bad,album_sidecar_track,track,The Marshall Tucker Band,Going Down the Road Feeling Bad,1973,us,album_bound_track_no_safe_match,7,13,10,1794391879,,false
album_sidecar_track:album|marty robbins|gunfighter ballads and trail songs@@1@@7@@@@el paso:album_bound_track_no_safe_match:158516933,apple_music_sidecar_track_album_bound_pass_v1,album|marty robbins|gunfighter ballads and trail songs@@1@@7@@@@el paso,album_sidecar_track,track,Marty Robbins,El Paso,1959,us,album_bound_track_no_safe_match,4,65,61,158516933,,false
album_sidecar_track:album|marvelettes|please mr postman@@1@@9@@@@all love i got:album_bound_track_no_safe_match:1444133030,apple_music_sidecar_track_album_bound_pass_v1,album|marvelettes|please mr postman@@1@@9@@@@all love i got,album_sidecar_track,track,The Marvelettes,All the Love I Got,1962,us,album_bound_track_no_safe_match,1,57,,1444133030,,false
album_sidecar_track:album|marvin gaye|let s get it on@@1@@2@@@@please stay once you go away:album_bound_track_no_safe_match:1442835298,apple_music_sidecar_track_album_bound_pass_v1,album|marvin gaye|let s get it on@@1@@2@@@@please stay once you go away,album_sidecar_track,track,Marvin Gaye,Please Stay (Once You Go Away),1973,us,album_bound_track_no_safe_match,1,61,,1442835298,,false
album_sidecar_track:album|mary j blige|my life@@1@@5@@@@i m only women:album_bound_track_no_safe_match:1488020290,apple_music_sidecar_track_album_bound_pass_v1,album|mary j blige|my life@@1@@5@@@@i m only women,album_sidecar_track,track,Mary J. Blige,I'm the Only Women,1994,us,album_bound_track_no_safe_match,1,58,,1488020290,,false
album_sidecar_track:album|master p|ghetto d@@1@@12@@@@make em say ugh:album_bound_track_no_safe_match:721278963,apple_music_sidecar_track_album_bound_pass_v1,album|master p|ghetto d@@1@@12@@@@make em say ugh,album_sidecar_track,track,Master P,Make ’Em Say Ugh,1997,us,album_bound_track_no_safe_match,1,57,,721278963,,false
album_sidecar_track:album|masters at work|album@@1@@2@@@@donde lo conseguiste:album_bound_track_no_safe_match:115691982,apple_music_sidecar_track_album_bound_pass_v1,album|masters at work|album@@1@@2@@@@donde lo conseguiste,album_sidecar_track,track,Masters at Work,Donde Lo Conseguiste,1993,us,album_bound_track_no_safe_match,0,0,,115691982,,false
album_sidecar_track:album|masters at work|album@@1@@3@@@@buddah chant:album_bound_track_no_safe_match:115691982,apple_music_sidecar_track_album_bound_pass_v1,album|masters at work|album@@1@@3@@@@buddah chant,album_sidecar_track,track,Masters at Work,The Buddah Chant,1993,us,album_bound_track_no_safe_match,0,0,,115691982,,false
album_sidecar_track:album|masters at work|album@@1@@4@@@@too smooth:album_bound_track_no_safe_match:115691982,apple_music_sidecar_track_album_bound_pass_v1,album|masters at work|album@@1@@4@@@@too smooth,album_sidecar_track,track,Masters at Work,Too Smooth,1993,us,album_bound_track_no_safe_match,0,0,,115691982,,false
album_sidecar_track:album|masters at work|album@@1@@5@@@@get up:album_bound_track_no_safe_match:115691982,apple_music_sidecar_track_album_bound_pass_v1,album|masters at work|album@@1@@5@@@@get up,album_sidecar_track,track,Masters at Work,Get Up,1993,us,album_bound_track_no_safe_match,0,0,,115691982,,false
album_sidecar_track:album|masters at work|album@@1@@6@@@@blood vibes:album_bound_track_no_safe_match:115691982,apple_music_sidecar_track_album_bound_pass_v1,album|masters at work|album@@1@@6@@@@blood vibes,album_sidecar_track,track,Masters at Work,Blood Vibes,1993,us,album_bound_track_no_safe_match,0,0,,115691982,,false
album_sidecar_track:album|maverick city music|maverick city vol 3 part 1@@1@@11@@@@my heart my home:album_bound_track_no_safe_match:1571839845,apple_music_sidecar_track_album_bound_pass_v1,album|maverick city music|maverick city vol 3 part 1@@1@@11@@@@my heart my home,album_sidecar_track,track,Maverick City Music,My Heart My Home,2020,us,album_bound_track_no_safe_match,1,57,,1571839845,,false
album_sidecar_track:album|max richter|sleep@@1@@10@@@@nor earth nor boundless sea:album_bound_track_no_safe_match:1452629309,apple_music_sidecar_track_album_bound_pass_v1,album|max richter|sleep@@1@@10@@@@nor earth nor boundless sea,album_sidecar_track,track,Max Richter,"nor earth, nor boundless sea",2015,us,album_bound_track_no_safe_match,201,43,43,1452629309,,false
album_sidecar_track:album|max richter|sleep@@1@@11@@@@dream 11 whisper music:album_bound_track_no_safe_match:1452629309,apple_music_sidecar_track_album_bound_pass_v1,album|max richter|sleep@@1@@11@@@@dream 11 whisper music,album_sidecar_track,track,Max Richter,Dream 11 (whisper music),2015,us,album_bound_track_no_safe_match,201,43,43,1452629309,,false
album_sidecar_track:album|max richter|sleep@@1@@12@@@@moth like stars:album_bound_track_no_safe_match:1452629309,apple_music_sidecar_track_album_bound_pass_v1,album|max richter|sleep@@1@@12@@@@moth like stars,album_sidecar_track,track,Max Richter,moth‐like stars,2015,us,album_bound_track_no_safe_match,201,43,43,1452629309,,false
album_sidecar_track:album|max richter|sleep@@1@@13@@@@path 17 before ending of daylight:album_bound_track_no_safe_match:1452629309,apple_music_sidecar_track_album_bound_pass_v1,album|max richter|sleep@@1@@13@@@@path 17 before ending of daylight,album_sidecar_track,track,Max Richter,Path 17 (before the ending of daylight),2015,us,album_bound_track_no_safe_match,201,43,43,1452629309,,false
album_sidecar_track:album|max richter|sleep@@1@@14@@@@space 26 epicardium:album_bound_track_no_safe_match:1452629309,apple_music_sidecar_track_album_bound_pass_v1,album|max richter|sleep@@1@@14@@@@space 26 epicardium,album_sidecar_track,track,Max Richter,Space 26 (epicardium),2015,us,album_bound_track_no_safe_match,201,43,43,1452629309,,false
album_sidecar_track:album|max richter|sleep@@1@@15@@@@patterns lux:album_bound_track_no_safe_match:1452629309,apple_music_sidecar_track_album_bound_pass_v1,album|max richter|sleep@@1@@15@@@@patterns lux,album_sidecar_track,track,Max Richter,Patterns (lux),2015,us,album_bound_track_no_safe_match,201,43,43,1452629309,,false
album_sidecar_track:album|max richter|sleep@@1@@16@@@@constellation 1:album_bound_track_no_safe_match:1452629309,apple_music_sidecar_track_album_bound_pass_v1,album|max richter|sleep@@1@@16@@@@constellation 1,album_sidecar_track,track,Max Richter,Constellation 1,2015,us,album_bound_track_no_safe_match,201,43,43,1452629309,,false
album_sidecar_track:album|max richter|sleep@@1@@17@@@@constellation 2:album_bound_track_no_safe_match:1452629309,apple_music_sidecar_track_album_bound_pass_v1,album|max richter|sleep@@1@@17@@@@constellation 2,album_sidecar_track,track,Max Richter,Constellation 2,2015,us,album_bound_track_no_safe_match,201,43,43,1452629309,,false
album_sidecar_track:album|max richter|sleep@@1@@18@@@@space 2 slow waves:album_bound_track_no_safe_match:1452629309,apple_music_sidecar_track_album_bound_pass_v1,album|max richter|sleep@@1@@18@@@@space 2 slow waves,album_sidecar_track,track,Max Richter,Space 2 (slow waves),2015,us,album_bound_track_no_safe_match,201,43,43,1452629309,,false
album_sidecar_track:album|max richter|sleep@@1@@19@@@@chorale glow:album_bound_track_no_safe_match:1452629309,apple_music_sidecar_track_album_bound_pass_v1,album|max richter|sleep@@1@@19@@@@chorale glow,album_sidecar_track,track,Max Richter,Chorale / glow,2015,us,album_bound_track_no_safe_match,201,43,43,1452629309,,false
album_sidecar_track:album|max richter|sleep@@1@@2@@@@cumulonimbus:album_bound_track_no_safe_match:1452629309,apple_music_sidecar_track_album_bound_pass_v1,album|max richter|sleep@@1@@2@@@@cumulonimbus,album_sidecar_track,track,Max Richter,Cumulonimbus,2015,us,album_bound_track_no_safe_match,201,47,43,1452629309,,false
album_sidecar_track:album|max richter|sleep@@1@@20@@@@dream 19 pulse:album_bound_track_no_safe_match:1452629309,apple_music_sidecar_track_album_bound_pass_v1,album|max richter|sleep@@1@@20@@@@dream 19 pulse,album_sidecar_track,track,Max Richter,Dream 19 (pulse),2015,us,album_bound_track_no_safe_match,201,43,43,1452629309,,false
album_sidecar_track:album|max richter|sleep@@1@@21@@@@cassiopeia:album_bound_track_no_safe_match:1452629309,apple_music_sidecar_track_album_bound_pass_v1,album|max richter|sleep@@1@@21@@@@cassiopeia,album_sidecar_track,track,Max Richter,Cassiopeia,2015,us,album_bound_track_no_safe_match,201,43,43,1452629309,,false
album_sidecar_track:album|max richter|sleep@@1@@22@@@@non eternal:album_bound_track_no_safe_match:1452629309,apple_music_sidecar_track_album_bound_pass_v1,album|max richter|sleep@@1@@22@@@@non eternal,album_sidecar_track,track,Max Richter,Non‐eternal,2015,us,album_bound_track_no_safe_match,201,43,43,1452629309,,false
album_sidecar_track:album|max richter|sleep@@1@@24@@@@aria 2:album_bound_track_no_safe_match:1452629309,apple_music_sidecar_track_album_bound_pass_v1,album|max richter|sleep@@1@@24@@@@aria 2,album_sidecar_track,track,Max Richter,Aria 2,2015,us,album_bound_track_no_safe_match,201,43,43,1452629309,,false
album_sidecar_track:album|max richter|sleep@@1@@25@@@@never fade into nothingness:album_bound_track_no_safe_match:1452629309,apple_music_sidecar_track_album_bound_pass_v1,album|max richter|sleep@@1@@25@@@@never fade into nothingness,album_sidecar_track,track,Max Richter,never fade into nothingness,2015,us,album_bound_track_no_safe_match,201,43,43,1452629309,,false
album_sidecar_track:album|max richter|sleep@@1@@26@@@@return 16 time capsule:album_bound_track_no_safe_match:1452629309,apple_music_sidecar_track_album_bound_pass_v1,album|max richter|sleep@@1@@26@@@@return 16 time capsule,album_sidecar_track,track,Max Richter,Return 16 (time capsule),2015,us,album_bound_track_no_safe_match,201,43,43,1452629309,,false
album_sidecar_track:album|max richter|sleep@@1@@27@@@@if you came this way:album_bound_track_no_safe_match:1452629309,apple_music_sidecar_track_album_bound_pass_v1,album|max richter|sleep@@1@@27@@@@if you came this way,album_sidecar_track,track,Max Richter,if you came this way,2015,us,album_bound_track_no_safe_match,201,43,43,1452629309,,false
album_sidecar_track:album|max richter|sleep@@1@@28@@@@space 17 chains:album_bound_track_no_safe_match:1452629309,apple_music_sidecar_track_album_bound_pass_v1,album|max richter|sleep@@1@@28@@@@space 17 chains,album_sidecar_track,track,Max Richter,Space 17 (chains),2015,us,album_bound_track_no_safe_match,201,43,43,1452629309,,false
album_sidecar_track:album|max richter|sleep@@1@@29@@@@sublunar:album_bound_track_no_safe_match:1452629309,apple_music_sidecar_track_album_bound_pass_v1,album|max richter|sleep@@1@@29@@@@sublunar,album_sidecar_track,track,Max Richter,Sublunar,2015,us,album_bound_track_no_safe_match,201,43,43,1452629309,,false
album_sidecar_track:album|max richter|sleep@@1@@3@@@@dream 2 entropy:album_bound_track_no_safe_match:1452629309,apple_music_sidecar_track_album_bound_pass_v1,album|max richter|sleep@@1@@3@@@@dream 2 entropy,album_sidecar_track,track,Max Richter,Dream 2 (entropy),2015,us,album_bound_track_no_safe_match,201,46,43,1452629309,,false
album_sidecar_track:album|max richter|sleep@@1@@30@@@@dream 17 alpha:album_bound_track_no_safe_match:1452629309,apple_music_sidecar_track_album_bound_pass_v1,album|max richter|sleep@@1@@30@@@@dream 17 alpha,album_sidecar_track,track,Max Richter,Dream 17 (Alpha),2015,us,album_bound_track_no_safe_match,201,43,43,1452629309,,false
album_sidecar_track:album|max richter|sleep@@1@@31@@@@dream 0 till break of day:album_bound_track_no_safe_match:1452629309,apple_music_sidecar_track_album_bound_pass_v1,album|max richter|sleep@@1@@31@@@@dream 0 till break of day,album_sidecar_track,track,Max Richter,Dream 0 (till break of day),2015,us,album_bound_track_no_safe_match,201,43,43,1452629309,,false
album_sidecar_track:album|max richter|sleep@@1@@4@@@@path 3 7676:album_bound_track_no_safe_match:1452629309,apple_music_sidecar_track_album_bound_pass_v1,album|max richter|sleep@@1@@4@@@@path 3 7676,album_sidecar_track,track,Max Richter,Path 3 (7676),2015,us,album_bound_track_no_safe_match,201,45,43,1452629309,,false
album_sidecar_track:album|max richter|sleep@@1@@5@@@@whose name is written on water:album_bound_track_no_safe_match:1452629309,apple_music_sidecar_track_album_bound_pass_v1,album|max richter|sleep@@1@@5@@@@whose name is written on water,album_sidecar_track,track,Max Richter,whose name is written on water,2015,us,album_bound_track_no_safe_match,201,44,43,1452629309,,false
album_sidecar_track:album|max richter|sleep@@1@@7@@@@solo:album_bound_track_no_safe_match:1452629309,apple_music_sidecar_track_album_bound_pass_v1,album|max richter|sleep@@1@@7@@@@solo,album_sidecar_track,track,Max Richter,Solo,2015,us,album_bound_track_no_safe_match,201,43,43,1452629309,,false
album_sidecar_track:album|max richter|sleep@@1@@8@@@@aria 1:album_bound_track_no_safe_match:1452629309,apple_music_sidecar_track_album_bound_pass_v1,album|max richter|sleep@@1@@8@@@@aria 1,album_sidecar_track,track,Max Richter,Aria 1,2015,us,album_bound_track_no_safe_match,201,43,43,1452629309,,false
album_sidecar_track:album|max richter|sleep@@1@@9@@@@return 2 song:album_bound_track_no_safe_match:1452629309,apple_music_sidecar_track_album_bound_pass_v1,album|max richter|sleep@@1@@9@@@@return 2 song,album_sidecar_track,track,Max Richter,Return 2 (song),2015,us,album_bound_track_no_safe_match,201,43,43,1452629309,,false
album_sidecar_track:album|maximo park|a certain trigger@@1@@14@@@@a year of doubt:album_bound_track_no_safe_match:1847978133,apple_music_sidecar_track_album_bound_pass_v1,album|maximo park|a certain trigger@@1@@14@@@@a year of doubt,album_sidecar_track,track,Maximo Park,A Year of Doubt,2005,us,album_bound_track_no_safe_match,0,0,,1847978133,,false
album_sidecar_track:album|maximo park|a certain trigger@@1@@15@@@@i want you to leave:album_bound_track_no_safe_match:1847978133,apple_music_sidecar_track_album_bound_pass_v1,album|maximo park|a certain trigger@@1@@15@@@@i want you to leave,album_sidecar_track,track,Maximo Park,I Want You to Leave,2005,us,album_bound_track_no_safe_match,0,0,,1847978133,,false
album_sidecar_track:album|meat puppets|up on the sun@@1@@9@@@@enchanted pork fist:album_bound_track_no_safe_match:444775710,apple_music_sidecar_track_album_bound_pass_v1,album|meat puppets|up on the sun@@1@@9@@@@enchanted pork fist,album_sidecar_track,track,Meat Puppets,Enchanted Pork Fist,1985,us,album_bound_track_no_safe_match,6,57,7,444775710,,false
album_sidecar_track:album|megadeth|peace sells but who is buying@@1@@4@@@@devils island:album_bound_track_no_safe_match:1440837699,apple_music_sidecar_track_album_bound_pass_v1,album|megadeth|peace sells but who is buying@@1@@4@@@@devils island,album_sidecar_track,track,Megadeth,Devils Island,1986,us,album_bound_track_no_safe_match,5,59,21,1440837699,,false
album_sidecar_track:album|mercyme|almost there@@1@@12@@@@i can only imagine independent release:album_bound_track_no_safe_match:1555203606,apple_music_sidecar_track_album_bound_pass_v1,album|mercyme|almost there@@1@@12@@@@i can only imagine independent release,album_sidecar_track,track,MercyMe,I Can Only Imagine (independent release),2001,us,album_bound_track_no_safe_match,0,0,,1555203606,,false
album_sidecar_track:album|mercyme|almost there@@1@@13@@@@i can only imagine acoustic version:album_bound_track_no_safe_match:1555203606,apple_music_sidecar_track_album_bound_pass_v1,album|mercyme|almost there@@1@@13@@@@i can only imagine acoustic version,album_sidecar_track,track,MercyMe,I Can Only Imagine (acoustic version),2001,us,album_bound_track_no_safe_match,0,0,,1555203606,,false
album_sidecar_track:album|mercyme|almost there@@1@@14@@@@i can only imagine live at door:album_bound_track_no_safe_match:1555203606,apple_music_sidecar_track_album_bound_pass_v1,album|mercyme|almost there@@1@@14@@@@i can only imagine live at door,album_sidecar_track,track,MercyMe,I Can Only Imagine (live at the Door),2001,us,album_bound_track_no_safe_match,0,0,,1555203606,,false
album_sidecar_track:album|mercyme|almost there@@1@@15@@@@interview with bart pt 1:album_bound_track_no_safe_match:1555203606,apple_music_sidecar_track_album_bound_pass_v1,album|mercyme|almost there@@1@@15@@@@interview with bart pt 1,album_sidecar_track,track,MercyMe,"Interview With Bart, Pt. 1",2001,us,album_bound_track_no_safe_match,0,0,,1555203606,,false
album_sidecar_track:album|mercyme|almost there@@1@@16@@@@interview with bart pt 2:album_bound_track_no_safe_match:1555203606,apple_music_sidecar_track_album_bound_pass_v1,album|mercyme|almost there@@1@@16@@@@interview with bart pt 2,album_sidecar_track,track,MercyMe,"Interview With Bart, Pt. 2",2001,us,album_bound_track_no_safe_match,0,0,,1555203606,,false
album_sidecar_track:album|mercyme|almost there@@1@@17@@@@interview with bart pt 3:album_bound_track_no_safe_match:1555203606,apple_music_sidecar_track_album_bound_pass_v1,album|mercyme|almost there@@1@@17@@@@interview with bart pt 3,album_sidecar_track,track,MercyMe,"Interview With Bart, Pt. 3",2001,us,album_bound_track_no_safe_match,0,0,,1555203606,,false
album_sidecar_track:album|mercyme|almost there@@1@@18@@@@interview with bart pt 4:album_bound_track_no_safe_match:1555203606,apple_music_sidecar_track_album_bound_pass_v1,album|mercyme|almost there@@1@@18@@@@interview with bart pt 4,album_sidecar_track,track,MercyMe,"Interview With Bart, Pt. 4",2001,us,album_bound_track_no_safe_match,0,0,,1555203606,,false
album_sidecar_track:album|mercyme|almost there@@1@@19@@@@interview with bart pt 5:album_bound_track_no_safe_match:1555203606,apple_music_sidecar_track_album_bound_pass_v1,album|mercyme|almost there@@1@@19@@@@interview with bart pt 5,album_sidecar_track,track,MercyMe,"Interview With Bart, Pt. 5",2001,us,album_bound_track_no_safe_match,0,0,,1555203606,,false
album_sidecar_track:album|mercyme|almost there@@1@@20@@@@interview with bart pt 6:album_bound_track_no_safe_match:1555203606,apple_music_sidecar_track_album_bound_pass_v1,album|mercyme|almost there@@1@@20@@@@interview with bart pt 6,album_sidecar_track,track,MercyMe,"Interview With Bart, Pt. 6",2001,us,album_bound_track_no_safe_match,0,0,,1555203606,,false
album_sidecar_track:album|mercyme|almost there@@1@@21@@@@interview with bart pt 7:album_bound_track_no_safe_match:1555203606,apple_music_sidecar_track_album_bound_pass_v1,album|mercyme|almost there@@1@@21@@@@interview with bart pt 7,album_sidecar_track,track,MercyMe,"Interview With Bart, Pt. 7",2001,us,album_bound_track_no_safe_match,0,0,,1555203606,,false
album_sidecar_track:album|mercyme|almost there@@1@@22@@@@interview with bart pt 8:album_bound_track_no_safe_match:1555203606,apple_music_sidecar_track_album_bound_pass_v1,album|mercyme|almost there@@1@@22@@@@interview with bart pt 8,album_sidecar_track,track,MercyMe,"Interview With Bart, Pt. 8",2001,us,album_bound_track_no_safe_match,0,0,,1555203606,,false
album_sidecar_track:album|mercyme|almost there@@1@@23@@@@interview with bart pt 9:album_bound_track_no_safe_match:1555203606,apple_music_sidecar_track_album_bound_pass_v1,album|mercyme|almost there@@1@@23@@@@interview with bart pt 9,album_sidecar_track,track,MercyMe,"Interview With Bart, Pt. 9",2001,us,album_bound_track_no_safe_match,0,0,,1555203606,,false
album_sidecar_track:album|mercyme|almost there@@1@@24@@@@interview with bart pt 10:album_bound_track_no_safe_match:1555203606,apple_music_sidecar_track_album_bound_pass_v1,album|mercyme|almost there@@1@@24@@@@interview with bart pt 10,album_sidecar_track,track,MercyMe,"Interview With Bart, Pt. 10",2001,us,album_bound_track_no_safe_match,0,0,,1555203606,,false
album_sidecar_track:album|mercyme|almost there@@1@@25@@@@interview with bart pt 11:album_bound_track_no_safe_match:1555203606,apple_music_sidecar_track_album_bound_pass_v1,album|mercyme|almost there@@1@@25@@@@interview with bart pt 11,album_sidecar_track,track,MercyMe,"Interview With Bart, Pt. 11",2001,us,album_bound_track_no_safe_match,0,0,,1555203606,,false
album_sidecar_track:album|mercyme|almost there@@1@@26@@@@interview with bart pt 12:album_bound_track_no_safe_match:1555203606,apple_music_sidecar_track_album_bound_pass_v1,album|mercyme|almost there@@1@@26@@@@interview with bart pt 12,album_sidecar_track,track,MercyMe,"Interview With Bart, Pt. 12",2001,us,album_bound_track_no_safe_match,0,0,,1555203606,,false
album_sidecar_track:album|mercyme|almost there@@1@@27@@@@interview with bart pt 13:album_bound_track_no_safe_match:1555203606,apple_music_sidecar_track_album_bound_pass_v1,album|mercyme|almost there@@1@@27@@@@interview with bart pt 13,album_sidecar_track,track,MercyMe,"Interview With Bart, Pt. 13",2001,us,album_bound_track_no_safe_match,0,0,,1555203606,,false
album_sidecar_track:album|mercyme|almost there@@1@@28@@@@interview with bart pt 14:album_bound_track_no_safe_match:1555203606,apple_music_sidecar_track_album_bound_pass_v1,album|mercyme|almost there@@1@@28@@@@interview with bart pt 14,album_sidecar_track,track,MercyMe,"Interview With Bart, Pt. 14",2001,us,album_bound_track_no_safe_match,0,0,,1555203606,,false
album_sidecar_track:album|mercyme|almost there@@1@@29@@@@interview with bart pt 15:album_bound_track_no_safe_match:1555203606,apple_music_sidecar_track_album_bound_pass_v1,album|mercyme|almost there@@1@@29@@@@interview with bart pt 15,album_sidecar_track,track,MercyMe,"Interview With Bart, Pt. 15",2001,us,album_bound_track_no_safe_match,0,0,,1555203606,,false
album_sidecar_track:album|mercyme|almost there@@1@@30@@@@interview with bart pt 16:album_bound_track_no_safe_match:1555203606,apple_music_sidecar_track_album_bound_pass_v1,album|mercyme|almost there@@1@@30@@@@interview with bart pt 16,album_sidecar_track,track,MercyMe,"Interview With Bart, Pt. 16",2001,us,album_bound_track_no_safe_match,0,0,,1555203606,,false
album_sidecar_track:album|mercyme|almost there@@1@@31@@@@song by song:album_bound_track_no_safe_match:1555203606,apple_music_sidecar_track_album_bound_pass_v1,album|mercyme|almost there@@1@@31@@@@song by song,album_sidecar_track,track,MercyMe,Song by Song,2001,us,album_bound_track_no_safe_match,0,0,,1555203606,,false
album_sidecar_track:album|merry go round|merry go round@@1@@8@@@@where have you been all my life:album_bound_track_no_safe_match:1424533234,apple_music_sidecar_track_album_bound_pass_v1,album|merry go round|merry go round@@1@@8@@@@where have you been all my life,album_sidecar_track,track,The Merry-Go-Round,Where Have You Been All My Life?,1967,us,album_bound_track_no_safe_match,1,53,,1424533234,,false
album_sidecar_track:album|mf doom|mm food@@1@@11@@@@guinesses:album_bound_track_no_safe_match:1516750770,apple_music_sidecar_track_album_bound_pass_v1,album|mf doom|mm food@@1@@11@@@@guinesses,album_sidecar_track,track,MF DOOM,Guinesses,2004,us,album_bound_track_no_safe_match,1,57,,1516750770,,false
album_sidecar_track:album|michael buble|christmas@@1@@17@@@@winter wonderland:album_bound_track_no_safe_match:669854820,apple_music_sidecar_track_album_bound_pass_v1,album|michael buble|christmas@@1@@17@@@@winter wonderland,album_sidecar_track,track,Michael Buble,Winter Wonderland,2011,us,album_bound_track_no_safe_match,0,0,,669854820,,false
album_sidecar_track:album|michael buble|christmas@@1@@18@@@@frosty snowman:album_bound_track_no_safe_match:669854820,apple_music_sidecar_track_album_bound_pass_v1,album|michael buble|christmas@@1@@18@@@@frosty snowman,album_sidecar_track,track,Michael Buble,Frosty the Snowman,2011,us,album_bound_track_no_safe_match,0,0,,669854820,,false
album_sidecar_track:album|michael buble|christmas@@1@@19@@@@silver bells:album_bound_track_no_safe_match:669854820,apple_music_sidecar_track_album_bound_pass_v1,album|michael buble|christmas@@1@@19@@@@silver bells,album_sidecar_track,track,Michael Buble,Silver Bells,2011,us,album_bound_track_no_safe_match,0,0,,669854820,,false
album_sidecar_track:album|miguel|kaleidoscope dream@@1@@10@@@@pussy is mine:album_bound_track_no_safe_match:561709112,apple_music_sidecar_track_album_bound_pass_v1,album|miguel|kaleidoscope dream@@1@@10@@@@pussy is mine,album_sidecar_track,track,Miguel,Pussy Is Mine,2012,us,album_bound_track_no_safe_match,2,57,7,561709112,,false
album_sidecar_track:album|miguel|wildheart@@1@@13@@@@gfg:album_bound_track_no_safe_match:1005194169,apple_music_sidecar_track_album_bound_pass_v1,album|miguel|wildheart@@1@@13@@@@gfg,album_sidecar_track,track,Miguel,gfg,2015,us,album_bound_track_no_safe_match,1,7,,1005194169,,false
album_sidecar_track:album|miguel|wildheart@@1@@14@@@@destinado a morir:album_bound_track_no_safe_match:1005194169,apple_music_sidecar_track_album_bound_pass_v1,album|miguel|wildheart@@1@@14@@@@destinado a morir,album_sidecar_track,track,Miguel,destinado a morir,2015,us,album_bound_track_no_safe_match,1,43,,1005194169,,false
album_sidecar_track:album|miguel|wildheart@@1@@15@@@@simple things:album_bound_track_no_safe_match:1005194169,apple_music_sidecar_track_album_bound_pass_v1,album|miguel|wildheart@@1@@15@@@@simple things,album_sidecar_track,track,Miguel,Simple Things,2015,us,album_bound_track_no_safe_match,1,7,,1005194169,,false
album_sidecar_track:album|miguel|wildheart@@1@@16@@@@damned:album_bound_track_no_safe_match:1005194169,apple_music_sidecar_track_album_bound_pass_v1,album|miguel|wildheart@@1@@16@@@@damned,album_sidecar_track,track,Miguel,damned,2015,us,album_bound_track_no_safe_match,1,7,,1005194169,,false
album_sidecar_track:album|mike oldfield|tubular bells@@1@@1@@@@tubular bells part one:album_bound_track_no_safe_match:1440852773,apple_music_sidecar_track_album_bound_pass_v1,album|mike oldfield|tubular bells@@1@@1@@@@tubular bells part one,album_sidecar_track,track,Mike Oldfield,"Tubular Bells, Part One",1973,us,album_bound_track_no_safe_match,4,48,11,1440852773,,false
album_sidecar_track:album|mike oldfield|tubular bells@@1@@2@@@@tubular bells part two:album_bound_track_no_safe_match:1440852773,apple_music_sidecar_track_album_bound_pass_v1,album|mike oldfield|tubular bells@@1@@2@@@@tubular bells part two,album_sidecar_track,track,Mike Oldfield,"Tubular Bells, Part Two",1973,us,album_bound_track_no_safe_match,4,61,12,1440852773,,false
album_sidecar_track:album|ministry|psalm 69@@1@@6@@@@scarecrow:album_bound_track_no_safe_match:297744447,apple_music_sidecar_track_album_bound_pass_v1,album|ministry|psalm 69@@1@@6@@@@scarecrow,album_sidecar_track,track,Ministry,Scarecrow,1992,us,album_bound_track_no_safe_match,1,57,,297744447,,false
album_sidecar_track:album|minutemen|double nickels on the dime@@1@@12@@@@one reporter s opinion:album_bound_track_no_safe_match:117012391,apple_music_sidecar_track_album_bound_pass_v1,album|minutemen|double nickels on the dime@@1@@12@@@@one reporter s opinion,album_sidecar_track,track,Minutemen,One Reporter’s Opinion,1984,us,album_bound_track_no_safe_match,6,57,21,117012391,,false
album_sidecar_track:album|minutemen|double nickels on the dime@@1@@23@@@@history lesson part ii:album_bound_track_no_safe_match:117012391,apple_music_sidecar_track_album_bound_pass_v1,album|minutemen|double nickels on the dime@@1@@23@@@@history lesson part ii,album_sidecar_track,track,Minutemen,History Lesson – Part II,1984,us,album_bound_track_no_safe_match,6,57,21,117012391,,false
album_sidecar_track:album|minutemen|double nickels on the dime@@2@@18@@@@ain t talkin bout love:album_bound_track_no_safe_match:117012391,apple_music_sidecar_track_album_bound_pass_v1,album|minutemen|double nickels on the dime@@2@@18@@@@ain t talkin bout love,album_sidecar_track,track,Minutemen,Ain’t Talkin’ ’Bout Love,1984,us,album_bound_track_no_safe_match,5,21,7,117012391,,false
album_sidecar_track:album|minutemen|double nickels on the dime@@2@@19@@@@doctor wu:album_bound_track_no_safe_match:117012391,apple_music_sidecar_track_album_bound_pass_v1,album|minutemen|double nickels on the dime@@2@@19@@@@doctor wu,album_sidecar_track,track,Minutemen,Doctor Wu,1984,us,album_bound_track_no_safe_match,5,21,17,117012391,,false
album_sidecar_track:album|minutemen|double nickels on the dime@@2@@20@@@@little man with a gun in his hand:album_bound_track_no_safe_match:117012391,apple_music_sidecar_track_album_bound_pass_v1,album|minutemen|double nickels on the dime@@2@@20@@@@little man with a gun in his hand,album_sidecar_track,track,Minutemen,Little Man With a Gun in His Hand,1984,us,album_bound_track_no_safe_match,5,7,7,117012391,,false
album_sidecar_track:album|minutemen|double nickels on the dime@@2@@3@@@@mr robot s holy orders:album_bound_track_no_safe_match:117012391,apple_music_sidecar_track_album_bound_pass_v1,album|minutemen|double nickels on the dime@@2@@3@@@@mr robot s holy orders,album_sidecar_track,track,Minutemen,Mr. Robot’s Holy Orders,1984,us,album_bound_track_no_safe_match,6,7,7,117012391,,false
album_sidecar_track:album|miriam makeba|pata pata@@1@@6@@@@click song number 1:album_bound_track_no_safe_match:1472549617,apple_music_sidecar_track_album_bound_pass_v1,album|miriam makeba|pata pata@@1@@6@@@@click song number 1,album_sidecar_track,track,Miriam Makeba,Click Song Number 1,1967,us,album_bound_track_no_safe_match,12,57,21,1472549617,,false
album_sidecar_track:album|mobb deep|infamous@@1@@15@@@@shook ones part ii:album_bound_track_no_safe_match:255342338,apple_music_sidecar_track_album_bound_pass_v1,album|mobb deep|infamous@@1@@15@@@@shook ones part ii,album_sidecar_track,track,Mobb Deep,"Shook Ones, Part II",1995,us,album_bound_track_no_safe_match,2,57,9,255342338,,false
album_sidecar_track:album|mobb deep|infamous@@1@@4@@@@eye for an eye your beef is mines:album_bound_track_no_safe_match:255342338,apple_music_sidecar_track_album_bound_pass_v1,album|mobb deep|infamous@@1@@4@@@@eye for an eye your beef is mines,album_sidecar_track,track,Mobb Deep,Eye for an Eye (Your Beef Is Mines),1995,us,album_bound_track_no_safe_match,2,59,7,255342338,,false
album_sidecar_track:album|moby grape|moby grape@@1@@1@@@@hey grandma:album_bound_track_no_safe_match:266203734,apple_music_sidecar_track_album_bound_pass_v1,album|moby grape|moby grape@@1@@1@@@@hey grandma,album_sidecar_track,track,Moby Grape,Hey Grandma,1967,us,album_bound_track_no_safe_match,5,11,10,266203734,,false
album_sidecar_track:album|moby grape|moby grape@@1@@10@@@@sitting by window:album_bound_track_no_safe_match:266203734,apple_music_sidecar_track_album_bound_pass_v1,album|moby grape|moby grape@@1@@10@@@@sitting by window,album_sidecar_track,track,Moby Grape,Sitting by the Window,1967,us,album_bound_track_no_safe_match,5,11,10,266203734,,false
album_sidecar_track:album|moby grape|moby grape@@1@@11@@@@changes:album_bound_track_no_safe_match:266203734,apple_music_sidecar_track_album_bound_pass_v1,album|moby grape|moby grape@@1@@11@@@@changes,album_sidecar_track,track,Moby Grape,Changes,1967,us,album_bound_track_no_safe_match,5,11,10,266203734,,false
album_sidecar_track:album|moby grape|moby grape@@1@@12@@@@lazy me:album_bound_track_no_safe_match:266203734,apple_music_sidecar_track_album_bound_pass_v1,album|moby grape|moby grape@@1@@12@@@@lazy me,album_sidecar_track,track,Moby Grape,Lazy Me,1967,us,album_bound_track_no_safe_match,5,11,10,266203734,,false
album_sidecar_track:album|moby grape|moby grape@@1@@13@@@@indifference:album_bound_track_no_safe_match:266203734,apple_music_sidecar_track_album_bound_pass_v1,album|moby grape|moby grape@@1@@13@@@@indifference,album_sidecar_track,track,Moby Grape,Indifference,1967,us,album_bound_track_no_safe_match,5,45,11,266203734,,false
album_sidecar_track:album|moby grape|moby grape@@1@@2@@@@mr blues:album_bound_track_no_safe_match:266203734,apple_music_sidecar_track_album_bound_pass_v1,album|moby grape|moby grape@@1@@2@@@@mr blues,album_sidecar_track,track,Moby Grape,Mr. Blues,1967,us,album_bound_track_no_safe_match,5,11,10,266203734,,false
album_sidecar_track:album|moby grape|moby grape@@1@@3@@@@fall on you:album_bound_track_no_safe_match:266203734,apple_music_sidecar_track_album_bound_pass_v1,album|moby grape|moby grape@@1@@3@@@@fall on you,album_sidecar_track,track,Moby Grape,Fall on You,1967,us,album_bound_track_no_safe_match,5,11,10,266203734,,false
album_sidecar_track:album|moby grape|moby grape@@1@@5@@@@come in morning:album_bound_track_no_safe_match:266203734,apple_music_sidecar_track_album_bound_pass_v1,album|moby grape|moby grape@@1@@5@@@@come in morning,album_sidecar_track,track,Moby Grape,Come in the Morning,1967,us,album_bound_track_no_safe_match,5,11,10,266203734,,false
album_sidecar_track:album|moby grape|moby grape@@1@@6@@@@omaha:album_bound_track_no_safe_match:266203734,apple_music_sidecar_track_album_bound_pass_v1,album|moby grape|moby grape@@1@@6@@@@omaha,album_sidecar_track,track,Moby Grape,Omaha,1967,us,album_bound_track_no_safe_match,5,11,10,266203734,,false
album_sidecar_track:album|moby grape|moby grape@@1@@7@@@@naked if i want to:album_bound_track_no_safe_match:266203734,apple_music_sidecar_track_album_bound_pass_v1,album|moby grape|moby grape@@1@@7@@@@naked if i want to,album_sidecar_track,track,Moby Grape,"Naked, If I Want To",1967,us,album_bound_track_no_safe_match,5,11,10,266203734,,false
album_sidecar_track:album|moby grape|moby grape@@1@@8@@@@someday:album_bound_track_no_safe_match:266203734,apple_music_sidecar_track_album_bound_pass_v1,album|moby grape|moby grape@@1@@8@@@@someday,album_sidecar_track,track,Moby Grape,Someday,1967,us,album_bound_track_no_safe_match,5,11,10,266203734,,false
album_sidecar_track:album|moby grape|moby grape@@1@@9@@@@ain t no use:album_bound_track_no_safe_match:266203734,apple_music_sidecar_track_album_bound_pass_v1,album|moby grape|moby grape@@1@@9@@@@ain t no use,album_sidecar_track,track,Moby Grape,Ain’t No Use,1967,us,album_bound_track_no_safe_match,5,11,10,266203734,,false
album_sidecar_track:album|modest mouse|lonesome crowded west@@1@@15@@@@styrofoam boots it s all nice on ice alright:album_bound_track_no_safe_match:1566174024,apple_music_sidecar_track_album_bound_pass_v1,album|modest mouse|lonesome crowded west@@1@@15@@@@styrofoam boots it s all nice on ice alright,album_sidecar_track,track,Modest Mouse,"Styrofoam Boots / It’s All Nice on Ice, Alright",1997,us,album_bound_track_no_safe_match,1,57,,1566174024,,false
album_sidecar_track:album|monkees|pisces aquarius capricorn and jones ltd@@1@@12@@@@star collector:album_bound_track_no_safe_match:1114230648,apple_music_sidecar_track_album_bound_pass_v1,album|monkees|pisces aquarius capricorn and jones ltd@@1@@12@@@@star collector,album_sidecar_track,track,The Monkees,Star Collector,1967,us,album_bound_track_no_safe_match,3,51,17,1114230648,,false
album_sidecar_track:album|monkees|pisces aquarius capricorn and jones ltd@@1@@9@@@@peter percival patterson s pet pig porky pleasant valley sunday:album_bound_track_no_safe_match:1114230648,apple_music_sidecar_track_album_bound_pass_v1,album|monkees|pisces aquarius capricorn and jones ltd@@1@@9@@@@peter percival patterson s pet pig porky pleasant valley sunday,album_sidecar_track,track,The Monkees,Peter Percival Patterson’s Pet Pig Porky / Pleasant Valley Sunday,1967,us,album_bound_track_no_safe_match,5,67,41,1114230648,,false
album_sidecar_track:album|moody blues|days of future passed@@1@@7@@@@night nights in white satin:album_bound_track_no_safe_match:1440798214,apple_music_sidecar_track_album_bound_pass_v1,album|moody blues|days of future passed@@1@@7@@@@night nights in white satin,album_sidecar_track,track,The Moody Blues,The Night: Nights in White Satin,1967,us,album_bound_track_no_safe_match,1,53,,1440798214,,false
album_sidecar_track:album|moodymann|silentintroduction@@1@@2@@@@i can t kick this feelin when it hits:album_bound_track_no_safe_match:1117140118,apple_music_sidecar_track_album_bound_pass_v1,album|moodymann|silentintroduction@@1@@2@@@@i can t kick this feelin when it hits,album_sidecar_track,track,Moodymann,I Can’t Kick This Feelin’ When It Hits,1997,us,album_bound_track_no_safe_match,1,61,,1117140118,,false
album_sidecar_track:album|mooney suzuki|electric sweat@@1@@7@@@@it s showtime part ii:album_bound_track_no_safe_match:315022465,apple_music_sidecar_track_album_bound_pass_v1,album|mooney suzuki|electric sweat@@1@@7@@@@it s showtime part ii,album_sidecar_track,track,The Mooney Suzuki,"It’s Showtime, Part II",2002,us,album_bound_track_no_safe_match,1,57,,315022465,,false
album_sidecar_track:album|morcheeba|big calm@@1@@6@@@@bullet proof:album_bound_track_no_safe_match:358317593,apple_music_sidecar_track_album_bound_pass_v1,album|morcheeba|big calm@@1@@6@@@@bullet proof,album_sidecar_track,track,Morcheeba,Bullet Proof,1998,us,album_bound_track_no_safe_match,1,57,,358317593,,false
album_sidecar_track:album|mothers of invention|we re only in it for the money@@1@@11@@@@nasal retentive caliope:album_bound_track_no_safe_match:1443746670,apple_music_sidecar_track_album_bound_pass_v1,album|mothers of invention|we re only in it for the money@@1@@11@@@@nasal retentive caliope,album_sidecar_track,track,The Mothers of Invention,Nasal Retentive Caliope,1968,us,album_bound_track_no_safe_match,7,21,21,1443746670,,false
album_sidecar_track:album|mothers of invention|we re only in it for the money@@1@@12@@@@let s make water turn black:album_bound_track_no_safe_match:1443746670,apple_music_sidecar_track_album_bound_pass_v1,album|mothers of invention|we re only in it for the money@@1@@12@@@@let s make water turn black,album_sidecar_track,track,The Mothers of Invention,Let’s Make the Water Turn Black,1968,us,album_bound_track_no_safe_match,7,61,53,1443746670,,false
album_sidecar_track:album|mothers of invention|we re only in it for the money@@1@@5@@@@bow tie daddy:album_bound_track_no_safe_match:1443746670,apple_music_sidecar_track_album_bound_pass_v1,album|mothers of invention|we re only in it for the money@@1@@5@@@@bow tie daddy,album_sidecar_track,track,The Mothers of Invention,Bow Tie Daddy,1968,us,album_bound_track_no_safe_match,8,51,44,1443746670,,false
album_sidecar_track:album|mothers of invention|we re only in it for the money@@1@@9@@@@flower punk:album_bound_track_no_safe_match:1443746670,apple_music_sidecar_track_album_bound_pass_v1,album|mothers of invention|we re only in it for the money@@1@@9@@@@flower punk,album_sidecar_track,track,The Mothers of Invention,Flower Punk,1968,us,album_bound_track_no_safe_match,8,51,8,1443746670,,false
album_sidecar_track:album|motorhead|ace of spades@@1@@2@@@@dirty love:album_bound_track_no_safe_match:1614256828,apple_music_sidecar_track_album_bound_pass_v1,album|motorhead|ace of spades@@1@@2@@@@dirty love,album_sidecar_track,track,Motorhead,Dirty Love,1980,us,album_bound_track_no_safe_match,11,52,17,1614256828,,false
album_sidecar_track:album|motorhead|no sleep til hammersmith@@1@@8@@@@we are road crew:album_bound_track_no_safe_match:1614257261,apple_music_sidecar_track_album_bound_pass_v1,album|motorhead|no sleep til hammersmith@@1@@8@@@@we are road crew,album_sidecar_track,track,Motorhead,(We Are) The Road Crew,1981,us,album_bound_track_no_safe_match,2,57,7,1614257261,,false
album_sidecar_track:album|mountain|climbing@@1@@2@@@@theme for an imaginary western:album_bound_track_no_safe_match:157308020,apple_music_sidecar_track_album_bound_pass_v1,album|mountain|climbing@@1@@2@@@@theme for an imaginary western,album_sidecar_track,track,Mountain,Theme for an Imaginary Western,1970,us,album_bound_track_no_safe_match,1,61,,157308020,,false
album_sidecar_track:album|mudhoney|superfuzz bigmuff@@1@@2@@@@chain that door:album_bound_track_no_safe_match:279888941,apple_music_sidecar_track_album_bound_pass_v1,album|mudhoney|superfuzz bigmuff@@1@@2@@@@chain that door,album_sidecar_track,track,Mudhoney,Chain That Door,1988,us,album_bound_track_no_safe_match,27,52,47,279888941,,false
album_sidecar_track:album|mumford and sons|sigh no more@@1@@13@@@@to darkness:album_bound_track_no_safe_match:1771710636,apple_music_sidecar_track_album_bound_pass_v1,album|mumford and sons|sigh no more@@1@@13@@@@to darkness,album_sidecar_track,track,Mumford & Sons,To Darkness,2009,us,album_bound_track_no_safe_match,0,0,,1771710636,,false
album_sidecar_track:album|musiq soulchild|aijuswanaseing@@2@@1@@@@just friends sunny masters at work 12 mix 517000 844583e6 ec7d 4b14 8580 32557869bc31 false:album_bound_track_no_safe_match:1440921030,apple_music_sidecar_track_album_bound_pass_v1,album|musiq soulchild|aijuswanaseing@@2@@1@@@@just friends sunny masters at work 12 mix 517000 844583e6 ec7d 4b14 8580 32557869bc31 false,album_sidecar_track,track,Musiq Soulchild,"Just Friends (Sunny) (Masters At Work 12 Mix),,517000,,844583e6-ec7d-4b14-8580-32557869bc31,,false",2000,us,album_bound_track_no_safe_match,0,0,,1440921030,,false
album_sidecar_track:album|musiq soulchild|aijuswanaseing@@2@@2@@@@just friends sunny masters at work dub:album_bound_track_no_safe_match:1440921030,apple_music_sidecar_track_album_bound_pass_v1,album|musiq soulchild|aijuswanaseing@@2@@2@@@@just friends sunny masters at work dub,album_sidecar_track,track,Musiq Soulchild,Just Friends (Sunny) (Masters At Work Dub),2000,us,album_bound_track_no_safe_match,0,0,,1440921030,,false
album_sidecar_track:album|musiq soulchild|aijuswanaseing@@2@@3@@@@just friends sunny beat box mix:album_bound_track_no_safe_match:1440921030,apple_music_sidecar_track_album_bound_pass_v1,album|musiq soulchild|aijuswanaseing@@2@@3@@@@just friends sunny beat box mix,album_sidecar_track,track,Musiq Soulchild,Just Friends (Sunny) (Beat Box Mix),2000,us,album_bound_track_no_safe_match,0,0,,1440921030,,false
album_sidecar_track:album|musiq soulchild|aijuswanaseing@@2@@4@@@@just friends sunny e smoove s soul revival:album_bound_track_no_safe_match:1440921030,apple_music_sidecar_track_album_bound_pass_v1,album|musiq soulchild|aijuswanaseing@@2@@4@@@@just friends sunny e smoove s soul revival,album_sidecar_track,track,Musiq Soulchild,Just Friends (Sunny) (E-Smoove's Soul Revival),2000,us,album_bound_track_no_safe_match,0,0,,1440921030,,false
album_sidecar_track:album|musiq soulchild|aijuswanaseing@@2@@5@@@@love instrumental:album_bound_track_no_safe_match:1440921030,apple_music_sidecar_track_album_bound_pass_v1,album|musiq soulchild|aijuswanaseing@@2@@5@@@@love instrumental,album_sidecar_track,track,Musiq Soulchild,Love (Instrumental),2000,us,album_bound_track_no_safe_match,0,0,,1440921030,,false
album_sidecar_track:album|musiq soulchild|aijuswanaseing@@2@@6@@@@aimewitue:album_bound_track_no_safe_match:1440921030,apple_music_sidecar_track_album_bound_pass_v1,album|musiq soulchild|aijuswanaseing@@2@@6@@@@aimewitue,album_sidecar_track,track,Musiq Soulchild,Aimewitue,2000,us,album_bound_track_no_safe_match,0,0,,1440921030,,false
album_sidecar_track:album|musiq soulchild|aijuswanaseing@@2@@7@@@@ingredients of love:album_bound_track_no_safe_match:1440921030,apple_music_sidecar_track_album_bound_pass_v1,album|musiq soulchild|aijuswanaseing@@2@@7@@@@ingredients of love,album_sidecar_track,track,Musiq Soulchild,The Ingredients Of Love,2000,us,album_bound_track_no_safe_match,0,0,,1440921030,,false
album_sidecar_track:album|n w a|straight outta compton@@1@@2@@@@gangsta gangsta:album_bound_track_no_safe_match:1440816032,apple_music_sidecar_track_album_bound_pass_v1,album|n w a|straight outta compton@@1@@2@@@@gangsta gangsta,album_sidecar_track,track,N.W.A,Gangsta Gangsta,1988,us,album_bound_track_no_safe_match,5,54,47,1440816032,,false
album_sidecar_track:album|n w a|straight outta compton@@1@@5@@@@8 ball remix:album_bound_track_no_safe_match:1440816032,apple_music_sidecar_track_album_bound_pass_v1,album|n w a|straight outta compton@@1@@5@@@@8 ball remix,album_sidecar_track,track,N.W.A,8 Ball (remix),1988,us,album_bound_track_no_safe_match,5,51,21,1440816032,,false
album_sidecar_track:album|n w a|straight outta compton@@1@@6@@@@something like that:album_bound_track_no_safe_match:1440816032,apple_music_sidecar_track_album_bound_pass_v1,album|n w a|straight outta compton@@1@@6@@@@something like that,album_sidecar_track,track,N.W.A,Something Like That,1988,us,album_bound_track_no_safe_match,5,51,48,1440816032,,false
album_sidecar_track:album|napalm death|scum@@1@@19@@@@c s:album_bound_track_no_safe_match:310612125,apple_music_sidecar_track_album_bound_pass_v1,album|napalm death|scum@@1@@19@@@@c s,album_sidecar_track,track,Napalm Death,C.S.,1987,us,album_bound_track_no_safe_match,3,57,17,310612125,,false
album_sidecar_track:album|napalm death|scum@@1@@26@@@@stigmatised:album_bound_track_no_safe_match:310612125,apple_music_sidecar_track_album_bound_pass_v1,album|napalm death|scum@@1@@26@@@@stigmatised,album_sidecar_track,track,Napalm Death,Stigmatised,1987,us,album_bound_track_no_safe_match,3,57,17,310612125,,false
album_sidecar_track:album|napalm death|scum@@1@@27@@@@m a d:album_bound_track_no_safe_match:310612125,apple_music_sidecar_track_album_bound_pass_v1,album|napalm death|scum@@1@@27@@@@m a d,album_sidecar_track,track,Napalm Death,M.A.D.,1987,us,album_bound_track_no_safe_match,3,57,12,310612125,,false
album_sidecar_track:album|nat king cole|christmas song@@1@@3@@@@adeste fideles:album_bound_track_no_safe_match:716169111,apple_music_sidecar_track_album_bound_pass_v1,album|nat king cole|christmas song@@1@@3@@@@adeste fideles,album_sidecar_track,track,Nat King Cole,Adeste Fideles,1960,us,album_bound_track_no_safe_match,7,19,17,716169111,,false
album_sidecar_track:album|nat king cole|unforgettable@@1@@1@@@@darling je vous aime beaucoup:album_bound_track_no_safe_match:1444030068,apple_music_sidecar_track_album_bound_pass_v1,album|nat king cole|unforgettable@@1@@1@@@@darling je vous aime beaucoup,album_sidecar_track,track,Nat King Cole,Darling Je Vous Aime Beaucoup,1954,us,album_bound_track_no_safe_match,12,62,25,1444030068,,false
album_sidecar_track:album|nat king cole|unforgettable@@1@@10@@@@mona lisa:album_bound_track_no_safe_match:1444030068,apple_music_sidecar_track_album_bound_pass_v1,album|nat king cole|unforgettable@@1@@10@@@@mona lisa,album_sidecar_track,track,Nat King Cole,Mona Lisa,1954,us,album_bound_track_no_safe_match,12,56,48,1444030068,,false
album_sidecar_track:album|nat king cole|unforgettable@@1@@11@@@@cuba:album_bound_track_no_safe_match:1444030068,apple_music_sidecar_track_album_bound_pass_v1,album|nat king cole|unforgettable@@1@@11@@@@cuba,album_sidecar_track,track,Nat King Cole,Cuba,1954,us,album_bound_track_no_safe_match,12,48,25,1444030068,,false
album_sidecar_track:album|nat king cole|unforgettable@@1@@12@@@@to end of earth:album_bound_track_no_safe_match:1444030068,apple_music_sidecar_track_album_bound_pass_v1,album|nat king cole|unforgettable@@1@@12@@@@to end of earth,album_sidecar_track,track,Nat King Cole,To the End of the Earth,1954,us,album_bound_track_no_safe_match,12,43,13,1444030068,,false
album_sidecar_track:album|nat king cole|unforgettable@@1@@13@@@@autumn leaves:album_bound_track_no_safe_match:1444030068,apple_music_sidecar_track_album_bound_pass_v1,album|nat king cole|unforgettable@@1@@13@@@@autumn leaves,album_sidecar_track,track,Nat King Cole,Autumn Leaves,1954,us,album_bound_track_no_safe_match,12,21,20,1444030068,,false
album_sidecar_track:album|nat king cole|unforgettable@@1@@14@@@@route 66:album_bound_track_no_safe_match:1444030068,apple_music_sidecar_track_album_bound_pass_v1,album|nat king cole|unforgettable@@1@@14@@@@route 66,album_sidecar_track,track,Nat King Cole,Route 66,1954,us,album_bound_track_no_safe_match,12,23,22,1444030068,,false
album_sidecar_track:album|nat king cole|unforgettable@@1@@15@@@@when you re smiling:album_bound_track_no_safe_match:1444030068,apple_music_sidecar_track_album_bound_pass_v1,album|nat king cole|unforgettable@@1@@15@@@@when you re smiling,album_sidecar_track,track,Nat King Cole,When You're Smiling,1954,us,album_bound_track_no_safe_match,12,12,11,1444030068,,false
album_sidecar_track:album|nat king cole|unforgettable@@1@@2@@@@it s crazy but i m in love:album_bound_track_no_safe_match:1444030068,apple_music_sidecar_track_album_bound_pass_v1,album|nat king cole|unforgettable@@1@@2@@@@it s crazy but i m in love,album_sidecar_track,track,Nat King Cole,It's Crazy but I'm in Love,1954,us,album_bound_track_no_safe_match,12,47,13,1444030068,,false
album_sidecar_track:album|nat king cole|unforgettable@@1@@3@@@@sand and sea:album_bound_track_no_safe_match:1444030068,apple_music_sidecar_track_album_bound_pass_v1,album|nat king cole|unforgettable@@1@@3@@@@sand and sea,album_sidecar_track,track,Nat King Cole,The Sand and the Sea,1954,us,album_bound_track_no_safe_match,12,51,22,1444030068,,false
album_sidecar_track:album|nat king cole|unforgettable@@1@@4@@@@crazy rhythm:album_bound_track_no_safe_match:1444030068,apple_music_sidecar_track_album_bound_pass_v1,album|nat king cole|unforgettable@@1@@4@@@@crazy rhythm,album_sidecar_track,track,Nat King Cole,Crazy Rhythm,1954,us,album_bound_track_no_safe_match,12,45,12,1444030068,,false
album_sidecar_track:album|nat king cole|unforgettable@@1@@5@@@@thou swell:album_bound_track_no_safe_match:1444030068,apple_music_sidecar_track_album_bound_pass_v1,album|nat king cole|unforgettable@@1@@5@@@@thou swell,album_sidecar_track,track,Nat King Cole,Thou Swell,1954,us,album_bound_track_no_safe_match,12,44,12,1444030068,,false
album_sidecar_track:album|nat king cole|unforgettable@@1@@6@@@@end of a beautiful friendship:album_bound_track_no_safe_match:1444030068,apple_music_sidecar_track_album_bound_pass_v1,album|nat king cole|unforgettable@@1@@6@@@@end of a beautiful friendship,album_sidecar_track,track,Nat King Cole,The End of a Beautiful Friendship,1954,us,album_bound_track_no_safe_match,12,43,12,1444030068,,false
album_sidecar_track:album|nat king cole|unforgettable@@1@@7@@@@it s only a paper moon:album_bound_track_no_safe_match:1444030068,apple_music_sidecar_track_album_bound_pass_v1,album|nat king cole|unforgettable@@1@@7@@@@it s only a paper moon,album_sidecar_track,track,Nat King Cole,It's Only a Paper Moon,1954,us,album_bound_track_no_safe_match,12,43,13,1444030068,,false
album_sidecar_track:album|nat king cole|unforgettable@@1@@8@@@@you stepped out of a dream:album_bound_track_no_safe_match:1444030068,apple_music_sidecar_track_album_bound_pass_v1,album|nat king cole|unforgettable@@1@@8@@@@you stepped out of a dream,album_sidecar_track,track,Nat King Cole,You Stepped Out of a Dream,1954,us,album_bound_track_no_safe_match,12,43,12,1444030068,,false
album_sidecar_track:album|nat king cole|unforgettable@@1@@9@@@@somebody loves me:album_bound_track_no_safe_match:1444030068,apple_music_sidecar_track_album_bound_pass_v1,album|nat king cole|unforgettable@@1@@9@@@@somebody loves me,album_sidecar_track,track,Nat King Cole,Somebody Loves Me,1954,us,album_bound_track_no_safe_match,12,43,13,1444030068,,false
album_sidecar_track:album|neil diamond|hot august night@@1@@1@@@@prologue crunchy granola suite:album_bound_track_no_safe_match:1443288776,apple_music_sidecar_track_album_bound_pass_v1,album|neil diamond|hot august night@@1@@1@@@@prologue crunchy granola suite,album_sidecar_track,track,Neil Diamond,Prologue / Crunchy Granola Suite,1972,us,album_bound_track_no_safe_match,29,48,12,1443288776,,false
album_sidecar_track:album|neil diamond|hot august night@@1@@2@@@@done too soon dialogue:album_bound_track_no_safe_match:1443288776,apple_music_sidecar_track_album_bound_pass_v1,album|neil diamond|hot august night@@1@@2@@@@done too soon dialogue,album_sidecar_track,track,Neil Diamond,Done Too Soon / Dialogue,1972,us,album_bound_track_no_safe_match,29,57,21,1443288776,,false
album_sidecar_track:album|neil diamond|hot august night@@1@@3@@@@solitary man:album_bound_track_no_safe_match:1443288776,apple_music_sidecar_track_album_bound_pass_v1,album|neil diamond|hot august night@@1@@3@@@@solitary man,album_sidecar_track,track,Neil Diamond,Solitary Man,1972,us,album_bound_track_no_safe_match,29,54,51,1443288776,,false
album_sidecar_track:album|neil diamond|hot august night@@1@@4@@@@cherry cherry:album_bound_track_no_safe_match:1443288776,apple_music_sidecar_track_album_bound_pass_v1,album|neil diamond|hot august night@@1@@4@@@@cherry cherry,album_sidecar_track,track,Neil Diamond,Cherry Cherry,1972,us,album_bound_track_no_safe_match,29,53,45,1443288776,,false
album_sidecar_track:album|neil diamond|hot august night@@1@@5@@@@sweet caroline:album_bound_track_no_safe_match:1443288776,apple_music_sidecar_track_album_bound_pass_v1,album|neil diamond|hot august night@@1@@5@@@@sweet caroline,album_sidecar_track,track,Neil Diamond,Sweet Caroline,1972,us,album_bound_track_no_safe_match,29,48,44,1443288776,,false
album_sidecar_track:album|neil diamond|hot august night@@1@@6@@@@holly holy:album_bound_track_no_safe_match:1443288776,apple_music_sidecar_track_album_bound_pass_v1,album|neil diamond|hot august night@@1@@6@@@@holly holy,album_sidecar_track,track,Neil Diamond,Holly Holy,1972,us,album_bound_track_no_safe_match,29,43,43,1443288776,,false
album_sidecar_track:album|neil diamond|hot august night@@1@@7@@@@i am i said:album_bound_track_no_safe_match:1443288776,apple_music_sidecar_track_album_bound_pass_v1,album|neil diamond|hot august night@@1@@7@@@@i am i said,album_sidecar_track,track,Neil Diamond,I Am ... I Said,1972,us,album_bound_track_no_safe_match,29,48,43,1443288776,,false
album_sidecar_track:album|neil diamond|hot august night@@1@@8@@@@walk off soolaimon brother love s travelling salvation show encore:album_bound_track_no_safe_match:1443288776,apple_music_sidecar_track_album_bound_pass_v1,album|neil diamond|hot august night@@1@@8@@@@walk off soolaimon brother love s travelling salvation show encore,album_sidecar_track,track,Neil Diamond,Walk Off / Soolaimon / Brother Love's Travelling Salvation Show / Encore,1972,us,album_bound_track_no_safe_match,29,43,12,1443288776,,false
album_sidecar_track:album|neil diamond|hot august night@@2@@3@@@@red red wine:album_bound_track_no_safe_match:1443288776,apple_music_sidecar_track_album_bound_pass_v1,album|neil diamond|hot august night@@2@@3@@@@red red wine,album_sidecar_track,track,Neil Diamond,Red Red Wine,1972,us,album_bound_track_no_safe_match,27,43,43,1443288776,,false
album_sidecar_track:album|neil diamond|hot august night@@2@@8@@@@play me:album_bound_track_no_safe_match:1443288776,apple_music_sidecar_track_album_bound_pass_v1,album|neil diamond|hot august night@@2@@8@@@@play me,album_sidecar_track,track,Neil Diamond,Play Me,1972,us,album_bound_track_no_safe_match,23,48,43,1443288776,,false
album_sidecar_track:album|neil diamond|hot august night@@2@@9@@@@canta libre:album_bound_track_no_safe_match:1443288776,apple_music_sidecar_track_album_bound_pass_v1,album|neil diamond|hot august night@@2@@9@@@@canta libre,album_sidecar_track,track,Neil Diamond,Canta Libre,1972,us,album_bound_track_no_safe_match,23,43,21,1443288776,,false
album_sidecar_track:album|neil sedaka|neil sedaka sings little devil and his other hits@@1@@4@@@@run samson:album_bound_track_no_safe_match:475839326,apple_music_sidecar_track_album_bound_pass_v1,album|neil sedaka|neil sedaka sings little devil and his other hits@@1@@4@@@@run samson,album_sidecar_track,track,Neil Sedaka,Run Samson,1961,us,album_bound_track_no_safe_match,1,74,,475839326,,false
album_sidecar_track:album|nelly furtado|loose@@1@@16@@@@te busque spanish version:album_bound_track_no_safe_match:1442463545,apple_music_sidecar_track_album_bound_pass_v1,album|nelly furtado|loose@@1@@16@@@@te busque spanish version,album_sidecar_track,track,Nelly Furtado,Te busqué (Spanish version),2006,us,album_bound_track_no_safe_match,3,57,14,1442463545,,false
album_sidecar_track:album|nelly furtado|loose@@1@@4@@@@promiscous:album_bound_track_no_safe_match:1442463545,apple_music_sidecar_track_album_bound_pass_v1,album|nelly furtado|loose@@1@@4@@@@promiscous,album_sidecar_track,track,Nelly Furtado,Promiscous,2006,us,album_bound_track_no_safe_match,3,59,12,1442463545,,false
album_sidecar_track:album|nelly|nellyville@@1@@14@@@@cg 2:album_bound_track_no_safe_match:1440769782,apple_music_sidecar_track_album_bound_pass_v1,album|nelly|nellyville@@1@@14@@@@cg 2,album_sidecar_track,track,Nelly,CG 2,2002,us,album_bound_track_no_safe_match,5,21,11,1440769782,,false
album_sidecar_track:album|neutral milk hotel|in the aeroplane over the sea@@1@@1@@@@king of carrot flowers pt one:album_bound_track_no_safe_match:1839077554,apple_music_sidecar_track_album_bound_pass_v1,album|neutral milk hotel|in the aeroplane over the sea@@1@@1@@@@king of carrot flowers pt one,album_sidecar_track,track,Neutral Milk Hotel,"The King of Carrot Flowers, Pt. One",1998,us,album_bound_track_no_safe_match,3,62,11,1839077554,,false
album_sidecar_track:album|neutral milk hotel|in the aeroplane over the sea@@1@@11@@@@two headed boy pt two:album_bound_track_no_safe_match:1839077554,apple_music_sidecar_track_album_bound_pass_v1,album|neutral milk hotel|in the aeroplane over the sea@@1@@11@@@@two headed boy pt two,album_sidecar_track,track,Neutral Milk Hotel,"Two‐Headed Boy, Pt. Two",1998,us,album_bound_track_no_safe_match,3,57,12,1839077554,,false
album_sidecar_track:album|neutral milk hotel|in the aeroplane over the sea@@1@@2@@@@king of carrot flowers pts two and three:album_bound_track_no_safe_match:1839077554,apple_music_sidecar_track_album_bound_pass_v1,album|neutral milk hotel|in the aeroplane over the sea@@1@@2@@@@king of carrot flowers pts two and three,album_sidecar_track,track,Neutral Milk Hotel,"The King of Carrot Flowers, Pts. Two & Three",1998,us,album_bound_track_no_safe_match,3,61,12,1839077554,,false
album_sidecar_track:album|new edition|heart break@@1@@10@@@@competition:album_bound_track_no_safe_match:1440651289,apple_music_sidecar_track_album_bound_pass_v1,album|new edition|heart break@@1@@10@@@@competition,album_sidecar_track,track,New Edition,Competition,1988,us,album_bound_track_no_safe_match,6,51,8,1440651289,,false
album_sidecar_track:album|new edition|heart break@@1@@5@@@@n e heart break:album_bound_track_no_safe_match:1440651289,apple_music_sidecar_track_album_bound_pass_v1,album|new edition|heart break@@1@@5@@@@n e heart break,album_sidecar_track,track,New Edition,N.E. Heart Break,1988,us,album_bound_track_no_safe_match,6,51,44,1440651289,,false
album_sidecar_track:album|new edition|heart break@@1@@6@@@@crucial:album_bound_track_no_safe_match:1440651289,apple_music_sidecar_track_album_bound_pass_v1,album|new edition|heart break@@1@@6@@@@crucial,album_sidecar_track,track,New Edition,Crucial,1988,us,album_bound_track_no_safe_match,6,51,48,1440651289,,false
album_sidecar_track:album|new pornographers|twin cinema@@1@@10@@@@broken breads:album_bound_track_no_safe_match:1590332004,apple_music_sidecar_track_album_bound_pass_v1,album|new pornographers|twin cinema@@1@@10@@@@broken breads,album_sidecar_track,track,The New Pornographers,Broken Breads,2005,us,album_bound_track_no_safe_match,2,57,21,1590332004,,false
album_sidecar_track:album|nicki minaj|pinkprint@@1@@17@@@@big daddy:album_bound_track_no_safe_match:1440848423,apple_music_sidecar_track_album_bound_pass_v1,album|nicki minaj|pinkprint@@1@@17@@@@big daddy,album_sidecar_track,track,Nicki Minaj,Big Daddy,2014,us,album_bound_track_no_safe_match,1,48,,1440848423,,false
album_sidecar_track:album|nicki minaj|pinkprint@@1@@18@@@@shanghai:album_bound_track_no_safe_match:1440848423,apple_music_sidecar_track_album_bound_pass_v1,album|nicki minaj|pinkprint@@1@@18@@@@shanghai,album_sidecar_track,track,Nicki Minaj,Shanghai,2014,us,album_bound_track_no_safe_match,1,21,,1440848423,,false
album_sidecar_track:album|nicki minaj|pinkprint@@1@@19@@@@win again:album_bound_track_no_safe_match:1440848423,apple_music_sidecar_track_album_bound_pass_v1,album|nicki minaj|pinkprint@@1@@19@@@@win again,album_sidecar_track,track,Nicki Minaj,Win Again,2014,us,album_bound_track_no_safe_match,1,7,,1440848423,,false
album_sidecar_track:album|nicky jam|fenix@@1@@26@@@@with you tonight hasta el amanecer remix:album_bound_track_no_safe_match:1189391673,apple_music_sidecar_track_album_bound_pass_v1,album|nicky jam|fenix@@1@@26@@@@with you tonight hasta el amanecer remix,album_sidecar_track,track,Nicky Jam,With You Tonight (Hasta el amanecer) (remix),2017,us,album_bound_track_no_safe_match,1,57,,1189391673,,false
album_sidecar_track:album|nightmares on wax|smokers delight@@1@@4@@@@me you:album_bound_track_no_safe_match:281088001,apple_music_sidecar_track_album_bound_pass_v1,album|nightmares on wax|smokers delight@@1@@4@@@@me you,album_sidecar_track,track,Nightmares on Wax,Me + You,1995,us,album_bound_track_no_safe_match,2,59,7,281088001,,false
album_sidecar_track:album|nightmares on wax|smokers delight@@1@@6@@@@wait a minute prayin for a jeepbeat:album_bound_track_no_safe_match:281088001,apple_music_sidecar_track_album_bound_pass_v1,album|nightmares on wax|smokers delight@@1@@6@@@@wait a minute prayin for a jeepbeat,album_sidecar_track,track,Nightmares on Wax,Wait a Minute / Prayin’ for a Jeepbeat,1995,us,album_bound_track_no_safe_match,2,57,9,281088001,,false
album_sidecar_track:album|nirvana|in utero@@1@@4@@@@waif me:album_bound_track_no_safe_match:1440858699,apple_music_sidecar_track_album_bound_pass_v1,album|nirvana|in utero@@1@@4@@@@waif me,album_sidecar_track,track,Nirvana,Waif Me,1993,us,album_bound_track_no_safe_match,1,59,,1440858699,,false
album_sidecar_track:album|nirvana|nevermind@@1@@12@@@@something in way endless nameless:album_bound_track_no_safe_match:1440783617,apple_music_sidecar_track_album_bound_pass_v1,album|nirvana|nevermind@@1@@12@@@@something in way endless nameless,album_sidecar_track,track,Nirvana,"Something in the Way / Endless, Nameless",1991,us,album_bound_track_no_safe_match,2,67,31,1440783617,,false
album_sidecar_track:album|north mississippi allstars|shake hands with shorty@@1@@8@@@@station blues:album_bound_track_no_safe_match:258067595,apple_music_sidecar_track_album_bound_pass_v1,album|north mississippi allstars|shake hands with shorty@@1@@8@@@@station blues,album_sidecar_track,track,North Mississippi Allstars,Station Blues,2000,us,album_bound_track_no_safe_match,1,57,,258067595,,false
album_sidecar_track:album|notorious b i g|life after death@@1@@11@@@@niggas bleed:album_bound_track_no_safe_match:906888433,apple_music_sidecar_track_album_bound_pass_v1,album|notorious b i g|life after death@@1@@11@@@@niggas bleed,album_sidecar_track,track,The Notorious B.I.G.,Niggas Bleed,1997,us,album_bound_track_no_safe_match,5,57,21,906888433,,false
album_sidecar_track:album|nujabes|modal soul@@1@@4@@@@luv sic part 3:album_bound_track_no_safe_match:1078914477,apple_music_sidecar_track_album_bound_pass_v1,album|nujabes|modal soul@@1@@4@@@@luv sic part 3,album_sidecar_track,track,Nujabes,"Luv (sic.), Part 3",2005,us,album_bound_track_no_safe_match,1,59,,1078914477,,false
album_sidecar_track:album|nuyorican soul|nuyorican soul@@1@@8@@@@habriendo el dominante:album_bound_track_no_safe_match:1443545227,apple_music_sidecar_track_album_bound_pass_v1,album|nuyorican soul|nuyorican soul@@1@@8@@@@habriendo el dominante,album_sidecar_track,track,Nuyorican Soul,Habriendo el dominante,1997,us,album_bound_track_no_safe_match,1,57,,1443545227,,false
album_sidecar_track:album|o c|word life@@1@@6@@@@point o viewz:album_bound_track_no_safe_match:1565381875,apple_music_sidecar_track_album_bound_pass_v1,album|o c|word life@@1@@6@@@@point o viewz,album_sidecar_track,track,O.C.,Point o Viewz,1994,us,album_bound_track_no_safe_match,1,57,,1565381875,,false
album_sidecar_track:album|obituary|slowly we rot@@1@@11@@@@bloodsoaked:album_bound_track_no_safe_match:214477843,apple_music_sidecar_track_album_bound_pass_v1,album|obituary|slowly we rot@@1@@11@@@@bloodsoaked,album_sidecar_track,track,Obituary,Bloodsoaked,1989,us,album_bound_track_no_safe_match,3,57,7,214477843,,false
album_sidecar_track:album|offspring|smash@@1@@12@@@@come out and play keep em seperated:album_bound_track_no_safe_match:1485034772,apple_music_sidecar_track_album_bound_pass_v1,album|offspring|smash@@1@@12@@@@come out and play keep em seperated,album_sidecar_track,track,The Offspring,Come Out and Play (Keep 'Em Seperated),1994,us,album_bound_track_no_safe_match,6,43,12,1485034772,,false
album_sidecar_track:album|offspring|smash@@1@@13@@@@get it right:album_bound_track_no_safe_match:1485034772,apple_music_sidecar_track_album_bound_pass_v1,album|offspring|smash@@1@@13@@@@get it right,album_sidecar_track,track,The Offspring,Get It Right,1994,us,album_bound_track_no_safe_match,6,57,12,1485034772,,false
album_sidecar_track:album|offspring|smash@@1@@15@@@@undone sweater song:album_bound_track_no_safe_match:1485034772,apple_music_sidecar_track_album_bound_pass_v1,album|offspring|smash@@1@@15@@@@undone sweater song,album_sidecar_track,track,The Offspring,Undone (The Sweater Song),1994,us,album_bound_track_no_safe_match,6,17,7,1485034772,,false
album_sidecar_track:album|offspring|smash@@1@@16@@@@basket case:album_bound_track_no_safe_match:1485034772,apple_music_sidecar_track_album_bound_pass_v1,album|offspring|smash@@1@@16@@@@basket case,album_sidecar_track,track,The Offspring,Basket Case,1994,us,album_bound_track_no_safe_match,6,22,7,1485034772,,false
album_sidecar_track:album|offspring|smash@@1@@17@@@@self esteem:album_bound_track_no_safe_match:1485034772,apple_music_sidecar_track_album_bound_pass_v1,album|offspring|smash@@1@@17@@@@self esteem,album_sidecar_track,track,The Offspring,Self Esteem,1994,us,album_bound_track_no_safe_match,6,51,12,1485034772,,false
album_sidecar_track:album|offspring|smash@@1@@18@@@@smash:album_bound_track_no_safe_match:1485034772,apple_music_sidecar_track_album_bound_pass_v1,album|offspring|smash@@1@@18@@@@smash,album_sidecar_track,track,The Offspring,Smash,1994,us,album_bound_track_no_safe_match,6,51,12,1485034772,,false
album_sidecar_track:album|offspring|smash@@1@@19@@@@session:album_bound_track_no_safe_match:1485034772,apple_music_sidecar_track_album_bound_pass_v1,album|offspring|smash@@1@@19@@@@session,album_sidecar_track,track,The Offspring,Session,1994,us,album_bound_track_no_safe_match,6,21,21,1485034772,,false
album_sidecar_track:album|offspring|smash@@1@@2@@@@get it right:album_bound_track_no_safe_match:1485034772,apple_music_sidecar_track_album_bound_pass_v1,album|offspring|smash@@1@@2@@@@get it right,album_sidecar_track,track,The Offspring,Get It Right,1994,us,album_bound_track_no_safe_match,9,19,12,1485034772,,false
album_sidecar_track:album|offspring|smash@@1@@20@@@@smash it up:album_bound_track_no_safe_match:1485034772,apple_music_sidecar_track_album_bound_pass_v1,album|offspring|smash@@1@@20@@@@smash it up,album_sidecar_track,track,The Offspring,Smash It Up,1994,us,album_bound_track_no_safe_match,6,31,21,1485034772,,false
album_sidecar_track:album|offspring|smash@@1@@4@@@@burn it up:album_bound_track_no_safe_match:1485034772,apple_music_sidecar_track_album_bound_pass_v1,album|offspring|smash@@1@@4@@@@burn it up,album_sidecar_track,track,The Offspring,Burn It Up,1994,us,album_bound_track_no_safe_match,8,45,17,1485034772,,false
album_sidecar_track:album|offspring|smash@@1@@7@@@@dirty magic:album_bound_track_no_safe_match:1485034772,apple_music_sidecar_track_album_bound_pass_v1,album|offspring|smash@@1@@7@@@@dirty magic,album_sidecar_track,track,The Offspring,Dirty Magic,1994,us,album_bound_track_no_safe_match,7,48,12,1485034772,,false
album_sidecar_track:album|offspring|smash@@1@@8@@@@kick him when he s down:album_bound_track_no_safe_match:1485034772,apple_music_sidecar_track_album_bound_pass_v1,album|offspring|smash@@1@@8@@@@kick him when he s down,album_sidecar_track,track,The Offspring,Kick Him When He's Down,1994,us,album_bound_track_no_safe_match,7,43,17,1485034772,,false
album_sidecar_track:album|old 97 s|fight songs@@1@@10@@@@nineteen:album_bound_track_no_safe_match:357814708,apple_music_sidecar_track_album_bound_pass_v1,album|old 97 s|fight songs@@1@@10@@@@nineteen,album_sidecar_track,track,Old 97's,Nineteen,1999,us,album_bound_track_no_safe_match,2,57,7,357814708,,false
album_sidecar_track:album|old 97 s|fight songs@@1@@6@@@@crash on barrelhead:album_bound_track_no_safe_match:357814708,apple_music_sidecar_track_album_bound_pass_v1,album|old 97 s|fight songs@@1@@6@@@@crash on barrelhead,album_sidecar_track,track,Old 97's,Crash on the Barrelhead,1999,us,album_bound_track_no_safe_match,2,57,7,357814708,,false
album_sidecar_track:album|onerepublic|native@@1@@13@@@@something s gotta give:album_bound_track_no_safe_match:1440854614,apple_music_sidecar_track_album_bound_pass_v1,album|onerepublic|native@@1@@13@@@@something s gotta give,album_sidecar_track,track,OneRepublic,Something's Gotta Give,2013,us,album_bound_track_no_safe_match,2,11,7,1440854614,,false
album_sidecar_track:album|onerepublic|native@@1@@16@@@@what you wanted acoustic:album_bound_track_no_safe_match:1440854614,apple_music_sidecar_track_album_bound_pass_v1,album|onerepublic|native@@1@@16@@@@what you wanted acoustic,album_sidecar_track,track,OneRepublic,What You Wanted (acoustic),2013,us,album_bound_track_no_safe_match,1,16,,1440854614,,false
album_sidecar_track:album|onerepublic|native@@1@@17@@@@burning bridges acoustic:album_bound_track_no_safe_match:1440854614,apple_music_sidecar_track_album_bound_pass_v1,album|onerepublic|native@@1@@17@@@@burning bridges acoustic,album_sidecar_track,track,OneRepublic,Burning Bridges (acoustic),2013,us,album_bound_track_no_safe_match,1,11,,1440854614,,false
album_sidecar_track:album|onyx|bacdafucup@@1@@15@@@@shifftee:album_bound_track_no_safe_match:1440911103,apple_music_sidecar_track_album_bound_pass_v1,album|onyx|bacdafucup@@1@@15@@@@shifftee,album_sidecar_track,track,Onyx,Shifftee,1993,us,album_bound_track_no_safe_match,1,57,,1440911103,,false
album_sidecar_track:album|orchestral manoeuvres in the dark|organisation@@1@@12@@@@introducing radios:album_bound_track_no_safe_match:714776809,apple_music_sidecar_track_album_bound_pass_v1,album|orchestral manoeuvres in the dark|organisation@@1@@12@@@@introducing radios,album_sidecar_track,track,Orchestral Manoeuvres in the Dark,Introducing Radios,1980,us,album_bound_track_no_safe_match,3,21,7,714776809,,false
album_sidecar_track:album|original broadway cast of a chorus line|a chorus line@@1@@5@@@@hello twelve hello thirteen hello love:album_bound_track_no_safe_match:1041504493,apple_music_sidecar_track_album_bound_pass_v1,album|original broadway cast of a chorus line|a chorus line@@1@@5@@@@hello twelve hello thirteen hello love,album_sidecar_track,track,Original Broadway Cast of A Chorus Line,"Hello Twelve, Hello Thirteen, Hello Love",1975,us,album_bound_track_no_safe_match,17,56,5,1041504493,,false
album_sidecar_track:album|original broadway cast of cabaret|cabaret@@1@@9@@@@entr acte:album_bound_track_no_safe_match:344579157,apple_music_sidecar_track_album_bound_pass_v1,album|original broadway cast of cabaret|cabaret@@1@@9@@@@entr acte,album_sidecar_track,track,Original Broadway Cast of Cabaret,Entr'acte,1966,us,album_bound_track_no_safe_match,13,41,33,344579157,,false
album_sidecar_track:album|original broadway cast of guys and dolls|guys and dolls@@1@@15@@@@marry man today reprise guys and dolls:album_bound_track_no_safe_match:1469581712,apple_music_sidecar_track_album_bound_pass_v1,album|original broadway cast of guys and dolls|guys and dolls@@1@@15@@@@marry man today reprise guys and dolls,album_sidecar_track,track,Original Broadway Cast of Guys and Dolls,Marry the Man Today / Reprise: Guys and Dolls,1950,us,album_bound_track_no_safe_match,8,31,-1,1469581712,,false
album_sidecar_track:album|original broadway cast of guys and dolls|guys and dolls@@1@@2@@@@oldest established:album_bound_track_no_safe_match:1469581712,apple_music_sidecar_track_album_bound_pass_v1,album|original broadway cast of guys and dolls|guys and dolls@@1@@2@@@@oldest established,album_sidecar_track,track,Original Broadway Cast of Guys and Dolls,The Oldest Established,1950,us,album_bound_track_no_safe_match,8,49,9,1469581712,,false
album_sidecar_track:album|original broadway cast of guys and dolls|guys and dolls@@1@@5@@@@adelaide s lament:album_bound_track_no_safe_match:1469581712,apple_music_sidecar_track_album_bound_pass_v1,album|original broadway cast of guys and dolls|guys and dolls@@1@@5@@@@adelaide s lament,album_sidecar_track,track,Original Broadway Cast of Guys and Dolls,Adelaide’s Lament,1950,us,album_bound_track_no_safe_match,8,46,5,1469581712,,false
album_sidecar_track:album|original broadway cast of gypsy|gypsy@@1@@1@@@@act 1 overture:album_bound_track_no_safe_match:164925460,apple_music_sidecar_track_album_bound_pass_v1,album|original broadway cast of gypsy|gypsy@@1@@1@@@@act 1 overture,album_sidecar_track,track,Original Broadway Cast of Gypsy,Act 1: Overture,1959,us,album_bound_track_no_safe_match,20,46,5,164925460,,false
album_sidecar_track:album|original broadway cast of gypsy|gypsy@@1@@10@@@@act 1 dialogue:album_bound_track_no_safe_match:164925460,apple_music_sidecar_track_album_bound_pass_v1,album|original broadway cast of gypsy|gypsy@@1@@10@@@@act 1 dialogue,album_sidecar_track,track,Original Broadway Cast of Gypsy,Act 1: [dialogue],1959,us,album_bound_track_no_safe_match,20,41,5,164925460,,false
album_sidecar_track:album|original broadway cast of gypsy|gypsy@@1@@11@@@@act 1 small world:album_bound_track_no_safe_match:164925460,apple_music_sidecar_track_album_bound_pass_v1,album|original broadway cast of gypsy|gypsy@@1@@11@@@@act 1 small world,album_sidecar_track,track,Original Broadway Cast of Gypsy,Act 1: Small World,1959,us,album_bound_track_no_safe_match,20,31,8,164925460,,false
album_sidecar_track:album|original broadway cast of gypsy|gypsy@@1@@12@@@@act 1 baby june and her newsboys:album_bound_track_no_safe_match:164925460,apple_music_sidecar_track_album_bound_pass_v1,album|original broadway cast of gypsy|gypsy@@1@@12@@@@act 1 baby june and her newsboys,album_sidecar_track,track,Original Broadway Cast of Gypsy,Act 1: Baby June and Her Newsboys,1959,us,album_bound_track_no_safe_match,20,31,9,164925460,,false
album_sidecar_track:album|original broadway cast of gypsy|gypsy@@1@@13@@@@act 1 dialogue:album_bound_track_no_safe_match:164925460,apple_music_sidecar_track_album_bound_pass_v1,album|original broadway cast of gypsy|gypsy@@1@@13@@@@act 1 dialogue,album_sidecar_track,track,Original Broadway Cast of Gypsy,Act 1: [dialogue],1959,us,album_bound_track_no_safe_match,20,31,0,164925460,,false
album_sidecar_track:album|original broadway cast of gypsy|gypsy@@1@@14@@@@act 1 mr goldstone i love you:album_bound_track_no_safe_match:164925460,apple_music_sidecar_track_album_bound_pass_v1,album|original broadway cast of gypsy|gypsy@@1@@14@@@@act 1 mr goldstone i love you,album_sidecar_track,track,Original Broadway Cast of Gypsy,"Act 1: Mr Goldstone, I Love You",1959,us,album_bound_track_no_safe_match,20,31,11,164925460,,false
album_sidecar_track:album|original broadway cast of gypsy|gypsy@@1@@15@@@@act 1 scene change little lamb:album_bound_track_no_safe_match:164925460,apple_music_sidecar_track_album_bound_pass_v1,album|original broadway cast of gypsy|gypsy@@1@@15@@@@act 1 scene change little lamb,album_sidecar_track,track,Original Broadway Cast of Gypsy,Act 1: [scene change] / Little Lamb,1959,us,album_bound_track_no_safe_match,20,36,9,164925460,,false
album_sidecar_track:album|original broadway cast of gypsy|gypsy@@1@@16@@@@act 1 dialogue:album_bound_track_no_safe_match:164925460,apple_music_sidecar_track_album_bound_pass_v1,album|original broadway cast of gypsy|gypsy@@1@@16@@@@act 1 dialogue,album_sidecar_track,track,Original Broadway Cast of Gypsy,Act 1: [dialogue],1959,us,album_bound_track_no_safe_match,20,31,12,164925460,,false
album_sidecar_track:album|original broadway cast of gypsy|gypsy@@1@@17@@@@act 1 you ll never get away from me:album_bound_track_no_safe_match:164925460,apple_music_sidecar_track_album_bound_pass_v1,album|original broadway cast of gypsy|gypsy@@1@@17@@@@act 1 you ll never get away from me,album_sidecar_track,track,Original Broadway Cast of Gypsy,Act 1: You'll Never Get Away From Me,1959,us,album_bound_track_no_safe_match,20,41,5,164925460,,false
album_sidecar_track:album|original broadway cast of gypsy|gypsy@@1@@18@@@@act 1 dialogue:album_bound_track_no_safe_match:164925460,apple_music_sidecar_track_album_bound_pass_v1,album|original broadway cast of gypsy|gypsy@@1@@18@@@@act 1 dialogue,album_sidecar_track,track,Original Broadway Cast of Gypsy,Act 1: [dialogue],1959,us,album_bound_track_no_safe_match,20,31,0,164925460,,false
album_sidecar_track:album|original broadway cast of gypsy|gypsy@@1@@19@@@@act 1 dainty june and her farmboys:album_bound_track_no_safe_match:164925460,apple_music_sidecar_track_album_bound_pass_v1,album|original broadway cast of gypsy|gypsy@@1@@19@@@@act 1 dainty june and her farmboys,album_sidecar_track,track,Original Broadway Cast of Gypsy,Act 1: Dainty June and Her Farmboys,1959,us,album_bound_track_no_safe_match,20,31,0,164925460,,false
album_sidecar_track:album|original broadway cast of gypsy|gypsy@@1@@2@@@@act 1 dialogue:album_bound_track_no_safe_match:164925460,apple_music_sidecar_track_album_bound_pass_v1,album|original broadway cast of gypsy|gypsy@@1@@2@@@@act 1 dialogue,album_sidecar_track,track,Original Broadway Cast of Gypsy,Act 1: [dialogue],1959,us,album_bound_track_no_safe_match,20,35,6,164925460,,false
album_sidecar_track:album|original broadway cast of gypsy|gypsy@@1@@20@@@@act 1 dialogue:album_bound_track_no_safe_match:164925460,apple_music_sidecar_track_album_bound_pass_v1,album|original broadway cast of gypsy|gypsy@@1@@20@@@@act 1 dialogue,album_sidecar_track,track,Original Broadway Cast of Gypsy,Act 1: [dialogue],1959,us,album_bound_track_no_safe_match,20,31,0,164925460,,false
album_sidecar_track:album|original broadway cast of gypsy|gypsy@@1@@21@@@@act 1 if mamma was married:album_bound_track_no_safe_match:164925460,apple_music_sidecar_track_album_bound_pass_v1,album|original broadway cast of gypsy|gypsy@@1@@21@@@@act 1 if mamma was married,album_sidecar_track,track,Original Broadway Cast of Gypsy,Act 1: If Mamma Was Married,1959,us,album_bound_track_no_safe_match,20,9,9,164925460,,false
album_sidecar_track:album|original broadway cast of gypsy|gypsy@@1@@22@@@@act 1 dialogue:album_bound_track_no_safe_match:164925460,apple_music_sidecar_track_album_bound_pass_v1,album|original broadway cast of gypsy|gypsy@@1@@22@@@@act 1 dialogue,album_sidecar_track,track,Original Broadway Cast of Gypsy,Act 1: [dialogue],1959,us,album_bound_track_no_safe_match,20,9,9,164925460,,false
album_sidecar_track:album|original broadway cast of gypsy|gypsy@@1@@23@@@@act 1 all i need is girl:album_bound_track_no_safe_match:164925460,apple_music_sidecar_track_album_bound_pass_v1,album|original broadway cast of gypsy|gypsy@@1@@23@@@@act 1 all i need is girl,album_sidecar_track,track,Original Broadway Cast of Gypsy,Act 1: All I Need Is the Girl,1959,us,album_bound_track_no_safe_match,20,9,5,164925460,,false
album_sidecar_track:album|original broadway cast of gypsy|gypsy@@1@@24@@@@act 1 scene change:album_bound_track_no_safe_match:164925460,apple_music_sidecar_track_album_bound_pass_v1,album|original broadway cast of gypsy|gypsy@@1@@24@@@@act 1 scene change,album_sidecar_track,track,Original Broadway Cast of Gypsy,Act 1: Scene Change,1959,us,album_bound_track_no_safe_match,20,0,-1,164925460,,false
album_sidecar_track:album|original broadway cast of gypsy|gypsy@@1@@25@@@@act 1 dialogue:album_bound_track_no_safe_match:164925460,apple_music_sidecar_track_album_bound_pass_v1,album|original broadway cast of gypsy|gypsy@@1@@25@@@@act 1 dialogue,album_sidecar_track,track,Original Broadway Cast of Gypsy,Act 1: [dialogue],1959,us,album_bound_track_no_safe_match,20,9,5,164925460,,false
album_sidecar_track:album|original broadway cast of gypsy|gypsy@@1@@26@@@@act 1 dialogue:album_bound_track_no_safe_match:164925460,apple_music_sidecar_track_album_bound_pass_v1,album|original broadway cast of gypsy|gypsy@@1@@26@@@@act 1 dialogue,album_sidecar_track,track,Original Broadway Cast of Gypsy,Act 1: [dialogue],1959,us,album_bound_track_no_safe_match,20,13,0,164925460,,false
album_sidecar_track:album|original broadway cast of gypsy|gypsy@@1@@27@@@@act 1 everything s coming up roses:album_bound_track_no_safe_match:164925460,apple_music_sidecar_track_album_bound_pass_v1,album|original broadway cast of gypsy|gypsy@@1@@27@@@@act 1 everything s coming up roses,album_sidecar_track,track,Original Broadway Cast of Gypsy,Act 1: Everything's Coming Up Roses,1959,us,album_bound_track_no_safe_match,20,5,5,164925460,,false
album_sidecar_track:album|original broadway cast of gypsy|gypsy@@1@@3@@@@act 1 let me entertain you:album_bound_track_no_safe_match:164925460,apple_music_sidecar_track_album_bound_pass_v1,album|original broadway cast of gypsy|gypsy@@1@@3@@@@act 1 let me entertain you,album_sidecar_track,track,Original Broadway Cast of Gypsy,Act 1: Let Me Entertain You,1959,us,album_bound_track_no_safe_match,20,34,4,164925460,,false
album_sidecar_track:album|original broadway cast of gypsy|gypsy@@1@@4@@@@act 1 dialogue:album_bound_track_no_safe_match:164925460,apple_music_sidecar_track_album_bound_pass_v1,album|original broadway cast of gypsy|gypsy@@1@@4@@@@act 1 dialogue,album_sidecar_track,track,Original Broadway Cast of Gypsy,Act 1: [dialogue],1959,us,album_bound_track_no_safe_match,20,33,0,164925460,,false
album_sidecar_track:album|original broadway cast of gypsy|gypsy@@1@@5@@@@act 1 let me entertain you reprise:album_bound_track_no_safe_match:164925460,apple_music_sidecar_track_album_bound_pass_v1,album|original broadway cast of gypsy|gypsy@@1@@5@@@@act 1 let me entertain you reprise,album_sidecar_track,track,Original Broadway Cast of Gypsy,Act 1: Let Me Entertain You (reprise),1959,us,album_bound_track_no_safe_match,20,32,0,164925460,,false
album_sidecar_track:album|original broadway cast of gypsy|gypsy@@1@@6@@@@act 1 scene change:album_bound_track_no_safe_match:164925460,apple_music_sidecar_track_album_bound_pass_v1,album|original broadway cast of gypsy|gypsy@@1@@6@@@@act 1 scene change,album_sidecar_track,track,Original Broadway Cast of Gypsy,Act 1: [scene change],1959,us,album_bound_track_no_safe_match,20,31,0,164925460,,false
album_sidecar_track:album|original broadway cast of gypsy|gypsy@@1@@7@@@@act 1 dialogue:album_bound_track_no_safe_match:164925460,apple_music_sidecar_track_album_bound_pass_v1,album|original broadway cast of gypsy|gypsy@@1@@7@@@@act 1 dialogue,album_sidecar_track,track,Original Broadway Cast of Gypsy,Act 1: [dialogue],1959,us,album_bound_track_no_safe_match,20,36,9,164925460,,false
album_sidecar_track:album|original broadway cast of gypsy|gypsy@@1@@8@@@@act 1 some people:album_bound_track_no_safe_match:164925460,apple_music_sidecar_track_album_bound_pass_v1,album|original broadway cast of gypsy|gypsy@@1@@8@@@@act 1 some people,album_sidecar_track,track,Original Broadway Cast of Gypsy,Act 1: Some People,1959,us,album_bound_track_no_safe_match,20,31,9,164925460,,false
album_sidecar_track:album|original broadway cast of gypsy|gypsy@@1@@9@@@@act 1 some people scene change:album_bound_track_no_safe_match:164925460,apple_music_sidecar_track_album_bound_pass_v1,album|original broadway cast of gypsy|gypsy@@1@@9@@@@act 1 some people scene change,album_sidecar_track,track,Original Broadway Cast of Gypsy,Act 1: Some People / [scene change],1959,us,album_bound_track_no_safe_match,20,31,10,164925460,,false
album_sidecar_track:album|original broadway cast of gypsy|gypsy@@2@@1@@@@act 2 entr acte:album_bound_track_no_safe_match:164925460,apple_music_sidecar_track_album_bound_pass_v1,album|original broadway cast of gypsy|gypsy@@2@@1@@@@act 2 entr acte,album_sidecar_track,track,Original Broadway Cast of Gypsy,Act 2: Entr'acte,1959,us,album_bound_track_no_safe_match,20,9,9,164925460,,false
album_sidecar_track:album|original broadway cast of gypsy|gypsy@@2@@10@@@@act 2 you gotta get a gimmick:album_bound_track_no_safe_match:164925460,apple_music_sidecar_track_album_bound_pass_v1,album|original broadway cast of gypsy|gypsy@@2@@10@@@@act 2 you gotta get a gimmick,album_sidecar_track,track,Original Broadway Cast of Gypsy,Act 2: You Gotta Get a Gimmick,1959,us,album_bound_track_no_safe_match,20,10,5,164925460,,false
album_sidecar_track:album|original broadway cast of gypsy|gypsy@@2@@11@@@@act 2 dialogue:album_bound_track_no_safe_match:164925460,apple_music_sidecar_track_album_bound_pass_v1,album|original broadway cast of gypsy|gypsy@@2@@11@@@@act 2 dialogue,album_sidecar_track,track,Original Broadway Cast of Gypsy,Act 2: [dialogue],1959,us,album_bound_track_no_safe_match,20,9,0,164925460,,false
album_sidecar_track:album|original broadway cast of gypsy|gypsy@@2@@12@@@@act 2 scene change:album_bound_track_no_safe_match:164925460,apple_music_sidecar_track_album_bound_pass_v1,album|original broadway cast of gypsy|gypsy@@2@@12@@@@act 2 scene change,album_sidecar_track,track,Original Broadway Cast of Gypsy,Act 2: [scene change],1959,us,album_bound_track_no_safe_match,20,0,-1,164925460,,false
album_sidecar_track:album|original broadway cast of gypsy|gypsy@@2@@13@@@@act 2 dialogue:album_bound_track_no_safe_match:164925460,apple_music_sidecar_track_album_bound_pass_v1,album|original broadway cast of gypsy|gypsy@@2@@13@@@@act 2 dialogue,album_sidecar_track,track,Original Broadway Cast of Gypsy,Act 2: [dialogue],1959,us,album_bound_track_no_safe_match,20,9,9,164925460,,false
album_sidecar_track:album|original broadway cast of gypsy|gypsy@@2@@14@@@@act 2 underscoring dialogue:album_bound_track_no_safe_match:164925460,apple_music_sidecar_track_album_bound_pass_v1,album|original broadway cast of gypsy|gypsy@@2@@14@@@@act 2 underscoring dialogue,album_sidecar_track,track,Original Broadway Cast of Gypsy,Act 2: [underscoring] / [dialogue],1959,us,album_bound_track_no_safe_match,20,9,5,164925460,,false
album_sidecar_track:album|original broadway cast of gypsy|gypsy@@2@@15@@@@act 2 small world reprise:album_bound_track_no_safe_match:164925460,apple_music_sidecar_track_album_bound_pass_v1,album|original broadway cast of gypsy|gypsy@@2@@15@@@@act 2 small world reprise,album_sidecar_track,track,Original Broadway Cast of Gypsy,Act 2: Small World (reprise),1959,us,album_bound_track_no_safe_match,20,9,9,164925460,,false
album_sidecar_track:album|original broadway cast of gypsy|gypsy@@2@@16@@@@act 2 incidental music gypsy strip routine:album_bound_track_no_safe_match:164925460,apple_music_sidecar_track_album_bound_pass_v1,album|original broadway cast of gypsy|gypsy@@2@@16@@@@act 2 incidental music gypsy strip routine,album_sidecar_track,track,Original Broadway Cast of Gypsy,Act 2: [incidental music] / Gypsy Strip Routine,1959,us,album_bound_track_no_safe_match,20,0,-1,164925460,,false
album_sidecar_track:album|original broadway cast of gypsy|gypsy@@2@@17@@@@act 2 dialogue:album_bound_track_no_safe_match:164925460,apple_music_sidecar_track_album_bound_pass_v1,album|original broadway cast of gypsy|gypsy@@2@@17@@@@act 2 dialogue,album_sidecar_track,track,Original Broadway Cast of Gypsy,Act 2: [dialogue],1959,us,album_bound_track_no_safe_match,20,0,-1,164925460,,false
album_sidecar_track:album|original broadway cast of gypsy|gypsy@@2@@18@@@@act 2 incidental music:album_bound_track_no_safe_match:164925460,apple_music_sidecar_track_album_bound_pass_v1,album|original broadway cast of gypsy|gypsy@@2@@18@@@@act 2 incidental music,album_sidecar_track,track,Original Broadway Cast of Gypsy,Act 2: [incidental music],1959,us,album_bound_track_no_safe_match,20,0,-1,164925460,,false
album_sidecar_track:album|original broadway cast of gypsy|gypsy@@2@@19@@@@act 2 dialogue:album_bound_track_no_safe_match:164925460,apple_music_sidecar_track_album_bound_pass_v1,album|original broadway cast of gypsy|gypsy@@2@@19@@@@act 2 dialogue,album_sidecar_track,track,Original Broadway Cast of Gypsy,Act 2: [dialogue],1959,us,album_bound_track_no_safe_match,20,9,0,164925460,,false
album_sidecar_track:album|original broadway cast of gypsy|gypsy@@2@@2@@@@act 2 dialogue:album_bound_track_no_safe_match:164925460,apple_music_sidecar_track_album_bound_pass_v1,album|original broadway cast of gypsy|gypsy@@2@@2@@@@act 2 dialogue,album_sidecar_track,track,Original Broadway Cast of Gypsy,Act 2: [dialogue],1959,us,album_bound_track_no_safe_match,20,0,-1,164925460,,false
album_sidecar_track:album|original broadway cast of gypsy|gypsy@@2@@20@@@@act 2 rose s turn:album_bound_track_no_safe_match:164925460,apple_music_sidecar_track_album_bound_pass_v1,album|original broadway cast of gypsy|gypsy@@2@@20@@@@act 2 rose s turn,album_sidecar_track,track,Original Broadway Cast of Gypsy,Act 2: Rose's Turn,1959,us,album_bound_track_no_safe_match,20,9,9,164925460,,false
album_sidecar_track:album|original broadway cast of gypsy|gypsy@@2@@21@@@@act 2 dialogue:album_bound_track_no_safe_match:164925460,apple_music_sidecar_track_album_bound_pass_v1,album|original broadway cast of gypsy|gypsy@@2@@21@@@@act 2 dialogue,album_sidecar_track,track,Original Broadway Cast of Gypsy,Act 2: [dialogue],1959,us,album_bound_track_no_safe_match,20,10,4,164925460,,false
album_sidecar_track:album|original broadway cast of gypsy|gypsy@@2@@22@@@@act 2 finale:album_bound_track_no_safe_match:164925460,apple_music_sidecar_track_album_bound_pass_v1,album|original broadway cast of gypsy|gypsy@@2@@22@@@@act 2 finale,album_sidecar_track,track,Original Broadway Cast of Gypsy,Act 2: Finale,1959,us,album_bound_track_no_safe_match,20,4,0,164925460,,false
album_sidecar_track:album|original broadway cast of gypsy|gypsy@@2@@23@@@@act 2 curtain calls:album_bound_track_no_safe_match:164925460,apple_music_sidecar_track_album_bound_pass_v1,album|original broadway cast of gypsy|gypsy@@2@@23@@@@act 2 curtain calls,album_sidecar_track,track,Original Broadway Cast of Gypsy,Act 2: [curtain calls],1959,us,album_bound_track_no_safe_match,20,4,0,164925460,,false
album_sidecar_track:album|original broadway cast of gypsy|gypsy@@2@@24@@@@act 2 exit music auld lang syne:album_bound_track_no_safe_match:164925460,apple_music_sidecar_track_album_bound_pass_v1,album|original broadway cast of gypsy|gypsy@@2@@24@@@@act 2 exit music auld lang syne,album_sidecar_track,track,Original Broadway Cast of Gypsy,Act 2: Exit Music / Auld Lang Syne,1959,us,album_bound_track_no_safe_match,20,12,0,164925460,,false
album_sidecar_track:album|original broadway cast of gypsy|gypsy@@2@@3@@@@act 2 toreadorables:album_bound_track_no_safe_match:164925460,apple_music_sidecar_track_album_bound_pass_v1,album|original broadway cast of gypsy|gypsy@@2@@3@@@@act 2 toreadorables,album_sidecar_track,track,Original Broadway Cast of Gypsy,Act 2: Toreadorables,1959,us,album_bound_track_no_safe_match,20,6,4,164925460,,false
album_sidecar_track:album|original broadway cast of gypsy|gypsy@@2@@4@@@@act 2 dialogue:album_bound_track_no_safe_match:164925460,apple_music_sidecar_track_album_bound_pass_v1,album|original broadway cast of gypsy|gypsy@@2@@4@@@@act 2 dialogue,album_sidecar_track,track,Original Broadway Cast of Gypsy,Act 2: [dialogue],1959,us,album_bound_track_no_safe_match,20,2,1,164925460,,false
album_sidecar_track:album|original broadway cast of gypsy|gypsy@@2@@5@@@@act 2 together wherever we go:album_bound_track_no_safe_match:164925460,apple_music_sidecar_track_album_bound_pass_v1,album|original broadway cast of gypsy|gypsy@@2@@5@@@@act 2 together wherever we go,album_sidecar_track,track,Original Broadway Cast of Gypsy,Act 2: Together Wherever We Go,1959,us,album_bound_track_no_safe_match,20,9,9,164925460,,false
album_sidecar_track:album|original broadway cast of gypsy|gypsy@@2@@6@@@@act 2 dialogue:album_bound_track_no_safe_match:164925460,apple_music_sidecar_track_album_bound_pass_v1,album|original broadway cast of gypsy|gypsy@@2@@6@@@@act 2 dialogue,album_sidecar_track,track,Original Broadway Cast of Gypsy,Act 2: [dialogue],1959,us,album_bound_track_no_safe_match,20,6,4,164925460,,false
album_sidecar_track:album|original broadway cast of gypsy|gypsy@@2@@7@@@@act 2 together wherever we go reprise:album_bound_track_no_safe_match:164925460,apple_music_sidecar_track_album_bound_pass_v1,album|original broadway cast of gypsy|gypsy@@2@@7@@@@act 2 together wherever we go reprise,album_sidecar_track,track,Original Broadway Cast of Gypsy,Act 2: Together Wherever We Go (reprise),1959,us,album_bound_track_no_safe_match,20,4,0,164925460,,false
album_sidecar_track:album|original broadway cast of gypsy|gypsy@@2@@8@@@@act 2 scene change:album_bound_track_no_safe_match:164925460,apple_music_sidecar_track_album_bound_pass_v1,album|original broadway cast of gypsy|gypsy@@2@@8@@@@act 2 scene change,album_sidecar_track,track,Original Broadway Cast of Gypsy,Act 2: [scene change],1959,us,album_bound_track_no_safe_match,20,0,-1,164925460,,false
album_sidecar_track:album|original broadway cast of gypsy|gypsy@@2@@9@@@@act 2 dialogue:album_bound_track_no_safe_match:164925460,apple_music_sidecar_track_album_bound_pass_v1,album|original broadway cast of gypsy|gypsy@@2@@9@@@@act 2 dialogue,album_sidecar_track,track,Original Broadway Cast of Gypsy,Act 2: [dialogue],1959,us,album_bound_track_no_safe_match,20,0,-1,164925460,,false
album_sidecar_track:album|original broadway cast of into the woods|into the woods@@1@@11@@@@it takes two:album_bound_track_no_safe_match:219236910,apple_music_sidecar_track_album_bound_pass_v1,album|original broadway cast of into the woods|into the woods@@1@@11@@@@it takes two,album_sidecar_track,track,Original Broadway Cast of Into the Woods,It Takes Two,1988,us,album_bound_track_no_safe_match,18,53,48,219236910,,false
album_sidecar_track:album|original broadway cast of into the woods|into the woods@@1@@12@@@@second midnight:album_bound_track_no_safe_match:219236910,apple_music_sidecar_track_album_bound_pass_v1,album|original broadway cast of into the woods|into the woods@@1@@12@@@@second midnight,album_sidecar_track,track,Original Broadway Cast of Into the Woods,Second Midnight,1988,us,album_bound_track_no_safe_match,18,43,7,219236910,,false
album_sidecar_track:album|original broadway cast of into the woods|into the woods@@1@@16@@@@prologue so happy:album_bound_track_no_safe_match:219236910,apple_music_sidecar_track_album_bound_pass_v1,album|original broadway cast of into the woods|into the woods@@1@@16@@@@prologue so happy,album_sidecar_track,track,Original Broadway Cast of Into the Woods,Prologue: So Happy,1988,us,album_bound_track_no_safe_match,15,51,41,219236910,,false
album_sidecar_track:album|original broadway cast of into the woods|into the woods@@1@@18@@@@witch s lament:album_bound_track_no_safe_match:219236910,apple_music_sidecar_track_album_bound_pass_v1,album|original broadway cast of into the woods|into the woods@@1@@18@@@@witch s lament,album_sidecar_track,track,Original Broadway Cast of Into the Woods,Witch’s Lament,1988,us,album_bound_track_no_safe_match,14,31,24,219236910,,false
album_sidecar_track:album|original broadway cast of into the woods|into the woods@@1@@19@@@@any moment:album_bound_track_no_safe_match:219236910,apple_music_sidecar_track_album_bound_pass_v1,album|original broadway cast of into the woods|into the woods@@1@@19@@@@any moment,album_sidecar_track,track,Original Broadway Cast of Into the Woods,Any Moment,1988,us,album_bound_track_no_safe_match,14,43,19,219236910,,false
album_sidecar_track:album|original broadway cast of into the woods|into the woods@@1@@20@@@@moments in woods:album_bound_track_no_safe_match:219236910,apple_music_sidecar_track_album_bound_pass_v1,album|original broadway cast of into the woods|into the woods@@1@@20@@@@moments in woods,album_sidecar_track,track,Original Broadway Cast of Into the Woods,Moments in the Woods,1988,us,album_bound_track_no_safe_match,14,31,19,219236910,,false
album_sidecar_track:album|original broadway cast of into the woods|into the woods@@1@@21@@@@your fault:album_bound_track_no_safe_match:219236910,apple_music_sidecar_track_album_bound_pass_v1,album|original broadway cast of into the woods|into the woods@@1@@21@@@@your fault,album_sidecar_track,track,Original Broadway Cast of Into the Woods,Your Fault,1988,us,album_bound_track_no_safe_match,14,31,19,219236910,,false
album_sidecar_track:album|original broadway cast of into the woods|into the woods@@1@@22@@@@last midnight:album_bound_track_no_safe_match:219236910,apple_music_sidecar_track_album_bound_pass_v1,album|original broadway cast of into the woods|into the woods@@1@@22@@@@last midnight,album_sidecar_track,track,Original Broadway Cast of Into the Woods,Last Midnight,1988,us,album_bound_track_no_safe_match,14,31,19,219236910,,false
album_sidecar_track:album|original broadway cast of into the woods|into the woods@@1@@25@@@@finale children will listen:album_bound_track_no_safe_match:219236910,apple_music_sidecar_track_album_bound_pass_v1,album|original broadway cast of into the woods|into the woods@@1@@25@@@@finale children will listen,album_sidecar_track,track,Original Broadway Cast of Into the Woods,Finale: Children Will Listen,1988,us,album_bound_track_no_safe_match,12,51,7,219236910,,false
album_sidecar_track:album|original broadway cast of into the woods|into the woods@@1@@4@@@@i guess this is goodbye:album_bound_track_no_safe_match:219236910,apple_music_sidecar_track_album_bound_pass_v1,album|original broadway cast of into the woods|into the woods@@1@@4@@@@i guess this is goodbye,album_sidecar_track,track,Original Broadway Cast of Into the Woods,I Guess This Is Goodbye,1988,us,album_bound_track_no_safe_match,19,57,7,219236910,,false
album_sidecar_track:album|original broadway cast of into the woods|into the woods@@1@@5@@@@maybe they re magic:album_bound_track_no_safe_match:219236910,apple_music_sidecar_track_album_bound_pass_v1,album|original broadway cast of into the woods|into the woods@@1@@5@@@@maybe they re magic,album_sidecar_track,track,Original Broadway Cast of Into the Woods,Maybe They’re Magic,1988,us,album_bound_track_no_safe_match,19,32,21,219236910,,false
album_sidecar_track:album|original broadway cast of into the woods|into the woods@@1@@6@@@@i know things now:album_bound_track_no_safe_match:219236910,apple_music_sidecar_track_album_bound_pass_v1,album|original broadway cast of into the woods|into the woods@@1@@6@@@@i know things now,album_sidecar_track,track,Original Broadway Cast of Into the Woods,I Know Things Now,1988,us,album_bound_track_no_safe_match,19,50,43,219236910,,false
album_sidecar_track:album|original broadway cast of into the woods|into the woods@@1@@7@@@@a very nice prince:album_bound_track_no_safe_match:219236910,apple_music_sidecar_track_album_bound_pass_v1,album|original broadway cast of into the woods|into the woods@@1@@7@@@@a very nice prince,album_sidecar_track,track,Original Broadway Cast of Into the Woods,A Very Nice Prince,1988,us,album_bound_track_no_safe_match,19,31,31,219236910,,false
album_sidecar_track:album|original broadway cast of into the woods|into the woods@@1@@8@@@@first midnight:album_bound_track_no_safe_match:219236910,apple_music_sidecar_track_album_bound_pass_v1,album|original broadway cast of into the woods|into the woods@@1@@8@@@@first midnight,album_sidecar_track,track,Original Broadway Cast of Into the Woods,First Midnight,1988,us,album_bound_track_no_safe_match,19,31,31,219236910,,false
album_sidecar_track:album|original broadway cast of into the woods|into the woods@@1@@9@@@@giants in sky:album_bound_track_no_safe_match:219236910,apple_music_sidecar_track_album_bound_pass_v1,album|original broadway cast of into the woods|into the woods@@1@@9@@@@giants in sky,album_sidecar_track,track,Original Broadway Cast of Into the Woods,Giants in the Sky,1988,us,album_bound_track_no_safe_match,19,36,35,219236910,,false
album_sidecar_track:album|original broadway cast of matilda|matilda the musical@@1@@2@@@@miracle part 1:album_bound_track_no_safe_match:1664563514,apple_music_sidecar_track_album_bound_pass_v1,album|original broadway cast of matilda|matilda the musical@@1@@2@@@@miracle part 1,album_sidecar_track,track,Original Broadway Cast of Matilda,"Miracle, Part 1",2013,us,album_bound_track_no_safe_match,4,61,10,1664563514,,false
album_sidecar_track:album|original broadway cast of matilda|matilda the musical@@1@@26@@@@miracle:album_bound_track_no_safe_match:1664563514,apple_music_sidecar_track_album_bound_pass_v1,album|original broadway cast of matilda|matilda the musical@@1@@26@@@@miracle,album_sidecar_track,track,Original Broadway Cast of Matilda,Miracle,2013,us,album_bound_track_no_safe_match,4,45,38,1664563514,,false
album_sidecar_track:album|original broadway cast of matilda|matilda the musical@@1@@3@@@@miracle part 2:album_bound_track_no_safe_match:1664563514,apple_music_sidecar_track_album_bound_pass_v1,album|original broadway cast of matilda|matilda the musical@@1@@3@@@@miracle part 2,album_sidecar_track,track,Original Broadway Cast of Matilda,"Miracle, Part 2",2013,us,album_bound_track_no_safe_match,4,60,14,1664563514,,false
album_sidecar_track:album|original broadway cast of matilda|matilda the musical@@1@@4@@@@miracle part 3:album_bound_track_no_safe_match:1664563514,apple_music_sidecar_track_album_bound_pass_v1,album|original broadway cast of matilda|matilda the musical@@1@@4@@@@miracle part 3,album_sidecar_track,track,Original Broadway Cast of Matilda,"Miracle, Part 3",2013,us,album_bound_track_no_safe_match,4,59,15,1664563514,,false
album_sidecar_track:album|original broadway cast of oklahoma|oklahoma@@3@@1@@@@i cain t say no:album_bound_track_no_safe_match:1383513675,apple_music_sidecar_track_album_bound_pass_v1,album|original broadway cast of oklahoma|oklahoma@@3@@1@@@@i cain t say no,album_sidecar_track,track,Original Broadway Cast of Oklahoma!,I Cain't Say No,1943,us,album_bound_track_no_safe_match,15,54,45,1383513675,,false
album_sidecar_track:album|original broadway cast of oklahoma|oklahoma@@6@@2@@@@finale:album_bound_track_no_safe_match:1383513675,apple_music_sidecar_track_album_bound_pass_v1,album|original broadway cast of oklahoma|oklahoma@@6@@2@@@@finale,album_sidecar_track,track,Original Broadway Cast of Oklahoma!,Finale,1943,us,album_bound_track_no_safe_match,9,45,41,1383513675,,false
album_sidecar_track:album|original broadway cast of south pacific|south pacific@@1@@2@@@@finale:album_bound_track_no_safe_match:193001294,apple_music_sidecar_track_album_bound_pass_v1,album|original broadway cast of south pacific|south pacific@@1@@2@@@@finale,album_sidecar_track,track,Original Broadway Cast of South Pacific,Finale,1949,us,album_bound_track_no_safe_match,19,35,33,193001294,,false
album_sidecar_track:album|original broadway cast of south pacific|south pacific@@2@@2@@@@a cock eyed optimist:album_bound_track_no_safe_match:193001294,apple_music_sidecar_track_album_bound_pass_v1,album|original broadway cast of south pacific|south pacific@@2@@2@@@@a cock eyed optimist,album_sidecar_track,track,Original Broadway Cast of South Pacific,A Cock‐Eyed Optimist,1949,us,album_bound_track_no_safe_match,18,12,0,193001294,,false
album_sidecar_track:album|original broadway cast of south pacific|south pacific@@2@@3@@@@this nearly was mine:album_bound_track_no_safe_match:193001294,apple_music_sidecar_track_album_bound_pass_v1,album|original broadway cast of south pacific|south pacific@@2@@3@@@@this nearly was mine,album_sidecar_track,track,Original Broadway Cast of South Pacific,This Nearly Was Mine,1949,us,album_bound_track_no_safe_match,18,9,9,193001294,,false
album_sidecar_track:album|original broadway cast of south pacific|south pacific@@3@@3@@@@carefully taught:album_bound_track_no_safe_match:193001294,apple_music_sidecar_track_album_bound_pass_v1,album|original broadway cast of south pacific|south pacific@@3@@3@@@@carefully taught,album_sidecar_track,track,Original Broadway Cast of South Pacific,Carefully Taught,1949,us,album_bound_track_no_safe_match,16,33,3,193001294,,false
album_sidecar_track:album|original broadway cast of spring awakening|spring awakening@@1@@15@@@@totally fucked:album_bound_track_no_safe_match:1440732230,apple_music_sidecar_track_album_bound_pass_v1,album|original broadway cast of spring awakening|spring awakening@@1@@15@@@@totally fucked,album_sidecar_track,track,Original Broadway Cast of Spring Awakening,Totally Fucked,2006,us,album_bound_track_no_safe_match,1,45,,1440732230,,false
album_sidecar_track:album|original broadway cast of the king and i|king and i@@1@@8@@@@we kiss in a shadow:album_bound_track_no_safe_match:1440652383,apple_music_sidecar_track_album_bound_pass_v1,album|original broadway cast of the king and i|king and i@@1@@8@@@@we kiss in a shadow,album_sidecar_track,track,Original Broadway Cast of The King and I,We Kiss in a Shadow,1951,us,album_bound_track_no_safe_match,1,45,,1440652383,,false
album_sidecar_track:album|original broadway cast of the music man|music man@@1@@3@@@@trouble:album_bound_track_no_safe_match:1442948380,apple_music_sidecar_track_album_bound_pass_v1,album|original broadway cast of the music man|music man@@1@@3@@@@trouble,album_sidecar_track,track,Original Broadway Cast of The Music Man,Trouble,1957,us,album_bound_track_no_safe_match,12,58,-3,1442948380,,false
album_sidecar_track:album|original broadway cast of the music man|music man@@1@@8@@@@sadder but wiser girl:album_bound_track_no_safe_match:1442948380,apple_music_sidecar_track_album_bound_pass_v1,album|original broadway cast of the music man|music man@@1@@8@@@@sadder but wiser girl,album_sidecar_track,track,Original Broadway Cast of The Music Man,The Sadder‐But‐Wiser Girl,1957,us,album_bound_track_no_safe_match,9,55,-2,1442948380,,false
album_sidecar_track:album|original broadway cast of the music man|music man@@1@@9@@@@pickalittle goodnight ladies:album_bound_track_no_safe_match:1442948380,apple_music_sidecar_track_album_bound_pass_v1,album|original broadway cast of the music man|music man@@1@@9@@@@pickalittle goodnight ladies,album_sidecar_track,track,Original Broadway Cast of The Music Man,Pickalittle / Goodnight Ladies,1957,us,album_bound_track_no_safe_match,9,31,-2,1442948380,,false
album_sidecar_track:album|original broadway cast of the sound of music|sound of music@@1@@1@@@@preludium sound of music:album_bound_track_no_safe_match:1488850404,apple_music_sidecar_track_album_bound_pass_v1,album|original broadway cast of the sound of music|sound of music@@1@@1@@@@preludium sound of music,album_sidecar_track,track,Original Broadway Cast of The Sound of Music,Preludium / The Sound of Music,1959,us,album_bound_track_no_safe_match,18,60,23,1488850404,,false
album_sidecar_track:album|original broadway cast of the sound of music|sound of music@@1@@10@@@@so long farewell:album_bound_track_no_safe_match:1488850404,apple_music_sidecar_track_album_bound_pass_v1,album|original broadway cast of the sound of music|sound of music@@1@@10@@@@so long farewell,album_sidecar_track,track,Original Broadway Cast of The Sound of Music,"So Long, Farewell",1959,us,album_bound_track_no_safe_match,18,39,31,1488850404,,false
album_sidecar_track:album|original broadway cast of the sound of music|sound of music@@1@@11@@@@climb ev ry mountain:album_bound_track_no_safe_match:1488850404,apple_music_sidecar_track_album_bound_pass_v1,album|original broadway cast of the sound of music|sound of music@@1@@11@@@@climb ev ry mountain,album_sidecar_track,track,Original Broadway Cast of The Sound of Music,Climb Ev'ry Mountain,1959,us,album_bound_track_no_safe_match,18,39,31,1488850404,,false
album_sidecar_track:album|original broadway cast of the sound of music|sound of music@@1@@12@@@@no way to stop it:album_bound_track_no_safe_match:1488850404,apple_music_sidecar_track_album_bound_pass_v1,album|original broadway cast of the sound of music|sound of music@@1@@12@@@@no way to stop it,album_sidecar_track,track,Original Broadway Cast of The Sound of Music,No Way to Stop It,1959,us,album_bound_track_no_safe_match,18,39,31,1488850404,,false
album_sidecar_track:album|original broadway cast of the sound of music|sound of music@@1@@13@@@@an ordinary couple:album_bound_track_no_safe_match:1488850404,apple_music_sidecar_track_album_bound_pass_v1,album|original broadway cast of the sound of music|sound of music@@1@@13@@@@an ordinary couple,album_sidecar_track,track,Original Broadway Cast of The Sound of Music,An Ordinary Couple,1959,us,album_bound_track_no_safe_match,18,39,31,1488850404,,false
album_sidecar_track:album|original broadway cast of the sound of music|sound of music@@1@@14@@@@processional:album_bound_track_no_safe_match:1488850404,apple_music_sidecar_track_album_bound_pass_v1,album|original broadway cast of the sound of music|sound of music@@1@@14@@@@processional,album_sidecar_track,track,Original Broadway Cast of The Sound of Music,Processional,1959,us,album_bound_track_no_safe_match,18,39,31,1488850404,,false
album_sidecar_track:album|original broadway cast of the sound of music|sound of music@@1@@15@@@@sixteen going on seventeen:album_bound_track_no_safe_match:1488850404,apple_music_sidecar_track_album_bound_pass_v1,album|original broadway cast of the sound of music|sound of music@@1@@15@@@@sixteen going on seventeen,album_sidecar_track,track,Original Broadway Cast of The Sound of Music,Sixteen Going on Seventeen,1959,us,album_bound_track_no_safe_match,18,39,31,1488850404,,false
album_sidecar_track:album|original broadway cast of the sound of music|sound of music@@1@@17@@@@climb ev ry mountain:album_bound_track_no_safe_match:1488850404,apple_music_sidecar_track_album_bound_pass_v1,album|original broadway cast of the sound of music|sound of music@@1@@17@@@@climb ev ry mountain,album_sidecar_track,track,Original Broadway Cast of The Sound of Music,Climb Ev'ry Mountain,1959,us,album_bound_track_no_safe_match,17,39,31,1488850404,,false
album_sidecar_track:album|original broadway cast of the sound of music|sound of music@@1@@2@@@@maria:album_bound_track_no_safe_match:1488850404,apple_music_sidecar_track_album_bound_pass_v1,album|original broadway cast of the sound of music|sound of music@@1@@2@@@@maria,album_sidecar_track,track,Original Broadway Cast of The Sound of Music,Maria,1959,us,album_bound_track_no_safe_match,18,42,35,1488850404,,false
album_sidecar_track:album|original broadway cast of the sound of music|sound of music@@1@@3@@@@my favorite things:album_bound_track_no_safe_match:1488850404,apple_music_sidecar_track_album_bound_pass_v1,album|original broadway cast of the sound of music|sound of music@@1@@3@@@@my favorite things,album_sidecar_track,track,Original Broadway Cast of The Sound of Music,My Favorite Things,1959,us,album_bound_track_no_safe_match,18,41,34,1488850404,,false
album_sidecar_track:album|original broadway cast of the sound of music|sound of music@@1@@4@@@@do re me:album_bound_track_no_safe_match:1488850404,apple_music_sidecar_track_album_bound_pass_v1,album|original broadway cast of the sound of music|sound of music@@1@@4@@@@do re me,album_sidecar_track,track,Original Broadway Cast of The Sound of Music,Do-Re-Me,1959,us,album_bound_track_no_safe_match,18,33,0,1488850404,,false
album_sidecar_track:album|original broadway cast of the sound of music|sound of music@@1@@5@@@@sixteen going on seventeen:album_bound_track_no_safe_match:1488850404,apple_music_sidecar_track_album_bound_pass_v1,album|original broadway cast of the sound of music|sound of music@@1@@5@@@@sixteen going on seventeen,album_sidecar_track,track,Original Broadway Cast of The Sound of Music,Sixteen Going on Seventeen,1959,us,album_bound_track_no_safe_match,18,39,32,1488850404,,false
album_sidecar_track:album|original broadway cast of the sound of music|sound of music@@1@@6@@@@lonely goatherd:album_bound_track_no_safe_match:1488850404,apple_music_sidecar_track_album_bound_pass_v1,album|original broadway cast of the sound of music|sound of music@@1@@6@@@@lonely goatherd,album_sidecar_track,track,Original Broadway Cast of The Sound of Music,The Lonely Goatherd,1959,us,album_bound_track_no_safe_match,18,39,31,1488850404,,false
album_sidecar_track:album|original broadway cast of the sound of music|sound of music@@1@@7@@@@how can love survive:album_bound_track_no_safe_match:1488850404,apple_music_sidecar_track_album_bound_pass_v1,album|original broadway cast of the sound of music|sound of music@@1@@7@@@@how can love survive,album_sidecar_track,track,Original Broadway Cast of The Sound of Music,How Can Love Survive,1959,us,album_bound_track_no_safe_match,18,39,31,1488850404,,false
album_sidecar_track:album|original broadway cast of the sound of music|sound of music@@1@@8@@@@sound of music reprise:album_bound_track_no_safe_match:1488850404,apple_music_sidecar_track_album_bound_pass_v1,album|original broadway cast of the sound of music|sound of music@@1@@8@@@@sound of music reprise,album_sidecar_track,track,Original Broadway Cast of The Sound of Music,The Sound of Music (reprise),1959,us,album_bound_track_no_safe_match,18,39,35,1488850404,,false
album_sidecar_track:album|original broadway cast of the sound of music|sound of music@@1@@9@@@@laendler:album_bound_track_no_safe_match:1488850404,apple_music_sidecar_track_album_bound_pass_v1,album|original broadway cast of the sound of music|sound of music@@1@@9@@@@laendler,album_sidecar_track,track,Original Broadway Cast of The Sound of Music,Laendler,1959,us,album_bound_track_no_safe_match,18,39,31,1488850404,,false
album_sidecar_track:album|original broadway cast of west side story|west side story@@1@@1@@@@prologue and jet song:album_bound_track_no_safe_match:186302499,apple_music_sidecar_track_album_bound_pass_v1,album|original broadway cast of west side story|west side story@@1@@1@@@@prologue and jet song,album_sidecar_track,track,Original Broadway Cast of West Side Story,Prologue and Jet Song,1957,us,album_bound_track_no_safe_match,25,60,23,186302499,,false
album_sidecar_track:album|original broadway cast of west side story|west side story@@1@@14@@@@a boy like that and i have a love:album_bound_track_no_safe_match:186302499,apple_music_sidecar_track_album_bound_pass_v1,album|original broadway cast of west side story|west side story@@1@@14@@@@a boy like that and i have a love,album_sidecar_track,track,Original Broadway Cast of West Side Story,A Boy Like That and I Have a Love,1957,us,album_bound_track_no_safe_match,13,9,5,186302499,,false
album_sidecar_track:album|original london cast of evita|evita@@1@@12@@@@and money keeps rolling in and out:album_bound_track_no_safe_match:1440910352,apple_music_sidecar_track_album_bound_pass_v1,album|original london cast of evita|evita@@1@@12@@@@and money keeps rolling in and out,album_sidecar_track,track,Original London Cast of Evita,And the Money Keeps Rolling In (And Out),1978,us,album_bound_track_no_safe_match,1,45,,1440910352,,false
album_sidecar_track:album|original london cast of les miserables|les miserables@@2@@1@@@@i saw him once in my life a heart full of love:album_bound_track_no_safe_match:286655561,apple_music_sidecar_track_album_bound_pass_v1,album|original london cast of les miserables|les miserables@@2@@1@@@@i saw him once in my life a heart full of love,album_sidecar_track,track,Original London Cast of Les Miserables,I Saw Him Once / In My Life / A Heart Full of Love,1985,us,album_bound_track_no_safe_match,14,33,-5,286655561,,false
album_sidecar_track:album|original london cast of miss saigon|miss saigon@@2@@10@@@@her or me:album_bound_track_no_safe_match:1440831170,apple_music_sidecar_track_album_bound_pass_v1,album|original london cast of miss saigon|miss saigon@@2@@10@@@@her or me,album_sidecar_track,track,Original London Cast of Miss Saigon,Her Or Me,1989,us,album_bound_track_no_safe_match,1,57,,1440831170,,false
album_sidecar_track:album|otis redding|otis blue@@1@@3@@@@a change is gonna come:album_bound_track_no_safe_match:922351495,apple_music_sidecar_track_album_bound_pass_v1,album|otis redding|otis blue@@1@@3@@@@a change is gonna come,album_sidecar_track,track,Otis Redding,A Change Is Gonna Come,1965,us,album_bound_track_no_safe_match,1,56,,922351495,,false
album_sidecar_track:album|outkast|aquemini@@1@@10@@@@da art of storytellin part 2:album_bound_track_no_safe_match:266365274,apple_music_sidecar_track_album_bound_pass_v1,album|outkast|aquemini@@1@@10@@@@da art of storytellin part 2,album_sidecar_track,track,OutKast,"Da Art of Storytellin’, Part 2",1998,us,album_bound_track_no_safe_match,2,57,7,266365274,,false
album_sidecar_track:album|outkast|aquemini@@1@@9@@@@da art of storytellin part 1:album_bound_track_no_safe_match:266365274,apple_music_sidecar_track_album_bound_pass_v1,album|outkast|aquemini@@1@@9@@@@da art of storytellin part 1,album_sidecar_track,track,OutKast,"Da Art of Storytellin’, Part 1",1998,us,album_bound_track_no_safe_match,2,57,7,266365274,,false
album_sidecar_track:album|outkast|stankonia@@1@@10@@@@i ll call before i come:album_bound_track_no_safe_match:255836651,apple_music_sidecar_track_album_bound_pass_v1,album|outkast|stankonia@@1@@10@@@@i ll call before i come,album_sidecar_track,track,OutKast,I’ll Call Before I Come,2000,us,album_bound_track_no_safe_match,2,57,12,255836651,,false
album_sidecar_track:album|outkast|stankonia@@1@@20@@@@gangsta shit:album_bound_track_no_safe_match:255836651,apple_music_sidecar_track_album_bound_pass_v1,album|outkast|stankonia@@1@@20@@@@gangsta shit,album_sidecar_track,track,OutKast,Gangsta Shit,2000,us,album_bound_track_no_safe_match,2,57,12,255836651,,false
album_sidecar_track:album|pantera|vulgar display of power@@1@@4@@@@fucking hostile:album_bound_track_no_safe_match:1049189134,apple_music_sidecar_track_album_bound_pass_v1,album|pantera|vulgar display of power@@1@@4@@@@fucking hostile,album_sidecar_track,track,Pantera,Fucking Hostile,1992,us,album_bound_track_no_safe_match,1,59,,1049189134,,false
album_sidecar_track:album|papa roach|infest@@1@@11@@@@thrown away tightrope:album_bound_track_no_safe_match:1450006102,apple_music_sidecar_track_album_bound_pass_v1,album|papa roach|infest@@1@@11@@@@thrown away tightrope,album_sidecar_track,track,Papa Roach,Thrown Away / Tightrope,2000,us,album_bound_track_no_safe_match,3,57,7,1450006102,,false
album_sidecar_track:album|paris sisters|paris sisters@@1@@10@@@@a lonely girl s prayer:album_bound_track_no_safe_match:289487026,apple_music_sidecar_track_album_bound_pass_v1,album|paris sisters|paris sisters@@1@@10@@@@a lonely girl s prayer,album_sidecar_track,track,The Paris Sisters,A Lonely Girl’s Prayer,1961,us,album_bound_track_no_safe_match,9,14,12,289487026,,false
album_sidecar_track:album|paris sisters|paris sisters@@1@@11@@@@let me be one:album_bound_track_no_safe_match:289487026,apple_music_sidecar_track_album_bound_pass_v1,album|paris sisters|paris sisters@@1@@11@@@@let me be one,album_sidecar_track,track,The Paris Sisters,Let Me Be the One,1961,us,album_bound_track_no_safe_match,9,57,19,289487026,,false
album_sidecar_track:album|paris sisters|paris sisters@@1@@12@@@@my good friend:album_bound_track_no_safe_match:289487026,apple_music_sidecar_track_album_bound_pass_v1,album|paris sisters|paris sisters@@1@@12@@@@my good friend,album_sidecar_track,track,The Paris Sisters,My Good Friend,1961,us,album_bound_track_no_safe_match,9,25,22,289487026,,false
album_sidecar_track:album|paris sisters|paris sisters@@1@@13@@@@what am i to do:album_bound_track_no_safe_match:289487026,apple_music_sidecar_track_album_bound_pass_v1,album|paris sisters|paris sisters@@1@@13@@@@what am i to do,album_sidecar_track,track,The Paris Sisters,What Am I to Do,1961,us,album_bound_track_no_safe_match,9,14,12,289487026,,false
album_sidecar_track:album|paris sisters|paris sisters@@1@@14@@@@i love how you love me alternate take:album_bound_track_no_safe_match:289487026,apple_music_sidecar_track_album_bound_pass_v1,album|paris sisters|paris sisters@@1@@14@@@@i love how you love me alternate take,album_sidecar_track,track,The Paris Sisters,I Love How You Love Me (alternate take),1961,us,album_bound_track_no_safe_match,9,25,21,289487026,,false
album_sidecar_track:album|paris sisters|paris sisters@@1@@2@@@@dream lover:album_bound_track_no_safe_match:289487026,apple_music_sidecar_track_album_bound_pass_v1,album|paris sisters|paris sisters@@1@@2@@@@dream lover,album_sidecar_track,track,The Paris Sisters,Dream Lover,1961,us,album_bound_track_no_safe_match,10,52,19,289487026,,false
album_sidecar_track:album|paris sisters|paris sisters@@1@@3@@@@be my boy:album_bound_track_no_safe_match:289487026,apple_music_sidecar_track_album_bound_pass_v1,album|paris sisters|paris sisters@@1@@3@@@@be my boy,album_sidecar_track,track,The Paris Sisters,Be My Boy,1961,us,album_bound_track_no_safe_match,10,57,56,289487026,,false
album_sidecar_track:album|paris sisters|paris sisters@@1@@4@@@@all through night:album_bound_track_no_safe_match:289487026,apple_music_sidecar_track_album_bound_pass_v1,album|paris sisters|paris sisters@@1@@4@@@@all through night,album_sidecar_track,track,The Paris Sisters,All Through the Night,1961,us,album_bound_track_no_safe_match,10,50,24,289487026,,false
album_sidecar_track:album|paris sisters|paris sisters@@1@@5@@@@yes i love you:album_bound_track_no_safe_match:289487026,apple_music_sidecar_track_album_bound_pass_v1,album|paris sisters|paris sisters@@1@@5@@@@yes i love you,album_sidecar_track,track,The Paris Sisters,Yes—I Love You,1961,us,album_bound_track_no_safe_match,10,49,21,289487026,,false
album_sidecar_track:album|paris sisters|paris sisters@@1@@7@@@@long after tonight is all over:album_bound_track_no_safe_match:289487026,apple_music_sidecar_track_album_bound_pass_v1,album|paris sisters|paris sisters@@1@@7@@@@long after tonight is all over,album_sidecar_track,track,The Paris Sisters,Long After Tonight Is All Over,1961,us,album_bound_track_no_safe_match,9,48,21,289487026,,false
album_sidecar_track:album|paris sisters|paris sisters@@1@@8@@@@once upon a while ago:album_bound_track_no_safe_match:289487026,apple_music_sidecar_track_album_bound_pass_v1,album|paris sisters|paris sisters@@1@@8@@@@once upon a while ago,album_sidecar_track,track,The Paris Sisters,Once Upon a While Ago,1961,us,album_bound_track_no_safe_match,9,48,23,289487026,,false
album_sidecar_track:album|paris sisters|paris sisters@@1@@9@@@@i ll be crying tomorrow:album_bound_track_no_safe_match:289487026,apple_music_sidecar_track_album_bound_pass_v1,album|paris sisters|paris sisters@@1@@9@@@@i ll be crying tomorrow,album_sidecar_track,track,The Paris Sisters,I’ll Be Crying Tomorrow,1961,us,album_bound_track_no_safe_match,9,53,25,289487026,,false
album_sidecar_track:album|parkway drive|horizons@@1@@2@@@@sirens song:album_bound_track_no_safe_match:1485043733,apple_music_sidecar_track_album_bound_pass_v1,album|parkway drive|horizons@@1@@2@@@@sirens song,album_sidecar_track,track,Parkway Drive,The Sirens’ Song,2007,us,album_bound_track_no_safe_match,1,61,,1485043733,,false
album_sidecar_track:album|passion|worthy of your name@@1@@12@@@@worthy of your name:album_bound_track_no_safe_match:1599424936,apple_music_sidecar_track_album_bound_pass_v1,album|passion|worthy of your name@@1@@12@@@@worthy of your name,album_sidecar_track,track,Passion,Worthy of Your Name,2017,us,album_bound_track_no_safe_match,0,0,,1599424936,,false
album_sidecar_track:album|passion|worthy of your name@@1@@13@@@@this we know:album_bound_track_no_safe_match:1599424936,apple_music_sidecar_track_album_bound_pass_v1,album|passion|worthy of your name@@1@@13@@@@this we know,album_sidecar_track,track,Passion,This We Know,2017,us,album_bound_track_no_safe_match,0,0,,1599424936,,false
album_sidecar_track:album|paul anka|paul anka@@1@@1@@@@down by riverside:album_bound_track_no_safe_match:1625973434,apple_music_sidecar_track_album_bound_pass_v1,album|paul anka|paul anka@@1@@1@@@@down by riverside,album_sidecar_track,track,Paul Anka,Down by the Riverside,1958,us,album_bound_track_no_safe_match,10,48,12,1625973434,,false
album_sidecar_track:album|paul anka|paul anka@@1@@10@@@@i ve heard that song before:album_bound_track_no_safe_match:1625973434,apple_music_sidecar_track_album_bound_pass_v1,album|paul anka|paul anka@@1@@10@@@@i ve heard that song before,album_sidecar_track,track,Paul Anka,I’ve Heard That Song Before,1958,us,album_bound_track_no_safe_match,10,43,17,1625973434,,false
album_sidecar_track:album|paul anka|paul anka@@1@@11@@@@pity pity:album_bound_track_no_safe_match:1625973434,apple_music_sidecar_track_album_bound_pass_v1,album|paul anka|paul anka@@1@@11@@@@pity pity,album_sidecar_track,track,Paul Anka,Pity Pity,1958,us,album_bound_track_no_safe_match,10,12,11,1625973434,,false
album_sidecar_track:album|paul anka|paul anka@@1@@12@@@@side by side:album_bound_track_no_safe_match:1625973434,apple_music_sidecar_track_album_bound_pass_v1,album|paul anka|paul anka@@1@@12@@@@side by side,album_sidecar_track,track,Paul Anka,Side by Side,1958,us,album_bound_track_no_safe_match,10,14,12,1625973434,,false
album_sidecar_track:album|paul anka|paul anka@@1@@2@@@@you belong to me:album_bound_track_no_safe_match:1625973434,apple_music_sidecar_track_album_bound_pass_v1,album|paul anka|paul anka@@1@@2@@@@you belong to me,album_sidecar_track,track,Paul Anka,You Belong to Me,1958,us,album_bound_track_no_safe_match,10,47,21,1625973434,,false
album_sidecar_track:album|paul anka|paul anka@@1@@3@@@@your cheatin heart:album_bound_track_no_safe_match:1625973434,apple_music_sidecar_track_album_bound_pass_v1,album|paul anka|paul anka@@1@@3@@@@your cheatin heart,album_sidecar_track,track,Paul Anka,Your Cheatin’ Heart,1958,us,album_bound_track_no_safe_match,10,46,12,1625973434,,false
album_sidecar_track:album|paul anka|paul anka@@1@@4@@@@waiting for you:album_bound_track_no_safe_match:1625973434,apple_music_sidecar_track_album_bound_pass_v1,album|paul anka|paul anka@@1@@4@@@@waiting for you,album_sidecar_track,track,Paul Anka,Waiting for You,1958,us,album_bound_track_no_safe_match,10,59,17,1625973434,,false
album_sidecar_track:album|paul anka|paul anka@@1@@5@@@@walkin my baby back home:album_bound_track_no_safe_match:1625973434,apple_music_sidecar_track_album_bound_pass_v1,album|paul anka|paul anka@@1@@5@@@@walkin my baby back home,album_sidecar_track,track,Paul Anka,Walkin’ My Baby Back Home,1958,us,album_bound_track_no_safe_match,10,44,12,1625973434,,false
album_sidecar_track:album|paul anka|paul anka@@1@@6@@@@sing sing sing with a swing:album_bound_track_no_safe_match:1625973434,apple_music_sidecar_track_album_bound_pass_v1,album|paul anka|paul anka@@1@@6@@@@sing sing sing with a swing,album_sidecar_track,track,Paul Anka,"Sing, Sing, Sing (With a Swing)",1958,us,album_bound_track_no_safe_match,10,43,12,1625973434,,false
album_sidecar_track:album|paul anka|paul anka@@1@@7@@@@diana:album_bound_track_no_safe_match:1625973434,apple_music_sidecar_track_album_bound_pass_v1,album|paul anka|paul anka@@1@@7@@@@diana,album_sidecar_track,track,Paul Anka,Diana,1958,us,album_bound_track_no_safe_match,10,48,12,1625973434,,false
album_sidecar_track:album|paul anka|paul anka@@1@@8@@@@red sails in sunset:album_bound_track_no_safe_match:1625973434,apple_music_sidecar_track_album_bound_pass_v1,album|paul anka|paul anka@@1@@8@@@@red sails in sunset,album_sidecar_track,track,Paul Anka,Red Sails in the Sunset,1958,us,album_bound_track_no_safe_match,10,43,17,1625973434,,false
album_sidecar_track:album|paul anka|paul anka@@1@@9@@@@jambalaya:album_bound_track_no_safe_match:1625973434,apple_music_sidecar_track_album_bound_pass_v1,album|paul anka|paul anka@@1@@9@@@@jambalaya,album_sidecar_track,track,Paul Anka,Jambalaya,1958,us,album_bound_track_no_safe_match,10,48,21,1625973434,,false
album_sidecar_track:album|paul simon|still crazy after all these years@@1@@3@@@@i do it for your love:album_bound_track_no_safe_match:380590574,apple_music_sidecar_track_album_bound_pass_v1,album|paul simon|still crazy after all these years@@1@@3@@@@i do it for your love,album_sidecar_track,track,Paul Simon,I Do It for Your Love,1975,us,album_bound_track_no_safe_match,3,60,7,380590574,,false
album_sidecar_track:album|pearl jam|ten@@1@@12@@@@master slave:album_bound_track_no_safe_match:425465247,apple_music_sidecar_track_album_bound_pass_v1,album|pearl jam|ten@@1@@12@@@@master slave,album_sidecar_track,track,Pearl Jam,Master/Slave,1991,us,album_bound_track_no_safe_match,0,0,,425465247,,false
album_sidecar_track:album|pearl jam|vitalogy@@1@@12@@@@aye davanita:album_bound_track_no_safe_match:1777937276,apple_music_sidecar_track_album_bound_pass_v1,album|pearl jam|vitalogy@@1@@12@@@@aye davanita,album_sidecar_track,track,Pearl Jam,Aye Davanita,1994,us,album_bound_track_no_safe_match,1,57,,1777937276,,false
album_sidecar_track:album|perfume|game@@1@@1@@@@:album_bound_track_no_safe_match:1442861394,apple_music_sidecar_track_album_bound_pass_v1,album|perfume|game@@1@@1@@@@,album_sidecar_track,track,Perfume,ポリリズム,2008,us,album_bound_track_no_safe_match,5,62,13,1442861394,,false
album_sidecar_track:album|perfume|game@@1@@5@@@@:album_bound_track_no_safe_match:1442861394,apple_music_sidecar_track_album_bound_pass_v1,album|perfume|game@@1@@5@@@@,album_sidecar_track,track,Perfume,チョコレイト・ディスコ,2008,us,album_bound_track_no_safe_match,5,58,17,1442861394,,false
album_sidecar_track:album|perfume|game@@1@@6@@@@:album_bound_track_no_safe_match:1442861394,apple_music_sidecar_track_album_bound_pass_v1,album|perfume|game@@1@@6@@@@,album_sidecar_track,track,Perfume,マカロニ,2008,us,album_bound_track_no_safe_match,5,57,17,1442861394,,false
album_sidecar_track:album|perfume|game@@1@@7@@@@:album_bound_track_no_safe_match:1442861394,apple_music_sidecar_track_album_bound_pass_v1,album|perfume|game@@1@@7@@@@,album_sidecar_track,track,Perfume,セラミックガール,2008,us,album_bound_track_no_safe_match,5,57,17,1442861394,,false
album_sidecar_track:album|perfume|game@@1@@9@@@@:album_bound_track_no_safe_match:1442861394,apple_music_sidecar_track_album_bound_pass_v1,album|perfume|game@@1@@9@@@@,album_sidecar_track,track,Perfume,シークレットシークレット,2008,us,album_bound_track_no_safe_match,5,57,12,1442861394,,false
album_sidecar_track:album|peter gabriel|passion@@1@@1@@@@armannyan:album_bound_track_no_safe_match:987561472,apple_music_sidecar_track_album_bound_pass_v1,album|peter gabriel|passion@@1@@1@@@@armannyan,album_sidecar_track,track,Peter Gabriel,Armannyan,1989,us,album_bound_track_no_safe_match,21,58,24,987561472,,false
album_sidecar_track:album|peter gabriel|passion@@1@@10@@@@vocal chords:album_bound_track_no_safe_match:987561472,apple_music_sidecar_track_album_bound_pass_v1,album|peter gabriel|passion@@1@@10@@@@vocal chords,album_sidecar_track,track,Peter Gabriel,Vocal Chords,1989,us,album_bound_track_no_safe_match,19,43,21,987561472,,false
album_sidecar_track:album|peter gabriel|passion@@1@@11@@@@tough nile:album_bound_track_no_safe_match:987561472,apple_music_sidecar_track_album_bound_pass_v1,album|peter gabriel|passion@@1@@11@@@@tough nile,album_sidecar_track,track,Peter Gabriel,Tough Nile,1989,us,album_bound_track_no_safe_match,19,43,12,987561472,,false
album_sidecar_track:album|peter gabriel|passion@@1@@2@@@@spray afoxe:album_bound_track_no_safe_match:987561472,apple_music_sidecar_track_album_bound_pass_v1,album|peter gabriel|passion@@1@@2@@@@spray afoxe,album_sidecar_track,track,Peter Gabriel,Spray Afoxe,1989,us,album_bound_track_no_safe_match,21,47,12,987561472,,false
album_sidecar_track:album|peter gabriel|passion@@1@@4@@@@glasscore:album_bound_track_no_safe_match:987561472,apple_music_sidecar_track_album_bound_pass_v1,album|peter gabriel|passion@@1@@4@@@@glasscore,album_sidecar_track,track,Peter Gabriel,Glasscore,1989,us,album_bound_track_no_safe_match,20,45,12,987561472,,false
album_sidecar_track:album|peter gabriel|passion@@1@@6@@@@islamic offbeat:album_bound_track_no_safe_match:987561472,apple_music_sidecar_track_album_bound_pass_v1,album|peter gabriel|passion@@1@@6@@@@islamic offbeat,album_sidecar_track,track,Peter Gabriel,Islamic Offbeat,1989,us,album_bound_track_no_safe_match,19,43,21,987561472,,false
album_sidecar_track:album|peter gabriel|passion@@1@@7@@@@1 2 previous:album_bound_track_no_safe_match:987561472,apple_music_sidecar_track_album_bound_pass_v1,album|peter gabriel|passion@@1@@7@@@@1 2 previous,album_sidecar_track,track,Peter Gabriel,1/2 Previous,1989,us,album_bound_track_no_safe_match,19,43,22,987561472,,false
album_sidecar_track:album|peter gabriel|passion@@1@@8@@@@it is accomplished:album_bound_track_no_safe_match:987561472,apple_music_sidecar_track_album_bound_pass_v1,album|peter gabriel|passion@@1@@8@@@@it is accomplished,album_sidecar_track,track,Peter Gabriel,It Is Accomplished,1989,us,album_bound_track_no_safe_match,19,51,12,987561472,,false
album_sidecar_track:album|peter gabriel|passion@@1@@9@@@@african shuffle:album_bound_track_no_safe_match:987561472,apple_music_sidecar_track_album_bound_pass_v1,album|peter gabriel|passion@@1@@9@@@@african shuffle,album_sidecar_track,track,Peter Gabriel,African Shuffle,1989,us,album_bound_track_no_safe_match,19,43,17,987561472,,false
album_sidecar_track:album|pharcyde|bizarre ride ii the pharcyde@@1@@12@@@@passing me by:album_bound_track_no_safe_match:1440913414,apple_music_sidecar_track_album_bound_pass_v1,album|pharcyde|bizarre ride ii the pharcyde@@1@@12@@@@passing me by,album_sidecar_track,track,The Pharcyde,Passing Me By,1992,us,album_bound_track_no_safe_match,2,57,10,1440913414,,false
album_sidecar_track:album|pharcyde|bizarre ride ii the pharcyde@@1@@3@@@@it s jigaboo time skit:album_bound_track_no_safe_match:1440913414,apple_music_sidecar_track_album_bound_pass_v1,album|pharcyde|bizarre ride ii the pharcyde@@1@@3@@@@it s jigaboo time skit,album_sidecar_track,track,The Pharcyde,It’s Jigaboo Time (skit),1992,us,album_bound_track_no_safe_match,3,60,8,1440913414,,false
album_sidecar_track:album|phil collins|tarzan@@1@@1@@@@twee werelden:album_bound_track_no_safe_match:1437333655,apple_music_sidecar_track_album_bound_pass_v1,album|phil collins|tarzan@@1@@1@@@@twee werelden,album_sidecar_track,track,Phil Collins,Twee werelden,1999,us,album_bound_track_no_safe_match,14,48,21,1437333655,,false
album_sidecar_track:album|phil collins|tarzan@@1@@10@@@@gestamp in het kamp:album_bound_track_no_safe_match:1437333655,apple_music_sidecar_track_album_bound_pass_v1,album|phil collins|tarzan@@1@@10@@@@gestamp in het kamp,album_sidecar_track,track,Phil Collins,Gestamp in het kamp,1999,us,album_bound_track_no_safe_match,14,43,22,1437333655,,false
album_sidecar_track:album|phil collins|tarzan@@1@@11@@@@zou dit het zijn:album_bound_track_no_safe_match:1437333655,apple_music_sidecar_track_album_bound_pass_v1,album|phil collins|tarzan@@1@@11@@@@zou dit het zijn,album_sidecar_track,track,Phil Collins,Zou dit het zijn?,1999,us,album_bound_track_no_safe_match,14,53,24,1437333655,,false
album_sidecar_track:album|phil collins|tarzan@@1@@12@@@@het zijn geen vreemden:album_bound_track_no_safe_match:1437333655,apple_music_sidecar_track_album_bound_pass_v1,album|phil collins|tarzan@@1@@12@@@@het zijn geen vreemden,album_sidecar_track,track,Phil Collins,Het zijn geen vreemden,1999,us,album_bound_track_no_safe_match,14,43,21,1437333655,,false
album_sidecar_track:album|phil collins|tarzan@@1@@13@@@@voor het eerst:album_bound_track_no_safe_match:1437333655,apple_music_sidecar_track_album_bound_pass_v1,album|phil collins|tarzan@@1@@13@@@@voor het eerst,album_sidecar_track,track,Phil Collins,Voor het eerst,1999,us,album_bound_track_no_safe_match,14,48,21,1437333655,,false
album_sidecar_track:album|phil collins|tarzan@@1@@14@@@@bij mij moet je zijn:album_bound_track_no_safe_match:1437333655,apple_music_sidecar_track_album_bound_pass_v1,album|phil collins|tarzan@@1@@14@@@@bij mij moet je zijn,album_sidecar_track,track,Phil Collins,Bij mij moet je zijn,1999,us,album_bound_track_no_safe_match,14,43,19,1437333655,,false
album_sidecar_track:album|phil collins|tarzan@@1@@15@@@@verloren verleden:album_bound_track_no_safe_match:1437333655,apple_music_sidecar_track_album_bound_pass_v1,album|phil collins|tarzan@@1@@15@@@@verloren verleden,album_sidecar_track,track,Phil Collins,Verloren verleden,1999,us,album_bound_track_no_safe_match,14,17,12,1437333655,,false
album_sidecar_track:album|phil collins|tarzan@@1@@16@@@@jij woont in mijn hart:album_bound_track_no_safe_match:1437333655,apple_music_sidecar_track_album_bound_pass_v1,album|phil collins|tarzan@@1@@16@@@@jij woont in mijn hart,album_sidecar_track,track,Phil Collins,Jij woont in mijn hart,1999,us,album_bound_track_no_safe_match,14,21,19,1437333655,,false
album_sidecar_track:album|phil collins|tarzan@@1@@17@@@@als de maan bij de sterren:album_bound_track_no_safe_match:1437333655,apple_music_sidecar_track_album_bound_pass_v1,album|phil collins|tarzan@@1@@17@@@@als de maan bij de sterren,album_sidecar_track,track,Phil Collins,Als de maan bij de sterren,1999,us,album_bound_track_no_safe_match,14,16,14,1437333655,,false
album_sidecar_track:album|phil collins|tarzan@@1@@18@@@@twee werelden:album_bound_track_no_safe_match:1437333655,apple_music_sidecar_track_album_bound_pass_v1,album|phil collins|tarzan@@1@@18@@@@twee werelden,album_sidecar_track,track,Phil Collins,Twee werelden,1999,us,album_bound_track_no_safe_match,14,21,17,1437333655,,false
album_sidecar_track:album|phil collins|tarzan@@1@@19@@@@everything that i am:album_bound_track_no_safe_match:1437333655,apple_music_sidecar_track_album_bound_pass_v1,album|phil collins|tarzan@@1@@19@@@@everything that i am,album_sidecar_track,track,Phil Collins,Everything That I Am,1999,us,album_bound_track_no_safe_match,14,17,12,1437333655,,false
album_sidecar_track:album|phil collins|tarzan@@1@@2@@@@jij woont in mijn hart:album_bound_track_no_safe_match:1437333655,apple_music_sidecar_track_album_bound_pass_v1,album|phil collins|tarzan@@1@@2@@@@jij woont in mijn hart,album_sidecar_track,track,Phil Collins,Jij woont in mijn hart,1999,us,album_bound_track_no_safe_match,14,47,26,1437333655,,false
album_sidecar_track:album|phil collins|tarzan@@1@@3@@@@bij mij moet je zijn:album_bound_track_no_safe_match:1437333655,apple_music_sidecar_track_album_bound_pass_v1,album|phil collins|tarzan@@1@@3@@@@bij mij moet je zijn,album_sidecar_track,track,Phil Collins,Bij mij moet je zijn,1999,us,album_bound_track_no_safe_match,14,46,16,1437333655,,false
album_sidecar_track:album|phil collins|tarzan@@1@@4@@@@het moet het moet:album_bound_track_no_safe_match:1437333655,apple_music_sidecar_track_album_bound_pass_v1,album|phil collins|tarzan@@1@@4@@@@het moet het moet,album_sidecar_track,track,Phil Collins,"Het moet, het moet",1999,us,album_bound_track_no_safe_match,14,45,17,1437333655,,false
album_sidecar_track:album|phil collins|tarzan@@1@@5@@@@maar waar:album_bound_track_no_safe_match:1437333655,apple_music_sidecar_track_album_bound_pass_v1,album|phil collins|tarzan@@1@@5@@@@maar waar,album_sidecar_track,track,Phil Collins,Maar waar,1999,us,album_bound_track_no_safe_match,14,44,23,1437333655,,false
album_sidecar_track:album|phil collins|tarzan@@1@@6@@@@mensenkind:album_bound_track_no_safe_match:1437333655,apple_music_sidecar_track_album_bound_pass_v1,album|phil collins|tarzan@@1@@6@@@@mensenkind,album_sidecar_track,track,Phil Collins,Mensenkind,1999,us,album_bound_track_no_safe_match,14,43,24,1437333655,,false
album_sidecar_track:album|phil collins|tarzan@@1@@7@@@@als de maan bij de sterren:album_bound_track_no_safe_match:1437333655,apple_music_sidecar_track_album_bound_pass_v1,album|phil collins|tarzan@@1@@7@@@@als de maan bij de sterren,album_sidecar_track,track,Phil Collins,Als de maan bij de sterren,1999,us,album_bound_track_no_safe_match,14,48,24,1437333655,,false
album_sidecar_track:album|phil collins|tarzan@@1@@8@@@@van zo ver:album_bound_track_no_safe_match:1437333655,apple_music_sidecar_track_album_bound_pass_v1,album|phil collins|tarzan@@1@@8@@@@van zo ver,album_sidecar_track,track,Phil Collins,Van zo ver,1999,us,album_bound_track_no_safe_match,14,48,17,1437333655,,false
album_sidecar_track:album|phil collins|tarzan@@1@@9@@@@maar wat is het dan:album_bound_track_no_safe_match:1437333655,apple_music_sidecar_track_album_bound_pass_v1,album|phil collins|tarzan@@1@@9@@@@maar wat is het dan,album_sidecar_track,track,Phil Collins,Maar wat is het dan,1999,us,album_bound_track_no_safe_match,14,53,21,1437333655,,false
album_sidecar_track:album|phoenix|wolfgang amadeus phoenix@@1@@4@@@@love like a sunset part i:album_bound_track_no_safe_match:1771710012,apple_music_sidecar_track_album_bound_pass_v1,album|phoenix|wolfgang amadeus phoenix@@1@@4@@@@love like a sunset part i,album_sidecar_track,track,Phoenix,"Love Like a Sunset, Part I",2009,us,album_bound_track_no_safe_match,2,59,8,1771710012,,false
album_sidecar_track:album|phoenix|wolfgang amadeus phoenix@@1@@5@@@@love like a sunset part ii:album_bound_track_no_safe_match:1771710012,apple_music_sidecar_track_album_bound_pass_v1,album|phoenix|wolfgang amadeus phoenix@@1@@5@@@@love like a sunset part ii,album_sidecar_track,track,Phoenix,"Love Like a Sunset, Part II",2009,us,album_bound_track_no_safe_match,2,58,9,1771710012,,false
album_sidecar_track:album|pink floyd|piper at the gates of dawn@@1@@1@@@@see emily play:album_bound_track_no_safe_match:1065975041,apple_music_sidecar_track_album_bound_pass_v1,album|pink floyd|piper at the gates of dawn@@1@@1@@@@see emily play,album_sidecar_track,track,Pink Floyd,See Emily Play,1967,us,album_bound_track_no_safe_match,5,48,19,1065975041,,false
album_sidecar_track:album|pink floyd|wall@@1@@12@@@@another brick in wall part 3:album_bound_track_no_safe_match:1065975633,apple_music_sidecar_track_album_bound_pass_v1,album|pink floyd|wall@@1@@12@@@@another brick in wall part 3,album_sidecar_track,track,Pink Floyd,"Another Brick in the Wall, Part 3",1979,us,album_bound_track_no_safe_match,3,57,10,1065975633,,false
album_sidecar_track:album|pink floyd|wall@@1@@3@@@@another brick in wall part 1:album_bound_track_no_safe_match:1065975633,apple_music_sidecar_track_album_bound_pass_v1,album|pink floyd|wall@@1@@3@@@@another brick in wall part 1,album_sidecar_track,track,Pink Floyd,"Another Brick in the Wall, Part 1",1979,us,album_bound_track_no_safe_match,3,60,8,1065975633,,false
album_sidecar_track:album|pink floyd|wall@@1@@5@@@@another brick in wall part 2:album_bound_track_no_safe_match:1065975633,apple_music_sidecar_track_album_bound_pass_v1,album|pink floyd|wall@@1@@5@@@@another brick in wall part 2,album_sidecar_track,track,Pink Floyd,"Another Brick in the Wall, Part 2",1979,us,album_bound_track_no_safe_match,3,58,10,1065975633,,false
album_sidecar_track:album|pink floyd|wish you were here@@1@@1@@@@shine on you crazy diamond parts i v:album_bound_track_no_safe_match:1065973975,apple_music_sidecar_track_album_bound_pass_v1,album|pink floyd|wish you were here@@1@@1@@@@shine on you crazy diamond parts i v,album_sidecar_track,track,Pink Floyd,"Shine On You Crazy Diamond, Parts I–V",1975,us,album_bound_track_no_safe_match,2,62,8,1065973975,,false
album_sidecar_track:album|pink floyd|wish you were here@@1@@5@@@@shine on you crazy diamond parts vi ix:album_bound_track_no_safe_match:1065973975,apple_music_sidecar_track_album_bound_pass_v1,album|pink floyd|wish you were here@@1@@5@@@@shine on you crazy diamond parts vi ix,album_sidecar_track,track,Pink Floyd,"Shine On You Crazy Diamond, Parts VI–IX",1975,us,album_bound_track_no_safe_match,2,58,12,1065973975,,false
album_sidecar_track:album|pj harvey|rid of me@@1@@4@@@@rub til it bleeds:album_bound_track_no_safe_match:1440923277,apple_music_sidecar_track_album_bound_pass_v1,album|pj harvey|rid of me@@1@@4@@@@rub til it bleeds,album_sidecar_track,track,PJ Harvey,Rub ’Til It Bleeds,1993,us,album_bound_track_no_safe_match,1,59,,1440923277,,false
album_sidecar_track:album|plastikman|sheet one@@1@@10@@@@smak:album_bound_track_no_safe_match:1506648948,apple_music_sidecar_track_album_bound_pass_v1,album|plastikman|sheet one@@1@@10@@@@smak,album_sidecar_track,track,Plastikman,Smak,1993,us,album_bound_track_no_safe_match,2,47,7,1506648948,,false
album_sidecar_track:album|plastikman|sheet one@@1@@4@@@@okx:album_bound_track_no_safe_match:1506648948,apple_music_sidecar_track_album_bound_pass_v1,album|plastikman|sheet one@@1@@4@@@@okx,album_sidecar_track,track,Plastikman,Okx,1993,us,album_bound_track_no_safe_match,3,17,7,1506648948,,false
album_sidecar_track:album|plastikman|sheet one@@1@@9@@@@vokx:album_bound_track_no_safe_match:1506648948,apple_music_sidecar_track_album_bound_pass_v1,album|plastikman|sheet one@@1@@9@@@@vokx,album_sidecar_track,track,Plastikman,Vokx,1993,us,album_bound_track_no_safe_match,2,47,43,1506648948,,false
album_sidecar_track:album|platters|encore of golden hits@@1@@1@@@@great pretender:album_bound_track_no_safe_match:1440777167,apple_music_sidecar_track_album_bound_pass_v1,album|platters|encore of golden hits@@1@@1@@@@great pretender,album_sidecar_track,track,The Platters,The Great Pretender,1960,us,album_bound_track_no_safe_match,16,69,62,1440777167,,false
album_sidecar_track:album|platters|encore of golden hits@@1@@2@@@@twilight time:album_bound_track_no_safe_match:1440777167,apple_music_sidecar_track_album_bound_pass_v1,album|platters|encore of golden hits@@1@@2@@@@twilight time,album_sidecar_track,track,The Platters,Twilight Time,1960,us,album_bound_track_no_safe_match,16,65,57,1440777167,,false
album_sidecar_track:album|platters|encore of golden hits@@1@@3@@@@smoke gets in your eyes:album_bound_track_no_safe_match:1440777167,apple_music_sidecar_track_album_bound_pass_v1,album|platters|encore of golden hits@@1@@3@@@@smoke gets in your eyes,album_sidecar_track,track,The Platters,Smoke Gets in Your Eyes,1960,us,album_bound_track_no_safe_match,16,65,56,1440777167,,false
album_sidecar_track:album|platters|encore of golden hits@@1@@9@@@@remember when:album_bound_track_no_safe_match:1440777167,apple_music_sidecar_track_album_bound_pass_v1,album|platters|encore of golden hits@@1@@9@@@@remember when,album_sidecar_track,track,The Platters,Remember When,1960,us,album_bound_track_no_safe_match,11,21,21,1440777167,,false
album_sidecar_track:album|platters|platters@@1@@1@@@@twilight time:album_bound_track_no_safe_match:1444149308,apple_music_sidecar_track_album_bound_pass_v1,album|platters|platters@@1@@1@@@@twilight time,album_sidecar_track,track,The Platters,Twilight Time,1956,us,album_bound_track_no_safe_match,10,22,21,1444149308,,false
album_sidecar_track:album|platters|platters@@1@@10@@@@smoke gets in your eyes:album_bound_track_no_safe_match:1444149308,apple_music_sidecar_track_album_bound_pass_v1,album|platters|platters@@1@@10@@@@smoke gets in your eyes,album_sidecar_track,track,The Platters,Smoke Gets in Your Eyes,1956,us,album_bound_track_no_safe_match,10,57,21,1444149308,,false
album_sidecar_track:album|platters|platters@@1@@12@@@@enchanted:album_bound_track_no_safe_match:1444149308,apple_music_sidecar_track_album_bound_pass_v1,album|platters|platters@@1@@12@@@@enchanted,album_sidecar_track,track,The Platters,Enchanted,1956,us,album_bound_track_no_safe_match,10,53,23,1444149308,,false
album_sidecar_track:album|platters|platters@@1@@13@@@@magic touch:album_bound_track_no_safe_match:1444149308,apple_music_sidecar_track_album_bound_pass_v1,album|platters|platters@@1@@13@@@@magic touch,album_sidecar_track,track,The Platters,The Magic Touch,1956,us,album_bound_track_no_safe_match,10,24,17,1444149308,,false
album_sidecar_track:album|platters|platters@@1@@14@@@@ebb tide:album_bound_track_no_safe_match:1444149308,apple_music_sidecar_track_album_bound_pass_v1,album|platters|platters@@1@@14@@@@ebb tide,album_sidecar_track,track,The Platters,Ebb Tide,1956,us,album_bound_track_no_safe_match,10,24,14,1444149308,,false
album_sidecar_track:album|platters|platters@@1@@15@@@@you ll never know:album_bound_track_no_safe_match:1444149308,apple_music_sidecar_track_album_bound_pass_v1,album|platters|platters@@1@@15@@@@you ll never know,album_sidecar_track,track,The Platters,You'll Never Know,1956,us,album_bound_track_no_safe_match,10,21,21,1444149308,,false
album_sidecar_track:album|platters|platters@@1@@17@@@@i m just a dancing partner:album_bound_track_no_safe_match:1444149308,apple_music_sidecar_track_album_bound_pass_v1,album|platters|platters@@1@@17@@@@i m just a dancing partner,album_sidecar_track,track,The Platters,I'm Just a Dancing Partner,1956,us,album_bound_track_no_safe_match,9,12,12,1444149308,,false
album_sidecar_track:album|platters|platters@@1@@18@@@@trees:album_bound_track_no_safe_match:1444149308,apple_music_sidecar_track_album_bound_pass_v1,album|platters|platters@@1@@18@@@@trees,album_sidecar_track,track,The Platters,Trees,1956,us,album_bound_track_no_safe_match,9,17,17,1444149308,,false
album_sidecar_track:album|platters|platters@@1@@19@@@@i ll never smile again:album_bound_track_no_safe_match:1444149308,apple_music_sidecar_track_album_bound_pass_v1,album|platters|platters@@1@@19@@@@i ll never smile again,album_sidecar_track,track,The Platters,I'll Never Smile Again,1956,us,album_bound_track_no_safe_match,9,23,22,1444149308,,false
album_sidecar_track:album|platters|platters@@1@@2@@@@great pretender:album_bound_track_no_safe_match:1444149308,apple_music_sidecar_track_album_bound_pass_v1,album|platters|platters@@1@@2@@@@great pretender,album_sidecar_track,track,The Platters,The Great Pretender,1956,us,album_bound_track_no_safe_match,10,52,21,1444149308,,false
album_sidecar_track:album|platters|platters@@1@@20@@@@one in a million:album_bound_track_no_safe_match:1444149308,apple_music_sidecar_track_album_bound_pass_v1,album|platters|platters@@1@@20@@@@one in a million,album_sidecar_track,track,The Platters,One in a Million,1956,us,album_bound_track_no_safe_match,9,23,22,1444149308,,false
album_sidecar_track:album|platters|platters@@1@@3@@@@only you:album_bound_track_no_safe_match:1444149308,apple_music_sidecar_track_album_bound_pass_v1,album|platters|platters@@1@@3@@@@only you,album_sidecar_track,track,The Platters,Only You,1956,us,album_bound_track_no_safe_match,10,56,21,1444149308,,false
album_sidecar_track:album|platters|platters@@1@@4@@@@harbor lights:album_bound_track_no_safe_match:1444149308,apple_music_sidecar_track_album_bound_pass_v1,album|platters|platters@@1@@4@@@@harbor lights,album_sidecar_track,track,The Platters,Harbor Lights,1956,us,album_bound_track_no_safe_match,10,50,21,1444149308,,false
album_sidecar_track:album|platters|platters@@1@@5@@@@to each his own:album_bound_track_no_safe_match:1444149308,apple_music_sidecar_track_album_bound_pass_v1,album|platters|platters@@1@@5@@@@to each his own,album_sidecar_track,track,The Platters,To Each His Own,1956,us,album_bound_track_no_safe_match,10,58,23,1444149308,,false
album_sidecar_track:album|platters|platters@@1@@6@@@@come prima:album_bound_track_no_safe_match:1444149308,apple_music_sidecar_track_album_bound_pass_v1,album|platters|platters@@1@@6@@@@come prima,album_sidecar_track,track,The Platters,Come Prima,1956,us,album_bound_track_no_safe_match,10,43,15,1444149308,,false
album_sidecar_track:album|platters|platters@@1@@8@@@@if i didn t care:album_bound_track_no_safe_match:1444149308,apple_music_sidecar_track_album_bound_pass_v1,album|platters|platters@@1@@8@@@@if i didn t care,album_sidecar_track,track,The Platters,If I Didn't Care,1956,us,album_bound_track_no_safe_match,10,48,21,1444149308,,false
album_sidecar_track:album|platters|platters@@1@@9@@@@red sails in sunset:album_bound_track_no_safe_match:1444149308,apple_music_sidecar_track_album_bound_pass_v1,album|platters|platters@@1@@9@@@@red sails in sunset,album_sidecar_track,track,The Platters,Red Sails in the Sunset,1956,us,album_bound_track_no_safe_match,10,48,20,1444149308,,false
album_sidecar_track:album|plimsouls|everywhere at once@@1@@8@@@@my life isn t easy:album_bound_track_no_safe_match:1444223628,apple_music_sidecar_track_album_bound_pass_v1,album|plimsouls|everywhere at once@@1@@8@@@@my life isn t easy,album_sidecar_track,track,The Plimsouls,My Life Isn’t Easy,1983,us,album_bound_track_no_safe_match,2,57,7,1444223628,,false
album_sidecar_track:album|postal service|give up@@2@@2@@@@we will become silhouettes:album_bound_track_no_safe_match:597936899,apple_music_sidecar_track_album_bound_pass_v1,album|postal service|give up@@2@@2@@@@we will become silhouettes,album_sidecar_track,track,The Postal Service,We Will Become Silhouettes,2003,us,album_bound_track_no_safe_match,10,57,53,597936899,,false
album_sidecar_track:album|postal service|give up@@2@@3@@@@such great heights:album_bound_track_no_safe_match:597936899,apple_music_sidecar_track_album_bound_pass_v1,album|postal service|give up@@2@@3@@@@such great heights,album_sidecar_track,track,The Postal Service,Such Great Heights,2003,us,album_bound_track_no_safe_match,10,49,43,597936899,,false
album_sidecar_track:album|procol harum|shine on brightly@@1@@7@@@@in held twas in i glimpses of nirvana twas teatime at circus in autumn of my madness look to your soul grand finale:album_bound_track_no_safe_match:1615624112,apple_music_sidecar_track_album_bound_pass_v1,album|procol harum|shine on brightly@@1@@7@@@@in held twas in i glimpses of nirvana twas teatime at circus in autumn of my madness look to your soul grand finale,album_sidecar_track,track,Procol Harum,In Held ’Twas in I: Glimpses of Nirvana – ’Twas Teatime at the Circus – In the Autumn of My Madness – Look to Your Soul – Grand Finale,1968,us,album_bound_track_no_safe_match,5,43,7,1615624112,,false
album_sidecar_track:album|public enemy|fear of a black planet@@1@@18@@@@war at 331 3:album_bound_track_no_safe_match:1440837282,apple_music_sidecar_track_album_bound_pass_v1,album|public enemy|fear of a black planet@@1@@18@@@@war at 331 3,album_sidecar_track,track,Public Enemy,War at 33⅓,1990,us,album_bound_track_no_safe_match,2,57,7,1440837282,,false
album_sidecar_track:album|public enemy|fear of a black planet@@1@@8@@@@anti nigger machine:album_bound_track_no_safe_match:1440837282,apple_music_sidecar_track_album_bound_pass_v1,album|public enemy|fear of a black planet@@1@@8@@@@anti nigger machine,album_sidecar_track,track,Public Enemy,Anti‐Nigger Machine,1990,us,album_bound_track_no_safe_match,3,43,17,1440837282,,false
album_sidecar_track:album|public image ltd|metal box@@3@@3@@@@socialist chant radio 4:album_bound_track_no_safe_match:95911817,apple_music_sidecar_track_album_bound_pass_v1,album|public image ltd|metal box@@3@@3@@@@socialist chant radio 4,album_sidecar_track,track,Public Image Ltd,Socialist / Chant / Radio 4,1979,us,album_bound_track_no_safe_match,3,31,31,95911817,,false
album_sidecar_track:album|quasimoto|unseen@@1@@13@@@@mhbs:album_bound_track_no_safe_match:209084862,apple_music_sidecar_track_album_bound_pass_v1,album|quasimoto|unseen@@1@@13@@@@mhbs,album_sidecar_track,track,Quasimoto,MHBs,2000,us,album_bound_track_no_safe_match,4,53,12,209084862,,false
album_sidecar_track:album|quasimoto|unseen@@1@@20@@@@phony game:album_bound_track_no_safe_match:209084862,apple_music_sidecar_track_album_bound_pass_v1,album|quasimoto|unseen@@1@@20@@@@phony game,album_sidecar_track,track,Quasimoto,Phony Game,2000,us,album_bound_track_no_safe_match,4,48,17,209084862,,false
album_sidecar_track:album|quasimoto|unseen@@1@@24@@@@discipline 99 pt 1:album_bound_track_no_safe_match:209084862,apple_music_sidecar_track_album_bound_pass_v1,album|quasimoto|unseen@@1@@24@@@@discipline 99 pt 1,album_sidecar_track,track,Quasimoto,"Discipline 99, Pt. 1",2000,us,album_bound_track_no_safe_match,4,51,43,209084862,,false
album_sidecar_track:album|quasimoto|unseen@@1@@25@@@@come on feet 12 version:album_bound_track_no_safe_match:209084862,apple_music_sidecar_track_album_bound_pass_v1,album|quasimoto|unseen@@1@@25@@@@come on feet 12 version,album_sidecar_track,track,Quasimoto,Come On Feet (12” Version),2000,us,album_bound_track_no_safe_match,4,21,7,209084862,,false
album_sidecar_track:album|quasimoto|unseen@@1@@8@@@@return of loop digga:album_bound_track_no_safe_match:209084862,apple_music_sidecar_track_album_bound_pass_v1,album|quasimoto|unseen@@1@@8@@@@return of loop digga,album_sidecar_track,track,Quasimoto,Return of the Loop Digga,2000,us,album_bound_track_no_safe_match,5,43,7,209084862,,false
album_sidecar_track:album|queens of the stone age|songs for the deaf@@1@@13@@@@song for deaf feel good hit of summer reprise:album_bound_track_no_safe_match:1440759826,apple_music_sidecar_track_album_bound_pass_v1,album|queens of the stone age|songs for the deaf@@1@@13@@@@song for deaf feel good hit of summer reprise,album_sidecar_track,track,Queens of the Stone Age,Song for the Deaf / Feel Good Hit of the Summer (reprise),2002,us,album_bound_track_no_safe_match,5,45,12,1440759826,,false
album_sidecar_track:album|queens of the stone age|songs for the deaf@@1@@7@@@@hangin tree:album_bound_track_no_safe_match:1440759826,apple_music_sidecar_track_album_bound_pass_v1,album|queens of the stone age|songs for the deaf@@1@@7@@@@hangin tree,album_sidecar_track,track,Queens of the Stone Age,Hangin’ Tree,2002,us,album_bound_track_no_safe_match,5,21,21,1440759826,,false
album_sidecar_track:album|queens of the stone age|songs for the deaf@@1@@8@@@@go with flow:album_bound_track_no_safe_match:1440759826,apple_music_sidecar_track_album_bound_pass_v1,album|queens of the stone age|songs for the deaf@@1@@8@@@@go with flow,album_sidecar_track,track,Queens of the Stone Age,Go With the Flow,2002,us,album_bound_track_no_safe_match,5,65,57,1440759826,,false
album_sidecar_track:album|queens of the stone age|songs for the deaf@@2@@1@@@@monsters in parasol:album_bound_track_no_safe_match:1440759826,apple_music_sidecar_track_album_bound_pass_v1,album|queens of the stone age|songs for the deaf@@2@@1@@@@monsters in parasol,album_sidecar_track,track,Queens of the Stone Age,Monsters in the Parasol,2002,us,album_bound_track_no_safe_match,4,12,7,1440759826,,false
album_sidecar_track:album|queens of the stone age|songs for the deaf@@2@@2@@@@no one knows:album_bound_track_no_safe_match:1440759826,apple_music_sidecar_track_album_bound_pass_v1,album|queens of the stone age|songs for the deaf@@2@@2@@@@no one knows,album_sidecar_track,track,Queens of the Stone Age,No One Knows,2002,us,album_bound_track_no_safe_match,4,12,7,1440759826,,false
album_sidecar_track:album|queens of the stone age|songs for the deaf@@2@@3@@@@lost art of keeping a secret:album_bound_track_no_safe_match:1440759826,apple_music_sidecar_track_album_bound_pass_v1,album|queens of the stone age|songs for the deaf@@2@@3@@@@lost art of keeping a secret,album_sidecar_track,track,Queens of the Stone Age,The Lost Art of Keeping a Secret,2002,us,album_bound_track_no_safe_match,4,12,7,1440759826,,false
album_sidecar_track:album|queens of the stone age|songs for the deaf@@2@@4@@@@quick and to pointless:album_bound_track_no_safe_match:1440759826,apple_music_sidecar_track_album_bound_pass_v1,album|queens of the stone age|songs for the deaf@@2@@4@@@@quick and to pointless,album_sidecar_track,track,Queens of the Stone Age,Quick and to the Pointless,2002,us,album_bound_track_no_safe_match,4,17,7,1440759826,,false
album_sidecar_track:album|queens of the stone age|songs for the deaf@@2@@5@@@@queens of fucking stone age:album_bound_track_no_safe_match:1440759826,apple_music_sidecar_track_album_bound_pass_v1,album|queens of the stone age|songs for the deaf@@2@@5@@@@queens of fucking stone age,album_sidecar_track,track,Queens of the Stone Age,Queens of the Fucking Stone Age,2002,us,album_bound_track_no_safe_match,4,12,7,1440759826,,false
album_sidecar_track:album|queens of the stone age|songs for the deaf@@2@@6@@@@ode to clarissa:album_bound_track_no_safe_match:1440759826,apple_music_sidecar_track_album_bound_pass_v1,album|queens of the stone age|songs for the deaf@@2@@6@@@@ode to clarissa,album_sidecar_track,track,Queens of the Stone Age,Ode to Clarissa,2002,us,album_bound_track_no_safe_match,4,21,21,1440759826,,false
album_sidecar_track:album|quicksilver messenger service|happy trails@@1@@1@@@@who do you love part 1:album_bound_track_no_safe_match:1452645811,apple_music_sidecar_track_album_bound_pass_v1,album|quicksilver messenger service|happy trails@@1@@1@@@@who do you love part 1,album_sidecar_track,track,Quicksilver Messenger Service,"Who Do You Love, Part 1",1969,us,album_bound_track_no_safe_match,2,62,7,1452645811,,false
album_sidecar_track:album|quicksilver messenger service|happy trails@@1@@6@@@@who do you love part 2:album_bound_track_no_safe_match:1452645811,apple_music_sidecar_track_album_bound_pass_v1,album|quicksilver messenger service|happy trails@@1@@6@@@@who do you love part 2,album_sidecar_track,track,Quicksilver Messenger Service,"Who Do You Love, Part 2",1969,us,album_bound_track_no_safe_match,2,57,12,1452645811,,false
album_sidecar_track:album|raekwon|only built 4 cuban linx@@1@@9@@@@shark niggas biters:album_bound_track_no_safe_match:258634938,apple_music_sidecar_track_album_bound_pass_v1,album|raekwon|only built 4 cuban linx@@1@@9@@@@shark niggas biters,album_sidecar_track,track,Raekwon,Shark Niggas (Biters),1995,us,album_bound_track_no_safe_match,1,57,,258634938,,false
album_sidecar_track:album|rammstein|sehnsucht@@1@@12@@@@engel english version:album_bound_track_no_safe_match:1390562159,apple_music_sidecar_track_album_bound_pass_v1,album|rammstein|sehnsucht@@1@@12@@@@engel english version,album_sidecar_track,track,Rammstein,Engel (English version),1997,us,album_bound_track_no_safe_match,0,0,,1390562159,,false
album_sidecar_track:album|rammstein|sehnsucht@@1@@13@@@@du hast english version:album_bound_track_no_safe_match:1390562159,apple_music_sidecar_track_album_bound_pass_v1,album|rammstein|sehnsucht@@1@@13@@@@du hast english version,album_sidecar_track,track,Rammstein,Du hast (English version),1997,us,album_bound_track_no_safe_match,0,0,,1390562159,,false
album_sidecar_track:album|ramones|leave home@@1@@14@@@@you should never have opened that door:album_bound_track_no_safe_match:847970983,apple_music_sidecar_track_album_bound_pass_v1,album|ramones|leave home@@1@@14@@@@you should never have opened that door,album_sidecar_track,track,Ramones,You Should Never Have Opened That Door,1977,us,album_bound_track_no_safe_match,2,57,22,847970983,,false
album_sidecar_track:album|ramones|leave home@@1@@5@@@@sheena is a punk rocker:album_bound_track_no_safe_match:847970983,apple_music_sidecar_track_album_bound_pass_v1,album|ramones|leave home@@1@@5@@@@sheena is a punk rocker,album_sidecar_track,track,Ramones,Sheena Is a Punk Rocker,1977,us,album_bound_track_no_safe_match,2,44,7,847970983,,false
album_sidecar_track:album|randy newman|sail away@@1@@12@@@@gods song that s why i love mankind:album_bound_track_no_safe_match:51963348,apple_music_sidecar_track_album_bound_pass_v1,album|randy newman|sail away@@1@@12@@@@gods song that s why i love mankind,album_sidecar_track,track,Randy Newman,Gods' Song (That's Why I Love Mankind),1972,us,album_bound_track_no_safe_match,6,57,12,51963348,,false
album_sidecar_track:album|rapture|pieces of the people we love@@1@@11@@@@dance:album_bound_track_no_safe_match:1443750180,apple_music_sidecar_track_album_bound_pass_v1,album|rapture|pieces of the people we love@@1@@11@@@@dance,album_sidecar_track,track,The Rapture,Dance,2006,us,album_bound_track_no_safe_match,0,0,,1443750180,,false
album_sidecar_track:album|rapture|pieces of the people we love@@1@@12@@@@to:album_bound_track_no_safe_match:1443750180,apple_music_sidecar_track_album_bound_pass_v1,album|rapture|pieces of the people we love@@1@@12@@@@to,album_sidecar_track,track,The Rapture,To,2006,us,album_bound_track_no_safe_match,0,0,,1443750180,,false
album_sidecar_track:album|rapture|pieces of the people we love@@1@@13@@@@:album_bound_track_no_safe_match:1443750180,apple_music_sidecar_track_album_bound_pass_v1,album|rapture|pieces of the people we love@@1@@13@@@@,album_sidecar_track,track,The Rapture,The,2006,us,album_bound_track_no_safe_match,0,0,,1443750180,,false
album_sidecar_track:album|rapture|pieces of the people we love@@1@@14@@@@silence:album_bound_track_no_safe_match:1443750180,apple_music_sidecar_track_album_bound_pass_v1,album|rapture|pieces of the people we love@@1@@14@@@@silence,album_sidecar_track,track,The Rapture,[silence],2006,us,album_bound_track_no_safe_match,0,0,,1443750180,,false
album_sidecar_track:album|rapture|pieces of the people we love@@1@@15@@@@beat:album_bound_track_no_safe_match:1443750180,apple_music_sidecar_track_album_bound_pass_v1,album|rapture|pieces of the people we love@@1@@15@@@@beat,album_sidecar_track,track,The Rapture,Beat,2006,us,album_bound_track_no_safe_match,0,0,,1443750180,,false
album_sidecar_track:album|rapture|pieces of the people we love@@1@@16@@@@that:album_bound_track_no_safe_match:1443750180,apple_music_sidecar_track_album_bound_pass_v1,album|rapture|pieces of the people we love@@1@@16@@@@that,album_sidecar_track,track,The Rapture,That,2006,us,album_bound_track_no_safe_match,0,0,,1443750180,,false
album_sidecar_track:album|rapture|pieces of the people we love@@1@@17@@@@fills:album_bound_track_no_safe_match:1443750180,apple_music_sidecar_track_album_bound_pass_v1,album|rapture|pieces of the people we love@@1@@17@@@@fills,album_sidecar_track,track,The Rapture,Fills,2006,us,album_bound_track_no_safe_match,0,0,,1443750180,,false
album_sidecar_track:album|rapture|pieces of the people we love@@1@@18@@@@:album_bound_track_no_safe_match:1443750180,apple_music_sidecar_track_album_bound_pass_v1,album|rapture|pieces of the people we love@@1@@18@@@@,album_sidecar_track,track,The Rapture,The,2006,us,album_bound_track_no_safe_match,0,0,,1443750180,,false
album_sidecar_track:album|rapture|pieces of the people we love@@1@@19@@@@space:album_bound_track_no_safe_match:1443750180,apple_music_sidecar_track_album_bound_pass_v1,album|rapture|pieces of the people we love@@1@@19@@@@space,album_sidecar_track,track,The Rapture,Space,2006,us,album_bound_track_no_safe_match,0,0,,1443750180,,false
album_sidecar_track:album|rapture|pieces of the people we love@@1@@20@@@@as:album_bound_track_no_safe_match:1443750180,apple_music_sidecar_track_album_bound_pass_v1,album|rapture|pieces of the people we love@@1@@20@@@@as,album_sidecar_track,track,The Rapture,As,2006,us,album_bound_track_no_safe_match,0,0,,1443750180,,false
album_sidecar_track:album|rapture|pieces of the people we love@@1@@21@@@@you:album_bound_track_no_safe_match:1443750180,apple_music_sidecar_track_album_bound_pass_v1,album|rapture|pieces of the people we love@@1@@21@@@@you,album_sidecar_track,track,The Rapture,You,2006,us,album_bound_track_no_safe_match,0,0,,1443750180,,false
album_sidecar_track:album|rapture|pieces of the people we love@@1@@22@@@@move:album_bound_track_no_safe_match:1443750180,apple_music_sidecar_track_album_bound_pass_v1,album|rapture|pieces of the people we love@@1@@22@@@@move,album_sidecar_track,track,The Rapture,Move,2006,us,album_bound_track_no_safe_match,0,0,,1443750180,,false
album_sidecar_track:album|rapture|pieces of the people we love@@1@@23@@@@your:album_bound_track_no_safe_match:1443750180,apple_music_sidecar_track_album_bound_pass_v1,album|rapture|pieces of the people we love@@1@@23@@@@your,album_sidecar_track,track,The Rapture,Your,2006,us,album_bound_track_no_safe_match,0,0,,1443750180,,false
album_sidecar_track:album|rapture|pieces of the people we love@@1@@24@@@@feet:album_bound_track_no_safe_match:1443750180,apple_music_sidecar_track_album_bound_pass_v1,album|rapture|pieces of the people we love@@1@@24@@@@feet,album_sidecar_track,track,The Rapture,Feet,2006,us,album_bound_track_no_safe_match,0,0,,1443750180,,false
album_sidecar_track:album|rapture|pieces of the people we love@@1@@25@@@@can t:album_bound_track_no_safe_match:1443750180,apple_music_sidecar_track_album_bound_pass_v1,album|rapture|pieces of the people we love@@1@@25@@@@can t,album_sidecar_track,track,The Rapture,Can’t,2006,us,album_bound_track_no_safe_match,0,0,,1443750180,,false
album_sidecar_track:album|rapture|pieces of the people we love@@1@@26@@@@stop:album_bound_track_no_safe_match:1443750180,apple_music_sidecar_track_album_bound_pass_v1,album|rapture|pieces of the people we love@@1@@26@@@@stop,album_sidecar_track,track,The Rapture,Stop,2006,us,album_bound_track_no_safe_match,0,0,,1443750180,,false
album_sidecar_track:album|rapture|pieces of the people we love@@1@@27@@@@:album_bound_track_no_safe_match:1443750180,apple_music_sidecar_track_album_bound_pass_v1,album|rapture|pieces of the people we love@@1@@27@@@@,album_sidecar_track,track,The Rapture,The,2006,us,album_bound_track_no_safe_match,0,0,,1443750180,,false
album_sidecar_track:album|rapture|pieces of the people we love@@1@@28@@@@record:album_bound_track_no_safe_match:1443750180,apple_music_sidecar_track_album_bound_pass_v1,album|rapture|pieces of the people we love@@1@@28@@@@record,album_sidecar_track,track,The Rapture,Record,2006,us,album_bound_track_no_safe_match,0,0,,1443750180,,false
album_sidecar_track:album|rapture|pieces of the people we love@@1@@29@@@@until:album_bound_track_no_safe_match:1443750180,apple_music_sidecar_track_album_bound_pass_v1,album|rapture|pieces of the people we love@@1@@29@@@@until,album_sidecar_track,track,The Rapture,Until,2006,us,album_bound_track_no_safe_match,0,0,,1443750180,,false
album_sidecar_track:album|rapture|pieces of the people we love@@1@@30@@@@:album_bound_track_no_safe_match:1443750180,apple_music_sidecar_track_album_bound_pass_v1,album|rapture|pieces of the people we love@@1@@30@@@@,album_sidecar_track,track,The Rapture,The,2006,us,album_bound_track_no_safe_match,0,0,,1443750180,,false
album_sidecar_track:album|rapture|pieces of the people we love@@1@@31@@@@record:album_bound_track_no_safe_match:1443750180,apple_music_sidecar_track_album_bound_pass_v1,album|rapture|pieces of the people we love@@1@@31@@@@record,album_sidecar_track,track,The Rapture,Record,2006,us,album_bound_track_no_safe_match,0,0,,1443750180,,false
album_sidecar_track:album|rapture|pieces of the people we love@@1@@32@@@@is:album_bound_track_no_safe_match:1443750180,apple_music_sidecar_track_album_bound_pass_v1,album|rapture|pieces of the people we love@@1@@32@@@@is,album_sidecar_track,track,The Rapture,Is,2006,us,album_bound_track_no_safe_match,0,0,,1443750180,,false
album_sidecar_track:album|rapture|pieces of the people we love@@1@@33@@@@done:album_bound_track_no_safe_match:1443750180,apple_music_sidecar_track_album_bound_pass_v1,album|rapture|pieces of the people we love@@1@@33@@@@done,album_sidecar_track,track,The Rapture,Done,2006,us,album_bound_track_no_safe_match,0,0,,1443750180,,false
album_sidecar_track:album|rapture|pieces of the people we love@@1@@34@@@@on:album_bound_track_no_safe_match:1443750180,apple_music_sidecar_track_album_bound_pass_v1,album|rapture|pieces of the people we love@@1@@34@@@@on,album_sidecar_track,track,The Rapture,On,2006,us,album_bound_track_no_safe_match,0,0,,1443750180,,false
album_sidecar_track:album|rapture|pieces of the people we love@@1@@35@@@@and:album_bound_track_no_safe_match:1443750180,apple_music_sidecar_track_album_bound_pass_v1,album|rapture|pieces of the people we love@@1@@35@@@@and,album_sidecar_track,track,The Rapture,And,2006,us,album_bound_track_no_safe_match,0,0,,1443750180,,false
album_sidecar_track:album|rapture|pieces of the people we love@@1@@36@@@@on:album_bound_track_no_safe_match:1443750180,apple_music_sidecar_track_album_bound_pass_v1,album|rapture|pieces of the people we love@@1@@36@@@@on,album_sidecar_track,track,The Rapture,On,2006,us,album_bound_track_no_safe_match,0,0,,1443750180,,false
album_sidecar_track:album|rapture|pieces of the people we love@@1@@37@@@@until:album_bound_track_no_safe_match:1443750180,apple_music_sidecar_track_album_bound_pass_v1,album|rapture|pieces of the people we love@@1@@37@@@@until,album_sidecar_track,track,The Rapture,Until,2006,us,album_bound_track_no_safe_match,0,0,,1443750180,,false
album_sidecar_track:album|rapture|pieces of the people we love@@1@@38@@@@we:album_bound_track_no_safe_match:1443750180,apple_music_sidecar_track_album_bound_pass_v1,album|rapture|pieces of the people we love@@1@@38@@@@we,album_sidecar_track,track,The Rapture,We,2006,us,album_bound_track_no_safe_match,0,0,,1443750180,,false
album_sidecar_track:album|rapture|pieces of the people we love@@1@@39@@@@find:album_bound_track_no_safe_match:1443750180,apple_music_sidecar_track_album_bound_pass_v1,album|rapture|pieces of the people we love@@1@@39@@@@find,album_sidecar_track,track,The Rapture,Find,2006,us,album_bound_track_no_safe_match,0,0,,1443750180,,false
album_sidecar_track:album|rapture|pieces of the people we love@@1@@40@@@@unknown:album_bound_track_no_safe_match:1443750180,apple_music_sidecar_track_album_bound_pass_v1,album|rapture|pieces of the people we love@@1@@40@@@@unknown,album_sidecar_track,track,The Rapture,[unknown],2006,us,album_bound_track_no_safe_match,0,0,,1443750180,,false
album_sidecar_track:album|rapture|pieces of the people we love@@1@@41@@@@song:album_bound_track_no_safe_match:1443750180,apple_music_sidecar_track_album_bound_pass_v1,album|rapture|pieces of the people we love@@1@@41@@@@song,album_sidecar_track,track,The Rapture,Song,2006,us,album_bound_track_no_safe_match,0,0,,1443750180,,false
album_sidecar_track:album|rapture|pieces of the people we love@@1@@42@@@@shooting star:album_bound_track_no_safe_match:1443750180,apple_music_sidecar_track_album_bound_pass_v1,album|rapture|pieces of the people we love@@1@@42@@@@shooting star,album_sidecar_track,track,The Rapture,Shooting Star,2006,us,album_bound_track_no_safe_match,0,0,,1443750180,,false
album_sidecar_track:album|rauw alejandro|vice versa@@1@@4@@@@track 4:album_bound_track_no_safe_match:1596868386,apple_music_sidecar_track_album_bound_pass_v1,album|rauw alejandro|vice versa@@1@@4@@@@track 4,album_sidecar_track,track,Rauw Alejandro,Track 4,2021,us,album_bound_track_no_safe_match,1,45,,1596868386,,false
album_sidecar_track:album|ray price|for the good times@@1@@7@@@@help me make it through night:album_bound_track_no_safe_match:1153759816,apple_music_sidecar_track_album_bound_pass_v1,album|ray price|for the good times@@1@@7@@@@help me make it through night,album_sidecar_track,track,Ray Price,Help Me Make It Through the Night,1970,us,album_bound_track_no_safe_match,1,57,,1153759816,,false
album_sidecar_track:album|ray stevens|ray stevens greatest hits@@1@@1@@@@would jesus wear a rolex:album_bound_track_no_safe_match:277495713,apple_music_sidecar_track_album_bound_pass_v1,album|ray stevens|ray stevens greatest hits@@1@@1@@@@would jesus wear a rolex,album_sidecar_track,track,Ray Stevens,Would Jesus Wear a Rolex,1987,us,album_bound_track_no_safe_match,10,48,17,277495713,,false
album_sidecar_track:album|ray stevens|ray stevens greatest hits@@1@@10@@@@in mood:album_bound_track_no_safe_match:277495713,apple_music_sidecar_track_album_bound_pass_v1,album|ray stevens|ray stevens greatest hits@@1@@10@@@@in mood,album_sidecar_track,track,Ray Stevens,In the Mood,1987,us,album_bound_track_no_safe_match,10,53,21,277495713,,false
album_sidecar_track:album|ray stevens|ray stevens greatest hits@@1@@2@@@@can he love you half as much as i:album_bound_track_no_safe_match:277495713,apple_music_sidecar_track_album_bound_pass_v1,album|ray stevens|ray stevens greatest hits@@1@@2@@@@can he love you half as much as i,album_sidecar_track,track,Ray Stevens,Can He Love You Half as Much as I,1987,us,album_bound_track_no_safe_match,10,47,17,277495713,,false
album_sidecar_track:album|ray stevens|ray stevens greatest hits@@1@@3@@@@ballad of blue cyclone:album_bound_track_no_safe_match:277495713,apple_music_sidecar_track_album_bound_pass_v1,album|ray stevens|ray stevens greatest hits@@1@@3@@@@ballad of blue cyclone,album_sidecar_track,track,Ray Stevens,The Ballad of the Blue Cyclone,1987,us,album_bound_track_no_safe_match,10,46,17,277495713,,false
album_sidecar_track:album|ray stevens|ray stevens greatest hits@@1@@4@@@@i need your help barry manilow:album_bound_track_no_safe_match:277495713,apple_music_sidecar_track_album_bound_pass_v1,album|ray stevens|ray stevens greatest hits@@1@@4@@@@i need your help barry manilow,album_sidecar_track,track,Ray Stevens,I Need Your Help Barry Manilow,1987,us,album_bound_track_no_safe_match,10,45,25,277495713,,false
album_sidecar_track:album|ray stevens|ray stevens greatest hits@@1@@5@@@@mama s in sky with elvis:album_bound_track_no_safe_match:277495713,apple_music_sidecar_track_album_bound_pass_v1,album|ray stevens|ray stevens greatest hits@@1@@5@@@@mama s in sky with elvis,album_sidecar_track,track,Ray Stevens,Mama’s in the Sky With Elvis,1987,us,album_bound_track_no_safe_match,10,54,26,277495713,,false
album_sidecar_track:album|ray stevens|ray stevens greatest hits@@1@@6@@@@mr businessman:album_bound_track_no_safe_match:277495713,apple_music_sidecar_track_album_bound_pass_v1,album|ray stevens|ray stevens greatest hits@@1@@6@@@@mr businessman,album_sidecar_track,track,Ray Stevens,Mr. Businessman,1987,us,album_bound_track_no_safe_match,10,53,22,277495713,,false
album_sidecar_track:album|ray stevens|ray stevens greatest hits@@1@@7@@@@haircut song:album_bound_track_no_safe_match:277495713,apple_music_sidecar_track_album_bound_pass_v1,album|ray stevens|ray stevens greatest hits@@1@@7@@@@haircut song,album_sidecar_track,track,Ray Stevens,The Haircut Song,1987,us,album_bound_track_no_safe_match,10,43,12,277495713,,false
album_sidecar_track:album|ray stevens|ray stevens greatest hits@@1@@8@@@@jeremiah peabody s poly unsaturated quick dissolving fast acting pleasant tasting green and purple pills:album_bound_track_no_safe_match:277495713,apple_music_sidecar_track_album_bound_pass_v1,album|ray stevens|ray stevens greatest hits@@1@@8@@@@jeremiah peabody s poly unsaturated quick dissolving fast acting pleasant tasting green and purple pills,album_sidecar_track,track,Ray Stevens,Jeremiah Peabody’s Poly Unsaturated Quick Dissolving Fast Acting Pleasant Tasting Green and Purple Pills,1987,us,album_bound_track_no_safe_match,10,48,17,277495713,,false
album_sidecar_track:album|ray stevens|ray stevens greatest hits@@1@@9@@@@freddie feelgood and his funky little five piece band:album_bound_track_no_safe_match:277495713,apple_music_sidecar_track_album_bound_pass_v1,album|ray stevens|ray stevens greatest hits@@1@@9@@@@freddie feelgood and his funky little five piece band,album_sidecar_track,track,Ray Stevens,Freddie Feelgood (and His Funky Little Five Piece Band),1987,us,album_bound_track_no_safe_match,10,43,17,277495713,,false
album_sidecar_track:album|reagan youth|youth anthems for the new order@@1@@1@@@@new aryans:album_bound_track_no_safe_match:1487575585,apple_music_sidecar_track_album_bound_pass_v1,album|reagan youth|youth anthems for the new order@@1@@1@@@@new aryans,album_sidecar_track,track,Reagan Youth,New Aryans,1984,us,album_bound_track_no_safe_match,58,69,62,1487575585,,false
album_sidecar_track:album|reagan youth|youth anthems for the new order@@1@@2@@@@reagan youth:album_bound_track_no_safe_match:1487575585,apple_music_sidecar_track_album_bound_pass_v1,album|reagan youth|youth anthems for the new order@@1@@2@@@@reagan youth,album_sidecar_track,track,Reagan Youth,Reagan Youth,1984,us,album_bound_track_no_safe_match,58,70,61,1487575585,,false
album_sidecar_track:album|reagan youth|youth anthems for the new order@@1@@4@@@@i hate hate:album_bound_track_no_safe_match:1487575585,apple_music_sidecar_track_album_bound_pass_v1,album|reagan youth|youth anthems for the new order@@1@@4@@@@i hate hate,album_sidecar_track,track,Reagan Youth,I Hate Hate,1984,us,album_bound_track_no_safe_match,58,66,57,1487575585,,false
album_sidecar_track:album|reagan youth|youth anthems for the new order@@1@@5@@@@degenerated:album_bound_track_no_safe_match:1487575585,apple_music_sidecar_track_album_bound_pass_v1,album|reagan youth|youth anthems for the new order@@1@@5@@@@degenerated,album_sidecar_track,track,Reagan Youth,Degenerated,1984,us,album_bound_track_no_safe_match,58,65,57,1487575585,,false
album_sidecar_track:album|reagan youth|youth anthems for the new order@@1@@6@@@@u s:album_bound_track_no_safe_match:1487575585,apple_music_sidecar_track_album_bound_pass_v1,album|reagan youth|youth anthems for the new order@@1@@6@@@@u s,album_sidecar_track,track,Reagan Youth,U.S.@.,1984,us,album_bound_track_no_safe_match,58,43,26,1487575585,,false
album_sidecar_track:album|reagan youth|youth anthems for the new order@@1@@7@@@@you re a gonowhere:album_bound_track_no_safe_match:1487575585,apple_music_sidecar_track_album_bound_pass_v1,album|reagan youth|youth anthems for the new order@@1@@7@@@@you re a gonowhere,album_sidecar_track,track,Reagan Youth,(You're a) Gonowhere,1984,us,album_bound_track_no_safe_match,58,57,25,1487575585,,false
album_sidecar_track:album|red krayola|parable of arable land@@1@@12@@@@free form freak out:album_bound_track_no_safe_match:379207819,apple_music_sidecar_track_album_bound_pass_v1,album|red krayola|parable of arable land@@1@@12@@@@free form freak out,album_sidecar_track,track,Red Krayola,Free Form Freak-Out,1967,us,album_bound_track_no_safe_match,5,43,17,379207819,,false
album_sidecar_track:album|redman|muddy waters@@1@@15@@@@da bump:album_bound_track_no_safe_match:1440923735,apple_music_sidecar_track_album_bound_pass_v1,album|redman|muddy waters@@1@@15@@@@da bump,album_sidecar_track,track,Redman,Da Bump,1996,us,album_bound_track_no_safe_match,7,51,7,1440923735,,false
album_sidecar_track:album|redman|muddy waters@@1@@17@@@@what u lookin 4:album_bound_track_no_safe_match:1440923735,apple_music_sidecar_track_album_bound_pass_v1,album|redman|muddy waters@@1@@17@@@@what u lookin 4,album_sidecar_track,track,Redman,What U Lookin’ 4,1996,us,album_bound_track_no_safe_match,7,51,43,1440923735,,false
album_sidecar_track:album|redman|muddy waters@@1@@19@@@@rollin:album_bound_track_no_safe_match:1440923735,apple_music_sidecar_track_album_bound_pass_v1,album|redman|muddy waters@@1@@19@@@@rollin,album_sidecar_track,track,Redman,Rollin’,1996,us,album_bound_track_no_safe_match,7,65,57,1440923735,,false
album_sidecar_track:album|refused|shape of punk to come@@1@@9@@@@refused are fucking dead:album_bound_track_no_safe_match:1485027854,apple_music_sidecar_track_album_bound_pass_v1,album|refused|shape of punk to come@@1@@9@@@@refused are fucking dead,album_sidecar_track,track,Refused,Refused Are Fucking Dead,1998,us,album_bound_track_no_safe_match,1,57,,1485027854,,false
album_sidecar_track:album|regina spektor|begin to hope@@1@@13@@@@another town bonus version:album_bound_track_no_safe_match:157819402,apple_music_sidecar_track_album_bound_pass_v1,album|regina spektor|begin to hope@@1@@13@@@@another town bonus version,album_sidecar_track,track,Regina Spektor,Another Town (Bonus Version),2006,us,album_bound_track_no_safe_match,0,0,,157819402,,false
album_sidecar_track:album|regina spektor|begin to hope@@1@@14@@@@uh merica bonus version:album_bound_track_no_safe_match:157819402,apple_music_sidecar_track_album_bound_pass_v1,album|regina spektor|begin to hope@@1@@14@@@@uh merica bonus version,album_sidecar_track,track,Regina Spektor,Uh‐merica (Bonus Version),2006,us,album_bound_track_no_safe_match,0,0,,157819402,,false
album_sidecar_track:album|regina spektor|begin to hope@@1@@15@@@@baobabs bonus version:album_bound_track_no_safe_match:157819402,apple_music_sidecar_track_album_bound_pass_v1,album|regina spektor|begin to hope@@1@@15@@@@baobabs bonus version,album_sidecar_track,track,Regina Spektor,Baobabs (Bonus Version),2006,us,album_bound_track_no_safe_match,0,0,,157819402,,false
album_sidecar_track:album|regina spektor|begin to hope@@1@@16@@@@dusseldorf bonus version:album_bound_track_no_safe_match:157819402,apple_music_sidecar_track_album_bound_pass_v1,album|regina spektor|begin to hope@@1@@16@@@@dusseldorf bonus version,album_sidecar_track,track,Regina Spektor,Düsseldorf (Bonus Version),2006,us,album_bound_track_no_safe_match,0,0,,157819402,,false
album_sidecar_track:album|regina spektor|begin to hope@@1@@17@@@@music box bonus version:album_bound_track_no_safe_match:157819402,apple_music_sidecar_track_album_bound_pass_v1,album|regina spektor|begin to hope@@1@@17@@@@music box bonus version,album_sidecar_track,track,Regina Spektor,Music Box (Bonus Version),2006,us,album_bound_track_no_safe_match,0,0,,157819402,,false
album_sidecar_track:album|regina spektor|begin to hope@@1@@18@@@@hero bonus track:album_bound_track_no_safe_match:157819402,apple_music_sidecar_track_album_bound_pass_v1,album|regina spektor|begin to hope@@1@@18@@@@hero bonus track,album_sidecar_track,track,Regina Spektor,Hero (Bonus Track),2006,us,album_bound_track_no_safe_match,0,0,,157819402,,false
album_sidecar_track:album|regina spektor|begin to hope@@1@@19@@@@bartender bonus track:album_bound_track_no_safe_match:157819402,apple_music_sidecar_track_album_bound_pass_v1,album|regina spektor|begin to hope@@1@@19@@@@bartender bonus track,album_sidecar_track,track,Regina Spektor,Bartender (Bonus Track),2006,us,album_bound_track_no_safe_match,0,0,,157819402,,false
album_sidecar_track:album|renaissance|scheherazade and other stories@@1@@4@@@@song of scheherazade:album_bound_track_no_safe_match:1782326223,apple_music_sidecar_track_album_bound_pass_v1,album|renaissance|scheherazade and other stories@@1@@4@@@@song of scheherazade,album_sidecar_track,track,Renaissance,Song of Scheherazade,1975,us,album_bound_track_no_safe_match,8,74,41,1782326223,,false
album_sidecar_track:album|ricky martin|ricky martin@@1@@9@@@@cup of life spanglish radio edit:album_bound_track_no_safe_match:192821565,apple_music_sidecar_track_album_bound_pass_v1,album|ricky martin|ricky martin@@1@@9@@@@cup of life spanglish radio edit,album_sidecar_track,track,Ricky Martin,The Cup of Life (Spanglish radio edit),1999,us,album_bound_track_no_safe_match,2,57,17,192821565,,false
album_sidecar_track:album|rihanna|good girl gone bad@@1@@13@@@@cry:album_bound_track_no_safe_match:1472503760,apple_music_sidecar_track_album_bound_pass_v1,album|rihanna|good girl gone bad@@1@@13@@@@cry,album_sidecar_track,track,Rihanna,Cry,2007,us,album_bound_track_no_safe_match,0,0,,1472503760,,false
album_sidecar_track:album|rihanna|good girl gone bad@@1@@14@@@@umbrella acoustic:album_bound_track_no_safe_match:1472503760,apple_music_sidecar_track_album_bound_pass_v1,album|rihanna|good girl gone bad@@1@@14@@@@umbrella acoustic,album_sidecar_track,track,Rihanna,Umbrella (acoustic),2007,us,album_bound_track_no_safe_match,0,0,,1472503760,,false
album_sidecar_track:album|rihanna|loud@@1@@11@@@@love way you lie part ii:album_bound_track_no_safe_match:1442286224,apple_music_sidecar_track_album_bound_pass_v1,album|rihanna|loud@@1@@11@@@@love way you lie part ii,album_sidecar_track,track,Rihanna,Love the Way You Lie (Part II),2010,us,album_bound_track_no_safe_match,3,57,7,1442286224,,false
album_sidecar_track:album|ritchie valens|ritchie valens@@1@@5@@@@bony moronie:album_bound_track_no_safe_match:466357972,apple_music_sidecar_track_album_bound_pass_v1,album|ritchie valens|ritchie valens@@1@@5@@@@bony moronie,album_sidecar_track,track,Ritchie Valens,Bony‐Moronie,1959,us,album_bound_track_no_safe_match,1,58,,466357972,,false
album_sidecar_track:album|rivieras|california sun@@1@@13@@@@let s have a party single version:album_bound_track_no_safe_match:1146567915,apple_music_sidecar_track_album_bound_pass_v1,album|rivieras|california sun@@1@@13@@@@let s have a party single version,album_sidecar_track,track,The Rivieras,Let's Have a Party (single version),1964,us,album_bound_track_no_safe_match,3,48,12,1146567915,,false
album_sidecar_track:album|rivieras|california sun@@1@@19@@@@money honey:album_bound_track_no_safe_match:1146567915,apple_music_sidecar_track_album_bound_pass_v1,album|rivieras|california sun@@1@@19@@@@money honey,album_sidecar_track,track,The Rivieras,Money Honey,1964,us,album_bound_track_no_safe_match,3,21,21,1146567915,,false
album_sidecar_track:album|rivieras|california sun@@1@@22@@@@church key part ii:album_bound_track_no_safe_match:1146567915,apple_music_sidecar_track_album_bound_pass_v1,album|rivieras|california sun@@1@@22@@@@church key part ii,album_sidecar_track,track,The Rivieras,Church Key Part II,1964,us,album_bound_track_no_safe_match,3,53,21,1146567915,,false
album_sidecar_track:album|robert earl keen|no kinda dancer@@1@@7@@@@young lovers waltz:album_bound_track_no_safe_match:1769474135,apple_music_sidecar_track_album_bound_pass_v1,album|robert earl keen|no kinda dancer@@1@@7@@@@young lovers waltz,album_sidecar_track,track,Robert Earl Keen,Young Lovers Waltz,1984,us,album_bound_track_no_safe_match,6,57,17,1769474135,,false
album_sidecar_track:album|robert earl keen|no kinda dancer@@1@@8@@@@death of tail fitzsimmons:album_bound_track_no_safe_match:1769474135,apple_music_sidecar_track_album_bound_pass_v1,album|robert earl keen|no kinda dancer@@1@@8@@@@death of tail fitzsimmons,album_sidecar_track,track,Robert Earl Keen,Death of Tail Fitzsimmons,1984,us,album_bound_track_no_safe_match,6,57,12,1769474135,,false
album_sidecar_track:album|robert hood|minimal nation@@1@@4@@@@acrylic:album_bound_track_no_safe_match:316706585,apple_music_sidecar_track_album_bound_pass_v1,album|robert hood|minimal nation@@1@@4@@@@acrylic,album_sidecar_track,track,Robert Hood,Acrylic,1994,us,album_bound_track_no_safe_match,5,50,10,316706585,,false
album_sidecar_track:album|robert hood|minimal nation@@2@@2@@@@rhythm:album_bound_track_no_safe_match:316706585,apple_music_sidecar_track_album_bound_pass_v1,album|robert hood|minimal nation@@2@@2@@@@rhythm,album_sidecar_track,track,Robert Hood,Rhythm,1994,us,album_bound_track_no_safe_match,5,45,33,316706585,,false
album_sidecar_track:album|robert hood|minimal nation@@2@@4@@@@pace:album_bound_track_no_safe_match:316706585,apple_music_sidecar_track_album_bound_pass_v1,album|robert hood|minimal nation@@2@@4@@@@pace,album_sidecar_track,track,Robert Hood,The Pace,1994,us,album_bound_track_no_safe_match,5,10,9,316706585,,false
album_sidecar_track:album|romeo santos|formula vol 1@@1@@15@@@@aleluya:album_bound_track_no_safe_match:471342193,apple_music_sidecar_track_album_bound_pass_v1,album|romeo santos|formula vol 1@@1@@15@@@@aleluya,album_sidecar_track,track,Romeo Santos,Aleluya,2011,us,album_bound_track_no_safe_match,0,0,,471342193,,false
album_sidecar_track:album|romeo santos|formula vol 1@@1@@16@@@@malevo:album_bound_track_no_safe_match:471342193,apple_music_sidecar_track_album_bound_pass_v1,album|romeo santos|formula vol 1@@1@@16@@@@malevo,album_sidecar_track,track,Romeo Santos,Malevo,2011,us,album_bound_track_no_safe_match,0,0,,471342193,,false
album_sidecar_track:album|romeo santos|formula vol 1@@1@@17@@@@promise english version:album_bound_track_no_safe_match:471342193,apple_music_sidecar_track_album_bound_pass_v1,album|romeo santos|formula vol 1@@1@@17@@@@promise english version,album_sidecar_track,track,Romeo Santos,Promise (English version),2011,us,album_bound_track_no_safe_match,0,0,,471342193,,false
album_sidecar_track:album|romeo santos|formula vol 1@@1@@18@@@@aleluya english version:album_bound_track_no_safe_match:471342193,apple_music_sidecar_track_album_bound_pass_v1,album|romeo santos|formula vol 1@@1@@18@@@@aleluya english version,album_sidecar_track,track,Romeo Santos,Aleluya (English version),2011,us,album_bound_track_no_safe_match,0,0,,471342193,,false
album_sidecar_track:album|romeo santos|formula vol 1@@1@@20@@@@vale la pena el placer:album_bound_track_no_safe_match:471342193,apple_music_sidecar_track_album_bound_pass_v1,album|romeo santos|formula vol 1@@1@@20@@@@vale la pena el placer,album_sidecar_track,track,Romeo Santos,Vale la pena el placer,2011,us,album_bound_track_no_safe_match,0,0,,471342193,,false
album_sidecar_track:album|romeo santos|formula vol 1@@2@@1@@@@you:album_bound_track_no_safe_match:471342193,apple_music_sidecar_track_album_bound_pass_v1,album|romeo santos|formula vol 1@@2@@1@@@@you,album_sidecar_track,track,Romeo Santos,You,2011,us,album_bound_track_no_safe_match,0,0,,471342193,,false
album_sidecar_track:album|romeo santos|formula vol 1@@2@@2@@@@behind scenes of promise music video:album_bound_track_no_safe_match:471342193,apple_music_sidecar_track_album_bound_pass_v1,album|romeo santos|formula vol 1@@2@@2@@@@behind scenes of promise music video,album_sidecar_track,track,Romeo Santos,Behind the Scenes of Promise Music Video,2011,us,album_bound_track_no_safe_match,0,0,,471342193,,false
album_sidecar_track:album|ronnie self|mr frantic is boppin the blues@@1@@28@@@@i ve been brought down:album_bound_track_no_safe_match:1053995885,apple_music_sidecar_track_album_bound_pass_v1,album|ronnie self|mr frantic is boppin the blues@@1@@28@@@@i ve been brought down,album_sidecar_track,track,Ronnie Self,I’ve Been Brought Down,1990,us,album_bound_track_no_safe_match,1,43,,1053995885,,false
album_sidecar_track:album|roots|things fall apart@@1@@2@@@@table of contents parts 1 and 2:album_bound_track_no_safe_match:1440632803,apple_music_sidecar_track_album_bound_pass_v1,album|roots|things fall apart@@1@@2@@@@table of contents parts 1 and 2,album_sidecar_track,track,The Roots,Table of Contents (Parts 1 & 2),1999,us,album_bound_track_no_safe_match,3,61,9,1440632803,,false
album_sidecar_track:album|roots|things fall apart@@1@@4@@@@step into realm:album_bound_track_no_safe_match:1440632803,apple_music_sidecar_track_album_bound_pass_v1,album|roots|things fall apart@@1@@4@@@@step into realm,album_sidecar_track,track,The Roots,Step Into the Realm,1999,us,album_bound_track_no_safe_match,3,59,11,1440632803,,false
album_sidecar_track:album|run the jewels|run the jewels 2@@1@@3@@@@blockbuster night part 1:album_bound_track_no_safe_match:1862913140,apple_music_sidecar_track_album_bound_pass_v1,album|run the jewels|run the jewels 2@@1@@3@@@@blockbuster night part 1,album_sidecar_track,track,Run the Jewels,"Blockbuster Night, Part 1",2014,us,album_bound_track_no_safe_match,4,60,17,1862913140,,false
album_sidecar_track:album|rupert holmes|partners in crime@@1@@8@@@@people that you never get to love:album_bound_track_no_safe_match:1443846037,apple_music_sidecar_track_album_bound_pass_v1,album|rupert holmes|partners in crime@@1@@8@@@@people that you never get to love,album_sidecar_track,track,Rupert Holmes,The People That You Never Get to Love,1979,us,album_bound_track_no_safe_match,1,57,,1443846037,,false
album_sidecar_track:album|rush|2112@@1@@1@@@@2112 i overture:album_bound_track_no_safe_match:1445876680,apple_music_sidecar_track_album_bound_pass_v1,album|rush|2112@@1@@1@@@@2112 i overture,album_sidecar_track,track,Rush,2112: I. Overture,1976,us,album_bound_track_no_safe_match,3,48,10,1445876680,,false
album_sidecar_track:album|rush|2112@@1@@2@@@@2112 ii temples of syrinx:album_bound_track_no_safe_match:1445876680,apple_music_sidecar_track_album_bound_pass_v1,album|rush|2112@@1@@2@@@@2112 ii temples of syrinx,album_sidecar_track,track,Rush,2112: II. The Temples of Syrinx,1976,us,album_bound_track_no_safe_match,3,12,10,1445876680,,false
album_sidecar_track:album|rush|2112@@1@@3@@@@2112 iii discovery:album_bound_track_no_safe_match:1445876680,apple_music_sidecar_track_album_bound_pass_v1,album|rush|2112@@1@@3@@@@2112 iii discovery,album_sidecar_track,track,Rush,2112: III. Discovery,1976,us,album_bound_track_no_safe_match,3,56,22,1445876680,,false
album_sidecar_track:album|rush|2112@@1@@4@@@@2112 iv presentation:album_bound_track_no_safe_match:1445876680,apple_music_sidecar_track_album_bound_pass_v1,album|rush|2112@@1@@4@@@@2112 iv presentation,album_sidecar_track,track,Rush,2112: IV. Presentation,1976,us,album_bound_track_no_safe_match,3,18,15,1445876680,,false
album_sidecar_track:album|rush|2112@@1@@5@@@@2112 v oracle dream:album_bound_track_no_safe_match:1445876680,apple_music_sidecar_track_album_bound_pass_v1,album|rush|2112@@1@@5@@@@2112 v oracle dream,album_sidecar_track,track,Rush,2112: V. Oracle: The Dream,1976,us,album_bound_track_no_safe_match,3,44,12,1445876680,,false
album_sidecar_track:album|rush|2112@@1@@6@@@@2112 vi soliloquy:album_bound_track_no_safe_match:1445876680,apple_music_sidecar_track_album_bound_pass_v1,album|rush|2112@@1@@6@@@@2112 vi soliloquy,album_sidecar_track,track,Rush,2112: VI. Soliloquy,1976,us,album_bound_track_no_safe_match,3,12,10,1445876680,,false
album_sidecar_track:album|rush|2112@@1@@7@@@@2112 vii grand finale:album_bound_track_no_safe_match:1445876680,apple_music_sidecar_track_album_bound_pass_v1,album|rush|2112@@1@@7@@@@2112 vii grand finale,album_sidecar_track,track,Rush,2112: VII. Grand Finale,1976,us,album_bound_track_no_safe_match,3,12,10,1445876680,,false
album_sidecar_track:album|sam cooke|twistin the night away@@1@@8@@@@movin and a groovin:album_bound_track_no_safe_match:497770005,apple_music_sidecar_track_album_bound_pass_v1,album|sam cooke|twistin the night away@@1@@8@@@@movin and a groovin,album_sidecar_track,track,Sam Cooke,Movin’ and A’Groovin’,1962,us,album_bound_track_no_safe_match,1,57,,497770005,,false
album_sidecar_track:album|sam smith|in the lonely hour@@1@@11@@@@restart:album_bound_track_no_safe_match:1440814069,apple_music_sidecar_track_album_bound_pass_v1,album|sam smith|in the lonely hour@@1@@11@@@@restart,album_sidecar_track,track,Sam Smith,Restart,2014,us,album_bound_track_no_safe_match,0,0,,1440814069,,false
album_sidecar_track:album|sam smith|in the lonely hour@@1@@12@@@@latch acoustic:album_bound_track_no_safe_match:1440814069,apple_music_sidecar_track_album_bound_pass_v1,album|sam smith|in the lonely hour@@1@@12@@@@latch acoustic,album_sidecar_track,track,Sam Smith,Latch (acoustic),2014,us,album_bound_track_no_safe_match,0,0,,1440814069,,false
album_sidecar_track:album|sam smith|in the lonely hour@@1@@13@@@@la la la:album_bound_track_no_safe_match:1440814069,apple_music_sidecar_track_album_bound_pass_v1,album|sam smith|in the lonely hour@@1@@13@@@@la la la,album_sidecar_track,track,Sam Smith,La La La,2014,us,album_bound_track_no_safe_match,0,0,,1440814069,,false
album_sidecar_track:album|sam smith|in the lonely hour@@1@@14@@@@make it to me:album_bound_track_no_safe_match:1440814069,apple_music_sidecar_track_album_bound_pass_v1,album|sam smith|in the lonely hour@@1@@14@@@@make it to me,album_sidecar_track,track,Sam Smith,Make It to Me,2014,us,album_bound_track_no_safe_match,0,0,,1440814069,,false
album_sidecar_track:album|sam smith|in the lonely hour@@1@@15@@@@nirvana acoustic:album_bound_track_no_safe_match:1440814069,apple_music_sidecar_track_album_bound_pass_v1,album|sam smith|in the lonely hour@@1@@15@@@@nirvana acoustic,album_sidecar_track,track,Sam Smith,Nirvana (acoustic),2014,us,album_bound_track_no_safe_match,0,0,,1440814069,,false
album_sidecar_track:album|santo and johnny|santo and johnny@@1@@1@@@@caravan:album_bound_track_no_safe_match:1455434148,apple_music_sidecar_track_album_bound_pass_v1,album|santo and johnny|santo and johnny@@1@@1@@@@caravan,album_sidecar_track,track,Santo & Johnny,Caravan,1959,us,album_bound_track_no_safe_match,10,53,22,1455434148,,false
album_sidecar_track:album|santo and johnny|santo and johnny@@1@@10@@@@canadian sunset:album_bound_track_no_safe_match:1455434148,apple_music_sidecar_track_album_bound_pass_v1,album|santo and johnny|santo and johnny@@1@@10@@@@canadian sunset,album_sidecar_track,track,Santo & Johnny,Canadian Sunset,1959,us,album_bound_track_no_safe_match,10,43,22,1455434148,,false
album_sidecar_track:album|santo and johnny|santo and johnny@@1@@11@@@@harbor lights:album_bound_track_no_safe_match:1455434148,apple_music_sidecar_track_album_bound_pass_v1,album|santo and johnny|santo and johnny@@1@@11@@@@harbor lights,album_sidecar_track,track,Santo & Johnny,Harbor Lights,1959,us,album_bound_track_no_safe_match,10,22,16,1455434148,,false
album_sidecar_track:album|santo and johnny|santo and johnny@@1@@12@@@@raunchy:album_bound_track_no_safe_match:1455434148,apple_music_sidecar_track_album_bound_pass_v1,album|santo and johnny|santo and johnny@@1@@12@@@@raunchy,album_sidecar_track,track,Santo & Johnny,Raunchy,1959,us,album_bound_track_no_safe_match,10,26,16,1455434148,,false
album_sidecar_track:album|santo and johnny|santo and johnny@@1@@2@@@@summertime:album_bound_track_no_safe_match:1455434148,apple_music_sidecar_track_album_bound_pass_v1,album|santo and johnny|santo and johnny@@1@@2@@@@summertime,album_sidecar_track,track,Santo & Johnny,Summertime,1959,us,album_bound_track_no_safe_match,10,52,23,1455434148,,false
album_sidecar_track:album|santo and johnny|santo and johnny@@1@@3@@@@all night diner:album_bound_track_no_safe_match:1455434148,apple_music_sidecar_track_album_bound_pass_v1,album|santo and johnny|santo and johnny@@1@@3@@@@all night diner,album_sidecar_track,track,Santo & Johnny,All Night Diner,1959,us,album_bound_track_no_safe_match,10,46,17,1455434148,,false
album_sidecar_track:album|santo and johnny|santo and johnny@@1@@4@@@@blue moon:album_bound_track_no_safe_match:1455434148,apple_music_sidecar_track_album_bound_pass_v1,album|santo and johnny|santo and johnny@@1@@4@@@@blue moon,album_sidecar_track,track,Santo & Johnny,Blue Moon,1959,us,album_bound_track_no_safe_match,10,45,22,1455434148,,false
album_sidecar_track:album|santo and johnny|santo and johnny@@1@@5@@@@school day:album_bound_track_no_safe_match:1455434148,apple_music_sidecar_track_album_bound_pass_v1,album|santo and johnny|santo and johnny@@1@@5@@@@school day,album_sidecar_track,track,Santo & Johnny,School Day,1959,us,album_bound_track_no_safe_match,10,54,25,1455434148,,false
album_sidecar_track:album|santo and johnny|santo and johnny@@1@@6@@@@sleep walk:album_bound_track_no_safe_match:1455434148,apple_music_sidecar_track_album_bound_pass_v1,album|santo and johnny|santo and johnny@@1@@6@@@@sleep walk,album_sidecar_track,track,Santo & Johnny,Sleep Walk,1959,us,album_bound_track_no_safe_match,10,48,25,1455434148,,false
album_sidecar_track:album|santo and johnny|santo and johnny@@1@@7@@@@tenderly:album_bound_track_no_safe_match:1455434148,apple_music_sidecar_track_album_bound_pass_v1,album|santo and johnny|santo and johnny@@1@@7@@@@tenderly,album_sidecar_track,track,Santo & Johnny,Tenderly,1959,us,album_bound_track_no_safe_match,10,48,24,1455434148,,false
album_sidecar_track:album|santo and johnny|santo and johnny@@1@@8@@@@slave girl:album_bound_track_no_safe_match:1455434148,apple_music_sidecar_track_album_bound_pass_v1,album|santo and johnny|santo and johnny@@1@@8@@@@slave girl,album_sidecar_track,track,Santo & Johnny,Slave Girl,1959,us,album_bound_track_no_safe_match,10,43,26,1455434148,,false
album_sidecar_track:album|santo and johnny|santo and johnny@@1@@9@@@@dream:album_bound_track_no_safe_match:1455434148,apple_music_sidecar_track_album_bound_pass_v1,album|santo and johnny|santo and johnny@@1@@9@@@@dream,album_sidecar_track,track,Santo & Johnny,Dream,1959,us,album_bound_track_no_safe_match,10,43,34,1455434148,,false
album_sidecar_track:album|sarah mclachlan|fumbling towards ecstasy@@1@@12@@@@fumbling towards ecstasy possession piano version:album_bound_track_no_safe_match:271361254,apple_music_sidecar_track_album_bound_pass_v1,album|sarah mclachlan|fumbling towards ecstasy@@1@@12@@@@fumbling towards ecstasy possession piano version,album_sidecar_track,track,Sarah McLachlan,Fumbling Towards Ecstasy / Possession (piano version),1993,us,album_bound_track_no_safe_match,2,67,7,271361254,,false
album_sidecar_track:album|schoolly d|schoolly d@@1@@2@@@@put your fila s on:album_bound_track_no_safe_match:1131445208,apple_music_sidecar_track_album_bound_pass_v1,album|schoolly d|schoolly d@@1@@2@@@@put your fila s on,album_sidecar_track,track,Schoolly D,Put Your Fila’s On,1985,us,album_bound_track_no_safe_match,1,61,,1131445208,,false
album_sidecar_track:album|sebadoh|bakesale@@1@@9@@@@s soup:album_bound_track_no_safe_match:444189753,apple_music_sidecar_track_album_bound_pass_v1,album|sebadoh|bakesale@@1@@9@@@@s soup,album_sidecar_track,track,Sebadoh,S. Soup,1994,us,album_bound_track_no_safe_match,26,57,17,444189753,,false
album_sidecar_track:album|sebadoh|iii@@1@@16@@@@downmind:album_bound_track_no_safe_match:252251664,apple_music_sidecar_track_album_bound_pass_v1,album|sebadoh|iii@@1@@16@@@@downmind,album_sidecar_track,track,Sebadoh,Downmind,1991,us,album_bound_track_no_safe_match,19,57,21,252251664,,false
album_sidecar_track:album|sex pistols|never mind the bollocks here s the sex pistols@@1@@9@@@@sub mission:album_bound_track_no_safe_match:266317242,apple_music_sidecar_track_album_bound_pass_v1,album|sex pistols|never mind the bollocks here s the sex pistols@@1@@9@@@@sub mission,album_sidecar_track,track,Sex Pistols,Sub-Mission,1977,us,album_bound_track_no_safe_match,1,57,,266317242,,false
album_sidecar_track:album|she wants revenge|she wants revenge@@1@@13@@@@wasted air:album_bound_track_no_safe_match:1444219951,apple_music_sidecar_track_album_bound_pass_v1,album|she wants revenge|she wants revenge@@1@@13@@@@wasted air,album_sidecar_track,track,She Wants Revenge,[Wasted Air],2006,us,album_bound_track_no_safe_match,2,43,10,1444219951,,false
album_sidecar_track:album|she wants revenge|she wants revenge@@1@@14@@@@wasted air:album_bound_track_no_safe_match:1444219951,apple_music_sidecar_track_album_bound_pass_v1,album|she wants revenge|she wants revenge@@1@@14@@@@wasted air,album_sidecar_track,track,She Wants Revenge,[Wasted Air],2006,us,album_bound_track_no_safe_match,2,10,7,1444219951,,false
album_sidecar_track:album|she wants revenge|she wants revenge@@1@@15@@@@wasted air:album_bound_track_no_safe_match:1444219951,apple_music_sidecar_track_album_bound_pass_v1,album|she wants revenge|she wants revenge@@1@@15@@@@wasted air,album_sidecar_track,track,She Wants Revenge,[Wasted Air],2006,us,album_bound_track_no_safe_match,2,10,7,1444219951,,false
album_sidecar_track:album|she wants revenge|she wants revenge@@1@@16@@@@wasted air:album_bound_track_no_safe_match:1444219951,apple_music_sidecar_track_album_bound_pass_v1,album|she wants revenge|she wants revenge@@1@@16@@@@wasted air,album_sidecar_track,track,She Wants Revenge,[Wasted Air],2006,us,album_bound_track_no_safe_match,2,10,7,1444219951,,false
album_sidecar_track:album|she wants revenge|she wants revenge@@1@@17@@@@wasted air:album_bound_track_no_safe_match:1444219951,apple_music_sidecar_track_album_bound_pass_v1,album|she wants revenge|she wants revenge@@1@@17@@@@wasted air,album_sidecar_track,track,She Wants Revenge,[Wasted Air],2006,us,album_bound_track_no_safe_match,2,10,7,1444219951,,false
album_sidecar_track:album|she wants revenge|she wants revenge@@1@@18@@@@wasted air:album_bound_track_no_safe_match:1444219951,apple_music_sidecar_track_album_bound_pass_v1,album|she wants revenge|she wants revenge@@1@@18@@@@wasted air,album_sidecar_track,track,She Wants Revenge,[Wasted Air],2006,us,album_bound_track_no_safe_match,2,10,7,1444219951,,false
album_sidecar_track:album|she wants revenge|she wants revenge@@1@@19@@@@wasted air:album_bound_track_no_safe_match:1444219951,apple_music_sidecar_track_album_bound_pass_v1,album|she wants revenge|she wants revenge@@1@@19@@@@wasted air,album_sidecar_track,track,She Wants Revenge,[Wasted Air],2006,us,album_bound_track_no_safe_match,2,10,7,1444219951,,false
album_sidecar_track:album|she wants revenge|she wants revenge@@1@@20@@@@wasted air:album_bound_track_no_safe_match:1444219951,apple_music_sidecar_track_album_bound_pass_v1,album|she wants revenge|she wants revenge@@1@@20@@@@wasted air,album_sidecar_track,track,She Wants Revenge,[Wasted Air],2006,us,album_bound_track_no_safe_match,2,10,7,1444219951,,false
album_sidecar_track:album|she wants revenge|she wants revenge@@1@@21@@@@wasted air:album_bound_track_no_safe_match:1444219951,apple_music_sidecar_track_album_bound_pass_v1,album|she wants revenge|she wants revenge@@1@@21@@@@wasted air,album_sidecar_track,track,She Wants Revenge,[Wasted Air],2006,us,album_bound_track_no_safe_match,2,10,7,1444219951,,false
album_sidecar_track:album|she wants revenge|she wants revenge@@1@@22@@@@wasted air:album_bound_track_no_safe_match:1444219951,apple_music_sidecar_track_album_bound_pass_v1,album|she wants revenge|she wants revenge@@1@@22@@@@wasted air,album_sidecar_track,track,She Wants Revenge,[Wasted Air],2006,us,album_bound_track_no_safe_match,2,10,7,1444219951,,false
album_sidecar_track:album|she wants revenge|she wants revenge@@1@@23@@@@wasted air:album_bound_track_no_safe_match:1444219951,apple_music_sidecar_track_album_bound_pass_v1,album|she wants revenge|she wants revenge@@1@@23@@@@wasted air,album_sidecar_track,track,She Wants Revenge,[Wasted Air],2006,us,album_bound_track_no_safe_match,2,10,7,1444219951,,false
album_sidecar_track:album|she wants revenge|she wants revenge@@1@@24@@@@wasted air:album_bound_track_no_safe_match:1444219951,apple_music_sidecar_track_album_bound_pass_v1,album|she wants revenge|she wants revenge@@1@@24@@@@wasted air,album_sidecar_track,track,She Wants Revenge,[Wasted Air],2006,us,album_bound_track_no_safe_match,2,10,7,1444219951,,false
album_sidecar_track:album|she wants revenge|she wants revenge@@1@@25@@@@wasted air:album_bound_track_no_safe_match:1444219951,apple_music_sidecar_track_album_bound_pass_v1,album|she wants revenge|she wants revenge@@1@@25@@@@wasted air,album_sidecar_track,track,She Wants Revenge,[Wasted Air],2006,us,album_bound_track_no_safe_match,2,10,7,1444219951,,false
album_sidecar_track:album|she wants revenge|she wants revenge@@1@@26@@@@wasted air:album_bound_track_no_safe_match:1444219951,apple_music_sidecar_track_album_bound_pass_v1,album|she wants revenge|she wants revenge@@1@@26@@@@wasted air,album_sidecar_track,track,She Wants Revenge,[Wasted Air],2006,us,album_bound_track_no_safe_match,2,10,7,1444219951,,false
album_sidecar_track:album|she wants revenge|she wants revenge@@1@@27@@@@wasted air:album_bound_track_no_safe_match:1444219951,apple_music_sidecar_track_album_bound_pass_v1,album|she wants revenge|she wants revenge@@1@@27@@@@wasted air,album_sidecar_track,track,She Wants Revenge,[Wasted Air],2006,us,album_bound_track_no_safe_match,2,10,7,1444219951,,false
album_sidecar_track:album|she wants revenge|she wants revenge@@1@@28@@@@wasted air:album_bound_track_no_safe_match:1444219951,apple_music_sidecar_track_album_bound_pass_v1,album|she wants revenge|she wants revenge@@1@@28@@@@wasted air,album_sidecar_track,track,She Wants Revenge,[Wasted Air],2006,us,album_bound_track_no_safe_match,2,10,7,1444219951,,false
album_sidecar_track:album|she wants revenge|she wants revenge@@1@@29@@@@wasted air:album_bound_track_no_safe_match:1444219951,apple_music_sidecar_track_album_bound_pass_v1,album|she wants revenge|she wants revenge@@1@@29@@@@wasted air,album_sidecar_track,track,She Wants Revenge,[Wasted Air],2006,us,album_bound_track_no_safe_match,2,10,7,1444219951,,false
album_sidecar_track:album|she wants revenge|she wants revenge@@1@@3@@@@i don t wanna fall in love:album_bound_track_no_safe_match:1444219951,apple_music_sidecar_track_album_bound_pass_v1,album|she wants revenge|she wants revenge@@1@@3@@@@i don t wanna fall in love,album_sidecar_track,track,She Wants Revenge,I Don’t Wanna Fall in Love,2006,us,album_bound_track_no_safe_match,2,60,7,1444219951,,false
album_sidecar_track:album|she wants revenge|she wants revenge@@1@@30@@@@wasted air:album_bound_track_no_safe_match:1444219951,apple_music_sidecar_track_album_bound_pass_v1,album|she wants revenge|she wants revenge@@1@@30@@@@wasted air,album_sidecar_track,track,She Wants Revenge,[Wasted Air],2006,us,album_bound_track_no_safe_match,2,10,7,1444219951,,false
album_sidecar_track:album|she wants revenge|she wants revenge@@1@@31@@@@wasted air:album_bound_track_no_safe_match:1444219951,apple_music_sidecar_track_album_bound_pass_v1,album|she wants revenge|she wants revenge@@1@@31@@@@wasted air,album_sidecar_track,track,She Wants Revenge,[Wasted Air],2006,us,album_bound_track_no_safe_match,2,10,7,1444219951,,false
album_sidecar_track:album|she wants revenge|she wants revenge@@1@@32@@@@wasted air:album_bound_track_no_safe_match:1444219951,apple_music_sidecar_track_album_bound_pass_v1,album|she wants revenge|she wants revenge@@1@@32@@@@wasted air,album_sidecar_track,track,She Wants Revenge,[Wasted Air],2006,us,album_bound_track_no_safe_match,2,10,7,1444219951,,false
album_sidecar_track:album|she wants revenge|she wants revenge@@1@@33@@@@wasted air:album_bound_track_no_safe_match:1444219951,apple_music_sidecar_track_album_bound_pass_v1,album|she wants revenge|she wants revenge@@1@@33@@@@wasted air,album_sidecar_track,track,She Wants Revenge,[Wasted Air],2006,us,album_bound_track_no_safe_match,2,10,7,1444219951,,false
album_sidecar_track:album|she wants revenge|she wants revenge@@1@@34@@@@wasted air:album_bound_track_no_safe_match:1444219951,apple_music_sidecar_track_album_bound_pass_v1,album|she wants revenge|she wants revenge@@1@@34@@@@wasted air,album_sidecar_track,track,She Wants Revenge,[Wasted Air],2006,us,album_bound_track_no_safe_match,2,10,7,1444219951,,false
album_sidecar_track:album|she wants revenge|she wants revenge@@1@@35@@@@wasted air:album_bound_track_no_safe_match:1444219951,apple_music_sidecar_track_album_bound_pass_v1,album|she wants revenge|she wants revenge@@1@@35@@@@wasted air,album_sidecar_track,track,She Wants Revenge,[Wasted Air],2006,us,album_bound_track_no_safe_match,2,10,7,1444219951,,false
album_sidecar_track:album|she wants revenge|she wants revenge@@1@@36@@@@wasted air:album_bound_track_no_safe_match:1444219951,apple_music_sidecar_track_album_bound_pass_v1,album|she wants revenge|she wants revenge@@1@@36@@@@wasted air,album_sidecar_track,track,She Wants Revenge,[Wasted Air],2006,us,album_bound_track_no_safe_match,2,10,7,1444219951,,false
album_sidecar_track:album|she wants revenge|she wants revenge@@1@@37@@@@wasted air:album_bound_track_no_safe_match:1444219951,apple_music_sidecar_track_album_bound_pass_v1,album|she wants revenge|she wants revenge@@1@@37@@@@wasted air,album_sidecar_track,track,She Wants Revenge,[Wasted Air],2006,us,album_bound_track_no_safe_match,2,10,7,1444219951,,false
album_sidecar_track:album|she wants revenge|she wants revenge@@1@@38@@@@wasted air:album_bound_track_no_safe_match:1444219951,apple_music_sidecar_track_album_bound_pass_v1,album|she wants revenge|she wants revenge@@1@@38@@@@wasted air,album_sidecar_track,track,She Wants Revenge,[Wasted Air],2006,us,album_bound_track_no_safe_match,2,10,7,1444219951,,false
album_sidecar_track:album|she wants revenge|she wants revenge@@1@@39@@@@wasted air:album_bound_track_no_safe_match:1444219951,apple_music_sidecar_track_album_bound_pass_v1,album|she wants revenge|she wants revenge@@1@@39@@@@wasted air,album_sidecar_track,track,She Wants Revenge,[Wasted Air],2006,us,album_bound_track_no_safe_match,2,10,7,1444219951,,false
album_sidecar_track:album|she wants revenge|she wants revenge@@1@@40@@@@wasted air:album_bound_track_no_safe_match:1444219951,apple_music_sidecar_track_album_bound_pass_v1,album|she wants revenge|she wants revenge@@1@@40@@@@wasted air,album_sidecar_track,track,She Wants Revenge,[Wasted Air],2006,us,album_bound_track_no_safe_match,2,10,7,1444219951,,false
album_sidecar_track:album|she wants revenge|she wants revenge@@1@@41@@@@wasted air:album_bound_track_no_safe_match:1444219951,apple_music_sidecar_track_album_bound_pass_v1,album|she wants revenge|she wants revenge@@1@@41@@@@wasted air,album_sidecar_track,track,She Wants Revenge,[Wasted Air],2006,us,album_bound_track_no_safe_match,2,10,7,1444219951,,false
album_sidecar_track:album|she wants revenge|she wants revenge@@1@@42@@@@wasted air:album_bound_track_no_safe_match:1444219951,apple_music_sidecar_track_album_bound_pass_v1,album|she wants revenge|she wants revenge@@1@@42@@@@wasted air,album_sidecar_track,track,She Wants Revenge,[Wasted Air],2006,us,album_bound_track_no_safe_match,2,10,7,1444219951,,false
album_sidecar_track:album|she wants revenge|she wants revenge@@1@@43@@@@wasted air:album_bound_track_no_safe_match:1444219951,apple_music_sidecar_track_album_bound_pass_v1,album|she wants revenge|she wants revenge@@1@@43@@@@wasted air,album_sidecar_track,track,She Wants Revenge,[Wasted Air],2006,us,album_bound_track_no_safe_match,2,10,7,1444219951,,false
album_sidecar_track:album|she wants revenge|she wants revenge@@1@@44@@@@wasted air:album_bound_track_no_safe_match:1444219951,apple_music_sidecar_track_album_bound_pass_v1,album|she wants revenge|she wants revenge@@1@@44@@@@wasted air,album_sidecar_track,track,She Wants Revenge,[Wasted Air],2006,us,album_bound_track_no_safe_match,2,10,7,1444219951,,false
album_sidecar_track:album|she wants revenge|she wants revenge@@1@@45@@@@wasted air:album_bound_track_no_safe_match:1444219951,apple_music_sidecar_track_album_bound_pass_v1,album|she wants revenge|she wants revenge@@1@@45@@@@wasted air,album_sidecar_track,track,She Wants Revenge,[Wasted Air],2006,us,album_bound_track_no_safe_match,2,10,7,1444219951,,false
album_sidecar_track:album|she wants revenge|she wants revenge@@1@@46@@@@wasted air:album_bound_track_no_safe_match:1444219951,apple_music_sidecar_track_album_bound_pass_v1,album|she wants revenge|she wants revenge@@1@@46@@@@wasted air,album_sidecar_track,track,She Wants Revenge,[Wasted Air],2006,us,album_bound_track_no_safe_match,2,10,7,1444219951,,false
album_sidecar_track:album|she wants revenge|she wants revenge@@1@@47@@@@wasted air:album_bound_track_no_safe_match:1444219951,apple_music_sidecar_track_album_bound_pass_v1,album|she wants revenge|she wants revenge@@1@@47@@@@wasted air,album_sidecar_track,track,She Wants Revenge,[Wasted Air],2006,us,album_bound_track_no_safe_match,2,10,7,1444219951,,false
album_sidecar_track:album|she wants revenge|she wants revenge@@1@@48@@@@wasted air:album_bound_track_no_safe_match:1444219951,apple_music_sidecar_track_album_bound_pass_v1,album|she wants revenge|she wants revenge@@1@@48@@@@wasted air,album_sidecar_track,track,She Wants Revenge,[Wasted Air],2006,us,album_bound_track_no_safe_match,2,10,7,1444219951,,false
album_sidecar_track:album|she wants revenge|she wants revenge@@1@@49@@@@wasted air:album_bound_track_no_safe_match:1444219951,apple_music_sidecar_track_album_bound_pass_v1,album|she wants revenge|she wants revenge@@1@@49@@@@wasted air,album_sidecar_track,track,She Wants Revenge,[Wasted Air],2006,us,album_bound_track_no_safe_match,2,10,7,1444219951,,false
album_sidecar_track:album|she wants revenge|she wants revenge@@1@@50@@@@wasted air:album_bound_track_no_safe_match:1444219951,apple_music_sidecar_track_album_bound_pass_v1,album|she wants revenge|she wants revenge@@1@@50@@@@wasted air,album_sidecar_track,track,She Wants Revenge,[Wasted Air],2006,us,album_bound_track_no_safe_match,2,10,7,1444219951,,false
album_sidecar_track:album|she wants revenge|she wants revenge@@1@@51@@@@wasted air:album_bound_track_no_safe_match:1444219951,apple_music_sidecar_track_album_bound_pass_v1,album|she wants revenge|she wants revenge@@1@@51@@@@wasted air,album_sidecar_track,track,She Wants Revenge,[Wasted Air],2006,us,album_bound_track_no_safe_match,2,10,7,1444219951,,false
album_sidecar_track:album|she wants revenge|she wants revenge@@1@@52@@@@wasted air:album_bound_track_no_safe_match:1444219951,apple_music_sidecar_track_album_bound_pass_v1,album|she wants revenge|she wants revenge@@1@@52@@@@wasted air,album_sidecar_track,track,She Wants Revenge,[Wasted Air],2006,us,album_bound_track_no_safe_match,2,10,7,1444219951,,false
album_sidecar_track:album|she wants revenge|she wants revenge@@1@@53@@@@wasted air:album_bound_track_no_safe_match:1444219951,apple_music_sidecar_track_album_bound_pass_v1,album|she wants revenge|she wants revenge@@1@@53@@@@wasted air,album_sidecar_track,track,She Wants Revenge,[Wasted Air],2006,us,album_bound_track_no_safe_match,2,10,7,1444219951,,false
album_sidecar_track:album|she wants revenge|she wants revenge@@1@@54@@@@wasted air:album_bound_track_no_safe_match:1444219951,apple_music_sidecar_track_album_bound_pass_v1,album|she wants revenge|she wants revenge@@1@@54@@@@wasted air,album_sidecar_track,track,She Wants Revenge,[Wasted Air],2006,us,album_bound_track_no_safe_match,2,10,7,1444219951,,false
album_sidecar_track:album|she wants revenge|she wants revenge@@1@@55@@@@wasted air:album_bound_track_no_safe_match:1444219951,apple_music_sidecar_track_album_bound_pass_v1,album|she wants revenge|she wants revenge@@1@@55@@@@wasted air,album_sidecar_track,track,She Wants Revenge,[Wasted Air],2006,us,album_bound_track_no_safe_match,2,10,7,1444219951,,false
album_sidecar_track:album|she wants revenge|she wants revenge@@1@@56@@@@wasted air:album_bound_track_no_safe_match:1444219951,apple_music_sidecar_track_album_bound_pass_v1,album|she wants revenge|she wants revenge@@1@@56@@@@wasted air,album_sidecar_track,track,She Wants Revenge,[Wasted Air],2006,us,album_bound_track_no_safe_match,2,10,7,1444219951,,false
album_sidecar_track:album|she wants revenge|she wants revenge@@1@@57@@@@wasted air:album_bound_track_no_safe_match:1444219951,apple_music_sidecar_track_album_bound_pass_v1,album|she wants revenge|she wants revenge@@1@@57@@@@wasted air,album_sidecar_track,track,She Wants Revenge,[Wasted Air],2006,us,album_bound_track_no_safe_match,2,10,7,1444219951,,false
album_sidecar_track:album|she wants revenge|she wants revenge@@1@@58@@@@wasted air:album_bound_track_no_safe_match:1444219951,apple_music_sidecar_track_album_bound_pass_v1,album|she wants revenge|she wants revenge@@1@@58@@@@wasted air,album_sidecar_track,track,She Wants Revenge,[Wasted Air],2006,us,album_bound_track_no_safe_match,2,10,7,1444219951,,false
album_sidecar_track:album|she wants revenge|she wants revenge@@1@@59@@@@wasted air:album_bound_track_no_safe_match:1444219951,apple_music_sidecar_track_album_bound_pass_v1,album|she wants revenge|she wants revenge@@1@@59@@@@wasted air,album_sidecar_track,track,She Wants Revenge,[Wasted Air],2006,us,album_bound_track_no_safe_match,2,10,7,1444219951,,false
album_sidecar_track:album|she wants revenge|she wants revenge@@1@@60@@@@wasted air:album_bound_track_no_safe_match:1444219951,apple_music_sidecar_track_album_bound_pass_v1,album|she wants revenge|she wants revenge@@1@@60@@@@wasted air,album_sidecar_track,track,She Wants Revenge,[Wasted Air],2006,us,album_bound_track_no_safe_match,2,10,7,1444219951,,false
album_sidecar_track:album|she wants revenge|she wants revenge@@1@@61@@@@wasted air:album_bound_track_no_safe_match:1444219951,apple_music_sidecar_track_album_bound_pass_v1,album|she wants revenge|she wants revenge@@1@@61@@@@wasted air,album_sidecar_track,track,She Wants Revenge,[Wasted Air],2006,us,album_bound_track_no_safe_match,2,10,7,1444219951,,false
album_sidecar_track:album|she wants revenge|she wants revenge@@1@@62@@@@wasted air:album_bound_track_no_safe_match:1444219951,apple_music_sidecar_track_album_bound_pass_v1,album|she wants revenge|she wants revenge@@1@@62@@@@wasted air,album_sidecar_track,track,She Wants Revenge,[Wasted Air],2006,us,album_bound_track_no_safe_match,2,10,7,1444219951,,false
album_sidecar_track:album|she wants revenge|she wants revenge@@1@@63@@@@wasted air:album_bound_track_no_safe_match:1444219951,apple_music_sidecar_track_album_bound_pass_v1,album|she wants revenge|she wants revenge@@1@@63@@@@wasted air,album_sidecar_track,track,She Wants Revenge,[Wasted Air],2006,us,album_bound_track_no_safe_match,2,10,7,1444219951,,false
album_sidecar_track:album|she wants revenge|she wants revenge@@1@@64@@@@wasted air:album_bound_track_no_safe_match:1444219951,apple_music_sidecar_track_album_bound_pass_v1,album|she wants revenge|she wants revenge@@1@@64@@@@wasted air,album_sidecar_track,track,She Wants Revenge,[Wasted Air],2006,us,album_bound_track_no_safe_match,2,10,7,1444219951,,false
album_sidecar_track:album|she wants revenge|she wants revenge@@1@@65@@@@wasted air:album_bound_track_no_safe_match:1444219951,apple_music_sidecar_track_album_bound_pass_v1,album|she wants revenge|she wants revenge@@1@@65@@@@wasted air,album_sidecar_track,track,She Wants Revenge,[Wasted Air],2006,us,album_bound_track_no_safe_match,2,10,7,1444219951,,false
album_sidecar_track:album|sheryl crow|sheryl crow@@1@@1@@@@nobody needs you when you re down:album_bound_track_no_safe_match:1440920951,apple_music_sidecar_track_album_bound_pass_v1,album|sheryl crow|sheryl crow@@1@@1@@@@nobody needs you when you re down,album_sidecar_track,track,Sheryl Crow,Nobody Needs You When You’re Down,1996,us,album_bound_track_no_safe_match,13,48,21,1440920951,,false
album_sidecar_track:album|sheryl crow|sheryl crow@@1@@10@@@@all i wanna do:album_bound_track_no_safe_match:1440920951,apple_music_sidecar_track_album_bound_pass_v1,album|sheryl crow|sheryl crow@@1@@10@@@@all i wanna do,album_sidecar_track,track,Sheryl Crow,All I Wanna Do,1996,us,album_bound_track_no_safe_match,13,43,24,1440920951,,false
album_sidecar_track:album|sheryl crow|sheryl crow@@1@@2@@@@can t cry anymore:album_bound_track_no_safe_match:1440920951,apple_music_sidecar_track_album_bound_pass_v1,album|sheryl crow|sheryl crow@@1@@2@@@@can t cry anymore,album_sidecar_track,track,Sheryl Crow,Can’t Cry Anymore,1996,us,album_bound_track_no_safe_match,13,47,26,1440920951,,false
album_sidecar_track:album|sheryl crow|sheryl crow@@1@@3@@@@run baby run:album_bound_track_no_safe_match:1440920951,apple_music_sidecar_track_album_bound_pass_v1,album|sheryl crow|sheryl crow@@1@@3@@@@run baby run,album_sidecar_track,track,Sheryl Crow,Run Baby Run,1996,us,album_bound_track_no_safe_match,13,46,12,1440920951,,false
album_sidecar_track:album|sheryl crow|sheryl crow@@1@@4@@@@na na song:album_bound_track_no_safe_match:1440920951,apple_music_sidecar_track_album_bound_pass_v1,album|sheryl crow|sheryl crow@@1@@4@@@@na na song,album_sidecar_track,track,Sheryl Crow,The Na‐Na Song,1996,us,album_bound_track_no_safe_match,13,45,12,1440920951,,false
album_sidecar_track:album|sheryl crow|sheryl crow@@1@@5@@@@strong enough:album_bound_track_no_safe_match:1440920951,apple_music_sidecar_track_album_bound_pass_v1,album|sheryl crow|sheryl crow@@1@@5@@@@strong enough,album_sidecar_track,track,Sheryl Crow,Strong Enough,1996,us,album_bound_track_no_safe_match,13,44,23,1440920951,,false
album_sidecar_track:album|sheryl crow|sheryl crow@@1@@6@@@@no one said it would be easy:album_bound_track_no_safe_match:1440920951,apple_music_sidecar_track_album_bound_pass_v1,album|sheryl crow|sheryl crow@@1@@6@@@@no one said it would be easy,album_sidecar_track,track,Sheryl Crow,No One Said It Would Be Easy,1996,us,album_bound_track_no_safe_match,13,43,12,1440920951,,false
album_sidecar_track:album|sheryl crow|sheryl crow@@1@@7@@@@leaving las vegas:album_bound_track_no_safe_match:1440920951,apple_music_sidecar_track_album_bound_pass_v1,album|sheryl crow|sheryl crow@@1@@7@@@@leaving las vegas,album_sidecar_track,track,Sheryl Crow,Leaving Las Vegas,1996,us,album_bound_track_no_safe_match,13,43,12,1440920951,,false
album_sidecar_track:album|sheryl crow|sheryl crow@@1@@8@@@@what i can do for you:album_bound_track_no_safe_match:1440920951,apple_music_sidecar_track_album_bound_pass_v1,album|sheryl crow|sheryl crow@@1@@8@@@@what i can do for you,album_sidecar_track,track,Sheryl Crow,What I Can Do for You,1996,us,album_bound_track_no_safe_match,13,43,12,1440920951,,false
album_sidecar_track:album|sheryl crow|sheryl crow@@1@@9@@@@i shall believe:album_bound_track_no_safe_match:1440920951,apple_music_sidecar_track_album_bound_pass_v1,album|sheryl crow|sheryl crow@@1@@9@@@@i shall believe,album_sidecar_track,track,Sheryl Crow,I Shall Believe,1996,us,album_bound_track_no_safe_match,13,43,18,1440920951,,false
album_sidecar_track:album|shinedown|sound of madness@@1@@12@@@@i own you:album_bound_track_no_safe_match:279812098,apple_music_sidecar_track_album_bound_pass_v1,album|shinedown|sound of madness@@1@@12@@@@i own you,album_sidecar_track,track,Shinedown,I Own You,2008,us,album_bound_track_no_safe_match,0,0,,279812098,,false
album_sidecar_track:album|shinedown|sound of madness@@1@@13@@@@energy:album_bound_track_no_safe_match:279812098,apple_music_sidecar_track_album_bound_pass_v1,album|shinedown|sound of madness@@1@@13@@@@energy,album_sidecar_track,track,Shinedown,Energy,2008,us,album_bound_track_no_safe_match,0,0,,279812098,,false
album_sidecar_track:album|shinedown|sound of madness@@1@@14@@@@son of sam:album_bound_track_no_safe_match:279812098,apple_music_sidecar_track_album_bound_pass_v1,album|shinedown|sound of madness@@1@@14@@@@son of sam,album_sidecar_track,track,Shinedown,Son of Sam,2008,us,album_bound_track_no_safe_match,0,0,,279812098,,false
album_sidecar_track:album|shirelles|baby it s you@@1@@11@@@@twisting in u s a:album_bound_track_no_safe_match:288092836,apple_music_sidecar_track_album_bound_pass_v1,album|shirelles|baby it s you@@1@@11@@@@twisting in u s a,album_sidecar_track,track,The Shirelles,Twisting in the U.S.A.,1962,us,album_bound_track_no_safe_match,1,57,,288092836,,false
album_sidecar_track:album|shirelles|tonight s the night@@1@@5@@@@doin rondie:album_bound_track_no_safe_match:453763532,apple_music_sidecar_track_album_bound_pass_v1,album|shirelles|tonight s the night@@1@@5@@@@doin rondie,album_sidecar_track,track,The Shirelles,Doin’ the Rondie,1961,us,album_bound_track_no_safe_match,1,58,,453763532,,false
album_sidecar_track:album|silver apples|contact@@1@@5@@@@you re not foolin me:album_bound_track_no_safe_match:1443519849,apple_music_sidecar_track_album_bound_pass_v1,album|silver apples|contact@@1@@5@@@@you re not foolin me,album_sidecar_track,track,Silver Apples,You're Not Foolin' Me,1969,us,album_bound_track_no_safe_match,1,49,,1443519849,,false
album_sidecar_track:album|simon and garfunkel|sounds of silence@@1@@1@@@@sounds of silence:album_bound_track_no_safe_match:192480256,apple_music_sidecar_track_album_bound_pass_v1,album|simon and garfunkel|sounds of silence@@1@@1@@@@sounds of silence,album_sidecar_track,track,Simon & Garfunkel,The Sounds of Silence,1966,us,album_bound_track_no_safe_match,3,58,7,192480256,,false
album_sidecar_track:album|simon and garfunkel|sounds of silence@@1@@10@@@@we ve got a groovey thing goin:album_bound_track_no_safe_match:192480256,apple_music_sidecar_track_album_bound_pass_v1,album|simon and garfunkel|sounds of silence@@1@@10@@@@we ve got a groovey thing goin,album_sidecar_track,track,Simon & Garfunkel,We’ve Got a Groovey Thing Goin’,1966,us,album_bound_track_no_safe_match,3,53,12,192480256,,false
album_sidecar_track:album|simon and garfunkel|sounds of silence@@1@@6@@@@angie:album_bound_track_no_safe_match:192480256,apple_music_sidecar_track_album_bound_pass_v1,album|simon and garfunkel|sounds of silence@@1@@6@@@@angie,album_sidecar_track,track,Simon & Garfunkel,Angie,1966,us,album_bound_track_no_safe_match,3,57,17,192480256,,false
album_sidecar_track:album|simple plan|still not getting any@@2@@1@@@@shut up 5 1 mix:album_bound_track_no_safe_match:27295864,apple_music_sidecar_track_album_bound_pass_v1,album|simple plan|still not getting any@@2@@1@@@@shut up 5 1 mix,album_sidecar_track,track,Simple Plan,Shut Up! (5.1 mix),2004,us,album_bound_track_no_safe_match,0,0,,27295864,,false
album_sidecar_track:album|simple plan|still not getting any@@2@@10@@@@one 5 1 mix:album_bound_track_no_safe_match:27295864,apple_music_sidecar_track_album_bound_pass_v1,album|simple plan|still not getting any@@2@@10@@@@one 5 1 mix,album_sidecar_track,track,Simple Plan,One (5.1 mix),2004,us,album_bound_track_no_safe_match,0,0,,27295864,,false
album_sidecar_track:album|simple plan|still not getting any@@2@@11@@@@untitled 5 1 mix:album_bound_track_no_safe_match:27295864,apple_music_sidecar_track_album_bound_pass_v1,album|simple plan|still not getting any@@2@@11@@@@untitled 5 1 mix,album_sidecar_track,track,Simple Plan,Untitled (5.1 mix),2004,us,album_bound_track_no_safe_match,0,0,,27295864,,false
album_sidecar_track:album|simple plan|still not getting any@@2@@2@@@@welcome to my life 5 1 mix:album_bound_track_no_safe_match:27295864,apple_music_sidecar_track_album_bound_pass_v1,album|simple plan|still not getting any@@2@@2@@@@welcome to my life 5 1 mix,album_sidecar_track,track,Simple Plan,Welcome to My Life (5.1 mix),2004,us,album_bound_track_no_safe_match,0,0,,27295864,,false
album_sidecar_track:album|simple plan|still not getting any@@2@@3@@@@perfect world 5 1 mix:album_bound_track_no_safe_match:27295864,apple_music_sidecar_track_album_bound_pass_v1,album|simple plan|still not getting any@@2@@3@@@@perfect world 5 1 mix,album_sidecar_track,track,Simple Plan,Perfect World (5.1 mix),2004,us,album_bound_track_no_safe_match,0,0,,27295864,,false
album_sidecar_track:album|simple plan|still not getting any@@2@@4@@@@thank you 5 1 mix:album_bound_track_no_safe_match:27295864,apple_music_sidecar_track_album_bound_pass_v1,album|simple plan|still not getting any@@2@@4@@@@thank you 5 1 mix,album_sidecar_track,track,Simple Plan,Thank You (5.1 mix),2004,us,album_bound_track_no_safe_match,0,0,,27295864,,false
album_sidecar_track:album|simple plan|still not getting any@@2@@5@@@@me against world 5 1 mix:album_bound_track_no_safe_match:27295864,apple_music_sidecar_track_album_bound_pass_v1,album|simple plan|still not getting any@@2@@5@@@@me against world 5 1 mix,album_sidecar_track,track,Simple Plan,Me Against the World (5.1 mix),2004,us,album_bound_track_no_safe_match,0,0,,27295864,,false
album_sidecar_track:album|simple plan|still not getting any@@2@@6@@@@crazy 5 1 mix:album_bound_track_no_safe_match:27295864,apple_music_sidecar_track_album_bound_pass_v1,album|simple plan|still not getting any@@2@@6@@@@crazy 5 1 mix,album_sidecar_track,track,Simple Plan,Crazy (5.1 mix),2004,us,album_bound_track_no_safe_match,0,0,,27295864,,false
album_sidecar_track:album|simple plan|still not getting any@@2@@7@@@@jump 5 1 mix:album_bound_track_no_safe_match:27295864,apple_music_sidecar_track_album_bound_pass_v1,album|simple plan|still not getting any@@2@@7@@@@jump 5 1 mix,album_sidecar_track,track,Simple Plan,Jump (5.1 mix),2004,us,album_bound_track_no_safe_match,0,0,,27295864,,false
album_sidecar_track:album|simple plan|still not getting any@@2@@8@@@@everytime 5 1 mix:album_bound_track_no_safe_match:27295864,apple_music_sidecar_track_album_bound_pass_v1,album|simple plan|still not getting any@@2@@8@@@@everytime 5 1 mix,album_sidecar_track,track,Simple Plan,Everytime (5.1 mix),2004,us,album_bound_track_no_safe_match,0,0,,27295864,,false
album_sidecar_track:album|simple plan|still not getting any@@2@@9@@@@promise 5 1 mix:album_bound_track_no_safe_match:27295864,apple_music_sidecar_track_album_bound_pass_v1,album|simple plan|still not getting any@@2@@9@@@@promise 5 1 mix,album_sidecar_track,track,Simple Plan,Promise (5.1 mix),2004,us,album_bound_track_no_safe_match,0,0,,27295864,,false
album_sidecar_track:album|sister rosetta tharpe|gospel train@@1@@5@@@@can t no grave hold my body down:album_bound_track_no_safe_match:1442449575,apple_music_sidecar_track_album_bound_pass_v1,album|sister rosetta tharpe|gospel train@@1@@5@@@@can t no grave hold my body down,album_sidecar_track,track,Sister Rosetta Tharpe,Can't No Grave Hold My Body Down,1956,us,album_bound_track_no_safe_match,1,58,,1442449575,,false
album_sidecar_track:album|sisters of mercy|floodland@@1@@10@@@@colours:album_bound_track_no_safe_match:1027459890,apple_music_sidecar_track_album_bound_pass_v1,album|sisters of mercy|floodland@@1@@10@@@@colours,album_sidecar_track,track,The Sisters of Mercy,Colours,1987,us,album_bound_track_no_safe_match,0,0,,1027459890,,false
album_sidecar_track:album|sisters of mercy|floodland@@1@@9@@@@torch:album_bound_track_no_safe_match:1027459890,apple_music_sidecar_track_album_bound_pass_v1,album|sisters of mercy|floodland@@1@@9@@@@torch,album_sidecar_track,track,The Sisters of Mercy,Torch,1987,us,album_bound_track_no_safe_match,0,0,,1027459890,,false
album_sidecar_track:album|skid row|slave to the grind@@1@@6@@@@beggar s day:album_bound_track_no_safe_match:1727313193,apple_music_sidecar_track_album_bound_pass_v1,album|skid row|slave to the grind@@1@@6@@@@beggar s day,album_sidecar_track,track,Skid Row,Beggar's Day,1991,us,album_bound_track_no_safe_match,1,43,,1727313193,,false
album_sidecar_track:album|sleep|dopesmoker@@1@@2@@@@sonic titan:album_bound_track_no_safe_match:1854884359,apple_music_sidecar_track_album_bound_pass_v1,album|sleep|dopesmoker@@1@@2@@@@sonic titan,album_sidecar_track,track,Sleep,Sonic Titan,2003,us,album_bound_track_no_safe_match,1,47,,1854884359,,false
album_sidecar_track:album|sloan|one chord to another@@2@@1@@@@let s get party started:album_bound_track_no_safe_match:347711625,apple_music_sidecar_track_album_bound_pass_v1,album|sloan|one chord to another@@2@@1@@@@let s get party started,album_sidecar_track,track,Sloan,Let's Get the Party Started,1996,us,album_bound_track_no_safe_match,0,0,,347711625,,false
album_sidecar_track:album|sloan|one chord to another@@2@@10@@@@i wouldn t want to lose your love:album_bound_track_no_safe_match:347711625,apple_music_sidecar_track_album_bound_pass_v1,album|sloan|one chord to another@@2@@10@@@@i wouldn t want to lose your love,album_sidecar_track,track,Sloan,I Wouldn't Want to Lose Your Love,1996,us,album_bound_track_no_safe_match,0,0,,347711625,,false
album_sidecar_track:album|sloan|one chord to another@@2@@2@@@@i can feel it:album_bound_track_no_safe_match:347711625,apple_music_sidecar_track_album_bound_pass_v1,album|sloan|one chord to another@@2@@2@@@@i can feel it,album_sidecar_track,track,Sloan,I Can Feel It,1996,us,album_bound_track_no_safe_match,0,0,,347711625,,false
album_sidecar_track:album|sloan|one chord to another@@2@@3@@@@dignified and old:album_bound_track_no_safe_match:347711625,apple_music_sidecar_track_album_bound_pass_v1,album|sloan|one chord to another@@2@@3@@@@dignified and old,album_sidecar_track,track,Sloan,Dignified and Old,1996,us,album_bound_track_no_safe_match,0,0,,347711625,,false
album_sidecar_track:album|sloan|one chord to another@@2@@4@@@@glitter and gold:album_bound_track_no_safe_match:347711625,apple_music_sidecar_track_album_bound_pass_v1,album|sloan|one chord to another@@2@@4@@@@glitter and gold,album_sidecar_track,track,Sloan,Glitter and Gold,1996,us,album_bound_track_no_safe_match,0,0,,347711625,,false
album_sidecar_track:album|sloan|one chord to another@@2@@5@@@@over you:album_bound_track_no_safe_match:347711625,apple_music_sidecar_track_album_bound_pass_v1,album|sloan|one chord to another@@2@@5@@@@over you,album_sidecar_track,track,Sloan,Over You,1996,us,album_bound_track_no_safe_match,0,0,,347711625,,false
album_sidecar_track:album|sloan|one chord to another@@2@@6@@@@i am cancer:album_bound_track_no_safe_match:347711625,apple_music_sidecar_track_album_bound_pass_v1,album|sloan|one chord to another@@2@@6@@@@i am cancer,album_sidecar_track,track,Sloan,I Am the Cancer,1996,us,album_bound_track_no_safe_match,0,0,,347711625,,false
album_sidecar_track:album|sloan|one chord to another@@2@@7@@@@i can t let go:album_bound_track_no_safe_match:347711625,apple_music_sidecar_track_album_bound_pass_v1,album|sloan|one chord to another@@2@@7@@@@i can t let go,album_sidecar_track,track,Sloan,I Can't Let Go,1996,us,album_bound_track_no_safe_match,0,0,,347711625,,false
album_sidecar_track:album|sloan|one chord to another@@2@@8@@@@stood up:album_bound_track_no_safe_match:347711625,apple_music_sidecar_track_album_bound_pass_v1,album|sloan|one chord to another@@2@@8@@@@stood up,album_sidecar_track,track,Sloan,Stood Up,1996,us,album_bound_track_no_safe_match,0,0,,347711625,,false
album_sidecar_track:album|sloan|one chord to another@@2@@9@@@@on road again transona five:album_bound_track_no_safe_match:347711625,apple_music_sidecar_track_album_bound_pass_v1,album|sloan|one chord to another@@2@@9@@@@on road again transona five,album_sidecar_track,track,Sloan,On the Road Again/Transona Five,1996,us,album_bound_track_no_safe_match,0,0,,347711625,,false
album_sidecar_track:album|sly and the family stone|stand@@1@@2@@@@don t call me nigger whitey:album_bound_track_no_safe_match:216551517,apple_music_sidecar_track_album_bound_pass_v1,album|sly and the family stone|stand@@1@@2@@@@don t call me nigger whitey,album_sidecar_track,track,Sly & the Family Stone,"Don’t Call Me Nigger, Whitey",1969,us,album_bound_track_no_safe_match,6,61,7,216551517,,false
album_sidecar_track:album|small faces|ogdens nut gone flake@@1@@1@@@@ogden s nut gone flake:album_bound_track_no_safe_match:323024349,apple_music_sidecar_track_album_bound_pass_v1,album|small faces|ogdens nut gone flake@@1@@1@@@@ogden s nut gone flake,album_sidecar_track,track,Small Faces,Ogden’s Nut Gone Flake,1968,us,album_bound_track_no_safe_match,1,58,,323024349,,false
album_sidecar_track:album|small faces|ogdens nut gone flake@@1@@10@@@@journey:album_bound_track_no_safe_match:323024349,apple_music_sidecar_track_album_bound_pass_v1,album|small faces|ogdens nut gone flake@@1@@10@@@@journey,album_sidecar_track,track,Small Faces,The Journey,1968,us,album_bound_track_no_safe_match,1,12,,323024349,,false
album_sidecar_track:album|small faces|ogdens nut gone flake@@1@@11@@@@mad john:album_bound_track_no_safe_match:323024349,apple_music_sidecar_track_album_bound_pass_v1,album|small faces|ogdens nut gone flake@@1@@11@@@@mad john,album_sidecar_track,track,Small Faces,Mad John,1968,us,album_bound_track_no_safe_match,1,12,,323024349,,false
album_sidecar_track:album|small faces|ogdens nut gone flake@@1@@12@@@@happydaystoytown:album_bound_track_no_safe_match:323024349,apple_music_sidecar_track_album_bound_pass_v1,album|small faces|ogdens nut gone flake@@1@@12@@@@happydaystoytown,album_sidecar_track,track,Small Faces,Happydaystoytown,1968,us,album_bound_track_no_safe_match,1,12,,323024349,,false
album_sidecar_track:album|small faces|ogdens nut gone flake@@1@@8@@@@rollin over:album_bound_track_no_safe_match:323024349,apple_music_sidecar_track_album_bound_pass_v1,album|small faces|ogdens nut gone flake@@1@@8@@@@rollin over,album_sidecar_track,track,Small Faces,Rollin’ Over,1968,us,album_bound_track_no_safe_match,1,22,,323024349,,false
album_sidecar_track:album|small faces|ogdens nut gone flake@@1@@9@@@@hungry intruder:album_bound_track_no_safe_match:323024349,apple_music_sidecar_track_album_bound_pass_v1,album|small faces|ogdens nut gone flake@@1@@9@@@@hungry intruder,album_sidecar_track,track,Small Faces,The Hungry Intruder,1968,us,album_bound_track_no_safe_match,1,22,,323024349,,false
album_sidecar_track:album|smokey robinson and the miracles|hi we re the miracles@@1@@12@@@@that s way i feel:album_bound_track_no_safe_match:1444086503,apple_music_sidecar_track_album_bound_pass_v1,album|smokey robinson and the miracles|hi we re the miracles@@1@@12@@@@that s way i feel,album_sidecar_track,track,Smokey Robinson and the Miracles,That's the Way I Feel,1961,us,album_bound_track_no_safe_match,0,0,,1444086503,,false
album_sidecar_track:album|smokey robinson and the miracles|hi we re the miracles@@1@@13@@@@everybody s gotta pay some dues:album_bound_track_no_safe_match:1444086503,apple_music_sidecar_track_album_bound_pass_v1,album|smokey robinson and the miracles|hi we re the miracles@@1@@13@@@@everybody s gotta pay some dues,album_sidecar_track,track,Smokey Robinson and the Miracles,Everybody's Gotta Pay Some Dues,1961,us,album_bound_track_no_safe_match,0,0,,1444086503,,false
album_sidecar_track:album|smokey robinson and the miracles|hi we re the miracles@@1@@14@@@@mama:album_bound_track_no_safe_match:1444086503,apple_music_sidecar_track_album_bound_pass_v1,album|smokey robinson and the miracles|hi we re the miracles@@1@@14@@@@mama,album_sidecar_track,track,Smokey Robinson and the Miracles,Mama,1961,us,album_bound_track_no_safe_match,0,0,,1444086503,,false
album_sidecar_track:album|smokey robinson and the miracles|hi we re the miracles@@1@@15@@@@ain t it baby:album_bound_track_no_safe_match:1444086503,apple_music_sidecar_track_album_bound_pass_v1,album|smokey robinson and the miracles|hi we re the miracles@@1@@15@@@@ain t it baby,album_sidecar_track,track,Smokey Robinson and the Miracles,Ain't It Baby,1961,us,album_bound_track_no_safe_match,0,0,,1444086503,,false
album_sidecar_track:album|smokey robinson and the miracles|hi we re the miracles@@1@@16@@@@determination:album_bound_track_no_safe_match:1444086503,apple_music_sidecar_track_album_bound_pass_v1,album|smokey robinson and the miracles|hi we re the miracles@@1@@16@@@@determination,album_sidecar_track,track,Smokey Robinson and the Miracles,Determination,1961,us,album_bound_track_no_safe_match,0,0,,1444086503,,false
album_sidecar_track:album|smokey robinson and the miracles|hi we re the miracles@@1@@17@@@@you never miss a good thing:album_bound_track_no_safe_match:1444086503,apple_music_sidecar_track_album_bound_pass_v1,album|smokey robinson and the miracles|hi we re the miracles@@1@@17@@@@you never miss a good thing,album_sidecar_track,track,Smokey Robinson and the Miracles,You Never Miss a Good Thing,1961,us,album_bound_track_no_safe_match,0,0,,1444086503,,false
album_sidecar_track:album|smokey robinson and the miracles|hi we re the miracles@@1@@18@@@@embraceable you:album_bound_track_no_safe_match:1444086503,apple_music_sidecar_track_album_bound_pass_v1,album|smokey robinson and the miracles|hi we re the miracles@@1@@18@@@@embraceable you,album_sidecar_track,track,Smokey Robinson and the Miracles,Embraceable You,1961,us,album_bound_track_no_safe_match,0,0,,1444086503,,false
album_sidecar_track:album|smokey robinson and the miracles|hi we re the miracles@@1@@19@@@@only one i love:album_bound_track_no_safe_match:1444086503,apple_music_sidecar_track_album_bound_pass_v1,album|smokey robinson and the miracles|hi we re the miracles@@1@@19@@@@only one i love,album_sidecar_track,track,Smokey Robinson and the Miracles,The Only One I Love,1961,us,album_bound_track_no_safe_match,0,0,,1444086503,,false
album_sidecar_track:album|smokey robinson and the miracles|hi we re the miracles@@1@@20@@@@broken hearted:album_bound_track_no_safe_match:1444086503,apple_music_sidecar_track_album_bound_pass_v1,album|smokey robinson and the miracles|hi we re the miracles@@1@@20@@@@broken hearted,album_sidecar_track,track,Smokey Robinson and the Miracles,Broken Hearted,1961,us,album_bound_track_no_safe_match,0,0,,1444086503,,false
album_sidecar_track:album|smokey robinson and the miracles|hi we re the miracles@@1@@21@@@@i can t believe:album_bound_track_no_safe_match:1444086503,apple_music_sidecar_track_album_bound_pass_v1,album|smokey robinson and the miracles|hi we re the miracles@@1@@21@@@@i can t believe,album_sidecar_track,track,Smokey Robinson and the Miracles,I Can't Believe,1961,us,album_bound_track_no_safe_match,0,0,,1444086503,,false
album_sidecar_track:album|smokey robinson and the miracles|hi we re the miracles@@1@@22@@@@mighty good lovin:album_bound_track_no_safe_match:1444086503,apple_music_sidecar_track_album_bound_pass_v1,album|smokey robinson and the miracles|hi we re the miracles@@1@@22@@@@mighty good lovin,album_sidecar_track,track,Smokey Robinson and the Miracles,Mighty Good Lovin',1961,us,album_bound_track_no_safe_match,0,0,,1444086503,,false
album_sidecar_track:album|smokey robinson and the miracles|hi we re the miracles@@1@@23@@@@i ve been good to you:album_bound_track_no_safe_match:1444086503,apple_music_sidecar_track_album_bound_pass_v1,album|smokey robinson and the miracles|hi we re the miracles@@1@@23@@@@i ve been good to you,album_sidecar_track,track,Smokey Robinson and the Miracles,I've Been Good to You,1961,us,album_bound_track_no_safe_match,0,0,,1444086503,,false
album_sidecar_track:album|smokey robinson and the miracles|hi we re the miracles@@1@@24@@@@what s so good about goodbye:album_bound_track_no_safe_match:1444086503,apple_music_sidecar_track_album_bound_pass_v1,album|smokey robinson and the miracles|hi we re the miracles@@1@@24@@@@what s so good about goodbye,album_sidecar_track,track,Smokey Robinson and the Miracles,What's So Good About Goodbye,1961,us,album_bound_track_no_safe_match,0,0,,1444086503,,false
album_sidecar_track:album|smokey robinson and the miracles|hi we re the miracles@@1@@25@@@@got a job:album_bound_track_no_safe_match:1444086503,apple_music_sidecar_track_album_bound_pass_v1,album|smokey robinson and the miracles|hi we re the miracles@@1@@25@@@@got a job,album_sidecar_track,track,Smokey Robinson and the Miracles,Got a Job,1961,us,album_bound_track_no_safe_match,0,0,,1444086503,,false
album_sidecar_track:album|smokey robinson and the miracles|hi we re the miracles@@1@@26@@@@bad girl:album_bound_track_no_safe_match:1444086503,apple_music_sidecar_track_album_bound_pass_v1,album|smokey robinson and the miracles|hi we re the miracles@@1@@26@@@@bad girl,album_sidecar_track,track,Smokey Robinson and the Miracles,Bad Girl,1961,us,album_bound_track_no_safe_match,0,0,,1444086503,,false
album_sidecar_track:album|smokey robinson and the miracles|hi we re the miracles@@1@@27@@@@it:album_bound_track_no_safe_match:1444086503,apple_music_sidecar_track_album_bound_pass_v1,album|smokey robinson and the miracles|hi we re the miracles@@1@@27@@@@it,album_sidecar_track,track,Smokey Robinson and the Miracles,It,1961,us,album_bound_track_no_safe_match,0,0,,1444086503,,false
album_sidecar_track:album|smokey robinson and the miracles|hi we re the miracles@@1@@28@@@@don t say bye bye:album_bound_track_no_safe_match:1444086503,apple_music_sidecar_track_album_bound_pass_v1,album|smokey robinson and the miracles|hi we re the miracles@@1@@28@@@@don t say bye bye,album_sidecar_track,track,Smokey Robinson and the Miracles,Don't Say Bye-Bye,1961,us,album_bound_track_no_safe_match,0,0,,1444086503,,false
album_sidecar_track:album|snoop dogg|doggystyle@@1@@1@@@@true to game unofficially released:album_bound_track_no_safe_match:1676306182,apple_music_sidecar_track_album_bound_pass_v1,album|snoop dogg|doggystyle@@1@@1@@@@true to game unofficially released,album_sidecar_track,track,Snoop Dogg,True to the Game (Unofficially Released),1993,us,album_bound_track_no_safe_match,12,48,22,1676306182,,false
album_sidecar_track:album|snoop dogg|doggystyle@@1@@11@@@@gz up hoes down:album_bound_track_no_safe_match:1676306182,apple_music_sidecar_track_album_bound_pass_v1,album|snoop dogg|doggystyle@@1@@11@@@@gz up hoes down,album_sidecar_track,track,Snoop Dogg,"Gz Up, Hoes Down",1993,us,album_bound_track_no_safe_match,9,25,12,1676306182,,false
album_sidecar_track:album|snoop dogg|doggystyle@@1@@2@@@@nuthin but a g thang freestyle remix:album_bound_track_no_safe_match:1676306182,apple_music_sidecar_track_album_bound_pass_v1,album|snoop dogg|doggystyle@@1@@2@@@@nuthin but a g thang freestyle remix,album_sidecar_track,track,Snoop Dogg,Nuthin' but a 'G' Thang (Freestyle remix),1993,us,album_bound_track_no_safe_match,12,47,15,1676306182,,false
album_sidecar_track:album|snoop dogg|doggystyle@@1@@3@@@@county blues:album_bound_track_no_safe_match:1676306182,apple_music_sidecar_track_album_bound_pass_v1,album|snoop dogg|doggystyle@@1@@3@@@@county blues,album_sidecar_track,track,Snoop Dogg,County Blues,1993,us,album_bound_track_no_safe_match,12,51,17,1676306182,,false
album_sidecar_track:album|snoop dogg|doggystyle@@1@@4@@@@187 deep cover remix:album_bound_track_no_safe_match:1676306182,apple_music_sidecar_track_album_bound_pass_v1,album|snoop dogg|doggystyle@@1@@4@@@@187 deep cover remix,album_sidecar_track,track,Snoop Dogg,187 (Deep Cover remix),1993,us,album_bound_track_no_safe_match,12,45,17,1676306182,,false
album_sidecar_track:album|snoop dogg|doggystyle@@1@@5@@@@whats my name g funk remix:album_bound_track_no_safe_match:1676306182,apple_music_sidecar_track_album_bound_pass_v1,album|snoop dogg|doggystyle@@1@@5@@@@whats my name g funk remix,album_sidecar_track,track,Snoop Dogg,Whats My Name (G-Funk remix),1993,us,album_bound_track_no_safe_match,12,44,21,1676306182,,false
album_sidecar_track:album|snoop dogg|doggystyle@@1@@8@@@@lodi dodi remix:album_bound_track_no_safe_match:1676306182,apple_music_sidecar_track_album_bound_pass_v1,album|snoop dogg|doggystyle@@1@@8@@@@lodi dodi remix,album_sidecar_track,track,Snoop Dogg,Lodi Dodi (remix),1993,us,album_bound_track_no_safe_match,10,48,44,1676306182,,false
album_sidecar_track:album|soft machine|volume two@@1@@2@@@@a concise british alphabet pt i:album_bound_track_no_safe_match:1442442602,apple_music_sidecar_track_album_bound_pass_v1,album|soft machine|volume two@@1@@2@@@@a concise british alphabet pt i,album_sidecar_track,track,Soft Machine,A Concise British Alphabet - Pt. I,1969,us,album_bound_track_no_safe_match,4,61,23,1442442602,,false
album_sidecar_track:album|soft machine|volume two@@1@@4@@@@a concise british alphabet pt ii:album_bound_track_no_safe_match:1442442602,apple_music_sidecar_track_album_bound_pass_v1,album|soft machine|volume two@@1@@4@@@@a concise british alphabet pt ii,album_sidecar_track,track,Soft Machine,A Concise British Alphabet - Pt. II,1969,us,album_bound_track_no_safe_match,4,59,25,1442442602,,false
album_sidecar_track:album|soft machine|volume two@@1@@8@@@@have you ever bean green:album_bound_track_no_safe_match:1442442602,apple_music_sidecar_track_album_bound_pass_v1,album|soft machine|volume two@@1@@8@@@@have you ever bean green,album_sidecar_track,track,Soft Machine,Have You Ever Bean Green?,1969,us,album_bound_track_no_safe_match,4,57,11,1442442602,,false
album_sidecar_track:album|soft machine|volume two@@1@@9@@@@pataphysical introduction pt ii:album_bound_track_no_safe_match:1442442602,apple_music_sidecar_track_album_bound_pass_v1,album|soft machine|volume two@@1@@9@@@@pataphysical introduction pt ii,album_sidecar_track,track,Soft Machine,Pataphysical Introduction - Pt. II,1969,us,album_bound_track_no_safe_match,4,57,12,1442442602,,false
album_sidecar_track:album|solomon burke|rock n soul@@1@@5@@@@hard ain t it:album_bound_track_no_safe_match:530966861,apple_music_sidecar_track_album_bound_pass_v1,album|solomon burke|rock n soul@@1@@5@@@@hard ain t it,album_sidecar_track,track,Solomon Burke,Hard Ain’t It,1964,us,album_bound_track_no_safe_match,3,45,25,530966861,,false
album_sidecar_track:album|solomon burke|rock n soul@@1@@9@@@@you can t love them all:album_bound_track_no_safe_match:530966861,apple_music_sidecar_track_album_bound_pass_v1,album|solomon burke|rock n soul@@1@@9@@@@you can t love them all,album_sidecar_track,track,Solomon Burke,You Can’t Love Them All,1964,us,album_bound_track_no_safe_match,2,57,21,530966861,,false
album_sidecar_track:album|sonic youth|daydream nation@@1@@12@@@@trilogy wonder hyperstation eliminator jr:album_bound_track_no_safe_match:520504308,apple_music_sidecar_track_album_bound_pass_v1,album|sonic youth|daydream nation@@1@@12@@@@trilogy wonder hyperstation eliminator jr,album_sidecar_track,track,Sonic Youth,Trilogy: The Wonder / Hyperstation / Eliminator Jr.,1988,us,album_bound_track_no_safe_match,3,43,7,520504308,,false
album_sidecar_track:album|sonic youth|sister@@1@@10@@@@white kross:album_bound_track_no_safe_match:520274588,apple_music_sidecar_track_album_bound_pass_v1,album|sonic youth|sister@@1@@10@@@@white kross,album_sidecar_track,track,Sonic Youth,White Kross,1987,us,album_bound_track_no_safe_match,2,57,7,520274588,,false
album_sidecar_track:album|sonic youth|sister@@1@@9@@@@kotton krown:album_bound_track_no_safe_match:520274588,apple_music_sidecar_track_album_bound_pass_v1,album|sonic youth|sister@@1@@9@@@@kotton krown,album_sidecar_track,track,Sonic Youth,Kotton Krown,1987,us,album_bound_track_no_safe_match,2,57,7,520274588,,false
album_sidecar_track:album|soulwax|nite versions@@1@@4@@@@accidents and compliments:album_bound_track_no_safe_match:80291470,apple_music_sidecar_track_album_bound_pass_v1,album|soulwax|nite versions@@1@@4@@@@accidents and compliments,album_sidecar_track,track,Soulwax,Accidents and Compliments,2005,us,album_bound_track_no_safe_match,6,59,56,80291470,,false
album_sidecar_track:album|soulwax|nite versions@@1@@5@@@@compute:album_bound_track_no_safe_match:80291470,apple_music_sidecar_track_album_bound_pass_v1,album|soulwax|nite versions@@1@@5@@@@compute,album_sidecar_track,track,Soulwax,Compute,2005,us,album_bound_track_no_safe_match,6,53,49,80291470,,false
album_sidecar_track:album|soulwax|nite versions@@1@@6@@@@slowdance:album_bound_track_no_safe_match:80291470,apple_music_sidecar_track_album_bound_pass_v1,album|soulwax|nite versions@@1@@6@@@@slowdance,album_sidecar_track,track,Soulwax,Slowdance,2005,us,album_bound_track_no_safe_match,6,57,57,80291470,,false
album_sidecar_track:album|soulwax|nite versions@@1@@7@@@@i love techno:album_bound_track_no_safe_match:80291470,apple_music_sidecar_track_album_bound_pass_v1,album|soulwax|nite versions@@1@@7@@@@i love techno,album_sidecar_track,track,Soulwax,I Love Techno,2005,us,album_bound_track_no_safe_match,6,51,9,80291470,,false
album_sidecar_track:album|soulwax|nite versions@@1@@9@@@@ny lipps:album_bound_track_no_safe_match:80291470,apple_music_sidecar_track_album_bound_pass_v1,album|soulwax|nite versions@@1@@9@@@@ny lipps,album_sidecar_track,track,Soulwax,NY Lipps,2005,us,album_bound_track_no_safe_match,6,43,9,80291470,,false
album_sidecar_track:album|spirit|spirit@@1@@8@@@@gramaphone man:album_bound_track_no_safe_match:157537585,apple_music_sidecar_track_album_bound_pass_v1,album|spirit|spirit@@1@@8@@@@gramaphone man,album_sidecar_track,track,Spirit,Gramaphone Man,1968,us,album_bound_track_no_safe_match,5,57,7,157537585,,false
album_sidecar_track:album|spoon|kill the moonlight@@1@@5@@@@jonathon fisk:album_bound_track_no_safe_match:1589224458,apple_music_sidecar_track_album_bound_pass_v1,album|spoon|kill the moonlight@@1@@5@@@@jonathon fisk,album_sidecar_track,track,Spoon,Jonathon Fisk,2002,us,album_bound_track_no_safe_match,1,58,,1589224458,,false
album_sidecar_track:album|stan getz and joao gilberto|getz gilberto@@1@@1@@@@grandfather s waltz:album_bound_track_no_safe_match:1422655717,apple_music_sidecar_track_album_bound_pass_v1,album|stan getz and joao gilberto|getz gilberto@@1@@1@@@@grandfather s waltz,album_sidecar_track,track,Stan Getz and Joao Gilberto,Grandfather's Waltz,1964,us,album_bound_track_no_safe_match,8,53,11,1422655717,,false
album_sidecar_track:album|stan getz and joao gilberto|getz gilberto@@1@@10@@@@o pato duck:album_bound_track_no_safe_match:1422655717,apple_music_sidecar_track_album_bound_pass_v1,album|stan getz and joao gilberto|getz gilberto@@1@@10@@@@o pato duck,album_sidecar_track,track,Stan Getz and Joao Gilberto,O Pato (The Duck),1964,us,album_bound_track_no_safe_match,8,12,11,1422655717,,false
album_sidecar_track:album|stan getz and joao gilberto|getz gilberto@@1@@2@@@@tonight i shall sleep with a smile on my face:album_bound_track_no_safe_match:1422655717,apple_music_sidecar_track_album_bound_pass_v1,album|stan getz and joao gilberto|getz gilberto@@1@@2@@@@tonight i shall sleep with a smile on my face,album_sidecar_track,track,Stan Getz and Joao Gilberto,Tonight I Shall Sleep With a Smile on My Face,1964,us,album_bound_track_no_safe_match,8,61,12,1422655717,,false
album_sidecar_track:album|stan getz and joao gilberto|getz gilberto@@1@@3@@@@stan s blues:album_bound_track_no_safe_match:1422655717,apple_music_sidecar_track_album_bound_pass_v1,album|stan getz and joao gilberto|getz gilberto@@1@@3@@@@stan s blues,album_sidecar_track,track,Stan Getz and Joao Gilberto,Stan's Blues,1964,us,album_bound_track_no_safe_match,8,39,12,1422655717,,false
album_sidecar_track:album|stan getz and joao gilberto|getz gilberto@@1@@4@@@@here s that rainy day:album_bound_track_no_safe_match:1422655717,apple_music_sidecar_track_album_bound_pass_v1,album|stan getz and joao gilberto|getz gilberto@@1@@4@@@@here s that rainy day,album_sidecar_track,track,Stan Getz and Joao Gilberto,Here's That Rainy Day,1964,us,album_bound_track_no_safe_match,8,55,12,1422655717,,false
album_sidecar_track:album|stan getz and joao gilberto|getz gilberto@@1@@5@@@@samba da minha terra:album_bound_track_no_safe_match:1422655717,apple_music_sidecar_track_album_bound_pass_v1,album|stan getz and joao gilberto|getz gilberto@@1@@5@@@@samba da minha terra,album_sidecar_track,track,Stan Getz and Joao Gilberto,Samba Da Minha Terra,1964,us,album_bound_track_no_safe_match,8,32,16,1422655717,,false
album_sidecar_track:album|stan getz and joao gilberto|getz gilberto@@1@@6@@@@rosa morena:album_bound_track_no_safe_match:1422655717,apple_music_sidecar_track_album_bound_pass_v1,album|stan getz and joao gilberto|getz gilberto@@1@@6@@@@rosa morena,album_sidecar_track,track,Stan Getz and Joao Gilberto,Rosa Morena,1964,us,album_bound_track_no_safe_match,8,48,23,1422655717,,false
album_sidecar_track:album|stan getz and joao gilberto|getz gilberto@@1@@7@@@@um abraco no bonfa:album_bound_track_no_safe_match:1422655717,apple_music_sidecar_track_album_bound_pass_v1,album|stan getz and joao gilberto|getz gilberto@@1@@7@@@@um abraco no bonfa,album_sidecar_track,track,Stan Getz and Joao Gilberto,Um Abraço no Bonfa,1964,us,album_bound_track_no_safe_match,8,43,25,1422655717,,false
album_sidecar_track:album|stan getz and joao gilberto|getz gilberto@@1@@8@@@@bim bom:album_bound_track_no_safe_match:1422655717,apple_music_sidecar_track_album_bound_pass_v1,album|stan getz and joao gilberto|getz gilberto@@1@@8@@@@bim bom,album_sidecar_track,track,Stan Getz and Joao Gilberto,Bim Bom,1964,us,album_bound_track_no_safe_match,8,31,12,1422655717,,false
album_sidecar_track:album|stan getz and joao gilberto|getz gilberto@@1@@9@@@@meditation:album_bound_track_no_safe_match:1422655717,apple_music_sidecar_track_album_bound_pass_v1,album|stan getz and joao gilberto|getz gilberto@@1@@9@@@@meditation,album_sidecar_track,track,Stan Getz and Joao Gilberto,Meditation,1964,us,album_bound_track_no_safe_match,8,19,12,1422655717,,false
album_sidecar_track:album|stiff little fingers|inflammable material@@1@@15@@@@78 rpm:album_bound_track_no_safe_match:697417504,apple_music_sidecar_track_album_bound_pass_v1,album|stiff little fingers|inflammable material@@1@@15@@@@78 rpm,album_sidecar_track,track,Stiff Little Fingers,78 RPM,1979,us,album_bound_track_no_safe_match,2,57,7,697417504,,false
album_sidecar_track:album|stiff little fingers|inflammable material@@1@@16@@@@jake burns interview by alan parker 13 6 01 part 1:album_bound_track_no_safe_match:697417504,apple_music_sidecar_track_album_bound_pass_v1,album|stiff little fingers|inflammable material@@1@@16@@@@jake burns interview by alan parker 13 6 01 part 1,album_sidecar_track,track,Stiff Little Fingers,"Jake Burns Interview by Alan Parker (13/6/01), Part 1",1979,us,album_bound_track_no_safe_match,2,57,7,697417504,,false
album_sidecar_track:album|stone temple pilots|purple@@1@@11@@@@kitchenware and candybars second album:album_bound_track_no_safe_match:1483792702,apple_music_sidecar_track_album_bound_pass_v1,album|stone temple pilots|purple@@1@@11@@@@kitchenware and candybars second album,album_sidecar_track,track,Stone Temple Pilots,Kitchenware & Candybars / Second Album,1994,us,album_bound_track_no_safe_match,1,57,,1483792702,,false
album_sidecar_track:album|sufjan stevens|illinois@@1@@11@@@@to workers of rockford river valley region i have an idea concerning your predicament:album_bound_track_no_safe_match:328074546,apple_music_sidecar_track_album_bound_pass_v1,album|sufjan stevens|illinois@@1@@11@@@@to workers of rockford river valley region i have an idea concerning your predicament,album_sidecar_track,track,Sufjan Stevens,"To the Workers of the Rockford River Valley Region, I Have an Idea Concerning Your Predicament",2005,us,album_bound_track_no_safe_match,5,57,7,328074546,,false
album_sidecar_track:album|suicide|suicide@@1@@2@@@@rocket u s a:album_bound_track_no_safe_match:1463179848,apple_music_sidecar_track_album_bound_pass_v1,album|suicide|suicide@@1@@2@@@@rocket u s a,album_sidecar_track,track,Suicide,Rocket U.S.A.,1977,us,album_bound_track_no_safe_match,1,61,,1463179848,,false
album_sidecar_track:album|summer walker|still over it@@1@@9@@@@constant bullshit:album_bound_track_no_safe_match:1590029262,apple_music_sidecar_track_album_bound_pass_v1,album|summer walker|still over it@@1@@9@@@@constant bullshit,album_sidecar_track,track,Summer Walker,Constant Bullshit,2021,us,album_bound_track_no_safe_match,2,57,12,1590029262,,false
album_sidecar_track:album|supremes|where did our love go@@1@@4@@@@when lovelight starts shining through his eyes:album_bound_track_no_safe_match:1443150912,apple_music_sidecar_track_album_bound_pass_v1,album|supremes|where did our love go@@1@@4@@@@when lovelight starts shining through his eyes,album_sidecar_track,track,The Supremes,When the Lovelight Starts Shining Through His Eyes,1964,us,album_bound_track_no_safe_match,1,59,,1443150912,,false
album_sidecar_track:album|sweet|desolation boulevard@@1@@2@@@@6 teens:album_bound_track_no_safe_match:724016552,apple_music_sidecar_track_album_bound_pass_v1,album|sweet|desolation boulevard@@1@@2@@@@6 teens,album_sidecar_track,track,Sweet,The 6-Teens,1974,us,album_bound_track_no_safe_match,2,61,9,724016552,,false
album_sidecar_track:album|sweet|desolation boulevard@@1@@4@@@@a c d c:album_bound_track_no_safe_match:724016552,apple_music_sidecar_track_album_bound_pass_v1,album|sweet|desolation boulevard@@1@@4@@@@a c d c,album_sidecar_track,track,Sweet,A.C.D.C,1974,us,album_bound_track_no_safe_match,2,59,11,724016552,,false
album_sidecar_track:album|sylvester|step ii@@1@@6@@@@was it something that i said:album_bound_track_no_safe_match:1517520858,apple_music_sidecar_track_album_bound_pass_v1,album|sylvester|step ii@@1@@6@@@@was it something that i said,album_sidecar_track,track,Sylvester,Was It Something That I Said,1978,us,album_bound_track_no_safe_match,1,53,,1517520858,,false
album_sidecar_track:album|t i|trap muzik@@1@@17@@@@rubber band man remix:album_bound_track_no_safe_match:1258990795,apple_music_sidecar_track_album_bound_pass_v1,album|t i|trap muzik@@1@@17@@@@rubber band man remix,album_sidecar_track,track,T.I.,Rubber Band Man (remix),2003,us,album_bound_track_no_safe_match,0,0,,1258990795,,false
album_sidecar_track:album|taking back sunday|louder now@@1@@12@@@@brooklyn if you see something say something:album_bound_track_no_safe_match:1585055516,apple_music_sidecar_track_album_bound_pass_v1,album|taking back sunday|louder now@@1@@12@@@@brooklyn if you see something say something,album_sidecar_track,track,Taking Back Sunday,"Brooklyn (If You See Something, Say Something)",2006,us,album_bound_track_no_safe_match,0,0,,1585055516,,false
album_sidecar_track:album|taking back sunday|louder now@@1@@13@@@@sleep:album_bound_track_no_safe_match:1585055516,apple_music_sidecar_track_album_bound_pass_v1,album|taking back sunday|louder now@@1@@13@@@@sleep,album_sidecar_track,track,Taking Back Sunday,Sleep,2006,us,album_bound_track_no_safe_match,0,0,,1585055516,,false
album_sidecar_track:album|taking back sunday|louder now@@1@@14@@@@liar it takes one to know one live in long beach 2006:album_bound_track_no_safe_match:1585055516,apple_music_sidecar_track_album_bound_pass_v1,album|taking back sunday|louder now@@1@@14@@@@liar it takes one to know one live in long beach 2006,album_sidecar_track,track,Taking Back Sunday,Liar (It Takes One to Know One) (Live In Long Beach 2006),2006,us,album_bound_track_no_safe_match,0,0,,1585055516,,false
album_sidecar_track:album|taking back sunday|louder now@@1@@15@@@@makedamnsure live in long beach 2006:album_bound_track_no_safe_match:1585055516,apple_music_sidecar_track_album_bound_pass_v1,album|taking back sunday|louder now@@1@@15@@@@makedamnsure live in long beach 2006,album_sidecar_track,track,Taking Back Sunday,MakeDamnSure (Live In Long Beach 2006),2006,us,album_bound_track_no_safe_match,0,0,,1585055516,,false
album_sidecar_track:album|taking back sunday|louder now@@1@@16@@@@error operator live in long beach 2006:album_bound_track_no_safe_match:1585055516,apple_music_sidecar_track_album_bound_pass_v1,album|taking back sunday|louder now@@1@@16@@@@error operator live in long beach 2006,album_sidecar_track,track,Taking Back Sunday,Error: Operator (Live In Long Beach 2006),2006,us,album_bound_track_no_safe_match,0,0,,1585055516,,false
album_sidecar_track:album|taking back sunday|louder now@@1@@17@@@@divine intervention live:album_bound_track_no_safe_match:1585055516,apple_music_sidecar_track_album_bound_pass_v1,album|taking back sunday|louder now@@1@@17@@@@divine intervention live,album_sidecar_track,track,Taking Back Sunday,Divine Intervention (Live),2006,us,album_bound_track_no_safe_match,0,0,,1585055516,,false
album_sidecar_track:album|taylor swift|lover@@1@@19@@@@i forgot that you existed piano vocal:album_bound_track_no_safe_match:1468058165,apple_music_sidecar_track_album_bound_pass_v1,album|taylor swift|lover@@1@@19@@@@i forgot that you existed piano vocal,album_sidecar_track,track,Taylor Swift,I Forgot That You Existed (piano/vocal),2019,us,album_bound_track_no_safe_match,0,0,,1468058165,,false
album_sidecar_track:album|taylor swift|lover@@1@@20@@@@lover piano vocal:album_bound_track_no_safe_match:1468058165,apple_music_sidecar_track_album_bound_pass_v1,album|taylor swift|lover@@1@@20@@@@lover piano vocal,album_sidecar_track,track,Taylor Swift,Lover (piano/vocal),2019,us,album_bound_track_no_safe_match,0,0,,1468058165,,false
album_sidecar_track:album|taylor swift|taylor swift@@1@@12@@@@taylor swift interview:album_bound_track_no_safe_match:1860454442,apple_music_sidecar_track_album_bound_pass_v1,album|taylor swift|taylor swift@@1@@12@@@@taylor swift interview,album_sidecar_track,track,Taylor Swift,Taylor Swift Interview,2006,us,album_bound_track_no_safe_match,0,0,,1860454442,,false
album_sidecar_track:album|taylor swift|tortured poets department@@1@@17@@@@bolter:album_bound_track_no_safe_match:1736268215,apple_music_sidecar_track_album_bound_pass_v1,album|taylor swift|tortured poets department@@1@@17@@@@bolter,album_sidecar_track,track,Taylor Swift,The Bolter,2024,us,album_bound_track_no_safe_match,0,0,,1736268215,,false
album_sidecar_track:album|ted nugent|cat scratch fever@@1@@5@@@@home bound:album_bound_track_no_safe_match:157436685,apple_music_sidecar_track_album_bound_pass_v1,album|ted nugent|cat scratch fever@@1@@5@@@@home bound,album_sidecar_track,track,Ted Nugent,Home Bound,1977,us,album_bound_track_no_safe_match,3,58,21,157436685,,false
album_sidecar_track:album|temptations|temptations sing smokey@@1@@8@@@@what s so good about goodbye:album_bound_track_no_safe_match:1423301162,apple_music_sidecar_track_album_bound_pass_v1,album|temptations|temptations sing smokey@@1@@8@@@@what s so good about goodbye,album_sidecar_track,track,The Temptations,What’s So Good About Goodbye,1965,us,album_bound_track_no_safe_match,1,57,,1423301162,,false
album_sidecar_track:album|terry allen|lubbock on everything@@1@@2@@@@highplains jamboree:album_bound_track_no_safe_match:1125436797,apple_music_sidecar_track_album_bound_pass_v1,album|terry allen|lubbock on everything@@1@@2@@@@highplains jamboree,album_sidecar_track,track,Terry Allen,Highplains Jamboree,1979,us,album_bound_track_no_safe_match,6,57,17,1125436797,,false
album_sidecar_track:album|tesla|mechanical resonance@@1@@2@@@@cumin atcha live:album_bound_track_no_safe_match:1440913028,apple_music_sidecar_track_album_bound_pass_v1,album|tesla|mechanical resonance@@1@@2@@@@cumin atcha live,album_sidecar_track,track,Tesla,Cumin’ Atcha Live,1986,us,album_bound_track_no_safe_match,1,61,,1440913028,,false
album_sidecar_track:album|tha dogg pound|dogg food@@1@@13@@@@some bomb azz pussy:album_bound_track_no_safe_match:1676264771,apple_music_sidecar_track_album_bound_pass_v1,album|tha dogg pound|dogg food@@1@@13@@@@some bomb azz pussy,album_sidecar_track,track,Tha Dogg Pound,Some Bomb Azz Pussy,1995,us,album_bound_track_no_safe_match,1,57,,1676264771,,false
album_sidecar_track:album|theory of a deadman|scars and souvenirs@@1@@14@@@@great pretender:album_bound_track_no_safe_match:273890964,apple_music_sidecar_track_album_bound_pass_v1,album|theory of a deadman|scars and souvenirs@@1@@14@@@@great pretender,album_sidecar_track,track,Theory of a Deadman,Great Pretender,2008,us,album_bound_track_no_safe_match,0,0,,273890964,,false
album_sidecar_track:album|theory of a deadman|scars and souvenirs@@1@@15@@@@shadow:album_bound_track_no_safe_match:273890964,apple_music_sidecar_track_album_bound_pass_v1,album|theory of a deadman|scars and souvenirs@@1@@15@@@@shadow,album_sidecar_track,track,Theory of a Deadman,Shadow,2008,us,album_bound_track_no_safe_match,0,0,,273890964,,false
album_sidecar_track:album|theory of a deadman|scars and souvenirs@@1@@16@@@@so happy acoustic:album_bound_track_no_safe_match:273890964,apple_music_sidecar_track_album_bound_pass_v1,album|theory of a deadman|scars and souvenirs@@1@@16@@@@so happy acoustic,album_sidecar_track,track,Theory of a Deadman,So Happy (acoustic),2008,us,album_bound_track_no_safe_match,0,0,,273890964,,false
album_sidecar_track:album|theory of a deadman|scars and souvenirs@@1@@17@@@@by way acoustic:album_bound_track_no_safe_match:273890964,apple_music_sidecar_track_album_bound_pass_v1,album|theory of a deadman|scars and souvenirs@@1@@17@@@@by way acoustic,album_sidecar_track,track,Theory of a Deadman,By the Way (acoustic),2008,us,album_bound_track_no_safe_match,0,0,,273890964,,false
album_sidecar_track:album|theory of a deadman|scars and souvenirs@@1@@18@@@@not meant to be acoustic:album_bound_track_no_safe_match:273890964,apple_music_sidecar_track_album_bound_pass_v1,album|theory of a deadman|scars and souvenirs@@1@@18@@@@not meant to be acoustic,album_sidecar_track,track,Theory of a Deadman,Not Meant to Be (acoustic),2008,us,album_bound_track_no_safe_match,0,0,,273890964,,false
album_sidecar_track:album|they might be giants|here come the 123s@@1@@1@@@@here come 123s:album_bound_track_no_safe_match:1443520419,apple_music_sidecar_track_album_bound_pass_v1,album|they might be giants|here come the 123s@@1@@1@@@@here come 123s,album_sidecar_track,track,They Might Be Giants,Here Come the 123s,2008,us,album_bound_track_no_safe_match,1,62,,1443520419,,false
album_sidecar_track:album|they might be giants|here come the 123s@@1@@25@@@@one two three four:album_bound_track_no_safe_match:1443520419,apple_music_sidecar_track_album_bound_pass_v1,album|they might be giants|here come the 123s@@1@@25@@@@one two three four,album_sidecar_track,track,They Might Be Giants,One Two Three Four,2008,us,album_bound_track_no_safe_match,1,12,,1443520419,,false
album_sidecar_track:album|they might be giants|here come the 123s@@1@@26@@@@john lee supertaster live:album_bound_track_no_safe_match:1443520419,apple_music_sidecar_track_album_bound_pass_v1,album|they might be giants|here come the 123s@@1@@26@@@@john lee supertaster live,album_sidecar_track,track,They Might Be Giants,John Lee Supertaster (live),2008,us,album_bound_track_no_safe_match,1,12,,1443520419,,false
album_sidecar_track:album|they might be giants|here come the 123s@@1@@27@@@@bed bed bed live:album_bound_track_no_safe_match:1443520419,apple_music_sidecar_track_album_bound_pass_v1,album|they might be giants|here come the 123s@@1@@27@@@@bed bed bed live,album_sidecar_track,track,They Might Be Giants,"Bed, Bed, Bed (live)",2008,us,album_bound_track_no_safe_match,1,12,,1443520419,,false
album_sidecar_track:album|they might be giants|here come the 123s@@2@@1@@@@here come 123s:album_bound_track_no_safe_match:1443520419,apple_music_sidecar_track_album_bound_pass_v1,album|they might be giants|here come the 123s@@2@@1@@@@here come 123s,album_sidecar_track,track,They Might Be Giants,Here Come the 123s,2008,us,album_bound_track_no_safe_match,1,26,,1443520419,,false
album_sidecar_track:album|they might be giants|here come the 123s@@2@@10@@@@seven days of week i never go to work:album_bound_track_no_safe_match:1443520419,apple_music_sidecar_track_album_bound_pass_v1,album|they might be giants|here come the 123s@@2@@10@@@@seven days of week i never go to work,album_sidecar_track,track,They Might Be Giants,Seven Days of the Week (I Never Go to Work),2008,us,album_bound_track_no_safe_match,1,12,,1443520419,,false
album_sidecar_track:album|they might be giants|here come the 123s@@2@@11@@@@figure eight:album_bound_track_no_safe_match:1443520419,apple_music_sidecar_track_album_bound_pass_v1,album|they might be giants|here come the 123s@@2@@11@@@@figure eight,album_sidecar_track,track,They Might Be Giants,Figure Eight,2008,us,album_bound_track_no_safe_match,1,12,,1443520419,,false
album_sidecar_track:album|they might be giants|here come the 123s@@2@@12@@@@pirate girls nine:album_bound_track_no_safe_match:1443520419,apple_music_sidecar_track_album_bound_pass_v1,album|they might be giants|here come the 123s@@2@@12@@@@pirate girls nine,album_sidecar_track,track,They Might Be Giants,Pirate Girls Nine,2008,us,album_bound_track_no_safe_match,1,12,,1443520419,,false
album_sidecar_track:album|they might be giants|here come the 123s@@2@@13@@@@nine bowls of soup:album_bound_track_no_safe_match:1443520419,apple_music_sidecar_track_album_bound_pass_v1,album|they might be giants|here come the 123s@@2@@13@@@@nine bowls of soup,album_sidecar_track,track,They Might Be Giants,Nine Bowls of Soup,2008,us,album_bound_track_no_safe_match,1,12,,1443520419,,false
album_sidecar_track:album|they might be giants|here come the 123s@@2@@14@@@@ten mississippi:album_bound_track_no_safe_match:1443520419,apple_music_sidecar_track_album_bound_pass_v1,album|they might be giants|here come the 123s@@2@@14@@@@ten mississippi,album_sidecar_track,track,They Might Be Giants,Ten Mississippi,2008,us,album_bound_track_no_safe_match,1,12,,1443520419,,false
album_sidecar_track:album|they might be giants|here come the 123s@@2@@15@@@@one dozen monkeys:album_bound_track_no_safe_match:1443520419,apple_music_sidecar_track_album_bound_pass_v1,album|they might be giants|here come the 123s@@2@@15@@@@one dozen monkeys,album_sidecar_track,track,They Might Be Giants,One Dozen Monkeys,2008,us,album_bound_track_no_safe_match,1,12,,1443520419,,false
album_sidecar_track:album|they might be giants|here come the 123s@@2@@16@@@@eight hundred and thirteen mile car trip:album_bound_track_no_safe_match:1443520419,apple_music_sidecar_track_album_bound_pass_v1,album|they might be giants|here come the 123s@@2@@16@@@@eight hundred and thirteen mile car trip,album_sidecar_track,track,They Might Be Giants,Eight Hundred and Thirteen Mile Car Trip,2008,us,album_bound_track_no_safe_match,1,12,,1443520419,,false
album_sidecar_track:album|they might be giants|here come the 123s@@2@@17@@@@i can add:album_bound_track_no_safe_match:1443520419,apple_music_sidecar_track_album_bound_pass_v1,album|they might be giants|here come the 123s@@2@@17@@@@i can add,album_sidecar_track,track,They Might Be Giants,I Can Add,2008,us,album_bound_track_no_safe_match,1,12,,1443520419,,false
album_sidecar_track:album|they might be giants|here come the 123s@@2@@18@@@@nonagon:album_bound_track_no_safe_match:1443520419,apple_music_sidecar_track_album_bound_pass_v1,album|they might be giants|here come the 123s@@2@@18@@@@nonagon,album_sidecar_track,track,They Might Be Giants,Nonagon,2008,us,album_bound_track_no_safe_match,1,12,,1443520419,,false
album_sidecar_track:album|they might be giants|here come the 123s@@2@@19@@@@even numbers:album_bound_track_no_safe_match:1443520419,apple_music_sidecar_track_album_bound_pass_v1,album|they might be giants|here come the 123s@@2@@19@@@@even numbers,album_sidecar_track,track,They Might Be Giants,Even Numbers,2008,us,album_bound_track_no_safe_match,1,12,,1443520419,,false
album_sidecar_track:album|they might be giants|here come the 123s@@2@@2@@@@zeroes:album_bound_track_no_safe_match:1443520419,apple_music_sidecar_track_album_bound_pass_v1,album|they might be giants|here come the 123s@@2@@2@@@@zeroes,album_sidecar_track,track,They Might Be Giants,Zeroes,2008,us,album_bound_track_no_safe_match,1,12,,1443520419,,false
album_sidecar_track:album|they might be giants|here come the 123s@@2@@20@@@@ooh la ooh la:album_bound_track_no_safe_match:1443520419,apple_music_sidecar_track_album_bound_pass_v1,album|they might be giants|here come the 123s@@2@@20@@@@ooh la ooh la,album_sidecar_track,track,They Might Be Giants,Ooh La! Ooh La!,2008,us,album_bound_track_no_safe_match,1,12,,1443520419,,false
album_sidecar_track:album|they might be giants|here come the 123s@@2@@21@@@@heart of band:album_bound_track_no_safe_match:1443520419,apple_music_sidecar_track_album_bound_pass_v1,album|they might be giants|here come the 123s@@2@@21@@@@heart of band,album_sidecar_track,track,They Might Be Giants,Heart of the Band,2008,us,album_bound_track_no_safe_match,1,12,,1443520419,,false
album_sidecar_track:album|they might be giants|here come the 123s@@2@@22@@@@hot dog:album_bound_track_no_safe_match:1443520419,apple_music_sidecar_track_album_bound_pass_v1,album|they might be giants|here come the 123s@@2@@22@@@@hot dog,album_sidecar_track,track,They Might Be Giants,Hot Dog!,2008,us,album_bound_track_no_safe_match,1,12,,1443520419,,false
album_sidecar_track:album|they might be giants|here come the 123s@@2@@23@@@@mickey mouse clubhouse theme:album_bound_track_no_safe_match:1443520419,apple_music_sidecar_track_album_bound_pass_v1,album|they might be giants|here come the 123s@@2@@23@@@@mickey mouse clubhouse theme,album_sidecar_track,track,They Might Be Giants,Mickey Mouse Clubhouse Theme,2008,us,album_bound_track_no_safe_match,1,12,,1443520419,,false
album_sidecar_track:album|they might be giants|here come the 123s@@2@@24@@@@one two three four:album_bound_track_no_safe_match:1443520419,apple_music_sidecar_track_album_bound_pass_v1,album|they might be giants|here come the 123s@@2@@24@@@@one two three four,album_sidecar_track,track,They Might Be Giants,One Two Three Four,2008,us,album_bound_track_no_safe_match,1,12,,1443520419,,false
album_sidecar_track:album|they might be giants|here come the 123s@@2@@3@@@@one everything:album_bound_track_no_safe_match:1443520419,apple_music_sidecar_track_album_bound_pass_v1,album|they might be giants|here come the 123s@@2@@3@@@@one everything,album_sidecar_track,track,They Might Be Giants,One Everything,2008,us,album_bound_track_no_safe_match,1,12,,1443520419,,false
album_sidecar_track:album|they might be giants|here come the 123s@@2@@4@@@@number two:album_bound_track_no_safe_match:1443520419,apple_music_sidecar_track_album_bound_pass_v1,album|they might be giants|here come the 123s@@2@@4@@@@number two,album_sidecar_track,track,They Might Be Giants,Number Two,2008,us,album_bound_track_no_safe_match,1,12,,1443520419,,false
album_sidecar_track:album|they might be giants|here come the 123s@@2@@5@@@@triops has three eyes:album_bound_track_no_safe_match:1443520419,apple_music_sidecar_track_album_bound_pass_v1,album|they might be giants|here come the 123s@@2@@5@@@@triops has three eyes,album_sidecar_track,track,They Might Be Giants,Triops Has Three Eyes,2008,us,album_bound_track_no_safe_match,1,12,,1443520419,,false
album_sidecar_track:album|they might be giants|here come the 123s@@2@@6@@@@apartment four:album_bound_track_no_safe_match:1443520419,apple_music_sidecar_track_album_bound_pass_v1,album|they might be giants|here come the 123s@@2@@6@@@@apartment four,album_sidecar_track,track,They Might Be Giants,Apartment Four,2008,us,album_bound_track_no_safe_match,1,12,,1443520419,,false
album_sidecar_track:album|they might be giants|here come the 123s@@2@@7@@@@high five:album_bound_track_no_safe_match:1443520419,apple_music_sidecar_track_album_bound_pass_v1,album|they might be giants|here come the 123s@@2@@7@@@@high five,album_sidecar_track,track,They Might Be Giants,High Five!,2008,us,album_bound_track_no_safe_match,1,12,,1443520419,,false
album_sidecar_track:album|they might be giants|here come the 123s@@2@@8@@@@secret life of six:album_bound_track_no_safe_match:1443520419,apple_music_sidecar_track_album_bound_pass_v1,album|they might be giants|here come the 123s@@2@@8@@@@secret life of six,album_sidecar_track,track,They Might Be Giants,The Secret Life of Six,2008,us,album_bound_track_no_safe_match,1,12,,1443520419,,false
album_sidecar_track:album|they might be giants|here come the 123s@@2@@9@@@@seven:album_bound_track_no_safe_match:1443520419,apple_music_sidecar_track_album_bound_pass_v1,album|they might be giants|here come the 123s@@2@@9@@@@seven,album_sidecar_track,track,They Might Be Giants,Seven,2008,us,album_bound_track_no_safe_match,1,12,,1443520419,,false
album_sidecar_track:album|they might be giants|here come the abcs@@1@@26@@@@i never go to work:album_bound_track_no_safe_match:1445745394,apple_music_sidecar_track_album_bound_pass_v1,album|they might be giants|here come the abcs@@1@@26@@@@i never go to work,album_sidecar_track,track,They Might Be Giants,I Never Go to Work,2005,us,album_bound_track_no_safe_match,0,0,,1445745394,,false
album_sidecar_track:album|they might be giants|lincoln@@1@@16@@@@stand on your own head:album_bound_track_no_safe_match:1439224952,apple_music_sidecar_track_album_bound_pass_v1,album|they might be giants|lincoln@@1@@16@@@@stand on your own head,album_sidecar_track,track,They Might Be Giants,Stand on Your Own Head,1988,us,album_bound_track_no_safe_match,1,57,,1439224952,,false
album_sidecar_track:album|third day|offerings a worship album@@1@@11@@@@love song don t let me go:album_bound_track_no_safe_match:1135105038,apple_music_sidecar_track_album_bound_pass_v1,album|third day|offerings a worship album@@1@@11@@@@love song don t let me go,album_sidecar_track,track,Third Day,Love Song / Don't Let Me Go,2000,us,album_bound_track_no_safe_match,1,67,,1135105038,,false
album_sidecar_track:album|three 6 mafia|mystic stylez@@1@@10@@@@fuckin wit dis click:album_bound_track_no_safe_match:332165657,apple_music_sidecar_track_album_bound_pass_v1,album|three 6 mafia|mystic stylez@@1@@10@@@@fuckin wit dis click,album_sidecar_track,track,Three 6 Mafia,Fuckin Wit Dis Click,1995,us,album_bound_track_no_safe_match,5,57,21,332165657,,false
album_sidecar_track:album|three 6 mafia|mystic stylez@@1@@12@@@@gotta touch em part 2:album_bound_track_no_safe_match:332165657,apple_music_sidecar_track_album_bound_pass_v1,album|three 6 mafia|mystic stylez@@1@@12@@@@gotta touch em part 2,album_sidecar_track,track,Three 6 Mafia,"Gotta Touch ’em, Part 2",1995,us,album_bound_track_no_safe_match,5,57,17,332165657,,false
album_sidecar_track:album|three 6 mafia|mystic stylez@@1@@15@@@@mystic styles:album_bound_track_no_safe_match:332165657,apple_music_sidecar_track_album_bound_pass_v1,album|three 6 mafia|mystic stylez@@1@@15@@@@mystic styles,album_sidecar_track,track,Three 6 Mafia,Mystic Styles,1995,us,album_bound_track_no_safe_match,5,57,17,332165657,,false
album_sidecar_track:album|three 6 mafia|mystic stylez@@1@@16@@@@porno movie:album_bound_track_no_safe_match:332165657,apple_music_sidecar_track_album_bound_pass_v1,album|three 6 mafia|mystic stylez@@1@@16@@@@porno movie,album_sidecar_track,track,Three 6 Mafia,Porno Movie,1995,us,album_bound_track_no_safe_match,5,17,12,332165657,,false
album_sidecar_track:album|three 6 mafia|mystic stylez@@1@@6@@@@now i m hi part 3:album_bound_track_no_safe_match:332165657,apple_music_sidecar_track_album_bound_pass_v1,album|three 6 mafia|mystic stylez@@1@@6@@@@now i m hi part 3,album_sidecar_track,track,Three 6 Mafia,"Now I’m Hi, Part 3",1995,us,album_bound_track_no_safe_match,5,57,12,332165657,,false
album_sidecar_track:album|three 6 mafia|mystic stylez@@1@@8@@@@sweet robbery part 2:album_bound_track_no_safe_match:332165657,apple_music_sidecar_track_album_bound_pass_v1,album|three 6 mafia|mystic stylez@@1@@8@@@@sweet robbery part 2,album_sidecar_track,track,Three 6 Mafia,"Sweet Robbery, Part 2",1995,us,album_bound_track_no_safe_match,5,57,17,332165657,,false
album_sidecar_track:album|three 6 mafia|when the smoke clears@@1@@10@@@@fuck y all hoes:album_bound_track_no_safe_match:392987017,apple_music_sidecar_track_album_bound_pass_v1,album|three 6 mafia|when the smoke clears@@1@@10@@@@fuck y all hoes,album_sidecar_track,track,Three 6 Mafia,Fuck Y’all Hoes,2000,us,album_bound_track_no_safe_match,5,57,21,392987017,,false
album_sidecar_track:album|three 6 mafia|when the smoke clears@@1@@19@@@@just anotha crazy click:album_bound_track_no_safe_match:392987017,apple_music_sidecar_track_album_bound_pass_v1,album|three 6 mafia|when the smoke clears@@1@@19@@@@just anotha crazy click,album_sidecar_track,track,Three 6 Mafia,Just Anotha Crazy Click,2000,us,album_bound_track_no_safe_match,5,57,21,392987017,,false
album_sidecar_track:album|three 6 mafia|when the smoke clears@@1@@4@@@@weak azz bitch:album_bound_track_no_safe_match:392987017,apple_music_sidecar_track_album_bound_pass_v1,album|three 6 mafia|when the smoke clears@@1@@4@@@@weak azz bitch,album_sidecar_track,track,Three 6 Mafia,Weak Azz Bitch,2000,us,album_bound_track_no_safe_match,6,59,12,392987017,,false
album_sidecar_track:album|three 6 mafia|when the smoke clears@@1@@5@@@@just like us:album_bound_track_no_safe_match:392987017,apple_music_sidecar_track_album_bound_pass_v1,album|three 6 mafia|when the smoke clears@@1@@5@@@@just like us,album_sidecar_track,track,Three 6 Mafia,Just Like Us,2000,us,album_bound_track_no_safe_match,6,58,17,392987017,,false
album_sidecar_track:album|three 6 mafia|when the smoke clears@@1@@8@@@@hook up w hoes skit:album_bound_track_no_safe_match:392987017,apple_music_sidecar_track_album_bound_pass_v1,album|three 6 mafia|when the smoke clears@@1@@8@@@@hook up w hoes skit,album_sidecar_track,track,Three 6 Mafia,Hook Up W/ Hoes (skit),2000,us,album_bound_track_no_safe_match,5,57,9,392987017,,false
album_sidecar_track:album|tim mcgraw|everywhere@@1@@5@@@@i do but don t:album_bound_track_no_safe_match:68873255,apple_music_sidecar_track_album_bound_pass_v1,album|tim mcgraw|everywhere@@1@@5@@@@i do but don t,album_sidecar_track,track,Tim McGraw,I Do but Don’t,1997,us,album_bound_track_no_safe_match,1,58,,68873255,,false
album_sidecar_track:album|tool|lateralus@@1@@9@@@@lateralis:album_bound_track_no_safe_match:1474185412,apple_music_sidecar_track_album_bound_pass_v1,album|tool|lateralus@@1@@9@@@@lateralis,album_sidecar_track,track,Tool,Lateralis,2001,us,album_bound_track_no_safe_match,1,57,,1474185412,,false
album_sidecar_track:album|tornados|telstar@@1@@2@@@@popeye twist:album_bound_track_no_safe_match:1436253103,apple_music_sidecar_track_album_bound_pass_v1,album|tornados|telstar@@1@@2@@@@popeye twist,album_sidecar_track,track,The Tornados,Popeye Twist,1962,us,album_bound_track_no_safe_match,17,21,21,1436253103,,false
album_sidecar_track:album|toro y moi|causers of this@@1@@12@@@@eden:album_bound_track_no_safe_match:1509106681,apple_music_sidecar_track_album_bound_pass_v1,album|toro y moi|causers of this@@1@@12@@@@eden,album_sidecar_track,track,Toro y Moi,Eden,2010,us,album_bound_track_no_safe_match,0,0,,1509106681,,false
album_sidecar_track:album|toys|a lover s concerto@@1@@1@@@@a lover s concerto:album_bound_track_no_safe_match:40459375,apple_music_sidecar_track_album_bound_pass_v1,album|toys|a lover s concerto@@1@@1@@@@a lover s concerto,album_sidecar_track,track,The Toys,A Lover's Concerto,1965,us,album_bound_track_no_safe_match,11,65,58,40459375,,false
album_sidecar_track:album|trans siberian orchestra|christmas eve and other stories@@1@@18@@@@grinch:album_bound_track_no_safe_match:206345419,apple_music_sidecar_track_album_bound_pass_v1,album|trans siberian orchestra|christmas eve and other stories@@1@@18@@@@grinch,album_sidecar_track,track,Trans-Siberian Orchestra,Grinch,1996,us,album_bound_track_no_safe_match,1,7,,206345419,,false
album_sidecar_track:album|trans siberian orchestra|christmas eve and other stories@@1@@8@@@@christmas eve sarajevo 12 24 instrumental:album_bound_track_no_safe_match:206345419,apple_music_sidecar_track_album_bound_pass_v1,album|trans siberian orchestra|christmas eve and other stories@@1@@8@@@@christmas eve sarajevo 12 24 instrumental,album_sidecar_track,track,Trans-Siberian Orchestra,Christmas Eve / Sarajevo 12/24 (instrumental),1996,us,album_bound_track_no_safe_match,1,57,,206345419,,false
album_sidecar_track:album|tricky|maxinquaye@@1@@4@@@@hell is round corner:album_bound_track_no_safe_match:1440918276,apple_music_sidecar_track_album_bound_pass_v1,album|tricky|maxinquaye@@1@@4@@@@hell is round corner,album_sidecar_track,track,Tricky,Hell Is Round the Corner,1995,us,album_bound_track_no_safe_match,1,59,,1440918276,,false
album_sidecar_track:album|trouble|psalm 9@@1@@10@@@@fear no evil:album_bound_track_no_safe_match:1774336268,apple_music_sidecar_track_album_bound_pass_v1,album|trouble|psalm 9@@1@@10@@@@fear no evil,album_sidecar_track,track,Trouble,Fear No Evil,1984,us,album_bound_track_no_safe_match,1,17,,1774336268,,false
album_sidecar_track:album|trouble|psalm 9@@1@@11@@@@wish:album_bound_track_no_safe_match:1774336268,apple_music_sidecar_track_album_bound_pass_v1,album|trouble|psalm 9@@1@@11@@@@wish,album_sidecar_track,track,Trouble,The Wish,1984,us,album_bound_track_no_safe_match,1,7,,1774336268,,false
album_sidecar_track:album|trouble|psalm 9@@1@@12@@@@wickedness of man:album_bound_track_no_safe_match:1774336268,apple_music_sidecar_track_album_bound_pass_v1,album|trouble|psalm 9@@1@@12@@@@wickedness of man,album_sidecar_track,track,Trouble,Wickedness of Man,1984,us,album_bound_track_no_safe_match,1,7,,1774336268,,false
album_sidecar_track:album|trouble|psalm 9@@1@@13@@@@gideon:album_bound_track_no_safe_match:1774336268,apple_music_sidecar_track_album_bound_pass_v1,album|trouble|psalm 9@@1@@13@@@@gideon,album_sidecar_track,track,Trouble,Gideon,1984,us,album_bound_track_no_safe_match,1,7,,1774336268,,false
album_sidecar_track:album|trouble|psalm 9@@1@@14@@@@skull:album_bound_track_no_safe_match:1774336268,apple_music_sidecar_track_album_bound_pass_v1,album|trouble|psalm 9@@1@@14@@@@skull,album_sidecar_track,track,Trouble,The Skull,1984,us,album_bound_track_no_safe_match,1,7,,1774336268,,false
album_sidecar_track:album|trouble|psalm 9@@1@@9@@@@pray for dead:album_bound_track_no_safe_match:1774336268,apple_music_sidecar_track_album_bound_pass_v1,album|trouble|psalm 9@@1@@9@@@@pray for dead,album_sidecar_track,track,Trouble,Pray for the Dead,1984,us,album_bound_track_no_safe_match,1,43,,1774336268,,false
album_sidecar_track:album|tv on the radio|return to cookie mountain@@1@@12@@@@untitled:album_bound_track_no_safe_match:1437098983,apple_music_sidecar_track_album_bound_pass_v1,album|tv on the radio|return to cookie mountain@@1@@12@@@@untitled,album_sidecar_track,track,TV on the Radio,Untitled,2006,us,album_bound_track_no_safe_match,1,7,,1437098983,,false
album_sidecar_track:album|tv on the radio|return to cookie mountain@@1@@13@@@@snakes and martyrs:album_bound_track_no_safe_match:1437098983,apple_music_sidecar_track_album_bound_pass_v1,album|tv on the radio|return to cookie mountain@@1@@13@@@@snakes and martyrs,album_sidecar_track,track,TV on the Radio,Snakes and Martyrs,2006,us,album_bound_track_no_safe_match,1,17,,1437098983,,false
album_sidecar_track:album|tv on the radio|return to cookie mountain@@1@@14@@@@hours el p remix:album_bound_track_no_safe_match:1437098983,apple_music_sidecar_track_album_bound_pass_v1,album|tv on the radio|return to cookie mountain@@1@@14@@@@hours el p remix,album_sidecar_track,track,TV on the Radio,Hours (El-P Remix),2006,us,album_bound_track_no_safe_match,1,17,,1437098983,,false
album_sidecar_track:album|tv on the radio|return to cookie mountain@@1@@15@@@@things you can do:album_bound_track_no_safe_match:1437098983,apple_music_sidecar_track_album_bound_pass_v1,album|tv on the radio|return to cookie mountain@@1@@15@@@@things you can do,album_sidecar_track,track,TV on the Radio,Things You Can Do,2006,us,album_bound_track_no_safe_match,1,7,,1437098983,,false
album_sidecar_track:album|tv on the radio|return to cookie mountain@@1@@8@@@@dirtywhirl:album_bound_track_no_safe_match:1437098983,apple_music_sidecar_track_album_bound_pass_v1,album|tv on the radio|return to cookie mountain@@1@@8@@@@dirtywhirl,album_sidecar_track,track,TV on the Radio,Dirtywhirl,2006,us,album_bound_track_no_safe_match,1,57,,1437098983,,false
album_sidecar_track:album|tycho|dive@@1@@11@@@@dive memoryhouse remix:album_bound_track_no_safe_match:679251532,apple_music_sidecar_track_album_bound_pass_v1,album|tycho|dive@@1@@11@@@@dive memoryhouse remix,album_sidecar_track,track,Tycho,Dive (Memoryhouse remix),2011,us,album_bound_track_no_safe_match,0,0,,679251532,,false
album_sidecar_track:album|tycho|dive@@1@@12@@@@adrift shigeto s adrift a dream remix:album_bound_track_no_safe_match:679251532,apple_music_sidecar_track_album_bound_pass_v1,album|tycho|dive@@1@@12@@@@adrift shigeto s adrift a dream remix,album_sidecar_track,track,Tycho,Adrift (Shigeto's Adrift a Dream remix),2011,us,album_bound_track_no_safe_match,0,0,,679251532,,false
album_sidecar_track:album|tycho|dive@@1@@13@@@@dive keep shelly in athens remix:album_bound_track_no_safe_match:679251532,apple_music_sidecar_track_album_bound_pass_v1,album|tycho|dive@@1@@13@@@@dive keep shelly in athens remix,album_sidecar_track,track,Tycho,Dive (Keep Shelly in Athens remix),2011,us,album_bound_track_no_safe_match,0,0,,679251532,,false
album_sidecar_track:album|tycho|dive@@1@@14@@@@a walk kolombo remix:album_bound_track_no_safe_match:679251532,apple_music_sidecar_track_album_bound_pass_v1,album|tycho|dive@@1@@14@@@@a walk kolombo remix,album_sidecar_track,track,Tycho,A Walk (Kolombo remix),2011,us,album_bound_track_no_safe_match,0,0,,679251532,,false
album_sidecar_track:album|tycho|dive@@1@@15@@@@ascension rob garza of thievery corporation remix:album_bound_track_no_safe_match:679251532,apple_music_sidecar_track_album_bound_pass_v1,album|tycho|dive@@1@@15@@@@ascension rob garza of thievery corporation remix,album_sidecar_track,track,Tycho,Ascension (Rob Garza of Thievery Corporation remix),2011,us,album_bound_track_no_safe_match,0,0,,679251532,,false
album_sidecar_track:album|tyla|tyla@@1@@2@@@@safer:album_bound_track_no_safe_match:1772394609,apple_music_sidecar_track_album_bound_pass_v1,album|tyla|tyla@@1@@2@@@@safer,album_sidecar_track,track,Tyla,Safer,2024,us,album_bound_track_no_safe_match,5,66,61,1772394609,,false
album_sidecar_track:album|tyla|tyla@@1@@5@@@@no 1:album_bound_track_no_safe_match:1772394609,apple_music_sidecar_track_album_bound_pass_v1,album|tyla|tyla@@1@@5@@@@no 1,album_sidecar_track,track,Tyla,No.1,2024,us,album_bound_track_no_safe_match,5,57,54,1772394609,,false
album_sidecar_track:album|underoath|define the great line@@2@@1@@@@making of define great line:album_bound_track_no_safe_match:718995641,apple_music_sidecar_track_album_bound_pass_v1,album|underoath|define the great line@@2@@1@@@@making of define great line,album_sidecar_track,track,Underoath,Making of Define the Great Line,2006,us,album_bound_track_no_safe_match,0,0,,718995641,,false
album_sidecar_track:album|underoath|define the great line@@2@@2@@@@making of album art:album_bound_track_no_safe_match:718995641,apple_music_sidecar_track_album_bound_pass_v1,album|underoath|define the great line@@2@@2@@@@making of album art,album_sidecar_track,track,Underoath,Making of the Album Art,2006,us,album_bound_track_no_safe_match,0,0,,718995641,,false
album_sidecar_track:album|underoath|define the great line@@2@@3@@@@untitled:album_bound_track_no_safe_match:718995641,apple_music_sidecar_track_album_bound_pass_v1,album|underoath|define the great line@@2@@3@@@@untitled,album_sidecar_track,track,Underoath,[untitled],2006,us,album_bound_track_no_safe_match,0,0,,718995641,,false
album_sidecar_track:album|unkle|psyence fiction@@1@@2@@@@unkle main title theme:album_bound_track_no_safe_match:1667639546,apple_music_sidecar_track_album_bound_pass_v1,album|unkle|psyence fiction@@1@@2@@@@unkle main title theme,album_sidecar_track,track,UNKLE,UNKLE (Main Title Theme),1998,us,album_bound_track_no_safe_match,3,61,7,1667639546,,false
album_sidecar_track:album|uriah heep|demons and wizards@@1@@8@@@@paradise spell:album_bound_track_no_safe_match:1541874636,apple_music_sidecar_track_album_bound_pass_v1,album|uriah heep|demons and wizards@@1@@8@@@@paradise spell,album_sidecar_track,track,Uriah Heep,Paradise / The Spell,1972,us,album_bound_track_no_safe_match,21,43,7,1541874636,,false
album_sidecar_track:album|van der graaf generator|pawn hearts@@1@@3@@@@a plague of lighthouse keepers a eyewitness b pictures lighthouse c eyewitness d s h m e presence of light f kosmos tours g custard s last stand h clot thickens i lands end sineline j we go now:album_bound_track_no_safe_match:714659628,apple_music_sidecar_track_album_bound_pass_v1,album|van der graaf generator|pawn hearts@@1@@3@@@@a plague of lighthouse keepers a eyewitness b pictures lighthouse c eyewitness d s h m e presence of light f kosmos tours g custard s last stand h clot thickens i lands end sineline j we go now,album_sidecar_track,track,Van der Graaf Generator,A Plague of Lighthouse Keepers: A) Eyewitness - B) Pictures/Lighthouse - C) Eyewitness - D) S.H.M. - E) Presence of the Light - F) Kosmos Tours - G) (Custard's) Last Stand - H) The Clot Thickens - I) Lands End (Sineline) - J) We Go Now,1971,us,album_bound_track_no_safe_match,6,56,9,714659628,,false
album_sidecar_track:album|vanilla fudge|vanilla fudge@@1@@10@@@@eleanor rigby:album_bound_track_no_safe_match:78980146,apple_music_sidecar_track_album_bound_pass_v1,album|vanilla fudge|vanilla fudge@@1@@10@@@@eleanor rigby,album_sidecar_track,track,Vanilla Fudge,Eleanor Rigby,1967,us,album_bound_track_no_safe_match,3,41,8,78980146,,false
album_sidecar_track:album|vanilla fudge|vanilla fudge@@1@@5@@@@illusions of my childhood part one:album_bound_track_no_safe_match:78980146,apple_music_sidecar_track_album_bound_pass_v1,album|vanilla fudge|vanilla fudge@@1@@5@@@@illusions of my childhood part one,album_sidecar_track,track,Vanilla Fudge,"Illusions of My Childhood, Part One",1967,us,album_bound_track_no_safe_match,3,68,7,78980146,,false
album_sidecar_track:album|vanilla fudge|vanilla fudge@@1@@6@@@@you keep me hanging on:album_bound_track_no_safe_match:78980146,apple_music_sidecar_track_album_bound_pass_v1,album|vanilla fudge|vanilla fudge@@1@@6@@@@you keep me hanging on,album_sidecar_track,track,Vanilla Fudge,You Keep Me Hanging On,1967,us,album_bound_track_no_safe_match,3,43,42,78980146,,false
album_sidecar_track:album|vanilla fudge|vanilla fudge@@1@@7@@@@illusions of my childhood part two:album_bound_track_no_safe_match:78980146,apple_music_sidecar_track_album_bound_pass_v1,album|vanilla fudge|vanilla fudge@@1@@7@@@@illusions of my childhood part two,album_sidecar_track,track,Vanilla Fudge,"Illusions of My Childhood, Part Two",1967,us,album_bound_track_no_safe_match,3,43,32,78980146,,false
album_sidecar_track:album|vanilla fudge|vanilla fudge@@1@@8@@@@take me for a little while:album_bound_track_no_safe_match:78980146,apple_music_sidecar_track_album_bound_pass_v1,album|vanilla fudge|vanilla fudge@@1@@8@@@@take me for a little while,album_sidecar_track,track,Vanilla Fudge,Take Me for a Little While,1967,us,album_bound_track_no_safe_match,3,36,8,78980146,,false
album_sidecar_track:album|vanilla fudge|vanilla fudge@@1@@9@@@@illusions of my childhood part three:album_bound_track_no_safe_match:78980146,apple_music_sidecar_track_album_bound_pass_v1,album|vanilla fudge|vanilla fudge@@1@@9@@@@illusions of my childhood part three,album_sidecar_track,track,Vanilla Fudge,"Illusions of My Childhood, Part Three",1967,us,album_bound_track_no_safe_match,3,31,8,78980146,,false
album_sidecar_track:album|various artists|aladdin@@1@@10@@@@one jump ahead:album_bound_track_no_safe_match:1440722016,apple_music_sidecar_track_album_bound_pass_v1,album|various artists|aladdin@@1@@10@@@@one jump ahead,album_sidecar_track,track,Various Artists,One Jump Ahead,1992,us,album_bound_track_no_safe_match,15,32,31,1440722016,,false
album_sidecar_track:album|various artists|aladdin@@1@@11@@@@one jump ahead reprise:album_bound_track_no_safe_match:1440722016,apple_music_sidecar_track_album_bound_pass_v1,album|various artists|aladdin@@1@@11@@@@one jump ahead reprise,album_sidecar_track,track,Various Artists,One Jump Ahead (reprise),1992,us,album_bound_track_no_safe_match,15,50,45,1440722016,,false
album_sidecar_track:album|various artists|aladdin@@1@@12@@@@friend like me:album_bound_track_no_safe_match:1440722016,apple_music_sidecar_track_album_bound_pass_v1,album|various artists|aladdin@@1@@12@@@@friend like me,album_sidecar_track,track,Various Artists,Friend Like Me,1992,us,album_bound_track_no_safe_match,15,31,9,1440722016,,false
album_sidecar_track:album|various artists|aladdin@@1@@13@@@@prince ali:album_bound_track_no_safe_match:1440722016,apple_music_sidecar_track_album_bound_pass_v1,album|various artists|aladdin@@1@@13@@@@prince ali,album_sidecar_track,track,Various Artists,Prince Ali,1992,us,album_bound_track_no_safe_match,15,31,31,1440722016,,false
album_sidecar_track:album|various artists|aladdin@@1@@14@@@@proud of your boy:album_bound_track_no_safe_match:1440722016,apple_music_sidecar_track_album_bound_pass_v1,album|various artists|aladdin@@1@@14@@@@proud of your boy,album_sidecar_track,track,Various Artists,Proud of Your Boy,1992,us,album_bound_track_no_safe_match,15,41,0,1440722016,,false
album_sidecar_track:album|various artists|aladdin@@1@@15@@@@a whole new world:album_bound_track_no_safe_match:1440722016,apple_music_sidecar_track_album_bound_pass_v1,album|various artists|aladdin@@1@@15@@@@a whole new world,album_sidecar_track,track,Various Artists,A Whole New World,1992,us,album_bound_track_no_safe_match,15,31,5,1440722016,,false
album_sidecar_track:album|various artists|aladdin@@1@@16@@@@a whole new world single pop version:album_bound_track_no_safe_match:1440722016,apple_music_sidecar_track_album_bound_pass_v1,album|various artists|aladdin@@1@@16@@@@a whole new world single pop version,album_sidecar_track,track,Various Artists,A Whole New World (single Pop version),1992,us,album_bound_track_no_safe_match,15,31,9,1440722016,,false
album_sidecar_track:album|various artists|aladdin@@1@@2@@@@one jump ahead:album_bound_track_no_safe_match:1440722016,apple_music_sidecar_track_album_bound_pass_v1,album|various artists|aladdin@@1@@2@@@@one jump ahead,album_sidecar_track,track,Various Artists,One Jump Ahead,1992,us,album_bound_track_no_safe_match,20,43,35,1440722016,,false
album_sidecar_track:album|various artists|aladdin@@1@@6@@@@proud of your boy:album_bound_track_no_safe_match:1440722016,apple_music_sidecar_track_album_bound_pass_v1,album|various artists|aladdin@@1@@6@@@@proud of your boy,album_sidecar_track,track,Various Artists,Proud of Your Boy,1992,us,album_bound_track_no_safe_match,17,5,0,1440722016,,false
album_sidecar_track:album|various artists|aladdin@@1@@9@@@@arabian nights:album_bound_track_no_safe_match:1440722016,apple_music_sidecar_track_album_bound_pass_v1,album|various artists|aladdin@@1@@9@@@@arabian nights,album_sidecar_track,track,Various Artists,Arabian Nights,1992,us,album_bound_track_no_safe_match,15,13,5,1440722016,,false
album_sidecar_track:album|various artists|beauty and the beast@@1@@1@@@@regijimas:album_bound_track_no_safe_match:1699102817,apple_music_sidecar_track_album_bound_pass_v1,album|various artists|beauty and the beast@@1@@1@@@@regijimas,album_sidecar_track,track,Various Artists,Regijimas,1991,us,album_bound_track_no_safe_match,15,36,-1,1699102817,,false
album_sidecar_track:album|various artists|beauty and the beast@@1@@10@@@@felicitas adveni:album_bound_track_no_safe_match:1699102817,apple_music_sidecar_track_album_bound_pass_v1,album|various artists|beauty and the beast@@1@@10@@@@felicitas adveni,album_sidecar_track,track,Various Artists,Felicitas Adveni,1991,us,album_bound_track_no_safe_match,15,31,0,1699102817,,false
album_sidecar_track:album|various artists|beauty and the beast@@1@@11@@@@preoccupation domination:album_bound_track_no_safe_match:1699102817,apple_music_sidecar_track_album_bound_pass_v1,album|various artists|beauty and the beast@@1@@11@@@@preoccupation domination,album_sidecar_track,track,Various Artists,Preoccupation Domination,1991,us,album_bound_track_no_safe_match,15,31,0,1699102817,,false
album_sidecar_track:album|various artists|beauty and the beast@@1@@12@@@@dead and resurrected:album_bound_track_no_safe_match:1699102817,apple_music_sidecar_track_album_bound_pass_v1,album|various artists|beauty and the beast@@1@@12@@@@dead and resurrected,album_sidecar_track,track,Various Artists,Dead and Resurrected,1991,us,album_bound_track_no_safe_match,15,31,0,1699102817,,false
album_sidecar_track:album|various artists|beauty and the beast@@1@@13@@@@mark of death:album_bound_track_no_safe_match:1699102817,apple_music_sidecar_track_album_bound_pass_v1,album|various artists|beauty and the beast@@1@@13@@@@mark of death,album_sidecar_track,track,Various Artists,Mark of Death,1991,us,album_bound_track_no_safe_match,15,31,0,1699102817,,false
album_sidecar_track:album|various artists|beauty and the beast@@1@@14@@@@you don t know:album_bound_track_no_safe_match:1699102817,apple_music_sidecar_track_album_bound_pass_v1,album|various artists|beauty and the beast@@1@@14@@@@you don t know,album_sidecar_track,track,Various Artists,You Don’t Know,1991,us,album_bound_track_no_safe_match,15,31,0,1699102817,,false
album_sidecar_track:album|various artists|beauty and the beast@@1@@15@@@@atmosphere:album_bound_track_no_safe_match:1699102817,apple_music_sidecar_track_album_bound_pass_v1,album|various artists|beauty and the beast@@1@@15@@@@atmosphere,album_sidecar_track,track,Various Artists,Atmosphere,1991,us,album_bound_track_no_safe_match,15,31,0,1699102817,,false
album_sidecar_track:album|various artists|beauty and the beast@@1@@2@@@@beauty and beast:album_bound_track_no_safe_match:1699102817,apple_music_sidecar_track_album_bound_pass_v1,album|various artists|beauty and the beast@@1@@2@@@@beauty and beast,album_sidecar_track,track,Various Artists,The Beauty and the Beast,1991,us,album_bound_track_no_safe_match,15,39,35,1699102817,,false
album_sidecar_track:album|various artists|beauty and the beast@@1@@3@@@@your last words:album_bound_track_no_safe_match:1699102817,apple_music_sidecar_track_album_bound_pass_v1,album|various artists|beauty and the beast@@1@@3@@@@your last words,album_sidecar_track,track,Various Artists,Your Last Words,1991,us,album_bound_track_no_safe_match,15,34,0,1699102817,,false
album_sidecar_track:album|various artists|beauty and the beast@@1@@4@@@@green pearls:album_bound_track_no_safe_match:1699102817,apple_music_sidecar_track_album_bound_pass_v1,album|various artists|beauty and the beast@@1@@4@@@@green pearls,album_sidecar_track,track,Various Artists,Green Pearls,1991,us,album_bound_track_no_safe_match,15,33,0,1699102817,,false
album_sidecar_track:album|various artists|beauty and the beast@@1@@5@@@@heading north:album_bound_track_no_safe_match:1699102817,apple_music_sidecar_track_album_bound_pass_v1,album|various artists|beauty and the beast@@1@@5@@@@heading north,album_sidecar_track,track,Various Artists,Heading North,1991,us,album_bound_track_no_safe_match,15,32,0,1699102817,,false
album_sidecar_track:album|various artists|beauty and the beast@@1@@6@@@@deirium 93:album_bound_track_no_safe_match:1699102817,apple_music_sidecar_track_album_bound_pass_v1,album|various artists|beauty and the beast@@1@@6@@@@deirium 93,album_sidecar_track,track,Various Artists,Deirium ’93,1991,us,album_bound_track_no_safe_match,15,31,0,1699102817,,false
album_sidecar_track:album|various artists|beauty and the beast@@1@@7@@@@crown of thorns:album_bound_track_no_safe_match:1699102817,apple_music_sidecar_track_album_bound_pass_v1,album|various artists|beauty and the beast@@1@@7@@@@crown of thorns,album_sidecar_track,track,Various Artists,Crown of Thorns,1991,us,album_bound_track_no_safe_match,15,31,0,1699102817,,false
album_sidecar_track:album|various artists|beauty and the beast@@1@@8@@@@kingdom of love:album_bound_track_no_safe_match:1699102817,apple_music_sidecar_track_album_bound_pass_v1,album|various artists|beauty and the beast@@1@@8@@@@kingdom of love,album_sidecar_track,track,Various Artists,Kingdom of Love,1991,us,album_bound_track_no_safe_match,15,31,0,1699102817,,false
album_sidecar_track:album|various artists|beauty and the beast@@1@@9@@@@hourglass:album_bound_track_no_safe_match:1699102817,apple_music_sidecar_track_album_bound_pass_v1,album|various artists|beauty and the beast@@1@@9@@@@hourglass,album_sidecar_track,track,Various Artists,Hourglass,1991,us,album_bound_track_no_safe_match,15,31,0,1699102817,,false
album_sidecar_track:album|various artists|coco@@1@@1@@@@forglem mig ej ernesto de la cruz:album_bound_track_no_safe_match:1440671241,apple_music_sidecar_track_album_bound_pass_v1,album|various artists|coco@@1@@1@@@@forglem mig ej ernesto de la cruz,album_sidecar_track,track,Various Artists,Forglem mig ej (Ernesto de la Cruz),2017,us,album_bound_track_no_safe_match,34,50,13,1440671241,,false
album_sidecar_track:album|various artists|coco@@1@@10@@@@et stolt hjertes slag:album_bound_track_no_safe_match:1440671241,apple_music_sidecar_track_album_bound_pass_v1,album|various artists|coco@@1@@10@@@@et stolt hjertes slag,album_sidecar_track,track,Various Artists,Et stolt hjertes slag,2017,us,album_bound_track_no_safe_match,34,45,10,1440671241,,false
album_sidecar_track:album|various artists|coco@@1@@12@@@@remember me duo:album_bound_track_no_safe_match:1440671241,apple_music_sidecar_track_album_bound_pass_v1,album|various artists|coco@@1@@12@@@@remember me duo,album_sidecar_track,track,Various Artists,Remember Me (Dúo),2017,us,album_bound_track_no_safe_match,34,41,36,1440671241,,false
album_sidecar_track:album|various artists|coco@@1@@2@@@@gode rad om k rlighed:album_bound_track_no_safe_match:1440671241,apple_music_sidecar_track_album_bound_pass_v1,album|various artists|coco@@1@@2@@@@gode rad om k rlighed,album_sidecar_track,track,Various Artists,Gode råd om kærlighed,2017,us,album_bound_track_no_safe_match,34,49,14,1440671241,,false
album_sidecar_track:album|various artists|coco@@1@@25@@@@taking sides:album_bound_track_no_safe_match:1440671241,apple_music_sidecar_track_album_bound_pass_v1,album|various artists|coco@@1@@25@@@@taking sides,album_sidecar_track,track,Various Artists,Taking Sides,2017,us,album_bound_track_no_safe_match,22,53,45,1440671241,,false
album_sidecar_track:album|various artists|coco@@1@@3@@@@mon ikke du har set juanita:album_bound_track_no_safe_match:1440671241,apple_music_sidecar_track_album_bound_pass_v1,album|various artists|coco@@1@@3@@@@mon ikke du har set juanita,album_sidecar_track,track,Various Artists,Mon ikke du har set Juanita,2017,us,album_bound_track_no_safe_match,34,48,9,1440671241,,false
album_sidecar_track:album|various artists|coco@@1@@30@@@@cave dwelling on past:album_bound_track_no_safe_match:1440671241,apple_music_sidecar_track_album_bound_pass_v1,album|various artists|coco@@1@@30@@@@cave dwelling on past,album_sidecar_track,track,Various Artists,Cave Dwelling on the Past,2017,us,album_bound_track_no_safe_match,18,53,45,1440671241,,false
album_sidecar_track:album|various artists|coco@@1@@6@@@@hele verden mi familia:album_bound_track_no_safe_match:1440671241,apple_music_sidecar_track_album_bound_pass_v1,album|various artists|coco@@1@@6@@@@hele verden mi familia,album_sidecar_track,track,Various Artists,"Hele verden, mi familia",2017,us,album_bound_track_no_safe_match,34,45,5,1440671241,,false
album_sidecar_track:album|various artists|coco@@1@@7@@@@forglem mig ej vuggevise:album_bound_track_no_safe_match:1440671241,apple_music_sidecar_track_album_bound_pass_v1,album|various artists|coco@@1@@7@@@@forglem mig ej vuggevise,album_sidecar_track,track,Various Artists,Forglem mig ej (vuggevise),2017,us,album_bound_track_no_safe_match,34,45,9,1440671241,,false
album_sidecar_track:album|various artists|coco@@1@@9@@@@forglem mig ej genforening:album_bound_track_no_safe_match:1440671241,apple_music_sidecar_track_album_bound_pass_v1,album|various artists|coco@@1@@9@@@@forglem mig ej genforening,album_sidecar_track,track,Various Artists,Forglem mig ej (genforening),2017,us,album_bound_track_no_safe_match,34,45,12,1440671241,,false
album_sidecar_track:album|various artists|crow@@1@@1@@@@best things:album_bound_track_no_safe_match:322025243,apple_music_sidecar_track_album_bound_pass_v1,album|various artists|crow@@1@@1@@@@best things,album_sidecar_track,track,Various Artists,The Best Things,1994,us,album_bound_track_no_safe_match,14,36,10,322025243,,false
album_sidecar_track:album|various artists|crow@@1@@10@@@@independent slaves:album_bound_track_no_safe_match:322025243,apple_music_sidecar_track_album_bound_pass_v1,album|various artists|crow@@1@@10@@@@independent slaves,album_sidecar_track,track,Various Artists,Independent Slaves,1994,us,album_bound_track_no_safe_match,14,31,3,322025243,,false
album_sidecar_track:album|various artists|crow@@1@@11@@@@everything sucks again:album_bound_track_no_safe_match:322025243,apple_music_sidecar_track_album_bound_pass_v1,album|various artists|crow@@1@@11@@@@everything sucks again,album_sidecar_track,track,Various Artists,Everything Sucks (Again),1994,us,album_bound_track_no_safe_match,14,31,4,322025243,,false
album_sidecar_track:album|various artists|crow@@1@@12@@@@waking up beside you remix:album_bound_track_no_safe_match:322025243,apple_music_sidecar_track_album_bound_pass_v1,album|various artists|crow@@1@@12@@@@waking up beside you remix,album_sidecar_track,track,Various Artists,Waking Up Beside You (remix),1994,us,album_bound_track_no_safe_match,14,31,5,322025243,,false
album_sidecar_track:album|various artists|crow@@1@@13@@@@now is time crystal method millennium mix:album_bound_track_no_safe_match:322025243,apple_music_sidecar_track_album_bound_pass_v1,album|various artists|crow@@1@@13@@@@now is time crystal method millennium mix,album_sidecar_track,track,Various Artists,Now Is the Time (The Crystal Method Millennium mix),1994,us,album_bound_track_no_safe_match,14,31,9,322025243,,false
album_sidecar_track:album|various artists|crow@@1@@14@@@@burning inside:album_bound_track_no_safe_match:322025243,apple_music_sidecar_track_album_bound_pass_v1,album|various artists|crow@@1@@14@@@@burning inside,album_sidecar_track,track,Various Artists,Burning Inside,1994,us,album_bound_track_no_safe_match,14,31,9,322025243,,false
album_sidecar_track:album|various artists|crow@@1@@15@@@@rusted wings:album_bound_track_no_safe_match:322025243,apple_music_sidecar_track_album_bound_pass_v1,album|various artists|crow@@1@@15@@@@rusted wings,album_sidecar_track,track,Various Artists,Rusted Wings,1994,us,album_bound_track_no_safe_match,14,6,5,322025243,,false
album_sidecar_track:album|various artists|crow@@1@@16@@@@underbelly of beast:album_bound_track_no_safe_match:322025243,apple_music_sidecar_track_album_bound_pass_v1,album|various artists|crow@@1@@16@@@@underbelly of beast,album_sidecar_track,track,Various Artists,Underbelly of the Beast,1994,us,album_bound_track_no_safe_match,14,9,9,322025243,,false
album_sidecar_track:album|various artists|crow@@1@@2@@@@living dead girl naked exorcism mix:album_bound_track_no_safe_match:322025243,apple_music_sidecar_track_album_bound_pass_v1,album|various artists|crow@@1@@2@@@@living dead girl naked exorcism mix,album_sidecar_track,track,Various Artists,Living Dead Girl (Naked Exorcism mix),1994,us,album_bound_track_no_safe_match,14,45,9,322025243,,false
album_sidecar_track:album|various artists|crow@@1@@3@@@@bad brother:album_bound_track_no_safe_match:322025243,apple_music_sidecar_track_album_bound_pass_v1,album|various artists|crow@@1@@3@@@@bad brother,album_sidecar_track,track,Various Artists,Bad Brother,1994,us,album_bound_track_no_safe_match,14,39,5,322025243,,false
album_sidecar_track:album|various artists|crow@@1@@4@@@@warm winter:album_bound_track_no_safe_match:322025243,apple_music_sidecar_track_album_bound_pass_v1,album|various artists|crow@@1@@4@@@@warm winter,album_sidecar_track,track,Various Artists,Warm Winter,1994,us,album_bound_track_no_safe_match,14,33,9,322025243,,false
album_sidecar_track:album|various artists|crow@@1@@5@@@@it s all over now baby blue:album_bound_track_no_safe_match:322025243,apple_music_sidecar_track_album_bound_pass_v1,album|various artists|crow@@1@@5@@@@it s all over now baby blue,album_sidecar_track,track,Various Artists,"It’s All Over Now, Baby Blue",1994,us,album_bound_track_no_safe_match,14,46,5,322025243,,false
album_sidecar_track:album|various artists|crow@@1@@6@@@@what you want:album_bound_track_no_safe_match:322025243,apple_music_sidecar_track_album_bound_pass_v1,album|various artists|crow@@1@@6@@@@what you want,album_sidecar_track,track,Various Artists,What You Want,1994,us,album_bound_track_no_safe_match,14,31,1,322025243,,false
album_sidecar_track:album|various artists|crow@@1@@7@@@@big god:album_bound_track_no_safe_match:322025243,apple_music_sidecar_track_album_bound_pass_v1,album|various artists|crow@@1@@7@@@@big god,album_sidecar_track,track,Various Artists,Big God,1994,us,album_bound_track_no_safe_match,14,41,5,322025243,,false
album_sidecar_track:album|various artists|crow@@1@@8@@@@painful:album_bound_track_no_safe_match:322025243,apple_music_sidecar_track_album_bound_pass_v1,album|various artists|crow@@1@@8@@@@painful,album_sidecar_track,track,Various Artists,Painful,1994,us,album_bound_track_no_safe_match,14,41,9,322025243,,false
album_sidecar_track:album|various artists|crow@@1@@9@@@@antihistamine:album_bound_track_no_safe_match:322025243,apple_music_sidecar_track_album_bound_pass_v1,album|various artists|crow@@1@@9@@@@antihistamine,album_sidecar_track,track,Various Artists,Antihistamine,1994,us,album_bound_track_no_safe_match,14,31,3,322025243,,false
album_sidecar_track:album|various artists|dirty dancing@@1@@1@@@@yes:album_bound_track_no_safe_match:254938499,apple_music_sidecar_track_album_bound_pass_v1,album|various artists|dirty dancing@@1@@1@@@@yes,album_sidecar_track,track,Various Artists,Yes,1987,us,album_bound_track_no_safe_match,12,50,39,254938499,,false
album_sidecar_track:album|various artists|dirty dancing@@1@@10@@@@let good times roll sea cruise:album_bound_track_no_safe_match:254938499,apple_music_sidecar_track_album_bound_pass_v1,album|various artists|dirty dancing@@1@@10@@@@let good times roll sea cruise,album_sidecar_track,track,Various Artists,Let the Good Times Roll / Sea Cruise,1987,us,album_bound_track_no_safe_match,12,41,13,254938499,,false
album_sidecar_track:album|various artists|dirty dancing@@1@@11@@@@you ve lost that lovin feeling:album_bound_track_no_safe_match:254938499,apple_music_sidecar_track_album_bound_pass_v1,album|various artists|dirty dancing@@1@@11@@@@you ve lost that lovin feeling,album_sidecar_track,track,Various Artists,You've Lost That Lovin' Feeling,1987,us,album_bound_track_no_safe_match,12,31,0,254938499,,false
album_sidecar_track:album|various artists|dirty dancing@@1@@12@@@@old time rock n roll:album_bound_track_no_safe_match:254938499,apple_music_sidecar_track_album_bound_pass_v1,album|various artists|dirty dancing@@1@@12@@@@old time rock n roll,album_sidecar_track,track,Various Artists,Old Time Rock n' Roll,1987,us,album_bound_track_no_safe_match,12,31,5,254938499,,false
album_sidecar_track:album|various artists|dirty dancing@@1@@13@@@@i ve had time of my life:album_bound_track_no_safe_match:254938499,apple_music_sidecar_track_album_bound_pass_v1,album|various artists|dirty dancing@@1@@13@@@@i ve had time of my life,album_sidecar_track,track,Various Artists,(I've Had) The Time of My Life,1987,us,album_bound_track_no_safe_match,12,44,-1,254938499,,false
album_sidecar_track:album|various artists|dirty dancing@@1@@2@@@@overload:album_bound_track_no_safe_match:254938499,apple_music_sidecar_track_album_bound_pass_v1,album|various artists|dirty dancing@@1@@2@@@@overload,album_sidecar_track,track,Various Artists,Overload,1987,us,album_bound_track_no_safe_match,12,44,35,254938499,,false
album_sidecar_track:album|various artists|dirty dancing@@1@@3@@@@steamroller blues:album_bound_track_no_safe_match:254938499,apple_music_sidecar_track_album_bound_pass_v1,album|various artists|dirty dancing@@1@@3@@@@steamroller blues,album_sidecar_track,track,Various Artists,Steamroller Blues,1987,us,album_bound_track_no_safe_match,12,34,14,254938499,,false
album_sidecar_track:album|various artists|dirty dancing@@1@@4@@@@make me lose control:album_bound_track_no_safe_match:254938499,apple_music_sidecar_track_album_bound_pass_v1,album|various artists|dirty dancing@@1@@4@@@@make me lose control,album_sidecar_track,track,Various Artists,Make Me Lose Control,1987,us,album_bound_track_no_safe_match,12,33,0,254938499,,false
album_sidecar_track:album|various artists|dirty dancing@@1@@5@@@@almost paradise:album_bound_track_no_safe_match:254938499,apple_music_sidecar_track_album_bound_pass_v1,album|various artists|dirty dancing@@1@@5@@@@almost paradise,album_sidecar_track,track,Various Artists,Almost Paradise,1987,us,album_bound_track_no_safe_match,12,32,5,254938499,,false
album_sidecar_track:album|various artists|dirty dancing@@1@@6@@@@hungry eyes:album_bound_track_no_safe_match:254938499,apple_music_sidecar_track_album_bound_pass_v1,album|various artists|dirty dancing@@1@@6@@@@hungry eyes,album_sidecar_track,track,Various Artists,Hungry Eyes,1987,us,album_bound_track_no_safe_match,12,41,31,254938499,,false
album_sidecar_track:album|various artists|dirty dancing@@1@@7@@@@get ready higher and higher:album_bound_track_no_safe_match:254938499,apple_music_sidecar_track_album_bound_pass_v1,album|various artists|dirty dancing@@1@@7@@@@get ready higher and higher,album_sidecar_track,track,Various Artists,Get Ready / Higher & Higher,1987,us,album_bound_track_no_safe_match,12,31,7,254938499,,false
album_sidecar_track:album|various artists|dirty dancing@@1@@8@@@@cry to me:album_bound_track_no_safe_match:254938499,apple_music_sidecar_track_album_bound_pass_v1,album|various artists|dirty dancing@@1@@8@@@@cry to me,album_sidecar_track,track,Various Artists,Cry to Me,1987,us,album_bound_track_no_safe_match,12,31,5,254938499,,false
album_sidecar_track:album|various artists|dirty dancing@@1@@9@@@@do you love me:album_bound_track_no_safe_match:254938499,apple_music_sidecar_track_album_bound_pass_v1,album|various artists|dirty dancing@@1@@9@@@@do you love me,album_sidecar_track,track,Various Artists,Do You Love Me,1987,us,album_bound_track_no_safe_match,12,31,0,254938499,,false
album_sidecar_track:album|various artists|forrest gump@@1@@11@@@@sloop john b:album_bound_track_no_safe_match:418556875,apple_music_sidecar_track_album_bound_pass_v1,album|various artists|forrest gump@@1@@11@@@@sloop john b,album_sidecar_track,track,Various Artists,Sloop John B,1994,us,album_bound_track_no_safe_match,4,9,0,418556875,,false
album_sidecar_track:album|various artists|forrest gump@@1@@12@@@@california dreamin:album_bound_track_no_safe_match:418556875,apple_music_sidecar_track_album_bound_pass_v1,album|various artists|forrest gump@@1@@12@@@@california dreamin,album_sidecar_track,track,Various Artists,California Dreamin’,1994,us,album_bound_track_no_safe_match,4,5,0,418556875,,false
album_sidecar_track:album|various artists|forrest gump@@1@@13@@@@for what it s worth:album_bound_track_no_safe_match:418556875,apple_music_sidecar_track_album_bound_pass_v1,album|various artists|forrest gump@@1@@13@@@@for what it s worth,album_sidecar_track,track,Various Artists,For What It’s Worth,1994,us,album_bound_track_no_safe_match,4,5,0,418556875,,false
album_sidecar_track:album|various artists|forrest gump@@1@@14@@@@what world needs now is love:album_bound_track_no_safe_match:418556875,apple_music_sidecar_track_album_bound_pass_v1,album|various artists|forrest gump@@1@@14@@@@what world needs now is love,album_sidecar_track,track,Various Artists,What the World Needs Now Is Love,1994,us,album_bound_track_no_safe_match,4,5,0,418556875,,false
album_sidecar_track:album|various artists|forrest gump@@1@@15@@@@break on through to other side:album_bound_track_no_safe_match:418556875,apple_music_sidecar_track_album_bound_pass_v1,album|various artists|forrest gump@@1@@15@@@@break on through to other side,album_sidecar_track,track,Various Artists,Break On Through (to the Other Side),1994,us,album_bound_track_no_safe_match,4,9,0,418556875,,false
album_sidecar_track:album|various artists|forrest gump@@1@@2@@@@rebel rouser:album_bound_track_no_safe_match:418556875,apple_music_sidecar_track_album_bound_pass_v1,album|various artists|forrest gump@@1@@2@@@@rebel rouser,album_sidecar_track,track,Various Artists,Rebel Rouser,1994,us,album_bound_track_no_safe_match,4,9,-5,418556875,,false
album_sidecar_track:album|various artists|forrest gump@@1@@3@@@@i don t know why but i do:album_bound_track_no_safe_match:418556875,apple_music_sidecar_track_album_bound_pass_v1,album|various artists|forrest gump@@1@@3@@@@i don t know why but i do,album_sidecar_track,track,Various Artists,(I Don’t Know Why) But I Do,1994,us,album_bound_track_no_safe_match,4,5,-5,418556875,,false
album_sidecar_track:album|various artists|forrest gump@@1@@4@@@@walk right in:album_bound_track_no_safe_match:418556875,apple_music_sidecar_track_album_bound_pass_v1,album|various artists|forrest gump@@1@@4@@@@walk right in,album_sidecar_track,track,Various Artists,Walk Right In,1994,us,album_bound_track_no_safe_match,4,5,0,418556875,,false
album_sidecar_track:album|various artists|forrest gump@@1@@5@@@@land of 1000 dances:album_bound_track_no_safe_match:418556875,apple_music_sidecar_track_album_bound_pass_v1,album|various artists|forrest gump@@1@@5@@@@land of 1000 dances,album_sidecar_track,track,Various Artists,Land of 1000 Dances,1994,us,album_bound_track_no_safe_match,4,9,-5,418556875,,false
album_sidecar_track:album|various artists|forrest gump@@1@@6@@@@blowin in wind:album_bound_track_no_safe_match:418556875,apple_music_sidecar_track_album_bound_pass_v1,album|various artists|forrest gump@@1@@6@@@@blowin in wind,album_sidecar_track,track,Various Artists,Blowin’ in the Wind,1994,us,album_bound_track_no_safe_match,4,5,0,418556875,,false
album_sidecar_track:album|various artists|forrest gump@@1@@7@@@@fortunate son:album_bound_track_no_safe_match:418556875,apple_music_sidecar_track_album_bound_pass_v1,album|various artists|forrest gump@@1@@7@@@@fortunate son,album_sidecar_track,track,Various Artists,Fortunate Son,1994,us,album_bound_track_no_safe_match,4,5,-5,418556875,,false
album_sidecar_track:album|various artists|forrest gump@@1@@8@@@@i can t help myself sugar pie honey bunch:album_bound_track_no_safe_match:418556875,apple_music_sidecar_track_album_bound_pass_v1,album|various artists|forrest gump@@1@@8@@@@i can t help myself sugar pie honey bunch,album_sidecar_track,track,Various Artists,I Can’t Help Myself (Sugar Pie Honey Bunch),1994,us,album_bound_track_no_safe_match,4,0,0,418556875,,false
album_sidecar_track:album|various artists|forrest gump@@1@@9@@@@respect:album_bound_track_no_safe_match:418556875,apple_music_sidecar_track_album_bound_pass_v1,album|various artists|forrest gump@@1@@9@@@@respect,album_sidecar_track,track,Various Artists,Respect,1994,us,album_bound_track_no_safe_match,4,9,0,418556875,,false
album_sidecar_track:album|various artists|forrest gump@@2@@10@@@@mr president have pity on working man:album_bound_track_no_safe_match:418556875,apple_music_sidecar_track_album_bound_pass_v1,album|various artists|forrest gump@@2@@10@@@@mr president have pity on working man,album_sidecar_track,track,Various Artists,Mr. President (Have Pity on the Working Man),1994,us,album_bound_track_no_safe_match,3,0,-5,418556875,,false
album_sidecar_track:album|various artists|forrest gump@@2@@11@@@@sweet home alabama:album_bound_track_no_safe_match:418556875,apple_music_sidecar_track_album_bound_pass_v1,album|various artists|forrest gump@@2@@11@@@@sweet home alabama,album_sidecar_track,track,Various Artists,Sweet Home Alabama,1994,us,album_bound_track_no_safe_match,3,-5,-5,418556875,,false
album_sidecar_track:album|various artists|forrest gump@@2@@12@@@@it keeps you runnin:album_bound_track_no_safe_match:418556875,apple_music_sidecar_track_album_bound_pass_v1,album|various artists|forrest gump@@2@@12@@@@it keeps you runnin,album_sidecar_track,track,Various Artists,It Keeps You Runnin’,1994,us,album_bound_track_no_safe_match,3,-5,-5,418556875,,false
album_sidecar_track:album|various artists|forrest gump@@2@@15@@@@against wind:album_bound_track_no_safe_match:418556875,apple_music_sidecar_track_album_bound_pass_v1,album|various artists|forrest gump@@2@@15@@@@against wind,album_sidecar_track,track,Various Artists,Against the Wind,1994,us,album_bound_track_no_safe_match,1,-5,,418556875,,false
album_sidecar_track:album|various artists|forrest gump@@2@@7@@@@joy to world:album_bound_track_no_safe_match:418556875,apple_music_sidecar_track_album_bound_pass_v1,album|various artists|forrest gump@@2@@7@@@@joy to world,album_sidecar_track,track,Various Artists,Joy to the World,1994,us,album_bound_track_no_safe_match,3,5,-5,418556875,,false
album_sidecar_track:album|various artists|forrest gump@@2@@8@@@@stoned love:album_bound_track_no_safe_match:418556875,apple_music_sidecar_track_album_bound_pass_v1,album|various artists|forrest gump@@2@@8@@@@stoned love,album_sidecar_track,track,Various Artists,Stoned Love,1994,us,album_bound_track_no_safe_match,3,0,-5,418556875,,false
album_sidecar_track:album|various artists|forrest gump@@2@@9@@@@raindrops keep falling on my head:album_bound_track_no_safe_match:418556875,apple_music_sidecar_track_album_bound_pass_v1,album|various artists|forrest gump@@2@@9@@@@raindrops keep falling on my head,album_sidecar_track,track,Various Artists,Raindrops Keep Falling on My Head,1994,us,album_bound_track_no_safe_match,3,0,-5,418556875,,false
album_sidecar_track:album|various artists|frozen@@1@@15@@@@heimr arnadalr score:album_bound_track_no_safe_match:1440618177,apple_music_sidecar_track_album_bound_pass_v1,album|various artists|frozen@@1@@15@@@@heimr arnadalr score,album_sidecar_track,track,Various Artists,Heimr Àrnadalr (score),2013,us,album_bound_track_no_safe_match,1,45,,1440618177,,false
album_sidecar_track:album|various artists|guardians of the galaxy awesome mix vol 1@@1@@1@@@@hooked on a feeling:album_bound_track_no_safe_match:1570395322,apple_music_sidecar_track_album_bound_pass_v1,album|various artists|guardians of the galaxy awesome mix vol 1@@1@@1@@@@hooked on a feeling,album_sidecar_track,track,Various Artists,Hooked on a Feeling,2014,us,album_bound_track_no_safe_match,11,50,49,1570395322,,false
album_sidecar_track:album|various artists|guardians of the galaxy awesome mix vol 1@@1@@10@@@@escape pina colada song:album_bound_track_no_safe_match:1570395322,apple_music_sidecar_track_album_bound_pass_v1,album|various artists|guardians of the galaxy awesome mix vol 1@@1@@10@@@@escape pina colada song,album_sidecar_track,track,Various Artists,Escape (The Piña Colada Song),2014,us,album_bound_track_no_safe_match,8,41,31,1570395322,,false
album_sidecar_track:album|various artists|guardians of the galaxy awesome mix vol 1@@1@@11@@@@o o h child:album_bound_track_no_safe_match:1570395322,apple_music_sidecar_track_album_bound_pass_v1,album|various artists|guardians of the galaxy awesome mix vol 1@@1@@11@@@@o o h child,album_sidecar_track,track,Various Artists,O‐o‐h Child,2014,us,album_bound_track_no_safe_match,8,41,9,1570395322,,false
album_sidecar_track:album|various artists|guardians of the galaxy awesome mix vol 1@@1@@12@@@@ain t no mountain high enough:album_bound_track_no_safe_match:1570395322,apple_music_sidecar_track_album_bound_pass_v1,album|various artists|guardians of the galaxy awesome mix vol 1@@1@@12@@@@ain t no mountain high enough,album_sidecar_track,track,Various Artists,Ain’t No Mountain High Enough,2014,us,album_bound_track_no_safe_match,8,49,41,1570395322,,false
album_sidecar_track:album|various artists|guardians of the galaxy awesome mix vol 1@@1@@3@@@@spirit in sky:album_bound_track_no_safe_match:1570395322,apple_music_sidecar_track_album_bound_pass_v1,album|various artists|guardians of the galaxy awesome mix vol 1@@1@@3@@@@spirit in sky,album_sidecar_track,track,Various Artists,Spirit in the Sky,2014,us,album_bound_track_no_safe_match,10,39,34,1570395322,,false
album_sidecar_track:album|various artists|guardians of the galaxy awesome mix vol 1@@1@@4@@@@moonage daydream:album_bound_track_no_safe_match:1570395322,apple_music_sidecar_track_album_bound_pass_v1,album|various artists|guardians of the galaxy awesome mix vol 1@@1@@4@@@@moonage daydream,album_sidecar_track,track,Various Artists,Moonage Daydream,2014,us,album_bound_track_no_safe_match,10,39,33,1570395322,,false
album_sidecar_track:album|various artists|guardians of the galaxy awesome mix vol 1@@1@@6@@@@i m not in love:album_bound_track_no_safe_match:1570395322,apple_music_sidecar_track_album_bound_pass_v1,album|various artists|guardians of the galaxy awesome mix vol 1@@1@@6@@@@i m not in love,album_sidecar_track,track,Various Artists,I’m Not in Love,2014,us,album_bound_track_no_safe_match,10,39,0,1570395322,,false
album_sidecar_track:album|various artists|guardians of the galaxy awesome mix vol 1@@1@@8@@@@come and get your love:album_bound_track_no_safe_match:1570395322,apple_music_sidecar_track_album_bound_pass_v1,album|various artists|guardians of the galaxy awesome mix vol 1@@1@@8@@@@come and get your love,album_sidecar_track,track,Various Artists,Come and Get Your Love,2014,us,album_bound_track_no_safe_match,9,42,5,1570395322,,false
album_sidecar_track:album|various artists|hercules@@1@@1@@@@ieri era zero:album_bound_track_no_safe_match:1412858854,apple_music_sidecar_track_album_bound_pass_v1,album|various artists|hercules@@1@@1@@@@ieri era zero,album_sidecar_track,track,Various Artists,Ieri era zero,1997,us,album_bound_track_no_safe_match,24,36,9,1412858854,,false
album_sidecar_track:album|various artists|hercules@@1@@2@@@@questa e la realta:album_bound_track_no_safe_match:1412858854,apple_music_sidecar_track_album_bound_pass_v1,album|various artists|hercules@@1@@2@@@@questa e la realta,album_sidecar_track,track,Various Artists,Questa è la realtà,1997,us,album_bound_track_no_safe_match,24,49,9,1412858854,,false
album_sidecar_track:album|various artists|hercules@@1@@3@@@@posso farcela:album_bound_track_no_safe_match:1412858854,apple_music_sidecar_track_album_bound_pass_v1,album|various artists|hercules@@1@@3@@@@posso farcela,album_sidecar_track,track,Various Artists,Posso farcela,1997,us,album_bound_track_no_safe_match,24,34,10,1412858854,,false
album_sidecar_track:album|various artists|hercules@@1@@4@@@@e nata una star:album_bound_track_no_safe_match:1412858854,apple_music_sidecar_track_album_bound_pass_v1,album|various artists|hercules@@1@@4@@@@e nata una star,album_sidecar_track,track,Various Artists,È nata una star,1997,us,album_bound_track_no_safe_match,24,33,9,1412858854,,false
album_sidecar_track:album|various artists|hercules@@1@@5@@@@l ultima speranza:album_bound_track_no_safe_match:1412858854,apple_music_sidecar_track_album_bound_pass_v1,album|various artists|hercules@@1@@5@@@@l ultima speranza,album_sidecar_track,track,Various Artists,L'ultima speranza,1997,us,album_bound_track_no_safe_match,24,37,9,1412858854,,false
album_sidecar_track:album|various artists|moana@@1@@1@@@@sands of time prelude:album_bound_track_no_safe_match:1440634928,apple_music_sidecar_track_album_bound_pass_v1,album|various artists|moana@@1@@1@@@@sands of time prelude,album_sidecar_track,track,Various Artists,Sands of Time (Prelude),2016,us,album_bound_track_no_safe_match,40,36,8,1440634928,,false
album_sidecar_track:album|various artists|moana@@1@@10@@@@loimata e maligi:album_bound_track_no_safe_match:1440634928,apple_music_sidecar_track_album_bound_pass_v1,album|various artists|moana@@1@@10@@@@loimata e maligi,album_sidecar_track,track,Various Artists,Loimata E Maligi,2016,us,album_bound_track_no_safe_match,40,31,0,1440634928,,false
album_sidecar_track:album|various artists|moana@@1@@11@@@@hawaiian swing medley or 1930 s:album_bound_track_no_safe_match:1440634928,apple_music_sidecar_track_album_bound_pass_v1,album|various artists|moana@@1@@11@@@@hawaiian swing medley or 1930 s,album_sidecar_track,track,Various Artists,Hawaiian Swing Medley or the 1930's,2016,us,album_bound_track_no_safe_match,40,31,12,1440634928,,false
album_sidecar_track:album|various artists|moana@@1@@12@@@@kahu:album_bound_track_no_safe_match:1440634928,apple_music_sidecar_track_album_bound_pass_v1,album|various artists|moana@@1@@12@@@@kahu,album_sidecar_track,track,Various Artists,Kahu,2016,us,album_bound_track_no_safe_match,40,31,9,1440634928,,false
album_sidecar_track:album|various artists|moana@@1@@13@@@@lakalaka:album_bound_track_no_safe_match:1440634928,apple_music_sidecar_track_album_bound_pass_v1,album|various artists|moana@@1@@13@@@@lakalaka,album_sidecar_track,track,Various Artists,Lakalaka,2016,us,album_bound_track_no_safe_match,40,31,3,1440634928,,false
album_sidecar_track:album|various artists|moana@@1@@2@@@@kahiki nui:album_bound_track_no_safe_match:1440634928,apple_music_sidecar_track_album_bound_pass_v1,album|various artists|moana@@1@@2@@@@kahiki nui,album_sidecar_track,track,Various Artists,Kahiki Nui,2016,us,album_bound_track_no_safe_match,40,35,0,1440634928,,false
album_sidecar_track:album|various artists|moana@@1@@3@@@@le haka des neneva:album_bound_track_no_safe_match:1440634928,apple_music_sidecar_track_album_bound_pass_v1,album|various artists|moana@@1@@3@@@@le haka des neneva,album_sidecar_track,track,Various Artists,Le Haka Des Neneva,2016,us,album_bound_track_no_safe_match,40,34,0,1440634928,,false
album_sidecar_track:album|various artists|moana@@1@@4@@@@teivovo bula reconnection mix:album_bound_track_no_safe_match:1440634928,apple_music_sidecar_track_album_bound_pass_v1,album|various artists|moana@@1@@4@@@@teivovo bula reconnection mix,album_sidecar_track,track,Various Artists,Teivovo (Bula Reconnection mix),2016,us,album_bound_track_no_safe_match,40,33,0,1440634928,,false
album_sidecar_track:album|various artists|moana@@1@@5@@@@black pearl:album_bound_track_no_safe_match:1440634928,apple_music_sidecar_track_album_bound_pass_v1,album|various artists|moana@@1@@5@@@@black pearl,album_sidecar_track,track,Various Artists,Black Pearl,2016,us,album_bound_track_no_safe_match,40,32,8,1440634928,,false
album_sidecar_track:album|various artists|moana@@1@@6@@@@ote a upaupa:album_bound_track_no_safe_match:1440634928,apple_music_sidecar_track_album_bound_pass_v1,album|various artists|moana@@1@@6@@@@ote a upaupa,album_sidecar_track,track,Various Artists,Ote'a Upaupa,2016,us,album_bound_track_no_safe_match,40,31,0,1440634928,,false
album_sidecar_track:album|various artists|moana@@1@@7@@@@maraamu:album_bound_track_no_safe_match:1440634928,apple_music_sidecar_track_album_bound_pass_v1,album|various artists|moana@@1@@7@@@@maraamu,album_sidecar_track,track,Various Artists,Maraamu,2016,us,album_bound_track_no_safe_match,40,31,13,1440634928,,false
album_sidecar_track:album|various artists|moana@@1@@8@@@@oleti:album_bound_track_no_safe_match:1440634928,apple_music_sidecar_track_album_bound_pass_v1,album|various artists|moana@@1@@8@@@@oleti,album_sidecar_track,track,Various Artists,Oleti,2016,us,album_bound_track_no_safe_match,40,31,0,1440634928,,false
album_sidecar_track:album|various artists|moana@@1@@9@@@@matira:album_bound_track_no_safe_match:1440634928,apple_music_sidecar_track_album_bound_pass_v1,album|various artists|moana@@1@@9@@@@matira,album_sidecar_track,track,Various Artists,Matira,2016,us,album_bound_track_no_safe_match,40,31,5,1440634928,,false
album_sidecar_track:album|various artists|pulp fiction@@1@@1@@@@let s stay together:album_bound_track_no_safe_match:1469583186,apple_music_sidecar_track_album_bound_pass_v1,album|various artists|pulp fiction@@1@@1@@@@let s stay together,album_sidecar_track,track,Various Artists,Let’s Stay Together,1994,us,album_bound_track_no_safe_match,20,40,36,1469583186,,false
album_sidecar_track:album|various artists|pulp fiction@@1@@4@@@@son of a preacher man:album_bound_track_no_safe_match:1469583186,apple_music_sidecar_track_album_bound_pass_v1,album|various artists|pulp fiction@@1@@4@@@@son of a preacher man,album_sidecar_track,track,Various Artists,Son of a Preacher Man,1994,us,album_bound_track_no_safe_match,18,39,9,1469583186,,false
album_sidecar_track:album|various artists|pulp fiction@@1@@5@@@@strawberry letter 23:album_bound_track_no_safe_match:1469583186,apple_music_sidecar_track_album_bound_pass_v1,album|various artists|pulp fiction@@1@@5@@@@strawberry letter 23,album_sidecar_track,track,Various Artists,Strawberry Letter #23,1994,us,album_bound_track_no_safe_match,18,32,9,1469583186,,false
album_sidecar_track:album|various artists|romeo juliet@@1@@1@@@@prologue:album_bound_track_no_safe_match:1467520632,apple_music_sidecar_track_album_bound_pass_v1,album|various artists|romeo juliet@@1@@1@@@@prologue,album_sidecar_track,track,Various Artists,Prologue,1996,us,album_bound_track_no_safe_match,11,36,-1,1467520632,,false
album_sidecar_track:album|various artists|romeo juliet@@1@@10@@@@balcony scene:album_bound_track_no_safe_match:1467520632,apple_music_sidecar_track_album_bound_pass_v1,album|various artists|romeo juliet@@1@@10@@@@balcony scene,album_sidecar_track,track,Various Artists,Balcony Scene,1996,us,album_bound_track_no_safe_match,11,41,7,1467520632,,false
album_sidecar_track:album|various artists|romeo juliet@@1@@11@@@@when doves cry:album_bound_track_no_safe_match:1467520632,apple_music_sidecar_track_album_bound_pass_v1,album|various artists|romeo juliet@@1@@11@@@@when doves cry,album_sidecar_track,track,Various Artists,When Doves Cry,1996,us,album_bound_track_no_safe_match,11,31,0,1467520632,,false
album_sidecar_track:album|various artists|romeo juliet@@1@@12@@@@a challenge:album_bound_track_no_safe_match:1467520632,apple_music_sidecar_track_album_bound_pass_v1,album|various artists|romeo juliet@@1@@12@@@@a challenge,album_sidecar_track,track,Various Artists,A Challenge,1996,us,album_bound_track_no_safe_match,11,0,-1,1467520632,,false
album_sidecar_track:album|various artists|romeo juliet@@1@@13@@@@tybalt arrives:album_bound_track_no_safe_match:1467520632,apple_music_sidecar_track_album_bound_pass_v1,album|various artists|romeo juliet@@1@@13@@@@tybalt arrives,album_sidecar_track,track,Various Artists,Tybalt Arrives,1996,us,album_bound_track_no_safe_match,11,0,-1,1467520632,,false
album_sidecar_track:album|various artists|romeo juliet@@1@@14@@@@fight scene:album_bound_track_no_safe_match:1467520632,apple_music_sidecar_track_album_bound_pass_v1,album|various artists|romeo juliet@@1@@14@@@@fight scene,album_sidecar_track,track,Various Artists,Fight Scene,1996,us,album_bound_track_no_safe_match,11,0,-1,1467520632,,false
album_sidecar_track:album|various artists|romeo juliet@@1@@15@@@@mercutio s death:album_bound_track_no_safe_match:1467520632,apple_music_sidecar_track_album_bound_pass_v1,album|various artists|romeo juliet@@1@@15@@@@mercutio s death,album_sidecar_track,track,Various Artists,Mercutio’s Death,1996,us,album_bound_track_no_safe_match,11,0,-1,1467520632,,false
album_sidecar_track:album|various artists|romeo juliet@@1@@16@@@@drive of death:album_bound_track_no_safe_match:1467520632,apple_music_sidecar_track_album_bound_pass_v1,album|various artists|romeo juliet@@1@@16@@@@drive of death,album_sidecar_track,track,Various Artists,Drive of Death,1996,us,album_bound_track_no_safe_match,11,0,-1,1467520632,,false
album_sidecar_track:album|various artists|romeo juliet@@1@@17@@@@slow movement:album_bound_track_no_safe_match:1467520632,apple_music_sidecar_track_album_bound_pass_v1,album|various artists|romeo juliet@@1@@17@@@@slow movement,album_sidecar_track,track,Various Artists,Slow Movement,1996,us,album_bound_track_no_safe_match,11,0,-1,1467520632,,false
album_sidecar_track:album|various artists|romeo juliet@@1@@18@@@@morning breaks:album_bound_track_no_safe_match:1467520632,apple_music_sidecar_track_album_bound_pass_v1,album|various artists|romeo juliet@@1@@18@@@@morning breaks,album_sidecar_track,track,Various Artists,Morning Breaks,1996,us,album_bound_track_no_safe_match,11,0,-1,1467520632,,false
album_sidecar_track:album|various artists|romeo juliet@@1@@19@@@@juliet s requiem:album_bound_track_no_safe_match:1467520632,apple_music_sidecar_track_album_bound_pass_v1,album|various artists|romeo juliet@@1@@19@@@@juliet s requiem,album_sidecar_track,track,Various Artists,Juliet’s Requiem,1996,us,album_bound_track_no_safe_match,11,0,-1,1467520632,,false
album_sidecar_track:album|various artists|romeo juliet@@1@@2@@@@o verona:album_bound_track_no_safe_match:1467520632,apple_music_sidecar_track_album_bound_pass_v1,album|various artists|romeo juliet@@1@@2@@@@o verona,album_sidecar_track,track,Various Artists,O Verona,1996,us,album_bound_track_no_safe_match,11,35,0,1467520632,,false
album_sidecar_track:album|various artists|romeo juliet@@1@@20@@@@mantua:album_bound_track_no_safe_match:1467520632,apple_music_sidecar_track_album_bound_pass_v1,album|various artists|romeo juliet@@1@@20@@@@mantua,album_sidecar_track,track,Various Artists,Mantua,1996,us,album_bound_track_no_safe_match,11,0,-1,1467520632,,false
album_sidecar_track:album|various artists|romeo juliet@@1@@21@@@@escape from mantua:album_bound_track_no_safe_match:1467520632,apple_music_sidecar_track_album_bound_pass_v1,album|various artists|romeo juliet@@1@@21@@@@escape from mantua,album_sidecar_track,track,Various Artists,Escape From Mantua,1996,us,album_bound_track_no_safe_match,11,0,-1,1467520632,,false
album_sidecar_track:album|various artists|romeo juliet@@1@@22@@@@death scene:album_bound_track_no_safe_match:1467520632,apple_music_sidecar_track_album_bound_pass_v1,album|various artists|romeo juliet@@1@@22@@@@death scene,album_sidecar_track,track,Various Artists,Death Scene,1996,us,album_bound_track_no_safe_match,11,4,0,1467520632,,false
album_sidecar_track:album|various artists|romeo juliet@@1@@23@@@@liebestod:album_bound_track_no_safe_match:1467520632,apple_music_sidecar_track_album_bound_pass_v1,album|various artists|romeo juliet@@1@@23@@@@liebestod,album_sidecar_track,track,Various Artists,Liebestod,1996,us,album_bound_track_no_safe_match,11,0,-1,1467520632,,false
album_sidecar_track:album|various artists|romeo juliet@@1@@24@@@@epilogue:album_bound_track_no_safe_match:1467520632,apple_music_sidecar_track_album_bound_pass_v1,album|various artists|romeo juliet@@1@@24@@@@epilogue,album_sidecar_track,track,Various Artists,Epilogue,1996,us,album_bound_track_no_safe_match,11,0,-1,1467520632,,false
album_sidecar_track:album|various artists|romeo juliet@@1@@3@@@@montague boys:album_bound_track_no_safe_match:1467520632,apple_music_sidecar_track_album_bound_pass_v1,album|various artists|romeo juliet@@1@@3@@@@montague boys,album_sidecar_track,track,Various Artists,The Montague Boys,1996,us,album_bound_track_no_safe_match,11,34,0,1467520632,,false
album_sidecar_track:album|various artists|romeo juliet@@1@@4@@@@gas station scene:album_bound_track_no_safe_match:1467520632,apple_music_sidecar_track_album_bound_pass_v1,album|various artists|romeo juliet@@1@@4@@@@gas station scene,album_sidecar_track,track,Various Artists,Gas Station Scene,1996,us,album_bound_track_no_safe_match,11,33,0,1467520632,,false
album_sidecar_track:album|various artists|romeo juliet@@1@@5@@@@o verona reprise:album_bound_track_no_safe_match:1467520632,apple_music_sidecar_track_album_bound_pass_v1,album|various artists|romeo juliet@@1@@5@@@@o verona reprise,album_sidecar_track,track,Various Artists,O Verona (reprise),1996,us,album_bound_track_no_safe_match,11,32,0,1467520632,,false
album_sidecar_track:album|various artists|romeo juliet@@1@@6@@@@introduction to romeo:album_bound_track_no_safe_match:1467520632,apple_music_sidecar_track_album_bound_pass_v1,album|various artists|romeo juliet@@1@@6@@@@introduction to romeo,album_sidecar_track,track,Various Artists,Introduction to Romeo,1996,us,album_bound_track_no_safe_match,11,31,0,1467520632,,false
album_sidecar_track:album|various artists|romeo juliet@@1@@7@@@@queen mab interlude:album_bound_track_no_safe_match:1467520632,apple_music_sidecar_track_album_bound_pass_v1,album|various artists|romeo juliet@@1@@7@@@@queen mab interlude,album_sidecar_track,track,Various Artists,Queen Mab Interlude,1996,us,album_bound_track_no_safe_match,11,31,0,1467520632,,false
album_sidecar_track:album|various artists|romeo juliet@@1@@8@@@@young hearts run free ballroom version:album_bound_track_no_safe_match:1467520632,apple_music_sidecar_track_album_bound_pass_v1,album|various artists|romeo juliet@@1@@8@@@@young hearts run free ballroom version,album_sidecar_track,track,Various Artists,Young Hearts Run Free (ballroom version),1996,us,album_bound_track_no_safe_match,11,31,0,1467520632,,false
album_sidecar_track:album|various artists|romeo juliet@@1@@9@@@@kissing you love theme from romeo juliet instrumental:album_bound_track_no_safe_match:1467520632,apple_music_sidecar_track_album_bound_pass_v1,album|various artists|romeo juliet@@1@@9@@@@kissing you love theme from romeo juliet instrumental,album_sidecar_track,track,Various Artists,Kissing You (love theme from Romeo + Juliet) (instrumental),1996,us,album_bound_track_no_safe_match,11,31,21,1467520632,,false
album_sidecar_track:album|various artists|saturday night fever@@1@@1@@@@i m gonna rock:album_bound_track_no_safe_match:1445668458,apple_music_sidecar_track_album_bound_pass_v1,album|various artists|saturday night fever@@1@@1@@@@i m gonna rock,album_sidecar_track,track,Various Artists,I'm Gonna Rock,1977,us,album_bound_track_no_safe_match,17,36,5,1445668458,,false
album_sidecar_track:album|various artists|saturday night fever@@1@@10@@@@waking up baby:album_bound_track_no_safe_match:1445668458,apple_music_sidecar_track_album_bound_pass_v1,album|various artists|saturday night fever@@1@@10@@@@waking up baby,album_sidecar_track,track,Various Artists,Waking Up Baby,1977,us,album_bound_track_no_safe_match,17,31,1,1445668458,,false
album_sidecar_track:album|various artists|saturday night fever@@1@@11@@@@a sleeping at foot of bed:album_bound_track_no_safe_match:1445668458,apple_music_sidecar_track_album_bound_pass_v1,album|various artists|saturday night fever@@1@@11@@@@a sleeping at foot of bed,album_sidecar_track,track,Various Artists,A-Sleeping At The Foot Of The Bed,1977,us,album_bound_track_no_safe_match,17,31,6,1445668458,,false
album_sidecar_track:album|various artists|saturday night fever@@1@@12@@@@baby don t you want to go:album_bound_track_no_safe_match:1445668458,apple_music_sidecar_track_album_bound_pass_v1,album|various artists|saturday night fever@@1@@12@@@@baby don t you want to go,album_sidecar_track,track,Various Artists,Baby Don't You Want To Go,1977,us,album_bound_track_no_safe_match,17,31,9,1445668458,,false
album_sidecar_track:album|various artists|saturday night fever@@1@@13@@@@chattanooga shoe shine boy:album_bound_track_no_safe_match:1445668458,apple_music_sidecar_track_album_bound_pass_v1,album|various artists|saturday night fever@@1@@13@@@@chattanooga shoe shine boy,album_sidecar_track,track,Various Artists,Chattanooga Shoe Shine Boy,1977,us,album_bound_track_no_safe_match,17,31,1,1445668458,,false
album_sidecar_track:album|various artists|saturday night fever@@1@@14@@@@pan american boogie:album_bound_track_no_safe_match:1445668458,apple_music_sidecar_track_album_bound_pass_v1,album|various artists|saturday night fever@@1@@14@@@@pan american boogie,album_sidecar_track,track,Various Artists,Pan American Boogie,1977,us,album_bound_track_no_safe_match,17,31,10,1445668458,,false
album_sidecar_track:album|various artists|saturday night fever@@1@@15@@@@marijuana boogie:album_bound_track_no_safe_match:1445668458,apple_music_sidecar_track_album_bound_pass_v1,album|various artists|saturday night fever@@1@@15@@@@marijuana boogie,album_sidecar_track,track,Various Artists,Marijuana Boogie,1977,us,album_bound_track_no_safe_match,17,31,10,1445668458,,false
album_sidecar_track:album|various artists|saturday night fever@@1@@16@@@@bingo boogie:album_bound_track_no_safe_match:1445668458,apple_music_sidecar_track_album_bound_pass_v1,album|various artists|saturday night fever@@1@@16@@@@bingo boogie,album_sidecar_track,track,Various Artists,Bingo Boogie,1977,us,album_bound_track_no_safe_match,17,31,0,1445668458,,false
album_sidecar_track:album|various artists|saturday night fever@@1@@17@@@@run mister rabbit:album_bound_track_no_safe_match:1445668458,apple_music_sidecar_track_album_bound_pass_v1,album|various artists|saturday night fever@@1@@17@@@@run mister rabbit,album_sidecar_track,track,Various Artists,Run Mister Rabbit,1977,us,album_bound_track_no_safe_match,17,31,9,1445668458,,false
album_sidecar_track:album|various artists|saturday night fever@@1@@18@@@@when rooster crows:album_bound_track_no_safe_match:1445668458,apple_music_sidecar_track_album_bound_pass_v1,album|various artists|saturday night fever@@1@@18@@@@when rooster crows,album_sidecar_track,track,Various Artists,When The Rooster Crows,1977,us,album_bound_track_no_safe_match,17,10,9,1445668458,,false
album_sidecar_track:album|various artists|saturday night fever@@1@@2@@@@rockin at home:album_bound_track_no_safe_match:1445668458,apple_music_sidecar_track_album_bound_pass_v1,album|various artists|saturday night fever@@1@@2@@@@rockin at home,album_sidecar_track,track,Various Artists,Rockin' At Home,1977,us,album_bound_track_no_safe_match,17,35,6,1445668458,,false
album_sidecar_track:album|various artists|saturday night fever@@1@@3@@@@shout sister shout:album_bound_track_no_safe_match:1445668458,apple_music_sidecar_track_album_bound_pass_v1,album|various artists|saturday night fever@@1@@3@@@@shout sister shout,album_sidecar_track,track,Various Artists,Shout Sister Shout,1977,us,album_bound_track_no_safe_match,17,34,1,1445668458,,false
album_sidecar_track:album|various artists|saturday night fever@@1@@4@@@@gonna paint town red:album_bound_track_no_safe_match:1445668458,apple_music_sidecar_track_album_bound_pass_v1,album|various artists|saturday night fever@@1@@4@@@@gonna paint town red,album_sidecar_track,track,Various Artists,Gonna Paint The Town Red,1977,us,album_bound_track_no_safe_match,17,33,5,1445668458,,false
album_sidecar_track:album|various artists|saturday night fever@@1@@5@@@@i m so glad i could jump and shout:album_bound_track_no_safe_match:1445668458,apple_music_sidecar_track_album_bound_pass_v1,album|various artists|saturday night fever@@1@@5@@@@i m so glad i could jump and shout,album_sidecar_track,track,Various Artists,I'm So Glad I Could Jump And Shout,1977,us,album_bound_track_no_safe_match,17,32,9,1445668458,,false
album_sidecar_track:album|various artists|saturday night fever@@1@@6@@@@we re gonna go fishin:album_bound_track_no_safe_match:1445668458,apple_music_sidecar_track_album_bound_pass_v1,album|various artists|saturday night fever@@1@@6@@@@we re gonna go fishin,album_sidecar_track,track,Various Artists,We're Gonna Go Fishin',1977,us,album_bound_track_no_safe_match,17,31,5,1445668458,,false
album_sidecar_track:album|various artists|saturday night fever@@1@@7@@@@little red hen:album_bound_track_no_safe_match:1445668458,apple_music_sidecar_track_album_bound_pass_v1,album|various artists|saturday night fever@@1@@7@@@@little red hen,album_sidecar_track,track,Various Artists,Little Red Hen,1977,us,album_bound_track_no_safe_match,17,31,5,1445668458,,false
album_sidecar_track:album|various artists|saturday night fever@@1@@8@@@@ain t get no grindin:album_bound_track_no_safe_match:1445668458,apple_music_sidecar_track_album_bound_pass_v1,album|various artists|saturday night fever@@1@@8@@@@ain t get no grindin,album_sidecar_track,track,Various Artists,Ain't Get No Grindin',1977,us,album_bound_track_no_safe_match,17,31,1,1445668458,,false
album_sidecar_track:album|various artists|saturday night fever@@1@@9@@@@saturday night fish fry:album_bound_track_no_safe_match:1445668458,apple_music_sidecar_track_album_bound_pass_v1,album|various artists|saturday night fever@@1@@9@@@@saturday night fish fry,album_sidecar_track,track,Various Artists,Saturday Night Fish Fry,1977,us,album_bound_track_no_safe_match,17,31,14,1445668458,,false
album_sidecar_track:album|various artists|singles@@1@@1@@@@searching:album_bound_track_no_safe_match:192995929,apple_music_sidecar_track_album_bound_pass_v1,album|various artists|singles@@1@@1@@@@searching,album_sidecar_track,track,Various Artists,Searching,1992,us,album_bound_track_no_safe_match,13,36,-1,192995929,,false
album_sidecar_track:album|various artists|singles@@1@@2@@@@bypass:album_bound_track_no_safe_match:192995929,apple_music_sidecar_track_album_bound_pass_v1,album|various artists|singles@@1@@2@@@@bypass,album_sidecar_track,track,Various Artists,Bypass,1992,us,album_bound_track_no_safe_match,13,35,0,192995929,,false
album_sidecar_track:album|various artists|singles@@1@@3@@@@adrenachrome:album_bound_track_no_safe_match:192995929,apple_music_sidecar_track_album_bound_pass_v1,album|various artists|singles@@1@@3@@@@adrenachrome,album_sidecar_track,track,Various Artists,Adrenachrome,1992,us,album_bound_track_no_safe_match,13,34,0,192995929,,false
album_sidecar_track:album|various artists|singles@@1@@4@@@@acid test:album_bound_track_no_safe_match:192995929,apple_music_sidecar_track_album_bound_pass_v1,album|various artists|singles@@1@@4@@@@acid test,album_sidecar_track,track,Various Artists,The Acid Test,1992,us,album_bound_track_no_safe_match,13,33,0,192995929,,false
album_sidecar_track:album|various artists|singles@@1@@5@@@@manley:album_bound_track_no_safe_match:192995929,apple_music_sidecar_track_album_bound_pass_v1,album|various artists|singles@@1@@5@@@@manley,album_sidecar_track,track,Various Artists,Manley,1992,us,album_bound_track_no_safe_match,13,32,0,192995929,,false
album_sidecar_track:album|various artists|singles@@1@@6@@@@black hole:album_bound_track_no_safe_match:192995929,apple_music_sidecar_track_album_bound_pass_v1,album|various artists|singles@@1@@6@@@@black hole,album_sidecar_track,track,Various Artists,Black Hole,1992,us,album_bound_track_no_safe_match,13,31,8,192995929,,false
album_sidecar_track:album|various artists|singles@@1@@7@@@@electronic brain stimulation:album_bound_track_no_safe_match:192995929,apple_music_sidecar_track_album_bound_pass_v1,album|various artists|singles@@1@@7@@@@electronic brain stimulation,album_sidecar_track,track,Various Artists,The Electronic Brain Stimulation,1992,us,album_bound_track_no_safe_match,13,31,0,192995929,,false
album_sidecar_track:album|various artists|singles@@1@@8@@@@be serious:album_bound_track_no_safe_match:192995929,apple_music_sidecar_track_album_bound_pass_v1,album|various artists|singles@@1@@8@@@@be serious,album_sidecar_track,track,Various Artists,Be Serious,1992,us,album_bound_track_no_safe_match,13,31,0,192995929,,false
album_sidecar_track:album|various artists|specialty story@@1@@10@@@@tear drop blues:album_bound_track_no_safe_match:1568797646,apple_music_sidecar_track_album_bound_pass_v1,album|various artists|specialty story@@1@@10@@@@tear drop blues,album_sidecar_track,track,Various Artists,Tear Drop Blues,1994,us,album_bound_track_no_safe_match,106,45,9,1568797646,,false
album_sidecar_track:album|various artists|specialty story@@1@@17@@@@hop skip jump:album_bound_track_no_safe_match:1568797646,apple_music_sidecar_track_album_bound_pass_v1,album|various artists|specialty story@@1@@17@@@@hop skip jump,album_sidecar_track,track,Various Artists,"Hop, Skip, Jump",1994,us,album_bound_track_no_safe_match,106,45,9,1568797646,,false
album_sidecar_track:album|various artists|specialty story@@3@@25@@@@one more river:album_bound_track_no_safe_match:1568797646,apple_music_sidecar_track_album_bound_pass_v1,album|various artists|specialty story@@3@@25@@@@one more river,album_sidecar_track,track,Various Artists,One More River,1994,us,album_bound_track_no_safe_match,56,33,9,1568797646,,false
album_sidecar_track:album|various artists|specialty story@@4@@15@@@@every time i hear that mellow saxaphone:album_bound_track_no_safe_match:1568797646,apple_music_sidecar_track_album_bound_pass_v1,album|various artists|specialty story@@4@@15@@@@every time i hear that mellow saxaphone,album_sidecar_track,track,Various Artists,(Every Time I Hear That) Mellow Saxaphone,1994,us,album_bound_track_no_safe_match,41,9,9,1568797646,,false
album_sidecar_track:album|various artists|surf age nuggets@@1@@10@@@@slaughter on 10th avenue:album_bound_track_no_safe_match:1458352553,apple_music_sidecar_track_album_bound_pass_v1,album|various artists|surf age nuggets@@1@@10@@@@slaughter on 10th avenue,album_sidecar_track,track,Various Artists,Slaughter on 10th Avenue,1996,us,album_bound_track_no_safe_match,15,55,0,1458352553,,false
album_sidecar_track:album|various artists|surf age nuggets@@1@@18@@@@dont call me fly face:album_bound_track_no_safe_match:1458352553,apple_music_sidecar_track_album_bound_pass_v1,album|various artists|surf age nuggets@@1@@18@@@@dont call me fly face,album_sidecar_track,track,Various Artists,Dont Call Me Fly Face,1996,us,album_bound_track_no_safe_match,15,31,0,1458352553,,false
album_sidecar_track:album|various artists|surf age nuggets@@1@@19@@@@garden of eden part ii:album_bound_track_no_safe_match:1458352553,apple_music_sidecar_track_album_bound_pass_v1,album|various artists|surf age nuggets@@1@@19@@@@garden of eden part ii,album_sidecar_track,track,Various Artists,Garden of Eden Part II,1996,us,album_bound_track_no_safe_match,15,31,0,1458352553,,false
album_sidecar_track:album|various artists|surf age nuggets@@1@@21@@@@80 foot wave:album_bound_track_no_safe_match:1458352553,apple_music_sidecar_track_album_bound_pass_v1,album|various artists|surf age nuggets@@1@@21@@@@80 foot wave,album_sidecar_track,track,Various Artists,80 Foot Wave,1996,us,album_bound_track_no_safe_match,15,45,0,1458352553,,false
album_sidecar_track:album|various artists|surf age nuggets@@1@@24@@@@khj radio jingle:album_bound_track_no_safe_match:1458352553,apple_music_sidecar_track_album_bound_pass_v1,album|various artists|surf age nuggets@@1@@24@@@@khj radio jingle,album_sidecar_track,track,Various Artists,KHJ Radio Jingle,1996,us,album_bound_track_no_safe_match,15,55,0,1458352553,,false
album_sidecar_track:album|various artists|surf age nuggets@@2@@19@@@@pipeline pete commercial:album_bound_track_no_safe_match:1458352553,apple_music_sidecar_track_album_bound_pass_v1,album|various artists|surf age nuggets@@2@@19@@@@pipeline pete commercial,album_sidecar_track,track,Various Artists,Pipeline Pete Commercial,1996,us,album_bound_track_no_safe_match,15,60,19,1458352553,,false
album_sidecar_track:album|various artists|surf age nuggets@@2@@6@@@@vox instruments radio commercial:album_bound_track_no_safe_match:1458352553,apple_music_sidecar_track_album_bound_pass_v1,album|various artists|surf age nuggets@@2@@6@@@@vox instruments radio commercial,album_sidecar_track,track,Various Artists,Vox Instruments Radio Commercial,1996,us,album_bound_track_no_safe_match,15,55,0,1458352553,,false
album_sidecar_track:album|various artists|surf age nuggets@@3@@10@@@@horror of beach party trailer:album_bound_track_no_safe_match:1458352553,apple_music_sidecar_track_album_bound_pass_v1,album|various artists|surf age nuggets@@3@@10@@@@horror of beach party trailer,album_sidecar_track,track,Various Artists,The Horror of Beach Party Trailer,1996,us,album_bound_track_no_safe_match,15,55,0,1458352553,,false
album_sidecar_track:album|various artists|surf age nuggets@@3@@20@@@@cry of atlantis:album_bound_track_no_safe_match:1458352553,apple_music_sidecar_track_album_bound_pass_v1,album|various artists|surf age nuggets@@3@@20@@@@cry of atlantis,album_sidecar_track,track,Various Artists,Cry of Atlantis,1996,us,album_bound_track_no_safe_match,15,31,0,1458352553,,false
album_sidecar_track:album|various artists|surf age nuggets@@3@@8@@@@ce ny:album_bound_track_no_safe_match:1458352553,apple_music_sidecar_track_album_bound_pass_v1,album|various artists|surf age nuggets@@3@@8@@@@ce ny,album_sidecar_track,track,Various Artists,Ce’ny,1996,us,album_bound_track_no_safe_match,15,31,0,1458352553,,false
album_sidecar_track:album|various artists|surf age nuggets@@4@@23@@@@trailer house of haunted hill:album_bound_track_no_safe_match:1458352553,apple_music_sidecar_track_album_bound_pass_v1,album|various artists|surf age nuggets@@4@@23@@@@trailer house of haunted hill,album_sidecar_track,track,Various Artists,Trailer: The House of Haunted Hill,1996,us,album_bound_track_no_safe_match,15,31,19,1458352553,,false
album_sidecar_track:album|various artists|surf age nuggets@@4@@24@@@@house of haunted hill:album_bound_track_no_safe_match:1458352553,apple_music_sidecar_track_album_bound_pass_v1,album|various artists|surf age nuggets@@4@@24@@@@house of haunted hill,album_sidecar_track,track,Various Artists,House of Haunted Hill,1996,us,album_bound_track_no_safe_match,15,31,0,1458352553,,false
album_sidecar_track:album|various artists|surf age nuggets@@4@@28@@@@radio commercials:album_bound_track_no_safe_match:1458352553,apple_music_sidecar_track_album_bound_pass_v1,album|various artists|surf age nuggets@@4@@28@@@@radio commercials,album_sidecar_track,track,Various Artists,Radio commercials,1996,us,album_bound_track_no_safe_match,15,31,19,1458352553,,false
album_sidecar_track:album|various artists|surf age nuggets@@4@@3@@@@trailer birds:album_bound_track_no_safe_match:1458352553,apple_music_sidecar_track_album_bound_pass_v1,album|various artists|surf age nuggets@@4@@3@@@@trailer birds,album_sidecar_track,track,Various Artists,Trailer: The Birds,1996,us,album_bound_track_no_safe_match,15,55,19,1458352553,,false
album_sidecar_track:album|various artists|surf age nuggets@@4@@8@@@@el tecolote:album_bound_track_no_safe_match:1458352553,apple_music_sidecar_track_album_bound_pass_v1,album|various artists|surf age nuggets@@4@@8@@@@el tecolote,album_sidecar_track,track,Various Artists,El Tecolote,1996,us,album_bound_track_no_safe_match,15,31,0,1458352553,,false
album_sidecar_track:album|various artists|tangled@@1@@1@@@@so you re still waiting:album_bound_track_no_safe_match:1440639057,apple_music_sidecar_track_album_bound_pass_v1,album|various artists|tangled@@1@@1@@@@so you re still waiting,album_sidecar_track,track,Various Artists,So You’re Still Waiting,2010,us,album_bound_track_no_safe_match,20,36,-1,1440639057,,false
album_sidecar_track:album|various artists|tangled@@1@@2@@@@idkfmrndcycle:album_bound_track_no_safe_match:1440639057,apple_music_sidecar_track_album_bound_pass_v1,album|various artists|tangled@@1@@2@@@@idkfmrndcycle,album_sidecar_track,track,Various Artists,Idkfmrndcycle,2010,us,album_bound_track_no_safe_match,20,35,5,1440639057,,false
album_sidecar_track:album|various artists|tangled@@1@@3@@@@glass city:album_bound_track_no_safe_match:1440639057,apple_music_sidecar_track_album_bound_pass_v1,album|various artists|tangled@@1@@3@@@@glass city,album_sidecar_track,track,Various Artists,Glass City,2010,us,album_bound_track_no_safe_match,20,34,9,1440639057,,false
album_sidecar_track:album|various artists|tangled@@1@@4@@@@1g m4:album_bound_track_no_safe_match:1440639057,apple_music_sidecar_track_album_bound_pass_v1,album|various artists|tangled@@1@@4@@@@1g m4,album_sidecar_track,track,Various Artists,Σ-1g-M4,2010,us,album_bound_track_no_safe_match,20,33,0,1440639057,,false
album_sidecar_track:album|various artists|tangled@@1@@5@@@@atmo tribal:album_bound_track_no_safe_match:1440639057,apple_music_sidecar_track_album_bound_pass_v1,album|various artists|tangled@@1@@5@@@@atmo tribal,album_sidecar_track,track,Various Artists,Atmo Tribal,2010,us,album_bound_track_no_safe_match,20,32,5,1440639057,,false
album_sidecar_track:album|various artists|tangled@@1@@6@@@@creepy haze:album_bound_track_no_safe_match:1440639057,apple_music_sidecar_track_album_bound_pass_v1,album|various artists|tangled@@1@@6@@@@creepy haze,album_sidecar_track,track,Various Artists,Creepy Haze,2010,us,album_bound_track_no_safe_match,20,31,0,1440639057,,false
album_sidecar_track:album|various artists|tangled@@1@@7@@@@trick that:album_bound_track_no_safe_match:1440639057,apple_music_sidecar_track_album_bound_pass_v1,album|various artists|tangled@@1@@7@@@@trick that,album_sidecar_track,track,Various Artists,Trick That,2010,us,album_bound_track_no_safe_match,20,31,8,1440639057,,false
album_sidecar_track:album|various artists|tangled@@1@@8@@@@coleos:album_bound_track_no_safe_match:1440639057,apple_music_sidecar_track_album_bound_pass_v1,album|various artists|tangled@@1@@8@@@@coleos,album_sidecar_track,track,Various Artists,Coleos,2010,us,album_bound_track_no_safe_match,20,31,0,1440639057,,false
album_sidecar_track:album|various artists|tangled@@1@@9@@@@medicina:album_bound_track_no_safe_match:1440639057,apple_music_sidecar_track_album_bound_pass_v1,album|various artists|tangled@@1@@9@@@@medicina,album_sidecar_track,track,Various Artists,Medicina,2010,us,album_bound_track_no_safe_match,20,31,0,1440639057,,false
album_sidecar_track:album|various artists|twilight@@1@@1@@@@piano sonata in c sharp minor op 27 no 2 moonlight i:album_bound_track_no_safe_match:294342468,apple_music_sidecar_track_album_bound_pass_v1,album|various artists|twilight@@1@@1@@@@piano sonata in c sharp minor op 27 no 2 moonlight i,album_sidecar_track,track,Various Artists,"Piano Sonata in C sharp minor, op. 27 no. 2 “Moonlight”: I.",2008,us,album_bound_track_no_safe_match,15,36,-1,294342468,,false
album_sidecar_track:album|various artists|twilight@@1@@10@@@@three small tone poems summer evening:album_bound_track_no_safe_match:294342468,apple_music_sidecar_track_album_bound_pass_v1,album|various artists|twilight@@1@@10@@@@three small tone poems summer evening,album_sidecar_track,track,Various Artists,Three Small Tone Poems: Summer Evening,2008,us,album_bound_track_no_safe_match,15,31,0,294342468,,false
album_sidecar_track:album|various artists|twilight@@1@@11@@@@tannhauser lied an den abendstern:album_bound_track_no_safe_match:294342468,apple_music_sidecar_track_album_bound_pass_v1,album|various artists|twilight@@1@@11@@@@tannhauser lied an den abendstern,album_sidecar_track,track,Various Artists,Tannhäuser: Lied an den Abendstern,2008,us,album_bound_track_no_safe_match,15,31,0,294342468,,false
album_sidecar_track:album|various artists|twilight@@1@@12@@@@suite bergamasque clair de lune:album_bound_track_no_safe_match:294342468,apple_music_sidecar_track_album_bound_pass_v1,album|various artists|twilight@@1@@12@@@@suite bergamasque clair de lune,album_sidecar_track,track,Various Artists,Suite bergamasque: Clair de lune,2008,us,album_bound_track_no_safe_match,15,31,19,294342468,,false
album_sidecar_track:album|various artists|twilight@@1@@13@@@@nights in spanish gardens i en el generalife:album_bound_track_no_safe_match:294342468,apple_music_sidecar_track_album_bound_pass_v1,album|various artists|twilight@@1@@13@@@@nights in spanish gardens i en el generalife,album_sidecar_track,track,Various Artists,Nights in the Spanish Gardens: I. En el Generalife,2008,us,album_bound_track_no_safe_match,15,31,0,294342468,,false
album_sidecar_track:album|various artists|twilight@@1@@2@@@@eine kleine nachtmusik k 525 ii:album_bound_track_no_safe_match:294342468,apple_music_sidecar_track_album_bound_pass_v1,album|various artists|twilight@@1@@2@@@@eine kleine nachtmusik k 525 ii,album_sidecar_track,track,Various Artists,"Eine kleine Nachtmusik, K. 525: II.",2008,us,album_bound_track_no_safe_match,15,35,0,294342468,,false
album_sidecar_track:album|various artists|twilight@@1@@3@@@@nocturne in f minor op 55 no 1:album_bound_track_no_safe_match:294342468,apple_music_sidecar_track_album_bound_pass_v1,album|various artists|twilight@@1@@3@@@@nocturne in f minor op 55 no 1,album_sidecar_track,track,Various Artists,"Nocturne in F minor, op. 55 no. 1",2008,us,album_bound_track_no_safe_match,15,34,9,294342468,,false
album_sidecar_track:album|various artists|twilight@@1@@4@@@@coppelia notturno:album_bound_track_no_safe_match:294342468,apple_music_sidecar_track_album_bound_pass_v1,album|various artists|twilight@@1@@4@@@@coppelia notturno,album_sidecar_track,track,Various Artists,Coppélia: Notturno,2008,us,album_bound_track_no_safe_match,15,33,0,294342468,,false
album_sidecar_track:album|various artists|twilight@@1@@5@@@@rodeo corral nocturne:album_bound_track_no_safe_match:294342468,apple_music_sidecar_track_album_bound_pass_v1,album|various artists|twilight@@1@@5@@@@rodeo corral nocturne,album_sidecar_track,track,Various Artists,Rodeo: Corral Nocturne,2008,us,album_bound_track_no_safe_match,15,32,9,294342468,,false
album_sidecar_track:album|various artists|twilight@@1@@6@@@@waltzes op 39 no 15 in a flat major:album_bound_track_no_safe_match:294342468,apple_music_sidecar_track_album_bound_pass_v1,album|various artists|twilight@@1@@6@@@@waltzes op 39 no 15 in a flat major,album_sidecar_track,track,Various Artists,"Waltzes, op. 39: No. 15 in A flat major",2008,us,album_bound_track_no_safe_match,15,31,0,294342468,,false
album_sidecar_track:album|various artists|twilight@@1@@7@@@@serenade op 31 notturno:album_bound_track_no_safe_match:294342468,apple_music_sidecar_track_album_bound_pass_v1,album|various artists|twilight@@1@@7@@@@serenade op 31 notturno,album_sidecar_track,track,Various Artists,"Serenade, op. 31: Notturno",2008,us,album_bound_track_no_safe_match,15,31,0,294342468,,false
album_sidecar_track:album|various artists|twilight@@1@@8@@@@chanson de nuit op 15 no 1:album_bound_track_no_safe_match:294342468,apple_music_sidecar_track_album_bound_pass_v1,album|various artists|twilight@@1@@8@@@@chanson de nuit op 15 no 1,album_sidecar_track,track,Various Artists,"Chanson de nuit, op. 15 no. 1",2008,us,album_bound_track_no_safe_match,15,36,9,294342468,,false
album_sidecar_track:album|various artists|twilight@@1@@9@@@@nocturne in a major:album_bound_track_no_safe_match:294342468,apple_music_sidecar_track_album_bound_pass_v1,album|various artists|twilight@@1@@9@@@@nocturne in a major,album_sidecar_track,track,Various Artists,Nocturne in A major,2008,us,album_bound_track_no_safe_match,15,31,9,294342468,,false
album_sidecar_track:album|various artists|wanted the outlaws@@1@@7@@@@heaven or hell:album_bound_track_no_safe_match:884302056,apple_music_sidecar_track_album_bound_pass_v1,album|various artists|wanted the outlaws@@1@@7@@@@heaven or hell,album_sidecar_track,track,Various Artists,Heaven or Hell,1976,us,album_bound_track_no_safe_match,1,45,,884302056,,false
album_sidecar_track:album|vicente fernandez|un azteca en el azteca@@1@@1@@@@no me se rajar:album_bound_track_no_safe_match:1149209970,apple_music_sidecar_track_album_bound_pass_v1,album|vicente fernandez|un azteca en el azteca@@1@@1@@@@no me se rajar,album_sidecar_track,track,Vicente Fernandez,No me sé rajar,2016,us,album_bound_track_no_safe_match,0,0,,1149209970,,false
album_sidecar_track:album|vicente fernandez|un azteca en el azteca@@1@@10@@@@el ultimo beso:album_bound_track_no_safe_match:1149209970,apple_music_sidecar_track_album_bound_pass_v1,album|vicente fernandez|un azteca en el azteca@@1@@10@@@@el ultimo beso,album_sidecar_track,track,Vicente Fernandez,El último beso,2016,us,album_bound_track_no_safe_match,0,0,,1149209970,,false
album_sidecar_track:album|vicente fernandez|un azteca en el azteca@@1@@11@@@@la derrota:album_bound_track_no_safe_match:1149209970,apple_music_sidecar_track_album_bound_pass_v1,album|vicente fernandez|un azteca en el azteca@@1@@11@@@@la derrota,album_sidecar_track,track,Vicente Fernandez,La derrota,2016,us,album_bound_track_no_safe_match,0,0,,1149209970,,false
album_sidecar_track:album|vicente fernandez|un azteca en el azteca@@1@@12@@@@para siempre:album_bound_track_no_safe_match:1149209970,apple_music_sidecar_track_album_bound_pass_v1,album|vicente fernandez|un azteca en el azteca@@1@@12@@@@para siempre,album_sidecar_track,track,Vicente Fernandez,Para siempre,2016,us,album_bound_track_no_safe_match,0,0,,1149209970,,false
album_sidecar_track:album|vicente fernandez|un azteca en el azteca@@1@@13@@@@un millon de primaveras:album_bound_track_no_safe_match:1149209970,apple_music_sidecar_track_album_bound_pass_v1,album|vicente fernandez|un azteca en el azteca@@1@@13@@@@un millon de primaveras,album_sidecar_track,track,Vicente Fernandez,Un millón de primaveras,2016,us,album_bound_track_no_safe_match,0,0,,1149209970,,false
album_sidecar_track:album|vicente fernandez|un azteca en el azteca@@1@@14@@@@estos celos:album_bound_track_no_safe_match:1149209970,apple_music_sidecar_track_album_bound_pass_v1,album|vicente fernandez|un azteca en el azteca@@1@@14@@@@estos celos,album_sidecar_track,track,Vicente Fernandez,Estos celos,2016,us,album_bound_track_no_safe_match,0,0,,1149209970,,false
album_sidecar_track:album|vicente fernandez|un azteca en el azteca@@1@@15@@@@paloma querida:album_bound_track_no_safe_match:1149209970,apple_music_sidecar_track_album_bound_pass_v1,album|vicente fernandez|un azteca en el azteca@@1@@15@@@@paloma querida,album_sidecar_track,track,Vicente Fernandez,Paloma querida,2016,us,album_bound_track_no_safe_match,0,0,,1149209970,,false
album_sidecar_track:album|vicente fernandez|un azteca en el azteca@@1@@16@@@@no volvere:album_bound_track_no_safe_match:1149209970,apple_music_sidecar_track_album_bound_pass_v1,album|vicente fernandez|un azteca en el azteca@@1@@16@@@@no volvere,album_sidecar_track,track,Vicente Fernandez,No volveré,2016,us,album_bound_track_no_safe_match,0,0,,1149209970,,false
album_sidecar_track:album|vicente fernandez|un azteca en el azteca@@1@@17@@@@matalas:album_bound_track_no_safe_match:1149209970,apple_music_sidecar_track_album_bound_pass_v1,album|vicente fernandez|un azteca en el azteca@@1@@17@@@@matalas,album_sidecar_track,track,Vicente Fernandez,Mátalas,2016,us,album_bound_track_no_safe_match,0,0,,1149209970,,false
album_sidecar_track:album|vicente fernandez|un azteca en el azteca@@1@@18@@@@que de raro tiene:album_bound_track_no_safe_match:1149209970,apple_music_sidecar_track_album_bound_pass_v1,album|vicente fernandez|un azteca en el azteca@@1@@18@@@@que de raro tiene,album_sidecar_track,track,Vicente Fernandez,Qué de raro tiene,2016,us,album_bound_track_no_safe_match,0,0,,1149209970,,false
album_sidecar_track:album|vicente fernandez|un azteca en el azteca@@1@@19@@@@aca entre nos:album_bound_track_no_safe_match:1149209970,apple_music_sidecar_track_album_bound_pass_v1,album|vicente fernandez|un azteca en el azteca@@1@@19@@@@aca entre nos,album_sidecar_track,track,Vicente Fernandez,Acá entre nos,2016,us,album_bound_track_no_safe_match,0,0,,1149209970,,false
album_sidecar_track:album|vicente fernandez|un azteca en el azteca@@1@@2@@@@que te vaya bonito:album_bound_track_no_safe_match:1149209970,apple_music_sidecar_track_album_bound_pass_v1,album|vicente fernandez|un azteca en el azteca@@1@@2@@@@que te vaya bonito,album_sidecar_track,track,Vicente Fernandez,Que te vaya bonito,2016,us,album_bound_track_no_safe_match,0,0,,1149209970,,false
album_sidecar_track:album|vicente fernandez|un azteca en el azteca@@1@@20@@@@bohemio de aficion:album_bound_track_no_safe_match:1149209970,apple_music_sidecar_track_album_bound_pass_v1,album|vicente fernandez|un azteca en el azteca@@1@@20@@@@bohemio de aficion,album_sidecar_track,track,Vicente Fernandez,Bohemio de afición,2016,us,album_bound_track_no_safe_match,0,0,,1149209970,,false
album_sidecar_track:album|vicente fernandez|un azteca en el azteca@@1@@21@@@@urge:album_bound_track_no_safe_match:1149209970,apple_music_sidecar_track_album_bound_pass_v1,album|vicente fernandez|un azteca en el azteca@@1@@21@@@@urge,album_sidecar_track,track,Vicente Fernandez,Urge,2016,us,album_bound_track_no_safe_match,0,0,,1149209970,,false
album_sidecar_track:album|vicente fernandez|un azteca en el azteca@@1@@22@@@@a pesar de todo:album_bound_track_no_safe_match:1149209970,apple_music_sidecar_track_album_bound_pass_v1,album|vicente fernandez|un azteca en el azteca@@1@@22@@@@a pesar de todo,album_sidecar_track,track,Vicente Fernandez,A pesar de todo,2016,us,album_bound_track_no_safe_match,0,0,,1149209970,,false
album_sidecar_track:album|vicente fernandez|un azteca en el azteca@@1@@23@@@@la ley del monte:album_bound_track_no_safe_match:1149209970,apple_music_sidecar_track_album_bound_pass_v1,album|vicente fernandez|un azteca en el azteca@@1@@23@@@@la ley del monte,album_sidecar_track,track,Vicente Fernandez,La ley del monte,2016,us,album_bound_track_no_safe_match,0,0,,1149209970,,false
album_sidecar_track:album|vicente fernandez|un azteca en el azteca@@1@@24@@@@ando que me lleva:album_bound_track_no_safe_match:1149209970,apple_music_sidecar_track_album_bound_pass_v1,album|vicente fernandez|un azteca en el azteca@@1@@24@@@@ando que me lleva,album_sidecar_track,track,Vicente Fernandez,Ando que me lleva,2016,us,album_bound_track_no_safe_match,0,0,,1149209970,,false
album_sidecar_track:album|vicente fernandez|un azteca en el azteca@@1@@25@@@@hermoso carino:album_bound_track_no_safe_match:1149209970,apple_music_sidecar_track_album_bound_pass_v1,album|vicente fernandez|un azteca en el azteca@@1@@25@@@@hermoso carino,album_sidecar_track,track,Vicente Fernandez,Hermoso cariño,2016,us,album_bound_track_no_safe_match,0,0,,1149209970,,false
album_sidecar_track:album|vicente fernandez|un azteca en el azteca@@1@@26@@@@marioneta un hombre con suerte:album_bound_track_no_safe_match:1149209970,apple_music_sidecar_track_album_bound_pass_v1,album|vicente fernandez|un azteca en el azteca@@1@@26@@@@marioneta un hombre con suerte,album_sidecar_track,track,Vicente Fernandez,Marioneta / Un hombre con suerte,2016,us,album_bound_track_no_safe_match,0,0,,1149209970,,false
album_sidecar_track:album|vicente fernandez|un azteca en el azteca@@1@@27@@@@la diferencia:album_bound_track_no_safe_match:1149209970,apple_music_sidecar_track_album_bound_pass_v1,album|vicente fernandez|un azteca en el azteca@@1@@27@@@@la diferencia,album_sidecar_track,track,Vicente Fernandez,La diferencia,2016,us,album_bound_track_no_safe_match,0,0,,1149209970,,false
album_sidecar_track:album|vicente fernandez|un azteca en el azteca@@1@@28@@@@muriendo de amor:album_bound_track_no_safe_match:1149209970,apple_music_sidecar_track_album_bound_pass_v1,album|vicente fernandez|un azteca en el azteca@@1@@28@@@@muriendo de amor,album_sidecar_track,track,Vicente Fernandez,Muriendo de amor,2016,us,album_bound_track_no_safe_match,0,0,,1149209970,,false
album_sidecar_track:album|vicente fernandez|un azteca en el azteca@@1@@29@@@@por tu maldito amor:album_bound_track_no_safe_match:1149209970,apple_music_sidecar_track_album_bound_pass_v1,album|vicente fernandez|un azteca en el azteca@@1@@29@@@@por tu maldito amor,album_sidecar_track,track,Vicente Fernandez,Por tu maldito amor,2016,us,album_bound_track_no_safe_match,0,0,,1149209970,,false
album_sidecar_track:album|vicente fernandez|un azteca en el azteca@@1@@3@@@@me voy a quitar de en medio:album_bound_track_no_safe_match:1149209970,apple_music_sidecar_track_album_bound_pass_v1,album|vicente fernandez|un azteca en el azteca@@1@@3@@@@me voy a quitar de en medio,album_sidecar_track,track,Vicente Fernandez,Me voy a quitar de en medio,2016,us,album_bound_track_no_safe_match,0,0,,1149209970,,false
album_sidecar_track:album|vicente fernandez|un azteca en el azteca@@1@@30@@@@de que manera te olvido:album_bound_track_no_safe_match:1149209970,apple_music_sidecar_track_album_bound_pass_v1,album|vicente fernandez|un azteca en el azteca@@1@@30@@@@de que manera te olvido,album_sidecar_track,track,Vicente Fernandez,De qué manera te olvido,2016,us,album_bound_track_no_safe_match,0,0,,1149209970,,false
album_sidecar_track:album|vicente fernandez|un azteca en el azteca@@1@@31@@@@si te vas no hay lio:album_bound_track_no_safe_match:1149209970,apple_music_sidecar_track_album_bound_pass_v1,album|vicente fernandez|un azteca en el azteca@@1@@31@@@@si te vas no hay lio,album_sidecar_track,track,Vicente Fernandez,Si te vas no hay lío,2016,us,album_bound_track_no_safe_match,0,0,,1149209970,,false
album_sidecar_track:album|vicente fernandez|un azteca en el azteca@@1@@32@@@@la misma:album_bound_track_no_safe_match:1149209970,apple_music_sidecar_track_album_bound_pass_v1,album|vicente fernandez|un azteca en el azteca@@1@@32@@@@la misma,album_sidecar_track,track,Vicente Fernandez,La misma,2016,us,album_bound_track_no_safe_match,0,0,,1149209970,,false
album_sidecar_track:album|vicente fernandez|un azteca en el azteca@@1@@33@@@@el rey:album_bound_track_no_safe_match:1149209970,apple_music_sidecar_track_album_bound_pass_v1,album|vicente fernandez|un azteca en el azteca@@1@@33@@@@el rey,album_sidecar_track,track,Vicente Fernandez,El rey,2016,us,album_bound_track_no_safe_match,0,0,,1149209970,,false
album_sidecar_track:album|vicente fernandez|un azteca en el azteca@@1@@34@@@@a mi manera:album_bound_track_no_safe_match:1149209970,apple_music_sidecar_track_album_bound_pass_v1,album|vicente fernandez|un azteca en el azteca@@1@@34@@@@a mi manera,album_sidecar_track,track,Vicente Fernandez,A mi manera,2016,us,album_bound_track_no_safe_match,0,0,,1149209970,,false
album_sidecar_track:album|vicente fernandez|un azteca en el azteca@@1@@35@@@@volver volver:album_bound_track_no_safe_match:1149209970,apple_music_sidecar_track_album_bound_pass_v1,album|vicente fernandez|un azteca en el azteca@@1@@35@@@@volver volver,album_sidecar_track,track,Vicente Fernandez,"Volver, volver",2016,us,album_bound_track_no_safe_match,0,0,,1149209970,,false
album_sidecar_track:album|vicente fernandez|un azteca en el azteca@@1@@36@@@@mexico lindo y querido:album_bound_track_no_safe_match:1149209970,apple_music_sidecar_track_album_bound_pass_v1,album|vicente fernandez|un azteca en el azteca@@1@@36@@@@mexico lindo y querido,album_sidecar_track,track,Vicente Fernandez,México lindo y querido,2016,us,album_bound_track_no_safe_match,0,0,,1149209970,,false
album_sidecar_track:album|vicente fernandez|un azteca en el azteca@@1@@37@@@@el vuelo del aguila obertura:album_bound_track_no_safe_match:1149209970,apple_music_sidecar_track_album_bound_pass_v1,album|vicente fernandez|un azteca en el azteca@@1@@37@@@@el vuelo del aguila obertura,album_sidecar_track,track,Vicente Fernandez,El vuelo del águila (Obertura),2016,us,album_bound_track_no_safe_match,0,0,,1149209970,,false
album_sidecar_track:album|vicente fernandez|un azteca en el azteca@@1@@38@@@@no me se rajar:album_bound_track_no_safe_match:1149209970,apple_music_sidecar_track_album_bound_pass_v1,album|vicente fernandez|un azteca en el azteca@@1@@38@@@@no me se rajar,album_sidecar_track,track,Vicente Fernandez,No me sé rajar,2016,us,album_bound_track_no_safe_match,0,0,,1149209970,,false
album_sidecar_track:album|vicente fernandez|un azteca en el azteca@@1@@39@@@@que te vaya bonito:album_bound_track_no_safe_match:1149209970,apple_music_sidecar_track_album_bound_pass_v1,album|vicente fernandez|un azteca en el azteca@@1@@39@@@@que te vaya bonito,album_sidecar_track,track,Vicente Fernandez,Que te vaya bonito,2016,us,album_bound_track_no_safe_match,0,0,,1149209970,,false
album_sidecar_track:album|vicente fernandez|un azteca en el azteca@@1@@4@@@@si acaso vuelves:album_bound_track_no_safe_match:1149209970,apple_music_sidecar_track_album_bound_pass_v1,album|vicente fernandez|un azteca en el azteca@@1@@4@@@@si acaso vuelves,album_sidecar_track,track,Vicente Fernandez,Si acaso vuelves,2016,us,album_bound_track_no_safe_match,0,0,,1149209970,,false
album_sidecar_track:album|vicente fernandez|un azteca en el azteca@@1@@40@@@@me voy a quitar de en medio:album_bound_track_no_safe_match:1149209970,apple_music_sidecar_track_album_bound_pass_v1,album|vicente fernandez|un azteca en el azteca@@1@@40@@@@me voy a quitar de en medio,album_sidecar_track,track,Vicente Fernandez,Me voy a quitar de en medio,2016,us,album_bound_track_no_safe_match,0,0,,1149209970,,false
album_sidecar_track:album|vicente fernandez|un azteca en el azteca@@1@@41@@@@si acaso vuelves:album_bound_track_no_safe_match:1149209970,apple_music_sidecar_track_album_bound_pass_v1,album|vicente fernandez|un azteca en el azteca@@1@@41@@@@si acaso vuelves,album_sidecar_track,track,Vicente Fernandez,Si acaso vuelves,2016,us,album_bound_track_no_safe_match,0,0,,1149209970,,false
album_sidecar_track:album|vicente fernandez|un azteca en el azteca@@1@@42@@@@cien anos:album_bound_track_no_safe_match:1149209970,apple_music_sidecar_track_album_bound_pass_v1,album|vicente fernandez|un azteca en el azteca@@1@@42@@@@cien anos,album_sidecar_track,track,Vicente Fernandez,Cien años,2016,us,album_bound_track_no_safe_match,0,0,,1149209970,,false
album_sidecar_track:album|vicente fernandez|un azteca en el azteca@@1@@43@@@@mujeres divinas:album_bound_track_no_safe_match:1149209970,apple_music_sidecar_track_album_bound_pass_v1,album|vicente fernandez|un azteca en el azteca@@1@@43@@@@mujeres divinas,album_sidecar_track,track,Vicente Fernandez,Mujeres divinas,2016,us,album_bound_track_no_safe_match,0,0,,1149209970,,false
album_sidecar_track:album|vicente fernandez|un azteca en el azteca@@1@@44@@@@lastima que seas ajena:album_bound_track_no_safe_match:1149209970,apple_music_sidecar_track_album_bound_pass_v1,album|vicente fernandez|un azteca en el azteca@@1@@44@@@@lastima que seas ajena,album_sidecar_track,track,Vicente Fernandez,Lástima que seas ajena,2016,us,album_bound_track_no_safe_match,0,0,,1149209970,,false
album_sidecar_track:album|vicente fernandez|un azteca en el azteca@@1@@45@@@@motivos:album_bound_track_no_safe_match:1149209970,apple_music_sidecar_track_album_bound_pass_v1,album|vicente fernandez|un azteca en el azteca@@1@@45@@@@motivos,album_sidecar_track,track,Vicente Fernandez,Motivos,2016,us,album_bound_track_no_safe_match,0,0,,1149209970,,false
album_sidecar_track:album|vicente fernandez|un azteca en el azteca@@1@@46@@@@nos estorbo la ropa:album_bound_track_no_safe_match:1149209970,apple_music_sidecar_track_album_bound_pass_v1,album|vicente fernandez|un azteca en el azteca@@1@@46@@@@nos estorbo la ropa,album_sidecar_track,track,Vicente Fernandez,Nos estorbó la ropa,2016,us,album_bound_track_no_safe_match,0,0,,1149209970,,false
album_sidecar_track:album|vicente fernandez|un azteca en el azteca@@1@@47@@@@el ultimo beso:album_bound_track_no_safe_match:1149209970,apple_music_sidecar_track_album_bound_pass_v1,album|vicente fernandez|un azteca en el azteca@@1@@47@@@@el ultimo beso,album_sidecar_track,track,Vicente Fernandez,El último beso,2016,us,album_bound_track_no_safe_match,0,0,,1149209970,,false
album_sidecar_track:album|vicente fernandez|un azteca en el azteca@@1@@48@@@@la derrota:album_bound_track_no_safe_match:1149209970,apple_music_sidecar_track_album_bound_pass_v1,album|vicente fernandez|un azteca en el azteca@@1@@48@@@@la derrota,album_sidecar_track,track,Vicente Fernandez,La derrota,2016,us,album_bound_track_no_safe_match,0,0,,1149209970,,false
album_sidecar_track:album|vicente fernandez|un azteca en el azteca@@1@@49@@@@para siempre:album_bound_track_no_safe_match:1149209970,apple_music_sidecar_track_album_bound_pass_v1,album|vicente fernandez|un azteca en el azteca@@1@@49@@@@para siempre,album_sidecar_track,track,Vicente Fernandez,Para siempre,2016,us,album_bound_track_no_safe_match,0,0,,1149209970,,false
album_sidecar_track:album|vicente fernandez|un azteca en el azteca@@1@@5@@@@cien anos:album_bound_track_no_safe_match:1149209970,apple_music_sidecar_track_album_bound_pass_v1,album|vicente fernandez|un azteca en el azteca@@1@@5@@@@cien anos,album_sidecar_track,track,Vicente Fernandez,Cien años,2016,us,album_bound_track_no_safe_match,0,0,,1149209970,,false
album_sidecar_track:album|vicente fernandez|un azteca en el azteca@@1@@50@@@@un millon de primaveras:album_bound_track_no_safe_match:1149209970,apple_music_sidecar_track_album_bound_pass_v1,album|vicente fernandez|un azteca en el azteca@@1@@50@@@@un millon de primaveras,album_sidecar_track,track,Vicente Fernandez,Un millón de primaveras,2016,us,album_bound_track_no_safe_match,0,0,,1149209970,,false
album_sidecar_track:album|vicente fernandez|un azteca en el azteca@@1@@51@@@@estos celos:album_bound_track_no_safe_match:1149209970,apple_music_sidecar_track_album_bound_pass_v1,album|vicente fernandez|un azteca en el azteca@@1@@51@@@@estos celos,album_sidecar_track,track,Vicente Fernandez,Estos celos,2016,us,album_bound_track_no_safe_match,0,0,,1149209970,,false
album_sidecar_track:album|vicente fernandez|un azteca en el azteca@@1@@52@@@@paloma querida:album_bound_track_no_safe_match:1149209970,apple_music_sidecar_track_album_bound_pass_v1,album|vicente fernandez|un azteca en el azteca@@1@@52@@@@paloma querida,album_sidecar_track,track,Vicente Fernandez,Paloma querida,2016,us,album_bound_track_no_safe_match,0,0,,1149209970,,false
album_sidecar_track:album|vicente fernandez|un azteca en el azteca@@1@@53@@@@no volvere:album_bound_track_no_safe_match:1149209970,apple_music_sidecar_track_album_bound_pass_v1,album|vicente fernandez|un azteca en el azteca@@1@@53@@@@no volvere,album_sidecar_track,track,Vicente Fernandez,No volveré,2016,us,album_bound_track_no_safe_match,0,0,,1149209970,,false
album_sidecar_track:album|vicente fernandez|un azteca en el azteca@@1@@54@@@@matalas:album_bound_track_no_safe_match:1149209970,apple_music_sidecar_track_album_bound_pass_v1,album|vicente fernandez|un azteca en el azteca@@1@@54@@@@matalas,album_sidecar_track,track,Vicente Fernandez,Mátalas,2016,us,album_bound_track_no_safe_match,0,0,,1149209970,,false
album_sidecar_track:album|vicente fernandez|un azteca en el azteca@@1@@55@@@@que de raro tiene:album_bound_track_no_safe_match:1149209970,apple_music_sidecar_track_album_bound_pass_v1,album|vicente fernandez|un azteca en el azteca@@1@@55@@@@que de raro tiene,album_sidecar_track,track,Vicente Fernandez,Qué de raro tiene,2016,us,album_bound_track_no_safe_match,0,0,,1149209970,,false
album_sidecar_track:album|vicente fernandez|un azteca en el azteca@@1@@56@@@@aca entre nos:album_bound_track_no_safe_match:1149209970,apple_music_sidecar_track_album_bound_pass_v1,album|vicente fernandez|un azteca en el azteca@@1@@56@@@@aca entre nos,album_sidecar_track,track,Vicente Fernandez,Acá entre nos,2016,us,album_bound_track_no_safe_match,0,0,,1149209970,,false
album_sidecar_track:album|vicente fernandez|un azteca en el azteca@@1@@57@@@@bohemio de aficion:album_bound_track_no_safe_match:1149209970,apple_music_sidecar_track_album_bound_pass_v1,album|vicente fernandez|un azteca en el azteca@@1@@57@@@@bohemio de aficion,album_sidecar_track,track,Vicente Fernandez,Bohemio de afición,2016,us,album_bound_track_no_safe_match,0,0,,1149209970,,false
album_sidecar_track:album|vicente fernandez|un azteca en el azteca@@1@@58@@@@urge:album_bound_track_no_safe_match:1149209970,apple_music_sidecar_track_album_bound_pass_v1,album|vicente fernandez|un azteca en el azteca@@1@@58@@@@urge,album_sidecar_track,track,Vicente Fernandez,Urge,2016,us,album_bound_track_no_safe_match,0,0,,1149209970,,false
album_sidecar_track:album|vicente fernandez|un azteca en el azteca@@1@@59@@@@a pesar de todo:album_bound_track_no_safe_match:1149209970,apple_music_sidecar_track_album_bound_pass_v1,album|vicente fernandez|un azteca en el azteca@@1@@59@@@@a pesar de todo,album_sidecar_track,track,Vicente Fernandez,A pesar de todo,2016,us,album_bound_track_no_safe_match,0,0,,1149209970,,false
album_sidecar_track:album|vicente fernandez|un azteca en el azteca@@1@@6@@@@mujeres divinas:album_bound_track_no_safe_match:1149209970,apple_music_sidecar_track_album_bound_pass_v1,album|vicente fernandez|un azteca en el azteca@@1@@6@@@@mujeres divinas,album_sidecar_track,track,Vicente Fernandez,Mujeres divinas,2016,us,album_bound_track_no_safe_match,0,0,,1149209970,,false
album_sidecar_track:album|vicente fernandez|un azteca en el azteca@@1@@60@@@@la ley del monte:album_bound_track_no_safe_match:1149209970,apple_music_sidecar_track_album_bound_pass_v1,album|vicente fernandez|un azteca en el azteca@@1@@60@@@@la ley del monte,album_sidecar_track,track,Vicente Fernandez,La ley del monte,2016,us,album_bound_track_no_safe_match,0,0,,1149209970,,false
album_sidecar_track:album|vicente fernandez|un azteca en el azteca@@1@@61@@@@ando que me lleva:album_bound_track_no_safe_match:1149209970,apple_music_sidecar_track_album_bound_pass_v1,album|vicente fernandez|un azteca en el azteca@@1@@61@@@@ando que me lleva,album_sidecar_track,track,Vicente Fernandez,Ando que me lleva,2016,us,album_bound_track_no_safe_match,0,0,,1149209970,,false
album_sidecar_track:album|vicente fernandez|un azteca en el azteca@@1@@62@@@@hermoso carino:album_bound_track_no_safe_match:1149209970,apple_music_sidecar_track_album_bound_pass_v1,album|vicente fernandez|un azteca en el azteca@@1@@62@@@@hermoso carino,album_sidecar_track,track,Vicente Fernandez,Hermoso cariño,2016,us,album_bound_track_no_safe_match,0,0,,1149209970,,false
album_sidecar_track:album|vicente fernandez|un azteca en el azteca@@1@@63@@@@marioneta un hombre con suerte:album_bound_track_no_safe_match:1149209970,apple_music_sidecar_track_album_bound_pass_v1,album|vicente fernandez|un azteca en el azteca@@1@@63@@@@marioneta un hombre con suerte,album_sidecar_track,track,Vicente Fernandez,Marioneta / Un hombre con suerte,2016,us,album_bound_track_no_safe_match,0,0,,1149209970,,false
album_sidecar_track:album|vicente fernandez|un azteca en el azteca@@1@@64@@@@la diferencia:album_bound_track_no_safe_match:1149209970,apple_music_sidecar_track_album_bound_pass_v1,album|vicente fernandez|un azteca en el azteca@@1@@64@@@@la diferencia,album_sidecar_track,track,Vicente Fernandez,La diferencia,2016,us,album_bound_track_no_safe_match,0,0,,1149209970,,false
album_sidecar_track:album|vicente fernandez|un azteca en el azteca@@1@@65@@@@muriendo de amor:album_bound_track_no_safe_match:1149209970,apple_music_sidecar_track_album_bound_pass_v1,album|vicente fernandez|un azteca en el azteca@@1@@65@@@@muriendo de amor,album_sidecar_track,track,Vicente Fernandez,Muriendo de amor,2016,us,album_bound_track_no_safe_match,0,0,,1149209970,,false
album_sidecar_track:album|vicente fernandez|un azteca en el azteca@@1@@66@@@@por tu maldito amor:album_bound_track_no_safe_match:1149209970,apple_music_sidecar_track_album_bound_pass_v1,album|vicente fernandez|un azteca en el azteca@@1@@66@@@@por tu maldito amor,album_sidecar_track,track,Vicente Fernandez,Por tu maldito amor,2016,us,album_bound_track_no_safe_match,0,0,,1149209970,,false
album_sidecar_track:album|vicente fernandez|un azteca en el azteca@@1@@67@@@@de que manera te olvido:album_bound_track_no_safe_match:1149209970,apple_music_sidecar_track_album_bound_pass_v1,album|vicente fernandez|un azteca en el azteca@@1@@67@@@@de que manera te olvido,album_sidecar_track,track,Vicente Fernandez,De qué manera te olvido,2016,us,album_bound_track_no_safe_match,0,0,,1149209970,,false
album_sidecar_track:album|vicente fernandez|un azteca en el azteca@@1@@68@@@@si te vas no hay lio:album_bound_track_no_safe_match:1149209970,apple_music_sidecar_track_album_bound_pass_v1,album|vicente fernandez|un azteca en el azteca@@1@@68@@@@si te vas no hay lio,album_sidecar_track,track,Vicente Fernandez,Si te vas no hay lío,2016,us,album_bound_track_no_safe_match,0,0,,1149209970,,false
album_sidecar_track:album|vicente fernandez|un azteca en el azteca@@1@@69@@@@la misma:album_bound_track_no_safe_match:1149209970,apple_music_sidecar_track_album_bound_pass_v1,album|vicente fernandez|un azteca en el azteca@@1@@69@@@@la misma,album_sidecar_track,track,Vicente Fernandez,La misma,2016,us,album_bound_track_no_safe_match,0,0,,1149209970,,false
album_sidecar_track:album|vicente fernandez|un azteca en el azteca@@1@@7@@@@lastima que seas ajena:album_bound_track_no_safe_match:1149209970,apple_music_sidecar_track_album_bound_pass_v1,album|vicente fernandez|un azteca en el azteca@@1@@7@@@@lastima que seas ajena,album_sidecar_track,track,Vicente Fernandez,Lástima que seas ajena,2016,us,album_bound_track_no_safe_match,0,0,,1149209970,,false
album_sidecar_track:album|vicente fernandez|un azteca en el azteca@@1@@70@@@@el rey:album_bound_track_no_safe_match:1149209970,apple_music_sidecar_track_album_bound_pass_v1,album|vicente fernandez|un azteca en el azteca@@1@@70@@@@el rey,album_sidecar_track,track,Vicente Fernandez,El rey,2016,us,album_bound_track_no_safe_match,0,0,,1149209970,,false
album_sidecar_track:album|vicente fernandez|un azteca en el azteca@@1@@71@@@@a mi manera:album_bound_track_no_safe_match:1149209970,apple_music_sidecar_track_album_bound_pass_v1,album|vicente fernandez|un azteca en el azteca@@1@@71@@@@a mi manera,album_sidecar_track,track,Vicente Fernandez,A mi manera,2016,us,album_bound_track_no_safe_match,0,0,,1149209970,,false
album_sidecar_track:album|vicente fernandez|un azteca en el azteca@@1@@72@@@@volver volver:album_bound_track_no_safe_match:1149209970,apple_music_sidecar_track_album_bound_pass_v1,album|vicente fernandez|un azteca en el azteca@@1@@72@@@@volver volver,album_sidecar_track,track,Vicente Fernandez,"Volver, volver",2016,us,album_bound_track_no_safe_match,0,0,,1149209970,,false
album_sidecar_track:album|vicente fernandez|un azteca en el azteca@@1@@73@@@@mexico lindo y querido:album_bound_track_no_safe_match:1149209970,apple_music_sidecar_track_album_bound_pass_v1,album|vicente fernandez|un azteca en el azteca@@1@@73@@@@mexico lindo y querido,album_sidecar_track,track,Vicente Fernandez,México lindo y querido,2016,us,album_bound_track_no_safe_match,0,0,,1149209970,,false
album_sidecar_track:album|vicente fernandez|un azteca en el azteca@@1@@74@@@@las golondrinas:album_bound_track_no_safe_match:1149209970,apple_music_sidecar_track_album_bound_pass_v1,album|vicente fernandez|un azteca en el azteca@@1@@74@@@@las golondrinas,album_sidecar_track,track,Vicente Fernandez,Las golondrinas,2016,us,album_bound_track_no_safe_match,0,0,,1149209970,,false
album_sidecar_track:album|vicente fernandez|un azteca en el azteca@@1@@75@@@@el vuelo del aguila detras de camaras:album_bound_track_no_safe_match:1149209970,apple_music_sidecar_track_album_bound_pass_v1,album|vicente fernandez|un azteca en el azteca@@1@@75@@@@el vuelo del aguila detras de camaras,album_sidecar_track,track,Vicente Fernandez,El vuelo del águila (Detrás de cámaras),2016,us,album_bound_track_no_safe_match,0,0,,1149209970,,false
album_sidecar_track:album|vicente fernandez|un azteca en el azteca@@1@@76@@@@un azteca en el azteca detras de camaras:album_bound_track_no_safe_match:1149209970,apple_music_sidecar_track_album_bound_pass_v1,album|vicente fernandez|un azteca en el azteca@@1@@76@@@@un azteca en el azteca detras de camaras,album_sidecar_track,track,Vicente Fernandez,Un azteca en el Azteca (Detrás de cámaras),2016,us,album_bound_track_no_safe_match,0,0,,1149209970,,false
album_sidecar_track:album|vicente fernandez|un azteca en el azteca@@1@@8@@@@motivos:album_bound_track_no_safe_match:1149209970,apple_music_sidecar_track_album_bound_pass_v1,album|vicente fernandez|un azteca en el azteca@@1@@8@@@@motivos,album_sidecar_track,track,Vicente Fernandez,Motivos,2016,us,album_bound_track_no_safe_match,0,0,,1149209970,,false
album_sidecar_track:album|vicente fernandez|un azteca en el azteca@@1@@9@@@@nos estorbo la ropa:album_bound_track_no_safe_match:1149209970,apple_music_sidecar_track_album_bound_pass_v1,album|vicente fernandez|un azteca en el azteca@@1@@9@@@@nos estorbo la ropa,album_sidecar_track,track,Vicente Fernandez,Nos estorbó la ropa,2016,us,album_bound_track_no_safe_match,0,0,,1149209970,,false
album_sidecar_track:album|viktor vaughn|vaudeville villain@@1@@9@@@@let me watch:album_bound_track_no_safe_match:706186757,apple_music_sidecar_track_album_bound_pass_v1,album|viktor vaughn|vaudeville villain@@1@@9@@@@let me watch,album_sidecar_track,track,Viktor Vaughn,Let Me Watch,2003,us,album_bound_track_no_safe_match,1,57,,706186757,,false
album_sidecar_track:album|village people|cruisin@@1@@2@@@@medley women i m a cruiser:album_bound_track_no_safe_match:1443926621,apple_music_sidecar_track_album_bound_pass_v1,album|village people|cruisin@@1@@2@@@@medley women i m a cruiser,album_sidecar_track,track,Village People,Medley: The Women / I’m a Cruiser,1978,us,album_bound_track_no_safe_match,2,71,34,1443926621,,false
album_sidecar_track:album|wailers|fabulous wailers@@1@@3@@@@dirty robber:album_bound_track_no_safe_match:1621418438,apple_music_sidecar_track_album_bound_pass_v1,album|wailers|fabulous wailers@@1@@3@@@@dirty robber,album_sidecar_track,track,The Wailers,Dirty Robber,1959,us,album_bound_track_no_safe_match,11,60,59,1621418438,,false
album_sidecar_track:album|wailers|fabulous wailers@@1@@4@@@@shanghaied:album_bound_track_no_safe_match:1621418438,apple_music_sidecar_track_album_bound_pass_v1,album|wailers|fabulous wailers@@1@@4@@@@shanghaied,album_sidecar_track,track,The Wailers,Shanghaied,1959,us,album_bound_track_no_safe_match,11,45,21,1621418438,,false
album_sidecar_track:album|waka flocka flame|flockaveli@@1@@18@@@@rumors:album_bound_track_no_safe_match:393803290,apple_music_sidecar_track_album_bound_pass_v1,album|waka flocka flame|flockaveli@@1@@18@@@@rumors,album_sidecar_track,track,Waka Flocka Flame,Rumors,2010,us,album_bound_track_no_safe_match,0,0,,393803290,,false
album_sidecar_track:album|waka flocka flame|flockaveli@@1@@19@@@@gun sounds:album_bound_track_no_safe_match:393803290,apple_music_sidecar_track_album_bound_pass_v1,album|waka flocka flame|flockaveli@@1@@19@@@@gun sounds,album_sidecar_track,track,Waka Flocka Flame,Gun Sounds,2010,us,album_bound_track_no_safe_match,0,0,,393803290,,false
album_sidecar_track:album|waxahatchee|tigers blood@@1@@13@@@@much ado about nothing:album_bound_track_no_safe_match:1721222332,apple_music_sidecar_track_album_bound_pass_v1,album|waxahatchee|tigers blood@@1@@13@@@@much ado about nothing,album_sidecar_track,track,Waxahatchee,Much Ado About Nothing,2024,us,album_bound_track_no_safe_match,0,0,,1721222332,,false
album_sidecar_track:album|westside connection|bow down@@1@@6@@@@gangstas don t dance insert:album_bound_track_no_safe_match:724690687,apple_music_sidecar_track_album_bound_pass_v1,album|westside connection|bow down@@1@@6@@@@gangstas don t dance insert,album_sidecar_track,track,Westside Connection,Gangstas Don’t Dance (insert),1996,us,album_bound_track_no_safe_match,1,57,,724690687,,false
album_sidecar_track:album|white stripes|elephant@@1@@14@@@@well it s true that we love one another:album_bound_track_no_safe_match:1533513536,apple_music_sidecar_track_album_bound_pass_v1,album|white stripes|elephant@@1@@14@@@@well it s true that we love one another,album_sidecar_track,track,The White Stripes,Well It’s True That We Love One Another,2003,us,album_bound_track_no_safe_match,1,67,,1533513536,,false
album_sidecar_track:album|white zombie|astro creep 2000@@1@@11@@@@blood milk and sky where sidewalk ends bug parade begins:album_bound_track_no_safe_match:1440749898,apple_music_sidecar_track_album_bound_pass_v1,album|white zombie|astro creep 2000@@1@@11@@@@blood milk and sky where sidewalk ends bug parade begins,album_sidecar_track,track,White Zombie,"Blood, Milk and Sky / Where the Sidewalk Ends, the Bug Parade Begins",1995,us,album_bound_track_no_safe_match,2,67,7,1440749898,,false
album_sidecar_track:album|whodini|escape@@1@@3@@@@featuring grandmaster dee:album_bound_track_no_safe_match:1196876429,apple_music_sidecar_track_album_bound_pass_v1,album|whodini|escape@@1@@3@@@@featuring grandmaster dee,album_sidecar_track,track,Whodini,Featuring Grandmaster Dee,1984,us,album_bound_track_no_safe_match,10,60,21,1196876429,,false
album_sidecar_track:album|wiggles|big red car@@1@@12@@@@my holiday at beach:album_bound_track_no_safe_match:1871095493,apple_music_sidecar_track_album_bound_pass_v1,album|wiggles|big red car@@1@@12@@@@my holiday at beach,album_sidecar_track,track,The Wiggles,My Holiday at the Beach,1995,us,album_bound_track_no_safe_match,14,43,12,1871095493,,false
album_sidecar_track:album|wiggles|big red car@@1@@13@@@@on your holiday:album_bound_track_no_safe_match:1871095493,apple_music_sidecar_track_album_bound_pass_v1,album|wiggles|big red car@@1@@13@@@@on your holiday,album_sidecar_track,track,The Wiggles,On Your Holiday,1995,us,album_bound_track_no_safe_match,14,48,22,1871095493,,false
album_sidecar_track:album|wiggles|big red car@@1@@14@@@@teddy bear hug:album_bound_track_no_safe_match:1871095493,apple_music_sidecar_track_album_bound_pass_v1,album|wiggles|big red car@@1@@14@@@@teddy bear hug,album_sidecar_track,track,The Wiggles,Teddy Bear Hug,1995,us,album_bound_track_no_safe_match,14,22,21,1871095493,,false
album_sidecar_track:album|wiggles|big red car@@1@@16@@@@my hat:album_bound_track_no_safe_match:1871095493,apple_music_sidecar_track_album_bound_pass_v1,album|wiggles|big red car@@1@@16@@@@my hat,album_sidecar_track,track,The Wiggles,My Hat,1995,us,album_bound_track_no_safe_match,13,43,7,1871095493,,false
album_sidecar_track:album|wiggles|big red car@@1@@2@@@@henry s dance:album_bound_track_no_safe_match:1871095493,apple_music_sidecar_track_album_bound_pass_v1,album|wiggles|big red car@@1@@2@@@@henry s dance,album_sidecar_track,track,The Wiggles,Henry's Dance,1995,us,album_bound_track_no_safe_match,20,65,57,1871095493,,false
album_sidecar_track:album|wiggles|big red car@@1@@21@@@@joanie:album_bound_track_no_safe_match:1871095493,apple_music_sidecar_track_album_bound_pass_v1,album|wiggles|big red car@@1@@21@@@@joanie,album_sidecar_track,track,The Wiggles,Joanie,1995,us,album_bound_track_no_safe_match,9,57,21,1871095493,,false
album_sidecar_track:album|wiggles|big red car@@1@@25@@@@look at baby:album_bound_track_no_safe_match:1871095493,apple_music_sidecar_track_album_bound_pass_v1,album|wiggles|big red car@@1@@25@@@@look at baby,album_sidecar_track,track,The Wiggles,Look at Baby,1995,us,album_bound_track_no_safe_match,7,7,7,1871095493,,false
album_sidecar_track:album|wiggles|big red car@@1@@6@@@@cows:album_bound_track_no_safe_match:1871095493,apple_music_sidecar_track_album_bound_pass_v1,album|wiggles|big red car@@1@@6@@@@cows,album_sidecar_track,track,The Wiggles,Cows,1995,us,album_bound_track_no_safe_match,18,43,17,1871095493,,false
album_sidecar_track:album|wiggles|big red car@@1@@8@@@@bouncing ball:album_bound_track_no_safe_match:1871095493,apple_music_sidecar_track_album_bound_pass_v1,album|wiggles|big red car@@1@@8@@@@bouncing ball,album_sidecar_track,track,The Wiggles,Bouncing Ball,1995,us,album_bound_track_no_safe_match,17,12,12,1871095493,,false
album_sidecar_track:album|wiggles|yummy yummy@@1@@3@@@@fruit salad intro:album_bound_track_no_safe_match:1871092596,apple_music_sidecar_track_album_bound_pass_v1,album|wiggles|yummy yummy@@1@@3@@@@fruit salad intro,album_sidecar_track,track,The Wiggles,Fruit Salad (intro),1994,us,album_bound_track_no_safe_match,7,9,8,1871092596,,false
album_sidecar_track:album|wilco|summerteeth@@1@@16@@@@candy floss:album_bound_track_no_safe_match:926190405,apple_music_sidecar_track_album_bound_pass_v1,album|wilco|summerteeth@@1@@16@@@@candy floss,album_sidecar_track,track,Wilco,Candy Floss,1999,us,album_bound_track_no_safe_match,1,57,,926190405,,false
album_sidecar_track:album|wilson pickett|exciting wilson pickett@@1@@8@@@@ninety nine and a half won t do:album_bound_track_no_safe_match:281713749,apple_music_sidecar_track_album_bound_pass_v1,album|wilson pickett|exciting wilson pickett@@1@@8@@@@ninety nine and a half won t do,album_sidecar_track,track,Wilson Pickett,Ninety‐Nine and a Half (Won’t Do),1966,us,album_bound_track_no_safe_match,1,57,,281713749,,false
album_sidecar_track:album|winans|tomorrow@@1@@7@@@@bring back days of yea and nay:album_bound_track_no_safe_match:259207883,apple_music_sidecar_track_album_bound_pass_v1,album|winans|tomorrow@@1@@7@@@@bring back days of yea and nay,album_sidecar_track,track,The Winans,Bring Back the Days of Yea and Nay,1984,us,album_bound_track_no_safe_match,1,57,,259207883,,false
album_sidecar_track:album|wu tang clan|enter the wu tang 36 chambers@@1@@1@@@@bring da ruckus:album_bound_track_no_safe_match:1746566237,apple_music_sidecar_track_album_bound_pass_v1,album|wu tang clan|enter the wu tang 36 chambers@@1@@1@@@@bring da ruckus,album_sidecar_track,track,Wu-Tang Clan,Bring da Ruckus,1993,us,album_bound_track_no_safe_match,9,48,23,1746566237,,false
album_sidecar_track:album|wu tang clan|enter the wu tang 36 chambers@@1@@11@@@@tearz:album_bound_track_no_safe_match:1746566237,apple_music_sidecar_track_album_bound_pass_v1,album|wu tang clan|enter the wu tang 36 chambers@@1@@11@@@@tearz,album_sidecar_track,track,Wu-Tang Clan,Tearz,1993,us,album_bound_track_no_safe_match,6,43,24,1746566237,,false
album_sidecar_track:album|wu tang clan|enter the wu tang 36 chambers@@1@@12@@@@wu tang 7th chamber part ii conclusion:album_bound_track_no_safe_match:1746566237,apple_music_sidecar_track_album_bound_pass_v1,album|wu tang clan|enter the wu tang 36 chambers@@1@@12@@@@wu tang 7th chamber part ii conclusion,album_sidecar_track,track,Wu-Tang Clan,"Wu‐Tang: 7th Chamber, Part II / Conclusion",1993,us,album_bound_track_no_safe_match,6,12,11,1746566237,,false
album_sidecar_track:album|wu tang clan|enter the wu tang 36 chambers@@1@@2@@@@shame on a nigga:album_bound_track_no_safe_match:1746566237,apple_music_sidecar_track_album_bound_pass_v1,album|wu tang clan|enter the wu tang 36 chambers@@1@@2@@@@shame on a nigga,album_sidecar_track,track,Wu-Tang Clan,Shame on a Nigga,1993,us,album_bound_track_no_safe_match,9,61,26,1746566237,,false
album_sidecar_track:album|wu tang clan|enter the wu tang 36 chambers@@1@@3@@@@clan in da front:album_bound_track_no_safe_match:1746566237,apple_music_sidecar_track_album_bound_pass_v1,album|wu tang clan|enter the wu tang 36 chambers@@1@@3@@@@clan in da front,album_sidecar_track,track,Wu-Tang Clan,Clan in da Front,1993,us,album_bound_track_no_safe_match,9,56,47,1746566237,,false
album_sidecar_track:album|wu tang clan|enter the wu tang 36 chambers@@1@@4@@@@wu tang 7th chamber:album_bound_track_no_safe_match:1746566237,apple_music_sidecar_track_album_bound_pass_v1,album|wu tang clan|enter the wu tang 36 chambers@@1@@4@@@@wu tang 7th chamber,album_sidecar_track,track,Wu-Tang Clan,Wu‐Tang: 7th Chamber,1993,us,album_bound_track_no_safe_match,9,45,12,1746566237,,false
album_sidecar_track:album|wu tang clan|enter the wu tang 36 chambers@@1@@5@@@@can it be all so simple intermission:album_bound_track_no_safe_match:1746566237,apple_music_sidecar_track_album_bound_pass_v1,album|wu tang clan|enter the wu tang 36 chambers@@1@@5@@@@can it be all so simple intermission,album_sidecar_track,track,Wu-Tang Clan,Can It Be All So Simple / Intermission,1993,us,album_bound_track_no_safe_match,9,44,12,1746566237,,false
album_sidecar_track:album|wu tang clan|enter the wu tang 36 chambers@@1@@8@@@@c r e a m:album_bound_track_no_safe_match:1746566237,apple_music_sidecar_track_album_bound_pass_v1,album|wu tang clan|enter the wu tang 36 chambers@@1@@8@@@@c r e a m,album_sidecar_track,track,Wu-Tang Clan,C.R.E.A.M.,1993,us,album_bound_track_no_safe_match,7,53,48,1746566237,,false
album_sidecar_track:album|wu tang clan|enter the wu tang 36 chambers@@1@@9@@@@method man:album_bound_track_no_safe_match:1746566237,apple_music_sidecar_track_album_bound_pass_v1,album|wu tang clan|enter the wu tang 36 chambers@@1@@9@@@@method man,album_sidecar_track,track,Wu-Tang Clan,Method Man,1993,us,album_bound_track_no_safe_match,7,45,43,1746566237,,false
album_sidecar_track:album|wu tang clan|wu tang forever@@2@@10@@@@dog sh t:album_bound_track_no_safe_match:268503472,apple_music_sidecar_track_album_bound_pass_v1,album|wu tang clan|wu tang forever@@2@@10@@@@dog sh t,album_sidecar_track,track,Wu-Tang Clan,Dog Sh*t,1997,us,album_bound_track_no_safe_match,1,57,,268503472,,false
album_sidecar_track:album|x ray spex|germfree adolescents@@1@@10@@@@germ free adolescents:album_bound_track_no_safe_match:1760319043,apple_music_sidecar_track_album_bound_pass_v1,album|x ray spex|germfree adolescents@@1@@10@@@@germ free adolescents,album_sidecar_track,track,X-Ray Spex,Germ Free Adolescents,1978,us,album_bound_track_no_safe_match,5,17,12,1760319043,,false
album_sidecar_track:album|x ray spex|germfree adolescents@@1@@12@@@@day world turned dayglo:album_bound_track_no_safe_match:1760319043,apple_music_sidecar_track_album_bound_pass_v1,album|x ray spex|germfree adolescents@@1@@12@@@@day world turned dayglo,album_sidecar_track,track,X-Ray Spex,The Day the World Turned Dayglo,1978,us,album_bound_track_no_safe_match,4,21,17,1760319043,,false
album_sidecar_track:album|yeah yeah yeahs|fever to tell@@1@@13@@@@yeah new york:album_bound_track_no_safe_match:1440916724,apple_music_sidecar_track_album_bound_pass_v1,album|yeah yeah yeahs|fever to tell@@1@@13@@@@yeah new york,album_sidecar_track,track,Yeah Yeah Yeahs,Yeah! New York,2003,us,album_bound_track_no_safe_match,0,0,,1440916724,,false
album_sidecar_track:album|yeah yeah yeahs|it s blitz@@1@@11@@@@soft shock acoustic:album_bound_track_no_safe_match:1440784273,apple_music_sidecar_track_album_bound_pass_v1,album|yeah yeah yeahs|it s blitz@@1@@11@@@@soft shock acoustic,album_sidecar_track,track,Yeah Yeah Yeahs,Soft Shock (acoustic),2009,us,album_bound_track_no_safe_match,0,0,,1440784273,,false
album_sidecar_track:album|yeah yeah yeahs|it s blitz@@1@@12@@@@skeletons acoustic:album_bound_track_no_safe_match:1440784273,apple_music_sidecar_track_album_bound_pass_v1,album|yeah yeah yeahs|it s blitz@@1@@12@@@@skeletons acoustic,album_sidecar_track,track,Yeah Yeah Yeahs,Skeletons (acoustic),2009,us,album_bound_track_no_safe_match,0,0,,1440784273,,false
album_sidecar_track:album|yeah yeah yeahs|it s blitz@@1@@13@@@@hysteric acoustic:album_bound_track_no_safe_match:1440784273,apple_music_sidecar_track_album_bound_pass_v1,album|yeah yeah yeahs|it s blitz@@1@@13@@@@hysteric acoustic,album_sidecar_track,track,Yeah Yeah Yeahs,Hysteric (acoustic),2009,us,album_bound_track_no_safe_match,0,0,,1440784273,,false
album_sidecar_track:album|yeah yeah yeahs|it s blitz@@1@@14@@@@little shadow acoustic:album_bound_track_no_safe_match:1440784273,apple_music_sidecar_track_album_bound_pass_v1,album|yeah yeah yeahs|it s blitz@@1@@14@@@@little shadow acoustic,album_sidecar_track,track,Yeah Yeah Yeahs,Little Shadow (acoustic),2009,us,album_bound_track_no_safe_match,0,0,,1440784273,,false
album_sidecar_track:album|yo yo ma|bach cello suites@@1@@10@@@@unaccompanied cello suite no 2 in d minor bwv 1008 iv sarabande:album_bound_track_no_safe_match:381515547,apple_music_sidecar_track_album_bound_pass_v1,album|yo yo ma|bach cello suites@@1@@10@@@@unaccompanied cello suite no 2 in d minor bwv 1008 iv sarabande,album_sidecar_track,track,Yo-Yo Ma,"Unaccompanied Cello Suite No. 2 in D minor, BWV 1008 : IV. Sarabande",1983,us,album_bound_track_no_safe_match,33,48,31,381515547,,false
album_sidecar_track:album|yo yo ma|bach cello suites@@1@@11@@@@unaccompanied cello suite no 2 in d minor bwv 1008 v menuets i and ii:album_bound_track_no_safe_match:381515547,apple_music_sidecar_track_album_bound_pass_v1,album|yo yo ma|bach cello suites@@1@@11@@@@unaccompanied cello suite no 2 in d minor bwv 1008 v menuets i and ii,album_sidecar_track,track,Yo-Yo Ma,"Unaccompanied Cello Suite No. 2 in D minor, BWV 1008 : V. Menuets I & II",1983,us,album_bound_track_no_safe_match,33,45,43,381515547,,false
album_sidecar_track:album|yo yo ma|bach cello suites@@1@@12@@@@unaccompanied cello suite no 2 in d minor bwv 1008 vi gigue:album_bound_track_no_safe_match:381515547,apple_music_sidecar_track_album_bound_pass_v1,album|yo yo ma|bach cello suites@@1@@12@@@@unaccompanied cello suite no 2 in d minor bwv 1008 vi gigue,album_sidecar_track,track,Yo-Yo Ma,"Unaccompanied Cello Suite No. 2 in D minor, BWV 1008 : VI. Gigue",1983,us,album_bound_track_no_safe_match,33,53,41,381515547,,false
album_sidecar_track:album|yo yo ma|bach cello suites@@1@@13@@@@unaccompanied cello suite no 3 in c major bwv 1009 i prelude:album_bound_track_no_safe_match:381515547,apple_music_sidecar_track_album_bound_pass_v1,album|yo yo ma|bach cello suites@@1@@13@@@@unaccompanied cello suite no 3 in c major bwv 1009 i prelude,album_sidecar_track,track,Yo-Yo Ma,"Unaccompanied Cello Suite No. 3 in C Major, BWV 1009 : I. Prélude",1983,us,album_bound_track_no_safe_match,33,45,43,381515547,,false
album_sidecar_track:album|yo yo ma|bach cello suites@@1@@14@@@@unaccompanied cello suite no 3 in c major bwv 1009 ii allemande:album_bound_track_no_safe_match:381515547,apple_music_sidecar_track_album_bound_pass_v1,album|yo yo ma|bach cello suites@@1@@14@@@@unaccompanied cello suite no 3 in c major bwv 1009 ii allemande,album_sidecar_track,track,Yo-Yo Ma,"Unaccompanied Cello Suite No. 3 in C Major, BWV 1009 : II. Allemande",1983,us,album_bound_track_no_safe_match,33,43,41,381515547,,false
album_sidecar_track:album|yo yo ma|bach cello suites@@1@@15@@@@unaccompanied cello suite no 3 in c major bwv 1009 iii courante:album_bound_track_no_safe_match:381515547,apple_music_sidecar_track_album_bound_pass_v1,album|yo yo ma|bach cello suites@@1@@15@@@@unaccompanied cello suite no 3 in c major bwv 1009 iii courante,album_sidecar_track,track,Yo-Yo Ma,"Unaccompanied Cello Suite No. 3 in C Major, BWV 1009 : III. Courante",1983,us,album_bound_track_no_safe_match,33,43,31,381515547,,false
album_sidecar_track:album|yo yo ma|bach cello suites@@1@@16@@@@unaccompanied cello suite no 3 in c major bwv 1009 iv sarabande:album_bound_track_no_safe_match:381515547,apple_music_sidecar_track_album_bound_pass_v1,album|yo yo ma|bach cello suites@@1@@16@@@@unaccompanied cello suite no 3 in c major bwv 1009 iv sarabande,album_sidecar_track,track,Yo-Yo Ma,"Unaccompanied Cello Suite No. 3 in C Major, BWV 1009 : IV. Sarabande",1983,us,album_bound_track_no_safe_match,33,48,41,381515547,,false
album_sidecar_track:album|yo yo ma|bach cello suites@@1@@17@@@@unaccompanied cello suite no 3 in c major bwv 1009 v bourrees i and ii:album_bound_track_no_safe_match:381515547,apple_music_sidecar_track_album_bound_pass_v1,album|yo yo ma|bach cello suites@@1@@17@@@@unaccompanied cello suite no 3 in c major bwv 1009 v bourrees i and ii,album_sidecar_track,track,Yo-Yo Ma,"Unaccompanied Cello Suite No. 3 in C Major, BWV 1009 : V. Bourrées I & II",1983,us,album_bound_track_no_safe_match,33,43,36,381515547,,false
album_sidecar_track:album|yo yo ma|bach cello suites@@1@@18@@@@unaccompanied cello suite no 3 in c major bwv 1009 vi gigue:album_bound_track_no_safe_match:381515547,apple_music_sidecar_track_album_bound_pass_v1,album|yo yo ma|bach cello suites@@1@@18@@@@unaccompanied cello suite no 3 in c major bwv 1009 vi gigue,album_sidecar_track,track,Yo-Yo Ma,"Unaccompanied Cello Suite No. 3 in C Major, BWV 1009 : VI. Gigue",1983,us,album_bound_track_no_safe_match,33,48,41,381515547,,false
album_sidecar_track:album|yo yo ma|bach cello suites@@1@@19@@@@unaccompanied cello suite no 4 in e flat major bwv 1010 i prelude:album_bound_track_no_safe_match:381515547,apple_music_sidecar_track_album_bound_pass_v1,album|yo yo ma|bach cello suites@@1@@19@@@@unaccompanied cello suite no 4 in e flat major bwv 1010 i prelude,album_sidecar_track,track,Yo-Yo Ma,"Unaccompanied Cello Suite No. 4 in E-flat Major, BWV 1010 : I. Prélude",1983,us,album_bound_track_no_safe_match,33,45,17,381515547,,false
album_sidecar_track:album|yo yo ma|bach cello suites@@1@@2@@@@unaccompanied cello suite no 1 in g major bwv 1007 ii allemande:album_bound_track_no_safe_match:381515547,apple_music_sidecar_track_album_bound_pass_v1,album|yo yo ma|bach cello suites@@1@@2@@@@unaccompanied cello suite no 1 in g major bwv 1007 ii allemande,album_sidecar_track,track,Yo-Yo Ma,"Unaccompanied Cello Suite No. 1 in G Major, BWV 1007 : II. Allemande",1983,us,album_bound_track_no_safe_match,33,76,21,381515547,,false
album_sidecar_track:album|yo yo ma|bach cello suites@@1@@20@@@@unaccompanied cello suite no 4 in e flat major bwv 1010 ii allemande:album_bound_track_no_safe_match:381515547,apple_music_sidecar_track_album_bound_pass_v1,album|yo yo ma|bach cello suites@@1@@20@@@@unaccompanied cello suite no 4 in e flat major bwv 1010 ii allemande,album_sidecar_track,track,Yo-Yo Ma,"Unaccompanied Cello Suite No. 4 in E-flat Major, BWV 1010 : II. Allemande",1983,us,album_bound_track_no_safe_match,33,31,17,381515547,,false
album_sidecar_track:album|yo yo ma|bach cello suites@@1@@21@@@@unaccompanied cello suite no 4 in e flat major bwv 1010 iii courante:album_bound_track_no_safe_match:381515547,apple_music_sidecar_track_album_bound_pass_v1,album|yo yo ma|bach cello suites@@1@@21@@@@unaccompanied cello suite no 4 in e flat major bwv 1010 iii courante,album_sidecar_track,track,Yo-Yo Ma,"Unaccompanied Cello Suite No. 4 in E-flat Major, BWV 1010 : III. Courante",1983,us,album_bound_track_no_safe_match,33,41,25,381515547,,false
album_sidecar_track:album|yo yo ma|bach cello suites@@1@@22@@@@unaccompanied cello suite no 4 in e flat major bwv 1010 iv sarabande:album_bound_track_no_safe_match:381515547,apple_music_sidecar_track_album_bound_pass_v1,album|yo yo ma|bach cello suites@@1@@22@@@@unaccompanied cello suite no 4 in e flat major bwv 1010 iv sarabande,album_sidecar_track,track,Yo-Yo Ma,"Unaccompanied Cello Suite No. 4 in E-flat Major, BWV 1010 : IV. Sarabande",1983,us,album_bound_track_no_safe_match,33,36,21,381515547,,false
album_sidecar_track:album|yo yo ma|bach cello suites@@1@@23@@@@unaccompanied cello suite no 4 in e flat major bwv 1010 v bourrees i and ii:album_bound_track_no_safe_match:381515547,apple_music_sidecar_track_album_bound_pass_v1,album|yo yo ma|bach cello suites@@1@@23@@@@unaccompanied cello suite no 4 in e flat major bwv 1010 v bourrees i and ii,album_sidecar_track,track,Yo-Yo Ma,"Unaccompanied Cello Suite No. 4 in E-flat Major, BWV 1010 : V. Bourrées I & II",1983,us,album_bound_track_no_safe_match,33,41,17,381515547,,false
album_sidecar_track:album|yo yo ma|bach cello suites@@1@@24@@@@unaccompanied cello suite no 4 in e flat major bwv 1010 vi gigue:album_bound_track_no_safe_match:381515547,apple_music_sidecar_track_album_bound_pass_v1,album|yo yo ma|bach cello suites@@1@@24@@@@unaccompanied cello suite no 4 in e flat major bwv 1010 vi gigue,album_sidecar_track,track,Yo-Yo Ma,"Unaccompanied Cello Suite No. 4 in E-flat Major, BWV 1010 : VI. Gigue",1983,us,album_bound_track_no_safe_match,33,36,22,381515547,,false
album_sidecar_track:album|yo yo ma|bach cello suites@@1@@25@@@@unaccompanied cello suite no 5 in c minor bwv 1011 i prelude:album_bound_track_no_safe_match:381515547,apple_music_sidecar_track_album_bound_pass_v1,album|yo yo ma|bach cello suites@@1@@25@@@@unaccompanied cello suite no 5 in c minor bwv 1011 i prelude,album_sidecar_track,track,Yo-Yo Ma,"Unaccompanied Cello Suite No. 5 in C minor, BWV 1011 : I. Prélude",1983,us,album_bound_track_no_safe_match,33,36,12,381515547,,false
album_sidecar_track:album|yo yo ma|bach cello suites@@1@@26@@@@unaccompanied cello suite no 5 in c minor bwv 1011 ii allemande:album_bound_track_no_safe_match:381515547,apple_music_sidecar_track_album_bound_pass_v1,album|yo yo ma|bach cello suites@@1@@26@@@@unaccompanied cello suite no 5 in c minor bwv 1011 ii allemande,album_sidecar_track,track,Yo-Yo Ma,"Unaccompanied Cello Suite No. 5 in C minor, BWV 1011 : II. Allemande",1983,us,album_bound_track_no_safe_match,33,36,11,381515547,,false
album_sidecar_track:album|yo yo ma|bach cello suites@@1@@27@@@@unaccompanied cello suite no 5 in c minor bwv 1011 iii courante:album_bound_track_no_safe_match:381515547,apple_music_sidecar_track_album_bound_pass_v1,album|yo yo ma|bach cello suites@@1@@27@@@@unaccompanied cello suite no 5 in c minor bwv 1011 iii courante,album_sidecar_track,track,Yo-Yo Ma,"Unaccompanied Cello Suite No. 5 in C minor, BWV 1011 : III. Courante",1983,us,album_bound_track_no_safe_match,33,41,17,381515547,,false
album_sidecar_track:album|yo yo ma|bach cello suites@@1@@28@@@@unaccompanied cello suite no 5 in c minor bwv 1011 iv sarabande:album_bound_track_no_safe_match:381515547,apple_music_sidecar_track_album_bound_pass_v1,album|yo yo ma|bach cello suites@@1@@28@@@@unaccompanied cello suite no 5 in c minor bwv 1011 iv sarabande,album_sidecar_track,track,Yo-Yo Ma,"Unaccompanied Cello Suite No. 5 in C minor, BWV 1011 : IV. Sarabande",1983,us,album_bound_track_no_safe_match,33,41,22,381515547,,false
album_sidecar_track:album|yo yo ma|bach cello suites@@1@@29@@@@unaccompanied cello suite no 5 in c minor bwv 1011 v gavottes i and ii:album_bound_track_no_safe_match:381515547,apple_music_sidecar_track_album_bound_pass_v1,album|yo yo ma|bach cello suites@@1@@29@@@@unaccompanied cello suite no 5 in c minor bwv 1011 v gavottes i and ii,album_sidecar_track,track,Yo-Yo Ma,"Unaccompanied Cello Suite No. 5 in C minor, BWV 1011 : V. Gavottes I & II",1983,us,album_bound_track_no_safe_match,33,41,21,381515547,,false
album_sidecar_track:album|yo yo ma|bach cello suites@@1@@30@@@@unaccompanied cello suite no 5 in c minor bwv 1011 vi gigue:album_bound_track_no_safe_match:381515547,apple_music_sidecar_track_album_bound_pass_v1,album|yo yo ma|bach cello suites@@1@@30@@@@unaccompanied cello suite no 5 in c minor bwv 1011 vi gigue,album_sidecar_track,track,Yo-Yo Ma,"Unaccompanied Cello Suite No. 5 in C minor, BWV 1011 : VI. Gigue",1983,us,album_bound_track_no_safe_match,33,41,19,381515547,,false
album_sidecar_track:album|yo yo ma|bach cello suites@@1@@31@@@@unaccompanied cello suite no 6 in d major bwv 1012 i prelude:album_bound_track_no_safe_match:381515547,apple_music_sidecar_track_album_bound_pass_v1,album|yo yo ma|bach cello suites@@1@@31@@@@unaccompanied cello suite no 6 in d major bwv 1012 i prelude,album_sidecar_track,track,Yo-Yo Ma,"Unaccompanied Cello Suite No. 6 in D Major, BWV 1012 : I. Prélude",1983,us,album_bound_track_no_safe_match,33,31,21,381515547,,false
album_sidecar_track:album|yo yo ma|bach cello suites@@1@@32@@@@unaccompanied cello suite no 6 in d major bwv 1012 ii allemande:album_bound_track_no_safe_match:381515547,apple_music_sidecar_track_album_bound_pass_v1,album|yo yo ma|bach cello suites@@1@@32@@@@unaccompanied cello suite no 6 in d major bwv 1012 ii allemande,album_sidecar_track,track,Yo-Yo Ma,"Unaccompanied Cello Suite No. 6 in D Major, BWV 1012 : II. Allemande",1983,us,album_bound_track_no_safe_match,33,36,12,381515547,,false
album_sidecar_track:album|yo yo ma|bach cello suites@@1@@33@@@@unaccompanied cello suite no 6 in d major bwv 1012 iii courante:album_bound_track_no_safe_match:381515547,apple_music_sidecar_track_album_bound_pass_v1,album|yo yo ma|bach cello suites@@1@@33@@@@unaccompanied cello suite no 6 in d major bwv 1012 iii courante,album_sidecar_track,track,Yo-Yo Ma,"Unaccompanied Cello Suite No. 6 in D Major, BWV 1012 : III. Courante",1983,us,album_bound_track_no_safe_match,33,41,25,381515547,,false
album_sidecar_track:album|yo yo ma|bach cello suites@@1@@34@@@@unaccompanied cello suite no 6 in d major bwv 1012 iv sarabande:album_bound_track_no_safe_match:381515547,apple_music_sidecar_track_album_bound_pass_v1,album|yo yo ma|bach cello suites@@1@@34@@@@unaccompanied cello suite no 6 in d major bwv 1012 iv sarabande,album_sidecar_track,track,Yo-Yo Ma,"Unaccompanied Cello Suite No. 6 in D Major, BWV 1012 : IV. Sarabande",1983,us,album_bound_track_no_safe_match,33,31,21,381515547,,false
album_sidecar_track:album|yo yo ma|bach cello suites@@1@@35@@@@unaccompanied cello suite no 6 in d major bwv 1012 v gavottes i and ii:album_bound_track_no_safe_match:381515547,apple_music_sidecar_track_album_bound_pass_v1,album|yo yo ma|bach cello suites@@1@@35@@@@unaccompanied cello suite no 6 in d major bwv 1012 v gavottes i and ii,album_sidecar_track,track,Yo-Yo Ma,"Unaccompanied Cello Suite No. 6 in D Major, BWV 1012 : V. Gavottes I & II",1983,us,album_bound_track_no_safe_match,33,41,21,381515547,,false
album_sidecar_track:album|yo yo ma|bach cello suites@@1@@36@@@@unaccompanied cello suite no 6 in d major bwv 1012 vi gigue:album_bound_track_no_safe_match:381515547,apple_music_sidecar_track_album_bound_pass_v1,album|yo yo ma|bach cello suites@@1@@36@@@@unaccompanied cello suite no 6 in d major bwv 1012 vi gigue,album_sidecar_track,track,Yo-Yo Ma,"Unaccompanied Cello Suite No. 6 in D Major, BWV 1012 : VI. Gigue",1983,us,album_bound_track_no_safe_match,33,41,25,381515547,,false
album_sidecar_track:album|yo yo ma|bach cello suites@@1@@4@@@@unaccompanied cello suite no 1 in g major bwv 1007 iv sarabande:album_bound_track_no_safe_match:381515547,apple_music_sidecar_track_album_bound_pass_v1,album|yo yo ma|bach cello suites@@1@@4@@@@unaccompanied cello suite no 1 in g major bwv 1007 iv sarabande,album_sidecar_track,track,Yo-Yo Ma,"Unaccompanied Cello Suite No. 1 in G Major, BWV 1007 : IV. Sarabande",1983,us,album_bound_track_no_safe_match,33,74,21,381515547,,false
album_sidecar_track:album|yo yo ma|bach cello suites@@1@@5@@@@unaccompanied cello suite no 1 in g major bwv 1007 v menuets i and ii:album_bound_track_no_safe_match:381515547,apple_music_sidecar_track_album_bound_pass_v1,album|yo yo ma|bach cello suites@@1@@5@@@@unaccompanied cello suite no 1 in g major bwv 1007 v menuets i and ii,album_sidecar_track,track,Yo-Yo Ma,"Unaccompanied Cello Suite No. 1 in G Major, BWV 1007 : V. Menuets I & II",1983,us,album_bound_track_no_safe_match,33,73,21,381515547,,false
album_sidecar_track:album|yo yo ma|bach cello suites@@1@@7@@@@unaccompanied cello suite no 2 in d minor bwv 1008 i prelude:album_bound_track_no_safe_match:381515547,apple_music_sidecar_track_album_bound_pass_v1,album|yo yo ma|bach cello suites@@1@@7@@@@unaccompanied cello suite no 2 in d minor bwv 1008 i prelude,album_sidecar_track,track,Yo-Yo Ma,"Unaccompanied Cello Suite No. 2 in D minor, BWV 1008 : I. Prélude",1983,us,album_bound_track_no_safe_match,33,43,41,381515547,,false
album_sidecar_track:album|yo yo ma|bach cello suites@@1@@8@@@@unaccompanied cello suite no 2 in d minor bwv 1008 ii allemande:album_bound_track_no_safe_match:381515547,apple_music_sidecar_track_album_bound_pass_v1,album|yo yo ma|bach cello suites@@1@@8@@@@unaccompanied cello suite no 2 in d minor bwv 1008 ii allemande,album_sidecar_track,track,Yo-Yo Ma,"Unaccompanied Cello Suite No. 2 in D minor, BWV 1008 : II. Allemande",1983,us,album_bound_track_no_safe_match,33,48,36,381515547,,false
album_sidecar_track:album|yo yo ma|bach cello suites@@1@@9@@@@unaccompanied cello suite no 2 in d minor bwv 1008 iii courante:album_bound_track_no_safe_match:381515547,apple_music_sidecar_track_album_bound_pass_v1,album|yo yo ma|bach cello suites@@1@@9@@@@unaccompanied cello suite no 2 in d minor bwv 1008 iii courante,album_sidecar_track,track,Yo-Yo Ma,"Unaccompanied Cello Suite No. 2 in D minor, BWV 1008 : III. Courante",1983,us,album_bound_track_no_safe_match,33,45,43,381515547,,false
album_sidecar_track:album|yoasobi|book@@1@@2@@@@:album_bound_track_no_safe_match:1542182291,apple_music_sidecar_track_album_bound_pass_v1,album|yoasobi|book@@1@@2@@@@,album_sidecar_track,track,YOASOBI,アンコール,2021,us,album_bound_track_no_safe_match,7,61,18,1542182291,,false
album_sidecar_track:album|yoasobi|book@@1@@3@@@@:album_bound_track_no_safe_match:1542182291,apple_music_sidecar_track_album_bound_pass_v1,album|yoasobi|book@@1@@3@@@@,album_sidecar_track,track,YOASOBI,ハルジオン,2021,us,album_bound_track_no_safe_match,7,60,11,1542182291,,false
album_sidecar_track:album|yoasobi|book@@1@@4@@@@:album_bound_track_no_safe_match:1542182291,apple_music_sidecar_track_album_bound_pass_v1,album|yoasobi|book@@1@@4@@@@,album_sidecar_track,track,YOASOBI,あの夢をなぞって,2021,us,album_bound_track_no_safe_match,7,59,21,1542182291,,false
album_sidecar_track:album|yoasobi|book@@1@@5@@@@:album_bound_track_no_safe_match:1542182291,apple_music_sidecar_track_album_bound_pass_v1,album|yoasobi|book@@1@@5@@@@,album_sidecar_track,track,YOASOBI,たぶん,2021,us,album_bound_track_no_safe_match,7,58,21,1542182291,,false
album_sidecar_track:album|yoasobi|book@@1@@6@@@@:album_bound_track_no_safe_match:1542182291,apple_music_sidecar_track_album_bound_pass_v1,album|yoasobi|book@@1@@6@@@@,album_sidecar_track,track,YOASOBI,群青,2021,us,album_bound_track_no_safe_match,7,57,21,1542182291,,false
album_sidecar_track:album|yoasobi|book@@1@@7@@@@:album_bound_track_no_safe_match:1542182291,apple_music_sidecar_track_album_bound_pass_v1,album|yoasobi|book@@1@@7@@@@,album_sidecar_track,track,YOASOBI,ハルカ,2021,us,album_bound_track_no_safe_match,7,57,23,1542182291,,false
album_sidecar_track:album|yoasobi|book@@1@@8@@@@:album_bound_track_no_safe_match:1542182291,apple_music_sidecar_track_album_bound_pass_v1,album|yoasobi|book@@1@@8@@@@,album_sidecar_track,track,YOASOBI,夜に駆ける,2021,us,album_bound_track_no_safe_match,7,57,22,1542182291,,false
album_sidecar_track:album|yolanda adams|mountain high valley low@@1@@10@@@@continual paradise:album_bound_track_no_safe_match:262065697,apple_music_sidecar_track_album_bound_pass_v1,album|yolanda adams|mountain high valley low@@1@@10@@@@continual paradise,album_sidecar_track,track,Yolanda Adams,Continual Paradise,1999,us,album_bound_track_no_safe_match,1,57,,262065697,,false
album_sidecar_track:album|young thug|so much fun@@1@@15@@@@pussy:album_bound_track_no_safe_match:1476636939,apple_music_sidecar_track_album_bound_pass_v1,album|young thug|so much fun@@1@@15@@@@pussy,album_sidecar_track,track,Young Thug,Pussy,2019,us,album_bound_track_no_safe_match,1,57,,1476636939,,false
album_sidecar_track:album|zac brown band|foundation@@1@@13@@@@martin live in atlanta:album_bound_track_no_safe_match:1585172564,apple_music_sidecar_track_album_bound_pass_v1,album|zac brown band|foundation@@1@@13@@@@martin live in atlanta,album_sidecar_track,track,Zac Brown Band,Martin (Live In Atlanta),2008,us,album_bound_track_no_safe_match,0,0,,1585172564,,false
album_sidecar_track:album|zac brown band|foundation@@1@@14@@@@let it go live in atlanta:album_bound_track_no_safe_match:1585172564,apple_music_sidecar_track_album_bound_pass_v1,album|zac brown band|foundation@@1@@14@@@@let it go live in atlanta,album_sidecar_track,track,Zac Brown Band,Let It Go (Live In Atlanta),2008,us,album_bound_track_no_safe_match,0,0,,1585172564,,false
album_sidecar_track:album|zac brown band|foundation@@1@@15@@@@chicken fried full version:album_bound_track_no_safe_match:1585172564,apple_music_sidecar_track_album_bound_pass_v1,album|zac brown band|foundation@@1@@15@@@@chicken fried full version,album_sidecar_track,track,Zac Brown Band,Chicken Fried (Full Version),2008,us,album_bound_track_no_safe_match,0,0,,1585172564,,false
album_sidecar_track:album|zero 7|simple things@@1@@13@@@@salt water sound:album_bound_track_no_safe_match:1814436320,apple_music_sidecar_track_album_bound_pass_v1,album|zero 7|simple things@@1@@13@@@@salt water sound,album_sidecar_track,track,Zero 7,Salt Water Sound,2001,us,album_bound_track_no_safe_match,0,0,,1814436320,,false
album_sidecar_track:album|zero 7|simple things@@1@@14@@@@spinning:album_bound_track_no_safe_match:1814436320,apple_music_sidecar_track_album_bound_pass_v1,album|zero 7|simple things@@1@@14@@@@spinning,album_sidecar_track,track,Zero 7,Spinning,2001,us,album_bound_track_no_safe_match,0,0,,1814436320,,false
album_sidecar_track:album|zombies|odessey and oracle@@1@@10@@@@butchers tale western front 1914:album_bound_track_no_safe_match:1810776077,apple_music_sidecar_track_album_bound_pass_v1,album|zombies|odessey and oracle@@1@@10@@@@butchers tale western front 1914,album_sidecar_track,track,The Zombies,Butchers Tale (Western Front 1914),1968,us,album_bound_track_no_safe_match,1,53,,1810776077,,false
album_sidecar_track:album|zz top|tres hombres@@1@@9@@@@shiek:album_bound_track_no_safe_match:1728071278,apple_music_sidecar_track_album_bound_pass_v1,album|zz top|tres hombres@@1@@9@@@@shiek,album_sidecar_track,track,ZZ Top,Shiek,1973,us,album_bound_track_no_safe_match,1,57,,1728071278,,false
